[transformers] Model config: bos_token_id must be `None` or an integer within the vocabulary (between 0 and 31999), got 49406. This may result in unexpected behavior.
[transformers] Model config: eos_token_id must be `None` or an integer within the vocabulary (between 0 and 31999), got 49407. This may result in unexpected behavior.
Loading weights:   0%|          | 0/408 [00:00<?, ?it/s]Loading weights: 100%|██████████| 408/408 [00:00<00:00, 12048.52it/s]
00:07.332  render           | Saved: '/tmp/clearvla_eval_opaque_27424.png'
00:07.692  render           | Saved: '/tmp/clearvla_eval_opaque_27424.png'
/Users/yogyamehrotra/miniconda3/envs/clearvla/lib/python3.11/site-packages/transformers/image_processing_backends.py:135: UserWarning: The given NumPy array is not writable, and PyTorch does not support non-writable tensors. This means writing to this tensor will result in undefined behavior. You may want to copy the array to protect its data or make it writable before converting it to a tensor. This type of warning will be suppressed for the rest of this program. (Triggered internally at /Users/runner/work/pytorch/pytorch/torch/csrc/utils/tensor_numpy.cpp:219.)
  image = torch.from_numpy(image).contiguous()
00:08.252  render           | Saved: '/tmp/clearvla_eval_opaque_27424.png'
00:08.579  render           | Saved: '/tmp/clearvla_eval_opaque_27424.png'
00:08.970  render           | Saved: '/tmp/clearvla_eval_opaque_27424.png'
00:09.295  render           | Saved: '/tmp/clearvla_eval_opaque_27424.png'
00:09.687  render           | Saved: '/tmp/clearvla_eval_opaque_27424.png'
00:10.018  render           | Saved: '/tmp/clearvla_eval_opaque_27424.png'
00:10.460  render           | Saved: '/tmp/clearvla_eval_opaque_27424.png'
00:10.826  render           | Saved: '/tmp/clearvla_eval_opaque_27424.png'
00:11.266  render           | Saved: '/tmp/clearvla_eval_opaque_27424.png'
00:11.633  render           | Saved: '/tmp/clearvla_eval_opaque_27424.png'
00:12.068  render           | Saved: '/tmp/clearvla_eval_opaque_27424.png'
00:12.437  render           | Saved: '/tmp/clearvla_eval_opaque_27424.png'
00:12.873  render           | Saved: '/tmp/clearvla_eval_opaque_27424.png'
00:13.239  render           | Saved: '/tmp/clearvla_eval_opaque_27424.png'
00:13.648  render           | Saved: '/tmp/clearvla_eval_opaque_27424.png'
00:13.976  render           | Saved: '/tmp/clearvla_eval_opaque_27424.png'
00:14.432  render           | Saved: '/tmp/clearvla_eval_opaque_27424.png'
00:14.761  render           | Saved: '/tmp/clearvla_eval_opaque_27424.png'
00:15.215  render           | Saved: '/tmp/clearvla_eval_opaque_27424.png'
00:15.547  render           | Saved: '/tmp/clearvla_eval_opaque_27424.png'
00:15.986  render           | Saved: '/tmp/clearvla_eval_opaque_27424.png'
00:16.326  render           | Saved: '/tmp/clearvla_eval_opaque_27424.png'
00:16.755  render           | Saved: '/tmp/clearvla_eval_opaque_27424.png'
00:17.093  render           | Saved: '/tmp/clearvla_eval_opaque_27424.png'
00:17.520  render           | Saved: '/tmp/clearvla_eval_opaque_27424.png'
00:17.863  render           | Saved: '/tmp/clearvla_eval_opaque_27424.png'
00:18.290  render           | Saved: '/tmp/clearvla_eval_opaque_27424.png'
00:18.637  render           | Saved: '/tmp/clearvla_eval_opaque_27424.png'
00:19.066  render           | Saved: '/tmp/clearvla_eval_opaque_27424.png'
00:19.399  render           | Saved: '/tmp/clearvla_eval_opaque_27424.png'
00:20.262  render           | Saved: '/tmp/clearvla_eval_opaque_27424.png'
00:20.591  render           | Saved: '/tmp/clearvla_eval_opaque_27424.png'
00:21.006  render           | Saved: '/tmp/clearvla_eval_opaque_27424.png'
00:21.343  render           | Saved: '/tmp/clearvla_eval_opaque_27424.png'
00:21.777  render           | Saved: '/tmp/clearvla_eval_opaque_27424.png'
00:22.118  render           | Saved: '/tmp/clearvla_eval_opaque_27424.png'
00:22.525  render           | Saved: '/tmp/clearvla_eval_opaque_27424.png'
00:22.866  render           | Saved: '/tmp/clearvla_eval_opaque_27424.png'
00:23.276  render           | Saved: '/tmp/clearvla_eval_opaque_27424.png'
00:23.614  render           | Saved: '/tmp/clearvla_eval_opaque_27424.png'
00:24.021  render           | Saved: '/tmp/clearvla_eval_opaque_27424.png'
00:24.363  render           | Saved: '/tmp/clearvla_eval_opaque_27424.png'
00:24.759  render           | Saved: '/tmp/clearvla_eval_opaque_27424.png'
00:25.090  render           | Saved: '/tmp/clearvla_eval_opaque_27424.png'
00:25.481  render           | Saved: '/tmp/clearvla_eval_opaque_27424.png'
00:25.814  render           | Saved: '/tmp/clearvla_eval_opaque_27424.png'
00:26.209  render           | Saved: '/tmp/clearvla_eval_opaque_27424.png'
00:26.537  render           | Saved: '/tmp/clearvla_eval_opaque_27424.png'
00:26.937  render           | Saved: '/tmp/clearvla_eval_opaque_27424.png'
00:27.271  render           | Saved: '/tmp/clearvla_eval_opaque_27424.png'
00:27.679  render           | Saved: '/tmp/clearvla_eval_opaque_27424.png'
00:28.011  render           | Saved: '/tmp/clearvla_eval_opaque_27424.png'
00:28.408  render           | Saved: '/tmp/clearvla_eval_opaque_27424.png'
00:28.733  render           | Saved: '/tmp/clearvla_eval_opaque_27424.png'
00:29.122  render           | Saved: '/tmp/clearvla_eval_opaque_27424.png'
00:29.456  render           | Saved: '/tmp/clearvla_eval_opaque_27424.png'
00:30.302  render           | Saved: '/tmp/clearvla_eval_opaque_27424.png'
00:30.642  render           | Saved: '/tmp/clearvla_eval_opaque_27424.png'
00:31.066  render           | Saved: '/tmp/clearvla_eval_opaque_27424.png'
00:31.397  render           | Saved: '/tmp/clearvla_eval_opaque_27424.png'
00:31.806  render           | Saved: '/tmp/clearvla_eval_opaque_27424.png'
00:32.137  render           | Saved: '/tmp/clearvla_eval_opaque_27424.png'
00:32.549  render           | Saved: '/tmp/clearvla_eval_opaque_27424.png'
00:32.881  render           | Saved: '/tmp/clearvla_eval_opaque_27424.png'
00:33.291  render           | Saved: '/tmp/clearvla_eval_opaque_27424.png'
00:33.626  render           | Saved: '/tmp/clearvla_eval_opaque_27424.png'
00:34.030  render           | Saved: '/tmp/clearvla_eval_opaque_27424.png'
00:34.372  render           | Saved: '/tmp/clearvla_eval_opaque_27424.png'
00:34.787  render           | Saved: '/tmp/clearvla_eval_opaque_27424.png'
00:35.117  render           | Saved: '/tmp/clearvla_eval_opaque_27424.png'
00:35.530  render           | Saved: '/tmp/clearvla_eval_opaque_27424.png'
00:35.863  render           | Saved: '/tmp/clearvla_eval_opaque_27424.png'
00:36.272  render           | Saved: '/tmp/clearvla_eval_opaque_27424.png'
00:36.606  render           | Saved: '/tmp/clearvla_eval_opaque_27424.png'
00:37.031  render           | Saved: '/tmp/clearvla_eval_opaque_27424.png'
00:37.366  render           | Saved: '/tmp/clearvla_eval_opaque_27424.png'
00:37.775  render           | Saved: '/tmp/clearvla_eval_opaque_27424.png'
00:38.122  render           | Saved: '/tmp/clearvla_eval_opaque_27424.png'
00:38.521  render           | Saved: '/tmp/clearvla_eval_opaque_27424.png'
00:38.852  render           | Saved: '/tmp/clearvla_eval_opaque_27424.png'
00:39.264  render           | Saved: '/tmp/clearvla_eval_opaque_27424.png'
00:39.588  render           | Saved: '/tmp/clearvla_eval_opaque_27424.png'
00:39.993  render           | Saved: '/tmp/clearvla_eval_opaque_27424.png'
00:40.320  render           | Saved: '/tmp/clearvla_eval_opaque_27424.png'
00:41.155  render           | Saved: '/tmp/clearvla_eval_opaque_27424.png'
00:41.484  render           | Saved: '/tmp/clearvla_eval_opaque_27424.png'
00:41.882  render           | Saved: '/tmp/clearvla_eval_opaque_27424.png'
00:42.218  render           | Saved: '/tmp/clearvla_eval_opaque_27424.png'
00:42.623  render           | Saved: '/tmp/clearvla_eval_opaque_27424.png'
00:42.951  render           | Saved: '/tmp/clearvla_eval_opaque_27424.png'
00:43.357  render           | Saved: '/tmp/clearvla_eval_opaque_27424.png'
00:43.685  render           | Saved: '/tmp/clearvla_eval_opaque_27424.png'
00:44.091  render           | Saved: '/tmp/clearvla_eval_opaque_27424.png'
00:44.421  render           | Saved: '/tmp/clearvla_eval_opaque_27424.png'
00:44.822  render           | Saved: '/tmp/clearvla_eval_opaque_27424.png'
00:45.146  render           | Saved: '/tmp/clearvla_eval_opaque_27424.png'
00:45.553  render           | Saved: '/tmp/clearvla_eval_opaque_27424.png'
00:45.873  render           | Saved: '/tmp/clearvla_eval_opaque_27424.png'
00:46.277  render           | Saved: '/tmp/clearvla_eval_opaque_27424.png'
00:46.602  render           | Saved: '/tmp/clearvla_eval_opaque_27424.png'
00:47.006  render           | Saved: '/tmp/clearvla_eval_opaque_27424.png'
00:47.333  render           | Saved: '/tmp/clearvla_eval_opaque_27424.png'
00:47.744  render           | Saved: '/tmp/clearvla_eval_opaque_27424.png'
00:48.079  render           | Saved: '/tmp/clearvla_eval_opaque_27424.png'
00:48.491  render           | Saved: '/tmp/clearvla_eval_opaque_27424.png'
00:48.814  render           | Saved: '/tmp/clearvla_eval_opaque_27424.png'
00:49.223  render           | Saved: '/tmp/clearvla_eval_opaque_27424.png'
00:49.544  render           | Saved: '/tmp/clearvla_eval_opaque_27424.png'
00:49.953  render           | Saved: '/tmp/clearvla_eval_opaque_27424.png'
00:50.291  render           | Saved: '/tmp/clearvla_eval_opaque_27424.png'
00:50.699  render           | Saved: '/tmp/clearvla_eval_opaque_27424.png'
00:51.029  render           | Saved: '/tmp/clearvla_eval_opaque_27424.png'
00:51.446  render           | Saved: '/tmp/clearvla_eval_opaque_27424.png'
00:51.776  render           | Saved: '/tmp/clearvla_eval_opaque_27424.png'
00:52.594  render           | Saved: '/tmp/clearvla_eval_opaque_27424.png'
00:52.935  render           | Saved: '/tmp/clearvla_eval_opaque_27424.png'
00:53.335  render           | Saved: '/tmp/clearvla_eval_opaque_27424.png'
00:53.666  render           | Saved: '/tmp/clearvla_eval_opaque_27424.png'
00:54.077  render           | Saved: '/tmp/clearvla_eval_opaque_27424.png'
00:54.401  render           | Saved: '/tmp/clearvla_eval_opaque_27424.png'
00:54.813  render           | Saved: '/tmp/clearvla_eval_opaque_27424.png'
00:55.145  render           | Saved: '/tmp/clearvla_eval_opaque_27424.png'
00:55.529  render           | Saved: '/tmp/clearvla_eval_opaque_27424.png'
00:55.872  render           | Saved: '/tmp/clearvla_eval_opaque_27424.png'
00:56.271  render           | Saved: '/tmp/clearvla_eval_opaque_27424.png'
00:56.596  render           | Saved: '/tmp/clearvla_eval_opaque_27424.png'
00:57.004  render           | Saved: '/tmp/clearvla_eval_opaque_27424.png'
00:57.327  render           | Saved: '/tmp/clearvla_eval_opaque_27424.png'
00:57.718  render           | Saved: '/tmp/clearvla_eval_opaque_27424.png'
00:58.059  render           | Saved: '/tmp/clearvla_eval_opaque_27424.png'
00:58.493  render           | Saved: '/tmp/clearvla_eval_opaque_27424.png'
00:58.850  render           | Saved: '/tmp/clearvla_eval_opaque_27424.png'
00:59.284  render           | Saved: '/tmp/clearvla_eval_opaque_27424.png'
00:59.645  render           | Saved: '/tmp/clearvla_eval_opaque_27424.png'
01:00.077  render           | Saved: '/tmp/clearvla_eval_opaque_27424.png'
01:00.440  render           | Saved: '/tmp/clearvla_eval_opaque_27424.png'
01:00.873  render           | Saved: '/tmp/clearvla_eval_opaque_27424.png'
01:01.241  render           | Saved: '/tmp/clearvla_eval_opaque_27424.png'
01:01.674  render           | Saved: '/tmp/clearvla_eval_opaque_27424.png'
01:02.019  render           | Saved: '/tmp/clearvla_eval_opaque_27424.png'
01:02.428  render           | Saved: '/tmp/clearvla_eval_opaque_27424.png'
01:02.775  render           | Saved: '/tmp/clearvla_eval_opaque_27424.png'
01:03.171  render           | Saved: '/tmp/clearvla_eval_opaque_27424.png'
01:03.522  render           | Saved: '/tmp/clearvla_eval_opaque_27424.png'
01:03.933  render           | Saved: '/tmp/clearvla_eval_opaque_27424.png'
01:04.278  render           | Saved: '/tmp/clearvla_eval_opaque_27424.png'
01:05.110  render           | Saved: '/tmp/clearvla_eval_opaque_27424.png'
01:05.447  render           | Saved: '/tmp/clearvla_eval_opaque_27424.png'
01:05.858  render           | Saved: '/tmp/clearvla_eval_opaque_27424.png'
01:06.201  render           | Saved: '/tmp/clearvla_eval_opaque_27424.png'
01:06.612  render           | Saved: '/tmp/clearvla_eval_opaque_27424.png'
01:06.955  render           | Saved: '/tmp/clearvla_eval_opaque_27424.png'
01:07.367  render           | Saved: '/tmp/clearvla_eval_opaque_27424.png'
01:07.727  render           | Saved: '/tmp/clearvla_eval_opaque_27424.png'
01:08.158  render           | Saved: '/tmp/clearvla_eval_opaque_27424.png'
01:08.525  render           | Saved: '/tmp/clearvla_eval_opaque_27424.png'
01:08.968  render           | Saved: '/tmp/clearvla_eval_opaque_27424.png'
01:09.331  render           | Saved: '/tmp/clearvla_eval_opaque_27424.png'
01:09.756  render           | Saved: '/tmp/clearvla_eval_opaque_27424.png'
01:10.105  render           | Saved: '/tmp/clearvla_eval_opaque_27424.png'
01:10.523  render           | Saved: '/tmp/clearvla_eval_opaque_27424.png'
01:10.864  render           | Saved: '/tmp/clearvla_eval_opaque_27424.png'
01:11.278  render           | Saved: '/tmp/clearvla_eval_opaque_27424.png'
01:11.620  render           | Saved: '/tmp/clearvla_eval_opaque_27424.png'
01:12.031  render           | Saved: '/tmp/clearvla_eval_opaque_27424.png'
01:12.374  render           | Saved: '/tmp/clearvla_eval_opaque_27424.png'
01:12.790  render           | Saved: '/tmp/clearvla_eval_opaque_27424.png'
01:13.137  render           | Saved: '/tmp/clearvla_eval_opaque_27424.png'
01:13.555  render           | Saved: '/tmp/clearvla_eval_opaque_27424.png'
01:13.898  render           | Saved: '/tmp/clearvla_eval_opaque_27424.png'
01:14.307  render           | Saved: '/tmp/clearvla_eval_opaque_27424.png'
01:14.659  render           | Saved: '/tmp/clearvla_eval_opaque_27424.png'
01:15.062  render           | Saved: '/tmp/clearvla_eval_opaque_27424.png'
01:15.401  render           | Saved: '/tmp/clearvla_eval_opaque_27424.png'
01:15.793  render           | Saved: '/tmp/clearvla_eval_opaque_27424.png'
01:16.119  render           | Saved: '/tmp/clearvla_eval_opaque_27424.png'
01:16.511  render           | Saved: '/tmp/clearvla_eval_opaque_27424.png'
01:16.839  render           | Saved: '/tmp/clearvla_eval_opaque_27424.png'
01:17.232  render           | Saved: '/tmp/clearvla_eval_opaque_27424.png'
01:17.560  render           | Saved: '/tmp/clearvla_eval_opaque_27424.png'
01:17.952  render           | Saved: '/tmp/clearvla_eval_opaque_27424.png'
01:18.286  render           | Saved: '/tmp/clearvla_eval_opaque_27424.png'
01:18.671  render           | Saved: '/tmp/clearvla_eval_opaque_27424.png'
01:19.003  render           | Saved: '/tmp/clearvla_eval_opaque_27424.png'
01:19.398  render           | Saved: '/tmp/clearvla_eval_opaque_27424.png'
01:19.727  render           | Saved: '/tmp/clearvla_eval_opaque_27424.png'
01:20.122  render           | Saved: '/tmp/clearvla_eval_opaque_27424.png'
01:20.452  render           | Saved: '/tmp/clearvla_eval_opaque_27424.png'
01:20.849  render           | Saved: '/tmp/clearvla_eval_opaque_27424.png'
01:21.181  render           | Saved: '/tmp/clearvla_eval_opaque_27424.png'
01:21.574  render           | Saved: '/tmp/clearvla_eval_opaque_27424.png'
01:21.906  render           | Saved: '/tmp/clearvla_eval_opaque_27424.png'
01:22.301  render           | Saved: '/tmp/clearvla_eval_opaque_27424.png'
01:22.634  render           | Saved: '/tmp/clearvla_eval_opaque_27424.png'
01:23.025  render           | Saved: '/tmp/clearvla_eval_opaque_27424.png'
01:23.353  render           | Saved: '/tmp/clearvla_eval_opaque_27424.png'
01:23.751  render           | Saved: '/tmp/clearvla_eval_opaque_27424.png'
01:24.096  render           | Saved: '/tmp/clearvla_eval_opaque_27424.png'
01:24.493  render           | Saved: '/tmp/clearvla_eval_opaque_27424.png'
01:24.828  render           | Saved: '/tmp/clearvla_eval_opaque_27424.png'
01:25.226  render           | Saved: '/tmp/clearvla_eval_opaque_27424.png'
01:25.559  render           | Saved: '/tmp/clearvla_eval_opaque_27424.png'
01:25.953  render           | Saved: '/tmp/clearvla_eval_opaque_27424.png'
01:26.286  render           | Saved: '/tmp/clearvla_eval_opaque_27424.png'
01:26.688  render           | Saved: '/tmp/clearvla_eval_opaque_27424.png'
01:27.028  render           | Saved: '/tmp/clearvla_eval_opaque_27424.png'
01:27.425  render           | Saved: '/tmp/clearvla_eval_opaque_27424.png'
01:27.753  render           | Saved: '/tmp/clearvla_eval_opaque_27424.png'
01:28.145  render           | Saved: '/tmp/clearvla_eval_opaque_27424.png'
01:28.473  render           | Saved: '/tmp/clearvla_eval_opaque_27424.png'
01:28.868  render           | Saved: '/tmp/clearvla_eval_opaque_27424.png'
01:29.202  render           | Saved: '/tmp/clearvla_eval_opaque_27424.png'
01:29.597  render           | Saved: '/tmp/clearvla_eval_opaque_27424.png'
01:29.925  render           | Saved: '/tmp/clearvla_eval_opaque_27424.png'
01:30.323  render           | Saved: '/tmp/clearvla_eval_opaque_27424.png'
01:30.655  render           | Saved: '/tmp/clearvla_eval_opaque_27424.png'
01:31.050  render           | Saved: '/tmp/clearvla_eval_opaque_27424.png'
01:31.380  render           | Saved: '/tmp/clearvla_eval_opaque_27424.png'
01:31.774  render           | Saved: '/tmp/clearvla_eval_opaque_27424.png'
01:32.108  render           | Saved: '/tmp/clearvla_eval_opaque_27424.png'
01:32.509  render           | Saved: '/tmp/clearvla_eval_opaque_27424.png'
01:32.843  render           | Saved: '/tmp/clearvla_eval_opaque_27424.png'
01:33.655  render           | Saved: '/tmp/clearvla_eval_opaque_27424.png'
01:33.982  render           | Saved: '/tmp/clearvla_eval_opaque_27424.png'
01:34.395  render           | Saved: '/tmp/clearvla_eval_opaque_27424.png'
01:34.736  render           | Saved: '/tmp/clearvla_eval_opaque_27424.png'
01:35.137  render           | Saved: '/tmp/clearvla_eval_opaque_27424.png'
01:35.473  render           | Saved: '/tmp/clearvla_eval_opaque_27424.png'
01:35.872  render           | Saved: '/tmp/clearvla_eval_opaque_27424.png'
01:36.204  render           | Saved: '/tmp/clearvla_eval_opaque_27424.png'
01:36.596  render           | Saved: '/tmp/clearvla_eval_opaque_27424.png'
01:36.931  render           | Saved: '/tmp/clearvla_eval_opaque_27424.png'
01:37.330  render           | Saved: '/tmp/clearvla_eval_opaque_27424.png'
01:37.673  render           | Saved: '/tmp/clearvla_eval_opaque_27424.png'
01:38.088  render           | Saved: '/tmp/clearvla_eval_opaque_27424.png'
01:38.430  render           | Saved: '/tmp/clearvla_eval_opaque_27424.png'
01:38.830  render           | Saved: '/tmp/clearvla_eval_opaque_27424.png'
01:39.166  render           | Saved: '/tmp/clearvla_eval_opaque_27424.png'
01:39.560  render           | Saved: '/tmp/clearvla_eval_opaque_27424.png'
01:39.891  render           | Saved: '/tmp/clearvla_eval_opaque_27424.png'
01:40.286  render           | Saved: '/tmp/clearvla_eval_opaque_27424.png'
01:40.619  render           | Saved: '/tmp/clearvla_eval_opaque_27424.png'
01:41.011  render           | Saved: '/tmp/clearvla_eval_opaque_27424.png'
01:41.341  render           | Saved: '/tmp/clearvla_eval_opaque_27424.png'
01:41.742  render           | Saved: '/tmp/clearvla_eval_opaque_27424.png'
01:42.074  render           | Saved: '/tmp/clearvla_eval_opaque_27424.png'
01:42.468  render           | Saved: '/tmp/clearvla_eval_opaque_27424.png'
01:42.806  render           | Saved: '/tmp/clearvla_eval_opaque_27424.png'
01:43.208  render           | Saved: '/tmp/clearvla_eval_opaque_27424.png'
01:43.544  render           | Saved: '/tmp/clearvla_eval_opaque_27424.png'
01:43.937  render           | Saved: '/tmp/clearvla_eval_opaque_27424.png'
01:44.264  render           | Saved: '/tmp/clearvla_eval_opaque_27424.png'
01:45.105  render           | Saved: '/tmp/clearvla_eval_opaque_27424.png'
01:45.431  render           | Saved: '/tmp/clearvla_eval_opaque_27424.png'
01:45.836  render           | Saved: '/tmp/clearvla_eval_opaque_27424.png'
01:46.167  render           | Saved: '/tmp/clearvla_eval_opaque_27424.png'
01:46.565  render           | Saved: '/tmp/clearvla_eval_opaque_27424.png'
01:46.890  render           | Saved: '/tmp/clearvla_eval_opaque_27424.png'
01:47.288  render           | Saved: '/tmp/clearvla_eval_opaque_27424.png'
01:47.619  render           | Saved: '/tmp/clearvla_eval_opaque_27424.png'
01:48.015  render           | Saved: '/tmp/clearvla_eval_opaque_27424.png'
01:48.350  render           | Saved: '/tmp/clearvla_eval_opaque_27424.png'
01:48.744  render           | Saved: '/tmp/clearvla_eval_opaque_27424.png'
01:49.078  render           | Saved: '/tmp/clearvla_eval_opaque_27424.png'
01:49.478  render           | Saved: '/tmp/clearvla_eval_opaque_27424.png'
01:49.813  render           | Saved: '/tmp/clearvla_eval_opaque_27424.png'
01:50.210  render           | Saved: '/tmp/clearvla_eval_opaque_27424.png'
01:50.539  render           | Saved: '/tmp/clearvla_eval_opaque_27424.png'
01:50.931  render           | Saved: '/tmp/clearvla_eval_opaque_27424.png'
01:51.263  render           | Saved: '/tmp/clearvla_eval_opaque_27424.png'
01:51.657  render           | Saved: '/tmp/clearvla_eval_opaque_27424.png'
01:51.986  render           | Saved: '/tmp/clearvla_eval_opaque_27424.png'
01:52.387  render           | Saved: '/tmp/clearvla_eval_opaque_27424.png'
01:52.724  render           | Saved: '/tmp/clearvla_eval_opaque_27424.png'
01:53.118  render           | Saved: '/tmp/clearvla_eval_opaque_27424.png'
01:53.450  render           | Saved: '/tmp/clearvla_eval_opaque_27424.png'
01:53.850  render           | Saved: '/tmp/clearvla_eval_opaque_27424.png'
01:54.189  render           | Saved: '/tmp/clearvla_eval_opaque_27424.png'
01:54.583  render           | Saved: '/tmp/clearvla_eval_opaque_27424.png'
01:54.914  render           | Saved: '/tmp/clearvla_eval_opaque_27424.png'
01:55.320  render           | Saved: '/tmp/clearvla_eval_opaque_27424.png'
01:55.649  render           | Saved: '/tmp/clearvla_eval_opaque_27424.png'
01:56.483  render           | Saved: '/tmp/clearvla_eval_opaque_27424.png'
01:56.818  render           | Saved: '/tmp/clearvla_eval_opaque_27424.png'
01:57.216  render           | Saved: '/tmp/clearvla_eval_opaque_27424.png'
01:57.546  render           | Saved: '/tmp/clearvla_eval_opaque_27424.png'
01:57.947  render           | Saved: '/tmp/clearvla_eval_opaque_27424.png'
01:58.287  render           | Saved: '/tmp/clearvla_eval_opaque_27424.png'
01:58.681  render           | Saved: '/tmp/clearvla_eval_opaque_27424.png'
01:59.010  render           | Saved: '/tmp/clearvla_eval_opaque_27424.png'
01:59.397  render           | Saved: '/tmp/clearvla_eval_opaque_27424.png'
01:59.725  render           | Saved: '/tmp/clearvla_eval_opaque_27424.png'
02:00.115  render           | Saved: '/tmp/clearvla_eval_opaque_27424.png'
02:00.447  render           | Saved: '/tmp/clearvla_eval_opaque_27424.png'
02:00.835  render           | Saved: '/tmp/clearvla_eval_opaque_27424.png'
02:01.168  render           | Saved: '/tmp/clearvla_eval_opaque_27424.png'
02:01.569  render           | Saved: '/tmp/clearvla_eval_opaque_27424.png'
02:01.899  render           | Saved: '/tmp/clearvla_eval_opaque_27424.png'
02:02.295  render           | Saved: '/tmp/clearvla_eval_opaque_27424.png'
02:02.633  render           | Saved: '/tmp/clearvla_eval_opaque_27424.png'
02:03.026  render           | Saved: '/tmp/clearvla_eval_opaque_27424.png'
02:03.360  render           | Saved: '/tmp/clearvla_eval_opaque_27424.png'
02:03.755  render           | Saved: '/tmp/clearvla_eval_opaque_27424.png'
02:04.093  render           | Saved: '/tmp/clearvla_eval_opaque_27424.png'
02:04.491  render           | Saved: '/tmp/clearvla_eval_opaque_27424.png'
02:04.824  render           | Saved: '/tmp/clearvla_eval_opaque_27424.png'
02:05.223  render           | Saved: '/tmp/clearvla_eval_opaque_27424.png'
02:05.557  render           | Saved: '/tmp/clearvla_eval_opaque_27424.png'
02:05.950  render           | Saved: '/tmp/clearvla_eval_opaque_27424.png'
02:06.283  render           | Saved: '/tmp/clearvla_eval_opaque_27424.png'
02:06.677  render           | Saved: '/tmp/clearvla_eval_opaque_27424.png'
02:07.008  render           | Saved: '/tmp/clearvla_eval_opaque_27424.png'
02:07.842  render           | Saved: '/tmp/clearvla_eval_opaque_27424.png'
02:08.170  render           | Saved: '/tmp/clearvla_eval_opaque_27424.png'
02:08.578  render           | Saved: '/tmp/clearvla_eval_opaque_27424.png'
02:08.910  render           | Saved: '/tmp/clearvla_eval_opaque_27424.png'
02:09.308  render           | Saved: '/tmp/clearvla_eval_opaque_27424.png'
02:09.634  render           | Saved: '/tmp/clearvla_eval_opaque_27424.png'
02:10.024  render           | Saved: '/tmp/clearvla_eval_opaque_27424.png'
02:10.351  render           | Saved: '/tmp/clearvla_eval_opaque_27424.png'
02:10.740  render           | Saved: '/tmp/clearvla_eval_opaque_27424.png'
02:11.070  render           | Saved: '/tmp/clearvla_eval_opaque_27424.png'
02:11.460  render           | Saved: '/tmp/clearvla_eval_opaque_27424.png'
02:11.789  render           | Saved: '/tmp/clearvla_eval_opaque_27424.png'
02:12.177  render           | Saved: '/tmp/clearvla_eval_opaque_27424.png'
02:12.508  render           | Saved: '/tmp/clearvla_eval_opaque_27424.png'
02:12.909  render           | Saved: '/tmp/clearvla_eval_opaque_27424.png'
02:13.245  render           | Saved: '/tmp/clearvla_eval_opaque_27424.png'
02:13.643  render           | Saved: '/tmp/clearvla_eval_opaque_27424.png'
02:13.994  render           | Saved: '/tmp/clearvla_eval_opaque_27424.png'
02:14.394  render           | Saved: '/tmp/clearvla_eval_opaque_27424.png'
02:14.724  render           | Saved: '/tmp/clearvla_eval_opaque_27424.png'
02:15.122  render           | Saved: '/tmp/clearvla_eval_opaque_27424.png'
02:15.449  render           | Saved: '/tmp/clearvla_eval_opaque_27424.png'
02:15.856  render           | Saved: '/tmp/clearvla_eval_opaque_27424.png'
02:16.188  render           | Saved: '/tmp/clearvla_eval_opaque_27424.png'
02:16.590  render           | Saved: '/tmp/clearvla_eval_opaque_27424.png'
02:16.922  render           | Saved: '/tmp/clearvla_eval_opaque_27424.png'
02:17.316  render           | Saved: '/tmp/clearvla_eval_opaque_27424.png'
02:17.652  render           | Saved: '/tmp/clearvla_eval_opaque_27424.png'
02:18.047  render           | Saved: '/tmp/clearvla_eval_opaque_27424.png'
02:18.382  render           | Saved: '/tmp/clearvla_eval_opaque_27424.png'
[quant4/opaque] grasp: 9/10  (2.2 min, 11.0 s/ep)
02:19.194  render           | Saved: '/tmp/clearvla_eval_opaque_27424.png'
02:19.528  render           | Saved: '/tmp/clearvla_eval_opaque_27424.png'
02:19.945  render           | Saved: '/tmp/clearvla_eval_opaque_27424.png'
02:20.283  render           | Saved: '/tmp/clearvla_eval_opaque_27424.png'
02:20.714  render           | Saved: '/tmp/clearvla_eval_opaque_27424.png'
02:21.042  render           | Saved: '/tmp/clearvla_eval_opaque_27424.png'
02:21.477  render           | Saved: '/tmp/clearvla_eval_opaque_27424.png'
02:21.808  render           | Saved: '/tmp/clearvla_eval_opaque_27424.png'
02:22.235  render           | Saved: '/tmp/clearvla_eval_opaque_27424.png'
02:22.566  render           | Saved: '/tmp/clearvla_eval_opaque_27424.png'
02:22.984  render           | Saved: '/tmp/clearvla_eval_opaque_27424.png'
02:23.323  render           | Saved: '/tmp/clearvla_eval_opaque_27424.png'
02:23.735  render           | Saved: '/tmp/clearvla_eval_opaque_27424.png'
02:24.071  render           | Saved: '/tmp/clearvla_eval_opaque_27424.png'
02:24.480  render           | Saved: '/tmp/clearvla_eval_opaque_27424.png'
02:24.816  render           | Saved: '/tmp/clearvla_eval_opaque_27424.png'
02:25.221  render           | Saved: '/tmp/clearvla_eval_opaque_27424.png'
02:25.561  render           | Saved: '/tmp/clearvla_eval_opaque_27424.png'
02:25.970  render           | Saved: '/tmp/clearvla_eval_opaque_27424.png'
02:26.330  render           | Saved: '/tmp/clearvla_eval_opaque_27424.png'
02:26.735  render           | Saved: '/tmp/clearvla_eval_opaque_27424.png'
02:27.062  render           | Saved: '/tmp/clearvla_eval_opaque_27424.png'
02:27.470  render           | Saved: '/tmp/clearvla_eval_opaque_27424.png'
02:27.797  render           | Saved: '/tmp/clearvla_eval_opaque_27424.png'
02:28.210  render           | Saved: '/tmp/clearvla_eval_opaque_27424.png'
02:28.538  render           | Saved: '/tmp/clearvla_eval_opaque_27424.png'
02:28.942  render           | Saved: '/tmp/clearvla_eval_opaque_27424.png'
02:29.269  render           | Saved: '/tmp/clearvla_eval_opaque_27424.png'
02:29.673  render           | Saved: '/tmp/clearvla_eval_opaque_27424.png'
02:29.999  render           | Saved: '/tmp/clearvla_eval_opaque_27424.png'
02:30.404  render           | Saved: '/tmp/clearvla_eval_opaque_27424.png'
02:30.729  render           | Saved: '/tmp/clearvla_eval_opaque_27424.png'
02:31.137  render           | Saved: '/tmp/clearvla_eval_opaque_27424.png'
02:31.464  render           | Saved: '/tmp/clearvla_eval_opaque_27424.png'
02:31.867  render           | Saved: '/tmp/clearvla_eval_opaque_27424.png'
02:32.194  render           | Saved: '/tmp/clearvla_eval_opaque_27424.png'
02:32.602  render           | Saved: '/tmp/clearvla_eval_opaque_27424.png'
02:32.927  render           | Saved: '/tmp/clearvla_eval_opaque_27424.png'
02:33.334  render           | Saved: '/tmp/clearvla_eval_opaque_27424.png'
02:33.662  render           | Saved: '/tmp/clearvla_eval_opaque_27424.png'
02:34.071  render           | Saved: '/tmp/clearvla_eval_opaque_27424.png'
02:34.400  render           | Saved: '/tmp/clearvla_eval_opaque_27424.png'
02:34.812  render           | Saved: '/tmp/clearvla_eval_opaque_27424.png'
02:35.139  render           | Saved: '/tmp/clearvla_eval_opaque_27424.png'
02:35.551  render           | Saved: '/tmp/clearvla_eval_opaque_27424.png'
02:35.880  render           | Saved: '/tmp/clearvla_eval_opaque_27424.png'
02:36.287  render           | Saved: '/tmp/clearvla_eval_opaque_27424.png'
02:36.619  render           | Saved: '/tmp/clearvla_eval_opaque_27424.png'
02:37.013  render           | Saved: '/tmp/clearvla_eval_opaque_27424.png'
02:37.350  render           | Saved: '/tmp/clearvla_eval_opaque_27424.png'
02:37.752  render           | Saved: '/tmp/clearvla_eval_opaque_27424.png'
02:38.088  render           | Saved: '/tmp/clearvla_eval_opaque_27424.png'
02:38.489  render           | Saved: '/tmp/clearvla_eval_opaque_27424.png'
02:38.843  render           | Saved: '/tmp/clearvla_eval_opaque_27424.png'
02:39.242  render           | Saved: '/tmp/clearvla_eval_opaque_27424.png'
02:39.588  render           | Saved: '/tmp/clearvla_eval_opaque_27424.png'
02:39.985  render           | Saved: '/tmp/clearvla_eval_opaque_27424.png'
02:40.332  render           | Saved: '/tmp/clearvla_eval_opaque_27424.png'
02:40.748  render           | Saved: '/tmp/clearvla_eval_opaque_27424.png'
02:41.090  render           | Saved: '/tmp/clearvla_eval_opaque_27424.png'
02:41.491  render           | Saved: '/tmp/clearvla_eval_opaque_27424.png'
02:41.824  render           | Saved: '/tmp/clearvla_eval_opaque_27424.png'
02:42.224  render           | Saved: '/tmp/clearvla_eval_opaque_27424.png'
02:42.564  render           | Saved: '/tmp/clearvla_eval_opaque_27424.png'
02:42.953  render           | Saved: '/tmp/clearvla_eval_opaque_27424.png'
02:43.288  render           | Saved: '/tmp/clearvla_eval_opaque_27424.png'
02:43.680  render           | Saved: '/tmp/clearvla_eval_opaque_27424.png'
02:44.014  render           | Saved: '/tmp/clearvla_eval_opaque_27424.png'
02:44.415  render           | Saved: '/tmp/clearvla_eval_opaque_27424.png'
02:44.746  render           | Saved: '/tmp/clearvla_eval_opaque_27424.png'
02:45.146  render           | Saved: '/tmp/clearvla_eval_opaque_27424.png'
02:45.481  render           | Saved: '/tmp/clearvla_eval_opaque_27424.png'
02:45.881  render           | Saved: '/tmp/clearvla_eval_opaque_27424.png'
02:46.213  render           | Saved: '/tmp/clearvla_eval_opaque_27424.png'
02:46.610  render           | Saved: '/tmp/clearvla_eval_opaque_27424.png'
02:46.944  render           | Saved: '/tmp/clearvla_eval_opaque_27424.png'
02:47.757  render           | Saved: '/tmp/clearvla_eval_opaque_27424.png'
02:48.094  render           | Saved: '/tmp/clearvla_eval_opaque_27424.png'
02:48.531  render           | Saved: '/tmp/clearvla_eval_opaque_27424.png'
02:48.858  render           | Saved: '/tmp/clearvla_eval_opaque_27424.png'
02:49.262  render           | Saved: '/tmp/clearvla_eval_opaque_27424.png'
02:49.603  render           | Saved: '/tmp/clearvla_eval_opaque_27424.png'
02:50.005  render           | Saved: '/tmp/clearvla_eval_opaque_27424.png'
02:50.334  render           | Saved: '/tmp/clearvla_eval_opaque_27424.png'
02:50.725  render           | Saved: '/tmp/clearvla_eval_opaque_27424.png'
02:51.061  render           | Saved: '/tmp/clearvla_eval_opaque_27424.png'
02:51.463  render           | Saved: '/tmp/clearvla_eval_opaque_27424.png'
02:51.803  render           | Saved: '/tmp/clearvla_eval_opaque_27424.png'
02:52.206  render           | Saved: '/tmp/clearvla_eval_opaque_27424.png'
02:52.544  render           | Saved: '/tmp/clearvla_eval_opaque_27424.png'
02:52.960  render           | Saved: '/tmp/clearvla_eval_opaque_27424.png'
02:53.306  render           | Saved: '/tmp/clearvla_eval_opaque_27424.png'
02:53.723  render           | Saved: '/tmp/clearvla_eval_opaque_27424.png'
02:54.068  render           | Saved: '/tmp/clearvla_eval_opaque_27424.png'
02:54.494  render           | Saved: '/tmp/clearvla_eval_opaque_27424.png'
02:54.842  render           | Saved: '/tmp/clearvla_eval_opaque_27424.png'
02:55.257  render           | Saved: '/tmp/clearvla_eval_opaque_27424.png'
02:55.625  render           | Saved: '/tmp/clearvla_eval_opaque_27424.png'
02:56.060  render           | Saved: '/tmp/clearvla_eval_opaque_27424.png'
02:56.422  render           | Saved: '/tmp/clearvla_eval_opaque_27424.png'
02:56.861  render           | Saved: '/tmp/clearvla_eval_opaque_27424.png'
02:57.220  render           | Saved: '/tmp/clearvla_eval_opaque_27424.png'
02:57.637  render           | Saved: '/tmp/clearvla_eval_opaque_27424.png'
02:57.990  render           | Saved: '/tmp/clearvla_eval_opaque_27424.png'
02:58.400  render           | Saved: '/tmp/clearvla_eval_opaque_27424.png'
02:58.749  render           | Saved: '/tmp/clearvla_eval_opaque_27424.png'
02:59.584  render           | Saved: '/tmp/clearvla_eval_opaque_27424.png'
02:59.939  render           | Saved: '/tmp/clearvla_eval_opaque_27424.png'
03:00.355  render           | Saved: '/tmp/clearvla_eval_opaque_27424.png'
03:00.691  render           | Saved: '/tmp/clearvla_eval_opaque_27424.png'
03:01.103  render           | Saved: '/tmp/clearvla_eval_opaque_27424.png'
03:01.445  render           | Saved: '/tmp/clearvla_eval_opaque_27424.png'
03:01.859  render           | Saved: '/tmp/clearvla_eval_opaque_27424.png'
03:02.201  render           | Saved: '/tmp/clearvla_eval_opaque_27424.png'
03:02.609  render           | Saved: '/tmp/clearvla_eval_opaque_27424.png'
03:02.950  render           | Saved: '/tmp/clearvla_eval_opaque_27424.png'
03:03.372  render           | Saved: '/tmp/clearvla_eval_opaque_27424.png'
03:03.729  render           | Saved: '/tmp/clearvla_eval_opaque_27424.png'
03:04.196  render           | Saved: '/tmp/clearvla_eval_opaque_27424.png'
03:04.559  render           | Saved: '/tmp/clearvla_eval_opaque_27424.png'
03:04.984  render           | Saved: '/tmp/clearvla_eval_opaque_27424.png'
03:05.351  render           | Saved: '/tmp/clearvla_eval_opaque_27424.png'
03:05.784  render           | Saved: '/tmp/clearvla_eval_opaque_27424.png'
03:06.147  render           | Saved: '/tmp/clearvla_eval_opaque_27424.png'
03:06.575  render           | Saved: '/tmp/clearvla_eval_opaque_27424.png'
03:06.916  render           | Saved: '/tmp/clearvla_eval_opaque_27424.png'
03:07.325  render           | Saved: '/tmp/clearvla_eval_opaque_27424.png'
03:07.668  render           | Saved: '/tmp/clearvla_eval_opaque_27424.png'
03:08.077  render           | Saved: '/tmp/clearvla_eval_opaque_27424.png'
03:08.449  render           | Saved: '/tmp/clearvla_eval_opaque_27424.png'
03:08.885  render           | Saved: '/tmp/clearvla_eval_opaque_27424.png'
03:09.246  render           | Saved: '/tmp/clearvla_eval_opaque_27424.png'
03:09.661  render           | Saved: '/tmp/clearvla_eval_opaque_27424.png'
03:10.005  render           | Saved: '/tmp/clearvla_eval_opaque_27424.png'
03:10.414  render           | Saved: '/tmp/clearvla_eval_opaque_27424.png'
03:10.759  render           | Saved: '/tmp/clearvla_eval_opaque_27424.png'
03:11.585  render           | Saved: '/tmp/clearvla_eval_opaque_27424.png'
03:11.929  render           | Saved: '/tmp/clearvla_eval_opaque_27424.png'
03:12.356  render           | Saved: '/tmp/clearvla_eval_opaque_27424.png'
03:12.704  render           | Saved: '/tmp/clearvla_eval_opaque_27424.png'
03:13.136  render           | Saved: '/tmp/clearvla_eval_opaque_27424.png'
03:13.477  render           | Saved: '/tmp/clearvla_eval_opaque_27424.png'
03:13.907  render           | Saved: '/tmp/clearvla_eval_opaque_27424.png'
03:14.252  render           | Saved: '/tmp/clearvla_eval_opaque_27424.png'
03:14.684  render           | Saved: '/tmp/clearvla_eval_opaque_27424.png'
03:15.026  render           | Saved: '/tmp/clearvla_eval_opaque_27424.png'
03:15.454  render           | Saved: '/tmp/clearvla_eval_opaque_27424.png'
03:15.806  render           | Saved: '/tmp/clearvla_eval_opaque_27424.png'
03:16.248  render           | Saved: '/tmp/clearvla_eval_opaque_27424.png'
03:16.598  render           | Saved: '/tmp/clearvla_eval_opaque_27424.png'
03:17.032  render           | Saved: '/tmp/clearvla_eval_opaque_27424.png'
03:17.379  render           | Saved: '/tmp/clearvla_eval_opaque_27424.png'
03:17.806  render           | Saved: '/tmp/clearvla_eval_opaque_27424.png'
03:18.144  render           | Saved: '/tmp/clearvla_eval_opaque_27424.png'
03:18.589  render           | Saved: '/tmp/clearvla_eval_opaque_27424.png'
03:18.938  render           | Saved: '/tmp/clearvla_eval_opaque_27424.png'
03:19.371  render           | Saved: '/tmp/clearvla_eval_opaque_27424.png'
03:19.719  render           | Saved: '/tmp/clearvla_eval_opaque_27424.png'
03:20.146  render           | Saved: '/tmp/clearvla_eval_opaque_27424.png'
03:20.496  render           | Saved: '/tmp/clearvla_eval_opaque_27424.png'
03:20.920  render           | Saved: '/tmp/clearvla_eval_opaque_27424.png'
03:21.269  render           | Saved: '/tmp/clearvla_eval_opaque_27424.png'
03:21.695  render           | Saved: '/tmp/clearvla_eval_opaque_27424.png'
03:22.033  render           | Saved: '/tmp/clearvla_eval_opaque_27424.png'
03:22.476  render           | Saved: '/tmp/clearvla_eval_opaque_27424.png'
03:22.804  render           | Saved: '/tmp/clearvla_eval_opaque_27424.png'
03:23.641  render           | Saved: '/tmp/clearvla_eval_opaque_27424.png'
03:24.001  render           | Saved: '/tmp/clearvla_eval_opaque_27424.png'
03:24.475  render           | Saved: '/tmp/clearvla_eval_opaque_27424.png'
03:24.842  render           | Saved: '/tmp/clearvla_eval_opaque_27424.png'
03:25.288  render           | Saved: '/tmp/clearvla_eval_opaque_27424.png'
03:25.663  render           | Saved: '/tmp/clearvla_eval_opaque_27424.png'
03:26.097  render           | Saved: '/tmp/clearvla_eval_opaque_27424.png'
03:26.458  render           | Saved: '/tmp/clearvla_eval_opaque_27424.png'
03:26.896  render           | Saved: '/tmp/clearvla_eval_opaque_27424.png'
03:27.257  render           | Saved: '/tmp/clearvla_eval_opaque_27424.png'
03:27.669  render           | Saved: '/tmp/clearvla_eval_opaque_27424.png'
03:28.030  render           | Saved: '/tmp/clearvla_eval_opaque_27424.png'
03:28.476  render           | Saved: '/tmp/clearvla_eval_opaque_27424.png'
03:28.851  render           | Saved: '/tmp/clearvla_eval_opaque_27424.png'
03:29.305  render           | Saved: '/tmp/clearvla_eval_opaque_27424.png'
03:29.669  render           | Saved: '/tmp/clearvla_eval_opaque_27424.png'
03:30.111  render           | Saved: '/tmp/clearvla_eval_opaque_27424.png'
03:30.465  render           | Saved: '/tmp/clearvla_eval_opaque_27424.png'
03:30.868  render           | Saved: '/tmp/clearvla_eval_opaque_27424.png'
03:31.206  render           | Saved: '/tmp/clearvla_eval_opaque_27424.png'
03:31.655  render           | Saved: '/tmp/clearvla_eval_opaque_27424.png'
03:31.988  render           | Saved: '/tmp/clearvla_eval_opaque_27424.png'
03:32.426  render           | Saved: '/tmp/clearvla_eval_opaque_27424.png'
03:32.753  render           | Saved: '/tmp/clearvla_eval_opaque_27424.png'
03:33.192  render           | Saved: '/tmp/clearvla_eval_opaque_27424.png'
03:33.526  render           | Saved: '/tmp/clearvla_eval_opaque_27424.png'
03:33.965  render           | Saved: '/tmp/clearvla_eval_opaque_27424.png'
03:34.295  render           | Saved: '/tmp/clearvla_eval_opaque_27424.png'
03:34.719  render           | Saved: '/tmp/clearvla_eval_opaque_27424.png'
03:35.053  render           | Saved: '/tmp/clearvla_eval_opaque_27424.png'
03:35.945  render           | Saved: '/tmp/clearvla_eval_opaque_27424.png'
03:36.310  render           | Saved: '/tmp/clearvla_eval_opaque_27424.png'
03:36.727  render           | Saved: '/tmp/clearvla_eval_opaque_27424.png'
03:37.070  render           | Saved: '/tmp/clearvla_eval_opaque_27424.png'
03:37.485  render           | Saved: '/tmp/clearvla_eval_opaque_27424.png'
03:37.829  render           | Saved: '/tmp/clearvla_eval_opaque_27424.png'
03:38.236  render           | Saved: '/tmp/clearvla_eval_opaque_27424.png'
03:38.579  render           | Saved: '/tmp/clearvla_eval_opaque_27424.png'
03:38.986  render           | Saved: '/tmp/clearvla_eval_opaque_27424.png'
03:39.323  render           | Saved: '/tmp/clearvla_eval_opaque_27424.png'
03:39.738  render           | Saved: '/tmp/clearvla_eval_opaque_27424.png'
03:40.085  render           | Saved: '/tmp/clearvla_eval_opaque_27424.png'
03:40.497  render           | Saved: '/tmp/clearvla_eval_opaque_27424.png'
03:40.847  render           | Saved: '/tmp/clearvla_eval_opaque_27424.png'
03:41.261  render           | Saved: '/tmp/clearvla_eval_opaque_27424.png'
03:41.601  render           | Saved: '/tmp/clearvla_eval_opaque_27424.png'
03:41.998  render           | Saved: '/tmp/clearvla_eval_opaque_27424.png'
03:42.338  render           | Saved: '/tmp/clearvla_eval_opaque_27424.png'
03:42.736  render           | Saved: '/tmp/clearvla_eval_opaque_27424.png'
03:43.071  render           | Saved: '/tmp/clearvla_eval_opaque_27424.png'
03:43.473  render           | Saved: '/tmp/clearvla_eval_opaque_27424.png'
03:43.808  render           | Saved: '/tmp/clearvla_eval_opaque_27424.png'
03:44.209  render           | Saved: '/tmp/clearvla_eval_opaque_27424.png'
03:44.545  render           | Saved: '/tmp/clearvla_eval_opaque_27424.png'
03:44.948  render           | Saved: '/tmp/clearvla_eval_opaque_27424.png'
03:45.276  render           | Saved: '/tmp/clearvla_eval_opaque_27424.png'
03:45.674  render           | Saved: '/tmp/clearvla_eval_opaque_27424.png'
03:46.003  render           | Saved: '/tmp/clearvla_eval_opaque_27424.png'
03:46.888  render           | Saved: '/tmp/clearvla_eval_opaque_27424.png'
03:47.215  render           | Saved: '/tmp/clearvla_eval_opaque_27424.png'
03:47.680  render           | Saved: '/tmp/clearvla_eval_opaque_27424.png'
03:48.006  render           | Saved: '/tmp/clearvla_eval_opaque_27424.png'
03:48.441  render           | Saved: '/tmp/clearvla_eval_opaque_27424.png'
03:48.772  render           | Saved: '/tmp/clearvla_eval_opaque_27424.png'
03:49.207  render           | Saved: '/tmp/clearvla_eval_opaque_27424.png'
03:49.534  render           | Saved: '/tmp/clearvla_eval_opaque_27424.png'
03:49.980  render           | Saved: '/tmp/clearvla_eval_opaque_27424.png'
03:50.315  render           | Saved: '/tmp/clearvla_eval_opaque_27424.png'
03:50.772  render           | Saved: '/tmp/clearvla_eval_opaque_27424.png'
03:51.102  render           | Saved: '/tmp/clearvla_eval_opaque_27424.png'
03:51.536  render           | Saved: '/tmp/clearvla_eval_opaque_27424.png'
03:51.869  render           | Saved: '/tmp/clearvla_eval_opaque_27424.png'
03:52.298  render           | Saved: '/tmp/clearvla_eval_opaque_27424.png'
03:52.629  render           | Saved: '/tmp/clearvla_eval_opaque_27424.png'
03:53.048  render           | Saved: '/tmp/clearvla_eval_opaque_27424.png'
03:53.379  render           | Saved: '/tmp/clearvla_eval_opaque_27424.png'
03:53.794  render           | Saved: '/tmp/clearvla_eval_opaque_27424.png'
03:54.128  render           | Saved: '/tmp/clearvla_eval_opaque_27424.png'
03:54.542  render           | Saved: '/tmp/clearvla_eval_opaque_27424.png'
03:54.878  render           | Saved: '/tmp/clearvla_eval_opaque_27424.png'
03:55.303  render           | Saved: '/tmp/clearvla_eval_opaque_27424.png'
03:55.642  render           | Saved: '/tmp/clearvla_eval_opaque_27424.png'
03:56.054  render           | Saved: '/tmp/clearvla_eval_opaque_27424.png'
03:56.392  render           | Saved: '/tmp/clearvla_eval_opaque_27424.png'
03:56.814  render           | Saved: '/tmp/clearvla_eval_opaque_27424.png'
03:57.155  render           | Saved: '/tmp/clearvla_eval_opaque_27424.png'
03:57.574  render           | Saved: '/tmp/clearvla_eval_opaque_27424.png'
03:57.909  render           | Saved: '/tmp/clearvla_eval_opaque_27424.png'
03:58.321  render           | Saved: '/tmp/clearvla_eval_opaque_27424.png'
03:58.656  render           | Saved: '/tmp/clearvla_eval_opaque_27424.png'
03:59.067  render           | Saved: '/tmp/clearvla_eval_opaque_27424.png'
03:59.401  render           | Saved: '/tmp/clearvla_eval_opaque_27424.png'
03:59.814  render           | Saved: '/tmp/clearvla_eval_opaque_27424.png'
04:00.153  render           | Saved: '/tmp/clearvla_eval_opaque_27424.png'
04:00.558  render           | Saved: '/tmp/clearvla_eval_opaque_27424.png'
04:00.903  render           | Saved: '/tmp/clearvla_eval_opaque_27424.png'
04:01.312  render           | Saved: '/tmp/clearvla_eval_opaque_27424.png'
04:01.661  render           | Saved: '/tmp/clearvla_eval_opaque_27424.png'
04:02.068  render           | Saved: '/tmp/clearvla_eval_opaque_27424.png'
04:02.418  render           | Saved: '/tmp/clearvla_eval_opaque_27424.png'
04:02.814  render           | Saved: '/tmp/clearvla_eval_opaque_27424.png'
04:03.147  render           | Saved: '/tmp/clearvla_eval_opaque_27424.png'
04:03.546  render           | Saved: '/tmp/clearvla_eval_opaque_27424.png'
04:03.885  render           | Saved: '/tmp/clearvla_eval_opaque_27424.png'
04:04.282  render           | Saved: '/tmp/clearvla_eval_opaque_27424.png'
04:04.625  render           | Saved: '/tmp/clearvla_eval_opaque_27424.png'
04:05.020  render           | Saved: '/tmp/clearvla_eval_opaque_27424.png'
04:05.353  render           | Saved: '/tmp/clearvla_eval_opaque_27424.png'
04:05.749  render           | Saved: '/tmp/clearvla_eval_opaque_27424.png'
04:06.084  render           | Saved: '/tmp/clearvla_eval_opaque_27424.png'
04:06.485  render           | Saved: '/tmp/clearvla_eval_opaque_27424.png'
04:06.827  render           | Saved: '/tmp/clearvla_eval_opaque_27424.png'
04:07.220  render           | Saved: '/tmp/clearvla_eval_opaque_27424.png'
04:07.554  render           | Saved: '/tmp/clearvla_eval_opaque_27424.png'
04:07.950  render           | Saved: '/tmp/clearvla_eval_opaque_27424.png'
04:08.282  render           | Saved: '/tmp/clearvla_eval_opaque_27424.png'
04:08.679  render           | Saved: '/tmp/clearvla_eval_opaque_27424.png'
04:09.011  render           | Saved: '/tmp/clearvla_eval_opaque_27424.png'
04:09.402  render           | Saved: '/tmp/clearvla_eval_opaque_27424.png'
04:09.736  render           | Saved: '/tmp/clearvla_eval_opaque_27424.png'
04:10.135  render           | Saved: '/tmp/clearvla_eval_opaque_27424.png'
04:10.463  render           | Saved: '/tmp/clearvla_eval_opaque_27424.png'
04:10.867  render           | Saved: '/tmp/clearvla_eval_opaque_27424.png'
04:11.203  render           | Saved: '/tmp/clearvla_eval_opaque_27424.png'
04:11.615  render           | Saved: '/tmp/clearvla_eval_opaque_27424.png'
04:11.939  render           | Saved: '/tmp/clearvla_eval_opaque_27424.png'
04:12.343  render           | Saved: '/tmp/clearvla_eval_opaque_27424.png'
04:12.667  render           | Saved: '/tmp/clearvla_eval_opaque_27424.png'
04:13.075  render           | Saved: '/tmp/clearvla_eval_opaque_27424.png'
04:13.403  render           | Saved: '/tmp/clearvla_eval_opaque_27424.png'
04:13.818  render           | Saved: '/tmp/clearvla_eval_opaque_27424.png'
04:14.167  render           | Saved: '/tmp/clearvla_eval_opaque_27424.png'
04:14.571  render           | Saved: '/tmp/clearvla_eval_opaque_27424.png'
04:14.906  render           | Saved: '/tmp/clearvla_eval_opaque_27424.png'
04:15.717  render           | Saved: '/tmp/clearvla_eval_opaque_27424.png'
04:16.048  render           | Saved: '/tmp/clearvla_eval_opaque_27424.png'
04:16.464  render           | Saved: '/tmp/clearvla_eval_opaque_27424.png'
04:16.797  render           | Saved: '/tmp/clearvla_eval_opaque_27424.png'
04:17.194  render           | Saved: '/tmp/clearvla_eval_opaque_27424.png'
04:17.531  render           | Saved: '/tmp/clearvla_eval_opaque_27424.png'
04:17.926  render           | Saved: '/tmp/clearvla_eval_opaque_27424.png'
04:18.258  render           | Saved: '/tmp/clearvla_eval_opaque_27424.png'
04:18.651  render           | Saved: '/tmp/clearvla_eval_opaque_27424.png'
04:18.981  render           | Saved: '/tmp/clearvla_eval_opaque_27424.png'
04:19.375  render           | Saved: '/tmp/clearvla_eval_opaque_27424.png'
04:19.710  render           | Saved: '/tmp/clearvla_eval_opaque_27424.png'
04:20.112  render           | Saved: '/tmp/clearvla_eval_opaque_27424.png'
04:20.443  render           | Saved: '/tmp/clearvla_eval_opaque_27424.png'
04:20.839  render           | Saved: '/tmp/clearvla_eval_opaque_27424.png'
04:21.171  render           | Saved: '/tmp/clearvla_eval_opaque_27424.png'
04:21.575  render           | Saved: '/tmp/clearvla_eval_opaque_27424.png'
04:21.912  render           | Saved: '/tmp/clearvla_eval_opaque_27424.png'
04:22.309  render           | Saved: '/tmp/clearvla_eval_opaque_27424.png'
04:22.646  render           | Saved: '/tmp/clearvla_eval_opaque_27424.png'
04:23.041  render           | Saved: '/tmp/clearvla_eval_opaque_27424.png'
04:23.376  render           | Saved: '/tmp/clearvla_eval_opaque_27424.png'
04:23.775  render           | Saved: '/tmp/clearvla_eval_opaque_27424.png'
04:24.108  render           | Saved: '/tmp/clearvla_eval_opaque_27424.png'
04:24.507  render           | Saved: '/tmp/clearvla_eval_opaque_27424.png'
04:24.841  render           | Saved: '/tmp/clearvla_eval_opaque_27424.png'
04:25.239  render           | Saved: '/tmp/clearvla_eval_opaque_27424.png'
04:25.572  render           | Saved: '/tmp/clearvla_eval_opaque_27424.png'
04:25.967  render           | Saved: '/tmp/clearvla_eval_opaque_27424.png'
04:26.304  render           | Saved: '/tmp/clearvla_eval_opaque_27424.png'
04:27.182  render           | Saved: '/tmp/clearvla_eval_opaque_27424.png'
04:27.512  render           | Saved: '/tmp/clearvla_eval_opaque_27424.png'
04:27.987  render           | Saved: '/tmp/clearvla_eval_opaque_27424.png'
04:28.309  render           | Saved: '/tmp/clearvla_eval_opaque_27424.png'
04:28.724  render           | Saved: '/tmp/clearvla_eval_opaque_27424.png'
04:29.062  render           | Saved: '/tmp/clearvla_eval_opaque_27424.png'
04:29.476  render           | Saved: '/tmp/clearvla_eval_opaque_27424.png'
04:29.808  render           | Saved: '/tmp/clearvla_eval_opaque_27424.png'
04:30.219  render           | Saved: '/tmp/clearvla_eval_opaque_27424.png'
04:30.559  render           | Saved: '/tmp/clearvla_eval_opaque_27424.png'
04:30.986  render           | Saved: '/tmp/clearvla_eval_opaque_27424.png'
04:31.321  render           | Saved: '/tmp/clearvla_eval_opaque_27424.png'
04:31.750  render           | Saved: '/tmp/clearvla_eval_opaque_27424.png'
04:32.075  render           | Saved: '/tmp/clearvla_eval_opaque_27424.png'
04:32.508  render           | Saved: '/tmp/clearvla_eval_opaque_27424.png'
04:32.837  render           | Saved: '/tmp/clearvla_eval_opaque_27424.png'
04:33.271  render           | Saved: '/tmp/clearvla_eval_opaque_27424.png'
04:33.596  render           | Saved: '/tmp/clearvla_eval_opaque_27424.png'
04:34.032  render           | Saved: '/tmp/clearvla_eval_opaque_27424.png'
04:34.360  render           | Saved: '/tmp/clearvla_eval_opaque_27424.png'
04:34.796  render           | Saved: '/tmp/clearvla_eval_opaque_27424.png'
04:35.130  render           | Saved: '/tmp/clearvla_eval_opaque_27424.png'
04:35.579  render           | Saved: '/tmp/clearvla_eval_opaque_27424.png'
04:35.906  render           | Saved: '/tmp/clearvla_eval_opaque_27424.png'
04:36.338  render           | Saved: '/tmp/clearvla_eval_opaque_27424.png'
04:36.670  render           | Saved: '/tmp/clearvla_eval_opaque_27424.png'
04:37.099  render           | Saved: '/tmp/clearvla_eval_opaque_27424.png'
04:37.429  render           | Saved: '/tmp/clearvla_eval_opaque_27424.png'
04:38.261  render           | Saved: '/tmp/clearvla_eval_opaque_27424.png'
04:38.623  render           | Saved: '/tmp/clearvla_eval_opaque_27424.png'
04:39.100  render           | Saved: '/tmp/clearvla_eval_opaque_27424.png'
04:39.470  render           | Saved: '/tmp/clearvla_eval_opaque_27424.png'
04:39.884  render           | Saved: '/tmp/clearvla_eval_opaque_27424.png'
04:40.231  render           | Saved: '/tmp/clearvla_eval_opaque_27424.png'
04:40.661  render           | Saved: '/tmp/clearvla_eval_opaque_27424.png'
04:40.996  render           | Saved: '/tmp/clearvla_eval_opaque_27424.png'
04:41.441  render           | Saved: '/tmp/clearvla_eval_opaque_27424.png'
04:41.775  render           | Saved: '/tmp/clearvla_eval_opaque_27424.png'
04:42.231  render           | Saved: '/tmp/clearvla_eval_opaque_27424.png'
04:42.578  render           | Saved: '/tmp/clearvla_eval_opaque_27424.png'
04:43.016  render           | Saved: '/tmp/clearvla_eval_opaque_27424.png'
04:43.376  render           | Saved: '/tmp/clearvla_eval_opaque_27424.png'
04:43.812  render           | Saved: '/tmp/clearvla_eval_opaque_27424.png'
04:44.170  render           | Saved: '/tmp/clearvla_eval_opaque_27424.png'
04:44.606  render           | Saved: '/tmp/clearvla_eval_opaque_27424.png'
04:44.964  render           | Saved: '/tmp/clearvla_eval_opaque_27424.png'
04:45.408  render           | Saved: '/tmp/clearvla_eval_opaque_27424.png'
04:45.761  render           | Saved: '/tmp/clearvla_eval_opaque_27424.png'
04:46.198  render           | Saved: '/tmp/clearvla_eval_opaque_27424.png'
04:46.554  render           | Saved: '/tmp/clearvla_eval_opaque_27424.png'
04:47.002  render           | Saved: '/tmp/clearvla_eval_opaque_27424.png'
04:47.356  render           | Saved: '/tmp/clearvla_eval_opaque_27424.png'
04:47.796  render           | Saved: '/tmp/clearvla_eval_opaque_27424.png'
04:48.159  render           | Saved: '/tmp/clearvla_eval_opaque_27424.png'
04:48.597  render           | Saved: '/tmp/clearvla_eval_opaque_27424.png'
04:48.943  render           | Saved: '/tmp/clearvla_eval_opaque_27424.png'
04:49.383  render           | Saved: '/tmp/clearvla_eval_opaque_27424.png'
04:49.718  render           | Saved: '/tmp/clearvla_eval_opaque_27424.png'
[quant4/opaque] grasp: 17/20  (4.7 min, 11.9 s/ep)
04:50.550  render           | Saved: '/tmp/clearvla_eval_opaque_27424.png'
04:50.901  render           | Saved: '/tmp/clearvla_eval_opaque_27424.png'
04:51.347  render           | Saved: '/tmp/clearvla_eval_opaque_27424.png'
04:51.719  render           | Saved: '/tmp/clearvla_eval_opaque_27424.png'
04:52.138  render           | Saved: '/tmp/clearvla_eval_opaque_27424.png'
04:52.471  render           | Saved: '/tmp/clearvla_eval_opaque_27424.png'
04:52.905  render           | Saved: '/tmp/clearvla_eval_opaque_27424.png'
04:53.245  render           | Saved: '/tmp/clearvla_eval_opaque_27424.png'
04:53.684  render           | Saved: '/tmp/clearvla_eval_opaque_27424.png'
04:54.024  render           | Saved: '/tmp/clearvla_eval_opaque_27424.png'
04:54.462  render           | Saved: '/tmp/clearvla_eval_opaque_27424.png'
04:54.794  render           | Saved: '/tmp/clearvla_eval_opaque_27424.png'
04:55.223  render           | Saved: '/tmp/clearvla_eval_opaque_27424.png'
04:55.554  render           | Saved: '/tmp/clearvla_eval_opaque_27424.png'
04:55.984  render           | Saved: '/tmp/clearvla_eval_opaque_27424.png'
04:56.314  render           | Saved: '/tmp/clearvla_eval_opaque_27424.png'
04:56.748  render           | Saved: '/tmp/clearvla_eval_opaque_27424.png'
04:57.083  render           | Saved: '/tmp/clearvla_eval_opaque_27424.png'
04:57.507  render           | Saved: '/tmp/clearvla_eval_opaque_27424.png'
04:57.846  render           | Saved: '/tmp/clearvla_eval_opaque_27424.png'
04:58.258  render           | Saved: '/tmp/clearvla_eval_opaque_27424.png'
04:58.592  render           | Saved: '/tmp/clearvla_eval_opaque_27424.png'
04:59.016  render           | Saved: '/tmp/clearvla_eval_opaque_27424.png'
04:59.353  render           | Saved: '/tmp/clearvla_eval_opaque_27424.png'
04:59.776  render           | Saved: '/tmp/clearvla_eval_opaque_27424.png'
05:00.122  render           | Saved: '/tmp/clearvla_eval_opaque_27424.png'
05:00.541  render           | Saved: '/tmp/clearvla_eval_opaque_27424.png'
05:00.884  render           | Saved: '/tmp/clearvla_eval_opaque_27424.png'
05:01.299  render           | Saved: '/tmp/clearvla_eval_opaque_27424.png'
05:01.647  render           | Saved: '/tmp/clearvla_eval_opaque_27424.png'
05:02.471  render           | Saved: '/tmp/clearvla_eval_opaque_27424.png'
05:02.822  render           | Saved: '/tmp/clearvla_eval_opaque_27424.png'
05:03.263  render           | Saved: '/tmp/clearvla_eval_opaque_27424.png'
05:03.621  render           | Saved: '/tmp/clearvla_eval_opaque_27424.png'
05:04.035  render           | Saved: '/tmp/clearvla_eval_opaque_27424.png'
05:04.368  render           | Saved: '/tmp/clearvla_eval_opaque_27424.png'
05:04.807  render           | Saved: '/tmp/clearvla_eval_opaque_27424.png'
05:05.146  render           | Saved: '/tmp/clearvla_eval_opaque_27424.png'
05:05.583  render           | Saved: '/tmp/clearvla_eval_opaque_27424.png'
05:05.920  render           | Saved: '/tmp/clearvla_eval_opaque_27424.png'
05:06.359  render           | Saved: '/tmp/clearvla_eval_opaque_27424.png'
05:06.698  render           | Saved: '/tmp/clearvla_eval_opaque_27424.png'
05:07.150  render           | Saved: '/tmp/clearvla_eval_opaque_27424.png'
05:07.483  render           | Saved: '/tmp/clearvla_eval_opaque_27424.png'
05:07.921  render           | Saved: '/tmp/clearvla_eval_opaque_27424.png'
05:08.255  render           | Saved: '/tmp/clearvla_eval_opaque_27424.png'
05:08.695  render           | Saved: '/tmp/clearvla_eval_opaque_27424.png'
05:09.032  render           | Saved: '/tmp/clearvla_eval_opaque_27424.png'
05:09.480  render           | Saved: '/tmp/clearvla_eval_opaque_27424.png'
05:09.815  render           | Saved: '/tmp/clearvla_eval_opaque_27424.png'
05:10.276  render           | Saved: '/tmp/clearvla_eval_opaque_27424.png'
05:10.615  render           | Saved: '/tmp/clearvla_eval_opaque_27424.png'
05:11.095  render           | Saved: '/tmp/clearvla_eval_opaque_27424.png'
05:11.430  render           | Saved: '/tmp/clearvla_eval_opaque_27424.png'
05:11.899  render           | Saved: '/tmp/clearvla_eval_opaque_27424.png'
05:12.251  render           | Saved: '/tmp/clearvla_eval_opaque_27424.png'
05:12.684  render           | Saved: '/tmp/clearvla_eval_opaque_27424.png'
05:13.020  render           | Saved: '/tmp/clearvla_eval_opaque_27424.png'
05:13.488  render           | Saved: '/tmp/clearvla_eval_opaque_27424.png'
05:13.841  render           | Saved: '/tmp/clearvla_eval_opaque_27424.png'
05:14.688  render           | Saved: '/tmp/clearvla_eval_opaque_27424.png'
05:15.039  render           | Saved: '/tmp/clearvla_eval_opaque_27424.png'
05:15.488  render           | Saved: '/tmp/clearvla_eval_opaque_27424.png'
05:15.855  render           | Saved: '/tmp/clearvla_eval_opaque_27424.png'
05:16.291  render           | Saved: '/tmp/clearvla_eval_opaque_27424.png'
05:16.644  render           | Saved: '/tmp/clearvla_eval_opaque_27424.png'
05:17.068  render           | Saved: '/tmp/clearvla_eval_opaque_27424.png'
05:17.426  render           | Saved: '/tmp/clearvla_eval_opaque_27424.png'
05:17.841  render           | Saved: '/tmp/clearvla_eval_opaque_27424.png'
05:18.205  render           | Saved: '/tmp/clearvla_eval_opaque_27424.png'
05:18.642  render           | Saved: '/tmp/clearvla_eval_opaque_27424.png'
05:19.005  render           | Saved: '/tmp/clearvla_eval_opaque_27424.png'
05:19.436  render           | Saved: '/tmp/clearvla_eval_opaque_27424.png'
05:19.795  render           | Saved: '/tmp/clearvla_eval_opaque_27424.png'
05:20.222  render           | Saved: '/tmp/clearvla_eval_opaque_27424.png'
05:20.581  render           | Saved: '/tmp/clearvla_eval_opaque_27424.png'
05:21.017  render           | Saved: '/tmp/clearvla_eval_opaque_27424.png'
05:21.378  render           | Saved: '/tmp/clearvla_eval_opaque_27424.png'
05:21.811  render           | Saved: '/tmp/clearvla_eval_opaque_27424.png'
05:22.176  render           | Saved: '/tmp/clearvla_eval_opaque_27424.png'
05:22.625  render           | Saved: '/tmp/clearvla_eval_opaque_27424.png'
05:22.984  render           | Saved: '/tmp/clearvla_eval_opaque_27424.png'
05:23.430  render           | Saved: '/tmp/clearvla_eval_opaque_27424.png'
05:23.794  render           | Saved: '/tmp/clearvla_eval_opaque_27424.png'
05:24.233  render           | Saved: '/tmp/clearvla_eval_opaque_27424.png'
05:24.610  render           | Saved: '/tmp/clearvla_eval_opaque_27424.png'
05:25.041  render           | Saved: '/tmp/clearvla_eval_opaque_27424.png'
05:25.405  render           | Saved: '/tmp/clearvla_eval_opaque_27424.png'
05:26.226  render           | Saved: '/tmp/clearvla_eval_opaque_27424.png'
05:26.572  render           | Saved: '/tmp/clearvla_eval_opaque_27424.png'
05:26.993  render           | Saved: '/tmp/clearvla_eval_opaque_27424.png'
05:27.339  render           | Saved: '/tmp/clearvla_eval_opaque_27424.png'
05:27.764  render           | Saved: '/tmp/clearvla_eval_opaque_27424.png'
05:28.112  render           | Saved: '/tmp/clearvla_eval_opaque_27424.png'
05:28.536  render           | Saved: '/tmp/clearvla_eval_opaque_27424.png'
05:28.874  render           | Saved: '/tmp/clearvla_eval_opaque_27424.png'
05:29.291  render           | Saved: '/tmp/clearvla_eval_opaque_27424.png'
05:29.630  render           | Saved: '/tmp/clearvla_eval_opaque_27424.png'
05:30.062  render           | Saved: '/tmp/clearvla_eval_opaque_27424.png'
05:30.398  render           | Saved: '/tmp/clearvla_eval_opaque_27424.png'
05:30.845  render           | Saved: '/tmp/clearvla_eval_opaque_27424.png'
05:31.175  render           | Saved: '/tmp/clearvla_eval_opaque_27424.png'
05:31.607  render           | Saved: '/tmp/clearvla_eval_opaque_27424.png'
05:31.934  render           | Saved: '/tmp/clearvla_eval_opaque_27424.png'
05:32.368  render           | Saved: '/tmp/clearvla_eval_opaque_27424.png'
05:32.707  render           | Saved: '/tmp/clearvla_eval_opaque_27424.png'
05:33.161  render           | Saved: '/tmp/clearvla_eval_opaque_27424.png'
05:33.494  render           | Saved: '/tmp/clearvla_eval_opaque_27424.png'
05:33.926  render           | Saved: '/tmp/clearvla_eval_opaque_27424.png'
05:34.262  render           | Saved: '/tmp/clearvla_eval_opaque_27424.png'
05:34.663  render           | Saved: '/tmp/clearvla_eval_opaque_27424.png'
05:34.999  render           | Saved: '/tmp/clearvla_eval_opaque_27424.png'
05:35.403  render           | Saved: '/tmp/clearvla_eval_opaque_27424.png'
05:35.747  render           | Saved: '/tmp/clearvla_eval_opaque_27424.png'
05:36.152  render           | Saved: '/tmp/clearvla_eval_opaque_27424.png'
05:36.505  render           | Saved: '/tmp/clearvla_eval_opaque_27424.png'
05:36.910  render           | Saved: '/tmp/clearvla_eval_opaque_27424.png'
05:37.258  render           | Saved: '/tmp/clearvla_eval_opaque_27424.png'
05:37.676  render           | Saved: '/tmp/clearvla_eval_opaque_27424.png'
05:38.022  render           | Saved: '/tmp/clearvla_eval_opaque_27424.png'
05:38.428  render           | Saved: '/tmp/clearvla_eval_opaque_27424.png'
05:38.773  render           | Saved: '/tmp/clearvla_eval_opaque_27424.png'
05:39.167  render           | Saved: '/tmp/clearvla_eval_opaque_27424.png'
05:39.501  render           | Saved: '/tmp/clearvla_eval_opaque_27424.png'
05:39.895  render           | Saved: '/tmp/clearvla_eval_opaque_27424.png'
05:40.224  render           | Saved: '/tmp/clearvla_eval_opaque_27424.png'
05:40.618  render           | Saved: '/tmp/clearvla_eval_opaque_27424.png'
05:40.942  render           | Saved: '/tmp/clearvla_eval_opaque_27424.png'
05:41.339  render           | Saved: '/tmp/clearvla_eval_opaque_27424.png'
05:41.670  render           | Saved: '/tmp/clearvla_eval_opaque_27424.png'
05:42.069  render           | Saved: '/tmp/clearvla_eval_opaque_27424.png'
05:42.403  render           | Saved: '/tmp/clearvla_eval_opaque_27424.png'
05:42.802  render           | Saved: '/tmp/clearvla_eval_opaque_27424.png'
05:43.136  render           | Saved: '/tmp/clearvla_eval_opaque_27424.png'
05:43.529  render           | Saved: '/tmp/clearvla_eval_opaque_27424.png'
05:43.859  render           | Saved: '/tmp/clearvla_eval_opaque_27424.png'
05:44.252  render           | Saved: '/tmp/clearvla_eval_opaque_27424.png'
05:44.590  render           | Saved: '/tmp/clearvla_eval_opaque_27424.png'
05:44.994  render           | Saved: '/tmp/clearvla_eval_opaque_27424.png'
05:45.323  render           | Saved: '/tmp/clearvla_eval_opaque_27424.png'
05:45.713  render           | Saved: '/tmp/clearvla_eval_opaque_27424.png'
05:46.041  render           | Saved: '/tmp/clearvla_eval_opaque_27424.png'
05:46.436  render           | Saved: '/tmp/clearvla_eval_opaque_27424.png'
05:46.762  render           | Saved: '/tmp/clearvla_eval_opaque_27424.png'
05:47.154  render           | Saved: '/tmp/clearvla_eval_opaque_27424.png'
05:47.483  render           | Saved: '/tmp/clearvla_eval_opaque_27424.png'
05:47.874  render           | Saved: '/tmp/clearvla_eval_opaque_27424.png'
05:48.203  render           | Saved: '/tmp/clearvla_eval_opaque_27424.png'
05:48.597  render           | Saved: '/tmp/clearvla_eval_opaque_27424.png'
05:48.934  render           | Saved: '/tmp/clearvla_eval_opaque_27424.png'
05:49.338  render           | Saved: '/tmp/clearvla_eval_opaque_27424.png'
05:49.665  render           | Saved: '/tmp/clearvla_eval_opaque_27424.png'
05:50.063  render           | Saved: '/tmp/clearvla_eval_opaque_27424.png'
05:50.393  render           | Saved: '/tmp/clearvla_eval_opaque_27424.png'
05:50.788  render           | Saved: '/tmp/clearvla_eval_opaque_27424.png'
05:51.128  render           | Saved: '/tmp/clearvla_eval_opaque_27424.png'
05:51.526  render           | Saved: '/tmp/clearvla_eval_opaque_27424.png'
05:51.861  render           | Saved: '/tmp/clearvla_eval_opaque_27424.png'
05:52.260  render           | Saved: '/tmp/clearvla_eval_opaque_27424.png'
05:52.607  render           | Saved: '/tmp/clearvla_eval_opaque_27424.png'
05:53.006  render           | Saved: '/tmp/clearvla_eval_opaque_27424.png'
05:53.349  render           | Saved: '/tmp/clearvla_eval_opaque_27424.png'
05:53.744  render           | Saved: '/tmp/clearvla_eval_opaque_27424.png'
05:54.083  render           | Saved: '/tmp/clearvla_eval_opaque_27424.png'
05:54.952  render           | Saved: '/tmp/clearvla_eval_opaque_27424.png'
05:55.283  render           | Saved: '/tmp/clearvla_eval_opaque_27424.png'
05:55.728  render           | Saved: '/tmp/clearvla_eval_opaque_27424.png'
05:56.055  render           | Saved: '/tmp/clearvla_eval_opaque_27424.png'
05:56.469  render           | Saved: '/tmp/clearvla_eval_opaque_27424.png'
05:56.802  render           | Saved: '/tmp/clearvla_eval_opaque_27424.png'
05:57.216  render           | Saved: '/tmp/clearvla_eval_opaque_27424.png'
05:57.555  render           | Saved: '/tmp/clearvla_eval_opaque_27424.png'
05:57.954  render           | Saved: '/tmp/clearvla_eval_opaque_27424.png'
05:58.313  render           | Saved: '/tmp/clearvla_eval_opaque_27424.png'
05:58.728  render           | Saved: '/tmp/clearvla_eval_opaque_27424.png'
05:59.067  render           | Saved: '/tmp/clearvla_eval_opaque_27424.png'
05:59.482  render           | Saved: '/tmp/clearvla_eval_opaque_27424.png'
05:59.825  render           | Saved: '/tmp/clearvla_eval_opaque_27424.png'
06:00.238  render           | Saved: '/tmp/clearvla_eval_opaque_27424.png'
06:00.576  render           | Saved: '/tmp/clearvla_eval_opaque_27424.png'
06:00.992  render           | Saved: '/tmp/clearvla_eval_opaque_27424.png'
06:01.329  render           | Saved: '/tmp/clearvla_eval_opaque_27424.png'
06:01.744  render           | Saved: '/tmp/clearvla_eval_opaque_27424.png'
06:02.080  render           | Saved: '/tmp/clearvla_eval_opaque_27424.png'
06:02.495  render           | Saved: '/tmp/clearvla_eval_opaque_27424.png'
06:02.831  render           | Saved: '/tmp/clearvla_eval_opaque_27424.png'
06:03.237  render           | Saved: '/tmp/clearvla_eval_opaque_27424.png'
06:03.585  render           | Saved: '/tmp/clearvla_eval_opaque_27424.png'
06:03.990  render           | Saved: '/tmp/clearvla_eval_opaque_27424.png'
06:04.340  render           | Saved: '/tmp/clearvla_eval_opaque_27424.png'
06:04.743  render           | Saved: '/tmp/clearvla_eval_opaque_27424.png'
06:05.082  render           | Saved: '/tmp/clearvla_eval_opaque_27424.png'
06:05.478  render           | Saved: '/tmp/clearvla_eval_opaque_27424.png'
06:05.820  render           | Saved: '/tmp/clearvla_eval_opaque_27424.png'
06:06.645  render           | Saved: '/tmp/clearvla_eval_opaque_27424.png'
06:06.980  render           | Saved: '/tmp/clearvla_eval_opaque_27424.png'
06:07.401  render           | Saved: '/tmp/clearvla_eval_opaque_27424.png'
06:07.737  render           | Saved: '/tmp/clearvla_eval_opaque_27424.png'
06:08.147  render           | Saved: '/tmp/clearvla_eval_opaque_27424.png'
06:08.481  render           | Saved: '/tmp/clearvla_eval_opaque_27424.png'
06:08.888  render           | Saved: '/tmp/clearvla_eval_opaque_27424.png'
06:09.220  render           | Saved: '/tmp/clearvla_eval_opaque_27424.png'
06:09.626  render           | Saved: '/tmp/clearvla_eval_opaque_27424.png'
06:09.978  render           | Saved: '/tmp/clearvla_eval_opaque_27424.png'
06:10.389  render           | Saved: '/tmp/clearvla_eval_opaque_27424.png'
06:10.754  render           | Saved: '/tmp/clearvla_eval_opaque_27424.png'
06:11.168  render           | Saved: '/tmp/clearvla_eval_opaque_27424.png'
06:11.504  render           | Saved: '/tmp/clearvla_eval_opaque_27424.png'
06:11.910  render           | Saved: '/tmp/clearvla_eval_opaque_27424.png'
06:12.259  render           | Saved: '/tmp/clearvla_eval_opaque_27424.png'
06:12.675  render           | Saved: '/tmp/clearvla_eval_opaque_27424.png'
06:13.007  render           | Saved: '/tmp/clearvla_eval_opaque_27424.png'
06:13.412  render           | Saved: '/tmp/clearvla_eval_opaque_27424.png'
06:13.746  render           | Saved: '/tmp/clearvla_eval_opaque_27424.png'
06:14.148  render           | Saved: '/tmp/clearvla_eval_opaque_27424.png'
06:14.500  render           | Saved: '/tmp/clearvla_eval_opaque_27424.png'
06:14.906  render           | Saved: '/tmp/clearvla_eval_opaque_27424.png'
06:15.248  render           | Saved: '/tmp/clearvla_eval_opaque_27424.png'
06:15.653  render           | Saved: '/tmp/clearvla_eval_opaque_27424.png'
06:15.990  render           | Saved: '/tmp/clearvla_eval_opaque_27424.png'
06:16.387  render           | Saved: '/tmp/clearvla_eval_opaque_27424.png'
06:16.731  render           | Saved: '/tmp/clearvla_eval_opaque_27424.png'
06:17.593  render           | Saved: '/tmp/clearvla_eval_opaque_27424.png'
06:17.923  render           | Saved: '/tmp/clearvla_eval_opaque_27424.png'
06:18.391  render           | Saved: '/tmp/clearvla_eval_opaque_27424.png'
06:18.720  render           | Saved: '/tmp/clearvla_eval_opaque_27424.png'
06:19.173  render           | Saved: '/tmp/clearvla_eval_opaque_27424.png'
06:19.517  render           | Saved: '/tmp/clearvla_eval_opaque_27424.png'
06:19.933  render           | Saved: '/tmp/clearvla_eval_opaque_27424.png'
06:20.273  render           | Saved: '/tmp/clearvla_eval_opaque_27424.png'
06:20.685  render           | Saved: '/tmp/clearvla_eval_opaque_27424.png'
06:21.015  render           | Saved: '/tmp/clearvla_eval_opaque_27424.png'
06:21.432  render           | Saved: '/tmp/clearvla_eval_opaque_27424.png'
06:21.772  render           | Saved: '/tmp/clearvla_eval_opaque_27424.png'
06:22.196  render           | Saved: '/tmp/clearvla_eval_opaque_27424.png'
06:22.532  render           | Saved: '/tmp/clearvla_eval_opaque_27424.png'
06:22.950  render           | Saved: '/tmp/clearvla_eval_opaque_27424.png'
06:23.322  render           | Saved: '/tmp/clearvla_eval_opaque_27424.png'
06:23.738  render           | Saved: '/tmp/clearvla_eval_opaque_27424.png'
06:24.084  render           | Saved: '/tmp/clearvla_eval_opaque_27424.png'
06:24.499  render           | Saved: '/tmp/clearvla_eval_opaque_27424.png'
06:24.837  render           | Saved: '/tmp/clearvla_eval_opaque_27424.png'
06:25.241  render           | Saved: '/tmp/clearvla_eval_opaque_27424.png'
06:25.586  render           | Saved: '/tmp/clearvla_eval_opaque_27424.png'
06:25.993  render           | Saved: '/tmp/clearvla_eval_opaque_27424.png'
06:26.352  render           | Saved: '/tmp/clearvla_eval_opaque_27424.png'
06:26.763  render           | Saved: '/tmp/clearvla_eval_opaque_27424.png'
06:27.110  render           | Saved: '/tmp/clearvla_eval_opaque_27424.png'
06:27.513  render           | Saved: '/tmp/clearvla_eval_opaque_27424.png'
06:27.851  render           | Saved: '/tmp/clearvla_eval_opaque_27424.png'
06:28.262  render           | Saved: '/tmp/clearvla_eval_opaque_27424.png'
06:28.615  render           | Saved: '/tmp/clearvla_eval_opaque_27424.png'
06:29.489  render           | Saved: '/tmp/clearvla_eval_opaque_27424.png'
06:29.840  render           | Saved: '/tmp/clearvla_eval_opaque_27424.png'
06:30.302  render           | Saved: '/tmp/clearvla_eval_opaque_27424.png'
06:30.660  render           | Saved: '/tmp/clearvla_eval_opaque_27424.png'
06:31.110  render           | Saved: '/tmp/clearvla_eval_opaque_27424.png'
06:31.458  render           | Saved: '/tmp/clearvla_eval_opaque_27424.png'
06:31.904  render           | Saved: '/tmp/clearvla_eval_opaque_27424.png'
06:32.240  render           | Saved: '/tmp/clearvla_eval_opaque_27424.png'
06:32.676  render           | Saved: '/tmp/clearvla_eval_opaque_27424.png'
06:33.011  render           | Saved: '/tmp/clearvla_eval_opaque_27424.png'
06:33.456  render           | Saved: '/tmp/clearvla_eval_opaque_27424.png'
06:33.788  render           | Saved: '/tmp/clearvla_eval_opaque_27424.png'
06:34.209  render           | Saved: '/tmp/clearvla_eval_opaque_27424.png'
06:34.553  render           | Saved: '/tmp/clearvla_eval_opaque_27424.png'
06:34.976  render           | Saved: '/tmp/clearvla_eval_opaque_27424.png'
06:35.319  render           | Saved: '/tmp/clearvla_eval_opaque_27424.png'
06:35.730  render           | Saved: '/tmp/clearvla_eval_opaque_27424.png'
06:36.079  render           | Saved: '/tmp/clearvla_eval_opaque_27424.png'
06:36.500  render           | Saved: '/tmp/clearvla_eval_opaque_27424.png'
06:36.865  render           | Saved: '/tmp/clearvla_eval_opaque_27424.png'
06:37.286  render           | Saved: '/tmp/clearvla_eval_opaque_27424.png'
06:37.622  render           | Saved: '/tmp/clearvla_eval_opaque_27424.png'
06:38.027  render           | Saved: '/tmp/clearvla_eval_opaque_27424.png'
06:38.389  render           | Saved: '/tmp/clearvla_eval_opaque_27424.png'
06:38.800  render           | Saved: '/tmp/clearvla_eval_opaque_27424.png'
06:39.155  render           | Saved: '/tmp/clearvla_eval_opaque_27424.png'
06:39.575  render           | Saved: '/tmp/clearvla_eval_opaque_27424.png'
06:39.920  render           | Saved: '/tmp/clearvla_eval_opaque_27424.png'
06:40.338  render           | Saved: '/tmp/clearvla_eval_opaque_27424.png'
06:40.691  render           | Saved: '/tmp/clearvla_eval_opaque_27424.png'
06:41.104  render           | Saved: '/tmp/clearvla_eval_opaque_27424.png'
06:41.451  render           | Saved: '/tmp/clearvla_eval_opaque_27424.png'
06:41.867  render           | Saved: '/tmp/clearvla_eval_opaque_27424.png'
06:42.226  render           | Saved: '/tmp/clearvla_eval_opaque_27424.png'
06:42.635  render           | Saved: '/tmp/clearvla_eval_opaque_27424.png'
06:42.978  render           | Saved: '/tmp/clearvla_eval_opaque_27424.png'
06:43.399  render           | Saved: '/tmp/clearvla_eval_opaque_27424.png'
06:43.775  render           | Saved: '/tmp/clearvla_eval_opaque_27424.png'
06:44.186  render           | Saved: '/tmp/clearvla_eval_opaque_27424.png'
06:44.561  render           | Saved: '/tmp/clearvla_eval_opaque_27424.png'
06:44.967  render           | Saved: '/tmp/clearvla_eval_opaque_27424.png'
06:45.365  render           | Saved: '/tmp/clearvla_eval_opaque_27424.png'
06:45.768  render           | Saved: '/tmp/clearvla_eval_opaque_27424.png'
06:46.133  render           | Saved: '/tmp/clearvla_eval_opaque_27424.png'
06:46.542  render           | Saved: '/tmp/clearvla_eval_opaque_27424.png'
06:46.919  render           | Saved: '/tmp/clearvla_eval_opaque_27424.png'
06:47.331  render           | Saved: '/tmp/clearvla_eval_opaque_27424.png'
06:47.699  render           | Saved: '/tmp/clearvla_eval_opaque_27424.png'
06:48.117  render           | Saved: '/tmp/clearvla_eval_opaque_27424.png'
06:48.474  render           | Saved: '/tmp/clearvla_eval_opaque_27424.png'
06:48.890  render           | Saved: '/tmp/clearvla_eval_opaque_27424.png'
06:49.241  render           | Saved: '/tmp/clearvla_eval_opaque_27424.png'
06:49.642  render           | Saved: '/tmp/clearvla_eval_opaque_27424.png'
06:49.991  render           | Saved: '/tmp/clearvla_eval_opaque_27424.png'
06:50.409  render           | Saved: '/tmp/clearvla_eval_opaque_27424.png'
06:50.767  render           | Saved: '/tmp/clearvla_eval_opaque_27424.png'
06:51.208  render           | Saved: '/tmp/clearvla_eval_opaque_27424.png'
06:51.582  render           | Saved: '/tmp/clearvla_eval_opaque_27424.png'
06:52.028  render           | Saved: '/tmp/clearvla_eval_opaque_27424.png'
06:52.401  render           | Saved: '/tmp/clearvla_eval_opaque_27424.png'
06:52.840  render           | Saved: '/tmp/clearvla_eval_opaque_27424.png'
06:53.218  render           | Saved: '/tmp/clearvla_eval_opaque_27424.png'
06:53.647  render           | Saved: '/tmp/clearvla_eval_opaque_27424.png'
06:54.009  render           | Saved: '/tmp/clearvla_eval_opaque_27424.png'
06:54.425  render           | Saved: '/tmp/clearvla_eval_opaque_27424.png'
06:54.788  render           | Saved: '/tmp/clearvla_eval_opaque_27424.png'
06:55.232  render           | Saved: '/tmp/clearvla_eval_opaque_27424.png'
06:55.600  render           | Saved: '/tmp/clearvla_eval_opaque_27424.png'
06:56.020  render           | Saved: '/tmp/clearvla_eval_opaque_27424.png'
06:56.365  render           | Saved: '/tmp/clearvla_eval_opaque_27424.png'
06:56.760  render           | Saved: '/tmp/clearvla_eval_opaque_27424.png'
06:57.115  render           | Saved: '/tmp/clearvla_eval_opaque_27424.png'
06:57.533  render           | Saved: '/tmp/clearvla_eval_opaque_27424.png'
06:57.881  render           | Saved: '/tmp/clearvla_eval_opaque_27424.png'
06:58.286  render           | Saved: '/tmp/clearvla_eval_opaque_27424.png'
06:58.636  render           | Saved: '/tmp/clearvla_eval_opaque_27424.png'
06:59.544  render           | Saved: '/tmp/clearvla_eval_opaque_27424.png'
06:59.892  render           | Saved: '/tmp/clearvla_eval_opaque_27424.png'
07:00.372  render           | Saved: '/tmp/clearvla_eval_opaque_27424.png'
07:00.733  render           | Saved: '/tmp/clearvla_eval_opaque_27424.png'
07:01.188  render           | Saved: '/tmp/clearvla_eval_opaque_27424.png'
07:01.563  render           | Saved: '/tmp/clearvla_eval_opaque_27424.png'
07:02.007  render           | Saved: '/tmp/clearvla_eval_opaque_27424.png'
07:02.350  render           | Saved: '/tmp/clearvla_eval_opaque_27424.png'
07:02.763  render           | Saved: '/tmp/clearvla_eval_opaque_27424.png'
07:03.104  render           | Saved: '/tmp/clearvla_eval_opaque_27424.png'
07:03.512  render           | Saved: '/tmp/clearvla_eval_opaque_27424.png'
07:03.860  render           | Saved: '/tmp/clearvla_eval_opaque_27424.png'
07:04.270  render           | Saved: '/tmp/clearvla_eval_opaque_27424.png'
07:04.608  render           | Saved: '/tmp/clearvla_eval_opaque_27424.png'
07:05.019  render           | Saved: '/tmp/clearvla_eval_opaque_27424.png'
07:05.364  render           | Saved: '/tmp/clearvla_eval_opaque_27424.png'
07:05.775  render           | Saved: '/tmp/clearvla_eval_opaque_27424.png'
07:06.121  render           | Saved: '/tmp/clearvla_eval_opaque_27424.png'
07:06.528  render           | Saved: '/tmp/clearvla_eval_opaque_27424.png'
07:06.879  render           | Saved: '/tmp/clearvla_eval_opaque_27424.png'
07:07.291  render           | Saved: '/tmp/clearvla_eval_opaque_27424.png'
07:07.643  render           | Saved: '/tmp/clearvla_eval_opaque_27424.png'
07:08.059  render           | Saved: '/tmp/clearvla_eval_opaque_27424.png'
07:08.410  render           | Saved: '/tmp/clearvla_eval_opaque_27424.png'
07:08.810  render           | Saved: '/tmp/clearvla_eval_opaque_27424.png'
07:09.151  render           | Saved: '/tmp/clearvla_eval_opaque_27424.png'
07:09.555  render           | Saved: '/tmp/clearvla_eval_opaque_27424.png'
07:09.895  render           | Saved: '/tmp/clearvla_eval_opaque_27424.png'
07:10.763  render           | Saved: '/tmp/clearvla_eval_opaque_27424.png'
07:11.090  render           | Saved: '/tmp/clearvla_eval_opaque_27424.png'
07:11.520  render           | Saved: '/tmp/clearvla_eval_opaque_27424.png'
07:11.859  render           | Saved: '/tmp/clearvla_eval_opaque_27424.png'
07:12.268  render           | Saved: '/tmp/clearvla_eval_opaque_27424.png'
07:12.614  render           | Saved: '/tmp/clearvla_eval_opaque_27424.png'
07:13.025  render           | Saved: '/tmp/clearvla_eval_opaque_27424.png'
07:13.362  render           | Saved: '/tmp/clearvla_eval_opaque_27424.png'
07:13.768  render           | Saved: '/tmp/clearvla_eval_opaque_27424.png'
07:14.104  render           | Saved: '/tmp/clearvla_eval_opaque_27424.png'
07:14.508  render           | Saved: '/tmp/clearvla_eval_opaque_27424.png'
07:14.854  render           | Saved: '/tmp/clearvla_eval_opaque_27424.png'
07:15.282  render           | Saved: '/tmp/clearvla_eval_opaque_27424.png'
07:15.627  render           | Saved: '/tmp/clearvla_eval_opaque_27424.png'
07:16.023  render           | Saved: '/tmp/clearvla_eval_opaque_27424.png'
07:16.356  render           | Saved: '/tmp/clearvla_eval_opaque_27424.png'
07:16.751  render           | Saved: '/tmp/clearvla_eval_opaque_27424.png'
07:17.081  render           | Saved: '/tmp/clearvla_eval_opaque_27424.png'
07:17.483  render           | Saved: '/tmp/clearvla_eval_opaque_27424.png'
07:17.818  render           | Saved: '/tmp/clearvla_eval_opaque_27424.png'
07:18.215  render           | Saved: '/tmp/clearvla_eval_opaque_27424.png'
07:18.550  render           | Saved: '/tmp/clearvla_eval_opaque_27424.png'
07:18.952  render           | Saved: '/tmp/clearvla_eval_opaque_27424.png'
07:19.298  render           | Saved: '/tmp/clearvla_eval_opaque_27424.png'
07:19.699  render           | Saved: '/tmp/clearvla_eval_opaque_27424.png'
07:20.041  render           | Saved: '/tmp/clearvla_eval_opaque_27424.png'
07:20.446  render           | Saved: '/tmp/clearvla_eval_opaque_27424.png'
07:20.786  render           | Saved: '/tmp/clearvla_eval_opaque_27424.png'
07:21.185  render           | Saved: '/tmp/clearvla_eval_opaque_27424.png'
07:21.525  render           | Saved: '/tmp/clearvla_eval_opaque_27424.png'
[quant4/opaque] grasp: 25/30  (7.3 min, 11.2 s/ep)
07:22.424  render           | Saved: '/tmp/clearvla_eval_opaque_27424.png'
07:22.749  render           | Saved: '/tmp/clearvla_eval_opaque_27424.png'
07:23.221  render           | Saved: '/tmp/clearvla_eval_opaque_27424.png'
07:23.551  render           | Saved: '/tmp/clearvla_eval_opaque_27424.png'
07:23.974  render           | Saved: '/tmp/clearvla_eval_opaque_27424.png'
07:24.314  render           | Saved: '/tmp/clearvla_eval_opaque_27424.png'
07:24.740  render           | Saved: '/tmp/clearvla_eval_opaque_27424.png'
07:25.080  render           | Saved: '/tmp/clearvla_eval_opaque_27424.png'
07:25.504  render           | Saved: '/tmp/clearvla_eval_opaque_27424.png'
07:25.844  render           | Saved: '/tmp/clearvla_eval_opaque_27424.png'
07:26.277  render           | Saved: '/tmp/clearvla_eval_opaque_27424.png'
07:26.621  render           | Saved: '/tmp/clearvla_eval_opaque_27424.png'
07:27.020  render           | Saved: '/tmp/clearvla_eval_opaque_27424.png'
07:27.365  render           | Saved: '/tmp/clearvla_eval_opaque_27424.png'
07:27.763  render           | Saved: '/tmp/clearvla_eval_opaque_27424.png'
07:28.102  render           | Saved: '/tmp/clearvla_eval_opaque_27424.png'
07:28.509  render           | Saved: '/tmp/clearvla_eval_opaque_27424.png'
07:28.852  render           | Saved: '/tmp/clearvla_eval_opaque_27424.png'
07:29.255  render           | Saved: '/tmp/clearvla_eval_opaque_27424.png'
07:29.596  render           | Saved: '/tmp/clearvla_eval_opaque_27424.png'
07:30.000  render           | Saved: '/tmp/clearvla_eval_opaque_27424.png'
07:30.331  render           | Saved: '/tmp/clearvla_eval_opaque_27424.png'
07:30.735  render           | Saved: '/tmp/clearvla_eval_opaque_27424.png'
07:31.075  render           | Saved: '/tmp/clearvla_eval_opaque_27424.png'
07:31.472  render           | Saved: '/tmp/clearvla_eval_opaque_27424.png'
07:31.809  render           | Saved: '/tmp/clearvla_eval_opaque_27424.png'
07:32.208  render           | Saved: '/tmp/clearvla_eval_opaque_27424.png'
07:32.553  render           | Saved: '/tmp/clearvla_eval_opaque_27424.png'
07:32.952  render           | Saved: '/tmp/clearvla_eval_opaque_27424.png'
07:33.292  render           | Saved: '/tmp/clearvla_eval_opaque_27424.png'
07:33.688  render           | Saved: '/tmp/clearvla_eval_opaque_27424.png'
07:34.026  render           | Saved: '/tmp/clearvla_eval_opaque_27424.png'
07:34.422  render           | Saved: '/tmp/clearvla_eval_opaque_27424.png'
07:34.758  render           | Saved: '/tmp/clearvla_eval_opaque_27424.png'
07:35.160  render           | Saved: '/tmp/clearvla_eval_opaque_27424.png'
07:35.502  render           | Saved: '/tmp/clearvla_eval_opaque_27424.png'
07:35.896  render           | Saved: '/tmp/clearvla_eval_opaque_27424.png'
07:36.242  render           | Saved: '/tmp/clearvla_eval_opaque_27424.png'
07:36.635  render           | Saved: '/tmp/clearvla_eval_opaque_27424.png'
07:36.978  render           | Saved: '/tmp/clearvla_eval_opaque_27424.png'
07:37.384  render           | Saved: '/tmp/clearvla_eval_opaque_27424.png'
07:37.727  render           | Saved: '/tmp/clearvla_eval_opaque_27424.png'
07:38.144  render           | Saved: '/tmp/clearvla_eval_opaque_27424.png'
07:38.494  render           | Saved: '/tmp/clearvla_eval_opaque_27424.png'
07:38.926  render           | Saved: '/tmp/clearvla_eval_opaque_27424.png'
07:39.279  render           | Saved: '/tmp/clearvla_eval_opaque_27424.png'
07:39.691  render           | Saved: '/tmp/clearvla_eval_opaque_27424.png'
07:40.029  render           | Saved: '/tmp/clearvla_eval_opaque_27424.png'
07:40.436  render           | Saved: '/tmp/clearvla_eval_opaque_27424.png'
07:40.779  render           | Saved: '/tmp/clearvla_eval_opaque_27424.png'
07:41.213  render           | Saved: '/tmp/clearvla_eval_opaque_27424.png'
07:41.540  render           | Saved: '/tmp/clearvla_eval_opaque_27424.png'
07:41.950  render           | Saved: '/tmp/clearvla_eval_opaque_27424.png'
07:42.287  render           | Saved: '/tmp/clearvla_eval_opaque_27424.png'
07:42.718  render           | Saved: '/tmp/clearvla_eval_opaque_27424.png'
07:43.048  render           | Saved: '/tmp/clearvla_eval_opaque_27424.png'
07:43.475  render           | Saved: '/tmp/clearvla_eval_opaque_27424.png'
07:43.803  render           | Saved: '/tmp/clearvla_eval_opaque_27424.png'
07:44.213  render           | Saved: '/tmp/clearvla_eval_opaque_27424.png'
07:44.553  render           | Saved: '/tmp/clearvla_eval_opaque_27424.png'
07:44.974  render           | Saved: '/tmp/clearvla_eval_opaque_27424.png'
07:45.317  render           | Saved: '/tmp/clearvla_eval_opaque_27424.png'
07:45.735  render           | Saved: '/tmp/clearvla_eval_opaque_27424.png'
07:46.071  render           | Saved: '/tmp/clearvla_eval_opaque_27424.png'
07:46.486  render           | Saved: '/tmp/clearvla_eval_opaque_27424.png'
07:46.824  render           | Saved: '/tmp/clearvla_eval_opaque_27424.png'
07:47.231  render           | Saved: '/tmp/clearvla_eval_opaque_27424.png'
07:47.568  render           | Saved: '/tmp/clearvla_eval_opaque_27424.png'
07:47.985  render           | Saved: '/tmp/clearvla_eval_opaque_27424.png'
07:48.329  render           | Saved: '/tmp/clearvla_eval_opaque_27424.png'
07:48.738  render           | Saved: '/tmp/clearvla_eval_opaque_27424.png'
07:49.074  render           | Saved: '/tmp/clearvla_eval_opaque_27424.png'
07:49.500  render           | Saved: '/tmp/clearvla_eval_opaque_27424.png'
07:49.837  render           | Saved: '/tmp/clearvla_eval_opaque_27424.png'
07:50.255  render           | Saved: '/tmp/clearvla_eval_opaque_27424.png'
07:50.587  render           | Saved: '/tmp/clearvla_eval_opaque_27424.png'
07:51.442  render           | Saved: '/tmp/clearvla_eval_opaque_27424.png'
07:51.804  render           | Saved: '/tmp/clearvla_eval_opaque_27424.png'
07:52.219  render           | Saved: '/tmp/clearvla_eval_opaque_27424.png'
07:52.561  render           | Saved: '/tmp/clearvla_eval_opaque_27424.png'
07:52.974  render           | Saved: '/tmp/clearvla_eval_opaque_27424.png'
07:53.317  render           | Saved: '/tmp/clearvla_eval_opaque_27424.png'
07:53.728  render           | Saved: '/tmp/clearvla_eval_opaque_27424.png'
07:54.075  render           | Saved: '/tmp/clearvla_eval_opaque_27424.png'
07:54.483  render           | Saved: '/tmp/clearvla_eval_opaque_27424.png'
07:54.847  render           | Saved: '/tmp/clearvla_eval_opaque_27424.png'
07:55.283  render           | Saved: '/tmp/clearvla_eval_opaque_27424.png'
07:55.650  render           | Saved: '/tmp/clearvla_eval_opaque_27424.png'
07:56.109  render           | Saved: '/tmp/clearvla_eval_opaque_27424.png'
07:56.495  render           | Saved: '/tmp/clearvla_eval_opaque_27424.png'
07:56.955  render           | Saved: '/tmp/clearvla_eval_opaque_27424.png'
07:57.308  render           | Saved: '/tmp/clearvla_eval_opaque_27424.png'
07:57.739  render           | Saved: '/tmp/clearvla_eval_opaque_27424.png'
07:58.098  render           | Saved: '/tmp/clearvla_eval_opaque_27424.png'
07:58.534  render           | Saved: '/tmp/clearvla_eval_opaque_27424.png'
07:58.910  render           | Saved: '/tmp/clearvla_eval_opaque_27424.png'
07:59.338  render           | Saved: '/tmp/clearvla_eval_opaque_27424.png'
07:59.699  render           | Saved: '/tmp/clearvla_eval_opaque_27424.png'
08:00.162  render           | Saved: '/tmp/clearvla_eval_opaque_27424.png'
08:00.522  render           | Saved: '/tmp/clearvla_eval_opaque_27424.png'
08:00.957  render           | Saved: '/tmp/clearvla_eval_opaque_27424.png'
08:01.314  render           | Saved: '/tmp/clearvla_eval_opaque_27424.png'
08:01.745  render           | Saved: '/tmp/clearvla_eval_opaque_27424.png'
08:02.116  render           | Saved: '/tmp/clearvla_eval_opaque_27424.png'
08:02.554  render           | Saved: '/tmp/clearvla_eval_opaque_27424.png'
08:02.918  render           | Saved: '/tmp/clearvla_eval_opaque_27424.png'
08:03.343  render           | Saved: '/tmp/clearvla_eval_opaque_27424.png'
08:03.709  render           | Saved: '/tmp/clearvla_eval_opaque_27424.png'
08:04.531  render           | Saved: '/tmp/clearvla_eval_opaque_27424.png'
08:04.876  render           | Saved: '/tmp/clearvla_eval_opaque_27424.png'
08:05.293  render           | Saved: '/tmp/clearvla_eval_opaque_27424.png'
08:05.659  render           | Saved: '/tmp/clearvla_eval_opaque_27424.png'
08:06.070  render           | Saved: '/tmp/clearvla_eval_opaque_27424.png'
08:06.434  render           | Saved: '/tmp/clearvla_eval_opaque_27424.png'
08:06.846  render           | Saved: '/tmp/clearvla_eval_opaque_27424.png'
08:07.244  render           | Saved: '/tmp/clearvla_eval_opaque_27424.png'
08:07.640  render           | Saved: '/tmp/clearvla_eval_opaque_27424.png'
08:07.975  render           | Saved: '/tmp/clearvla_eval_opaque_27424.png'
08:08.381  render           | Saved: '/tmp/clearvla_eval_opaque_27424.png'
08:08.723  render           | Saved: '/tmp/clearvla_eval_opaque_27424.png'
08:09.141  render           | Saved: '/tmp/clearvla_eval_opaque_27424.png'
08:09.483  render           | Saved: '/tmp/clearvla_eval_opaque_27424.png'
08:09.889  render           | Saved: '/tmp/clearvla_eval_opaque_27424.png'
08:10.238  render           | Saved: '/tmp/clearvla_eval_opaque_27424.png'
08:10.648  render           | Saved: '/tmp/clearvla_eval_opaque_27424.png'
08:11.000  render           | Saved: '/tmp/clearvla_eval_opaque_27424.png'
08:11.436  render           | Saved: '/tmp/clearvla_eval_opaque_27424.png'
08:11.794  render           | Saved: '/tmp/clearvla_eval_opaque_27424.png'
08:12.223  render           | Saved: '/tmp/clearvla_eval_opaque_27424.png'
08:12.591  render           | Saved: '/tmp/clearvla_eval_opaque_27424.png'
08:13.032  render           | Saved: '/tmp/clearvla_eval_opaque_27424.png'
08:13.402  render           | Saved: '/tmp/clearvla_eval_opaque_27424.png'
08:13.818  render           | Saved: '/tmp/clearvla_eval_opaque_27424.png'
08:14.170  render           | Saved: '/tmp/clearvla_eval_opaque_27424.png'
08:14.581  render           | Saved: '/tmp/clearvla_eval_opaque_27424.png'
08:14.930  render           | Saved: '/tmp/clearvla_eval_opaque_27424.png'
08:15.342  render           | Saved: '/tmp/clearvla_eval_opaque_27424.png'
08:15.685  render           | Saved: '/tmp/clearvla_eval_opaque_27424.png'
08:16.093  render           | Saved: '/tmp/clearvla_eval_opaque_27424.png'
08:16.437  render           | Saved: '/tmp/clearvla_eval_opaque_27424.png'
08:16.838  render           | Saved: '/tmp/clearvla_eval_opaque_27424.png'
08:17.177  render           | Saved: '/tmp/clearvla_eval_opaque_27424.png'
08:17.569  render           | Saved: '/tmp/clearvla_eval_opaque_27424.png'
08:17.900  render           | Saved: '/tmp/clearvla_eval_opaque_27424.png'
08:18.293  render           | Saved: '/tmp/clearvla_eval_opaque_27424.png'
08:18.625  render           | Saved: '/tmp/clearvla_eval_opaque_27424.png'
08:19.016  render           | Saved: '/tmp/clearvla_eval_opaque_27424.png'
08:19.359  render           | Saved: '/tmp/clearvla_eval_opaque_27424.png'
08:19.761  render           | Saved: '/tmp/clearvla_eval_opaque_27424.png'
08:20.104  render           | Saved: '/tmp/clearvla_eval_opaque_27424.png'
08:20.513  render           | Saved: '/tmp/clearvla_eval_opaque_27424.png'
08:20.867  render           | Saved: '/tmp/clearvla_eval_opaque_27424.png'
08:21.280  render           | Saved: '/tmp/clearvla_eval_opaque_27424.png'
08:21.628  render           | Saved: '/tmp/clearvla_eval_opaque_27424.png'
08:22.037  render           | Saved: '/tmp/clearvla_eval_opaque_27424.png'
08:22.374  render           | Saved: '/tmp/clearvla_eval_opaque_27424.png'
08:22.785  render           | Saved: '/tmp/clearvla_eval_opaque_27424.png'
08:23.121  render           | Saved: '/tmp/clearvla_eval_opaque_27424.png'
08:23.537  render           | Saved: '/tmp/clearvla_eval_opaque_27424.png'
08:23.871  render           | Saved: '/tmp/clearvla_eval_opaque_27424.png'
08:24.279  render           | Saved: '/tmp/clearvla_eval_opaque_27424.png'
08:24.625  render           | Saved: '/tmp/clearvla_eval_opaque_27424.png'
08:25.038  render           | Saved: '/tmp/clearvla_eval_opaque_27424.png'
08:25.379  render           | Saved: '/tmp/clearvla_eval_opaque_27424.png'
08:25.792  render           | Saved: '/tmp/clearvla_eval_opaque_27424.png'
08:26.133  render           | Saved: '/tmp/clearvla_eval_opaque_27424.png'
08:26.550  render           | Saved: '/tmp/clearvla_eval_opaque_27424.png'
08:26.887  render           | Saved: '/tmp/clearvla_eval_opaque_27424.png'
08:27.286  render           | Saved: '/tmp/clearvla_eval_opaque_27424.png'
08:27.611  render           | Saved: '/tmp/clearvla_eval_opaque_27424.png'
08:28.018  render           | Saved: '/tmp/clearvla_eval_opaque_27424.png'
08:28.343  render           | Saved: '/tmp/clearvla_eval_opaque_27424.png'
08:28.750  render           | Saved: '/tmp/clearvla_eval_opaque_27424.png'
08:29.077  render           | Saved: '/tmp/clearvla_eval_opaque_27424.png'
08:29.479  render           | Saved: '/tmp/clearvla_eval_opaque_27424.png'
08:29.801  render           | Saved: '/tmp/clearvla_eval_opaque_27424.png'
08:30.212  render           | Saved: '/tmp/clearvla_eval_opaque_27424.png'
08:30.541  render           | Saved: '/tmp/clearvla_eval_opaque_27424.png'
08:30.941  render           | Saved: '/tmp/clearvla_eval_opaque_27424.png'
08:31.277  render           | Saved: '/tmp/clearvla_eval_opaque_27424.png'
08:31.680  render           | Saved: '/tmp/clearvla_eval_opaque_27424.png'
08:32.018  render           | Saved: '/tmp/clearvla_eval_opaque_27424.png'
08:32.419  render           | Saved: '/tmp/clearvla_eval_opaque_27424.png'
08:32.755  render           | Saved: '/tmp/clearvla_eval_opaque_27424.png'
08:33.636  render           | Saved: '/tmp/clearvla_eval_opaque_27424.png'
08:33.968  render           | Saved: '/tmp/clearvla_eval_opaque_27424.png'
08:34.435  render           | Saved: '/tmp/clearvla_eval_opaque_27424.png'
08:34.758  render           | Saved: '/tmp/clearvla_eval_opaque_27424.png'
08:35.173  render           | Saved: '/tmp/clearvla_eval_opaque_27424.png'
08:35.509  render           | Saved: '/tmp/clearvla_eval_opaque_27424.png'
08:35.922  render           | Saved: '/tmp/clearvla_eval_opaque_27424.png'
08:36.257  render           | Saved: '/tmp/clearvla_eval_opaque_27424.png'
08:36.672  render           | Saved: '/tmp/clearvla_eval_opaque_27424.png'
08:37.006  render           | Saved: '/tmp/clearvla_eval_opaque_27424.png'
08:37.426  render           | Saved: '/tmp/clearvla_eval_opaque_27424.png'
08:37.767  render           | Saved: '/tmp/clearvla_eval_opaque_27424.png'
08:38.183  render           | Saved: '/tmp/clearvla_eval_opaque_27424.png'
08:38.519  render           | Saved: '/tmp/clearvla_eval_opaque_27424.png'
08:38.937  render           | Saved: '/tmp/clearvla_eval_opaque_27424.png'
08:39.272  render           | Saved: '/tmp/clearvla_eval_opaque_27424.png'
08:39.684  render           | Saved: '/tmp/clearvla_eval_opaque_27424.png'
08:40.021  render           | Saved: '/tmp/clearvla_eval_opaque_27424.png'
08:40.437  render           | Saved: '/tmp/clearvla_eval_opaque_27424.png'
08:40.776  render           | Saved: '/tmp/clearvla_eval_opaque_27424.png'
08:41.204  render           | Saved: '/tmp/clearvla_eval_opaque_27424.png'
08:41.535  render           | Saved: '/tmp/clearvla_eval_opaque_27424.png'
08:41.942  render           | Saved: '/tmp/clearvla_eval_opaque_27424.png'
08:42.276  render           | Saved: '/tmp/clearvla_eval_opaque_27424.png'
08:42.681  render           | Saved: '/tmp/clearvla_eval_opaque_27424.png'
08:43.018  render           | Saved: '/tmp/clearvla_eval_opaque_27424.png'
08:43.410  render           | Saved: '/tmp/clearvla_eval_opaque_27424.png'
08:43.753  render           | Saved: '/tmp/clearvla_eval_opaque_27424.png'
08:44.621  render           | Saved: '/tmp/clearvla_eval_opaque_27424.png'
08:44.951  render           | Saved: '/tmp/clearvla_eval_opaque_27424.png'
08:45.415  render           | Saved: '/tmp/clearvla_eval_opaque_27424.png'
08:45.764  render           | Saved: '/tmp/clearvla_eval_opaque_27424.png'
08:46.193  render           | Saved: '/tmp/clearvla_eval_opaque_27424.png'
08:46.521  render           | Saved: '/tmp/clearvla_eval_opaque_27424.png'
08:46.988  render           | Saved: '/tmp/clearvla_eval_opaque_27424.png'
08:47.332  render           | Saved: '/tmp/clearvla_eval_opaque_27424.png'
08:47.800  render           | Saved: '/tmp/clearvla_eval_opaque_27424.png'
08:48.152  render           | Saved: '/tmp/clearvla_eval_opaque_27424.png'
08:48.585  render           | Saved: '/tmp/clearvla_eval_opaque_27424.png'
08:48.931  render           | Saved: '/tmp/clearvla_eval_opaque_27424.png'
08:49.349  render           | Saved: '/tmp/clearvla_eval_opaque_27424.png'
08:49.675  render           | Saved: '/tmp/clearvla_eval_opaque_27424.png'
08:50.092  render           | Saved: '/tmp/clearvla_eval_opaque_27424.png'
08:50.425  render           | Saved: '/tmp/clearvla_eval_opaque_27424.png'
08:50.830  render           | Saved: '/tmp/clearvla_eval_opaque_27424.png'
08:51.166  render           | Saved: '/tmp/clearvla_eval_opaque_27424.png'
08:51.569  render           | Saved: '/tmp/clearvla_eval_opaque_27424.png'
08:51.897  render           | Saved: '/tmp/clearvla_eval_opaque_27424.png'
08:52.306  render           | Saved: '/tmp/clearvla_eval_opaque_27424.png'
08:52.633  render           | Saved: '/tmp/clearvla_eval_opaque_27424.png'
08:53.043  render           | Saved: '/tmp/clearvla_eval_opaque_27424.png'
08:53.377  render           | Saved: '/tmp/clearvla_eval_opaque_27424.png'
08:53.784  render           | Saved: '/tmp/clearvla_eval_opaque_27424.png'
08:54.129  render           | Saved: '/tmp/clearvla_eval_opaque_27424.png'
08:54.545  render           | Saved: '/tmp/clearvla_eval_opaque_27424.png'
08:54.892  render           | Saved: '/tmp/clearvla_eval_opaque_27424.png'
08:55.289  render           | Saved: '/tmp/clearvla_eval_opaque_27424.png'
08:55.621  render           | Saved: '/tmp/clearvla_eval_opaque_27424.png'
08:56.452  render           | Saved: '/tmp/clearvla_eval_opaque_27424.png'
08:56.779  render           | Saved: '/tmp/clearvla_eval_opaque_27424.png'
08:57.205  render           | Saved: '/tmp/clearvla_eval_opaque_27424.png'
08:57.533  render           | Saved: '/tmp/clearvla_eval_opaque_27424.png'
08:57.946  render           | Saved: '/tmp/clearvla_eval_opaque_27424.png'
08:58.285  render           | Saved: '/tmp/clearvla_eval_opaque_27424.png'
08:58.698  render           | Saved: '/tmp/clearvla_eval_opaque_27424.png'
08:59.036  render           | Saved: '/tmp/clearvla_eval_opaque_27424.png'
08:59.438  render           | Saved: '/tmp/clearvla_eval_opaque_27424.png'
08:59.774  render           | Saved: '/tmp/clearvla_eval_opaque_27424.png'
09:00.178  render           | Saved: '/tmp/clearvla_eval_opaque_27424.png'
09:00.505  render           | Saved: '/tmp/clearvla_eval_opaque_27424.png'
09:00.914  render           | Saved: '/tmp/clearvla_eval_opaque_27424.png'
09:01.241  render           | Saved: '/tmp/clearvla_eval_opaque_27424.png'
09:01.652  render           | Saved: '/tmp/clearvla_eval_opaque_27424.png'
09:01.980  render           | Saved: '/tmp/clearvla_eval_opaque_27424.png'
09:02.387  render           | Saved: '/tmp/clearvla_eval_opaque_27424.png'
09:02.712  render           | Saved: '/tmp/clearvla_eval_opaque_27424.png'
09:03.121  render           | Saved: '/tmp/clearvla_eval_opaque_27424.png'
09:03.449  render           | Saved: '/tmp/clearvla_eval_opaque_27424.png'
09:03.861  render           | Saved: '/tmp/clearvla_eval_opaque_27424.png'
09:04.188  render           | Saved: '/tmp/clearvla_eval_opaque_27424.png'
09:04.601  render           | Saved: '/tmp/clearvla_eval_opaque_27424.png'
09:04.935  render           | Saved: '/tmp/clearvla_eval_opaque_27424.png'
09:05.335  render           | Saved: '/tmp/clearvla_eval_opaque_27424.png'
09:05.679  render           | Saved: '/tmp/clearvla_eval_opaque_27424.png'
09:06.087  render           | Saved: '/tmp/clearvla_eval_opaque_27424.png'
09:06.433  render           | Saved: '/tmp/clearvla_eval_opaque_27424.png'
09:06.835  render           | Saved: '/tmp/clearvla_eval_opaque_27424.png'
09:07.185  render           | Saved: '/tmp/clearvla_eval_opaque_27424.png'
09:07.587  render           | Saved: '/tmp/clearvla_eval_opaque_27424.png'
09:07.920  render           | Saved: '/tmp/clearvla_eval_opaque_27424.png'
09:08.319  render           | Saved: '/tmp/clearvla_eval_opaque_27424.png'
09:08.648  render           | Saved: '/tmp/clearvla_eval_opaque_27424.png'
09:09.471  render           | Saved: '/tmp/clearvla_eval_opaque_27424.png'
09:09.804  render           | Saved: '/tmp/clearvla_eval_opaque_27424.png'
09:10.225  render           | Saved: '/tmp/clearvla_eval_opaque_27424.png'
09:10.560  render           | Saved: '/tmp/clearvla_eval_opaque_27424.png'
09:10.960  render           | Saved: '/tmp/clearvla_eval_opaque_27424.png'
09:11.295  render           | Saved: '/tmp/clearvla_eval_opaque_27424.png'
09:11.704  render           | Saved: '/tmp/clearvla_eval_opaque_27424.png'
09:12.027  render           | Saved: '/tmp/clearvla_eval_opaque_27424.png'
09:12.436  render           | Saved: '/tmp/clearvla_eval_opaque_27424.png'
09:12.762  render           | Saved: '/tmp/clearvla_eval_opaque_27424.png'
09:13.168  render           | Saved: '/tmp/clearvla_eval_opaque_27424.png'
09:13.492  render           | Saved: '/tmp/clearvla_eval_opaque_27424.png'
09:13.898  render           | Saved: '/tmp/clearvla_eval_opaque_27424.png'
09:14.224  render           | Saved: '/tmp/clearvla_eval_opaque_27424.png'
09:14.636  render           | Saved: '/tmp/clearvla_eval_opaque_27424.png'
09:14.961  render           | Saved: '/tmp/clearvla_eval_opaque_27424.png'
09:15.377  render           | Saved: '/tmp/clearvla_eval_opaque_27424.png'
09:15.704  render           | Saved: '/tmp/clearvla_eval_opaque_27424.png'
09:16.110  render           | Saved: '/tmp/clearvla_eval_opaque_27424.png'
09:16.434  render           | Saved: '/tmp/clearvla_eval_opaque_27424.png'
09:16.845  render           | Saved: '/tmp/clearvla_eval_opaque_27424.png'
09:17.174  render           | Saved: '/tmp/clearvla_eval_opaque_27424.png'
09:17.578  render           | Saved: '/tmp/clearvla_eval_opaque_27424.png'
09:17.908  render           | Saved: '/tmp/clearvla_eval_opaque_27424.png'
09:18.312  render           | Saved: '/tmp/clearvla_eval_opaque_27424.png'
09:18.641  render           | Saved: '/tmp/clearvla_eval_opaque_27424.png'
09:19.047  render           | Saved: '/tmp/clearvla_eval_opaque_27424.png'
09:19.374  render           | Saved: '/tmp/clearvla_eval_opaque_27424.png'
09:19.784  render           | Saved: '/tmp/clearvla_eval_opaque_27424.png'
09:20.108  render           | Saved: '/tmp/clearvla_eval_opaque_27424.png'
09:20.516  render           | Saved: '/tmp/clearvla_eval_opaque_27424.png'
09:20.841  render           | Saved: '/tmp/clearvla_eval_opaque_27424.png'
09:21.660  render           | Saved: '/tmp/clearvla_eval_opaque_27424.png'
09:21.988  render           | Saved: '/tmp/clearvla_eval_opaque_27424.png'
09:22.380  render           | Saved: '/tmp/clearvla_eval_opaque_27424.png'
09:22.711  render           | Saved: '/tmp/clearvla_eval_opaque_27424.png'
09:23.108  render           | Saved: '/tmp/clearvla_eval_opaque_27424.png'
09:23.437  render           | Saved: '/tmp/clearvla_eval_opaque_27424.png'
09:23.837  render           | Saved: '/tmp/clearvla_eval_opaque_27424.png'
09:24.178  render           | Saved: '/tmp/clearvla_eval_opaque_27424.png'
09:24.571  render           | Saved: '/tmp/clearvla_eval_opaque_27424.png'
09:24.902  render           | Saved: '/tmp/clearvla_eval_opaque_27424.png'
09:25.293  render           | Saved: '/tmp/clearvla_eval_opaque_27424.png'
09:25.625  render           | Saved: '/tmp/clearvla_eval_opaque_27424.png'
09:26.022  render           | Saved: '/tmp/clearvla_eval_opaque_27424.png'
09:26.358  render           | Saved: '/tmp/clearvla_eval_opaque_27424.png'
09:26.749  render           | Saved: '/tmp/clearvla_eval_opaque_27424.png'
09:27.081  render           | Saved: '/tmp/clearvla_eval_opaque_27424.png'
09:27.474  render           | Saved: '/tmp/clearvla_eval_opaque_27424.png'
09:27.806  render           | Saved: '/tmp/clearvla_eval_opaque_27424.png'
09:28.201  render           | Saved: '/tmp/clearvla_eval_opaque_27424.png'
09:28.530  render           | Saved: '/tmp/clearvla_eval_opaque_27424.png'
09:28.924  render           | Saved: '/tmp/clearvla_eval_opaque_27424.png'
09:29.261  render           | Saved: '/tmp/clearvla_eval_opaque_27424.png'
09:29.660  render           | Saved: '/tmp/clearvla_eval_opaque_27424.png'
09:29.993  render           | Saved: '/tmp/clearvla_eval_opaque_27424.png'
09:30.387  render           | Saved: '/tmp/clearvla_eval_opaque_27424.png'
09:30.723  render           | Saved: '/tmp/clearvla_eval_opaque_27424.png'
09:31.124  render           | Saved: '/tmp/clearvla_eval_opaque_27424.png'
09:31.461  render           | Saved: '/tmp/clearvla_eval_opaque_27424.png'
09:31.861  render           | Saved: '/tmp/clearvla_eval_opaque_27424.png'
09:32.197  render           | Saved: '/tmp/clearvla_eval_opaque_27424.png'
09:32.601  render           | Saved: '/tmp/clearvla_eval_opaque_27424.png'
09:32.942  render           | Saved: '/tmp/clearvla_eval_opaque_27424.png'
09:33.344  render           | Saved: '/tmp/clearvla_eval_opaque_27424.png'
09:33.688  render           | Saved: '/tmp/clearvla_eval_opaque_27424.png'
09:34.113  render           | Saved: '/tmp/clearvla_eval_opaque_27424.png'
09:34.471  render           | Saved: '/tmp/clearvla_eval_opaque_27424.png'
09:34.875  render           | Saved: '/tmp/clearvla_eval_opaque_27424.png'
09:35.217  render           | Saved: '/tmp/clearvla_eval_opaque_27424.png'
09:35.631  render           | Saved: '/tmp/clearvla_eval_opaque_27424.png'
09:35.966  render           | Saved: '/tmp/clearvla_eval_opaque_27424.png'
09:36.364  render           | Saved: '/tmp/clearvla_eval_opaque_27424.png'
09:36.701  render           | Saved: '/tmp/clearvla_eval_opaque_27424.png'
09:37.102  render           | Saved: '/tmp/clearvla_eval_opaque_27424.png'
09:37.451  render           | Saved: '/tmp/clearvla_eval_opaque_27424.png'
09:37.869  render           | Saved: '/tmp/clearvla_eval_opaque_27424.png'
09:38.206  render           | Saved: '/tmp/clearvla_eval_opaque_27424.png'
09:38.623  render           | Saved: '/tmp/clearvla_eval_opaque_27424.png'
09:38.957  render           | Saved: '/tmp/clearvla_eval_opaque_27424.png'
09:39.373  render           | Saved: '/tmp/clearvla_eval_opaque_27424.png'
09:39.711  render           | Saved: '/tmp/clearvla_eval_opaque_27424.png'
09:40.120  render           | Saved: '/tmp/clearvla_eval_opaque_27424.png'
09:40.460  render           | Saved: '/tmp/clearvla_eval_opaque_27424.png'
09:40.863  render           | Saved: '/tmp/clearvla_eval_opaque_27424.png'
09:41.188  render           | Saved: '/tmp/clearvla_eval_opaque_27424.png'
09:41.595  render           | Saved: '/tmp/clearvla_eval_opaque_27424.png'
09:41.919  render           | Saved: '/tmp/clearvla_eval_opaque_27424.png'
09:42.324  render           | Saved: '/tmp/clearvla_eval_opaque_27424.png'
09:42.649  render           | Saved: '/tmp/clearvla_eval_opaque_27424.png'
09:43.059  render           | Saved: '/tmp/clearvla_eval_opaque_27424.png'
09:43.382  render           | Saved: '/tmp/clearvla_eval_opaque_27424.png'
09:43.784  render           | Saved: '/tmp/clearvla_eval_opaque_27424.png'
09:44.111  render           | Saved: '/tmp/clearvla_eval_opaque_27424.png'
09:44.521  render           | Saved: '/tmp/clearvla_eval_opaque_27424.png'
09:44.850  render           | Saved: '/tmp/clearvla_eval_opaque_27424.png'
09:45.252  render           | Saved: '/tmp/clearvla_eval_opaque_27424.png'
09:45.590  render           | Saved: '/tmp/clearvla_eval_opaque_27424.png'
09:45.991  render           | Saved: '/tmp/clearvla_eval_opaque_27424.png'
09:46.334  render           | Saved: '/tmp/clearvla_eval_opaque_27424.png'
09:46.738  render           | Saved: '/tmp/clearvla_eval_opaque_27424.png'
09:47.086  render           | Saved: '/tmp/clearvla_eval_opaque_27424.png'
09:47.504  render           | Saved: '/tmp/clearvla_eval_opaque_27424.png'
09:47.845  render           | Saved: '/tmp/clearvla_eval_opaque_27424.png'
09:48.243  render           | Saved: '/tmp/clearvla_eval_opaque_27424.png'
09:48.576  render           | Saved: '/tmp/clearvla_eval_opaque_27424.png'
09:48.969  render           | Saved: '/tmp/clearvla_eval_opaque_27424.png'
09:49.303  render           | Saved: '/tmp/clearvla_eval_opaque_27424.png'
09:50.144  render           | Saved: '/tmp/clearvla_eval_opaque_27424.png'
09:50.474  render           | Saved: '/tmp/clearvla_eval_opaque_27424.png'
09:50.924  render           | Saved: '/tmp/clearvla_eval_opaque_27424.png'
09:51.252  render           | Saved: '/tmp/clearvla_eval_opaque_27424.png'
09:51.665  render           | Saved: '/tmp/clearvla_eval_opaque_27424.png'
09:52.003  render           | Saved: '/tmp/clearvla_eval_opaque_27424.png'
09:52.415  render           | Saved: '/tmp/clearvla_eval_opaque_27424.png'
09:52.752  render           | Saved: '/tmp/clearvla_eval_opaque_27424.png'
09:53.165  render           | Saved: '/tmp/clearvla_eval_opaque_27424.png'
09:53.506  render           | Saved: '/tmp/clearvla_eval_opaque_27424.png'
09:53.906  render           | Saved: '/tmp/clearvla_eval_opaque_27424.png'
09:54.236  render           | Saved: '/tmp/clearvla_eval_opaque_27424.png'
09:54.644  render           | Saved: '/tmp/clearvla_eval_opaque_27424.png'
09:54.971  render           | Saved: '/tmp/clearvla_eval_opaque_27424.png'
09:55.391  render           | Saved: '/tmp/clearvla_eval_opaque_27424.png'
09:55.716  render           | Saved: '/tmp/clearvla_eval_opaque_27424.png'
09:56.136  render           | Saved: '/tmp/clearvla_eval_opaque_27424.png'
09:56.466  render           | Saved: '/tmp/clearvla_eval_opaque_27424.png'
09:56.872  render           | Saved: '/tmp/clearvla_eval_opaque_27424.png'
09:57.223  render           | Saved: '/tmp/clearvla_eval_opaque_27424.png'
09:57.645  render           | Saved: '/tmp/clearvla_eval_opaque_27424.png'
09:57.988  render           | Saved: '/tmp/clearvla_eval_opaque_27424.png'
09:58.393  render           | Saved: '/tmp/clearvla_eval_opaque_27424.png'
09:58.740  render           | Saved: '/tmp/clearvla_eval_opaque_27424.png'
09:59.144  render           | Saved: '/tmp/clearvla_eval_opaque_27424.png'
09:59.495  render           | Saved: '/tmp/clearvla_eval_opaque_27424.png'
09:59.912  render           | Saved: '/tmp/clearvla_eval_opaque_27424.png'
10:00.254  render           | Saved: '/tmp/clearvla_eval_opaque_27424.png'
10:00.653  render           | Saved: '/tmp/clearvla_eval_opaque_27424.png'
10:01.002  render           | Saved: '/tmp/clearvla_eval_opaque_27424.png'
10:01.817  render           | Saved: '/tmp/clearvla_eval_opaque_27424.png'
10:02.147  render           | Saved: '/tmp/clearvla_eval_opaque_27424.png'
10:02.567  render           | Saved: '/tmp/clearvla_eval_opaque_27424.png'
10:02.900  render           | Saved: '/tmp/clearvla_eval_opaque_27424.png'
10:03.306  render           | Saved: '/tmp/clearvla_eval_opaque_27424.png'
10:03.653  render           | Saved: '/tmp/clearvla_eval_opaque_27424.png'
10:04.052  render           | Saved: '/tmp/clearvla_eval_opaque_27424.png'
10:04.402  render           | Saved: '/tmp/clearvla_eval_opaque_27424.png'
10:04.802  render           | Saved: '/tmp/clearvla_eval_opaque_27424.png'
10:05.126  render           | Saved: '/tmp/clearvla_eval_opaque_27424.png'
10:05.529  render           | Saved: '/tmp/clearvla_eval_opaque_27424.png'
10:05.858  render           | Saved: '/tmp/clearvla_eval_opaque_27424.png'
10:06.267  render           | Saved: '/tmp/clearvla_eval_opaque_27424.png'
10:06.597  render           | Saved: '/tmp/clearvla_eval_opaque_27424.png'
10:07.012  render           | Saved: '/tmp/clearvla_eval_opaque_27424.png'
10:07.334  render           | Saved: '/tmp/clearvla_eval_opaque_27424.png'
10:07.740  render           | Saved: '/tmp/clearvla_eval_opaque_27424.png'
10:08.066  render           | Saved: '/tmp/clearvla_eval_opaque_27424.png'
10:08.474  render           | Saved: '/tmp/clearvla_eval_opaque_27424.png'
10:08.810  render           | Saved: '/tmp/clearvla_eval_opaque_27424.png'
10:09.213  render           | Saved: '/tmp/clearvla_eval_opaque_27424.png'
10:09.557  render           | Saved: '/tmp/clearvla_eval_opaque_27424.png'
10:09.952  render           | Saved: '/tmp/clearvla_eval_opaque_27424.png'
10:10.302  render           | Saved: '/tmp/clearvla_eval_opaque_27424.png'
10:10.704  render           | Saved: '/tmp/clearvla_eval_opaque_27424.png'
10:11.047  render           | Saved: '/tmp/clearvla_eval_opaque_27424.png'
10:11.461  render           | Saved: '/tmp/clearvla_eval_opaque_27424.png'
10:11.802  render           | Saved: '/tmp/clearvla_eval_opaque_27424.png'
10:12.202  render           | Saved: '/tmp/clearvla_eval_opaque_27424.png'
10:12.546  render           | Saved: '/tmp/clearvla_eval_opaque_27424.png'
[quant4/opaque] grasp: 32/40  (10.1 min, 11.1 s/ep)
10:13.368  render           | Saved: '/tmp/clearvla_eval_opaque_27424.png'
10:13.718  render           | Saved: '/tmp/clearvla_eval_opaque_27424.png'
10:14.143  render           | Saved: '/tmp/clearvla_eval_opaque_27424.png'
10:14.480  render           | Saved: '/tmp/clearvla_eval_opaque_27424.png'
10:14.887  render           | Saved: '/tmp/clearvla_eval_opaque_27424.png'
10:15.211  render           | Saved: '/tmp/clearvla_eval_opaque_27424.png'
10:15.617  render           | Saved: '/tmp/clearvla_eval_opaque_27424.png'
10:15.948  render           | Saved: '/tmp/clearvla_eval_opaque_27424.png'
10:16.354  render           | Saved: '/tmp/clearvla_eval_opaque_27424.png'
10:16.677  render           | Saved: '/tmp/clearvla_eval_opaque_27424.png'
10:17.084  render           | Saved: '/tmp/clearvla_eval_opaque_27424.png'
10:17.413  render           | Saved: '/tmp/clearvla_eval_opaque_27424.png'
10:17.822  render           | Saved: '/tmp/clearvla_eval_opaque_27424.png'
10:18.153  render           | Saved: '/tmp/clearvla_eval_opaque_27424.png'
10:18.577  render           | Saved: '/tmp/clearvla_eval_opaque_27424.png'
10:18.902  render           | Saved: '/tmp/clearvla_eval_opaque_27424.png'
10:19.336  render           | Saved: '/tmp/clearvla_eval_opaque_27424.png'
10:19.660  render           | Saved: '/tmp/clearvla_eval_opaque_27424.png'
10:20.074  render           | Saved: '/tmp/clearvla_eval_opaque_27424.png'
10:20.429  render           | Saved: '/tmp/clearvla_eval_opaque_27424.png'
10:20.844  render           | Saved: '/tmp/clearvla_eval_opaque_27424.png'
10:21.173  render           | Saved: '/tmp/clearvla_eval_opaque_27424.png'
10:21.586  render           | Saved: '/tmp/clearvla_eval_opaque_27424.png'
10:21.921  render           | Saved: '/tmp/clearvla_eval_opaque_27424.png'
10:22.322  render           | Saved: '/tmp/clearvla_eval_opaque_27424.png'
10:22.656  render           | Saved: '/tmp/clearvla_eval_opaque_27424.png'
10:23.063  render           | Saved: '/tmp/clearvla_eval_opaque_27424.png'
10:23.399  render           | Saved: '/tmp/clearvla_eval_opaque_27424.png'
10:23.793  render           | Saved: '/tmp/clearvla_eval_opaque_27424.png'
10:24.130  render           | Saved: '/tmp/clearvla_eval_opaque_27424.png'
10:24.529  render           | Saved: '/tmp/clearvla_eval_opaque_27424.png'
10:24.874  render           | Saved: '/tmp/clearvla_eval_opaque_27424.png'
10:25.275  render           | Saved: '/tmp/clearvla_eval_opaque_27424.png'
10:25.617  render           | Saved: '/tmp/clearvla_eval_opaque_27424.png'
10:26.015  render           | Saved: '/tmp/clearvla_eval_opaque_27424.png'
10:26.351  render           | Saved: '/tmp/clearvla_eval_opaque_27424.png'
10:26.741  render           | Saved: '/tmp/clearvla_eval_opaque_27424.png'
10:27.074  render           | Saved: '/tmp/clearvla_eval_opaque_27424.png'
10:27.463  render           | Saved: '/tmp/clearvla_eval_opaque_27424.png'
10:27.792  render           | Saved: '/tmp/clearvla_eval_opaque_27424.png'
10:28.187  render           | Saved: '/tmp/clearvla_eval_opaque_27424.png'
10:28.527  render           | Saved: '/tmp/clearvla_eval_opaque_27424.png'
10:28.924  render           | Saved: '/tmp/clearvla_eval_opaque_27424.png'
10:29.259  render           | Saved: '/tmp/clearvla_eval_opaque_27424.png'
10:29.661  render           | Saved: '/tmp/clearvla_eval_opaque_27424.png'
10:30.005  render           | Saved: '/tmp/clearvla_eval_opaque_27424.png'
10:30.407  render           | Saved: '/tmp/clearvla_eval_opaque_27424.png'
10:30.737  render           | Saved: '/tmp/clearvla_eval_opaque_27424.png'
10:31.126  render           | Saved: '/tmp/clearvla_eval_opaque_27424.png'
10:31.467  render           | Saved: '/tmp/clearvla_eval_opaque_27424.png'
10:31.868  render           | Saved: '/tmp/clearvla_eval_opaque_27424.png'
10:32.200  render           | Saved: '/tmp/clearvla_eval_opaque_27424.png'
10:32.594  render           | Saved: '/tmp/clearvla_eval_opaque_27424.png'
10:32.923  render           | Saved: '/tmp/clearvla_eval_opaque_27424.png'
10:33.317  render           | Saved: '/tmp/clearvla_eval_opaque_27424.png'
10:33.650  render           | Saved: '/tmp/clearvla_eval_opaque_27424.png'
10:34.043  render           | Saved: '/tmp/clearvla_eval_opaque_27424.png'
10:34.374  render           | Saved: '/tmp/clearvla_eval_opaque_27424.png'
10:34.769  render           | Saved: '/tmp/clearvla_eval_opaque_27424.png'
10:35.102  render           | Saved: '/tmp/clearvla_eval_opaque_27424.png'
10:35.493  render           | Saved: '/tmp/clearvla_eval_opaque_27424.png'
10:35.821  render           | Saved: '/tmp/clearvla_eval_opaque_27424.png'
10:36.221  render           | Saved: '/tmp/clearvla_eval_opaque_27424.png'
10:36.555  render           | Saved: '/tmp/clearvla_eval_opaque_27424.png'
10:36.949  render           | Saved: '/tmp/clearvla_eval_opaque_27424.png'
10:37.279  render           | Saved: '/tmp/clearvla_eval_opaque_27424.png'
10:37.671  render           | Saved: '/tmp/clearvla_eval_opaque_27424.png'
10:38.006  render           | Saved: '/tmp/clearvla_eval_opaque_27424.png'
10:38.395  render           | Saved: '/tmp/clearvla_eval_opaque_27424.png'
10:38.727  render           | Saved: '/tmp/clearvla_eval_opaque_27424.png'
10:39.127  render           | Saved: '/tmp/clearvla_eval_opaque_27424.png'
10:39.455  render           | Saved: '/tmp/clearvla_eval_opaque_27424.png'
10:39.848  render           | Saved: '/tmp/clearvla_eval_opaque_27424.png'
10:40.179  render           | Saved: '/tmp/clearvla_eval_opaque_27424.png'
10:40.576  render           | Saved: '/tmp/clearvla_eval_opaque_27424.png'
10:40.912  render           | Saved: '/tmp/clearvla_eval_opaque_27424.png'
10:41.776  render           | Saved: '/tmp/clearvla_eval_opaque_27424.png'
10:42.123  render           | Saved: '/tmp/clearvla_eval_opaque_27424.png'
10:42.565  render           | Saved: '/tmp/clearvla_eval_opaque_27424.png'
10:42.908  render           | Saved: '/tmp/clearvla_eval_opaque_27424.png'
10:43.336  render           | Saved: '/tmp/clearvla_eval_opaque_27424.png'
10:43.673  render           | Saved: '/tmp/clearvla_eval_opaque_27424.png'
10:44.130  render           | Saved: '/tmp/clearvla_eval_opaque_27424.png'
10:44.457  render           | Saved: '/tmp/clearvla_eval_opaque_27424.png'
10:44.884  render           | Saved: '/tmp/clearvla_eval_opaque_27424.png'
10:45.213  render           | Saved: '/tmp/clearvla_eval_opaque_27424.png'
10:45.634  render           | Saved: '/tmp/clearvla_eval_opaque_27424.png'
10:45.972  render           | Saved: '/tmp/clearvla_eval_opaque_27424.png'
10:46.384  render           | Saved: '/tmp/clearvla_eval_opaque_27424.png'
10:46.725  render           | Saved: '/tmp/clearvla_eval_opaque_27424.png'
10:47.139  render           | Saved: '/tmp/clearvla_eval_opaque_27424.png'
10:47.476  render           | Saved: '/tmp/clearvla_eval_opaque_27424.png'
10:47.893  render           | Saved: '/tmp/clearvla_eval_opaque_27424.png'
10:48.230  render           | Saved: '/tmp/clearvla_eval_opaque_27424.png'
10:48.645  render           | Saved: '/tmp/clearvla_eval_opaque_27424.png'
10:48.986  render           | Saved: '/tmp/clearvla_eval_opaque_27424.png'
10:49.404  render           | Saved: '/tmp/clearvla_eval_opaque_27424.png'
10:49.737  render           | Saved: '/tmp/clearvla_eval_opaque_27424.png'
10:50.148  render           | Saved: '/tmp/clearvla_eval_opaque_27424.png'
10:50.493  render           | Saved: '/tmp/clearvla_eval_opaque_27424.png'
10:50.896  render           | Saved: '/tmp/clearvla_eval_opaque_27424.png'
10:51.225  render           | Saved: '/tmp/clearvla_eval_opaque_27424.png'
10:51.623  render           | Saved: '/tmp/clearvla_eval_opaque_27424.png'
10:51.958  render           | Saved: '/tmp/clearvla_eval_opaque_27424.png'
10:52.357  render           | Saved: '/tmp/clearvla_eval_opaque_27424.png'
10:52.693  render           | Saved: '/tmp/clearvla_eval_opaque_27424.png'
10:53.542  render           | Saved: '/tmp/clearvla_eval_opaque_27424.png'
10:53.869  render           | Saved: '/tmp/clearvla_eval_opaque_27424.png'
10:54.333  render           | Saved: '/tmp/clearvla_eval_opaque_27424.png'
10:54.656  render           | Saved: '/tmp/clearvla_eval_opaque_27424.png'
10:55.067  render           | Saved: '/tmp/clearvla_eval_opaque_27424.png'
10:55.404  render           | Saved: '/tmp/clearvla_eval_opaque_27424.png'
10:55.820  render           | Saved: '/tmp/clearvla_eval_opaque_27424.png'
10:56.162  render           | Saved: '/tmp/clearvla_eval_opaque_27424.png'
10:56.570  render           | Saved: '/tmp/clearvla_eval_opaque_27424.png'
10:56.906  render           | Saved: '/tmp/clearvla_eval_opaque_27424.png'
10:57.312  render           | Saved: '/tmp/clearvla_eval_opaque_27424.png'
10:57.651  render           | Saved: '/tmp/clearvla_eval_opaque_27424.png'
10:58.055  render           | Saved: '/tmp/clearvla_eval_opaque_27424.png'
10:58.409  render           | Saved: '/tmp/clearvla_eval_opaque_27424.png'
10:58.826  render           | Saved: '/tmp/clearvla_eval_opaque_27424.png'
10:59.161  render           | Saved: '/tmp/clearvla_eval_opaque_27424.png'
10:59.573  render           | Saved: '/tmp/clearvla_eval_opaque_27424.png'
10:59.913  render           | Saved: '/tmp/clearvla_eval_opaque_27424.png'
11:00.345  render           | Saved: '/tmp/clearvla_eval_opaque_27424.png'
11:00.683  render           | Saved: '/tmp/clearvla_eval_opaque_27424.png'
11:01.089  render           | Saved: '/tmp/clearvla_eval_opaque_27424.png'
11:01.420  render           | Saved: '/tmp/clearvla_eval_opaque_27424.png'
11:01.823  render           | Saved: '/tmp/clearvla_eval_opaque_27424.png'
11:02.155  render           | Saved: '/tmp/clearvla_eval_opaque_27424.png'
11:02.551  render           | Saved: '/tmp/clearvla_eval_opaque_27424.png'
11:02.882  render           | Saved: '/tmp/clearvla_eval_opaque_27424.png'
11:03.277  render           | Saved: '/tmp/clearvla_eval_opaque_27424.png'
11:03.610  render           | Saved: '/tmp/clearvla_eval_opaque_27424.png'
11:04.005  render           | Saved: '/tmp/clearvla_eval_opaque_27424.png'
11:04.337  render           | Saved: '/tmp/clearvla_eval_opaque_27424.png'
11:04.730  render           | Saved: '/tmp/clearvla_eval_opaque_27424.png'
11:05.060  render           | Saved: '/tmp/clearvla_eval_opaque_27424.png'
11:05.452  render           | Saved: '/tmp/clearvla_eval_opaque_27424.png'
11:05.783  render           | Saved: '/tmp/clearvla_eval_opaque_27424.png'
11:06.181  render           | Saved: '/tmp/clearvla_eval_opaque_27424.png'
11:06.513  render           | Saved: '/tmp/clearvla_eval_opaque_27424.png'
11:06.912  render           | Saved: '/tmp/clearvla_eval_opaque_27424.png'
11:07.245  render           | Saved: '/tmp/clearvla_eval_opaque_27424.png'
11:07.644  render           | Saved: '/tmp/clearvla_eval_opaque_27424.png'
11:07.979  render           | Saved: '/tmp/clearvla_eval_opaque_27424.png'
11:08.373  render           | Saved: '/tmp/clearvla_eval_opaque_27424.png'
11:08.709  render           | Saved: '/tmp/clearvla_eval_opaque_27424.png'
11:09.104  render           | Saved: '/tmp/clearvla_eval_opaque_27424.png'
11:09.436  render           | Saved: '/tmp/clearvla_eval_opaque_27424.png'
11:09.844  render           | Saved: '/tmp/clearvla_eval_opaque_27424.png'
11:10.192  render           | Saved: '/tmp/clearvla_eval_opaque_27424.png'
11:10.584  render           | Saved: '/tmp/clearvla_eval_opaque_27424.png'
11:10.913  render           | Saved: '/tmp/clearvla_eval_opaque_27424.png'
11:11.307  render           | Saved: '/tmp/clearvla_eval_opaque_27424.png'
11:11.651  render           | Saved: '/tmp/clearvla_eval_opaque_27424.png'
11:12.041  render           | Saved: '/tmp/clearvla_eval_opaque_27424.png'
11:12.392  render           | Saved: '/tmp/clearvla_eval_opaque_27424.png'
11:12.774  render           | Saved: '/tmp/clearvla_eval_opaque_27424.png'
11:13.106  render           | Saved: '/tmp/clearvla_eval_opaque_27424.png'
11:13.505  render           | Saved: '/tmp/clearvla_eval_opaque_27424.png'
11:13.842  render           | Saved: '/tmp/clearvla_eval_opaque_27424.png'
11:14.225  render           | Saved: '/tmp/clearvla_eval_opaque_27424.png'
11:14.592  render           | Saved: '/tmp/clearvla_eval_opaque_27424.png'
11:14.987  render           | Saved: '/tmp/clearvla_eval_opaque_27424.png'
11:15.368  render           | Saved: '/tmp/clearvla_eval_opaque_27424.png'
11:15.775  render           | Saved: '/tmp/clearvla_eval_opaque_27424.png'
11:16.114  render           | Saved: '/tmp/clearvla_eval_opaque_27424.png'
11:16.537  render           | Saved: '/tmp/clearvla_eval_opaque_27424.png'
11:16.880  render           | Saved: '/tmp/clearvla_eval_opaque_27424.png'
11:17.308  render           | Saved: '/tmp/clearvla_eval_opaque_27424.png'
11:17.658  render           | Saved: '/tmp/clearvla_eval_opaque_27424.png'
11:18.083  render           | Saved: '/tmp/clearvla_eval_opaque_27424.png'
11:18.430  render           | Saved: '/tmp/clearvla_eval_opaque_27424.png'
11:18.853  render           | Saved: '/tmp/clearvla_eval_opaque_27424.png'
11:19.194  render           | Saved: '/tmp/clearvla_eval_opaque_27424.png'
11:19.608  render           | Saved: '/tmp/clearvla_eval_opaque_27424.png'
11:19.938  render           | Saved: '/tmp/clearvla_eval_opaque_27424.png'
11:20.348  render           | Saved: '/tmp/clearvla_eval_opaque_27424.png'
11:20.682  render           | Saved: '/tmp/clearvla_eval_opaque_27424.png'
11:21.087  render           | Saved: '/tmp/clearvla_eval_opaque_27424.png'
11:21.413  render           | Saved: '/tmp/clearvla_eval_opaque_27424.png'
11:22.242  render           | Saved: '/tmp/clearvla_eval_opaque_27424.png'
11:22.573  render           | Saved: '/tmp/clearvla_eval_opaque_27424.png'
11:22.976  render           | Saved: '/tmp/clearvla_eval_opaque_27424.png'
11:23.309  render           | Saved: '/tmp/clearvla_eval_opaque_27424.png'
11:23.706  render           | Saved: '/tmp/clearvla_eval_opaque_27424.png'
11:24.036  render           | Saved: '/tmp/clearvla_eval_opaque_27424.png'
11:24.429  render           | Saved: '/tmp/clearvla_eval_opaque_27424.png'
11:24.766  render           | Saved: '/tmp/clearvla_eval_opaque_27424.png'
11:25.166  render           | Saved: '/tmp/clearvla_eval_opaque_27424.png'
11:25.502  render           | Saved: '/tmp/clearvla_eval_opaque_27424.png'
11:25.894  render           | Saved: '/tmp/clearvla_eval_opaque_27424.png'
11:26.230  render           | Saved: '/tmp/clearvla_eval_opaque_27424.png'
11:26.635  render           | Saved: '/tmp/clearvla_eval_opaque_27424.png'
11:26.973  render           | Saved: '/tmp/clearvla_eval_opaque_27424.png'
11:27.369  render           | Saved: '/tmp/clearvla_eval_opaque_27424.png'
11:27.705  render           | Saved: '/tmp/clearvla_eval_opaque_27424.png'
11:28.102  render           | Saved: '/tmp/clearvla_eval_opaque_27424.png'
11:28.432  render           | Saved: '/tmp/clearvla_eval_opaque_27424.png'
11:28.835  render           | Saved: '/tmp/clearvla_eval_opaque_27424.png'
11:29.167  render           | Saved: '/tmp/clearvla_eval_opaque_27424.png'
11:29.569  render           | Saved: '/tmp/clearvla_eval_opaque_27424.png'
11:29.904  render           | Saved: '/tmp/clearvla_eval_opaque_27424.png'
11:30.313  render           | Saved: '/tmp/clearvla_eval_opaque_27424.png'
11:30.651  render           | Saved: '/tmp/clearvla_eval_opaque_27424.png'
11:31.060  render           | Saved: '/tmp/clearvla_eval_opaque_27424.png'
11:31.408  render           | Saved: '/tmp/clearvla_eval_opaque_27424.png'
11:31.824  render           | Saved: '/tmp/clearvla_eval_opaque_27424.png'
11:32.188  render           | Saved: '/tmp/clearvla_eval_opaque_27424.png'
11:32.608  render           | Saved: '/tmp/clearvla_eval_opaque_27424.png'
11:32.944  render           | Saved: '/tmp/clearvla_eval_opaque_27424.png'
11:33.337  render           | Saved: '/tmp/clearvla_eval_opaque_27424.png'
11:33.668  render           | Saved: '/tmp/clearvla_eval_opaque_27424.png'
11:34.062  render           | Saved: '/tmp/clearvla_eval_opaque_27424.png'
11:34.397  render           | Saved: '/tmp/clearvla_eval_opaque_27424.png'
11:34.812  render           | Saved: '/tmp/clearvla_eval_opaque_27424.png'
11:35.183  render           | Saved: '/tmp/clearvla_eval_opaque_27424.png'
11:35.617  render           | Saved: '/tmp/clearvla_eval_opaque_27424.png'
11:35.978  render           | Saved: '/tmp/clearvla_eval_opaque_27424.png'
11:36.392  render           | Saved: '/tmp/clearvla_eval_opaque_27424.png'
11:36.742  render           | Saved: '/tmp/clearvla_eval_opaque_27424.png'
11:37.150  render           | Saved: '/tmp/clearvla_eval_opaque_27424.png'
11:37.498  render           | Saved: '/tmp/clearvla_eval_opaque_27424.png'
11:37.910  render           | Saved: '/tmp/clearvla_eval_opaque_27424.png'
11:38.256  render           | Saved: '/tmp/clearvla_eval_opaque_27424.png'
11:38.668  render           | Saved: '/tmp/clearvla_eval_opaque_27424.png'
11:39.016  render           | Saved: '/tmp/clearvla_eval_opaque_27424.png'
11:39.423  render           | Saved: '/tmp/clearvla_eval_opaque_27424.png'
11:39.764  render           | Saved: '/tmp/clearvla_eval_opaque_27424.png'
11:40.164  render           | Saved: '/tmp/clearvla_eval_opaque_27424.png'
11:40.499  render           | Saved: '/tmp/clearvla_eval_opaque_27424.png'
11:40.893  render           | Saved: '/tmp/clearvla_eval_opaque_27424.png'
11:41.219  render           | Saved: '/tmp/clearvla_eval_opaque_27424.png'
11:41.618  render           | Saved: '/tmp/clearvla_eval_opaque_27424.png'
11:41.952  render           | Saved: '/tmp/clearvla_eval_opaque_27424.png'
11:42.353  render           | Saved: '/tmp/clearvla_eval_opaque_27424.png'
11:42.684  render           | Saved: '/tmp/clearvla_eval_opaque_27424.png'
11:43.078  render           | Saved: '/tmp/clearvla_eval_opaque_27424.png'
11:43.411  render           | Saved: '/tmp/clearvla_eval_opaque_27424.png'
11:43.808  render           | Saved: '/tmp/clearvla_eval_opaque_27424.png'
11:44.146  render           | Saved: '/tmp/clearvla_eval_opaque_27424.png'
11:44.545  render           | Saved: '/tmp/clearvla_eval_opaque_27424.png'
11:44.875  render           | Saved: '/tmp/clearvla_eval_opaque_27424.png'
11:45.275  render           | Saved: '/tmp/clearvla_eval_opaque_27424.png'
11:45.610  render           | Saved: '/tmp/clearvla_eval_opaque_27424.png'
11:46.006  render           | Saved: '/tmp/clearvla_eval_opaque_27424.png'
11:46.343  render           | Saved: '/tmp/clearvla_eval_opaque_27424.png'
11:46.750  render           | Saved: '/tmp/clearvla_eval_opaque_27424.png'
11:47.092  render           | Saved: '/tmp/clearvla_eval_opaque_27424.png'
11:47.502  render           | Saved: '/tmp/clearvla_eval_opaque_27424.png'
11:47.841  render           | Saved: '/tmp/clearvla_eval_opaque_27424.png'
11:48.239  render           | Saved: '/tmp/clearvla_eval_opaque_27424.png'
11:48.577  render           | Saved: '/tmp/clearvla_eval_opaque_27424.png'
11:48.974  render           | Saved: '/tmp/clearvla_eval_opaque_27424.png'
11:49.312  render           | Saved: '/tmp/clearvla_eval_opaque_27424.png'
11:49.703  render           | Saved: '/tmp/clearvla_eval_opaque_27424.png'
11:50.030  render           | Saved: '/tmp/clearvla_eval_opaque_27424.png'
11:50.825  render           | Saved: '/tmp/clearvla_eval_opaque_27424.png'
11:51.170  render           | Saved: '/tmp/clearvla_eval_opaque_27424.png'
11:51.570  render           | Saved: '/tmp/clearvla_eval_opaque_27424.png'
11:51.945  render           | Saved: '/tmp/clearvla_eval_opaque_27424.png'
11:52.356  render           | Saved: '/tmp/clearvla_eval_opaque_27424.png'
11:52.723  render           | Saved: '/tmp/clearvla_eval_opaque_27424.png'
11:53.133  render           | Saved: '/tmp/clearvla_eval_opaque_27424.png'
11:53.481  render           | Saved: '/tmp/clearvla_eval_opaque_27424.png'
11:53.911  render           | Saved: '/tmp/clearvla_eval_opaque_27424.png'
11:54.253  render           | Saved: '/tmp/clearvla_eval_opaque_27424.png'
11:54.683  render           | Saved: '/tmp/clearvla_eval_opaque_27424.png'
11:55.012  render           | Saved: '/tmp/clearvla_eval_opaque_27424.png'
11:55.451  render           | Saved: '/tmp/clearvla_eval_opaque_27424.png'
11:55.776  render           | Saved: '/tmp/clearvla_eval_opaque_27424.png'
11:56.187  render           | Saved: '/tmp/clearvla_eval_opaque_27424.png'
11:56.533  render           | Saved: '/tmp/clearvla_eval_opaque_27424.png'
11:56.953  render           | Saved: '/tmp/clearvla_eval_opaque_27424.png'
11:57.292  render           | Saved: '/tmp/clearvla_eval_opaque_27424.png'
11:57.701  render           | Saved: '/tmp/clearvla_eval_opaque_27424.png'
11:58.049  render           | Saved: '/tmp/clearvla_eval_opaque_27424.png'
11:58.458  render           | Saved: '/tmp/clearvla_eval_opaque_27424.png'
11:58.791  render           | Saved: '/tmp/clearvla_eval_opaque_27424.png'
11:59.205  render           | Saved: '/tmp/clearvla_eval_opaque_27424.png'
11:59.554  render           | Saved: '/tmp/clearvla_eval_opaque_27424.png'
11:59.972  render           | Saved: '/tmp/clearvla_eval_opaque_27424.png'
12:00.312  render           | Saved: '/tmp/clearvla_eval_opaque_27424.png'
12:00.716  render           | Saved: '/tmp/clearvla_eval_opaque_27424.png'
12:01.070  render           | Saved: '/tmp/clearvla_eval_opaque_27424.png'
12:01.486  render           | Saved: '/tmp/clearvla_eval_opaque_27424.png'
12:01.823  render           | Saved: '/tmp/clearvla_eval_opaque_27424.png'
12:02.633  render           | Saved: '/tmp/clearvla_eval_opaque_27424.png'
12:02.962  render           | Saved: '/tmp/clearvla_eval_opaque_27424.png'
12:03.363  render           | Saved: '/tmp/clearvla_eval_opaque_27424.png'
12:03.698  render           | Saved: '/tmp/clearvla_eval_opaque_27424.png'
12:04.092  render           | Saved: '/tmp/clearvla_eval_opaque_27424.png'
12:04.429  render           | Saved: '/tmp/clearvla_eval_opaque_27424.png'
12:04.826  render           | Saved: '/tmp/clearvla_eval_opaque_27424.png'
12:05.160  render           | Saved: '/tmp/clearvla_eval_opaque_27424.png'
12:05.548  render           | Saved: '/tmp/clearvla_eval_opaque_27424.png'
12:05.883  render           | Saved: '/tmp/clearvla_eval_opaque_27424.png'
12:06.274  render           | Saved: '/tmp/clearvla_eval_opaque_27424.png'
12:06.609  render           | Saved: '/tmp/clearvla_eval_opaque_27424.png'
12:07.007  render           | Saved: '/tmp/clearvla_eval_opaque_27424.png'
12:07.341  render           | Saved: '/tmp/clearvla_eval_opaque_27424.png'
12:07.738  render           | Saved: '/tmp/clearvla_eval_opaque_27424.png'
12:08.072  render           | Saved: '/tmp/clearvla_eval_opaque_27424.png'
12:08.470  render           | Saved: '/tmp/clearvla_eval_opaque_27424.png'
12:08.806  render           | Saved: '/tmp/clearvla_eval_opaque_27424.png'
12:09.206  render           | Saved: '/tmp/clearvla_eval_opaque_27424.png'
12:09.538  render           | Saved: '/tmp/clearvla_eval_opaque_27424.png'
12:09.939  render           | Saved: '/tmp/clearvla_eval_opaque_27424.png'
12:10.274  render           | Saved: '/tmp/clearvla_eval_opaque_27424.png'
12:10.670  render           | Saved: '/tmp/clearvla_eval_opaque_27424.png'
12:11.006  render           | Saved: '/tmp/clearvla_eval_opaque_27424.png'
12:11.404  render           | Saved: '/tmp/clearvla_eval_opaque_27424.png'
12:11.737  render           | Saved: '/tmp/clearvla_eval_opaque_27424.png'
12:12.133  render           | Saved: '/tmp/clearvla_eval_opaque_27424.png'
12:12.467  render           | Saved: '/tmp/clearvla_eval_opaque_27424.png'
12:12.862  render           | Saved: '/tmp/clearvla_eval_opaque_27424.png'
12:13.191  render           | Saved: '/tmp/clearvla_eval_opaque_27424.png'
12:13.586  render           | Saved: '/tmp/clearvla_eval_opaque_27424.png'
12:13.917  render           | Saved: '/tmp/clearvla_eval_opaque_27424.png'
12:14.311  render           | Saved: '/tmp/clearvla_eval_opaque_27424.png'
12:14.650  render           | Saved: '/tmp/clearvla_eval_opaque_27424.png'
12:15.042  render           | Saved: '/tmp/clearvla_eval_opaque_27424.png'
12:15.381  render           | Saved: '/tmp/clearvla_eval_opaque_27424.png'
12:15.780  render           | Saved: '/tmp/clearvla_eval_opaque_27424.png'
12:16.115  render           | Saved: '/tmp/clearvla_eval_opaque_27424.png'
12:16.527  render           | Saved: '/tmp/clearvla_eval_opaque_27424.png'
12:16.855  render           | Saved: '/tmp/clearvla_eval_opaque_27424.png'
12:17.269  render           | Saved: '/tmp/clearvla_eval_opaque_27424.png'
12:17.603  render           | Saved: '/tmp/clearvla_eval_opaque_27424.png'
12:18.015  render           | Saved: '/tmp/clearvla_eval_opaque_27424.png'
12:18.342  render           | Saved: '/tmp/clearvla_eval_opaque_27424.png'
12:18.765  render           | Saved: '/tmp/clearvla_eval_opaque_27424.png'
12:19.097  render           | Saved: '/tmp/clearvla_eval_opaque_27424.png'
12:19.513  render           | Saved: '/tmp/clearvla_eval_opaque_27424.png'
12:19.843  render           | Saved: '/tmp/clearvla_eval_opaque_27424.png'
12:20.253  render           | Saved: '/tmp/clearvla_eval_opaque_27424.png'
12:20.587  render           | Saved: '/tmp/clearvla_eval_opaque_27424.png'
12:21.000  render           | Saved: '/tmp/clearvla_eval_opaque_27424.png'
12:21.327  render           | Saved: '/tmp/clearvla_eval_opaque_27424.png'
12:21.735  render           | Saved: '/tmp/clearvla_eval_opaque_27424.png'
12:22.065  render           | Saved: '/tmp/clearvla_eval_opaque_27424.png'
12:22.468  render           | Saved: '/tmp/clearvla_eval_opaque_27424.png'
12:22.799  render           | Saved: '/tmp/clearvla_eval_opaque_27424.png'
12:23.203  render           | Saved: '/tmp/clearvla_eval_opaque_27424.png'
12:23.532  render           | Saved: '/tmp/clearvla_eval_opaque_27424.png'
12:23.923  render           | Saved: '/tmp/clearvla_eval_opaque_27424.png'
12:24.261  render           | Saved: '/tmp/clearvla_eval_opaque_27424.png'
12:24.654  render           | Saved: '/tmp/clearvla_eval_opaque_27424.png'
12:24.983  render           | Saved: '/tmp/clearvla_eval_opaque_27424.png'
12:25.378  render           | Saved: '/tmp/clearvla_eval_opaque_27424.png'
12:25.726  render           | Saved: '/tmp/clearvla_eval_opaque_27424.png'
12:26.154  render           | Saved: '/tmp/clearvla_eval_opaque_27424.png'
12:26.521  render           | Saved: '/tmp/clearvla_eval_opaque_27424.png'
12:26.953  render           | Saved: '/tmp/clearvla_eval_opaque_27424.png'
12:27.297  render           | Saved: '/tmp/clearvla_eval_opaque_27424.png'
12:27.698  render           | Saved: '/tmp/clearvla_eval_opaque_27424.png'
12:28.034  render           | Saved: '/tmp/clearvla_eval_opaque_27424.png'
12:28.421  render           | Saved: '/tmp/clearvla_eval_opaque_27424.png'
12:28.761  render           | Saved: '/tmp/clearvla_eval_opaque_27424.png'
12:29.159  render           | Saved: '/tmp/clearvla_eval_opaque_27424.png'
12:29.492  render           | Saved: '/tmp/clearvla_eval_opaque_27424.png'
12:29.890  render           | Saved: '/tmp/clearvla_eval_opaque_27424.png'
12:30.231  render           | Saved: '/tmp/clearvla_eval_opaque_27424.png'
12:31.059  render           | Saved: '/tmp/clearvla_eval_opaque_27424.png'
12:31.396  render           | Saved: '/tmp/clearvla_eval_opaque_27424.png'
12:31.807  render           | Saved: '/tmp/clearvla_eval_opaque_27424.png'
12:32.133  render           | Saved: '/tmp/clearvla_eval_opaque_27424.png'
12:32.538  render           | Saved: '/tmp/clearvla_eval_opaque_27424.png'
12:32.863  render           | Saved: '/tmp/clearvla_eval_opaque_27424.png'
12:33.264  render           | Saved: '/tmp/clearvla_eval_opaque_27424.png'
12:33.596  render           | Saved: '/tmp/clearvla_eval_opaque_27424.png'
12:34.006  render           | Saved: '/tmp/clearvla_eval_opaque_27424.png'
12:34.351  render           | Saved: '/tmp/clearvla_eval_opaque_27424.png'
12:34.755  render           | Saved: '/tmp/clearvla_eval_opaque_27424.png'
12:35.087  render           | Saved: '/tmp/clearvla_eval_opaque_27424.png'
12:35.491  render           | Saved: '/tmp/clearvla_eval_opaque_27424.png'
12:35.827  render           | Saved: '/tmp/clearvla_eval_opaque_27424.png'
12:36.237  render           | Saved: '/tmp/clearvla_eval_opaque_27424.png'
12:36.569  render           | Saved: '/tmp/clearvla_eval_opaque_27424.png'
12:36.970  render           | Saved: '/tmp/clearvla_eval_opaque_27424.png'
12:37.308  render           | Saved: '/tmp/clearvla_eval_opaque_27424.png'
12:37.704  render           | Saved: '/tmp/clearvla_eval_opaque_27424.png'
12:38.061  render           | Saved: '/tmp/clearvla_eval_opaque_27424.png'
12:38.455  render           | Saved: '/tmp/clearvla_eval_opaque_27424.png'
12:38.787  render           | Saved: '/tmp/clearvla_eval_opaque_27424.png'
12:39.179  render           | Saved: '/tmp/clearvla_eval_opaque_27424.png'
12:39.509  render           | Saved: '/tmp/clearvla_eval_opaque_27424.png'
12:39.903  render           | Saved: '/tmp/clearvla_eval_opaque_27424.png'
12:40.251  render           | Saved: '/tmp/clearvla_eval_opaque_27424.png'
12:40.638  render           | Saved: '/tmp/clearvla_eval_opaque_27424.png'
12:41.015  render           | Saved: '/tmp/clearvla_eval_opaque_27424.png'
12:41.408  render           | Saved: '/tmp/clearvla_eval_opaque_27424.png'
12:41.752  render           | Saved: '/tmp/clearvla_eval_opaque_27424.png'
12:42.605  render           | Saved: '/tmp/clearvla_eval_opaque_27424.png'
12:42.963  render           | Saved: '/tmp/clearvla_eval_opaque_27424.png'
12:43.410  render           | Saved: '/tmp/clearvla_eval_opaque_27424.png'
12:43.758  render           | Saved: '/tmp/clearvla_eval_opaque_27424.png'
12:44.174  render           | Saved: '/tmp/clearvla_eval_opaque_27424.png'
12:44.511  render           | Saved: '/tmp/clearvla_eval_opaque_27424.png'
12:44.906  render           | Saved: '/tmp/clearvla_eval_opaque_27424.png'
12:45.238  render           | Saved: '/tmp/clearvla_eval_opaque_27424.png'
12:45.624  render           | Saved: '/tmp/clearvla_eval_opaque_27424.png'
12:45.959  render           | Saved: '/tmp/clearvla_eval_opaque_27424.png'
12:46.358  render           | Saved: '/tmp/clearvla_eval_opaque_27424.png'
12:46.693  render           | Saved: '/tmp/clearvla_eval_opaque_27424.png'
12:47.095  render           | Saved: '/tmp/clearvla_eval_opaque_27424.png'
12:47.431  render           | Saved: '/tmp/clearvla_eval_opaque_27424.png'
12:47.822  render           | Saved: '/tmp/clearvla_eval_opaque_27424.png'
12:48.151  render           | Saved: '/tmp/clearvla_eval_opaque_27424.png'
12:48.546  render           | Saved: '/tmp/clearvla_eval_opaque_27424.png'
12:48.875  render           | Saved: '/tmp/clearvla_eval_opaque_27424.png'
12:49.273  render           | Saved: '/tmp/clearvla_eval_opaque_27424.png'
12:49.605  render           | Saved: '/tmp/clearvla_eval_opaque_27424.png'
12:49.999  render           | Saved: '/tmp/clearvla_eval_opaque_27424.png'
12:50.330  render           | Saved: '/tmp/clearvla_eval_opaque_27424.png'
12:50.723  render           | Saved: '/tmp/clearvla_eval_opaque_27424.png'
12:51.055  render           | Saved: '/tmp/clearvla_eval_opaque_27424.png'
12:51.452  render           | Saved: '/tmp/clearvla_eval_opaque_27424.png'
12:51.778  render           | Saved: '/tmp/clearvla_eval_opaque_27424.png'
12:52.178  render           | Saved: '/tmp/clearvla_eval_opaque_27424.png'
12:52.505  render           | Saved: '/tmp/clearvla_eval_opaque_27424.png'
12:52.906  render           | Saved: '/tmp/clearvla_eval_opaque_27424.png'
12:53.240  render           | Saved: '/tmp/clearvla_eval_opaque_27424.png'
12:53.640  render           | Saved: '/tmp/clearvla_eval_opaque_27424.png'
12:53.976  render           | Saved: '/tmp/clearvla_eval_opaque_27424.png'
12:54.798  render           | Saved: '/tmp/clearvla_eval_opaque_27424.png'
12:55.132  render           | Saved: '/tmp/clearvla_eval_opaque_27424.png'
12:55.553  render           | Saved: '/tmp/clearvla_eval_opaque_27424.png'
12:55.885  render           | Saved: '/tmp/clearvla_eval_opaque_27424.png'
12:56.296  render           | Saved: '/tmp/clearvla_eval_opaque_27424.png'
12:56.632  render           | Saved: '/tmp/clearvla_eval_opaque_27424.png'
12:57.043  render           | Saved: '/tmp/clearvla_eval_opaque_27424.png'
12:57.380  render           | Saved: '/tmp/clearvla_eval_opaque_27424.png'
12:57.793  render           | Saved: '/tmp/clearvla_eval_opaque_27424.png'
12:58.134  render           | Saved: '/tmp/clearvla_eval_opaque_27424.png'
12:58.546  render           | Saved: '/tmp/clearvla_eval_opaque_27424.png'
12:58.883  render           | Saved: '/tmp/clearvla_eval_opaque_27424.png'
12:59.289  render           | Saved: '/tmp/clearvla_eval_opaque_27424.png'
12:59.637  render           | Saved: '/tmp/clearvla_eval_opaque_27424.png'
13:00.056  render           | Saved: '/tmp/clearvla_eval_opaque_27424.png'
13:00.393  render           | Saved: '/tmp/clearvla_eval_opaque_27424.png'
13:00.806  render           | Saved: '/tmp/clearvla_eval_opaque_27424.png'
13:01.153  render           | Saved: '/tmp/clearvla_eval_opaque_27424.png'
13:01.574  render           | Saved: '/tmp/clearvla_eval_opaque_27424.png'
13:01.908  render           | Saved: '/tmp/clearvla_eval_opaque_27424.png'
13:02.316  render           | Saved: '/tmp/clearvla_eval_opaque_27424.png'
13:02.654  render           | Saved: '/tmp/clearvla_eval_opaque_27424.png'
13:03.056  render           | Saved: '/tmp/clearvla_eval_opaque_27424.png'
13:03.392  render           | Saved: '/tmp/clearvla_eval_opaque_27424.png'
13:03.793  render           | Saved: '/tmp/clearvla_eval_opaque_27424.png'
13:04.131  render           | Saved: '/tmp/clearvla_eval_opaque_27424.png'
13:04.526  render           | Saved: '/tmp/clearvla_eval_opaque_27424.png'
13:04.878  render           | Saved: '/tmp/clearvla_eval_opaque_27424.png'
13:05.275  render           | Saved: '/tmp/clearvla_eval_opaque_27424.png'
13:05.619  render           | Saved: '/tmp/clearvla_eval_opaque_27424.png'
13:06.457  render           | Saved: '/tmp/clearvla_eval_opaque_27424.png'
13:06.782  render           | Saved: '/tmp/clearvla_eval_opaque_27424.png'
13:07.202  render           | Saved: '/tmp/clearvla_eval_opaque_27424.png'
13:07.536  render           | Saved: '/tmp/clearvla_eval_opaque_27424.png'
13:07.951  render           | Saved: '/tmp/clearvla_eval_opaque_27424.png'
13:08.291  render           | Saved: '/tmp/clearvla_eval_opaque_27424.png'
13:08.693  render           | Saved: '/tmp/clearvla_eval_opaque_27424.png'
13:09.021  render           | Saved: '/tmp/clearvla_eval_opaque_27424.png'
13:09.425  render           | Saved: '/tmp/clearvla_eval_opaque_27424.png'
13:09.748  render           | Saved: '/tmp/clearvla_eval_opaque_27424.png'
13:10.155  render           | Saved: '/tmp/clearvla_eval_opaque_27424.png'
13:10.487  render           | Saved: '/tmp/clearvla_eval_opaque_27424.png'
13:10.911  render           | Saved: '/tmp/clearvla_eval_opaque_27424.png'
13:11.254  render           | Saved: '/tmp/clearvla_eval_opaque_27424.png'
13:11.686  render           | Saved: '/tmp/clearvla_eval_opaque_27424.png'
13:12.029  render           | Saved: '/tmp/clearvla_eval_opaque_27424.png'
13:12.449  render           | Saved: '/tmp/clearvla_eval_opaque_27424.png'
13:12.787  render           | Saved: '/tmp/clearvla_eval_opaque_27424.png'
13:13.206  render           | Saved: '/tmp/clearvla_eval_opaque_27424.png'
13:13.535  render           | Saved: '/tmp/clearvla_eval_opaque_27424.png'
13:13.945  render           | Saved: '/tmp/clearvla_eval_opaque_27424.png'
13:14.277  render           | Saved: '/tmp/clearvla_eval_opaque_27424.png'
13:14.696  render           | Saved: '/tmp/clearvla_eval_opaque_27424.png'
13:15.027  render           | Saved: '/tmp/clearvla_eval_opaque_27424.png'
13:15.437  render           | Saved: '/tmp/clearvla_eval_opaque_27424.png'
13:15.762  render           | Saved: '/tmp/clearvla_eval_opaque_27424.png'
13:16.174  render           | Saved: '/tmp/clearvla_eval_opaque_27424.png'
13:16.500  render           | Saved: '/tmp/clearvla_eval_opaque_27424.png'
13:16.916  render           | Saved: '/tmp/clearvla_eval_opaque_27424.png'
13:17.246  render           | Saved: '/tmp/clearvla_eval_opaque_27424.png'
[quant4/opaque] grasp: 38/50  (13.2 min, 11.2 s/ep)
13:18.070  render           | Saved: '/tmp/clearvla_eval_opaque_27424.png'
13:18.413  render           | Saved: '/tmp/clearvla_eval_opaque_27424.png'
13:18.821  render           | Saved: '/tmp/clearvla_eval_opaque_27424.png'
13:19.170  render           | Saved: '/tmp/clearvla_eval_opaque_27424.png'
13:19.586  render           | Saved: '/tmp/clearvla_eval_opaque_27424.png'
13:19.931  render           | Saved: '/tmp/clearvla_eval_opaque_27424.png'
13:20.343  render           | Saved: '/tmp/clearvla_eval_opaque_27424.png'
13:20.684  render           | Saved: '/tmp/clearvla_eval_opaque_27424.png'
13:21.101  render           | Saved: '/tmp/clearvla_eval_opaque_27424.png'
13:21.449  render           | Saved: '/tmp/clearvla_eval_opaque_27424.png'
13:21.869  render           | Saved: '/tmp/clearvla_eval_opaque_27424.png'
13:22.216  render           | Saved: '/tmp/clearvla_eval_opaque_27424.png'
13:22.614  render           | Saved: '/tmp/clearvla_eval_opaque_27424.png'
13:22.959  render           | Saved: '/tmp/clearvla_eval_opaque_27424.png'
13:23.380  render           | Saved: '/tmp/clearvla_eval_opaque_27424.png'
13:23.725  render           | Saved: '/tmp/clearvla_eval_opaque_27424.png'
13:24.125  render           | Saved: '/tmp/clearvla_eval_opaque_27424.png'
13:24.456  render           | Saved: '/tmp/clearvla_eval_opaque_27424.png'
13:24.854  render           | Saved: '/tmp/clearvla_eval_opaque_27424.png'
13:25.187  render           | Saved: '/tmp/clearvla_eval_opaque_27424.png'
13:25.579  render           | Saved: '/tmp/clearvla_eval_opaque_27424.png'
13:25.916  render           | Saved: '/tmp/clearvla_eval_opaque_27424.png'
13:26.317  render           | Saved: '/tmp/clearvla_eval_opaque_27424.png'
13:26.655  render           | Saved: '/tmp/clearvla_eval_opaque_27424.png'
13:27.052  render           | Saved: '/tmp/clearvla_eval_opaque_27424.png'
13:27.388  render           | Saved: '/tmp/clearvla_eval_opaque_27424.png'
13:27.787  render           | Saved: '/tmp/clearvla_eval_opaque_27424.png'
13:28.125  render           | Saved: '/tmp/clearvla_eval_opaque_27424.png'
13:28.528  render           | Saved: '/tmp/clearvla_eval_opaque_27424.png'
13:28.871  render           | Saved: '/tmp/clearvla_eval_opaque_27424.png'
13:29.272  render           | Saved: '/tmp/clearvla_eval_opaque_27424.png'
13:29.609  render           | Saved: '/tmp/clearvla_eval_opaque_27424.png'
13:30.021  render           | Saved: '/tmp/clearvla_eval_opaque_27424.png'
13:30.366  render           | Saved: '/tmp/clearvla_eval_opaque_27424.png'
13:30.776  render           | Saved: '/tmp/clearvla_eval_opaque_27424.png'
13:31.124  render           | Saved: '/tmp/clearvla_eval_opaque_27424.png'
13:31.544  render           | Saved: '/tmp/clearvla_eval_opaque_27424.png'
13:31.901  render           | Saved: '/tmp/clearvla_eval_opaque_27424.png'
13:32.313  render           | Saved: '/tmp/clearvla_eval_opaque_27424.png'
13:32.658  render           | Saved: '/tmp/clearvla_eval_opaque_27424.png'
13:33.077  render           | Saved: '/tmp/clearvla_eval_opaque_27424.png'
13:33.427  render           | Saved: '/tmp/clearvla_eval_opaque_27424.png'
13:33.852  render           | Saved: '/tmp/clearvla_eval_opaque_27424.png'
13:34.184  render           | Saved: '/tmp/clearvla_eval_opaque_27424.png'
13:34.605  render           | Saved: '/tmp/clearvla_eval_opaque_27424.png'
13:34.939  render           | Saved: '/tmp/clearvla_eval_opaque_27424.png'
13:35.359  render           | Saved: '/tmp/clearvla_eval_opaque_27424.png'
13:35.688  render           | Saved: '/tmp/clearvla_eval_opaque_27424.png'
13:36.086  render           | Saved: '/tmp/clearvla_eval_opaque_27424.png'
13:36.413  render           | Saved: '/tmp/clearvla_eval_opaque_27424.png'
13:36.818  render           | Saved: '/tmp/clearvla_eval_opaque_27424.png'
13:37.161  render           | Saved: '/tmp/clearvla_eval_opaque_27424.png'
13:37.565  render           | Saved: '/tmp/clearvla_eval_opaque_27424.png'
13:37.887  render           | Saved: '/tmp/clearvla_eval_opaque_27424.png'
13:38.288  render           | Saved: '/tmp/clearvla_eval_opaque_27424.png'
13:38.617  render           | Saved: '/tmp/clearvla_eval_opaque_27424.png'
13:39.027  render           | Saved: '/tmp/clearvla_eval_opaque_27424.png'
13:39.402  render           | Saved: '/tmp/clearvla_eval_opaque_27424.png'
13:39.868  render           | Saved: '/tmp/clearvla_eval_opaque_27424.png'
13:40.233  render           | Saved: '/tmp/clearvla_eval_opaque_27424.png'
13:40.693  render           | Saved: '/tmp/clearvla_eval_opaque_27424.png'
13:41.039  render           | Saved: '/tmp/clearvla_eval_opaque_27424.png'
13:41.462  render           | Saved: '/tmp/clearvla_eval_opaque_27424.png'
13:41.809  render           | Saved: '/tmp/clearvla_eval_opaque_27424.png'
13:42.225  render           | Saved: '/tmp/clearvla_eval_opaque_27424.png'
13:42.568  render           | Saved: '/tmp/clearvla_eval_opaque_27424.png'
13:42.990  render           | Saved: '/tmp/clearvla_eval_opaque_27424.png'
13:43.332  render           | Saved: '/tmp/clearvla_eval_opaque_27424.png'
13:43.750  render           | Saved: '/tmp/clearvla_eval_opaque_27424.png'
13:44.101  render           | Saved: '/tmp/clearvla_eval_opaque_27424.png'
13:44.518  render           | Saved: '/tmp/clearvla_eval_opaque_27424.png'
13:44.870  render           | Saved: '/tmp/clearvla_eval_opaque_27424.png'
13:45.281  render           | Saved: '/tmp/clearvla_eval_opaque_27424.png'
13:45.639  render           | Saved: '/tmp/clearvla_eval_opaque_27424.png'
13:46.051  render           | Saved: '/tmp/clearvla_eval_opaque_27424.png'
13:46.397  render           | Saved: '/tmp/clearvla_eval_opaque_27424.png'
13:47.279  render           | Saved: '/tmp/clearvla_eval_opaque_27424.png'
13:47.636  render           | Saved: '/tmp/clearvla_eval_opaque_27424.png'
13:48.061  render           | Saved: '/tmp/clearvla_eval_opaque_27424.png'
13:48.409  render           | Saved: '/tmp/clearvla_eval_opaque_27424.png'
13:48.848  render           | Saved: '/tmp/clearvla_eval_opaque_27424.png'
13:49.187  render           | Saved: '/tmp/clearvla_eval_opaque_27424.png'
13:49.644  render           | Saved: '/tmp/clearvla_eval_opaque_27424.png'
13:49.976  render           | Saved: '/tmp/clearvla_eval_opaque_27424.png'
13:50.386  render           | Saved: '/tmp/clearvla_eval_opaque_27424.png'
13:50.733  render           | Saved: '/tmp/clearvla_eval_opaque_27424.png'
13:51.145  render           | Saved: '/tmp/clearvla_eval_opaque_27424.png'
13:51.487  render           | Saved: '/tmp/clearvla_eval_opaque_27424.png'
13:51.903  render           | Saved: '/tmp/clearvla_eval_opaque_27424.png'
13:52.252  render           | Saved: '/tmp/clearvla_eval_opaque_27424.png'
13:52.665  render           | Saved: '/tmp/clearvla_eval_opaque_27424.png'
13:53.005  render           | Saved: '/tmp/clearvla_eval_opaque_27424.png'
13:53.400  render           | Saved: '/tmp/clearvla_eval_opaque_27424.png'
13:53.754  render           | Saved: '/tmp/clearvla_eval_opaque_27424.png'
13:54.159  render           | Saved: '/tmp/clearvla_eval_opaque_27424.png'
13:54.519  render           | Saved: '/tmp/clearvla_eval_opaque_27424.png'
13:54.918  render           | Saved: '/tmp/clearvla_eval_opaque_27424.png'
13:55.274  render           | Saved: '/tmp/clearvla_eval_opaque_27424.png'
13:55.695  render           | Saved: '/tmp/clearvla_eval_opaque_27424.png'
13:56.037  render           | Saved: '/tmp/clearvla_eval_opaque_27424.png'
13:56.450  render           | Saved: '/tmp/clearvla_eval_opaque_27424.png'
13:56.791  render           | Saved: '/tmp/clearvla_eval_opaque_27424.png'
13:57.206  render           | Saved: '/tmp/clearvla_eval_opaque_27424.png'
13:57.549  render           | Saved: '/tmp/clearvla_eval_opaque_27424.png'
13:57.972  render           | Saved: '/tmp/clearvla_eval_opaque_27424.png'
13:58.312  render           | Saved: '/tmp/clearvla_eval_opaque_27424.png'
13:58.735  render           | Saved: '/tmp/clearvla_eval_opaque_27424.png'
13:59.074  render           | Saved: '/tmp/clearvla_eval_opaque_27424.png'
13:59.497  render           | Saved: '/tmp/clearvla_eval_opaque_27424.png'
13:59.837  render           | Saved: '/tmp/clearvla_eval_opaque_27424.png'
14:00.261  render           | Saved: '/tmp/clearvla_eval_opaque_27424.png'
14:00.598  render           | Saved: '/tmp/clearvla_eval_opaque_27424.png'
14:01.007  render           | Saved: '/tmp/clearvla_eval_opaque_27424.png'
14:01.344  render           | Saved: '/tmp/clearvla_eval_opaque_27424.png'
14:01.743  render           | Saved: '/tmp/clearvla_eval_opaque_27424.png'
14:02.083  render           | Saved: '/tmp/clearvla_eval_opaque_27424.png'
14:02.483  render           | Saved: '/tmp/clearvla_eval_opaque_27424.png'
14:02.819  render           | Saved: '/tmp/clearvla_eval_opaque_27424.png'
14:03.217  render           | Saved: '/tmp/clearvla_eval_opaque_27424.png'
14:03.563  render           | Saved: '/tmp/clearvla_eval_opaque_27424.png'
14:03.953  render           | Saved: '/tmp/clearvla_eval_opaque_27424.png'
14:04.296  render           | Saved: '/tmp/clearvla_eval_opaque_27424.png'
14:04.693  render           | Saved: '/tmp/clearvla_eval_opaque_27424.png'
14:05.027  render           | Saved: '/tmp/clearvla_eval_opaque_27424.png'
14:05.430  render           | Saved: '/tmp/clearvla_eval_opaque_27424.png'
14:05.767  render           | Saved: '/tmp/clearvla_eval_opaque_27424.png'
14:06.166  render           | Saved: '/tmp/clearvla_eval_opaque_27424.png'
14:06.502  render           | Saved: '/tmp/clearvla_eval_opaque_27424.png'
14:06.895  render           | Saved: '/tmp/clearvla_eval_opaque_27424.png'
14:07.232  render           | Saved: '/tmp/clearvla_eval_opaque_27424.png'
14:07.629  render           | Saved: '/tmp/clearvla_eval_opaque_27424.png'
14:07.960  render           | Saved: '/tmp/clearvla_eval_opaque_27424.png'
14:08.364  render           | Saved: '/tmp/clearvla_eval_opaque_27424.png'
14:08.704  render           | Saved: '/tmp/clearvla_eval_opaque_27424.png'
14:09.101  render           | Saved: '/tmp/clearvla_eval_opaque_27424.png'
14:09.436  render           | Saved: '/tmp/clearvla_eval_opaque_27424.png'
14:09.834  render           | Saved: '/tmp/clearvla_eval_opaque_27424.png'
14:10.172  render           | Saved: '/tmp/clearvla_eval_opaque_27424.png'
14:10.574  render           | Saved: '/tmp/clearvla_eval_opaque_27424.png'
14:10.915  render           | Saved: '/tmp/clearvla_eval_opaque_27424.png'
14:11.315  render           | Saved: '/tmp/clearvla_eval_opaque_27424.png'
14:11.654  render           | Saved: '/tmp/clearvla_eval_opaque_27424.png'
14:12.052  render           | Saved: '/tmp/clearvla_eval_opaque_27424.png'
14:12.390  render           | Saved: '/tmp/clearvla_eval_opaque_27424.png'
14:12.790  render           | Saved: '/tmp/clearvla_eval_opaque_27424.png'
14:13.130  render           | Saved: '/tmp/clearvla_eval_opaque_27424.png'
14:13.521  render           | Saved: '/tmp/clearvla_eval_opaque_27424.png'
14:13.855  render           | Saved: '/tmp/clearvla_eval_opaque_27424.png'
14:14.248  render           | Saved: '/tmp/clearvla_eval_opaque_27424.png'
14:14.581  render           | Saved: '/tmp/clearvla_eval_opaque_27424.png'
14:14.973  render           | Saved: '/tmp/clearvla_eval_opaque_27424.png'
14:15.300  render           | Saved: '/tmp/clearvla_eval_opaque_27424.png'
14:16.196  render           | Saved: '/tmp/clearvla_eval_opaque_27424.png'
14:16.520  render           | Saved: '/tmp/clearvla_eval_opaque_27424.png'
14:16.940  render           | Saved: '/tmp/clearvla_eval_opaque_27424.png'
14:17.276  render           | Saved: '/tmp/clearvla_eval_opaque_27424.png'
14:17.681  render           | Saved: '/tmp/clearvla_eval_opaque_27424.png'
14:18.032  render           | Saved: '/tmp/clearvla_eval_opaque_27424.png'
14:18.429  render           | Saved: '/tmp/clearvla_eval_opaque_27424.png'
14:18.753  render           | Saved: '/tmp/clearvla_eval_opaque_27424.png'
14:19.157  render           | Saved: '/tmp/clearvla_eval_opaque_27424.png'
14:19.485  render           | Saved: '/tmp/clearvla_eval_opaque_27424.png'
14:19.885  render           | Saved: '/tmp/clearvla_eval_opaque_27424.png'
14:20.218  render           | Saved: '/tmp/clearvla_eval_opaque_27424.png'
14:20.630  render           | Saved: '/tmp/clearvla_eval_opaque_27424.png'
14:20.960  render           | Saved: '/tmp/clearvla_eval_opaque_27424.png'
14:21.372  render           | Saved: '/tmp/clearvla_eval_opaque_27424.png'
14:21.700  render           | Saved: '/tmp/clearvla_eval_opaque_27424.png'
14:22.110  render           | Saved: '/tmp/clearvla_eval_opaque_27424.png'
14:22.441  render           | Saved: '/tmp/clearvla_eval_opaque_27424.png'
14:22.852  render           | Saved: '/tmp/clearvla_eval_opaque_27424.png'
14:23.181  render           | Saved: '/tmp/clearvla_eval_opaque_27424.png'
14:23.594  render           | Saved: '/tmp/clearvla_eval_opaque_27424.png'
14:23.927  render           | Saved: '/tmp/clearvla_eval_opaque_27424.png'
14:24.331  render           | Saved: '/tmp/clearvla_eval_opaque_27424.png'
14:24.659  render           | Saved: '/tmp/clearvla_eval_opaque_27424.png'
14:25.076  render           | Saved: '/tmp/clearvla_eval_opaque_27424.png'
14:25.409  render           | Saved: '/tmp/clearvla_eval_opaque_27424.png'
14:25.820  render           | Saved: '/tmp/clearvla_eval_opaque_27424.png'
14:26.148  render           | Saved: '/tmp/clearvla_eval_opaque_27424.png'
14:26.563  render           | Saved: '/tmp/clearvla_eval_opaque_27424.png'
14:26.902  render           | Saved: '/tmp/clearvla_eval_opaque_27424.png'
14:27.315  render           | Saved: '/tmp/clearvla_eval_opaque_27424.png'
14:27.653  render           | Saved: '/tmp/clearvla_eval_opaque_27424.png'
14:28.071  render           | Saved: '/tmp/clearvla_eval_opaque_27424.png'
14:28.397  render           | Saved: '/tmp/clearvla_eval_opaque_27424.png'
14:28.819  render           | Saved: '/tmp/clearvla_eval_opaque_27424.png'
14:29.147  render           | Saved: '/tmp/clearvla_eval_opaque_27424.png'
14:29.549  render           | Saved: '/tmp/clearvla_eval_opaque_27424.png'
14:29.875  render           | Saved: '/tmp/clearvla_eval_opaque_27424.png'
14:30.272  render           | Saved: '/tmp/clearvla_eval_opaque_27424.png'
14:30.602  render           | Saved: '/tmp/clearvla_eval_opaque_27424.png'
14:31.005  render           | Saved: '/tmp/clearvla_eval_opaque_27424.png'
14:31.331  render           | Saved: '/tmp/clearvla_eval_opaque_27424.png'
14:31.722  render           | Saved: '/tmp/clearvla_eval_opaque_27424.png'
14:32.104  render           | Saved: '/tmp/clearvla_eval_opaque_27424.png'
14:32.517  render           | Saved: '/tmp/clearvla_eval_opaque_27424.png'
14:32.871  render           | Saved: '/tmp/clearvla_eval_opaque_27424.png'
14:33.711  render           | Saved: '/tmp/clearvla_eval_opaque_27424.png'
14:34.053  render           | Saved: '/tmp/clearvla_eval_opaque_27424.png'
14:34.491  render           | Saved: '/tmp/clearvla_eval_opaque_27424.png'
14:34.863  render           | Saved: '/tmp/clearvla_eval_opaque_27424.png'
14:35.300  render           | Saved: '/tmp/clearvla_eval_opaque_27424.png'
14:35.652  render           | Saved: '/tmp/clearvla_eval_opaque_27424.png'
14:36.073  render           | Saved: '/tmp/clearvla_eval_opaque_27424.png'
14:36.426  render           | Saved: '/tmp/clearvla_eval_opaque_27424.png'
14:36.829  render           | Saved: '/tmp/clearvla_eval_opaque_27424.png'
14:37.178  render           | Saved: '/tmp/clearvla_eval_opaque_27424.png'
14:37.588  render           | Saved: '/tmp/clearvla_eval_opaque_27424.png'
14:37.938  render           | Saved: '/tmp/clearvla_eval_opaque_27424.png'
14:38.352  render           | Saved: '/tmp/clearvla_eval_opaque_27424.png'
14:38.696  render           | Saved: '/tmp/clearvla_eval_opaque_27424.png'
14:39.108  render           | Saved: '/tmp/clearvla_eval_opaque_27424.png'
14:39.463  render           | Saved: '/tmp/clearvla_eval_opaque_27424.png'
14:39.871  render           | Saved: '/tmp/clearvla_eval_opaque_27424.png'
14:40.213  render           | Saved: '/tmp/clearvla_eval_opaque_27424.png'
14:40.624  render           | Saved: '/tmp/clearvla_eval_opaque_27424.png'
14:40.964  render           | Saved: '/tmp/clearvla_eval_opaque_27424.png'
14:41.365  render           | Saved: '/tmp/clearvla_eval_opaque_27424.png'
14:41.697  render           | Saved: '/tmp/clearvla_eval_opaque_27424.png'
14:42.090  render           | Saved: '/tmp/clearvla_eval_opaque_27424.png'
14:42.420  render           | Saved: '/tmp/clearvla_eval_opaque_27424.png'
14:42.818  render           | Saved: '/tmp/clearvla_eval_opaque_27424.png'
14:43.157  render           | Saved: '/tmp/clearvla_eval_opaque_27424.png'
14:43.553  render           | Saved: '/tmp/clearvla_eval_opaque_27424.png'
14:43.888  render           | Saved: '/tmp/clearvla_eval_opaque_27424.png'
14:44.290  render           | Saved: '/tmp/clearvla_eval_opaque_27424.png'
14:44.628  render           | Saved: '/tmp/clearvla_eval_opaque_27424.png'
14:45.025  render           | Saved: '/tmp/clearvla_eval_opaque_27424.png'
14:45.358  render           | Saved: '/tmp/clearvla_eval_opaque_27424.png'
14:45.757  render           | Saved: '/tmp/clearvla_eval_opaque_27424.png'
14:46.085  render           | Saved: '/tmp/clearvla_eval_opaque_27424.png'
14:46.496  render           | Saved: '/tmp/clearvla_eval_opaque_27424.png'
14:46.827  render           | Saved: '/tmp/clearvla_eval_opaque_27424.png'
14:47.256  render           | Saved: '/tmp/clearvla_eval_opaque_27424.png'
14:47.581  render           | Saved: '/tmp/clearvla_eval_opaque_27424.png'
14:48.000  render           | Saved: '/tmp/clearvla_eval_opaque_27424.png'
14:48.344  render           | Saved: '/tmp/clearvla_eval_opaque_27424.png'
14:48.764  render           | Saved: '/tmp/clearvla_eval_opaque_27424.png'
14:49.096  render           | Saved: '/tmp/clearvla_eval_opaque_27424.png'
14:49.513  render           | Saved: '/tmp/clearvla_eval_opaque_27424.png'
14:49.844  render           | Saved: '/tmp/clearvla_eval_opaque_27424.png'
14:50.258  render           | Saved: '/tmp/clearvla_eval_opaque_27424.png'
14:50.589  render           | Saved: '/tmp/clearvla_eval_opaque_27424.png'
14:51.408  render           | Saved: '/tmp/clearvla_eval_opaque_27424.png'
14:51.739  render           | Saved: '/tmp/clearvla_eval_opaque_27424.png'
14:52.142  render           | Saved: '/tmp/clearvla_eval_opaque_27424.png'
14:52.476  render           | Saved: '/tmp/clearvla_eval_opaque_27424.png'
14:52.879  render           | Saved: '/tmp/clearvla_eval_opaque_27424.png'
14:53.210  render           | Saved: '/tmp/clearvla_eval_opaque_27424.png'
14:53.617  render           | Saved: '/tmp/clearvla_eval_opaque_27424.png'
14:53.959  render           | Saved: '/tmp/clearvla_eval_opaque_27424.png'
14:54.359  render           | Saved: '/tmp/clearvla_eval_opaque_27424.png'
14:54.696  render           | Saved: '/tmp/clearvla_eval_opaque_27424.png'
14:55.098  render           | Saved: '/tmp/clearvla_eval_opaque_27424.png'
14:55.443  render           | Saved: '/tmp/clearvla_eval_opaque_27424.png'
14:55.849  render           | Saved: '/tmp/clearvla_eval_opaque_27424.png'
14:56.191  render           | Saved: '/tmp/clearvla_eval_opaque_27424.png'
14:56.595  render           | Saved: '/tmp/clearvla_eval_opaque_27424.png'
14:56.937  render           | Saved: '/tmp/clearvla_eval_opaque_27424.png'
14:57.343  render           | Saved: '/tmp/clearvla_eval_opaque_27424.png'
14:57.682  render           | Saved: '/tmp/clearvla_eval_opaque_27424.png'
14:58.089  render           | Saved: '/tmp/clearvla_eval_opaque_27424.png'
14:58.425  render           | Saved: '/tmp/clearvla_eval_opaque_27424.png'
14:58.831  render           | Saved: '/tmp/clearvla_eval_opaque_27424.png'
14:59.164  render           | Saved: '/tmp/clearvla_eval_opaque_27424.png'
14:59.561  render           | Saved: '/tmp/clearvla_eval_opaque_27424.png'
14:59.897  render           | Saved: '/tmp/clearvla_eval_opaque_27424.png'
15:00.291  render           | Saved: '/tmp/clearvla_eval_opaque_27424.png'
15:00.633  render           | Saved: '/tmp/clearvla_eval_opaque_27424.png'
15:01.028  render           | Saved: '/tmp/clearvla_eval_opaque_27424.png'
15:01.366  render           | Saved: '/tmp/clearvla_eval_opaque_27424.png'
15:01.764  render           | Saved: '/tmp/clearvla_eval_opaque_27424.png'
15:02.104  render           | Saved: '/tmp/clearvla_eval_opaque_27424.png'
15:02.502  render           | Saved: '/tmp/clearvla_eval_opaque_27424.png'
15:02.847  render           | Saved: '/tmp/clearvla_eval_opaque_27424.png'
15:03.260  render           | Saved: '/tmp/clearvla_eval_opaque_27424.png'
15:03.589  render           | Saved: '/tmp/clearvla_eval_opaque_27424.png'
15:03.999  render           | Saved: '/tmp/clearvla_eval_opaque_27424.png'
15:04.325  render           | Saved: '/tmp/clearvla_eval_opaque_27424.png'
15:04.737  render           | Saved: '/tmp/clearvla_eval_opaque_27424.png'
15:05.058  render           | Saved: '/tmp/clearvla_eval_opaque_27424.png'
15:05.467  render           | Saved: '/tmp/clearvla_eval_opaque_27424.png'
15:05.791  render           | Saved: '/tmp/clearvla_eval_opaque_27424.png'
15:06.204  render           | Saved: '/tmp/clearvla_eval_opaque_27424.png'
15:06.526  render           | Saved: '/tmp/clearvla_eval_opaque_27424.png'
15:06.942  render           | Saved: '/tmp/clearvla_eval_opaque_27424.png'
15:07.264  render           | Saved: '/tmp/clearvla_eval_opaque_27424.png'
15:07.680  render           | Saved: '/tmp/clearvla_eval_opaque_27424.png'
15:08.006  render           | Saved: '/tmp/clearvla_eval_opaque_27424.png'
15:08.417  render           | Saved: '/tmp/clearvla_eval_opaque_27424.png'
15:08.741  render           | Saved: '/tmp/clearvla_eval_opaque_27424.png'
15:09.151  render           | Saved: '/tmp/clearvla_eval_opaque_27424.png'
15:09.477  render           | Saved: '/tmp/clearvla_eval_opaque_27424.png'
15:09.887  render           | Saved: '/tmp/clearvla_eval_opaque_27424.png'
15:10.215  render           | Saved: '/tmp/clearvla_eval_opaque_27424.png'
15:10.626  render           | Saved: '/tmp/clearvla_eval_opaque_27424.png'
15:10.955  render           | Saved: '/tmp/clearvla_eval_opaque_27424.png'
15:11.366  render           | Saved: '/tmp/clearvla_eval_opaque_27424.png'
15:11.695  render           | Saved: '/tmp/clearvla_eval_opaque_27424.png'
15:12.103  render           | Saved: '/tmp/clearvla_eval_opaque_27424.png'
15:12.440  render           | Saved: '/tmp/clearvla_eval_opaque_27424.png'
15:12.860  render           | Saved: '/tmp/clearvla_eval_opaque_27424.png'
15:13.187  render           | Saved: '/tmp/clearvla_eval_opaque_27424.png'
15:13.594  render           | Saved: '/tmp/clearvla_eval_opaque_27424.png'
15:13.920  render           | Saved: '/tmp/clearvla_eval_opaque_27424.png'
15:14.336  render           | Saved: '/tmp/clearvla_eval_opaque_27424.png'
15:14.666  render           | Saved: '/tmp/clearvla_eval_opaque_27424.png'
15:15.074  render           | Saved: '/tmp/clearvla_eval_opaque_27424.png'
15:15.405  render           | Saved: '/tmp/clearvla_eval_opaque_27424.png'
15:15.819  render           | Saved: '/tmp/clearvla_eval_opaque_27424.png'
15:16.151  render           | Saved: '/tmp/clearvla_eval_opaque_27424.png'
15:16.562  render           | Saved: '/tmp/clearvla_eval_opaque_27424.png'
15:16.891  render           | Saved: '/tmp/clearvla_eval_opaque_27424.png'
15:17.300  render           | Saved: '/tmp/clearvla_eval_opaque_27424.png'
15:17.631  render           | Saved: '/tmp/clearvla_eval_opaque_27424.png'
15:18.045  render           | Saved: '/tmp/clearvla_eval_opaque_27424.png'
15:18.377  render           | Saved: '/tmp/clearvla_eval_opaque_27424.png'
15:18.793  render           | Saved: '/tmp/clearvla_eval_opaque_27424.png'
15:19.123  render           | Saved: '/tmp/clearvla_eval_opaque_27424.png'
15:19.919  render           | Saved: '/tmp/clearvla_eval_opaque_27424.png'
15:20.249  render           | Saved: '/tmp/clearvla_eval_opaque_27424.png'
15:20.666  render           | Saved: '/tmp/clearvla_eval_opaque_27424.png'
15:20.994  render           | Saved: '/tmp/clearvla_eval_opaque_27424.png'
15:21.395  render           | Saved: '/tmp/clearvla_eval_opaque_27424.png'
15:21.726  render           | Saved: '/tmp/clearvla_eval_opaque_27424.png'
15:22.115  render           | Saved: '/tmp/clearvla_eval_opaque_27424.png'
15:22.444  render           | Saved: '/tmp/clearvla_eval_opaque_27424.png'
15:22.838  render           | Saved: '/tmp/clearvla_eval_opaque_27424.png'
15:23.166  render           | Saved: '/tmp/clearvla_eval_opaque_27424.png'
15:23.569  render           | Saved: '/tmp/clearvla_eval_opaque_27424.png'
15:23.921  render           | Saved: '/tmp/clearvla_eval_opaque_27424.png'
15:24.349  render           | Saved: '/tmp/clearvla_eval_opaque_27424.png'
15:24.710  render           | Saved: '/tmp/clearvla_eval_opaque_27424.png'
15:25.162  render           | Saved: '/tmp/clearvla_eval_opaque_27424.png'
15:25.543  render           | Saved: '/tmp/clearvla_eval_opaque_27424.png'
15:25.975  render           | Saved: '/tmp/clearvla_eval_opaque_27424.png'
15:26.342  render           | Saved: '/tmp/clearvla_eval_opaque_27424.png'
15:26.786  render           | Saved: '/tmp/clearvla_eval_opaque_27424.png'
15:27.149  render           | Saved: '/tmp/clearvla_eval_opaque_27424.png'
15:27.583  render           | Saved: '/tmp/clearvla_eval_opaque_27424.png'
15:27.947  render           | Saved: '/tmp/clearvla_eval_opaque_27424.png'
15:28.381  render           | Saved: '/tmp/clearvla_eval_opaque_27424.png'
15:28.745  render           | Saved: '/tmp/clearvla_eval_opaque_27424.png'
15:29.219  render           | Saved: '/tmp/clearvla_eval_opaque_27424.png'
15:29.600  render           | Saved: '/tmp/clearvla_eval_opaque_27424.png'
15:30.036  render           | Saved: '/tmp/clearvla_eval_opaque_27424.png'
15:30.408  render           | Saved: '/tmp/clearvla_eval_opaque_27424.png'
15:30.846  render           | Saved: '/tmp/clearvla_eval_opaque_27424.png'
15:31.210  render           | Saved: '/tmp/clearvla_eval_opaque_27424.png'
15:31.670  render           | Saved: '/tmp/clearvla_eval_opaque_27424.png'
15:32.043  render           | Saved: '/tmp/clearvla_eval_opaque_27424.png'
15:32.510  render           | Saved: '/tmp/clearvla_eval_opaque_27424.png'
15:32.894  render           | Saved: '/tmp/clearvla_eval_opaque_27424.png'
15:33.334  render           | Saved: '/tmp/clearvla_eval_opaque_27424.png'
15:33.690  render           | Saved: '/tmp/clearvla_eval_opaque_27424.png'
15:34.131  render           | Saved: '/tmp/clearvla_eval_opaque_27424.png'
15:34.490  render           | Saved: '/tmp/clearvla_eval_opaque_27424.png'
15:34.905  render           | Saved: '/tmp/clearvla_eval_opaque_27424.png'
15:35.240  render           | Saved: '/tmp/clearvla_eval_opaque_27424.png'
15:35.666  render           | Saved: '/tmp/clearvla_eval_opaque_27424.png'
15:36.002  render           | Saved: '/tmp/clearvla_eval_opaque_27424.png'
15:36.417  render           | Saved: '/tmp/clearvla_eval_opaque_27424.png'
15:36.748  render           | Saved: '/tmp/clearvla_eval_opaque_27424.png'
15:37.152  render           | Saved: '/tmp/clearvla_eval_opaque_27424.png'
15:37.479  render           | Saved: '/tmp/clearvla_eval_opaque_27424.png'
15:37.875  render           | Saved: '/tmp/clearvla_eval_opaque_27424.png'
15:38.213  render           | Saved: '/tmp/clearvla_eval_opaque_27424.png'
15:39.032  render           | Saved: '/tmp/clearvla_eval_opaque_27424.png'
15:39.362  render           | Saved: '/tmp/clearvla_eval_opaque_27424.png'
15:39.810  render           | Saved: '/tmp/clearvla_eval_opaque_27424.png'
15:40.133  render           | Saved: '/tmp/clearvla_eval_opaque_27424.png'
15:40.542  render           | Saved: '/tmp/clearvla_eval_opaque_27424.png'
15:40.871  render           | Saved: '/tmp/clearvla_eval_opaque_27424.png'
15:41.273  render           | Saved: '/tmp/clearvla_eval_opaque_27424.png'
15:41.614  render           | Saved: '/tmp/clearvla_eval_opaque_27424.png'
15:42.015  render           | Saved: '/tmp/clearvla_eval_opaque_27424.png'
15:42.357  render           | Saved: '/tmp/clearvla_eval_opaque_27424.png'
15:42.760  render           | Saved: '/tmp/clearvla_eval_opaque_27424.png'
15:43.089  render           | Saved: '/tmp/clearvla_eval_opaque_27424.png'
15:43.496  render           | Saved: '/tmp/clearvla_eval_opaque_27424.png'
15:43.828  render           | Saved: '/tmp/clearvla_eval_opaque_27424.png'
15:44.242  render           | Saved: '/tmp/clearvla_eval_opaque_27424.png'
15:44.575  render           | Saved: '/tmp/clearvla_eval_opaque_27424.png'
15:44.983  render           | Saved: '/tmp/clearvla_eval_opaque_27424.png'
15:45.310  render           | Saved: '/tmp/clearvla_eval_opaque_27424.png'
15:45.714  render           | Saved: '/tmp/clearvla_eval_opaque_27424.png'
15:46.043  render           | Saved: '/tmp/clearvla_eval_opaque_27424.png'
15:46.452  render           | Saved: '/tmp/clearvla_eval_opaque_27424.png'
15:46.780  render           | Saved: '/tmp/clearvla_eval_opaque_27424.png'
15:47.189  render           | Saved: '/tmp/clearvla_eval_opaque_27424.png'
15:47.518  render           | Saved: '/tmp/clearvla_eval_opaque_27424.png'
15:47.924  render           | Saved: '/tmp/clearvla_eval_opaque_27424.png'
15:48.255  render           | Saved: '/tmp/clearvla_eval_opaque_27424.png'
15:48.662  render           | Saved: '/tmp/clearvla_eval_opaque_27424.png'
15:49.019  render           | Saved: '/tmp/clearvla_eval_opaque_27424.png'
15:49.419  render           | Saved: '/tmp/clearvla_eval_opaque_27424.png'
15:49.754  render           | Saved: '/tmp/clearvla_eval_opaque_27424.png'
15:50.170  render           | Saved: '/tmp/clearvla_eval_opaque_27424.png'
15:50.524  render           | Saved: '/tmp/clearvla_eval_opaque_27424.png'
15:50.944  render           | Saved: '/tmp/clearvla_eval_opaque_27424.png'
15:51.293  render           | Saved: '/tmp/clearvla_eval_opaque_27424.png'
15:51.699  render           | Saved: '/tmp/clearvla_eval_opaque_27424.png'
15:52.033  render           | Saved: '/tmp/clearvla_eval_opaque_27424.png'
15:52.433  render           | Saved: '/tmp/clearvla_eval_opaque_27424.png'
15:52.761  render           | Saved: '/tmp/clearvla_eval_opaque_27424.png'
15:53.158  render           | Saved: '/tmp/clearvla_eval_opaque_27424.png'
15:53.488  render           | Saved: '/tmp/clearvla_eval_opaque_27424.png'
15:53.887  render           | Saved: '/tmp/clearvla_eval_opaque_27424.png'
15:54.210  render           | Saved: '/tmp/clearvla_eval_opaque_27424.png'
15:54.614  render           | Saved: '/tmp/clearvla_eval_opaque_27424.png'
15:54.951  render           | Saved: '/tmp/clearvla_eval_opaque_27424.png'
15:55.366  render           | Saved: '/tmp/clearvla_eval_opaque_27424.png'
15:55.716  render           | Saved: '/tmp/clearvla_eval_opaque_27424.png'
15:56.119  render           | Saved: '/tmp/clearvla_eval_opaque_27424.png'
15:56.457  render           | Saved: '/tmp/clearvla_eval_opaque_27424.png'
15:56.869  render           | Saved: '/tmp/clearvla_eval_opaque_27424.png'
15:57.199  render           | Saved: '/tmp/clearvla_eval_opaque_27424.png'
15:57.608  render           | Saved: '/tmp/clearvla_eval_opaque_27424.png'
15:57.933  render           | Saved: '/tmp/clearvla_eval_opaque_27424.png'
15:58.340  render           | Saved: '/tmp/clearvla_eval_opaque_27424.png'
15:58.675  render           | Saved: '/tmp/clearvla_eval_opaque_27424.png'
15:59.077  render           | Saved: '/tmp/clearvla_eval_opaque_27424.png'
15:59.412  render           | Saved: '/tmp/clearvla_eval_opaque_27424.png'
15:59.820  render           | Saved: '/tmp/clearvla_eval_opaque_27424.png'
16:00.142  render           | Saved: '/tmp/clearvla_eval_opaque_27424.png'
16:00.542  render           | Saved: '/tmp/clearvla_eval_opaque_27424.png'
16:00.871  render           | Saved: '/tmp/clearvla_eval_opaque_27424.png'
16:01.278  render           | Saved: '/tmp/clearvla_eval_opaque_27424.png'
16:01.610  render           | Saved: '/tmp/clearvla_eval_opaque_27424.png'
16:02.023  render           | Saved: '/tmp/clearvla_eval_opaque_27424.png'
16:02.361  render           | Saved: '/tmp/clearvla_eval_opaque_27424.png'
16:02.769  render           | Saved: '/tmp/clearvla_eval_opaque_27424.png'
16:03.111  render           | Saved: '/tmp/clearvla_eval_opaque_27424.png'
16:03.514  render           | Saved: '/tmp/clearvla_eval_opaque_27424.png'
16:03.856  render           | Saved: '/tmp/clearvla_eval_opaque_27424.png'
16:04.259  render           | Saved: '/tmp/clearvla_eval_opaque_27424.png'
16:04.596  render           | Saved: '/tmp/clearvla_eval_opaque_27424.png'
16:05.008  render           | Saved: '/tmp/clearvla_eval_opaque_27424.png'
16:05.335  render           | Saved: '/tmp/clearvla_eval_opaque_27424.png'
16:05.737  render           | Saved: '/tmp/clearvla_eval_opaque_27424.png'
16:06.059  render           | Saved: '/tmp/clearvla_eval_opaque_27424.png'
16:06.456  render           | Saved: '/tmp/clearvla_eval_opaque_27424.png'
16:06.780  render           | Saved: '/tmp/clearvla_eval_opaque_27424.png'
16:07.601  render           | Saved: '/tmp/clearvla_eval_opaque_27424.png'
16:07.928  render           | Saved: '/tmp/clearvla_eval_opaque_27424.png'
16:08.335  render           | Saved: '/tmp/clearvla_eval_opaque_27424.png'
16:08.670  render           | Saved: '/tmp/clearvla_eval_opaque_27424.png'
16:09.066  render           | Saved: '/tmp/clearvla_eval_opaque_27424.png'
16:09.394  render           | Saved: '/tmp/clearvla_eval_opaque_27424.png'
16:09.795  render           | Saved: '/tmp/clearvla_eval_opaque_27424.png'
16:10.126  render           | Saved: '/tmp/clearvla_eval_opaque_27424.png'
16:10.524  render           | Saved: '/tmp/clearvla_eval_opaque_27424.png'
16:10.862  render           | Saved: '/tmp/clearvla_eval_opaque_27424.png'
16:11.262  render           | Saved: '/tmp/clearvla_eval_opaque_27424.png'
16:11.609  render           | Saved: '/tmp/clearvla_eval_opaque_27424.png'
16:11.997  render           | Saved: '/tmp/clearvla_eval_opaque_27424.png'
16:12.330  render           | Saved: '/tmp/clearvla_eval_opaque_27424.png'
16:12.719  render           | Saved: '/tmp/clearvla_eval_opaque_27424.png'
16:13.049  render           | Saved: '/tmp/clearvla_eval_opaque_27424.png'
16:13.448  render           | Saved: '/tmp/clearvla_eval_opaque_27424.png'
16:13.779  render           | Saved: '/tmp/clearvla_eval_opaque_27424.png'
16:14.172  render           | Saved: '/tmp/clearvla_eval_opaque_27424.png'
16:14.504  render           | Saved: '/tmp/clearvla_eval_opaque_27424.png'
16:14.900  render           | Saved: '/tmp/clearvla_eval_opaque_27424.png'
16:15.224  render           | Saved: '/tmp/clearvla_eval_opaque_27424.png'
16:15.625  render           | Saved: '/tmp/clearvla_eval_opaque_27424.png'
16:15.956  render           | Saved: '/tmp/clearvla_eval_opaque_27424.png'
16:16.354  render           | Saved: '/tmp/clearvla_eval_opaque_27424.png'
16:16.688  render           | Saved: '/tmp/clearvla_eval_opaque_27424.png'
16:17.079  render           | Saved: '/tmp/clearvla_eval_opaque_27424.png'
16:17.418  render           | Saved: '/tmp/clearvla_eval_opaque_27424.png'
16:17.817  render           | Saved: '/tmp/clearvla_eval_opaque_27424.png'
16:18.160  render           | Saved: '/tmp/clearvla_eval_opaque_27424.png'
16:18.557  render           | Saved: '/tmp/clearvla_eval_opaque_27424.png'
16:18.891  render           | Saved: '/tmp/clearvla_eval_opaque_27424.png'
16:19.289  render           | Saved: '/tmp/clearvla_eval_opaque_27424.png'
16:19.620  render           | Saved: '/tmp/clearvla_eval_opaque_27424.png'
16:20.020  render           | Saved: '/tmp/clearvla_eval_opaque_27424.png'
16:20.346  render           | Saved: '/tmp/clearvla_eval_opaque_27424.png'
16:20.737  render           | Saved: '/tmp/clearvla_eval_opaque_27424.png'
16:21.070  render           | Saved: '/tmp/clearvla_eval_opaque_27424.png'
16:21.473  render           | Saved: '/tmp/clearvla_eval_opaque_27424.png'
16:21.810  render           | Saved: '/tmp/clearvla_eval_opaque_27424.png'
16:22.223  render           | Saved: '/tmp/clearvla_eval_opaque_27424.png'
16:22.553  render           | Saved: '/tmp/clearvla_eval_opaque_27424.png'
16:22.954  render           | Saved: '/tmp/clearvla_eval_opaque_27424.png'
16:23.293  render           | Saved: '/tmp/clearvla_eval_opaque_27424.png'
16:23.688  render           | Saved: '/tmp/clearvla_eval_opaque_27424.png'
16:24.033  render           | Saved: '/tmp/clearvla_eval_opaque_27424.png'
16:24.852  render           | Saved: '/tmp/clearvla_eval_opaque_27424.png'
16:25.187  render           | Saved: '/tmp/clearvla_eval_opaque_27424.png'
16:25.608  render           | Saved: '/tmp/clearvla_eval_opaque_27424.png'
16:25.939  render           | Saved: '/tmp/clearvla_eval_opaque_27424.png'
16:26.341  render           | Saved: '/tmp/clearvla_eval_opaque_27424.png'
16:26.695  render           | Saved: '/tmp/clearvla_eval_opaque_27424.png'
16:27.098  render           | Saved: '/tmp/clearvla_eval_opaque_27424.png'
16:27.460  render           | Saved: '/tmp/clearvla_eval_opaque_27424.png'
16:27.860  render           | Saved: '/tmp/clearvla_eval_opaque_27424.png'
16:28.190  render           | Saved: '/tmp/clearvla_eval_opaque_27424.png'
16:28.611  render           | Saved: '/tmp/clearvla_eval_opaque_27424.png'
16:28.943  render           | Saved: '/tmp/clearvla_eval_opaque_27424.png'
16:29.346  render           | Saved: '/tmp/clearvla_eval_opaque_27424.png'
16:29.681  render           | Saved: '/tmp/clearvla_eval_opaque_27424.png'
16:30.095  render           | Saved: '/tmp/clearvla_eval_opaque_27424.png'
16:30.426  render           | Saved: '/tmp/clearvla_eval_opaque_27424.png'
16:30.840  render           | Saved: '/tmp/clearvla_eval_opaque_27424.png'
16:31.175  render           | Saved: '/tmp/clearvla_eval_opaque_27424.png'
16:31.585  render           | Saved: '/tmp/clearvla_eval_opaque_27424.png'
16:31.922  render           | Saved: '/tmp/clearvla_eval_opaque_27424.png'
16:32.331  render           | Saved: '/tmp/clearvla_eval_opaque_27424.png'
16:32.663  render           | Saved: '/tmp/clearvla_eval_opaque_27424.png'
16:33.076  render           | Saved: '/tmp/clearvla_eval_opaque_27424.png'
16:33.403  render           | Saved: '/tmp/clearvla_eval_opaque_27424.png'
16:33.807  render           | Saved: '/tmp/clearvla_eval_opaque_27424.png'
16:34.137  render           | Saved: '/tmp/clearvla_eval_opaque_27424.png'
16:34.551  render           | Saved: '/tmp/clearvla_eval_opaque_27424.png'
16:34.882  render           | Saved: '/tmp/clearvla_eval_opaque_27424.png'
16:35.298  render           | Saved: '/tmp/clearvla_eval_opaque_27424.png'
16:35.635  render           | Saved: '/tmp/clearvla_eval_opaque_27424.png'
16:36.038  render           | Saved: '/tmp/clearvla_eval_opaque_27424.png'
16:36.368  render           | Saved: '/tmp/clearvla_eval_opaque_27424.png'
16:36.773  render           | Saved: '/tmp/clearvla_eval_opaque_27424.png'
16:37.120  render           | Saved: '/tmp/clearvla_eval_opaque_27424.png'
16:37.518  render           | Saved: '/tmp/clearvla_eval_opaque_27424.png'
16:37.840  render           | Saved: '/tmp/clearvla_eval_opaque_27424.png'
16:38.242  render           | Saved: '/tmp/clearvla_eval_opaque_27424.png'
16:38.583  render           | Saved: '/tmp/clearvla_eval_opaque_27424.png'
16:39.001  render           | Saved: '/tmp/clearvla_eval_opaque_27424.png'
16:39.348  render           | Saved: '/tmp/clearvla_eval_opaque_27424.png'
16:39.743  render           | Saved: '/tmp/clearvla_eval_opaque_27424.png'
16:40.124  render           | Saved: '/tmp/clearvla_eval_opaque_27424.png'
16:40.538  render           | Saved: '/tmp/clearvla_eval_opaque_27424.png'
16:40.883  render           | Saved: '/tmp/clearvla_eval_opaque_27424.png'
16:41.311  render           | Saved: '/tmp/clearvla_eval_opaque_27424.png'
16:41.641  render           | Saved: '/tmp/clearvla_eval_opaque_27424.png'
16:42.054  render           | Saved: '/tmp/clearvla_eval_opaque_27424.png'
16:42.389  render           | Saved: '/tmp/clearvla_eval_opaque_27424.png'
16:42.808  render           | Saved: '/tmp/clearvla_eval_opaque_27424.png'
16:43.141  render           | Saved: '/tmp/clearvla_eval_opaque_27424.png'
16:43.554  render           | Saved: '/tmp/clearvla_eval_opaque_27424.png'
16:43.890  render           | Saved: '/tmp/clearvla_eval_opaque_27424.png'
16:44.291  render           | Saved: '/tmp/clearvla_eval_opaque_27424.png'
16:44.624  render           | Saved: '/tmp/clearvla_eval_opaque_27424.png'
16:45.034  render           | Saved: '/tmp/clearvla_eval_opaque_27424.png'
16:45.359  render           | Saved: '/tmp/clearvla_eval_opaque_27424.png'
16:45.772  render           | Saved: '/tmp/clearvla_eval_opaque_27424.png'
16:46.096  render           | Saved: '/tmp/clearvla_eval_opaque_27424.png'
16:46.511  render           | Saved: '/tmp/clearvla_eval_opaque_27424.png'
16:46.836  render           | Saved: '/tmp/clearvla_eval_opaque_27424.png'
16:47.249  render           | Saved: '/tmp/clearvla_eval_opaque_27424.png'
16:47.577  render           | Saved: '/tmp/clearvla_eval_opaque_27424.png'
16:47.987  render           | Saved: '/tmp/clearvla_eval_opaque_27424.png'
16:48.316  render           | Saved: '/tmp/clearvla_eval_opaque_27424.png'
16:48.727  render           | Saved: '/tmp/clearvla_eval_opaque_27424.png'
16:49.054  render           | Saved: '/tmp/clearvla_eval_opaque_27424.png'
16:49.466  render           | Saved: '/tmp/clearvla_eval_opaque_27424.png'
16:49.795  render           | Saved: '/tmp/clearvla_eval_opaque_27424.png'
16:50.209  render           | Saved: '/tmp/clearvla_eval_opaque_27424.png'
16:50.539  render           | Saved: '/tmp/clearvla_eval_opaque_27424.png'
16:50.949  render           | Saved: '/tmp/clearvla_eval_opaque_27424.png'
16:51.282  render           | Saved: '/tmp/clearvla_eval_opaque_27424.png'
16:51.699  render           | Saved: '/tmp/clearvla_eval_opaque_27424.png'
16:52.027  render           | Saved: '/tmp/clearvla_eval_opaque_27424.png'
16:52.433  render           | Saved: '/tmp/clearvla_eval_opaque_27424.png'
16:52.765  render           | Saved: '/tmp/clearvla_eval_opaque_27424.png'
16:53.583  render           | Saved: '/tmp/clearvla_eval_opaque_27424.png'
16:53.925  render           | Saved: '/tmp/clearvla_eval_opaque_27424.png'
16:54.326  render           | Saved: '/tmp/clearvla_eval_opaque_27424.png'
16:54.656  render           | Saved: '/tmp/clearvla_eval_opaque_27424.png'
16:55.068  render           | Saved: '/tmp/clearvla_eval_opaque_27424.png'
16:55.402  render           | Saved: '/tmp/clearvla_eval_opaque_27424.png'
16:55.799  render           | Saved: '/tmp/clearvla_eval_opaque_27424.png'
16:56.135  render           | Saved: '/tmp/clearvla_eval_opaque_27424.png'
16:56.528  render           | Saved: '/tmp/clearvla_eval_opaque_27424.png'
16:56.860  render           | Saved: '/tmp/clearvla_eval_opaque_27424.png'
16:57.255  render           | Saved: '/tmp/clearvla_eval_opaque_27424.png'
16:57.590  render           | Saved: '/tmp/clearvla_eval_opaque_27424.png'
16:57.987  render           | Saved: '/tmp/clearvla_eval_opaque_27424.png'
16:58.331  render           | Saved: '/tmp/clearvla_eval_opaque_27424.png'
16:58.728  render           | Saved: '/tmp/clearvla_eval_opaque_27424.png'
16:59.057  render           | Saved: '/tmp/clearvla_eval_opaque_27424.png'
16:59.455  render           | Saved: '/tmp/clearvla_eval_opaque_27424.png'
16:59.788  render           | Saved: '/tmp/clearvla_eval_opaque_27424.png'
17:00.183  render           | Saved: '/tmp/clearvla_eval_opaque_27424.png'
17:00.517  render           | Saved: '/tmp/clearvla_eval_opaque_27424.png'
17:00.917  render           | Saved: '/tmp/clearvla_eval_opaque_27424.png'
17:01.251  render           | Saved: '/tmp/clearvla_eval_opaque_27424.png'
17:01.649  render           | Saved: '/tmp/clearvla_eval_opaque_27424.png'
17:01.988  render           | Saved: '/tmp/clearvla_eval_opaque_27424.png'
17:02.382  render           | Saved: '/tmp/clearvla_eval_opaque_27424.png'
17:02.714  render           | Saved: '/tmp/clearvla_eval_opaque_27424.png'
17:03.115  render           | Saved: '/tmp/clearvla_eval_opaque_27424.png'
17:03.445  render           | Saved: '/tmp/clearvla_eval_opaque_27424.png'
17:03.837  render           | Saved: '/tmp/clearvla_eval_opaque_27424.png'
17:04.172  render           | Saved: '/tmp/clearvla_eval_opaque_27424.png'
17:04.580  render           | Saved: '/tmp/clearvla_eval_opaque_27424.png'
17:04.925  render           | Saved: '/tmp/clearvla_eval_opaque_27424.png'
17:05.338  render           | Saved: '/tmp/clearvla_eval_opaque_27424.png'
17:05.679  render           | Saved: '/tmp/clearvla_eval_opaque_27424.png'
17:06.107  render           | Saved: '/tmp/clearvla_eval_opaque_27424.png'
17:06.448  render           | Saved: '/tmp/clearvla_eval_opaque_27424.png'
17:06.864  render           | Saved: '/tmp/clearvla_eval_opaque_27424.png'
17:07.202  render           | Saved: '/tmp/clearvla_eval_opaque_27424.png'
17:07.612  render           | Saved: '/tmp/clearvla_eval_opaque_27424.png'
17:07.948  render           | Saved: '/tmp/clearvla_eval_opaque_27424.png'
17:08.362  render           | Saved: '/tmp/clearvla_eval_opaque_27424.png'
17:08.703  render           | Saved: '/tmp/clearvla_eval_opaque_27424.png'
17:09.116  render           | Saved: '/tmp/clearvla_eval_opaque_27424.png'
17:09.448  render           | Saved: '/tmp/clearvla_eval_opaque_27424.png'
17:09.865  render           | Saved: '/tmp/clearvla_eval_opaque_27424.png'
17:10.201  render           | Saved: '/tmp/clearvla_eval_opaque_27424.png'
17:10.614  render           | Saved: '/tmp/clearvla_eval_opaque_27424.png'
17:10.957  render           | Saved: '/tmp/clearvla_eval_opaque_27424.png'
17:11.391  render           | Saved: '/tmp/clearvla_eval_opaque_27424.png'
17:11.722  render           | Saved: '/tmp/clearvla_eval_opaque_27424.png'
[quant4/opaque] pour: 5/10  (17.1 min, 18.5 s/ep)
17:12.542  render           | Saved: '/tmp/clearvla_eval_opaque_27424.png'
17:12.888  render           | Saved: '/tmp/clearvla_eval_opaque_27424.png'
17:13.311  render           | Saved: '/tmp/clearvla_eval_opaque_27424.png'
17:13.656  render           | Saved: '/tmp/clearvla_eval_opaque_27424.png'
17:14.079  render           | Saved: '/tmp/clearvla_eval_opaque_27424.png'
17:14.424  render           | Saved: '/tmp/clearvla_eval_opaque_27424.png'
17:14.833  render           | Saved: '/tmp/clearvla_eval_opaque_27424.png'
17:15.182  render           | Saved: '/tmp/clearvla_eval_opaque_27424.png'
17:15.599  render           | Saved: '/tmp/clearvla_eval_opaque_27424.png'
17:15.949  render           | Saved: '/tmp/clearvla_eval_opaque_27424.png'
17:16.360  render           | Saved: '/tmp/clearvla_eval_opaque_27424.png'
17:16.711  render           | Saved: '/tmp/clearvla_eval_opaque_27424.png'
17:17.122  render           | Saved: '/tmp/clearvla_eval_opaque_27424.png'
17:17.465  render           | Saved: '/tmp/clearvla_eval_opaque_27424.png'
17:17.880  render           | Saved: '/tmp/clearvla_eval_opaque_27424.png'
17:18.225  render           | Saved: '/tmp/clearvla_eval_opaque_27424.png'
17:18.639  render           | Saved: '/tmp/clearvla_eval_opaque_27424.png'
17:18.984  render           | Saved: '/tmp/clearvla_eval_opaque_27424.png'
17:19.399  render           | Saved: '/tmp/clearvla_eval_opaque_27424.png'
17:19.749  render           | Saved: '/tmp/clearvla_eval_opaque_27424.png'
17:20.163  render           | Saved: '/tmp/clearvla_eval_opaque_27424.png'
17:20.511  render           | Saved: '/tmp/clearvla_eval_opaque_27424.png'
17:20.926  render           | Saved: '/tmp/clearvla_eval_opaque_27424.png'
17:21.282  render           | Saved: '/tmp/clearvla_eval_opaque_27424.png'
17:21.705  render           | Saved: '/tmp/clearvla_eval_opaque_27424.png'
17:22.044  render           | Saved: '/tmp/clearvla_eval_opaque_27424.png'
17:22.487  render           | Saved: '/tmp/clearvla_eval_opaque_27424.png'
17:22.832  render           | Saved: '/tmp/clearvla_eval_opaque_27424.png'
17:23.238  render           | Saved: '/tmp/clearvla_eval_opaque_27424.png'
17:23.569  render           | Saved: '/tmp/clearvla_eval_opaque_27424.png'
17:23.981  render           | Saved: '/tmp/clearvla_eval_opaque_27424.png'
17:24.311  render           | Saved: '/tmp/clearvla_eval_opaque_27424.png'
17:24.723  render           | Saved: '/tmp/clearvla_eval_opaque_27424.png'
17:25.051  render           | Saved: '/tmp/clearvla_eval_opaque_27424.png'
17:25.466  render           | Saved: '/tmp/clearvla_eval_opaque_27424.png'
17:25.790  render           | Saved: '/tmp/clearvla_eval_opaque_27424.png'
17:26.197  render           | Saved: '/tmp/clearvla_eval_opaque_27424.png'
17:26.519  render           | Saved: '/tmp/clearvla_eval_opaque_27424.png'
17:26.931  render           | Saved: '/tmp/clearvla_eval_opaque_27424.png'
17:27.264  render           | Saved: '/tmp/clearvla_eval_opaque_27424.png'
17:27.678  render           | Saved: '/tmp/clearvla_eval_opaque_27424.png'
17:28.003  render           | Saved: '/tmp/clearvla_eval_opaque_27424.png'
17:28.425  render           | Saved: '/tmp/clearvla_eval_opaque_27424.png'
17:28.749  render           | Saved: '/tmp/clearvla_eval_opaque_27424.png'
17:29.159  render           | Saved: '/tmp/clearvla_eval_opaque_27424.png'
17:29.484  render           | Saved: '/tmp/clearvla_eval_opaque_27424.png'
17:29.898  render           | Saved: '/tmp/clearvla_eval_opaque_27424.png'
17:30.215  render           | Saved: '/tmp/clearvla_eval_opaque_27424.png'
17:30.637  render           | Saved: '/tmp/clearvla_eval_opaque_27424.png'
17:30.964  render           | Saved: '/tmp/clearvla_eval_opaque_27424.png'
17:31.369  render           | Saved: '/tmp/clearvla_eval_opaque_27424.png'
17:31.692  render           | Saved: '/tmp/clearvla_eval_opaque_27424.png'
17:32.092  render           | Saved: '/tmp/clearvla_eval_opaque_27424.png'
17:32.413  render           | Saved: '/tmp/clearvla_eval_opaque_27424.png'
17:32.827  render           | Saved: '/tmp/clearvla_eval_opaque_27424.png'
17:33.148  render           | Saved: '/tmp/clearvla_eval_opaque_27424.png'
17:33.550  render           | Saved: '/tmp/clearvla_eval_opaque_27424.png'
17:33.888  render           | Saved: '/tmp/clearvla_eval_opaque_27424.png'
17:34.307  render           | Saved: '/tmp/clearvla_eval_opaque_27424.png'
17:34.647  render           | Saved: '/tmp/clearvla_eval_opaque_27424.png'
17:35.086  render           | Saved: '/tmp/clearvla_eval_opaque_27424.png'
17:35.440  render           | Saved: '/tmp/clearvla_eval_opaque_27424.png'
17:35.859  render           | Saved: '/tmp/clearvla_eval_opaque_27424.png'
17:36.206  render           | Saved: '/tmp/clearvla_eval_opaque_27424.png'
17:36.610  render           | Saved: '/tmp/clearvla_eval_opaque_27424.png'
17:36.943  render           | Saved: '/tmp/clearvla_eval_opaque_27424.png'
17:37.345  render           | Saved: '/tmp/clearvla_eval_opaque_27424.png'
17:37.677  render           | Saved: '/tmp/clearvla_eval_opaque_27424.png'
17:38.078  render           | Saved: '/tmp/clearvla_eval_opaque_27424.png'
17:38.412  render           | Saved: '/tmp/clearvla_eval_opaque_27424.png'
17:38.811  render           | Saved: '/tmp/clearvla_eval_opaque_27424.png'
17:39.137  render           | Saved: '/tmp/clearvla_eval_opaque_27424.png'
17:39.541  render           | Saved: '/tmp/clearvla_eval_opaque_27424.png'
17:39.868  render           | Saved: '/tmp/clearvla_eval_opaque_27424.png'
17:40.277  render           | Saved: '/tmp/clearvla_eval_opaque_27424.png'
17:40.612  render           | Saved: '/tmp/clearvla_eval_opaque_27424.png'
17:41.472  render           | Saved: '/tmp/clearvla_eval_opaque_27424.png'
17:41.800  render           | Saved: '/tmp/clearvla_eval_opaque_27424.png'
17:42.215  render           | Saved: '/tmp/clearvla_eval_opaque_27424.png'
17:42.552  render           | Saved: '/tmp/clearvla_eval_opaque_27424.png'
17:42.959  render           | Saved: '/tmp/clearvla_eval_opaque_27424.png'
17:43.314  render           | Saved: '/tmp/clearvla_eval_opaque_27424.png'
17:43.714  render           | Saved: '/tmp/clearvla_eval_opaque_27424.png'
17:44.052  render           | Saved: '/tmp/clearvla_eval_opaque_27424.png'
17:44.458  render           | Saved: '/tmp/clearvla_eval_opaque_27424.png'
17:44.790  render           | Saved: '/tmp/clearvla_eval_opaque_27424.png'
17:45.198  render           | Saved: '/tmp/clearvla_eval_opaque_27424.png'
17:45.529  render           | Saved: '/tmp/clearvla_eval_opaque_27424.png'
17:45.940  render           | Saved: '/tmp/clearvla_eval_opaque_27424.png'
17:46.271  render           | Saved: '/tmp/clearvla_eval_opaque_27424.png'
17:46.683  render           | Saved: '/tmp/clearvla_eval_opaque_27424.png'
17:47.012  render           | Saved: '/tmp/clearvla_eval_opaque_27424.png'
17:47.421  render           | Saved: '/tmp/clearvla_eval_opaque_27424.png'
17:47.747  render           | Saved: '/tmp/clearvla_eval_opaque_27424.png'
17:48.152  render           | Saved: '/tmp/clearvla_eval_opaque_27424.png'
17:48.483  render           | Saved: '/tmp/clearvla_eval_opaque_27424.png'
17:48.887  render           | Saved: '/tmp/clearvla_eval_opaque_27424.png'
17:49.214  render           | Saved: '/tmp/clearvla_eval_opaque_27424.png'
17:49.629  render           | Saved: '/tmp/clearvla_eval_opaque_27424.png'
17:49.965  render           | Saved: '/tmp/clearvla_eval_opaque_27424.png'
17:50.370  render           | Saved: '/tmp/clearvla_eval_opaque_27424.png'
17:50.702  render           | Saved: '/tmp/clearvla_eval_opaque_27424.png'
17:51.105  render           | Saved: '/tmp/clearvla_eval_opaque_27424.png'
17:51.427  render           | Saved: '/tmp/clearvla_eval_opaque_27424.png'
17:51.820  render           | Saved: '/tmp/clearvla_eval_opaque_27424.png'
17:52.149  render           | Saved: '/tmp/clearvla_eval_opaque_27424.png'
17:52.542  render           | Saved: '/tmp/clearvla_eval_opaque_27424.png'
17:52.891  render           | Saved: '/tmp/clearvla_eval_opaque_27424.png'
17:53.294  render           | Saved: '/tmp/clearvla_eval_opaque_27424.png'
17:53.663  render           | Saved: '/tmp/clearvla_eval_opaque_27424.png'
17:54.064  render           | Saved: '/tmp/clearvla_eval_opaque_27424.png'
17:54.406  render           | Saved: '/tmp/clearvla_eval_opaque_27424.png'
17:54.831  render           | Saved: '/tmp/clearvla_eval_opaque_27424.png'
17:55.164  render           | Saved: '/tmp/clearvla_eval_opaque_27424.png'
17:55.580  render           | Saved: '/tmp/clearvla_eval_opaque_27424.png'
17:55.916  render           | Saved: '/tmp/clearvla_eval_opaque_27424.png'
17:56.328  render           | Saved: '/tmp/clearvla_eval_opaque_27424.png'
17:56.668  render           | Saved: '/tmp/clearvla_eval_opaque_27424.png'
17:57.078  render           | Saved: '/tmp/clearvla_eval_opaque_27424.png'
17:57.425  render           | Saved: '/tmp/clearvla_eval_opaque_27424.png'
17:57.833  render           | Saved: '/tmp/clearvla_eval_opaque_27424.png'
17:58.176  render           | Saved: '/tmp/clearvla_eval_opaque_27424.png'
17:58.587  render           | Saved: '/tmp/clearvla_eval_opaque_27424.png'
17:58.924  render           | Saved: '/tmp/clearvla_eval_opaque_27424.png'
17:59.333  render           | Saved: '/tmp/clearvla_eval_opaque_27424.png'
17:59.677  render           | Saved: '/tmp/clearvla_eval_opaque_27424.png'
18:00.086  render           | Saved: '/tmp/clearvla_eval_opaque_27424.png'
18:00.427  render           | Saved: '/tmp/clearvla_eval_opaque_27424.png'
18:00.828  render           | Saved: '/tmp/clearvla_eval_opaque_27424.png'
18:01.191  render           | Saved: '/tmp/clearvla_eval_opaque_27424.png'
18:01.599  render           | Saved: '/tmp/clearvla_eval_opaque_27424.png'
18:01.938  render           | Saved: '/tmp/clearvla_eval_opaque_27424.png'
18:02.353  render           | Saved: '/tmp/clearvla_eval_opaque_27424.png'
18:02.692  render           | Saved: '/tmp/clearvla_eval_opaque_27424.png'
18:03.093  render           | Saved: '/tmp/clearvla_eval_opaque_27424.png'
18:03.424  render           | Saved: '/tmp/clearvla_eval_opaque_27424.png'
18:03.838  render           | Saved: '/tmp/clearvla_eval_opaque_27424.png'
18:04.167  render           | Saved: '/tmp/clearvla_eval_opaque_27424.png'
18:04.579  render           | Saved: '/tmp/clearvla_eval_opaque_27424.png'
18:04.909  render           | Saved: '/tmp/clearvla_eval_opaque_27424.png'
18:05.318  render           | Saved: '/tmp/clearvla_eval_opaque_27424.png'
18:05.652  render           | Saved: '/tmp/clearvla_eval_opaque_27424.png'
18:06.059  render           | Saved: '/tmp/clearvla_eval_opaque_27424.png'
18:06.390  render           | Saved: '/tmp/clearvla_eval_opaque_27424.png'
18:06.799  render           | Saved: '/tmp/clearvla_eval_opaque_27424.png'
18:07.142  render           | Saved: '/tmp/clearvla_eval_opaque_27424.png'
18:07.544  render           | Saved: '/tmp/clearvla_eval_opaque_27424.png'
18:07.873  render           | Saved: '/tmp/clearvla_eval_opaque_27424.png'
18:08.284  render           | Saved: '/tmp/clearvla_eval_opaque_27424.png'
18:08.621  render           | Saved: '/tmp/clearvla_eval_opaque_27424.png'
18:09.033  render           | Saved: '/tmp/clearvla_eval_opaque_27424.png'
18:09.362  render           | Saved: '/tmp/clearvla_eval_opaque_27424.png'
18:10.182  render           | Saved: '/tmp/clearvla_eval_opaque_27424.png'
18:10.510  render           | Saved: '/tmp/clearvla_eval_opaque_27424.png'
18:10.908  render           | Saved: '/tmp/clearvla_eval_opaque_27424.png'
18:11.240  render           | Saved: '/tmp/clearvla_eval_opaque_27424.png'
18:11.644  render           | Saved: '/tmp/clearvla_eval_opaque_27424.png'
18:11.978  render           | Saved: '/tmp/clearvla_eval_opaque_27424.png'
18:12.382  render           | Saved: '/tmp/clearvla_eval_opaque_27424.png'
18:12.716  render           | Saved: '/tmp/clearvla_eval_opaque_27424.png'
18:13.106  render           | Saved: '/tmp/clearvla_eval_opaque_27424.png'
18:13.439  render           | Saved: '/tmp/clearvla_eval_opaque_27424.png'
18:13.839  render           | Saved: '/tmp/clearvla_eval_opaque_27424.png'
18:14.174  render           | Saved: '/tmp/clearvla_eval_opaque_27424.png'
18:14.572  render           | Saved: '/tmp/clearvla_eval_opaque_27424.png'
18:14.910  render           | Saved: '/tmp/clearvla_eval_opaque_27424.png'
18:15.313  render           | Saved: '/tmp/clearvla_eval_opaque_27424.png'
18:15.646  render           | Saved: '/tmp/clearvla_eval_opaque_27424.png'
18:16.041  render           | Saved: '/tmp/clearvla_eval_opaque_27424.png'
18:16.376  render           | Saved: '/tmp/clearvla_eval_opaque_27424.png'
18:16.772  render           | Saved: '/tmp/clearvla_eval_opaque_27424.png'
18:17.106  render           | Saved: '/tmp/clearvla_eval_opaque_27424.png'
18:17.503  render           | Saved: '/tmp/clearvla_eval_opaque_27424.png'
18:17.834  render           | Saved: '/tmp/clearvla_eval_opaque_27424.png'
18:18.232  render           | Saved: '/tmp/clearvla_eval_opaque_27424.png'
18:18.565  render           | Saved: '/tmp/clearvla_eval_opaque_27424.png'
18:18.968  render           | Saved: '/tmp/clearvla_eval_opaque_27424.png'
18:19.306  render           | Saved: '/tmp/clearvla_eval_opaque_27424.png'
18:19.712  render           | Saved: '/tmp/clearvla_eval_opaque_27424.png'
18:20.056  render           | Saved: '/tmp/clearvla_eval_opaque_27424.png'
18:20.489  render           | Saved: '/tmp/clearvla_eval_opaque_27424.png'
18:20.835  render           | Saved: '/tmp/clearvla_eval_opaque_27424.png'
18:21.286  render           | Saved: '/tmp/clearvla_eval_opaque_27424.png'
18:21.649  render           | Saved: '/tmp/clearvla_eval_opaque_27424.png'
18:22.081  render           | Saved: '/tmp/clearvla_eval_opaque_27424.png'
18:22.452  render           | Saved: '/tmp/clearvla_eval_opaque_27424.png'
18:22.892  render           | Saved: '/tmp/clearvla_eval_opaque_27424.png'
18:23.238  render           | Saved: '/tmp/clearvla_eval_opaque_27424.png'
18:23.646  render           | Saved: '/tmp/clearvla_eval_opaque_27424.png'
18:23.999  render           | Saved: '/tmp/clearvla_eval_opaque_27424.png'
18:24.420  render           | Saved: '/tmp/clearvla_eval_opaque_27424.png'
18:24.755  render           | Saved: '/tmp/clearvla_eval_opaque_27424.png'
18:25.152  render           | Saved: '/tmp/clearvla_eval_opaque_27424.png'
18:25.484  render           | Saved: '/tmp/clearvla_eval_opaque_27424.png'
18:25.888  render           | Saved: '/tmp/clearvla_eval_opaque_27424.png'
18:26.218  render           | Saved: '/tmp/clearvla_eval_opaque_27424.png'
18:26.635  render           | Saved: '/tmp/clearvla_eval_opaque_27424.png'
18:27.009  render           | Saved: '/tmp/clearvla_eval_opaque_27424.png'
18:27.435  render           | Saved: '/tmp/clearvla_eval_opaque_27424.png'
18:27.786  render           | Saved: '/tmp/clearvla_eval_opaque_27424.png'
18:28.225  render           | Saved: '/tmp/clearvla_eval_opaque_27424.png'
18:28.589  render           | Saved: '/tmp/clearvla_eval_opaque_27424.png'
18:29.026  render           | Saved: '/tmp/clearvla_eval_opaque_27424.png'
18:29.372  render           | Saved: '/tmp/clearvla_eval_opaque_27424.png'
18:29.788  render           | Saved: '/tmp/clearvla_eval_opaque_27424.png'
18:30.123  render           | Saved: '/tmp/clearvla_eval_opaque_27424.png'
18:30.542  render           | Saved: '/tmp/clearvla_eval_opaque_27424.png'
18:30.879  render           | Saved: '/tmp/clearvla_eval_opaque_27424.png'
18:31.286  render           | Saved: '/tmp/clearvla_eval_opaque_27424.png'
18:31.618  render           | Saved: '/tmp/clearvla_eval_opaque_27424.png'
18:32.020  render           | Saved: '/tmp/clearvla_eval_opaque_27424.png'
18:32.356  render           | Saved: '/tmp/clearvla_eval_opaque_27424.png'
18:32.757  render           | Saved: '/tmp/clearvla_eval_opaque_27424.png'
18:33.088  render           | Saved: '/tmp/clearvla_eval_opaque_27424.png'
18:33.486  render           | Saved: '/tmp/clearvla_eval_opaque_27424.png'
18:33.827  render           | Saved: '/tmp/clearvla_eval_opaque_27424.png'
18:34.230  render           | Saved: '/tmp/clearvla_eval_opaque_27424.png'
18:34.560  render           | Saved: '/tmp/clearvla_eval_opaque_27424.png'
18:34.961  render           | Saved: '/tmp/clearvla_eval_opaque_27424.png'
18:35.296  render           | Saved: '/tmp/clearvla_eval_opaque_27424.png'
18:35.699  render           | Saved: '/tmp/clearvla_eval_opaque_27424.png'
18:36.029  render           | Saved: '/tmp/clearvla_eval_opaque_27424.png'
18:36.431  render           | Saved: '/tmp/clearvla_eval_opaque_27424.png'
18:36.762  render           | Saved: '/tmp/clearvla_eval_opaque_27424.png'
18:37.166  render           | Saved: '/tmp/clearvla_eval_opaque_27424.png'
18:37.496  render           | Saved: '/tmp/clearvla_eval_opaque_27424.png'
18:37.896  render           | Saved: '/tmp/clearvla_eval_opaque_27424.png'
18:38.224  render           | Saved: '/tmp/clearvla_eval_opaque_27424.png'
18:39.104  render           | Saved: '/tmp/clearvla_eval_opaque_27424.png'
18:39.430  render           | Saved: '/tmp/clearvla_eval_opaque_27424.png'
18:39.882  render           | Saved: '/tmp/clearvla_eval_opaque_27424.png'
18:40.209  render           | Saved: '/tmp/clearvla_eval_opaque_27424.png'
18:40.634  render           | Saved: '/tmp/clearvla_eval_opaque_27424.png'
18:40.973  render           | Saved: '/tmp/clearvla_eval_opaque_27424.png'
18:41.405  render           | Saved: '/tmp/clearvla_eval_opaque_27424.png'
18:41.737  render           | Saved: '/tmp/clearvla_eval_opaque_27424.png'
18:42.155  render           | Saved: '/tmp/clearvla_eval_opaque_27424.png'
18:42.492  render           | Saved: '/tmp/clearvla_eval_opaque_27424.png'
18:42.919  render           | Saved: '/tmp/clearvla_eval_opaque_27424.png'
18:43.252  render           | Saved: '/tmp/clearvla_eval_opaque_27424.png'
18:43.667  render           | Saved: '/tmp/clearvla_eval_opaque_27424.png'
18:44.010  render           | Saved: '/tmp/clearvla_eval_opaque_27424.png'
18:44.437  render           | Saved: '/tmp/clearvla_eval_opaque_27424.png'
18:44.773  render           | Saved: '/tmp/clearvla_eval_opaque_27424.png'
18:45.203  render           | Saved: '/tmp/clearvla_eval_opaque_27424.png'
18:45.535  render           | Saved: '/tmp/clearvla_eval_opaque_27424.png'
18:45.963  render           | Saved: '/tmp/clearvla_eval_opaque_27424.png'
18:46.295  render           | Saved: '/tmp/clearvla_eval_opaque_27424.png'
18:46.717  render           | Saved: '/tmp/clearvla_eval_opaque_27424.png'
18:47.049  render           | Saved: '/tmp/clearvla_eval_opaque_27424.png'
18:47.461  render           | Saved: '/tmp/clearvla_eval_opaque_27424.png'
18:47.806  render           | Saved: '/tmp/clearvla_eval_opaque_27424.png'
18:48.231  render           | Saved: '/tmp/clearvla_eval_opaque_27424.png'
18:48.571  render           | Saved: '/tmp/clearvla_eval_opaque_27424.png'
18:48.991  render           | Saved: '/tmp/clearvla_eval_opaque_27424.png'
18:49.336  render           | Saved: '/tmp/clearvla_eval_opaque_27424.png'
18:49.739  render           | Saved: '/tmp/clearvla_eval_opaque_27424.png'
18:50.085  render           | Saved: '/tmp/clearvla_eval_opaque_27424.png'
18:50.492  render           | Saved: '/tmp/clearvla_eval_opaque_27424.png'
18:50.843  render           | Saved: '/tmp/clearvla_eval_opaque_27424.png'
18:51.264  render           | Saved: '/tmp/clearvla_eval_opaque_27424.png'
18:51.620  render           | Saved: '/tmp/clearvla_eval_opaque_27424.png'
18:52.021  render           | Saved: '/tmp/clearvla_eval_opaque_27424.png'
18:52.365  render           | Saved: '/tmp/clearvla_eval_opaque_27424.png'
18:52.766  render           | Saved: '/tmp/clearvla_eval_opaque_27424.png'
18:53.092  render           | Saved: '/tmp/clearvla_eval_opaque_27424.png'
18:53.489  render           | Saved: '/tmp/clearvla_eval_opaque_27424.png'
18:53.815  render           | Saved: '/tmp/clearvla_eval_opaque_27424.png'
18:54.211  render           | Saved: '/tmp/clearvla_eval_opaque_27424.png'
18:54.536  render           | Saved: '/tmp/clearvla_eval_opaque_27424.png'
18:54.938  render           | Saved: '/tmp/clearvla_eval_opaque_27424.png'
18:55.266  render           | Saved: '/tmp/clearvla_eval_opaque_27424.png'
18:55.670  render           | Saved: '/tmp/clearvla_eval_opaque_27424.png'
18:55.998  render           | Saved: '/tmp/clearvla_eval_opaque_27424.png'
18:56.400  render           | Saved: '/tmp/clearvla_eval_opaque_27424.png'
18:56.726  render           | Saved: '/tmp/clearvla_eval_opaque_27424.png'
18:57.121  render           | Saved: '/tmp/clearvla_eval_opaque_27424.png'
18:57.452  render           | Saved: '/tmp/clearvla_eval_opaque_27424.png'
18:57.853  render           | Saved: '/tmp/clearvla_eval_opaque_27424.png'
18:58.182  render           | Saved: '/tmp/clearvla_eval_opaque_27424.png'
18:58.585  render           | Saved: '/tmp/clearvla_eval_opaque_27424.png'
18:58.916  render           | Saved: '/tmp/clearvla_eval_opaque_27424.png'
18:59.315  render           | Saved: '/tmp/clearvla_eval_opaque_27424.png'
18:59.648  render           | Saved: '/tmp/clearvla_eval_opaque_27424.png'
19:00.057  render           | Saved: '/tmp/clearvla_eval_opaque_27424.png'
19:00.385  render           | Saved: '/tmp/clearvla_eval_opaque_27424.png'
19:00.789  render           | Saved: '/tmp/clearvla_eval_opaque_27424.png'
19:01.123  render           | Saved: '/tmp/clearvla_eval_opaque_27424.png'
19:01.528  render           | Saved: '/tmp/clearvla_eval_opaque_27424.png'
19:01.856  render           | Saved: '/tmp/clearvla_eval_opaque_27424.png'
19:02.257  render           | Saved: '/tmp/clearvla_eval_opaque_27424.png'
19:02.584  render           | Saved: '/tmp/clearvla_eval_opaque_27424.png'
19:02.982  render           | Saved: '/tmp/clearvla_eval_opaque_27424.png'
19:03.312  render           | Saved: '/tmp/clearvla_eval_opaque_27424.png'
19:03.710  render           | Saved: '/tmp/clearvla_eval_opaque_27424.png'
19:04.036  render           | Saved: '/tmp/clearvla_eval_opaque_27424.png'
19:04.436  render           | Saved: '/tmp/clearvla_eval_opaque_27424.png'
19:04.761  render           | Saved: '/tmp/clearvla_eval_opaque_27424.png'
19:05.161  render           | Saved: '/tmp/clearvla_eval_opaque_27424.png'
19:05.490  render           | Saved: '/tmp/clearvla_eval_opaque_27424.png'
19:05.890  render           | Saved: '/tmp/clearvla_eval_opaque_27424.png'
19:06.222  render           | Saved: '/tmp/clearvla_eval_opaque_27424.png'
19:06.630  render           | Saved: '/tmp/clearvla_eval_opaque_27424.png'
19:06.962  render           | Saved: '/tmp/clearvla_eval_opaque_27424.png'
19:07.779  render           | Saved: '/tmp/clearvla_eval_opaque_27424.png'
19:08.107  render           | Saved: '/tmp/clearvla_eval_opaque_27424.png'
19:08.520  render           | Saved: '/tmp/clearvla_eval_opaque_27424.png'
19:08.848  render           | Saved: '/tmp/clearvla_eval_opaque_27424.png'
19:09.252  render           | Saved: '/tmp/clearvla_eval_opaque_27424.png'
19:09.576  render           | Saved: '/tmp/clearvla_eval_opaque_27424.png'
19:09.988  render           | Saved: '/tmp/clearvla_eval_opaque_27424.png'
19:10.316  render           | Saved: '/tmp/clearvla_eval_opaque_27424.png'
19:10.723  render           | Saved: '/tmp/clearvla_eval_opaque_27424.png'
19:11.052  render           | Saved: '/tmp/clearvla_eval_opaque_27424.png'
19:11.462  render           | Saved: '/tmp/clearvla_eval_opaque_27424.png'
19:11.787  render           | Saved: '/tmp/clearvla_eval_opaque_27424.png'
19:12.194  render           | Saved: '/tmp/clearvla_eval_opaque_27424.png'
19:12.521  render           | Saved: '/tmp/clearvla_eval_opaque_27424.png'
19:12.930  render           | Saved: '/tmp/clearvla_eval_opaque_27424.png'
19:13.258  render           | Saved: '/tmp/clearvla_eval_opaque_27424.png'
19:13.667  render           | Saved: '/tmp/clearvla_eval_opaque_27424.png'
19:13.994  render           | Saved: '/tmp/clearvla_eval_opaque_27424.png'
19:14.402  render           | Saved: '/tmp/clearvla_eval_opaque_27424.png'
19:14.750  render           | Saved: '/tmp/clearvla_eval_opaque_27424.png'
19:15.159  render           | Saved: '/tmp/clearvla_eval_opaque_27424.png'
19:15.483  render           | Saved: '/tmp/clearvla_eval_opaque_27424.png'
19:15.894  render           | Saved: '/tmp/clearvla_eval_opaque_27424.png'
19:16.253  render           | Saved: '/tmp/clearvla_eval_opaque_27424.png'
19:16.659  render           | Saved: '/tmp/clearvla_eval_opaque_27424.png'
19:16.986  render           | Saved: '/tmp/clearvla_eval_opaque_27424.png'
19:17.398  render           | Saved: '/tmp/clearvla_eval_opaque_27424.png'
19:17.731  render           | Saved: '/tmp/clearvla_eval_opaque_27424.png'
19:18.148  render           | Saved: '/tmp/clearvla_eval_opaque_27424.png'
19:18.495  render           | Saved: '/tmp/clearvla_eval_opaque_27424.png'
19:18.911  render           | Saved: '/tmp/clearvla_eval_opaque_27424.png'
19:19.248  render           | Saved: '/tmp/clearvla_eval_opaque_27424.png'
19:19.672  render           | Saved: '/tmp/clearvla_eval_opaque_27424.png'
19:20.012  render           | Saved: '/tmp/clearvla_eval_opaque_27424.png'
19:20.415  render           | Saved: '/tmp/clearvla_eval_opaque_27424.png'
19:20.759  render           | Saved: '/tmp/clearvla_eval_opaque_27424.png'
19:21.164  render           | Saved: '/tmp/clearvla_eval_opaque_27424.png'
19:21.499  render           | Saved: '/tmp/clearvla_eval_opaque_27424.png'
19:21.903  render           | Saved: '/tmp/clearvla_eval_opaque_27424.png'
19:22.241  render           | Saved: '/tmp/clearvla_eval_opaque_27424.png'
19:22.649  render           | Saved: '/tmp/clearvla_eval_opaque_27424.png'
19:22.987  render           | Saved: '/tmp/clearvla_eval_opaque_27424.png'
19:23.391  render           | Saved: '/tmp/clearvla_eval_opaque_27424.png'
19:23.727  render           | Saved: '/tmp/clearvla_eval_opaque_27424.png'
19:24.153  render           | Saved: '/tmp/clearvla_eval_opaque_27424.png'
19:24.494  render           | Saved: '/tmp/clearvla_eval_opaque_27424.png'
19:24.899  render           | Saved: '/tmp/clearvla_eval_opaque_27424.png'
19:25.236  render           | Saved: '/tmp/clearvla_eval_opaque_27424.png'
19:25.663  render           | Saved: '/tmp/clearvla_eval_opaque_27424.png'
19:26.001  render           | Saved: '/tmp/clearvla_eval_opaque_27424.png'
19:26.415  render           | Saved: '/tmp/clearvla_eval_opaque_27424.png'
19:26.755  render           | Saved: '/tmp/clearvla_eval_opaque_27424.png'
19:27.178  render           | Saved: '/tmp/clearvla_eval_opaque_27424.png'
19:27.518  render           | Saved: '/tmp/clearvla_eval_opaque_27424.png'
19:27.932  render           | Saved: '/tmp/clearvla_eval_opaque_27424.png'
19:28.278  render           | Saved: '/tmp/clearvla_eval_opaque_27424.png'
19:28.689  render           | Saved: '/tmp/clearvla_eval_opaque_27424.png'
19:29.029  render           | Saved: '/tmp/clearvla_eval_opaque_27424.png'
19:29.441  render           | Saved: '/tmp/clearvla_eval_opaque_27424.png'
19:29.791  render           | Saved: '/tmp/clearvla_eval_opaque_27424.png'
19:30.203  render           | Saved: '/tmp/clearvla_eval_opaque_27424.png'
19:30.542  render           | Saved: '/tmp/clearvla_eval_opaque_27424.png'
19:30.953  render           | Saved: '/tmp/clearvla_eval_opaque_27424.png'
19:31.295  render           | Saved: '/tmp/clearvla_eval_opaque_27424.png'
19:31.704  render           | Saved: '/tmp/clearvla_eval_opaque_27424.png'
19:32.046  render           | Saved: '/tmp/clearvla_eval_opaque_27424.png'
19:32.458  render           | Saved: '/tmp/clearvla_eval_opaque_27424.png'
19:32.794  render           | Saved: '/tmp/clearvla_eval_opaque_27424.png'
19:33.200  render           | Saved: '/tmp/clearvla_eval_opaque_27424.png'
19:33.530  render           | Saved: '/tmp/clearvla_eval_opaque_27424.png'
19:33.925  render           | Saved: '/tmp/clearvla_eval_opaque_27424.png'
19:34.254  render           | Saved: '/tmp/clearvla_eval_opaque_27424.png'
19:34.652  render           | Saved: '/tmp/clearvla_eval_opaque_27424.png'
19:34.979  render           | Saved: '/tmp/clearvla_eval_opaque_27424.png'
19:35.382  render           | Saved: '/tmp/clearvla_eval_opaque_27424.png'
19:35.714  render           | Saved: '/tmp/clearvla_eval_opaque_27424.png'
19:36.546  render           | Saved: '/tmp/clearvla_eval_opaque_27424.png'
19:36.884  render           | Saved: '/tmp/clearvla_eval_opaque_27424.png'
19:37.323  render           | Saved: '/tmp/clearvla_eval_opaque_27424.png'
19:37.658  render           | Saved: '/tmp/clearvla_eval_opaque_27424.png'
19:38.073  render           | Saved: '/tmp/clearvla_eval_opaque_27424.png'
19:38.419  render           | Saved: '/tmp/clearvla_eval_opaque_27424.png'
19:38.833  render           | Saved: '/tmp/clearvla_eval_opaque_27424.png'
19:39.169  render           | Saved: '/tmp/clearvla_eval_opaque_27424.png'
19:39.573  render           | Saved: '/tmp/clearvla_eval_opaque_27424.png'
19:39.912  render           | Saved: '/tmp/clearvla_eval_opaque_27424.png'
19:40.317  render           | Saved: '/tmp/clearvla_eval_opaque_27424.png'
19:40.652  render           | Saved: '/tmp/clearvla_eval_opaque_27424.png'
19:41.064  render           | Saved: '/tmp/clearvla_eval_opaque_27424.png'
19:41.425  render           | Saved: '/tmp/clearvla_eval_opaque_27424.png'
19:41.836  render           | Saved: '/tmp/clearvla_eval_opaque_27424.png'
19:42.177  render           | Saved: '/tmp/clearvla_eval_opaque_27424.png'
19:42.604  render           | Saved: '/tmp/clearvla_eval_opaque_27424.png'
19:42.943  render           | Saved: '/tmp/clearvla_eval_opaque_27424.png'
19:43.354  render           | Saved: '/tmp/clearvla_eval_opaque_27424.png'
19:43.695  render           | Saved: '/tmp/clearvla_eval_opaque_27424.png'
19:44.123  render           | Saved: '/tmp/clearvla_eval_opaque_27424.png'
19:44.469  render           | Saved: '/tmp/clearvla_eval_opaque_27424.png'
19:44.875  render           | Saved: '/tmp/clearvla_eval_opaque_27424.png'
19:45.236  render           | Saved: '/tmp/clearvla_eval_opaque_27424.png'
19:45.658  render           | Saved: '/tmp/clearvla_eval_opaque_27424.png'
19:46.001  render           | Saved: '/tmp/clearvla_eval_opaque_27424.png'
19:46.410  render           | Saved: '/tmp/clearvla_eval_opaque_27424.png'
19:46.759  render           | Saved: '/tmp/clearvla_eval_opaque_27424.png'
19:47.174  render           | Saved: '/tmp/clearvla_eval_opaque_27424.png'
19:47.523  render           | Saved: '/tmp/clearvla_eval_opaque_27424.png'
19:47.935  render           | Saved: '/tmp/clearvla_eval_opaque_27424.png'
19:48.286  render           | Saved: '/tmp/clearvla_eval_opaque_27424.png'
19:48.716  render           | Saved: '/tmp/clearvla_eval_opaque_27424.png'
19:49.072  render           | Saved: '/tmp/clearvla_eval_opaque_27424.png'
19:49.484  render           | Saved: '/tmp/clearvla_eval_opaque_27424.png'
19:49.833  render           | Saved: '/tmp/clearvla_eval_opaque_27424.png'
19:50.238  render           | Saved: '/tmp/clearvla_eval_opaque_27424.png'
19:50.569  render           | Saved: '/tmp/clearvla_eval_opaque_27424.png'
19:50.971  render           | Saved: '/tmp/clearvla_eval_opaque_27424.png'
19:51.302  render           | Saved: '/tmp/clearvla_eval_opaque_27424.png'
19:51.703  render           | Saved: '/tmp/clearvla_eval_opaque_27424.png'
19:52.038  render           | Saved: '/tmp/clearvla_eval_opaque_27424.png'
19:52.443  render           | Saved: '/tmp/clearvla_eval_opaque_27424.png'
19:52.774  render           | Saved: '/tmp/clearvla_eval_opaque_27424.png'
19:53.183  render           | Saved: '/tmp/clearvla_eval_opaque_27424.png'
19:53.515  render           | Saved: '/tmp/clearvla_eval_opaque_27424.png'
19:53.915  render           | Saved: '/tmp/clearvla_eval_opaque_27424.png'
19:54.246  render           | Saved: '/tmp/clearvla_eval_opaque_27424.png'
19:54.648  render           | Saved: '/tmp/clearvla_eval_opaque_27424.png'
19:54.982  render           | Saved: '/tmp/clearvla_eval_opaque_27424.png'
19:55.390  render           | Saved: '/tmp/clearvla_eval_opaque_27424.png'
19:55.722  render           | Saved: '/tmp/clearvla_eval_opaque_27424.png'
19:56.133  render           | Saved: '/tmp/clearvla_eval_opaque_27424.png'
19:56.481  render           | Saved: '/tmp/clearvla_eval_opaque_27424.png'
19:56.914  render           | Saved: '/tmp/clearvla_eval_opaque_27424.png'
19:57.260  render           | Saved: '/tmp/clearvla_eval_opaque_27424.png'
19:57.674  render           | Saved: '/tmp/clearvla_eval_opaque_27424.png'
19:58.012  render           | Saved: '/tmp/clearvla_eval_opaque_27424.png'
19:58.422  render           | Saved: '/tmp/clearvla_eval_opaque_27424.png'
19:58.749  render           | Saved: '/tmp/clearvla_eval_opaque_27424.png'
19:59.149  render           | Saved: '/tmp/clearvla_eval_opaque_27424.png'
19:59.484  render           | Saved: '/tmp/clearvla_eval_opaque_27424.png'
19:59.886  render           | Saved: '/tmp/clearvla_eval_opaque_27424.png'
20:00.224  render           | Saved: '/tmp/clearvla_eval_opaque_27424.png'
20:00.630  render           | Saved: '/tmp/clearvla_eval_opaque_27424.png'
20:00.965  render           | Saved: '/tmp/clearvla_eval_opaque_27424.png'
20:01.371  render           | Saved: '/tmp/clearvla_eval_opaque_27424.png'
20:01.703  render           | Saved: '/tmp/clearvla_eval_opaque_27424.png'
20:02.106  render           | Saved: '/tmp/clearvla_eval_opaque_27424.png'
20:02.434  render           | Saved: '/tmp/clearvla_eval_opaque_27424.png'
20:02.839  render           | Saved: '/tmp/clearvla_eval_opaque_27424.png'
20:03.170  render           | Saved: '/tmp/clearvla_eval_opaque_27424.png'
20:03.578  render           | Saved: '/tmp/clearvla_eval_opaque_27424.png'
20:03.910  render           | Saved: '/tmp/clearvla_eval_opaque_27424.png'
20:04.318  render           | Saved: '/tmp/clearvla_eval_opaque_27424.png'
20:04.647  render           | Saved: '/tmp/clearvla_eval_opaque_27424.png'
20:05.553  render           | Saved: '/tmp/clearvla_eval_opaque_27424.png'
20:05.890  render           | Saved: '/tmp/clearvla_eval_opaque_27424.png'
20:06.342  render           | Saved: '/tmp/clearvla_eval_opaque_27424.png'
20:06.683  render           | Saved: '/tmp/clearvla_eval_opaque_27424.png'
20:07.155  render           | Saved: '/tmp/clearvla_eval_opaque_27424.png'
20:07.484  render           | Saved: '/tmp/clearvla_eval_opaque_27424.png'
20:07.915  render           | Saved: '/tmp/clearvla_eval_opaque_27424.png'
20:08.242  render           | Saved: '/tmp/clearvla_eval_opaque_27424.png'
20:08.655  render           | Saved: '/tmp/clearvla_eval_opaque_27424.png'
20:08.997  render           | Saved: '/tmp/clearvla_eval_opaque_27424.png'
20:09.415  render           | Saved: '/tmp/clearvla_eval_opaque_27424.png'
20:09.749  render           | Saved: '/tmp/clearvla_eval_opaque_27424.png'
20:10.163  render           | Saved: '/tmp/clearvla_eval_opaque_27424.png'
20:10.507  render           | Saved: '/tmp/clearvla_eval_opaque_27424.png'
20:10.927  render           | Saved: '/tmp/clearvla_eval_opaque_27424.png'
20:11.263  render           | Saved: '/tmp/clearvla_eval_opaque_27424.png'
20:11.667  render           | Saved: '/tmp/clearvla_eval_opaque_27424.png'
20:12.006  render           | Saved: '/tmp/clearvla_eval_opaque_27424.png'
20:12.425  render           | Saved: '/tmp/clearvla_eval_opaque_27424.png'
20:12.782  render           | Saved: '/tmp/clearvla_eval_opaque_27424.png'
20:13.200  render           | Saved: '/tmp/clearvla_eval_opaque_27424.png'
20:13.533  render           | Saved: '/tmp/clearvla_eval_opaque_27424.png'
20:13.953  render           | Saved: '/tmp/clearvla_eval_opaque_27424.png'
20:14.291  render           | Saved: '/tmp/clearvla_eval_opaque_27424.png'
20:14.701  render           | Saved: '/tmp/clearvla_eval_opaque_27424.png'
20:15.039  render           | Saved: '/tmp/clearvla_eval_opaque_27424.png'
20:15.466  render           | Saved: '/tmp/clearvla_eval_opaque_27424.png'
20:15.800  render           | Saved: '/tmp/clearvla_eval_opaque_27424.png'
20:16.209  render           | Saved: '/tmp/clearvla_eval_opaque_27424.png'
20:16.549  render           | Saved: '/tmp/clearvla_eval_opaque_27424.png'
20:16.972  render           | Saved: '/tmp/clearvla_eval_opaque_27424.png'
20:17.322  render           | Saved: '/tmp/clearvla_eval_opaque_27424.png'
20:17.740  render           | Saved: '/tmp/clearvla_eval_opaque_27424.png'
20:18.088  render           | Saved: '/tmp/clearvla_eval_opaque_27424.png'
20:18.501  render           | Saved: '/tmp/clearvla_eval_opaque_27424.png'
20:18.843  render           | Saved: '/tmp/clearvla_eval_opaque_27424.png'
20:19.255  render           | Saved: '/tmp/clearvla_eval_opaque_27424.png'
20:19.597  render           | Saved: '/tmp/clearvla_eval_opaque_27424.png'
20:20.008  render           | Saved: '/tmp/clearvla_eval_opaque_27424.png'
20:20.336  render           | Saved: '/tmp/clearvla_eval_opaque_27424.png'
20:20.751  render           | Saved: '/tmp/clearvla_eval_opaque_27424.png'
20:21.083  render           | Saved: '/tmp/clearvla_eval_opaque_27424.png'
20:21.487  render           | Saved: '/tmp/clearvla_eval_opaque_27424.png'
20:21.813  render           | Saved: '/tmp/clearvla_eval_opaque_27424.png'
20:22.219  render           | Saved: '/tmp/clearvla_eval_opaque_27424.png'
20:22.556  render           | Saved: '/tmp/clearvla_eval_opaque_27424.png'
20:23.374  render           | Saved: '/tmp/clearvla_eval_opaque_27424.png'
20:23.707  render           | Saved: '/tmp/clearvla_eval_opaque_27424.png'
20:24.129  render           | Saved: '/tmp/clearvla_eval_opaque_27424.png'
20:24.465  render           | Saved: '/tmp/clearvla_eval_opaque_27424.png'
20:24.880  render           | Saved: '/tmp/clearvla_eval_opaque_27424.png'
20:25.219  render           | Saved: '/tmp/clearvla_eval_opaque_27424.png'
20:25.635  render           | Saved: '/tmp/clearvla_eval_opaque_27424.png'
20:25.974  render           | Saved: '/tmp/clearvla_eval_opaque_27424.png'
20:26.372  render           | Saved: '/tmp/clearvla_eval_opaque_27424.png'
20:26.700  render           | Saved: '/tmp/clearvla_eval_opaque_27424.png'
20:27.105  render           | Saved: '/tmp/clearvla_eval_opaque_27424.png'
20:27.436  render           | Saved: '/tmp/clearvla_eval_opaque_27424.png'
20:27.847  render           | Saved: '/tmp/clearvla_eval_opaque_27424.png'
20:28.177  render           | Saved: '/tmp/clearvla_eval_opaque_27424.png'
20:28.589  render           | Saved: '/tmp/clearvla_eval_opaque_27424.png'
20:28.924  render           | Saved: '/tmp/clearvla_eval_opaque_27424.png'
20:29.331  render           | Saved: '/tmp/clearvla_eval_opaque_27424.png'
20:29.664  render           | Saved: '/tmp/clearvla_eval_opaque_27424.png'
20:30.070  render           | Saved: '/tmp/clearvla_eval_opaque_27424.png'
20:30.398  render           | Saved: '/tmp/clearvla_eval_opaque_27424.png'
20:30.821  render           | Saved: '/tmp/clearvla_eval_opaque_27424.png'
20:31.145  render           | Saved: '/tmp/clearvla_eval_opaque_27424.png'
20:31.554  render           | Saved: '/tmp/clearvla_eval_opaque_27424.png'
20:31.883  render           | Saved: '/tmp/clearvla_eval_opaque_27424.png'
20:32.295  render           | Saved: '/tmp/clearvla_eval_opaque_27424.png'
20:32.622  render           | Saved: '/tmp/clearvla_eval_opaque_27424.png'
20:33.041  render           | Saved: '/tmp/clearvla_eval_opaque_27424.png'
20:33.373  render           | Saved: '/tmp/clearvla_eval_opaque_27424.png'
20:33.773  render           | Saved: '/tmp/clearvla_eval_opaque_27424.png'
20:34.111  render           | Saved: '/tmp/clearvla_eval_opaque_27424.png'
20:34.519  render           | Saved: '/tmp/clearvla_eval_opaque_27424.png'
20:34.858  render           | Saved: '/tmp/clearvla_eval_opaque_27424.png'
20:35.261  render           | Saved: '/tmp/clearvla_eval_opaque_27424.png'
20:35.602  render           | Saved: '/tmp/clearvla_eval_opaque_27424.png'
20:36.007  render           | Saved: '/tmp/clearvla_eval_opaque_27424.png'
20:36.346  render           | Saved: '/tmp/clearvla_eval_opaque_27424.png'
20:36.751  render           | Saved: '/tmp/clearvla_eval_opaque_27424.png'
20:37.089  render           | Saved: '/tmp/clearvla_eval_opaque_27424.png'
20:37.497  render           | Saved: '/tmp/clearvla_eval_opaque_27424.png'
20:37.842  render           | Saved: '/tmp/clearvla_eval_opaque_27424.png'
20:38.265  render           | Saved: '/tmp/clearvla_eval_opaque_27424.png'
20:38.616  render           | Saved: '/tmp/clearvla_eval_opaque_27424.png'
20:39.014  render           | Saved: '/tmp/clearvla_eval_opaque_27424.png'
20:39.378  render           | Saved: '/tmp/clearvla_eval_opaque_27424.png'
20:39.783  render           | Saved: '/tmp/clearvla_eval_opaque_27424.png'
20:40.123  render           | Saved: '/tmp/clearvla_eval_opaque_27424.png'
20:40.524  render           | Saved: '/tmp/clearvla_eval_opaque_27424.png'
20:40.872  render           | Saved: '/tmp/clearvla_eval_opaque_27424.png'
20:41.271  render           | Saved: '/tmp/clearvla_eval_opaque_27424.png'
20:41.618  render           | Saved: '/tmp/clearvla_eval_opaque_27424.png'
20:42.037  render           | Saved: '/tmp/clearvla_eval_opaque_27424.png'
20:42.385  render           | Saved: '/tmp/clearvla_eval_opaque_27424.png'
20:42.785  render           | Saved: '/tmp/clearvla_eval_opaque_27424.png'
20:43.134  render           | Saved: '/tmp/clearvla_eval_opaque_27424.png'
20:43.559  render           | Saved: '/tmp/clearvla_eval_opaque_27424.png'
20:43.902  render           | Saved: '/tmp/clearvla_eval_opaque_27424.png'
20:44.296  render           | Saved: '/tmp/clearvla_eval_opaque_27424.png'
20:44.633  render           | Saved: '/tmp/clearvla_eval_opaque_27424.png'
20:45.035  render           | Saved: '/tmp/clearvla_eval_opaque_27424.png'
20:45.377  render           | Saved: '/tmp/clearvla_eval_opaque_27424.png'
20:45.781  render           | Saved: '/tmp/clearvla_eval_opaque_27424.png'
20:46.112  render           | Saved: '/tmp/clearvla_eval_opaque_27424.png'
20:46.507  render           | Saved: '/tmp/clearvla_eval_opaque_27424.png'
20:46.837  render           | Saved: '/tmp/clearvla_eval_opaque_27424.png'
20:47.224  render           | Saved: '/tmp/clearvla_eval_opaque_27424.png'
20:47.552  render           | Saved: '/tmp/clearvla_eval_opaque_27424.png'
20:47.947  render           | Saved: '/tmp/clearvla_eval_opaque_27424.png'
20:48.291  render           | Saved: '/tmp/clearvla_eval_opaque_27424.png'
20:48.699  render           | Saved: '/tmp/clearvla_eval_opaque_27424.png'
20:49.042  render           | Saved: '/tmp/clearvla_eval_opaque_27424.png'
20:49.431  render           | Saved: '/tmp/clearvla_eval_opaque_27424.png'
20:49.807  render           | Saved: '/tmp/clearvla_eval_opaque_27424.png'
20:50.213  render           | Saved: '/tmp/clearvla_eval_opaque_27424.png'
20:50.558  render           | Saved: '/tmp/clearvla_eval_opaque_27424.png'
20:50.995  render           | Saved: '/tmp/clearvla_eval_opaque_27424.png'
20:51.346  render           | Saved: '/tmp/clearvla_eval_opaque_27424.png'
20:52.155  render           | Saved: '/tmp/clearvla_eval_opaque_27424.png'
20:52.493  render           | Saved: '/tmp/clearvla_eval_opaque_27424.png'
20:52.915  render           | Saved: '/tmp/clearvla_eval_opaque_27424.png'
20:53.249  render           | Saved: '/tmp/clearvla_eval_opaque_27424.png'
20:53.662  render           | Saved: '/tmp/clearvla_eval_opaque_27424.png'
20:53.996  render           | Saved: '/tmp/clearvla_eval_opaque_27424.png'
20:54.402  render           | Saved: '/tmp/clearvla_eval_opaque_27424.png'
20:54.736  render           | Saved: '/tmp/clearvla_eval_opaque_27424.png'
20:55.141  render           | Saved: '/tmp/clearvla_eval_opaque_27424.png'
20:55.464  render           | Saved: '/tmp/clearvla_eval_opaque_27424.png'
20:55.876  render           | Saved: '/tmp/clearvla_eval_opaque_27424.png'
20:56.206  render           | Saved: '/tmp/clearvla_eval_opaque_27424.png'
20:56.614  render           | Saved: '/tmp/clearvla_eval_opaque_27424.png'
20:56.943  render           | Saved: '/tmp/clearvla_eval_opaque_27424.png'
20:57.356  render           | Saved: '/tmp/clearvla_eval_opaque_27424.png'
20:57.695  render           | Saved: '/tmp/clearvla_eval_opaque_27424.png'
20:58.111  render           | Saved: '/tmp/clearvla_eval_opaque_27424.png'
20:58.440  render           | Saved: '/tmp/clearvla_eval_opaque_27424.png'
20:58.847  render           | Saved: '/tmp/clearvla_eval_opaque_27424.png'
20:59.192  render           | Saved: '/tmp/clearvla_eval_opaque_27424.png'
20:59.609  render           | Saved: '/tmp/clearvla_eval_opaque_27424.png'
20:59.947  render           | Saved: '/tmp/clearvla_eval_opaque_27424.png'
21:00.354  render           | Saved: '/tmp/clearvla_eval_opaque_27424.png'
21:00.710  render           | Saved: '/tmp/clearvla_eval_opaque_27424.png'
21:01.119  render           | Saved: '/tmp/clearvla_eval_opaque_27424.png'
21:01.480  render           | Saved: '/tmp/clearvla_eval_opaque_27424.png'
21:01.888  render           | Saved: '/tmp/clearvla_eval_opaque_27424.png'
21:02.237  render           | Saved: '/tmp/clearvla_eval_opaque_27424.png'
21:02.658  render           | Saved: '/tmp/clearvla_eval_opaque_27424.png'
21:03.010  render           | Saved: '/tmp/clearvla_eval_opaque_27424.png'
21:03.444  render           | Saved: '/tmp/clearvla_eval_opaque_27424.png'
21:03.777  render           | Saved: '/tmp/clearvla_eval_opaque_27424.png'
21:04.196  render           | Saved: '/tmp/clearvla_eval_opaque_27424.png'
21:04.531  render           | Saved: '/tmp/clearvla_eval_opaque_27424.png'
21:04.955  render           | Saved: '/tmp/clearvla_eval_opaque_27424.png'
21:05.290  render           | Saved: '/tmp/clearvla_eval_opaque_27424.png'
21:05.710  render           | Saved: '/tmp/clearvla_eval_opaque_27424.png'
21:06.047  render           | Saved: '/tmp/clearvla_eval_opaque_27424.png'
21:06.462  render           | Saved: '/tmp/clearvla_eval_opaque_27424.png'
21:06.801  render           | Saved: '/tmp/clearvla_eval_opaque_27424.png'
21:07.217  render           | Saved: '/tmp/clearvla_eval_opaque_27424.png'
21:07.555  render           | Saved: '/tmp/clearvla_eval_opaque_27424.png'
21:07.968  render           | Saved: '/tmp/clearvla_eval_opaque_27424.png'
21:08.319  render           | Saved: '/tmp/clearvla_eval_opaque_27424.png'
21:09.143  render           | Saved: '/tmp/clearvla_eval_opaque_27424.png'
21:09.479  render           | Saved: '/tmp/clearvla_eval_opaque_27424.png'
21:09.905  render           | Saved: '/tmp/clearvla_eval_opaque_27424.png'
21:10.253  render           | Saved: '/tmp/clearvla_eval_opaque_27424.png'
21:10.666  render           | Saved: '/tmp/clearvla_eval_opaque_27424.png'
21:11.014  render           | Saved: '/tmp/clearvla_eval_opaque_27424.png'
21:11.417  render           | Saved: '/tmp/clearvla_eval_opaque_27424.png'
21:11.758  render           | Saved: '/tmp/clearvla_eval_opaque_27424.png'
21:12.155  render           | Saved: '/tmp/clearvla_eval_opaque_27424.png'
21:12.494  render           | Saved: '/tmp/clearvla_eval_opaque_27424.png'
21:12.888  render           | Saved: '/tmp/clearvla_eval_opaque_27424.png'
21:13.228  render           | Saved: '/tmp/clearvla_eval_opaque_27424.png'
21:13.628  render           | Saved: '/tmp/clearvla_eval_opaque_27424.png'
21:13.962  render           | Saved: '/tmp/clearvla_eval_opaque_27424.png'
21:14.355  render           | Saved: '/tmp/clearvla_eval_opaque_27424.png'
21:14.687  render           | Saved: '/tmp/clearvla_eval_opaque_27424.png'
21:15.083  render           | Saved: '/tmp/clearvla_eval_opaque_27424.png'
21:15.419  render           | Saved: '/tmp/clearvla_eval_opaque_27424.png'
21:15.822  render           | Saved: '/tmp/clearvla_eval_opaque_27424.png'
21:16.159  render           | Saved: '/tmp/clearvla_eval_opaque_27424.png'
21:16.559  render           | Saved: '/tmp/clearvla_eval_opaque_27424.png'
21:16.896  render           | Saved: '/tmp/clearvla_eval_opaque_27424.png'
21:17.290  render           | Saved: '/tmp/clearvla_eval_opaque_27424.png'
21:17.625  render           | Saved: '/tmp/clearvla_eval_opaque_27424.png'
21:18.028  render           | Saved: '/tmp/clearvla_eval_opaque_27424.png'
21:18.363  render           | Saved: '/tmp/clearvla_eval_opaque_27424.png'
21:18.759  render           | Saved: '/tmp/clearvla_eval_opaque_27424.png'
21:19.096  render           | Saved: '/tmp/clearvla_eval_opaque_27424.png'
21:19.493  render           | Saved: '/tmp/clearvla_eval_opaque_27424.png'
21:19.830  render           | Saved: '/tmp/clearvla_eval_opaque_27424.png'
21:20.227  render           | Saved: '/tmp/clearvla_eval_opaque_27424.png'
21:20.572  render           | Saved: '/tmp/clearvla_eval_opaque_27424.png'
21:20.974  render           | Saved: '/tmp/clearvla_eval_opaque_27424.png'
21:21.317  render           | Saved: '/tmp/clearvla_eval_opaque_27424.png'
21:21.730  render           | Saved: '/tmp/clearvla_eval_opaque_27424.png'
21:22.057  render           | Saved: '/tmp/clearvla_eval_opaque_27424.png'
21:22.468  render           | Saved: '/tmp/clearvla_eval_opaque_27424.png'
21:22.792  render           | Saved: '/tmp/clearvla_eval_opaque_27424.png'
21:23.200  render           | Saved: '/tmp/clearvla_eval_opaque_27424.png'
21:23.526  render           | Saved: '/tmp/clearvla_eval_opaque_27424.png'
21:23.942  render           | Saved: '/tmp/clearvla_eval_opaque_27424.png'
21:24.261  render           | Saved: '/tmp/clearvla_eval_opaque_27424.png'
21:24.676  render           | Saved: '/tmp/clearvla_eval_opaque_27424.png'
21:25.012  render           | Saved: '/tmp/clearvla_eval_opaque_27424.png'
21:25.426  render           | Saved: '/tmp/clearvla_eval_opaque_27424.png'
21:25.748  render           | Saved: '/tmp/clearvla_eval_opaque_27424.png'
21:26.157  render           | Saved: '/tmp/clearvla_eval_opaque_27424.png'
21:26.486  render           | Saved: '/tmp/clearvla_eval_opaque_27424.png'
21:26.900  render           | Saved: '/tmp/clearvla_eval_opaque_27424.png'
21:27.232  render           | Saved: '/tmp/clearvla_eval_opaque_27424.png'
[quant4/opaque] pour: 8/20  (21.4 min, 18.5 s/ep)
21:28.047  render           | Saved: '/tmp/clearvla_eval_opaque_27424.png'
21:28.374  render           | Saved: '/tmp/clearvla_eval_opaque_27424.png'
21:28.775  render           | Saved: '/tmp/clearvla_eval_opaque_27424.png'
21:29.102  render           | Saved: '/tmp/clearvla_eval_opaque_27424.png'
21:29.501  render           | Saved: '/tmp/clearvla_eval_opaque_27424.png'
21:29.836  render           | Saved: '/tmp/clearvla_eval_opaque_27424.png'
21:30.235  render           | Saved: '/tmp/clearvla_eval_opaque_27424.png'
21:30.572  render           | Saved: '/tmp/clearvla_eval_opaque_27424.png'
21:30.971  render           | Saved: '/tmp/clearvla_eval_opaque_27424.png'
21:31.312  render           | Saved: '/tmp/clearvla_eval_opaque_27424.png'
21:31.707  render           | Saved: '/tmp/clearvla_eval_opaque_27424.png'
21:32.051  render           | Saved: '/tmp/clearvla_eval_opaque_27424.png'
21:32.450  render           | Saved: '/tmp/clearvla_eval_opaque_27424.png'
21:32.782  render           | Saved: '/tmp/clearvla_eval_opaque_27424.png'
21:33.180  render           | Saved: '/tmp/clearvla_eval_opaque_27424.png'
21:33.514  render           | Saved: '/tmp/clearvla_eval_opaque_27424.png'
21:33.912  render           | Saved: '/tmp/clearvla_eval_opaque_27424.png'
21:34.247  render           | Saved: '/tmp/clearvla_eval_opaque_27424.png'
21:34.645  render           | Saved: '/tmp/clearvla_eval_opaque_27424.png'
21:34.981  render           | Saved: '/tmp/clearvla_eval_opaque_27424.png'
21:35.376  render           | Saved: '/tmp/clearvla_eval_opaque_27424.png'
21:35.703  render           | Saved: '/tmp/clearvla_eval_opaque_27424.png'
21:36.097  render           | Saved: '/tmp/clearvla_eval_opaque_27424.png'
21:36.427  render           | Saved: '/tmp/clearvla_eval_opaque_27424.png'
21:36.840  render           | Saved: '/tmp/clearvla_eval_opaque_27424.png'
21:37.179  render           | Saved: '/tmp/clearvla_eval_opaque_27424.png'
21:37.577  render           | Saved: '/tmp/clearvla_eval_opaque_27424.png'
21:37.918  render           | Saved: '/tmp/clearvla_eval_opaque_27424.png'
21:38.321  render           | Saved: '/tmp/clearvla_eval_opaque_27424.png'
21:38.673  render           | Saved: '/tmp/clearvla_eval_opaque_27424.png'
21:39.074  render           | Saved: '/tmp/clearvla_eval_opaque_27424.png'
21:39.412  render           | Saved: '/tmp/clearvla_eval_opaque_27424.png'
21:39.826  render           | Saved: '/tmp/clearvla_eval_opaque_27424.png'
21:40.150  render           | Saved: '/tmp/clearvla_eval_opaque_27424.png'
21:40.561  render           | Saved: '/tmp/clearvla_eval_opaque_27424.png'
21:40.887  render           | Saved: '/tmp/clearvla_eval_opaque_27424.png'
21:41.300  render           | Saved: '/tmp/clearvla_eval_opaque_27424.png'
21:41.620  render           | Saved: '/tmp/clearvla_eval_opaque_27424.png'
21:42.040  render           | Saved: '/tmp/clearvla_eval_opaque_27424.png'
21:42.358  render           | Saved: '/tmp/clearvla_eval_opaque_27424.png'
21:42.774  render           | Saved: '/tmp/clearvla_eval_opaque_27424.png'
21:43.098  render           | Saved: '/tmp/clearvla_eval_opaque_27424.png'
21:43.506  render           | Saved: '/tmp/clearvla_eval_opaque_27424.png'
21:43.835  render           | Saved: '/tmp/clearvla_eval_opaque_27424.png'
21:44.250  render           | Saved: '/tmp/clearvla_eval_opaque_27424.png'
21:44.579  render           | Saved: '/tmp/clearvla_eval_opaque_27424.png'
21:45.401  render           | Saved: '/tmp/clearvla_eval_opaque_27424.png'
21:45.745  render           | Saved: '/tmp/clearvla_eval_opaque_27424.png'
21:46.155  render           | Saved: '/tmp/clearvla_eval_opaque_27424.png'
21:46.501  render           | Saved: '/tmp/clearvla_eval_opaque_27424.png'
21:46.903  render           | Saved: '/tmp/clearvla_eval_opaque_27424.png'
21:47.243  render           | Saved: '/tmp/clearvla_eval_opaque_27424.png'
21:47.661  render           | Saved: '/tmp/clearvla_eval_opaque_27424.png'
21:48.010  render           | Saved: '/tmp/clearvla_eval_opaque_27424.png'
21:48.419  render           | Saved: '/tmp/clearvla_eval_opaque_27424.png'
21:48.757  render           | Saved: '/tmp/clearvla_eval_opaque_27424.png'
21:49.155  render           | Saved: '/tmp/clearvla_eval_opaque_27424.png'
21:49.495  render           | Saved: '/tmp/clearvla_eval_opaque_27424.png'
21:49.908  render           | Saved: '/tmp/clearvla_eval_opaque_27424.png'
21:50.250  render           | Saved: '/tmp/clearvla_eval_opaque_27424.png'
21:50.654  render           | Saved: '/tmp/clearvla_eval_opaque_27424.png'
21:50.992  render           | Saved: '/tmp/clearvla_eval_opaque_27424.png'
21:51.387  render           | Saved: '/tmp/clearvla_eval_opaque_27424.png'
21:51.743  render           | Saved: '/tmp/clearvla_eval_opaque_27424.png'
21:52.141  render           | Saved: '/tmp/clearvla_eval_opaque_27424.png'
21:52.490  render           | Saved: '/tmp/clearvla_eval_opaque_27424.png'
21:52.897  render           | Saved: '/tmp/clearvla_eval_opaque_27424.png'
21:53.232  render           | Saved: '/tmp/clearvla_eval_opaque_27424.png'
21:53.639  render           | Saved: '/tmp/clearvla_eval_opaque_27424.png'
21:53.970  render           | Saved: '/tmp/clearvla_eval_opaque_27424.png'
21:54.379  render           | Saved: '/tmp/clearvla_eval_opaque_27424.png'
21:54.719  render           | Saved: '/tmp/clearvla_eval_opaque_27424.png'
21:55.112  render           | Saved: '/tmp/clearvla_eval_opaque_27424.png'
21:55.482  render           | Saved: '/tmp/clearvla_eval_opaque_27424.png'
21:55.873  render           | Saved: '/tmp/clearvla_eval_opaque_27424.png'
21:56.269  render           | Saved: '/tmp/clearvla_eval_opaque_27424.png'
21:56.671  render           | Saved: '/tmp/clearvla_eval_opaque_27424.png'
21:57.070  render           | Saved: '/tmp/clearvla_eval_opaque_27424.png'
21:57.467  render           | Saved: '/tmp/clearvla_eval_opaque_27424.png'
21:57.830  render           | Saved: '/tmp/clearvla_eval_opaque_27424.png'
21:58.243  render           | Saved: '/tmp/clearvla_eval_opaque_27424.png'
21:58.594  render           | Saved: '/tmp/clearvla_eval_opaque_27424.png'
21:59.018  render           | Saved: '/tmp/clearvla_eval_opaque_27424.png'
21:59.355  render           | Saved: '/tmp/clearvla_eval_opaque_27424.png'
21:59.810  render           | Saved: '/tmp/clearvla_eval_opaque_27424.png'
22:00.133  render           | Saved: '/tmp/clearvla_eval_opaque_27424.png'
22:00.556  render           | Saved: '/tmp/clearvla_eval_opaque_27424.png'
22:00.889  render           | Saved: '/tmp/clearvla_eval_opaque_27424.png'
22:01.322  render           | Saved: '/tmp/clearvla_eval_opaque_27424.png'
22:01.647  render           | Saved: '/tmp/clearvla_eval_opaque_27424.png'
22:02.078  render           | Saved: '/tmp/clearvla_eval_opaque_27424.png'
22:02.406  render           | Saved: '/tmp/clearvla_eval_opaque_27424.png'
22:02.821  render           | Saved: '/tmp/clearvla_eval_opaque_27424.png'
22:03.157  render           | Saved: '/tmp/clearvla_eval_opaque_27424.png'
22:03.574  render           | Saved: '/tmp/clearvla_eval_opaque_27424.png'
22:03.907  render           | Saved: '/tmp/clearvla_eval_opaque_27424.png'
22:04.336  render           | Saved: '/tmp/clearvla_eval_opaque_27424.png'
22:04.665  render           | Saved: '/tmp/clearvla_eval_opaque_27424.png'
22:05.088  render           | Saved: '/tmp/clearvla_eval_opaque_27424.png'
22:05.423  render           | Saved: '/tmp/clearvla_eval_opaque_27424.png'
22:05.841  render           | Saved: '/tmp/clearvla_eval_opaque_27424.png'
22:06.174  render           | Saved: '/tmp/clearvla_eval_opaque_27424.png'
22:06.609  render           | Saved: '/tmp/clearvla_eval_opaque_27424.png'
22:06.933  render           | Saved: '/tmp/clearvla_eval_opaque_27424.png'
22:07.350  render           | Saved: '/tmp/clearvla_eval_opaque_27424.png'
22:07.685  render           | Saved: '/tmp/clearvla_eval_opaque_27424.png'
22:08.107  render           | Saved: '/tmp/clearvla_eval_opaque_27424.png'
22:08.438  render           | Saved: '/tmp/clearvla_eval_opaque_27424.png'
22:08.851  render           | Saved: '/tmp/clearvla_eval_opaque_27424.png'
22:09.188  render           | Saved: '/tmp/clearvla_eval_opaque_27424.png'
22:09.589  render           | Saved: '/tmp/clearvla_eval_opaque_27424.png'
22:09.913  render           | Saved: '/tmp/clearvla_eval_opaque_27424.png'
22:10.314  render           | Saved: '/tmp/clearvla_eval_opaque_27424.png'
22:10.651  render           | Saved: '/tmp/clearvla_eval_opaque_27424.png'
22:11.052  render           | Saved: '/tmp/clearvla_eval_opaque_27424.png'
22:11.380  render           | Saved: '/tmp/clearvla_eval_opaque_27424.png'
22:11.784  render           | Saved: '/tmp/clearvla_eval_opaque_27424.png'
22:12.120  render           | Saved: '/tmp/clearvla_eval_opaque_27424.png'
22:12.520  render           | Saved: '/tmp/clearvla_eval_opaque_27424.png'
22:12.853  render           | Saved: '/tmp/clearvla_eval_opaque_27424.png'
22:13.251  render           | Saved: '/tmp/clearvla_eval_opaque_27424.png'
22:13.591  render           | Saved: '/tmp/clearvla_eval_opaque_27424.png'
22:14.549  render           | Saved: '/tmp/clearvla_eval_opaque_27424.png'
22:14.916  render           | Saved: '/tmp/clearvla_eval_opaque_27424.png'
22:15.340  render           | Saved: '/tmp/clearvla_eval_opaque_27424.png'
22:15.674  render           | Saved: '/tmp/clearvla_eval_opaque_27424.png'
22:16.064  render           | Saved: '/tmp/clearvla_eval_opaque_27424.png'
22:16.431  render           | Saved: '/tmp/clearvla_eval_opaque_27424.png'
22:16.852  render           | Saved: '/tmp/clearvla_eval_opaque_27424.png'
22:17.200  render           | Saved: '/tmp/clearvla_eval_opaque_27424.png'
22:17.603  render           | Saved: '/tmp/clearvla_eval_opaque_27424.png'
22:17.941  render           | Saved: '/tmp/clearvla_eval_opaque_27424.png'
22:18.333  render           | Saved: '/tmp/clearvla_eval_opaque_27424.png'
22:18.668  render           | Saved: '/tmp/clearvla_eval_opaque_27424.png'
22:19.085  render           | Saved: '/tmp/clearvla_eval_opaque_27424.png'
22:19.462  render           | Saved: '/tmp/clearvla_eval_opaque_27424.png'
22:19.906  render           | Saved: '/tmp/clearvla_eval_opaque_27424.png'
22:20.287  render           | Saved: '/tmp/clearvla_eval_opaque_27424.png'
22:20.734  render           | Saved: '/tmp/clearvla_eval_opaque_27424.png'
22:21.119  render           | Saved: '/tmp/clearvla_eval_opaque_27424.png'
22:21.549  render           | Saved: '/tmp/clearvla_eval_opaque_27424.png'
22:21.902  render           | Saved: '/tmp/clearvla_eval_opaque_27424.png'
22:22.333  render           | Saved: '/tmp/clearvla_eval_opaque_27424.png'
22:22.684  render           | Saved: '/tmp/clearvla_eval_opaque_27424.png'
22:23.096  render           | Saved: '/tmp/clearvla_eval_opaque_27424.png'
22:23.444  render           | Saved: '/tmp/clearvla_eval_opaque_27424.png'
22:23.853  render           | Saved: '/tmp/clearvla_eval_opaque_27424.png'
22:24.206  render           | Saved: '/tmp/clearvla_eval_opaque_27424.png'
22:24.621  render           | Saved: '/tmp/clearvla_eval_opaque_27424.png'
22:24.969  render           | Saved: '/tmp/clearvla_eval_opaque_27424.png'
22:25.380  render           | Saved: '/tmp/clearvla_eval_opaque_27424.png'
22:25.728  render           | Saved: '/tmp/clearvla_eval_opaque_27424.png'
22:26.144  render           | Saved: '/tmp/clearvla_eval_opaque_27424.png'
22:26.492  render           | Saved: '/tmp/clearvla_eval_opaque_27424.png'
22:26.903  render           | Saved: '/tmp/clearvla_eval_opaque_27424.png'
22:27.244  render           | Saved: '/tmp/clearvla_eval_opaque_27424.png'
22:27.653  render           | Saved: '/tmp/clearvla_eval_opaque_27424.png'
22:27.999  render           | Saved: '/tmp/clearvla_eval_opaque_27424.png'
22:28.417  render           | Saved: '/tmp/clearvla_eval_opaque_27424.png'
22:28.757  render           | Saved: '/tmp/clearvla_eval_opaque_27424.png'
22:29.170  render           | Saved: '/tmp/clearvla_eval_opaque_27424.png'
22:29.514  render           | Saved: '/tmp/clearvla_eval_opaque_27424.png'
22:29.930  render           | Saved: '/tmp/clearvla_eval_opaque_27424.png'
22:30.271  render           | Saved: '/tmp/clearvla_eval_opaque_27424.png'
22:30.689  render           | Saved: '/tmp/clearvla_eval_opaque_27424.png'
22:31.033  render           | Saved: '/tmp/clearvla_eval_opaque_27424.png'
22:31.447  render           | Saved: '/tmp/clearvla_eval_opaque_27424.png'
22:31.788  render           | Saved: '/tmp/clearvla_eval_opaque_27424.png'
22:32.205  render           | Saved: '/tmp/clearvla_eval_opaque_27424.png'
22:32.545  render           | Saved: '/tmp/clearvla_eval_opaque_27424.png'
22:32.961  render           | Saved: '/tmp/clearvla_eval_opaque_27424.png'
22:33.303  render           | Saved: '/tmp/clearvla_eval_opaque_27424.png'
22:33.712  render           | Saved: '/tmp/clearvla_eval_opaque_27424.png'
22:34.053  render           | Saved: '/tmp/clearvla_eval_opaque_27424.png'
22:34.469  render           | Saved: '/tmp/clearvla_eval_opaque_27424.png'
22:34.813  render           | Saved: '/tmp/clearvla_eval_opaque_27424.png'
22:35.227  render           | Saved: '/tmp/clearvla_eval_opaque_27424.png'
22:35.561  render           | Saved: '/tmp/clearvla_eval_opaque_27424.png'
22:35.978  render           | Saved: '/tmp/clearvla_eval_opaque_27424.png'
22:36.316  render           | Saved: '/tmp/clearvla_eval_opaque_27424.png'
22:36.716  render           | Saved: '/tmp/clearvla_eval_opaque_27424.png'
22:37.044  render           | Saved: '/tmp/clearvla_eval_opaque_27424.png'
22:37.444  render           | Saved: '/tmp/clearvla_eval_opaque_27424.png'
22:37.774  render           | Saved: '/tmp/clearvla_eval_opaque_27424.png'
22:38.184  render           | Saved: '/tmp/clearvla_eval_opaque_27424.png'
22:38.522  render           | Saved: '/tmp/clearvla_eval_opaque_27424.png'
22:38.925  render           | Saved: '/tmp/clearvla_eval_opaque_27424.png'
22:39.252  render           | Saved: '/tmp/clearvla_eval_opaque_27424.png'
22:39.646  render           | Saved: '/tmp/clearvla_eval_opaque_27424.png'
22:39.972  render           | Saved: '/tmp/clearvla_eval_opaque_27424.png'
22:40.389  render           | Saved: '/tmp/clearvla_eval_opaque_27424.png'
22:40.706  render           | Saved: '/tmp/clearvla_eval_opaque_27424.png'
22:41.102  render           | Saved: '/tmp/clearvla_eval_opaque_27424.png'
22:41.431  render           | Saved: '/tmp/clearvla_eval_opaque_27424.png'
22:41.861  render           | Saved: '/tmp/clearvla_eval_opaque_27424.png'
22:42.223  render           | Saved: '/tmp/clearvla_eval_opaque_27424.png'
22:42.657  render           | Saved: '/tmp/clearvla_eval_opaque_27424.png'
22:43.000  render           | Saved: '/tmp/clearvla_eval_opaque_27424.png'
22:43.906  render           | Saved: '/tmp/clearvla_eval_opaque_27424.png'
22:44.246  render           | Saved: '/tmp/clearvla_eval_opaque_27424.png'
22:44.681  render           | Saved: '/tmp/clearvla_eval_opaque_27424.png'
22:45.028  render           | Saved: '/tmp/clearvla_eval_opaque_27424.png'
22:45.457  render           | Saved: '/tmp/clearvla_eval_opaque_27424.png'
22:45.803  render           | Saved: '/tmp/clearvla_eval_opaque_27424.png'
22:46.241  render           | Saved: '/tmp/clearvla_eval_opaque_27424.png'
22:46.570  render           | Saved: '/tmp/clearvla_eval_opaque_27424.png'
22:46.998  render           | Saved: '/tmp/clearvla_eval_opaque_27424.png'
22:47.327  render           | Saved: '/tmp/clearvla_eval_opaque_27424.png'
22:47.756  render           | Saved: '/tmp/clearvla_eval_opaque_27424.png'
22:48.088  render           | Saved: '/tmp/clearvla_eval_opaque_27424.png'
22:48.506  render           | Saved: '/tmp/clearvla_eval_opaque_27424.png'
22:48.844  render           | Saved: '/tmp/clearvla_eval_opaque_27424.png'
22:49.259  render           | Saved: '/tmp/clearvla_eval_opaque_27424.png'
22:49.607  render           | Saved: '/tmp/clearvla_eval_opaque_27424.png'
22:50.024  render           | Saved: '/tmp/clearvla_eval_opaque_27424.png'
22:50.361  render           | Saved: '/tmp/clearvla_eval_opaque_27424.png'
22:50.783  render           | Saved: '/tmp/clearvla_eval_opaque_27424.png'
22:51.140  render           | Saved: '/tmp/clearvla_eval_opaque_27424.png'
22:51.546  render           | Saved: '/tmp/clearvla_eval_opaque_27424.png'
22:51.883  render           | Saved: '/tmp/clearvla_eval_opaque_27424.png'
22:52.303  render           | Saved: '/tmp/clearvla_eval_opaque_27424.png'
22:52.631  render           | Saved: '/tmp/clearvla_eval_opaque_27424.png'
22:53.044  render           | Saved: '/tmp/clearvla_eval_opaque_27424.png'
22:53.381  render           | Saved: '/tmp/clearvla_eval_opaque_27424.png'
22:53.791  render           | Saved: '/tmp/clearvla_eval_opaque_27424.png'
22:54.145  render           | Saved: '/tmp/clearvla_eval_opaque_27424.png'
22:54.551  render           | Saved: '/tmp/clearvla_eval_opaque_27424.png'
22:54.903  render           | Saved: '/tmp/clearvla_eval_opaque_27424.png'
22:55.314  render           | Saved: '/tmp/clearvla_eval_opaque_27424.png'
22:55.663  render           | Saved: '/tmp/clearvla_eval_opaque_27424.png'
22:56.075  render           | Saved: '/tmp/clearvla_eval_opaque_27424.png'
22:56.414  render           | Saved: '/tmp/clearvla_eval_opaque_27424.png'
22:56.824  render           | Saved: '/tmp/clearvla_eval_opaque_27424.png'
22:57.179  render           | Saved: '/tmp/clearvla_eval_opaque_27424.png'
22:57.591  render           | Saved: '/tmp/clearvla_eval_opaque_27424.png'
22:57.944  render           | Saved: '/tmp/clearvla_eval_opaque_27424.png'
22:58.354  render           | Saved: '/tmp/clearvla_eval_opaque_27424.png'
22:58.679  render           | Saved: '/tmp/clearvla_eval_opaque_27424.png'
22:59.097  render           | Saved: '/tmp/clearvla_eval_opaque_27424.png'
22:59.428  render           | Saved: '/tmp/clearvla_eval_opaque_27424.png'
22:59.842  render           | Saved: '/tmp/clearvla_eval_opaque_27424.png'
23:00.166  render           | Saved: '/tmp/clearvla_eval_opaque_27424.png'
23:00.579  render           | Saved: '/tmp/clearvla_eval_opaque_27424.png'
23:00.900  render           | Saved: '/tmp/clearvla_eval_opaque_27424.png'
23:01.319  render           | Saved: '/tmp/clearvla_eval_opaque_27424.png'
23:01.662  render           | Saved: '/tmp/clearvla_eval_opaque_27424.png'
23:02.079  render           | Saved: '/tmp/clearvla_eval_opaque_27424.png'
23:02.406  render           | Saved: '/tmp/clearvla_eval_opaque_27424.png'
23:02.825  render           | Saved: '/tmp/clearvla_eval_opaque_27424.png'
23:03.152  render           | Saved: '/tmp/clearvla_eval_opaque_27424.png'
23:03.559  render           | Saved: '/tmp/clearvla_eval_opaque_27424.png'
23:03.906  render           | Saved: '/tmp/clearvla_eval_opaque_27424.png'
23:04.319  render           | Saved: '/tmp/clearvla_eval_opaque_27424.png'
23:04.634  render           | Saved: '/tmp/clearvla_eval_opaque_27424.png'
23:05.035  render           | Saved: '/tmp/clearvla_eval_opaque_27424.png'
23:05.365  render           | Saved: '/tmp/clearvla_eval_opaque_27424.png'
23:05.779  render           | Saved: '/tmp/clearvla_eval_opaque_27424.png'
23:06.125  render           | Saved: '/tmp/clearvla_eval_opaque_27424.png'
23:06.567  render           | Saved: '/tmp/clearvla_eval_opaque_27424.png'
23:06.935  render           | Saved: '/tmp/clearvla_eval_opaque_27424.png'
23:07.381  render           | Saved: '/tmp/clearvla_eval_opaque_27424.png'
23:07.742  render           | Saved: '/tmp/clearvla_eval_opaque_27424.png'
23:08.162  render           | Saved: '/tmp/clearvla_eval_opaque_27424.png'
23:08.501  render           | Saved: '/tmp/clearvla_eval_opaque_27424.png'
23:08.911  render           | Saved: '/tmp/clearvla_eval_opaque_27424.png'
23:09.261  render           | Saved: '/tmp/clearvla_eval_opaque_27424.png'
23:09.678  render           | Saved: '/tmp/clearvla_eval_opaque_27424.png'
23:10.006  render           | Saved: '/tmp/clearvla_eval_opaque_27424.png'
23:10.418  render           | Saved: '/tmp/clearvla_eval_opaque_27424.png'
23:10.749  render           | Saved: '/tmp/clearvla_eval_opaque_27424.png'
23:11.165  render           | Saved: '/tmp/clearvla_eval_opaque_27424.png'
23:11.499  render           | Saved: '/tmp/clearvla_eval_opaque_27424.png'
23:11.923  render           | Saved: '/tmp/clearvla_eval_opaque_27424.png'
23:12.253  render           | Saved: '/tmp/clearvla_eval_opaque_27424.png'
23:13.131  render           | Saved: '/tmp/clearvla_eval_opaque_27424.png'
23:13.476  render           | Saved: '/tmp/clearvla_eval_opaque_27424.png'
23:13.894  render           | Saved: '/tmp/clearvla_eval_opaque_27424.png'
23:14.241  render           | Saved: '/tmp/clearvla_eval_opaque_27424.png'
23:14.649  render           | Saved: '/tmp/clearvla_eval_opaque_27424.png'
23:14.992  render           | Saved: '/tmp/clearvla_eval_opaque_27424.png'
23:15.404  render           | Saved: '/tmp/clearvla_eval_opaque_27424.png'
23:15.753  render           | Saved: '/tmp/clearvla_eval_opaque_27424.png'
23:16.162  render           | Saved: '/tmp/clearvla_eval_opaque_27424.png'
23:16.510  render           | Saved: '/tmp/clearvla_eval_opaque_27424.png'
23:16.915  render           | Saved: '/tmp/clearvla_eval_opaque_27424.png'
23:17.265  render           | Saved: '/tmp/clearvla_eval_opaque_27424.png'
23:17.667  render           | Saved: '/tmp/clearvla_eval_opaque_27424.png'
23:18.011  render           | Saved: '/tmp/clearvla_eval_opaque_27424.png'
23:18.413  render           | Saved: '/tmp/clearvla_eval_opaque_27424.png'
23:18.749  render           | Saved: '/tmp/clearvla_eval_opaque_27424.png'
23:19.144  render           | Saved: '/tmp/clearvla_eval_opaque_27424.png'
23:19.479  render           | Saved: '/tmp/clearvla_eval_opaque_27424.png'
23:19.875  render           | Saved: '/tmp/clearvla_eval_opaque_27424.png'
23:20.202  render           | Saved: '/tmp/clearvla_eval_opaque_27424.png'
23:20.597  render           | Saved: '/tmp/clearvla_eval_opaque_27424.png'
23:20.929  render           | Saved: '/tmp/clearvla_eval_opaque_27424.png'
23:21.325  render           | Saved: '/tmp/clearvla_eval_opaque_27424.png'
23:21.659  render           | Saved: '/tmp/clearvla_eval_opaque_27424.png'
23:22.056  render           | Saved: '/tmp/clearvla_eval_opaque_27424.png'
23:22.390  render           | Saved: '/tmp/clearvla_eval_opaque_27424.png'
23:22.789  render           | Saved: '/tmp/clearvla_eval_opaque_27424.png'
23:23.131  render           | Saved: '/tmp/clearvla_eval_opaque_27424.png'
23:23.530  render           | Saved: '/tmp/clearvla_eval_opaque_27424.png'
23:23.872  render           | Saved: '/tmp/clearvla_eval_opaque_27424.png'
23:24.271  render           | Saved: '/tmp/clearvla_eval_opaque_27424.png'
23:24.608  render           | Saved: '/tmp/clearvla_eval_opaque_27424.png'
23:25.008  render           | Saved: '/tmp/clearvla_eval_opaque_27424.png'
23:25.340  render           | Saved: '/tmp/clearvla_eval_opaque_27424.png'
23:25.745  render           | Saved: '/tmp/clearvla_eval_opaque_27424.png'
23:26.084  render           | Saved: '/tmp/clearvla_eval_opaque_27424.png'
23:26.478  render           | Saved: '/tmp/clearvla_eval_opaque_27424.png'
23:26.814  render           | Saved: '/tmp/clearvla_eval_opaque_27424.png'
23:27.207  render           | Saved: '/tmp/clearvla_eval_opaque_27424.png'
23:27.542  render           | Saved: '/tmp/clearvla_eval_opaque_27424.png'
23:27.944  render           | Saved: '/tmp/clearvla_eval_opaque_27424.png'
23:28.273  render           | Saved: '/tmp/clearvla_eval_opaque_27424.png'
23:28.674  render           | Saved: '/tmp/clearvla_eval_opaque_27424.png'
23:29.002  render           | Saved: '/tmp/clearvla_eval_opaque_27424.png'
23:29.406  render           | Saved: '/tmp/clearvla_eval_opaque_27424.png'
23:29.744  render           | Saved: '/tmp/clearvla_eval_opaque_27424.png'
23:30.166  render           | Saved: '/tmp/clearvla_eval_opaque_27424.png'
23:30.504  render           | Saved: '/tmp/clearvla_eval_opaque_27424.png'
23:30.933  render           | Saved: '/tmp/clearvla_eval_opaque_27424.png'
23:31.278  render           | Saved: '/tmp/clearvla_eval_opaque_27424.png'
23:31.685  render           | Saved: '/tmp/clearvla_eval_opaque_27424.png'
23:32.032  render           | Saved: '/tmp/clearvla_eval_opaque_27424.png'
23:32.441  render           | Saved: '/tmp/clearvla_eval_opaque_27424.png'
23:32.791  render           | Saved: '/tmp/clearvla_eval_opaque_27424.png'
23:33.193  render           | Saved: '/tmp/clearvla_eval_opaque_27424.png'
23:33.539  render           | Saved: '/tmp/clearvla_eval_opaque_27424.png'
23:33.961  render           | Saved: '/tmp/clearvla_eval_opaque_27424.png'
23:34.303  render           | Saved: '/tmp/clearvla_eval_opaque_27424.png'
23:34.707  render           | Saved: '/tmp/clearvla_eval_opaque_27424.png'
23:35.055  render           | Saved: '/tmp/clearvla_eval_opaque_27424.png'
23:35.472  render           | Saved: '/tmp/clearvla_eval_opaque_27424.png'
23:35.815  render           | Saved: '/tmp/clearvla_eval_opaque_27424.png'
23:36.236  render           | Saved: '/tmp/clearvla_eval_opaque_27424.png'
23:36.587  render           | Saved: '/tmp/clearvla_eval_opaque_27424.png'
23:36.986  render           | Saved: '/tmp/clearvla_eval_opaque_27424.png'
23:37.321  render           | Saved: '/tmp/clearvla_eval_opaque_27424.png'
23:37.728  render           | Saved: '/tmp/clearvla_eval_opaque_27424.png'
23:38.075  render           | Saved: '/tmp/clearvla_eval_opaque_27424.png'
23:38.489  render           | Saved: '/tmp/clearvla_eval_opaque_27424.png'
23:38.820  render           | Saved: '/tmp/clearvla_eval_opaque_27424.png'
23:39.226  render           | Saved: '/tmp/clearvla_eval_opaque_27424.png'
23:39.558  render           | Saved: '/tmp/clearvla_eval_opaque_27424.png'
23:39.964  render           | Saved: '/tmp/clearvla_eval_opaque_27424.png'
23:40.293  render           | Saved: '/tmp/clearvla_eval_opaque_27424.png'
23:40.700  render           | Saved: '/tmp/clearvla_eval_opaque_27424.png'
23:41.029  render           | Saved: '/tmp/clearvla_eval_opaque_27424.png'
23:41.817  render           | Saved: '/tmp/clearvla_eval_opaque_27424.png'
23:42.148  render           | Saved: '/tmp/clearvla_eval_opaque_27424.png'
23:42.553  render           | Saved: '/tmp/clearvla_eval_opaque_27424.png'
23:42.878  render           | Saved: '/tmp/clearvla_eval_opaque_27424.png'
23:43.276  render           | Saved: '/tmp/clearvla_eval_opaque_27424.png'
23:43.598  render           | Saved: '/tmp/clearvla_eval_opaque_27424.png'
23:43.993  render           | Saved: '/tmp/clearvla_eval_opaque_27424.png'
23:44.324  render           | Saved: '/tmp/clearvla_eval_opaque_27424.png'
23:44.726  render           | Saved: '/tmp/clearvla_eval_opaque_27424.png'
23:45.082  render           | Saved: '/tmp/clearvla_eval_opaque_27424.png'
23:45.473  render           | Saved: '/tmp/clearvla_eval_opaque_27424.png'
23:45.877  render           | Saved: '/tmp/clearvla_eval_opaque_27424.png'
23:46.277  render           | Saved: '/tmp/clearvla_eval_opaque_27424.png'
23:46.625  render           | Saved: '/tmp/clearvla_eval_opaque_27424.png'
23:47.055  render           | Saved: '/tmp/clearvla_eval_opaque_27424.png'
23:47.409  render           | Saved: '/tmp/clearvla_eval_opaque_27424.png'
23:47.827  render           | Saved: '/tmp/clearvla_eval_opaque_27424.png'
23:48.162  render           | Saved: '/tmp/clearvla_eval_opaque_27424.png'
23:48.577  render           | Saved: '/tmp/clearvla_eval_opaque_27424.png'
23:48.914  render           | Saved: '/tmp/clearvla_eval_opaque_27424.png'
23:49.325  render           | Saved: '/tmp/clearvla_eval_opaque_27424.png'
23:49.671  render           | Saved: '/tmp/clearvla_eval_opaque_27424.png'
23:50.080  render           | Saved: '/tmp/clearvla_eval_opaque_27424.png'
23:50.418  render           | Saved: '/tmp/clearvla_eval_opaque_27424.png'
23:50.819  render           | Saved: '/tmp/clearvla_eval_opaque_27424.png'
23:51.162  render           | Saved: '/tmp/clearvla_eval_opaque_27424.png'
23:51.558  render           | Saved: '/tmp/clearvla_eval_opaque_27424.png'
23:51.886  render           | Saved: '/tmp/clearvla_eval_opaque_27424.png'
23:52.293  render           | Saved: '/tmp/clearvla_eval_opaque_27424.png'
23:52.623  render           | Saved: '/tmp/clearvla_eval_opaque_27424.png'
23:53.032  render           | Saved: '/tmp/clearvla_eval_opaque_27424.png'
23:53.361  render           | Saved: '/tmp/clearvla_eval_opaque_27424.png'
23:53.773  render           | Saved: '/tmp/clearvla_eval_opaque_27424.png'
23:54.103  render           | Saved: '/tmp/clearvla_eval_opaque_27424.png'
23:54.513  render           | Saved: '/tmp/clearvla_eval_opaque_27424.png'
23:54.839  render           | Saved: '/tmp/clearvla_eval_opaque_27424.png'
23:55.253  render           | Saved: '/tmp/clearvla_eval_opaque_27424.png'
23:55.591  render           | Saved: '/tmp/clearvla_eval_opaque_27424.png'
23:56.006  render           | Saved: '/tmp/clearvla_eval_opaque_27424.png'
23:56.335  render           | Saved: '/tmp/clearvla_eval_opaque_27424.png'
23:56.744  render           | Saved: '/tmp/clearvla_eval_opaque_27424.png'
23:57.084  render           | Saved: '/tmp/clearvla_eval_opaque_27424.png'
23:57.490  render           | Saved: '/tmp/clearvla_eval_opaque_27424.png'
23:57.819  render           | Saved: '/tmp/clearvla_eval_opaque_27424.png'
23:58.228  render           | Saved: '/tmp/clearvla_eval_opaque_27424.png'
23:58.564  render           | Saved: '/tmp/clearvla_eval_opaque_27424.png'
23:58.986  render           | Saved: '/tmp/clearvla_eval_opaque_27424.png'
23:59.320  render           | Saved: '/tmp/clearvla_eval_opaque_27424.png'
23:59.731  render           | Saved: '/tmp/clearvla_eval_opaque_27424.png'
24:00.060  render           | Saved: '/tmp/clearvla_eval_opaque_27424.png'
24:00.468  render           | Saved: '/tmp/clearvla_eval_opaque_27424.png'
24:00.797  render           | Saved: '/tmp/clearvla_eval_opaque_27424.png'
24:01.201  render           | Saved: '/tmp/clearvla_eval_opaque_27424.png'
24:01.533  render           | Saved: '/tmp/clearvla_eval_opaque_27424.png'
24:01.948  render           | Saved: '/tmp/clearvla_eval_opaque_27424.png'
24:02.280  render           | Saved: '/tmp/clearvla_eval_opaque_27424.png'
24:02.690  render           | Saved: '/tmp/clearvla_eval_opaque_27424.png'
24:03.043  render           | Saved: '/tmp/clearvla_eval_opaque_27424.png'
24:03.456  render           | Saved: '/tmp/clearvla_eval_opaque_27424.png'
24:03.787  render           | Saved: '/tmp/clearvla_eval_opaque_27424.png'
24:04.196  render           | Saved: '/tmp/clearvla_eval_opaque_27424.png'
24:04.524  render           | Saved: '/tmp/clearvla_eval_opaque_27424.png'
24:04.926  render           | Saved: '/tmp/clearvla_eval_opaque_27424.png'
24:05.257  render           | Saved: '/tmp/clearvla_eval_opaque_27424.png'
24:05.667  render           | Saved: '/tmp/clearvla_eval_opaque_27424.png'
24:06.007  render           | Saved: '/tmp/clearvla_eval_opaque_27424.png'
24:06.404  render           | Saved: '/tmp/clearvla_eval_opaque_27424.png'
24:06.747  render           | Saved: '/tmp/clearvla_eval_opaque_27424.png'
24:07.145  render           | Saved: '/tmp/clearvla_eval_opaque_27424.png'
24:07.477  render           | Saved: '/tmp/clearvla_eval_opaque_27424.png'
24:07.872  render           | Saved: '/tmp/clearvla_eval_opaque_27424.png'
24:08.199  render           | Saved: '/tmp/clearvla_eval_opaque_27424.png'
24:08.590  render           | Saved: '/tmp/clearvla_eval_opaque_27424.png'
24:08.919  render           | Saved: '/tmp/clearvla_eval_opaque_27424.png'
24:09.315  render           | Saved: '/tmp/clearvla_eval_opaque_27424.png'
24:09.654  render           | Saved: '/tmp/clearvla_eval_opaque_27424.png'
24:10.451  render           | Saved: '/tmp/clearvla_eval_opaque_27424.png'
24:10.780  render           | Saved: '/tmp/clearvla_eval_opaque_27424.png'
24:11.188  render           | Saved: '/tmp/clearvla_eval_opaque_27424.png'
24:11.541  render           | Saved: '/tmp/clearvla_eval_opaque_27424.png'
24:11.956  render           | Saved: '/tmp/clearvla_eval_opaque_27424.png'
24:12.300  render           | Saved: '/tmp/clearvla_eval_opaque_27424.png'
24:12.713  render           | Saved: '/tmp/clearvla_eval_opaque_27424.png'
24:13.058  render           | Saved: '/tmp/clearvla_eval_opaque_27424.png'
24:13.464  render           | Saved: '/tmp/clearvla_eval_opaque_27424.png'
24:13.813  render           | Saved: '/tmp/clearvla_eval_opaque_27424.png'
24:14.226  render           | Saved: '/tmp/clearvla_eval_opaque_27424.png'
24:14.574  render           | Saved: '/tmp/clearvla_eval_opaque_27424.png'
24:14.985  render           | Saved: '/tmp/clearvla_eval_opaque_27424.png'
24:15.336  render           | Saved: '/tmp/clearvla_eval_opaque_27424.png'
24:15.769  render           | Saved: '/tmp/clearvla_eval_opaque_27424.png'
24:16.116  render           | Saved: '/tmp/clearvla_eval_opaque_27424.png'
24:16.537  render           | Saved: '/tmp/clearvla_eval_opaque_27424.png'
24:16.887  render           | Saved: '/tmp/clearvla_eval_opaque_27424.png'
24:17.297  render           | Saved: '/tmp/clearvla_eval_opaque_27424.png'
24:17.647  render           | Saved: '/tmp/clearvla_eval_opaque_27424.png'
24:18.045  render           | Saved: '/tmp/clearvla_eval_opaque_27424.png'
24:18.377  render           | Saved: '/tmp/clearvla_eval_opaque_27424.png'
24:18.773  render           | Saved: '/tmp/clearvla_eval_opaque_27424.png'
24:19.106  render           | Saved: '/tmp/clearvla_eval_opaque_27424.png'
24:19.498  render           | Saved: '/tmp/clearvla_eval_opaque_27424.png'
24:19.828  render           | Saved: '/tmp/clearvla_eval_opaque_27424.png'
24:20.223  render           | Saved: '/tmp/clearvla_eval_opaque_27424.png'
24:20.559  render           | Saved: '/tmp/clearvla_eval_opaque_27424.png'
24:20.953  render           | Saved: '/tmp/clearvla_eval_opaque_27424.png'
24:21.293  render           | Saved: '/tmp/clearvla_eval_opaque_27424.png'
24:21.692  render           | Saved: '/tmp/clearvla_eval_opaque_27424.png'
24:22.034  render           | Saved: '/tmp/clearvla_eval_opaque_27424.png'
24:22.430  render           | Saved: '/tmp/clearvla_eval_opaque_27424.png'
24:22.765  render           | Saved: '/tmp/clearvla_eval_opaque_27424.png'
24:23.162  render           | Saved: '/tmp/clearvla_eval_opaque_27424.png'
24:23.492  render           | Saved: '/tmp/clearvla_eval_opaque_27424.png'
24:23.894  render           | Saved: '/tmp/clearvla_eval_opaque_27424.png'
24:24.221  render           | Saved: '/tmp/clearvla_eval_opaque_27424.png'
24:24.622  render           | Saved: '/tmp/clearvla_eval_opaque_27424.png'
24:24.942  render           | Saved: '/tmp/clearvla_eval_opaque_27424.png'
24:25.345  render           | Saved: '/tmp/clearvla_eval_opaque_27424.png'
24:25.682  render           | Saved: '/tmp/clearvla_eval_opaque_27424.png'
24:26.085  render           | Saved: '/tmp/clearvla_eval_opaque_27424.png'
24:26.428  render           | Saved: '/tmp/clearvla_eval_opaque_27424.png'
24:27.251  render           | Saved: '/tmp/clearvla_eval_opaque_27424.png'
24:27.585  render           | Saved: '/tmp/clearvla_eval_opaque_27424.png'
24:28.016  render           | Saved: '/tmp/clearvla_eval_opaque_27424.png'
24:28.354  render           | Saved: '/tmp/clearvla_eval_opaque_27424.png'
24:28.769  render           | Saved: '/tmp/clearvla_eval_opaque_27424.png'
24:29.109  render           | Saved: '/tmp/clearvla_eval_opaque_27424.png'
24:29.527  render           | Saved: '/tmp/clearvla_eval_opaque_27424.png'
24:29.864  render           | Saved: '/tmp/clearvla_eval_opaque_27424.png'
24:30.261  render           | Saved: '/tmp/clearvla_eval_opaque_27424.png'
24:30.618  render           | Saved: '/tmp/clearvla_eval_opaque_27424.png'
24:31.016  render           | Saved: '/tmp/clearvla_eval_opaque_27424.png'
24:31.348  render           | Saved: '/tmp/clearvla_eval_opaque_27424.png'
24:31.756  render           | Saved: '/tmp/clearvla_eval_opaque_27424.png'
24:32.084  render           | Saved: '/tmp/clearvla_eval_opaque_27424.png'
24:32.492  render           | Saved: '/tmp/clearvla_eval_opaque_27424.png'
24:32.823  render           | Saved: '/tmp/clearvla_eval_opaque_27424.png'
24:33.234  render           | Saved: '/tmp/clearvla_eval_opaque_27424.png'
24:33.562  render           | Saved: '/tmp/clearvla_eval_opaque_27424.png'
24:33.969  render           | Saved: '/tmp/clearvla_eval_opaque_27424.png'
24:34.297  render           | Saved: '/tmp/clearvla_eval_opaque_27424.png'
24:34.712  render           | Saved: '/tmp/clearvla_eval_opaque_27424.png'
24:35.047  render           | Saved: '/tmp/clearvla_eval_opaque_27424.png'
24:35.451  render           | Saved: '/tmp/clearvla_eval_opaque_27424.png'
24:35.793  render           | Saved: '/tmp/clearvla_eval_opaque_27424.png'
24:36.201  render           | Saved: '/tmp/clearvla_eval_opaque_27424.png'
24:36.531  render           | Saved: '/tmp/clearvla_eval_opaque_27424.png'
24:36.942  render           | Saved: '/tmp/clearvla_eval_opaque_27424.png'
24:37.290  render           | Saved: '/tmp/clearvla_eval_opaque_27424.png'
24:37.708  render           | Saved: '/tmp/clearvla_eval_opaque_27424.png'
24:38.062  render           | Saved: '/tmp/clearvla_eval_opaque_27424.png'
24:38.468  render           | Saved: '/tmp/clearvla_eval_opaque_27424.png'
24:38.815  render           | Saved: '/tmp/clearvla_eval_opaque_27424.png'
24:39.219  render           | Saved: '/tmp/clearvla_eval_opaque_27424.png'
24:39.562  render           | Saved: '/tmp/clearvla_eval_opaque_27424.png'
24:39.968  render           | Saved: '/tmp/clearvla_eval_opaque_27424.png'
24:40.299  render           | Saved: '/tmp/clearvla_eval_opaque_27424.png'
24:40.696  render           | Saved: '/tmp/clearvla_eval_opaque_27424.png'
24:41.025  render           | Saved: '/tmp/clearvla_eval_opaque_27424.png'
24:41.424  render           | Saved: '/tmp/clearvla_eval_opaque_27424.png'
24:41.753  render           | Saved: '/tmp/clearvla_eval_opaque_27424.png'
24:42.152  render           | Saved: '/tmp/clearvla_eval_opaque_27424.png'
24:42.484  render           | Saved: '/tmp/clearvla_eval_opaque_27424.png'
24:42.890  render           | Saved: '/tmp/clearvla_eval_opaque_27424.png'
24:43.224  render           | Saved: '/tmp/clearvla_eval_opaque_27424.png'
24:43.632  render           | Saved: '/tmp/clearvla_eval_opaque_27424.png'
24:43.965  render           | Saved: '/tmp/clearvla_eval_opaque_27424.png'
24:44.374  render           | Saved: '/tmp/clearvla_eval_opaque_27424.png'
24:44.704  render           | Saved: '/tmp/clearvla_eval_opaque_27424.png'
24:45.113  render           | Saved: '/tmp/clearvla_eval_opaque_27424.png'
24:45.441  render           | Saved: '/tmp/clearvla_eval_opaque_27424.png'
24:45.843  render           | Saved: '/tmp/clearvla_eval_opaque_27424.png'
24:46.174  render           | Saved: '/tmp/clearvla_eval_opaque_27424.png'
24:46.578  render           | Saved: '/tmp/clearvla_eval_opaque_27424.png'
24:46.906  render           | Saved: '/tmp/clearvla_eval_opaque_27424.png'
24:47.309  render           | Saved: '/tmp/clearvla_eval_opaque_27424.png'
24:47.637  render           | Saved: '/tmp/clearvla_eval_opaque_27424.png'
24:48.043  render           | Saved: '/tmp/clearvla_eval_opaque_27424.png'
24:48.372  render           | Saved: '/tmp/clearvla_eval_opaque_27424.png'
24:48.773  render           | Saved: '/tmp/clearvla_eval_opaque_27424.png'
24:49.096  render           | Saved: '/tmp/clearvla_eval_opaque_27424.png'
24:49.501  render           | Saved: '/tmp/clearvla_eval_opaque_27424.png'
24:49.827  render           | Saved: '/tmp/clearvla_eval_opaque_27424.png'
24:50.227  render           | Saved: '/tmp/clearvla_eval_opaque_27424.png'
24:50.549  render           | Saved: '/tmp/clearvla_eval_opaque_27424.png'
24:50.942  render           | Saved: '/tmp/clearvla_eval_opaque_27424.png'
24:51.267  render           | Saved: '/tmp/clearvla_eval_opaque_27424.png'
24:51.667  render           | Saved: '/tmp/clearvla_eval_opaque_27424.png'
24:51.994  render           | Saved: '/tmp/clearvla_eval_opaque_27424.png'
24:52.392  render           | Saved: '/tmp/clearvla_eval_opaque_27424.png'
24:52.727  render           | Saved: '/tmp/clearvla_eval_opaque_27424.png'
24:53.134  render           | Saved: '/tmp/clearvla_eval_opaque_27424.png'
24:53.460  render           | Saved: '/tmp/clearvla_eval_opaque_27424.png'
24:53.870  render           | Saved: '/tmp/clearvla_eval_opaque_27424.png'
24:54.207  render           | Saved: '/tmp/clearvla_eval_opaque_27424.png'
24:54.609  render           | Saved: '/tmp/clearvla_eval_opaque_27424.png'
24:54.938  render           | Saved: '/tmp/clearvla_eval_opaque_27424.png'
24:55.760  render           | Saved: '/tmp/clearvla_eval_opaque_27424.png'
24:56.095  render           | Saved: '/tmp/clearvla_eval_opaque_27424.png'
24:56.524  render           | Saved: '/tmp/clearvla_eval_opaque_27424.png'
24:56.861  render           | Saved: '/tmp/clearvla_eval_opaque_27424.png'
24:57.273  render           | Saved: '/tmp/clearvla_eval_opaque_27424.png'
24:57.609  render           | Saved: '/tmp/clearvla_eval_opaque_27424.png'
24:58.015  render           | Saved: '/tmp/clearvla_eval_opaque_27424.png'
24:58.358  render           | Saved: '/tmp/clearvla_eval_opaque_27424.png'
24:58.759  render           | Saved: '/tmp/clearvla_eval_opaque_27424.png'
24:59.105  render           | Saved: '/tmp/clearvla_eval_opaque_27424.png'
24:59.525  render           | Saved: '/tmp/clearvla_eval_opaque_27424.png'
24:59.877  render           | Saved: '/tmp/clearvla_eval_opaque_27424.png'
25:00.279  render           | Saved: '/tmp/clearvla_eval_opaque_27424.png'
25:00.611  render           | Saved: '/tmp/clearvla_eval_opaque_27424.png'
25:01.028  render           | Saved: '/tmp/clearvla_eval_opaque_27424.png'
25:01.384  render           | Saved: '/tmp/clearvla_eval_opaque_27424.png'
25:01.795  render           | Saved: '/tmp/clearvla_eval_opaque_27424.png'
25:02.149  render           | Saved: '/tmp/clearvla_eval_opaque_27424.png'
25:02.557  render           | Saved: '/tmp/clearvla_eval_opaque_27424.png'
25:02.892  render           | Saved: '/tmp/clearvla_eval_opaque_27424.png'
25:03.304  render           | Saved: '/tmp/clearvla_eval_opaque_27424.png'
25:03.639  render           | Saved: '/tmp/clearvla_eval_opaque_27424.png'
25:04.061  render           | Saved: '/tmp/clearvla_eval_opaque_27424.png'
25:04.404  render           | Saved: '/tmp/clearvla_eval_opaque_27424.png'
25:04.816  render           | Saved: '/tmp/clearvla_eval_opaque_27424.png'
25:05.153  render           | Saved: '/tmp/clearvla_eval_opaque_27424.png'
25:05.555  render           | Saved: '/tmp/clearvla_eval_opaque_27424.png'
25:05.891  render           | Saved: '/tmp/clearvla_eval_opaque_27424.png'
25:06.294  render           | Saved: '/tmp/clearvla_eval_opaque_27424.png'
25:06.644  render           | Saved: '/tmp/clearvla_eval_opaque_27424.png'
25:07.055  render           | Saved: '/tmp/clearvla_eval_opaque_27424.png'
25:07.403  render           | Saved: '/tmp/clearvla_eval_opaque_27424.png'
25:07.845  render           | Saved: '/tmp/clearvla_eval_opaque_27424.png'
25:08.174  render           | Saved: '/tmp/clearvla_eval_opaque_27424.png'
25:08.577  render           | Saved: '/tmp/clearvla_eval_opaque_27424.png'
25:08.906  render           | Saved: '/tmp/clearvla_eval_opaque_27424.png'
25:09.316  render           | Saved: '/tmp/clearvla_eval_opaque_27424.png'
25:09.646  render           | Saved: '/tmp/clearvla_eval_opaque_27424.png'
25:10.058  render           | Saved: '/tmp/clearvla_eval_opaque_27424.png'
25:10.389  render           | Saved: '/tmp/clearvla_eval_opaque_27424.png'
25:10.788  render           | Saved: '/tmp/clearvla_eval_opaque_27424.png'
25:11.143  render           | Saved: '/tmp/clearvla_eval_opaque_27424.png'
25:11.546  render           | Saved: '/tmp/clearvla_eval_opaque_27424.png'
25:11.885  render           | Saved: '/tmp/clearvla_eval_opaque_27424.png'
25:12.280  render           | Saved: '/tmp/clearvla_eval_opaque_27424.png'
25:12.616  render           | Saved: '/tmp/clearvla_eval_opaque_27424.png'
25:13.011  render           | Saved: '/tmp/clearvla_eval_opaque_27424.png'
25:13.348  render           | Saved: '/tmp/clearvla_eval_opaque_27424.png'
25:13.743  render           | Saved: '/tmp/clearvla_eval_opaque_27424.png'
25:14.112  render           | Saved: '/tmp/clearvla_eval_opaque_27424.png'
25:14.518  render           | Saved: '/tmp/clearvla_eval_opaque_27424.png'
25:14.867  render           | Saved: '/tmp/clearvla_eval_opaque_27424.png'
25:15.310  render           | Saved: '/tmp/clearvla_eval_opaque_27424.png'
25:15.657  render           | Saved: '/tmp/clearvla_eval_opaque_27424.png'
25:16.095  render           | Saved: '/tmp/clearvla_eval_opaque_27424.png'
25:16.446  render           | Saved: '/tmp/clearvla_eval_opaque_27424.png'
25:16.861  render           | Saved: '/tmp/clearvla_eval_opaque_27424.png'
25:17.186  render           | Saved: '/tmp/clearvla_eval_opaque_27424.png'
25:17.616  render           | Saved: '/tmp/clearvla_eval_opaque_27424.png'
25:17.949  render           | Saved: '/tmp/clearvla_eval_opaque_27424.png'
25:18.373  render           | Saved: '/tmp/clearvla_eval_opaque_27424.png'
25:18.697  render           | Saved: '/tmp/clearvla_eval_opaque_27424.png'
25:19.098  render           | Saved: '/tmp/clearvla_eval_opaque_27424.png'
25:19.436  render           | Saved: '/tmp/clearvla_eval_opaque_27424.png'
25:19.838  render           | Saved: '/tmp/clearvla_eval_opaque_27424.png'
25:20.198  render           | Saved: '/tmp/clearvla_eval_opaque_27424.png'
25:20.605  render           | Saved: '/tmp/clearvla_eval_opaque_27424.png'
25:20.958  render           | Saved: '/tmp/clearvla_eval_opaque_27424.png'
25:21.361  render           | Saved: '/tmp/clearvla_eval_opaque_27424.png'
25:21.698  render           | Saved: '/tmp/clearvla_eval_opaque_27424.png'
25:22.101  render           | Saved: '/tmp/clearvla_eval_opaque_27424.png'
25:22.430  render           | Saved: '/tmp/clearvla_eval_opaque_27424.png'
25:22.837  render           | Saved: '/tmp/clearvla_eval_opaque_27424.png'
25:23.164  render           | Saved: '/tmp/clearvla_eval_opaque_27424.png'
25:23.570  render           | Saved: '/tmp/clearvla_eval_opaque_27424.png'
25:23.901  render           | Saved: '/tmp/clearvla_eval_opaque_27424.png'
25:24.778  render           | Saved: '/tmp/clearvla_eval_opaque_27424.png'
25:25.128  render           | Saved: '/tmp/clearvla_eval_opaque_27424.png'
25:25.553  render           | Saved: '/tmp/clearvla_eval_opaque_27424.png'
25:25.889  render           | Saved: '/tmp/clearvla_eval_opaque_27424.png'
25:26.293  render           | Saved: '/tmp/clearvla_eval_opaque_27424.png'
25:26.639  render           | Saved: '/tmp/clearvla_eval_opaque_27424.png'
25:27.037  render           | Saved: '/tmp/clearvla_eval_opaque_27424.png'
25:27.377  render           | Saved: '/tmp/clearvla_eval_opaque_27424.png'
25:27.770  render           | Saved: '/tmp/clearvla_eval_opaque_27424.png'
25:28.116  render           | Saved: '/tmp/clearvla_eval_opaque_27424.png'
25:28.521  render           | Saved: '/tmp/clearvla_eval_opaque_27424.png'
25:28.867  render           | Saved: '/tmp/clearvla_eval_opaque_27424.png'
25:29.285  render           | Saved: '/tmp/clearvla_eval_opaque_27424.png'
25:29.629  render           | Saved: '/tmp/clearvla_eval_opaque_27424.png'
25:30.023  render           | Saved: '/tmp/clearvla_eval_opaque_27424.png'
25:30.359  render           | Saved: '/tmp/clearvla_eval_opaque_27424.png'
25:30.765  render           | Saved: '/tmp/clearvla_eval_opaque_27424.png'
25:31.113  render           | Saved: '/tmp/clearvla_eval_opaque_27424.png'
25:31.520  render           | Saved: '/tmp/clearvla_eval_opaque_27424.png'
25:31.867  render           | Saved: '/tmp/clearvla_eval_opaque_27424.png'
25:32.276  render           | Saved: '/tmp/clearvla_eval_opaque_27424.png'
25:32.626  render           | Saved: '/tmp/clearvla_eval_opaque_27424.png'
25:33.046  render           | Saved: '/tmp/clearvla_eval_opaque_27424.png'
25:33.382  render           | Saved: '/tmp/clearvla_eval_opaque_27424.png'
25:33.772  render           | Saved: '/tmp/clearvla_eval_opaque_27424.png'
25:34.100  render           | Saved: '/tmp/clearvla_eval_opaque_27424.png'
25:34.504  render           | Saved: '/tmp/clearvla_eval_opaque_27424.png'
25:34.823  render           | Saved: '/tmp/clearvla_eval_opaque_27424.png'
25:35.216  render           | Saved: '/tmp/clearvla_eval_opaque_27424.png'
25:35.548  render           | Saved: '/tmp/clearvla_eval_opaque_27424.png'
25:35.948  render           | Saved: '/tmp/clearvla_eval_opaque_27424.png'
25:36.290  render           | Saved: '/tmp/clearvla_eval_opaque_27424.png'
25:36.740  render           | Saved: '/tmp/clearvla_eval_opaque_27424.png'
25:37.106  render           | Saved: '/tmp/clearvla_eval_opaque_27424.png'
25:37.545  render           | Saved: '/tmp/clearvla_eval_opaque_27424.png'
25:37.894  render           | Saved: '/tmp/clearvla_eval_opaque_27424.png'
25:38.328  render           | Saved: '/tmp/clearvla_eval_opaque_27424.png'
25:38.667  render           | Saved: '/tmp/clearvla_eval_opaque_27424.png'
25:39.068  render           | Saved: '/tmp/clearvla_eval_opaque_27424.png'
25:39.397  render           | Saved: '/tmp/clearvla_eval_opaque_27424.png'
25:39.799  render           | Saved: '/tmp/clearvla_eval_opaque_27424.png'
25:40.127  render           | Saved: '/tmp/clearvla_eval_opaque_27424.png'
25:40.517  render           | Saved: '/tmp/clearvla_eval_opaque_27424.png'
25:40.855  render           | Saved: '/tmp/clearvla_eval_opaque_27424.png'
25:41.251  render           | Saved: '/tmp/clearvla_eval_opaque_27424.png'
25:41.586  render           | Saved: '/tmp/clearvla_eval_opaque_27424.png'
25:41.984  render           | Saved: '/tmp/clearvla_eval_opaque_27424.png'
25:42.322  render           | Saved: '/tmp/clearvla_eval_opaque_27424.png'
25:42.721  render           | Saved: '/tmp/clearvla_eval_opaque_27424.png'
25:43.059  render           | Saved: '/tmp/clearvla_eval_opaque_27424.png'
25:43.463  render           | Saved: '/tmp/clearvla_eval_opaque_27424.png'
25:43.799  render           | Saved: '/tmp/clearvla_eval_opaque_27424.png'
25:44.199  render           | Saved: '/tmp/clearvla_eval_opaque_27424.png'
25:44.536  render           | Saved: '/tmp/clearvla_eval_opaque_27424.png'
25:44.935  render           | Saved: '/tmp/clearvla_eval_opaque_27424.png'
25:45.270  render           | Saved: '/tmp/clearvla_eval_opaque_27424.png'
25:45.674  render           | Saved: '/tmp/clearvla_eval_opaque_27424.png'
25:46.009  render           | Saved: '/tmp/clearvla_eval_opaque_27424.png'
25:46.410  render           | Saved: '/tmp/clearvla_eval_opaque_27424.png'
25:46.754  render           | Saved: '/tmp/clearvla_eval_opaque_27424.png'
25:47.154  render           | Saved: '/tmp/clearvla_eval_opaque_27424.png'
25:47.486  render           | Saved: '/tmp/clearvla_eval_opaque_27424.png'
25:47.895  render           | Saved: '/tmp/clearvla_eval_opaque_27424.png'
25:48.225  render           | Saved: '/tmp/clearvla_eval_opaque_27424.png'
25:48.612  render           | Saved: '/tmp/clearvla_eval_opaque_27424.png'
25:48.943  render           | Saved: '/tmp/clearvla_eval_opaque_27424.png'
25:49.336  render           | Saved: '/tmp/clearvla_eval_opaque_27424.png'
25:49.666  render           | Saved: '/tmp/clearvla_eval_opaque_27424.png'
25:50.060  render           | Saved: '/tmp/clearvla_eval_opaque_27424.png'
25:50.393  render           | Saved: '/tmp/clearvla_eval_opaque_27424.png'
25:50.790  render           | Saved: '/tmp/clearvla_eval_opaque_27424.png'
25:51.127  render           | Saved: '/tmp/clearvla_eval_opaque_27424.png'
25:51.529  render           | Saved: '/tmp/clearvla_eval_opaque_27424.png'
25:51.870  render           | Saved: '/tmp/clearvla_eval_opaque_27424.png'
25:52.270  render           | Saved: '/tmp/clearvla_eval_opaque_27424.png'
25:52.611  render           | Saved: '/tmp/clearvla_eval_opaque_27424.png'
[quant4/opaque] pour: 10/30  (25.8 min, 28.2 s/ep)
25:53.424  render           | Saved: '/tmp/clearvla_eval_opaque_27424.png'
25:53.756  render           | Saved: '/tmp/clearvla_eval_opaque_27424.png'
25:54.189  render           | Saved: '/tmp/clearvla_eval_opaque_27424.png'
25:54.526  render           | Saved: '/tmp/clearvla_eval_opaque_27424.png'
25:54.940  render           | Saved: '/tmp/clearvla_eval_opaque_27424.png'
25:55.274  render           | Saved: '/tmp/clearvla_eval_opaque_27424.png'
25:55.683  render           | Saved: '/tmp/clearvla_eval_opaque_27424.png'
25:56.026  render           | Saved: '/tmp/clearvla_eval_opaque_27424.png'
25:56.429  render           | Saved: '/tmp/clearvla_eval_opaque_27424.png'
25:56.756  render           | Saved: '/tmp/clearvla_eval_opaque_27424.png'
25:57.162  render           | Saved: '/tmp/clearvla_eval_opaque_27424.png'
25:57.491  render           | Saved: '/tmp/clearvla_eval_opaque_27424.png'
25:57.902  render           | Saved: '/tmp/clearvla_eval_opaque_27424.png'
25:58.232  render           | Saved: '/tmp/clearvla_eval_opaque_27424.png'
25:58.639  render           | Saved: '/tmp/clearvla_eval_opaque_27424.png'
25:58.968  render           | Saved: '/tmp/clearvla_eval_opaque_27424.png'
25:59.381  render           | Saved: '/tmp/clearvla_eval_opaque_27424.png'
25:59.705  render           | Saved: '/tmp/clearvla_eval_opaque_27424.png'
26:00.110  render           | Saved: '/tmp/clearvla_eval_opaque_27424.png'
26:00.438  render           | Saved: '/tmp/clearvla_eval_opaque_27424.png'
26:00.852  render           | Saved: '/tmp/clearvla_eval_opaque_27424.png'
26:01.183  render           | Saved: '/tmp/clearvla_eval_opaque_27424.png'
26:01.593  render           | Saved: '/tmp/clearvla_eval_opaque_27424.png'
26:01.923  render           | Saved: '/tmp/clearvla_eval_opaque_27424.png'
26:02.333  render           | Saved: '/tmp/clearvla_eval_opaque_27424.png'
26:02.672  render           | Saved: '/tmp/clearvla_eval_opaque_27424.png'
26:03.075  render           | Saved: '/tmp/clearvla_eval_opaque_27424.png'
26:03.412  render           | Saved: '/tmp/clearvla_eval_opaque_27424.png'
26:03.818  render           | Saved: '/tmp/clearvla_eval_opaque_27424.png'
26:04.158  render           | Saved: '/tmp/clearvla_eval_opaque_27424.png'
26:04.564  render           | Saved: '/tmp/clearvla_eval_opaque_27424.png'
26:04.912  render           | Saved: '/tmp/clearvla_eval_opaque_27424.png'
26:05.329  render           | Saved: '/tmp/clearvla_eval_opaque_27424.png'
26:05.677  render           | Saved: '/tmp/clearvla_eval_opaque_27424.png'
26:06.103  render           | Saved: '/tmp/clearvla_eval_opaque_27424.png'
26:06.444  render           | Saved: '/tmp/clearvla_eval_opaque_27424.png'
26:06.848  render           | Saved: '/tmp/clearvla_eval_opaque_27424.png'
26:07.188  render           | Saved: '/tmp/clearvla_eval_opaque_27424.png'
26:07.591  render           | Saved: '/tmp/clearvla_eval_opaque_27424.png'
26:07.920  render           | Saved: '/tmp/clearvla_eval_opaque_27424.png'
26:08.325  render           | Saved: '/tmp/clearvla_eval_opaque_27424.png'
26:08.653  render           | Saved: '/tmp/clearvla_eval_opaque_27424.png'
26:09.057  render           | Saved: '/tmp/clearvla_eval_opaque_27424.png'
26:09.392  render           | Saved: '/tmp/clearvla_eval_opaque_27424.png'
26:09.792  render           | Saved: '/tmp/clearvla_eval_opaque_27424.png'
26:10.129  render           | Saved: '/tmp/clearvla_eval_opaque_27424.png'
26:10.943  render           | Saved: '/tmp/clearvla_eval_opaque_27424.png'
26:11.278  render           | Saved: '/tmp/clearvla_eval_opaque_27424.png'
26:11.693  render           | Saved: '/tmp/clearvla_eval_opaque_27424.png'
26:12.028  render           | Saved: '/tmp/clearvla_eval_opaque_27424.png'
26:12.427  render           | Saved: '/tmp/clearvla_eval_opaque_27424.png'
26:12.762  render           | Saved: '/tmp/clearvla_eval_opaque_27424.png'
26:13.155  render           | Saved: '/tmp/clearvla_eval_opaque_27424.png'
26:13.497  render           | Saved: '/tmp/clearvla_eval_opaque_27424.png'
26:13.898  render           | Saved: '/tmp/clearvla_eval_opaque_27424.png'
26:14.225  render           | Saved: '/tmp/clearvla_eval_opaque_27424.png'
26:14.631  render           | Saved: '/tmp/clearvla_eval_opaque_27424.png'
26:14.960  render           | Saved: '/tmp/clearvla_eval_opaque_27424.png'
26:15.373  render           | Saved: '/tmp/clearvla_eval_opaque_27424.png'
26:15.702  render           | Saved: '/tmp/clearvla_eval_opaque_27424.png'
26:16.116  render           | Saved: '/tmp/clearvla_eval_opaque_27424.png'
26:16.442  render           | Saved: '/tmp/clearvla_eval_opaque_27424.png'
26:16.852  render           | Saved: '/tmp/clearvla_eval_opaque_27424.png'
26:17.202  render           | Saved: '/tmp/clearvla_eval_opaque_27424.png'
26:17.606  render           | Saved: '/tmp/clearvla_eval_opaque_27424.png'
26:17.958  render           | Saved: '/tmp/clearvla_eval_opaque_27424.png'
26:18.365  render           | Saved: '/tmp/clearvla_eval_opaque_27424.png'
26:18.698  render           | Saved: '/tmp/clearvla_eval_opaque_27424.png'
26:19.108  render           | Saved: '/tmp/clearvla_eval_opaque_27424.png'
26:19.444  render           | Saved: '/tmp/clearvla_eval_opaque_27424.png'
26:19.853  render           | Saved: '/tmp/clearvla_eval_opaque_27424.png'
26:20.207  render           | Saved: '/tmp/clearvla_eval_opaque_27424.png'
26:20.618  render           | Saved: '/tmp/clearvla_eval_opaque_27424.png'
26:20.969  render           | Saved: '/tmp/clearvla_eval_opaque_27424.png'
26:21.385  render           | Saved: '/tmp/clearvla_eval_opaque_27424.png'
26:21.726  render           | Saved: '/tmp/clearvla_eval_opaque_27424.png'
26:22.137  render           | Saved: '/tmp/clearvla_eval_opaque_27424.png'
26:22.472  render           | Saved: '/tmp/clearvla_eval_opaque_27424.png'
26:22.886  render           | Saved: '/tmp/clearvla_eval_opaque_27424.png'
26:23.239  render           | Saved: '/tmp/clearvla_eval_opaque_27424.png'
26:23.650  render           | Saved: '/tmp/clearvla_eval_opaque_27424.png'
26:23.998  render           | Saved: '/tmp/clearvla_eval_opaque_27424.png'
26:24.419  render           | Saved: '/tmp/clearvla_eval_opaque_27424.png'
26:24.755  render           | Saved: '/tmp/clearvla_eval_opaque_27424.png'
26:25.169  render           | Saved: '/tmp/clearvla_eval_opaque_27424.png'
26:25.513  render           | Saved: '/tmp/clearvla_eval_opaque_27424.png'
26:25.932  render           | Saved: '/tmp/clearvla_eval_opaque_27424.png'
26:26.262  render           | Saved: '/tmp/clearvla_eval_opaque_27424.png'
26:26.668  render           | Saved: '/tmp/clearvla_eval_opaque_27424.png'
26:27.012  render           | Saved: '/tmp/clearvla_eval_opaque_27424.png'
26:27.428  render           | Saved: '/tmp/clearvla_eval_opaque_27424.png'
26:27.752  render           | Saved: '/tmp/clearvla_eval_opaque_27424.png'
26:28.166  render           | Saved: '/tmp/clearvla_eval_opaque_27424.png'
26:28.517  render           | Saved: '/tmp/clearvla_eval_opaque_27424.png'
26:28.925  render           | Saved: '/tmp/clearvla_eval_opaque_27424.png'
26:29.247  render           | Saved: '/tmp/clearvla_eval_opaque_27424.png'
26:29.658  render           | Saved: '/tmp/clearvla_eval_opaque_27424.png'
26:29.985  render           | Saved: '/tmp/clearvla_eval_opaque_27424.png'
26:30.407  render           | Saved: '/tmp/clearvla_eval_opaque_27424.png'
26:30.733  render           | Saved: '/tmp/clearvla_eval_opaque_27424.png'
26:31.147  render           | Saved: '/tmp/clearvla_eval_opaque_27424.png'
26:31.494  render           | Saved: '/tmp/clearvla_eval_opaque_27424.png'
26:31.918  render           | Saved: '/tmp/clearvla_eval_opaque_27424.png'
26:32.258  render           | Saved: '/tmp/clearvla_eval_opaque_27424.png'
26:32.665  render           | Saved: '/tmp/clearvla_eval_opaque_27424.png'
26:33.000  render           | Saved: '/tmp/clearvla_eval_opaque_27424.png'
26:33.407  render           | Saved: '/tmp/clearvla_eval_opaque_27424.png'
26:33.750  render           | Saved: '/tmp/clearvla_eval_opaque_27424.png'
26:34.158  render           | Saved: '/tmp/clearvla_eval_opaque_27424.png'
26:34.496  render           | Saved: '/tmp/clearvla_eval_opaque_27424.png'
26:34.905  render           | Saved: '/tmp/clearvla_eval_opaque_27424.png'
26:35.243  render           | Saved: '/tmp/clearvla_eval_opaque_27424.png'
26:35.653  render           | Saved: '/tmp/clearvla_eval_opaque_27424.png'
26:35.995  render           | Saved: '/tmp/clearvla_eval_opaque_27424.png'
26:36.407  render           | Saved: '/tmp/clearvla_eval_opaque_27424.png'
26:36.739  render           | Saved: '/tmp/clearvla_eval_opaque_27424.png'
26:37.145  render           | Saved: '/tmp/clearvla_eval_opaque_27424.png'
26:37.476  render           | Saved: '/tmp/clearvla_eval_opaque_27424.png'
26:37.880  render           | Saved: '/tmp/clearvla_eval_opaque_27424.png'
26:38.203  render           | Saved: '/tmp/clearvla_eval_opaque_27424.png'
26:38.610  render           | Saved: '/tmp/clearvla_eval_opaque_27424.png'
26:38.935  render           | Saved: '/tmp/clearvla_eval_opaque_27424.png'
26:39.755  render           | Saved: '/tmp/clearvla_eval_opaque_27424.png'
26:40.088  render           | Saved: '/tmp/clearvla_eval_opaque_27424.png'
26:40.505  render           | Saved: '/tmp/clearvla_eval_opaque_27424.png'
26:40.837  render           | Saved: '/tmp/clearvla_eval_opaque_27424.png'
26:41.240  render           | Saved: '/tmp/clearvla_eval_opaque_27424.png'
26:41.589  render           | Saved: '/tmp/clearvla_eval_opaque_27424.png'
26:41.987  render           | Saved: '/tmp/clearvla_eval_opaque_27424.png'
26:42.313  render           | Saved: '/tmp/clearvla_eval_opaque_27424.png'
26:42.717  render           | Saved: '/tmp/clearvla_eval_opaque_27424.png'
26:43.046  render           | Saved: '/tmp/clearvla_eval_opaque_27424.png'
26:43.457  render           | Saved: '/tmp/clearvla_eval_opaque_27424.png'
26:43.796  render           | Saved: '/tmp/clearvla_eval_opaque_27424.png'
26:44.203  render           | Saved: '/tmp/clearvla_eval_opaque_27424.png'
26:44.534  render           | Saved: '/tmp/clearvla_eval_opaque_27424.png'
26:44.940  render           | Saved: '/tmp/clearvla_eval_opaque_27424.png'
26:45.266  render           | Saved: '/tmp/clearvla_eval_opaque_27424.png'
26:45.677  render           | Saved: '/tmp/clearvla_eval_opaque_27424.png'
26:46.008  render           | Saved: '/tmp/clearvla_eval_opaque_27424.png'
26:46.415  render           | Saved: '/tmp/clearvla_eval_opaque_27424.png'
26:46.744  render           | Saved: '/tmp/clearvla_eval_opaque_27424.png'
26:47.154  render           | Saved: '/tmp/clearvla_eval_opaque_27424.png'
26:47.481  render           | Saved: '/tmp/clearvla_eval_opaque_27424.png'
26:47.890  render           | Saved: '/tmp/clearvla_eval_opaque_27424.png'
26:48.221  render           | Saved: '/tmp/clearvla_eval_opaque_27424.png'
26:48.634  render           | Saved: '/tmp/clearvla_eval_opaque_27424.png'
26:48.966  render           | Saved: '/tmp/clearvla_eval_opaque_27424.png'
26:49.380  render           | Saved: '/tmp/clearvla_eval_opaque_27424.png'
26:49.711  render           | Saved: '/tmp/clearvla_eval_opaque_27424.png'
26:50.121  render           | Saved: '/tmp/clearvla_eval_opaque_27424.png'
26:50.479  render           | Saved: '/tmp/clearvla_eval_opaque_27424.png'
26:50.889  render           | Saved: '/tmp/clearvla_eval_opaque_27424.png'
26:51.247  render           | Saved: '/tmp/clearvla_eval_opaque_27424.png'
26:51.664  render           | Saved: '/tmp/clearvla_eval_opaque_27424.png'
26:52.002  render           | Saved: '/tmp/clearvla_eval_opaque_27424.png'
26:52.426  render           | Saved: '/tmp/clearvla_eval_opaque_27424.png'
26:52.761  render           | Saved: '/tmp/clearvla_eval_opaque_27424.png'
26:53.178  render           | Saved: '/tmp/clearvla_eval_opaque_27424.png'
26:53.511  render           | Saved: '/tmp/clearvla_eval_opaque_27424.png'
26:53.917  render           | Saved: '/tmp/clearvla_eval_opaque_27424.png'
26:54.242  render           | Saved: '/tmp/clearvla_eval_opaque_27424.png'
26:54.650  render           | Saved: '/tmp/clearvla_eval_opaque_27424.png'
26:54.976  render           | Saved: '/tmp/clearvla_eval_opaque_27424.png'
26:55.392  render           | Saved: '/tmp/clearvla_eval_opaque_27424.png'
26:55.739  render           | Saved: '/tmp/clearvla_eval_opaque_27424.png'
26:56.150  render           | Saved: '/tmp/clearvla_eval_opaque_27424.png'
26:56.487  render           | Saved: '/tmp/clearvla_eval_opaque_27424.png'
26:56.899  render           | Saved: '/tmp/clearvla_eval_opaque_27424.png'
26:57.241  render           | Saved: '/tmp/clearvla_eval_opaque_27424.png'
26:58.052  render           | Saved: '/tmp/clearvla_eval_opaque_27424.png'
26:58.383  render           | Saved: '/tmp/clearvla_eval_opaque_27424.png'
26:58.789  render           | Saved: '/tmp/clearvla_eval_opaque_27424.png'
26:59.120  render           | Saved: '/tmp/clearvla_eval_opaque_27424.png'
26:59.518  render           | Saved: '/tmp/clearvla_eval_opaque_27424.png'
26:59.867  render           | Saved: '/tmp/clearvla_eval_opaque_27424.png'
27:00.276  render           | Saved: '/tmp/clearvla_eval_opaque_27424.png'
27:00.604  render           | Saved: '/tmp/clearvla_eval_opaque_27424.png'
27:01.008  render           | Saved: '/tmp/clearvla_eval_opaque_27424.png'
27:01.341  render           | Saved: '/tmp/clearvla_eval_opaque_27424.png'
27:01.748  render           | Saved: '/tmp/clearvla_eval_opaque_27424.png'
27:02.078  render           | Saved: '/tmp/clearvla_eval_opaque_27424.png'
27:02.484  render           | Saved: '/tmp/clearvla_eval_opaque_27424.png'
27:02.813  render           | Saved: '/tmp/clearvla_eval_opaque_27424.png'
27:03.223  render           | Saved: '/tmp/clearvla_eval_opaque_27424.png'
27:03.551  render           | Saved: '/tmp/clearvla_eval_opaque_27424.png'
27:03.957  render           | Saved: '/tmp/clearvla_eval_opaque_27424.png'
27:04.280  render           | Saved: '/tmp/clearvla_eval_opaque_27424.png'
27:04.683  render           | Saved: '/tmp/clearvla_eval_opaque_27424.png'
27:05.009  render           | Saved: '/tmp/clearvla_eval_opaque_27424.png'
27:05.418  render           | Saved: '/tmp/clearvla_eval_opaque_27424.png'
27:05.746  render           | Saved: '/tmp/clearvla_eval_opaque_27424.png'
27:06.154  render           | Saved: '/tmp/clearvla_eval_opaque_27424.png'
27:06.483  render           | Saved: '/tmp/clearvla_eval_opaque_27424.png'
27:06.886  render           | Saved: '/tmp/clearvla_eval_opaque_27424.png'
27:07.221  render           | Saved: '/tmp/clearvla_eval_opaque_27424.png'
27:07.629  render           | Saved: '/tmp/clearvla_eval_opaque_27424.png'
27:07.957  render           | Saved: '/tmp/clearvla_eval_opaque_27424.png'
27:08.344  render           | Saved: '/tmp/clearvla_eval_opaque_27424.png'
27:08.692  render           | Saved: '/tmp/clearvla_eval_opaque_27424.png'
27:09.090  render           | Saved: '/tmp/clearvla_eval_opaque_27424.png'
27:09.415  render           | Saved: '/tmp/clearvla_eval_opaque_27424.png'
27:09.805  render           | Saved: '/tmp/clearvla_eval_opaque_27424.png'
27:10.139  render           | Saved: '/tmp/clearvla_eval_opaque_27424.png'
27:10.538  render           | Saved: '/tmp/clearvla_eval_opaque_27424.png'
27:10.882  render           | Saved: '/tmp/clearvla_eval_opaque_27424.png'
27:11.320  render           | Saved: '/tmp/clearvla_eval_opaque_27424.png'
27:11.672  render           | Saved: '/tmp/clearvla_eval_opaque_27424.png'
27:12.105  render           | Saved: '/tmp/clearvla_eval_opaque_27424.png'
27:12.465  render           | Saved: '/tmp/clearvla_eval_opaque_27424.png'
27:12.898  render           | Saved: '/tmp/clearvla_eval_opaque_27424.png'
27:13.239  render           | Saved: '/tmp/clearvla_eval_opaque_27424.png'
27:13.654  render           | Saved: '/tmp/clearvla_eval_opaque_27424.png'
27:13.990  render           | Saved: '/tmp/clearvla_eval_opaque_27424.png'
27:14.404  render           | Saved: '/tmp/clearvla_eval_opaque_27424.png'
27:14.748  render           | Saved: '/tmp/clearvla_eval_opaque_27424.png'
27:15.160  render           | Saved: '/tmp/clearvla_eval_opaque_27424.png'
27:15.507  render           | Saved: '/tmp/clearvla_eval_opaque_27424.png'
27:15.913  render           | Saved: '/tmp/clearvla_eval_opaque_27424.png'
27:16.260  render           | Saved: '/tmp/clearvla_eval_opaque_27424.png'
27:16.678  render           | Saved: '/tmp/clearvla_eval_opaque_27424.png'
27:17.027  render           | Saved: '/tmp/clearvla_eval_opaque_27424.png'
27:17.440  render           | Saved: '/tmp/clearvla_eval_opaque_27424.png'
27:17.788  render           | Saved: '/tmp/clearvla_eval_opaque_27424.png'
27:18.204  render           | Saved: '/tmp/clearvla_eval_opaque_27424.png'
27:18.546  render           | Saved: '/tmp/clearvla_eval_opaque_27424.png'
27:18.956  render           | Saved: '/tmp/clearvla_eval_opaque_27424.png'
27:19.306  render           | Saved: '/tmp/clearvla_eval_opaque_27424.png'
27:19.715  render           | Saved: '/tmp/clearvla_eval_opaque_27424.png'
27:20.062  render           | Saved: '/tmp/clearvla_eval_opaque_27424.png'
27:20.470  render           | Saved: '/tmp/clearvla_eval_opaque_27424.png'
27:20.842  render           | Saved: '/tmp/clearvla_eval_opaque_27424.png'
27:21.272  render           | Saved: '/tmp/clearvla_eval_opaque_27424.png'
27:21.645  render           | Saved: '/tmp/clearvla_eval_opaque_27424.png'
27:22.085  render           | Saved: '/tmp/clearvla_eval_opaque_27424.png'
27:22.428  render           | Saved: '/tmp/clearvla_eval_opaque_27424.png'
27:22.837  render           | Saved: '/tmp/clearvla_eval_opaque_27424.png'
27:23.182  render           | Saved: '/tmp/clearvla_eval_opaque_27424.png'
27:23.594  render           | Saved: '/tmp/clearvla_eval_opaque_27424.png'
27:23.939  render           | Saved: '/tmp/clearvla_eval_opaque_27424.png'
27:24.351  render           | Saved: '/tmp/clearvla_eval_opaque_27424.png'
27:24.698  render           | Saved: '/tmp/clearvla_eval_opaque_27424.png'
27:25.109  render           | Saved: '/tmp/clearvla_eval_opaque_27424.png'
27:25.460  render           | Saved: '/tmp/clearvla_eval_opaque_27424.png'
27:25.872  render           | Saved: '/tmp/clearvla_eval_opaque_27424.png'
27:26.210  render           | Saved: '/tmp/clearvla_eval_opaque_27424.png'
27:27.070  render           | Saved: '/tmp/clearvla_eval_opaque_27424.png'
27:27.413  render           | Saved: '/tmp/clearvla_eval_opaque_27424.png'
27:27.844  render           | Saved: '/tmp/clearvla_eval_opaque_27424.png'
27:28.183  render           | Saved: '/tmp/clearvla_eval_opaque_27424.png'
27:28.621  render           | Saved: '/tmp/clearvla_eval_opaque_27424.png'
27:28.953  render           | Saved: '/tmp/clearvla_eval_opaque_27424.png'
27:29.360  render           | Saved: '/tmp/clearvla_eval_opaque_27424.png'
27:29.702  render           | Saved: '/tmp/clearvla_eval_opaque_27424.png'
27:30.102  render           | Saved: '/tmp/clearvla_eval_opaque_27424.png'
27:30.440  render           | Saved: '/tmp/clearvla_eval_opaque_27424.png'
27:30.838  render           | Saved: '/tmp/clearvla_eval_opaque_27424.png'
27:31.182  render           | Saved: '/tmp/clearvla_eval_opaque_27424.png'
27:31.585  render           | Saved: '/tmp/clearvla_eval_opaque_27424.png'
27:31.929  render           | Saved: '/tmp/clearvla_eval_opaque_27424.png'
27:32.340  render           | Saved: '/tmp/clearvla_eval_opaque_27424.png'
27:32.682  render           | Saved: '/tmp/clearvla_eval_opaque_27424.png'
27:33.091  render           | Saved: '/tmp/clearvla_eval_opaque_27424.png'
27:33.430  render           | Saved: '/tmp/clearvla_eval_opaque_27424.png'
27:33.858  render           | Saved: '/tmp/clearvla_eval_opaque_27424.png'
27:34.202  render           | Saved: '/tmp/clearvla_eval_opaque_27424.png'
27:34.610  render           | Saved: '/tmp/clearvla_eval_opaque_27424.png'
27:34.958  render           | Saved: '/tmp/clearvla_eval_opaque_27424.png'
27:35.368  render           | Saved: '/tmp/clearvla_eval_opaque_27424.png'
27:35.705  render           | Saved: '/tmp/clearvla_eval_opaque_27424.png'
27:36.118  render           | Saved: '/tmp/clearvla_eval_opaque_27424.png'
27:36.458  render           | Saved: '/tmp/clearvla_eval_opaque_27424.png'
27:36.856  render           | Saved: '/tmp/clearvla_eval_opaque_27424.png'
27:37.211  render           | Saved: '/tmp/clearvla_eval_opaque_27424.png'
27:37.639  render           | Saved: '/tmp/clearvla_eval_opaque_27424.png'
27:37.978  render           | Saved: '/tmp/clearvla_eval_opaque_27424.png'
27:38.385  render           | Saved: '/tmp/clearvla_eval_opaque_27424.png'
27:38.719  render           | Saved: '/tmp/clearvla_eval_opaque_27424.png'
27:39.121  render           | Saved: '/tmp/clearvla_eval_opaque_27424.png'
27:39.462  render           | Saved: '/tmp/clearvla_eval_opaque_27424.png'
27:39.863  render           | Saved: '/tmp/clearvla_eval_opaque_27424.png'
27:40.201  render           | Saved: '/tmp/clearvla_eval_opaque_27424.png'
27:40.605  render           | Saved: '/tmp/clearvla_eval_opaque_27424.png'
27:40.936  render           | Saved: '/tmp/clearvla_eval_opaque_27424.png'
27:41.343  render           | Saved: '/tmp/clearvla_eval_opaque_27424.png'
27:41.684  render           | Saved: '/tmp/clearvla_eval_opaque_27424.png'
27:42.088  render           | Saved: '/tmp/clearvla_eval_opaque_27424.png'
27:42.418  render           | Saved: '/tmp/clearvla_eval_opaque_27424.png'
27:42.819  render           | Saved: '/tmp/clearvla_eval_opaque_27424.png'
27:43.152  render           | Saved: '/tmp/clearvla_eval_opaque_27424.png'
27:43.548  render           | Saved: '/tmp/clearvla_eval_opaque_27424.png'
27:43.878  render           | Saved: '/tmp/clearvla_eval_opaque_27424.png'
27:44.278  render           | Saved: '/tmp/clearvla_eval_opaque_27424.png'
27:44.614  render           | Saved: '/tmp/clearvla_eval_opaque_27424.png'
27:45.010  render           | Saved: '/tmp/clearvla_eval_opaque_27424.png'
27:45.348  render           | Saved: '/tmp/clearvla_eval_opaque_27424.png'
27:46.169  render           | Saved: '/tmp/clearvla_eval_opaque_27424.png'
27:46.501  render           | Saved: '/tmp/clearvla_eval_opaque_27424.png'
27:46.930  render           | Saved: '/tmp/clearvla_eval_opaque_27424.png'
27:47.265  render           | Saved: '/tmp/clearvla_eval_opaque_27424.png'
27:47.688  render           | Saved: '/tmp/clearvla_eval_opaque_27424.png'
27:48.022  render           | Saved: '/tmp/clearvla_eval_opaque_27424.png'
27:48.435  render           | Saved: '/tmp/clearvla_eval_opaque_27424.png'
27:48.786  render           | Saved: '/tmp/clearvla_eval_opaque_27424.png'
27:49.185  render           | Saved: '/tmp/clearvla_eval_opaque_27424.png'
27:49.516  render           | Saved: '/tmp/clearvla_eval_opaque_27424.png'
27:49.927  render           | Saved: '/tmp/clearvla_eval_opaque_27424.png'
27:50.258  render           | Saved: '/tmp/clearvla_eval_opaque_27424.png'
27:50.666  render           | Saved: '/tmp/clearvla_eval_opaque_27424.png'
27:50.996  render           | Saved: '/tmp/clearvla_eval_opaque_27424.png'
27:51.406  render           | Saved: '/tmp/clearvla_eval_opaque_27424.png'
27:51.736  render           | Saved: '/tmp/clearvla_eval_opaque_27424.png'
27:52.150  render           | Saved: '/tmp/clearvla_eval_opaque_27424.png'
27:52.488  render           | Saved: '/tmp/clearvla_eval_opaque_27424.png'
27:52.896  render           | Saved: '/tmp/clearvla_eval_opaque_27424.png'
27:53.228  render           | Saved: '/tmp/clearvla_eval_opaque_27424.png'
27:53.639  render           | Saved: '/tmp/clearvla_eval_opaque_27424.png'
27:53.970  render           | Saved: '/tmp/clearvla_eval_opaque_27424.png'
27:54.383  render           | Saved: '/tmp/clearvla_eval_opaque_27424.png'
27:54.713  render           | Saved: '/tmp/clearvla_eval_opaque_27424.png'
27:55.122  render           | Saved: '/tmp/clearvla_eval_opaque_27424.png'
27:55.473  render           | Saved: '/tmp/clearvla_eval_opaque_27424.png'
27:55.885  render           | Saved: '/tmp/clearvla_eval_opaque_27424.png'
27:56.228  render           | Saved: '/tmp/clearvla_eval_opaque_27424.png'
27:56.647  render           | Saved: '/tmp/clearvla_eval_opaque_27424.png'
27:57.018  render           | Saved: '/tmp/clearvla_eval_opaque_27424.png'
27:57.432  render           | Saved: '/tmp/clearvla_eval_opaque_27424.png'
27:57.766  render           | Saved: '/tmp/clearvla_eval_opaque_27424.png'
27:58.179  render           | Saved: '/tmp/clearvla_eval_opaque_27424.png'
27:58.527  render           | Saved: '/tmp/clearvla_eval_opaque_27424.png'
27:58.936  render           | Saved: '/tmp/clearvla_eval_opaque_27424.png'
27:59.287  render           | Saved: '/tmp/clearvla_eval_opaque_27424.png'
27:59.694  render           | Saved: '/tmp/clearvla_eval_opaque_27424.png'
28:00.034  render           | Saved: '/tmp/clearvla_eval_opaque_27424.png'
28:00.439  render           | Saved: '/tmp/clearvla_eval_opaque_27424.png'
28:00.779  render           | Saved: '/tmp/clearvla_eval_opaque_27424.png'
28:01.177  render           | Saved: '/tmp/clearvla_eval_opaque_27424.png'
28:01.507  render           | Saved: '/tmp/clearvla_eval_opaque_27424.png'
28:01.912  render           | Saved: '/tmp/clearvla_eval_opaque_27424.png'
28:02.240  render           | Saved: '/tmp/clearvla_eval_opaque_27424.png'
28:02.639  render           | Saved: '/tmp/clearvla_eval_opaque_27424.png'
28:02.971  render           | Saved: '/tmp/clearvla_eval_opaque_27424.png'
28:03.367  render           | Saved: '/tmp/clearvla_eval_opaque_27424.png'
28:03.695  render           | Saved: '/tmp/clearvla_eval_opaque_27424.png'
28:04.096  render           | Saved: '/tmp/clearvla_eval_opaque_27424.png'
28:04.424  render           | Saved: '/tmp/clearvla_eval_opaque_27424.png'
28:04.824  render           | Saved: '/tmp/clearvla_eval_opaque_27424.png'
28:05.159  render           | Saved: '/tmp/clearvla_eval_opaque_27424.png'
28:05.555  render           | Saved: '/tmp/clearvla_eval_opaque_27424.png'
28:05.890  render           | Saved: '/tmp/clearvla_eval_opaque_27424.png'
28:06.293  render           | Saved: '/tmp/clearvla_eval_opaque_27424.png'
28:06.624  render           | Saved: '/tmp/clearvla_eval_opaque_27424.png'
28:07.024  render           | Saved: '/tmp/clearvla_eval_opaque_27424.png'
28:07.359  render           | Saved: '/tmp/clearvla_eval_opaque_27424.png'
28:07.756  render           | Saved: '/tmp/clearvla_eval_opaque_27424.png'
28:08.092  render           | Saved: '/tmp/clearvla_eval_opaque_27424.png'
28:08.494  render           | Saved: '/tmp/clearvla_eval_opaque_27424.png'
28:08.825  render           | Saved: '/tmp/clearvla_eval_opaque_27424.png'
28:09.226  render           | Saved: '/tmp/clearvla_eval_opaque_27424.png'
28:09.567  render           | Saved: '/tmp/clearvla_eval_opaque_27424.png'
28:09.972  render           | Saved: '/tmp/clearvla_eval_opaque_27424.png'
28:10.306  render           | Saved: '/tmp/clearvla_eval_opaque_27424.png'
28:10.696  render           | Saved: '/tmp/clearvla_eval_opaque_27424.png'
28:11.034  render           | Saved: '/tmp/clearvla_eval_opaque_27424.png'
28:11.426  render           | Saved: '/tmp/clearvla_eval_opaque_27424.png'
28:11.762  render           | Saved: '/tmp/clearvla_eval_opaque_27424.png'
28:12.155  render           | Saved: '/tmp/clearvla_eval_opaque_27424.png'
28:12.498  render           | Saved: '/tmp/clearvla_eval_opaque_27424.png'
28:12.901  render           | Saved: '/tmp/clearvla_eval_opaque_27424.png'
28:13.242  render           | Saved: '/tmp/clearvla_eval_opaque_27424.png'
28:13.642  render           | Saved: '/tmp/clearvla_eval_opaque_27424.png'
28:13.977  render           | Saved: '/tmp/clearvla_eval_opaque_27424.png'
28:14.781  render           | Saved: '/tmp/clearvla_eval_opaque_27424.png'
28:15.115  render           | Saved: '/tmp/clearvla_eval_opaque_27424.png'
28:15.525  render           | Saved: '/tmp/clearvla_eval_opaque_27424.png'
28:15.874  render           | Saved: '/tmp/clearvla_eval_opaque_27424.png'
28:16.278  render           | Saved: '/tmp/clearvla_eval_opaque_27424.png'
28:16.617  render           | Saved: '/tmp/clearvla_eval_opaque_27424.png'
28:17.019  render           | Saved: '/tmp/clearvla_eval_opaque_27424.png'
28:17.376  render           | Saved: '/tmp/clearvla_eval_opaque_27424.png'
28:17.778  render           | Saved: '/tmp/clearvla_eval_opaque_27424.png'
28:18.103  render           | Saved: '/tmp/clearvla_eval_opaque_27424.png'
28:18.510  render           | Saved: '/tmp/clearvla_eval_opaque_27424.png'
28:18.840  render           | Saved: '/tmp/clearvla_eval_opaque_27424.png'
28:19.247  render           | Saved: '/tmp/clearvla_eval_opaque_27424.png'
28:19.577  render           | Saved: '/tmp/clearvla_eval_opaque_27424.png'
28:19.995  render           | Saved: '/tmp/clearvla_eval_opaque_27424.png'
28:20.323  render           | Saved: '/tmp/clearvla_eval_opaque_27424.png'
28:20.735  render           | Saved: '/tmp/clearvla_eval_opaque_27424.png'
28:21.063  render           | Saved: '/tmp/clearvla_eval_opaque_27424.png'
28:21.471  render           | Saved: '/tmp/clearvla_eval_opaque_27424.png'
28:21.797  render           | Saved: '/tmp/clearvla_eval_opaque_27424.png'
28:22.207  render           | Saved: '/tmp/clearvla_eval_opaque_27424.png'
28:22.535  render           | Saved: '/tmp/clearvla_eval_opaque_27424.png'
28:22.950  render           | Saved: '/tmp/clearvla_eval_opaque_27424.png'
28:23.278  render           | Saved: '/tmp/clearvla_eval_opaque_27424.png'
28:23.691  render           | Saved: '/tmp/clearvla_eval_opaque_27424.png'
28:24.023  render           | Saved: '/tmp/clearvla_eval_opaque_27424.png'
28:24.431  render           | Saved: '/tmp/clearvla_eval_opaque_27424.png'
28:24.762  render           | Saved: '/tmp/clearvla_eval_opaque_27424.png'
28:25.175  render           | Saved: '/tmp/clearvla_eval_opaque_27424.png'
28:25.505  render           | Saved: '/tmp/clearvla_eval_opaque_27424.png'
28:25.918  render           | Saved: '/tmp/clearvla_eval_opaque_27424.png'
28:26.256  render           | Saved: '/tmp/clearvla_eval_opaque_27424.png'
28:26.658  render           | Saved: '/tmp/clearvla_eval_opaque_27424.png'
28:26.997  render           | Saved: '/tmp/clearvla_eval_opaque_27424.png'
28:27.402  render           | Saved: '/tmp/clearvla_eval_opaque_27424.png'
28:27.740  render           | Saved: '/tmp/clearvla_eval_opaque_27424.png'
28:28.158  render           | Saved: '/tmp/clearvla_eval_opaque_27424.png'
28:28.497  render           | Saved: '/tmp/clearvla_eval_opaque_27424.png'
28:28.907  render           | Saved: '/tmp/clearvla_eval_opaque_27424.png'
28:29.244  render           | Saved: '/tmp/clearvla_eval_opaque_27424.png'
28:29.654  render           | Saved: '/tmp/clearvla_eval_opaque_27424.png'
28:29.978  render           | Saved: '/tmp/clearvla_eval_opaque_27424.png'
28:30.388  render           | Saved: '/tmp/clearvla_eval_opaque_27424.png'
28:30.719  render           | Saved: '/tmp/clearvla_eval_opaque_27424.png'
28:31.134  render           | Saved: '/tmp/clearvla_eval_opaque_27424.png'
28:31.473  render           | Saved: '/tmp/clearvla_eval_opaque_27424.png'
28:31.885  render           | Saved: '/tmp/clearvla_eval_opaque_27424.png'
28:32.211  render           | Saved: '/tmp/clearvla_eval_opaque_27424.png'
28:32.609  render           | Saved: '/tmp/clearvla_eval_opaque_27424.png'
28:32.939  render           | Saved: '/tmp/clearvla_eval_opaque_27424.png'
28:33.331  render           | Saved: '/tmp/clearvla_eval_opaque_27424.png'
28:33.652  render           | Saved: '/tmp/clearvla_eval_opaque_27424.png'
28:34.052  render           | Saved: '/tmp/clearvla_eval_opaque_27424.png'
28:34.390  render           | Saved: '/tmp/clearvla_eval_opaque_27424.png'
28:34.783  render           | Saved: '/tmp/clearvla_eval_opaque_27424.png'
28:35.164  render           | Saved: '/tmp/clearvla_eval_opaque_27424.png'
28:35.578  render           | Saved: '/tmp/clearvla_eval_opaque_27424.png'
28:35.918  render           | Saved: '/tmp/clearvla_eval_opaque_27424.png'
28:36.353  render           | Saved: '/tmp/clearvla_eval_opaque_27424.png'
28:36.688  render           | Saved: '/tmp/clearvla_eval_opaque_27424.png'
28:37.113  render           | Saved: '/tmp/clearvla_eval_opaque_27424.png'
28:37.438  render           | Saved: '/tmp/clearvla_eval_opaque_27424.png'
28:37.872  render           | Saved: '/tmp/clearvla_eval_opaque_27424.png'
28:38.193  render           | Saved: '/tmp/clearvla_eval_opaque_27424.png'
28:38.609  render           | Saved: '/tmp/clearvla_eval_opaque_27424.png'
28:38.943  render           | Saved: '/tmp/clearvla_eval_opaque_27424.png'
28:39.358  render           | Saved: '/tmp/clearvla_eval_opaque_27424.png'
28:39.691  render           | Saved: '/tmp/clearvla_eval_opaque_27424.png'
28:40.108  render           | Saved: '/tmp/clearvla_eval_opaque_27424.png'
28:40.441  render           | Saved: '/tmp/clearvla_eval_opaque_27424.png'
28:40.861  render           | Saved: '/tmp/clearvla_eval_opaque_27424.png'
28:41.189  render           | Saved: '/tmp/clearvla_eval_opaque_27424.png'
28:41.604  render           | Saved: '/tmp/clearvla_eval_opaque_27424.png'
28:41.934  render           | Saved: '/tmp/clearvla_eval_opaque_27424.png'
28:42.352  render           | Saved: '/tmp/clearvla_eval_opaque_27424.png'
28:42.683  render           | Saved: '/tmp/clearvla_eval_opaque_27424.png'
28:43.505  render           | Saved: '/tmp/clearvla_eval_opaque_27424.png'
28:43.846  render           | Saved: '/tmp/clearvla_eval_opaque_27424.png'
28:44.269  render           | Saved: '/tmp/clearvla_eval_opaque_27424.png'
28:44.603  render           | Saved: '/tmp/clearvla_eval_opaque_27424.png'
28:45.004  render           | Saved: '/tmp/clearvla_eval_opaque_27424.png'
28:45.341  render           | Saved: '/tmp/clearvla_eval_opaque_27424.png'
28:45.738  render           | Saved: '/tmp/clearvla_eval_opaque_27424.png'
28:46.075  render           | Saved: '/tmp/clearvla_eval_opaque_27424.png'
28:46.466  render           | Saved: '/tmp/clearvla_eval_opaque_27424.png'
28:46.803  render           | Saved: '/tmp/clearvla_eval_opaque_27424.png'
28:47.192  render           | Saved: '/tmp/clearvla_eval_opaque_27424.png'
28:47.526  render           | Saved: '/tmp/clearvla_eval_opaque_27424.png'
28:47.925  render           | Saved: '/tmp/clearvla_eval_opaque_27424.png'
28:48.251  render           | Saved: '/tmp/clearvla_eval_opaque_27424.png'
28:48.646  render           | Saved: '/tmp/clearvla_eval_opaque_27424.png'
28:48.977  render           | Saved: '/tmp/clearvla_eval_opaque_27424.png'
28:49.372  render           | Saved: '/tmp/clearvla_eval_opaque_27424.png'
28:49.711  render           | Saved: '/tmp/clearvla_eval_opaque_27424.png'
28:50.107  render           | Saved: '/tmp/clearvla_eval_opaque_27424.png'
28:50.438  render           | Saved: '/tmp/clearvla_eval_opaque_27424.png'
28:50.832  render           | Saved: '/tmp/clearvla_eval_opaque_27424.png'
28:51.170  render           | Saved: '/tmp/clearvla_eval_opaque_27424.png'
28:51.563  render           | Saved: '/tmp/clearvla_eval_opaque_27424.png'
28:51.901  render           | Saved: '/tmp/clearvla_eval_opaque_27424.png'
28:52.294  render           | Saved: '/tmp/clearvla_eval_opaque_27424.png'
28:52.624  render           | Saved: '/tmp/clearvla_eval_opaque_27424.png'
28:53.014  render           | Saved: '/tmp/clearvla_eval_opaque_27424.png'
28:53.353  render           | Saved: '/tmp/clearvla_eval_opaque_27424.png'
28:53.748  render           | Saved: '/tmp/clearvla_eval_opaque_27424.png'
28:54.085  render           | Saved: '/tmp/clearvla_eval_opaque_27424.png'
28:54.475  render           | Saved: '/tmp/clearvla_eval_opaque_27424.png'
28:54.812  render           | Saved: '/tmp/clearvla_eval_opaque_27424.png'
28:55.219  render           | Saved: '/tmp/clearvla_eval_opaque_27424.png'
28:55.559  render           | Saved: '/tmp/clearvla_eval_opaque_27424.png'
28:55.977  render           | Saved: '/tmp/clearvla_eval_opaque_27424.png'
28:56.302  render           | Saved: '/tmp/clearvla_eval_opaque_27424.png'
28:56.712  render           | Saved: '/tmp/clearvla_eval_opaque_27424.png'
28:57.061  render           | Saved: '/tmp/clearvla_eval_opaque_27424.png'
28:57.469  render           | Saved: '/tmp/clearvla_eval_opaque_27424.png'
28:57.817  render           | Saved: '/tmp/clearvla_eval_opaque_27424.png'
28:58.227  render           | Saved: '/tmp/clearvla_eval_opaque_27424.png'
28:58.570  render           | Saved: '/tmp/clearvla_eval_opaque_27424.png'
28:58.974  render           | Saved: '/tmp/clearvla_eval_opaque_27424.png'
28:59.314  render           | Saved: '/tmp/clearvla_eval_opaque_27424.png'
29:00.123  render           | Saved: '/tmp/clearvla_eval_opaque_27424.png'
29:00.451  render           | Saved: '/tmp/clearvla_eval_opaque_27424.png'
29:00.856  render           | Saved: '/tmp/clearvla_eval_opaque_27424.png'
29:01.186  render           | Saved: '/tmp/clearvla_eval_opaque_27424.png'
29:01.584  render           | Saved: '/tmp/clearvla_eval_opaque_27424.png'
29:01.914  render           | Saved: '/tmp/clearvla_eval_opaque_27424.png'
29:02.322  render           | Saved: '/tmp/clearvla_eval_opaque_27424.png'
29:02.656  render           | Saved: '/tmp/clearvla_eval_opaque_27424.png'
29:03.054  render           | Saved: '/tmp/clearvla_eval_opaque_27424.png'
29:03.386  render           | Saved: '/tmp/clearvla_eval_opaque_27424.png'
29:03.778  render           | Saved: '/tmp/clearvla_eval_opaque_27424.png'
29:04.120  render           | Saved: '/tmp/clearvla_eval_opaque_27424.png'
29:04.523  render           | Saved: '/tmp/clearvla_eval_opaque_27424.png'
29:04.857  render           | Saved: '/tmp/clearvla_eval_opaque_27424.png'
29:05.257  render           | Saved: '/tmp/clearvla_eval_opaque_27424.png'
29:05.590  render           | Saved: '/tmp/clearvla_eval_opaque_27424.png'
29:05.987  render           | Saved: '/tmp/clearvla_eval_opaque_27424.png'
29:06.323  render           | Saved: '/tmp/clearvla_eval_opaque_27424.png'
29:06.723  render           | Saved: '/tmp/clearvla_eval_opaque_27424.png'
29:07.057  render           | Saved: '/tmp/clearvla_eval_opaque_27424.png'
29:07.454  render           | Saved: '/tmp/clearvla_eval_opaque_27424.png'
29:07.791  render           | Saved: '/tmp/clearvla_eval_opaque_27424.png'
29:08.187  render           | Saved: '/tmp/clearvla_eval_opaque_27424.png'
29:08.517  render           | Saved: '/tmp/clearvla_eval_opaque_27424.png'
29:08.913  render           | Saved: '/tmp/clearvla_eval_opaque_27424.png'
29:09.246  render           | Saved: '/tmp/clearvla_eval_opaque_27424.png'
29:09.640  render           | Saved: '/tmp/clearvla_eval_opaque_27424.png'
29:09.976  render           | Saved: '/tmp/clearvla_eval_opaque_27424.png'
29:10.368  render           | Saved: '/tmp/clearvla_eval_opaque_27424.png'
29:10.703  render           | Saved: '/tmp/clearvla_eval_opaque_27424.png'
29:11.101  render           | Saved: '/tmp/clearvla_eval_opaque_27424.png'
29:11.435  render           | Saved: '/tmp/clearvla_eval_opaque_27424.png'
29:11.828  render           | Saved: '/tmp/clearvla_eval_opaque_27424.png'
29:12.158  render           | Saved: '/tmp/clearvla_eval_opaque_27424.png'
29:12.559  render           | Saved: '/tmp/clearvla_eval_opaque_27424.png'
29:12.896  render           | Saved: '/tmp/clearvla_eval_opaque_27424.png'
29:13.292  render           | Saved: '/tmp/clearvla_eval_opaque_27424.png'
29:13.625  render           | Saved: '/tmp/clearvla_eval_opaque_27424.png'
29:14.019  render           | Saved: '/tmp/clearvla_eval_opaque_27424.png'
29:14.356  render           | Saved: '/tmp/clearvla_eval_opaque_27424.png'
29:14.745  render           | Saved: '/tmp/clearvla_eval_opaque_27424.png'
29:15.080  render           | Saved: '/tmp/clearvla_eval_opaque_27424.png'
29:15.464  render           | Saved: '/tmp/clearvla_eval_opaque_27424.png'
29:15.803  render           | Saved: '/tmp/clearvla_eval_opaque_27424.png'
29:16.196  render           | Saved: '/tmp/clearvla_eval_opaque_27424.png'
29:16.537  render           | Saved: '/tmp/clearvla_eval_opaque_27424.png'
29:16.933  render           | Saved: '/tmp/clearvla_eval_opaque_27424.png'
29:17.266  render           | Saved: '/tmp/clearvla_eval_opaque_27424.png'
29:17.664  render           | Saved: '/tmp/clearvla_eval_opaque_27424.png'
29:17.997  render           | Saved: '/tmp/clearvla_eval_opaque_27424.png'
29:18.400  render           | Saved: '/tmp/clearvla_eval_opaque_27424.png'
29:18.736  render           | Saved: '/tmp/clearvla_eval_opaque_27424.png'
29:19.130  render           | Saved: '/tmp/clearvla_eval_opaque_27424.png'
29:19.472  render           | Saved: '/tmp/clearvla_eval_opaque_27424.png'
29:19.863  render           | Saved: '/tmp/clearvla_eval_opaque_27424.png'
29:20.199  render           | Saved: '/tmp/clearvla_eval_opaque_27424.png'
29:20.591  render           | Saved: '/tmp/clearvla_eval_opaque_27424.png'
29:20.923  render           | Saved: '/tmp/clearvla_eval_opaque_27424.png'
29:21.318  render           | Saved: '/tmp/clearvla_eval_opaque_27424.png'
29:21.654  render           | Saved: '/tmp/clearvla_eval_opaque_27424.png'
29:22.050  render           | Saved: '/tmp/clearvla_eval_opaque_27424.png'
29:22.384  render           | Saved: '/tmp/clearvla_eval_opaque_27424.png'
29:22.775  render           | Saved: '/tmp/clearvla_eval_opaque_27424.png'
29:23.110  render           | Saved: '/tmp/clearvla_eval_opaque_27424.png'
29:23.510  render           | Saved: '/tmp/clearvla_eval_opaque_27424.png'
29:23.854  render           | Saved: '/tmp/clearvla_eval_opaque_27424.png'
29:24.257  render           | Saved: '/tmp/clearvla_eval_opaque_27424.png'
29:24.586  render           | Saved: '/tmp/clearvla_eval_opaque_27424.png'
29:24.993  render           | Saved: '/tmp/clearvla_eval_opaque_27424.png'
29:25.323  render           | Saved: '/tmp/clearvla_eval_opaque_27424.png'
29:25.725  render           | Saved: '/tmp/clearvla_eval_opaque_27424.png'
29:26.055  render           | Saved: '/tmp/clearvla_eval_opaque_27424.png'
29:26.459  render           | Saved: '/tmp/clearvla_eval_opaque_27424.png'
29:26.788  render           | Saved: '/tmp/clearvla_eval_opaque_27424.png'
29:27.190  render           | Saved: '/tmp/clearvla_eval_opaque_27424.png'
29:27.532  render           | Saved: '/tmp/clearvla_eval_opaque_27424.png'
29:28.357  render           | Saved: '/tmp/clearvla_eval_opaque_27424.png'
29:28.684  render           | Saved: '/tmp/clearvla_eval_opaque_27424.png'
29:29.082  render           | Saved: '/tmp/clearvla_eval_opaque_27424.png'
29:29.406  render           | Saved: '/tmp/clearvla_eval_opaque_27424.png'
29:29.804  render           | Saved: '/tmp/clearvla_eval_opaque_27424.png'
29:30.134  render           | Saved: '/tmp/clearvla_eval_opaque_27424.png'
29:30.536  render           | Saved: '/tmp/clearvla_eval_opaque_27424.png'
29:30.878  render           | Saved: '/tmp/clearvla_eval_opaque_27424.png'
29:31.277  render           | Saved: '/tmp/clearvla_eval_opaque_27424.png'
29:31.613  render           | Saved: '/tmp/clearvla_eval_opaque_27424.png'
29:32.010  render           | Saved: '/tmp/clearvla_eval_opaque_27424.png'
29:32.345  render           | Saved: '/tmp/clearvla_eval_opaque_27424.png'
29:32.747  render           | Saved: '/tmp/clearvla_eval_opaque_27424.png'
29:33.083  render           | Saved: '/tmp/clearvla_eval_opaque_27424.png'
29:33.479  render           | Saved: '/tmp/clearvla_eval_opaque_27424.png'
29:33.813  render           | Saved: '/tmp/clearvla_eval_opaque_27424.png'
29:34.213  render           | Saved: '/tmp/clearvla_eval_opaque_27424.png'
29:34.545  render           | Saved: '/tmp/clearvla_eval_opaque_27424.png'
29:34.942  render           | Saved: '/tmp/clearvla_eval_opaque_27424.png'
29:35.282  render           | Saved: '/tmp/clearvla_eval_opaque_27424.png'
29:35.682  render           | Saved: '/tmp/clearvla_eval_opaque_27424.png'
29:36.017  render           | Saved: '/tmp/clearvla_eval_opaque_27424.png'
29:36.417  render           | Saved: '/tmp/clearvla_eval_opaque_27424.png'
29:36.756  render           | Saved: '/tmp/clearvla_eval_opaque_27424.png'
29:37.152  render           | Saved: '/tmp/clearvla_eval_opaque_27424.png'
29:37.489  render           | Saved: '/tmp/clearvla_eval_opaque_27424.png'
29:37.889  render           | Saved: '/tmp/clearvla_eval_opaque_27424.png'
29:38.228  render           | Saved: '/tmp/clearvla_eval_opaque_27424.png'
29:38.635  render           | Saved: '/tmp/clearvla_eval_opaque_27424.png'
29:38.972  render           | Saved: '/tmp/clearvla_eval_opaque_27424.png'
29:39.373  render           | Saved: '/tmp/clearvla_eval_opaque_27424.png'
29:39.710  render           | Saved: '/tmp/clearvla_eval_opaque_27424.png'
29:40.107  render           | Saved: '/tmp/clearvla_eval_opaque_27424.png'
29:40.444  render           | Saved: '/tmp/clearvla_eval_opaque_27424.png'
29:40.844  render           | Saved: '/tmp/clearvla_eval_opaque_27424.png'
29:41.174  render           | Saved: '/tmp/clearvla_eval_opaque_27424.png'
29:41.578  render           | Saved: '/tmp/clearvla_eval_opaque_27424.png'
29:41.908  render           | Saved: '/tmp/clearvla_eval_opaque_27424.png'
29:42.309  render           | Saved: '/tmp/clearvla_eval_opaque_27424.png'
29:42.635  render           | Saved: '/tmp/clearvla_eval_opaque_27424.png'
29:43.039  render           | Saved: '/tmp/clearvla_eval_opaque_27424.png'
29:43.367  render           | Saved: '/tmp/clearvla_eval_opaque_27424.png'
29:43.772  render           | Saved: '/tmp/clearvla_eval_opaque_27424.png'
29:44.107  render           | Saved: '/tmp/clearvla_eval_opaque_27424.png'
29:44.509  render           | Saved: '/tmp/clearvla_eval_opaque_27424.png'
29:44.847  render           | Saved: '/tmp/clearvla_eval_opaque_27424.png'
[quant4/opaque] pour: 15/40  (29.7 min, 16.9 s/ep)
29:45.671  render           | Saved: '/tmp/clearvla_eval_opaque_27424.png'
29:46.007  render           | Saved: '/tmp/clearvla_eval_opaque_27424.png'
29:46.434  render           | Saved: '/tmp/clearvla_eval_opaque_27424.png'
29:46.776  render           | Saved: '/tmp/clearvla_eval_opaque_27424.png'
29:47.185  render           | Saved: '/tmp/clearvla_eval_opaque_27424.png'
29:47.524  render           | Saved: '/tmp/clearvla_eval_opaque_27424.png'
29:47.933  render           | Saved: '/tmp/clearvla_eval_opaque_27424.png'
29:48.272  render           | Saved: '/tmp/clearvla_eval_opaque_27424.png'
29:48.679  render           | Saved: '/tmp/clearvla_eval_opaque_27424.png'
29:49.032  render           | Saved: '/tmp/clearvla_eval_opaque_27424.png'
29:49.438  render           | Saved: '/tmp/clearvla_eval_opaque_27424.png'
29:49.794  render           | Saved: '/tmp/clearvla_eval_opaque_27424.png'
29:50.194  render           | Saved: '/tmp/clearvla_eval_opaque_27424.png'
29:50.546  render           | Saved: '/tmp/clearvla_eval_opaque_27424.png'
29:50.953  render           | Saved: '/tmp/clearvla_eval_opaque_27424.png'
29:51.282  render           | Saved: '/tmp/clearvla_eval_opaque_27424.png'
29:51.690  render           | Saved: '/tmp/clearvla_eval_opaque_27424.png'
29:52.019  render           | Saved: '/tmp/clearvla_eval_opaque_27424.png'
29:52.417  render           | Saved: '/tmp/clearvla_eval_opaque_27424.png'
29:52.747  render           | Saved: '/tmp/clearvla_eval_opaque_27424.png'
29:53.140  render           | Saved: '/tmp/clearvla_eval_opaque_27424.png'
29:53.465  render           | Saved: '/tmp/clearvla_eval_opaque_27424.png'
29:53.868  render           | Saved: '/tmp/clearvla_eval_opaque_27424.png'
29:54.213  render           | Saved: '/tmp/clearvla_eval_opaque_27424.png'
29:54.609  render           | Saved: '/tmp/clearvla_eval_opaque_27424.png'
29:54.991  render           | Saved: '/tmp/clearvla_eval_opaque_27424.png'
29:55.395  render           | Saved: '/tmp/clearvla_eval_opaque_27424.png'
29:55.758  render           | Saved: '/tmp/clearvla_eval_opaque_27424.png'
29:56.170  render           | Saved: '/tmp/clearvla_eval_opaque_27424.png'
29:56.537  render           | Saved: '/tmp/clearvla_eval_opaque_27424.png'
29:56.952  render           | Saved: '/tmp/clearvla_eval_opaque_27424.png'
29:57.302  render           | Saved: '/tmp/clearvla_eval_opaque_27424.png'
29:57.738  render           | Saved: '/tmp/clearvla_eval_opaque_27424.png'
29:58.072  render           | Saved: '/tmp/clearvla_eval_opaque_27424.png'
29:58.510  render           | Saved: '/tmp/clearvla_eval_opaque_27424.png'
29:58.832  render           | Saved: '/tmp/clearvla_eval_opaque_27424.png'
29:59.249  render           | Saved: '/tmp/clearvla_eval_opaque_27424.png'
29:59.576  render           | Saved: '/tmp/clearvla_eval_opaque_27424.png'
29:59.983  render           | Saved: '/tmp/clearvla_eval_opaque_27424.png'
30:00.303  render           | Saved: '/tmp/clearvla_eval_opaque_27424.png'
30:00.715  render           | Saved: '/tmp/clearvla_eval_opaque_27424.png'
30:01.036  render           | Saved: '/tmp/clearvla_eval_opaque_27424.png'
30:01.448  render           | Saved: '/tmp/clearvla_eval_opaque_27424.png'
30:01.772  render           | Saved: '/tmp/clearvla_eval_opaque_27424.png'
30:02.184  render           | Saved: '/tmp/clearvla_eval_opaque_27424.png'
30:02.519  render           | Saved: '/tmp/clearvla_eval_opaque_27424.png'
30:02.934  render           | Saved: '/tmp/clearvla_eval_opaque_27424.png'
30:03.255  render           | Saved: '/tmp/clearvla_eval_opaque_27424.png'
30:03.668  render           | Saved: '/tmp/clearvla_eval_opaque_27424.png'
30:03.992  render           | Saved: '/tmp/clearvla_eval_opaque_27424.png'
30:04.402  render           | Saved: '/tmp/clearvla_eval_opaque_27424.png'
30:04.727  render           | Saved: '/tmp/clearvla_eval_opaque_27424.png'
30:05.139  render           | Saved: '/tmp/clearvla_eval_opaque_27424.png'
30:05.463  render           | Saved: '/tmp/clearvla_eval_opaque_27424.png'
30:05.881  render           | Saved: '/tmp/clearvla_eval_opaque_27424.png'
30:06.207  render           | Saved: '/tmp/clearvla_eval_opaque_27424.png'
30:06.622  render           | Saved: '/tmp/clearvla_eval_opaque_27424.png'
30:06.958  render           | Saved: '/tmp/clearvla_eval_opaque_27424.png'
30:07.374  render           | Saved: '/tmp/clearvla_eval_opaque_27424.png'
30:07.724  render           | Saved: '/tmp/clearvla_eval_opaque_27424.png'
30:08.143  render           | Saved: '/tmp/clearvla_eval_opaque_27424.png'
30:08.494  render           | Saved: '/tmp/clearvla_eval_opaque_27424.png'
30:08.911  render           | Saved: '/tmp/clearvla_eval_opaque_27424.png'
30:09.251  render           | Saved: '/tmp/clearvla_eval_opaque_27424.png'
30:09.665  render           | Saved: '/tmp/clearvla_eval_opaque_27424.png'
30:09.992  render           | Saved: '/tmp/clearvla_eval_opaque_27424.png'
30:10.399  render           | Saved: '/tmp/clearvla_eval_opaque_27424.png'
30:10.724  render           | Saved: '/tmp/clearvla_eval_opaque_27424.png'
30:11.137  render           | Saved: '/tmp/clearvla_eval_opaque_27424.png'
30:11.480  render           | Saved: '/tmp/clearvla_eval_opaque_27424.png'
30:11.890  render           | Saved: '/tmp/clearvla_eval_opaque_27424.png'
30:12.239  render           | Saved: '/tmp/clearvla_eval_opaque_27424.png'
30:12.653  render           | Saved: '/tmp/clearvla_eval_opaque_27424.png'
30:12.986  render           | Saved: '/tmp/clearvla_eval_opaque_27424.png'
30:13.396  render           | Saved: '/tmp/clearvla_eval_opaque_27424.png'
30:13.742  render           | Saved: '/tmp/clearvla_eval_opaque_27424.png'
30:14.559  render           | Saved: '/tmp/clearvla_eval_opaque_27424.png'
30:14.896  render           | Saved: '/tmp/clearvla_eval_opaque_27424.png'
30:15.300  render           | Saved: '/tmp/clearvla_eval_opaque_27424.png'
30:15.631  render           | Saved: '/tmp/clearvla_eval_opaque_27424.png'
30:16.035  render           | Saved: '/tmp/clearvla_eval_opaque_27424.png'
30:16.371  render           | Saved: '/tmp/clearvla_eval_opaque_27424.png'
30:16.765  render           | Saved: '/tmp/clearvla_eval_opaque_27424.png'
30:17.096  render           | Saved: '/tmp/clearvla_eval_opaque_27424.png'
30:17.490  render           | Saved: '/tmp/clearvla_eval_opaque_27424.png'
30:17.825  render           | Saved: '/tmp/clearvla_eval_opaque_27424.png'
30:18.224  render           | Saved: '/tmp/clearvla_eval_opaque_27424.png'
30:18.562  render           | Saved: '/tmp/clearvla_eval_opaque_27424.png'
30:18.961  render           | Saved: '/tmp/clearvla_eval_opaque_27424.png'
30:19.292  render           | Saved: '/tmp/clearvla_eval_opaque_27424.png'
30:19.689  render           | Saved: '/tmp/clearvla_eval_opaque_27424.png'
30:20.028  render           | Saved: '/tmp/clearvla_eval_opaque_27424.png'
30:20.421  render           | Saved: '/tmp/clearvla_eval_opaque_27424.png'
30:20.757  render           | Saved: '/tmp/clearvla_eval_opaque_27424.png'
30:21.161  render           | Saved: '/tmp/clearvla_eval_opaque_27424.png'
30:21.507  render           | Saved: '/tmp/clearvla_eval_opaque_27424.png'
30:21.915  render           | Saved: '/tmp/clearvla_eval_opaque_27424.png'
30:22.244  render           | Saved: '/tmp/clearvla_eval_opaque_27424.png'
30:22.661  render           | Saved: '/tmp/clearvla_eval_opaque_27424.png'
30:22.990  render           | Saved: '/tmp/clearvla_eval_opaque_27424.png'
30:23.397  render           | Saved: '/tmp/clearvla_eval_opaque_27424.png'
30:23.732  render           | Saved: '/tmp/clearvla_eval_opaque_27424.png'
30:24.144  render           | Saved: '/tmp/clearvla_eval_opaque_27424.png'
30:24.501  render           | Saved: '/tmp/clearvla_eval_opaque_27424.png'
30:24.902  render           | Saved: '/tmp/clearvla_eval_opaque_27424.png'
30:25.239  render           | Saved: '/tmp/clearvla_eval_opaque_27424.png'
30:25.651  render           | Saved: '/tmp/clearvla_eval_opaque_27424.png'
30:26.010  render           | Saved: '/tmp/clearvla_eval_opaque_27424.png'
30:26.433  render           | Saved: '/tmp/clearvla_eval_opaque_27424.png'
30:26.770  render           | Saved: '/tmp/clearvla_eval_opaque_27424.png'
30:27.192  render           | Saved: '/tmp/clearvla_eval_opaque_27424.png'
30:27.539  render           | Saved: '/tmp/clearvla_eval_opaque_27424.png'
30:27.947  render           | Saved: '/tmp/clearvla_eval_opaque_27424.png'
30:28.281  render           | Saved: '/tmp/clearvla_eval_opaque_27424.png'
30:28.700  render           | Saved: '/tmp/clearvla_eval_opaque_27424.png'
30:29.051  render           | Saved: '/tmp/clearvla_eval_opaque_27424.png'
30:29.468  render           | Saved: '/tmp/clearvla_eval_opaque_27424.png'
30:29.788  render           | Saved: '/tmp/clearvla_eval_opaque_27424.png'
30:30.211  render           | Saved: '/tmp/clearvla_eval_opaque_27424.png'
30:30.534  render           | Saved: '/tmp/clearvla_eval_opaque_27424.png'
30:30.951  render           | Saved: '/tmp/clearvla_eval_opaque_27424.png'
30:31.285  render           | Saved: '/tmp/clearvla_eval_opaque_27424.png'
30:32.105  render           | Saved: '/tmp/clearvla_eval_opaque_27424.png'
30:32.433  render           | Saved: '/tmp/clearvla_eval_opaque_27424.png'
30:32.845  render           | Saved: '/tmp/clearvla_eval_opaque_27424.png'
30:33.179  render           | Saved: '/tmp/clearvla_eval_opaque_27424.png'
30:33.581  render           | Saved: '/tmp/clearvla_eval_opaque_27424.png'
30:33.917  render           | Saved: '/tmp/clearvla_eval_opaque_27424.png'
30:34.314  render           | Saved: '/tmp/clearvla_eval_opaque_27424.png'
30:34.647  render           | Saved: '/tmp/clearvla_eval_opaque_27424.png'
30:35.045  render           | Saved: '/tmp/clearvla_eval_opaque_27424.png'
30:35.381  render           | Saved: '/tmp/clearvla_eval_opaque_27424.png'
30:35.776  render           | Saved: '/tmp/clearvla_eval_opaque_27424.png'
30:36.108  render           | Saved: '/tmp/clearvla_eval_opaque_27424.png'
30:36.508  render           | Saved: '/tmp/clearvla_eval_opaque_27424.png'
30:36.848  render           | Saved: '/tmp/clearvla_eval_opaque_27424.png'
30:37.243  render           | Saved: '/tmp/clearvla_eval_opaque_27424.png'
30:37.577  render           | Saved: '/tmp/clearvla_eval_opaque_27424.png'
30:37.971  render           | Saved: '/tmp/clearvla_eval_opaque_27424.png'
30:38.303  render           | Saved: '/tmp/clearvla_eval_opaque_27424.png'
30:38.704  render           | Saved: '/tmp/clearvla_eval_opaque_27424.png'
30:39.043  render           | Saved: '/tmp/clearvla_eval_opaque_27424.png'
30:39.452  render           | Saved: '/tmp/clearvla_eval_opaque_27424.png'
30:39.778  render           | Saved: '/tmp/clearvla_eval_opaque_27424.png'
30:40.188  render           | Saved: '/tmp/clearvla_eval_opaque_27424.png'
30:40.516  render           | Saved: '/tmp/clearvla_eval_opaque_27424.png'
30:40.927  render           | Saved: '/tmp/clearvla_eval_opaque_27424.png'
30:41.264  render           | Saved: '/tmp/clearvla_eval_opaque_27424.png'
30:41.684  render           | Saved: '/tmp/clearvla_eval_opaque_27424.png'
30:42.013  render           | Saved: '/tmp/clearvla_eval_opaque_27424.png'
30:42.425  render           | Saved: '/tmp/clearvla_eval_opaque_27424.png'
30:42.758  render           | Saved: '/tmp/clearvla_eval_opaque_27424.png'
30:43.170  render           | Saved: '/tmp/clearvla_eval_opaque_27424.png'
30:43.500  render           | Saved: '/tmp/clearvla_eval_opaque_27424.png'
30:43.909  render           | Saved: '/tmp/clearvla_eval_opaque_27424.png'
30:44.234  render           | Saved: '/tmp/clearvla_eval_opaque_27424.png'
30:44.645  render           | Saved: '/tmp/clearvla_eval_opaque_27424.png'
30:44.969  render           | Saved: '/tmp/clearvla_eval_opaque_27424.png'
30:45.380  render           | Saved: '/tmp/clearvla_eval_opaque_27424.png'
30:45.705  render           | Saved: '/tmp/clearvla_eval_opaque_27424.png'
30:46.120  render           | Saved: '/tmp/clearvla_eval_opaque_27424.png'
30:46.442  render           | Saved: '/tmp/clearvla_eval_opaque_27424.png'
30:46.850  render           | Saved: '/tmp/clearvla_eval_opaque_27424.png'
30:47.170  render           | Saved: '/tmp/clearvla_eval_opaque_27424.png'
30:47.581  render           | Saved: '/tmp/clearvla_eval_opaque_27424.png'
30:47.904  render           | Saved: '/tmp/clearvla_eval_opaque_27424.png'
30:48.315  render           | Saved: '/tmp/clearvla_eval_opaque_27424.png'
30:48.646  render           | Saved: '/tmp/clearvla_eval_opaque_27424.png'
30:49.054  render           | Saved: '/tmp/clearvla_eval_opaque_27424.png'
30:49.385  render           | Saved: '/tmp/clearvla_eval_opaque_27424.png'
30:49.798  render           | Saved: '/tmp/clearvla_eval_opaque_27424.png'
30:50.126  render           | Saved: '/tmp/clearvla_eval_opaque_27424.png'
30:50.532  render           | Saved: '/tmp/clearvla_eval_opaque_27424.png'
30:50.858  render           | Saved: '/tmp/clearvla_eval_opaque_27424.png'
30:51.272  render           | Saved: '/tmp/clearvla_eval_opaque_27424.png'
30:51.599  render           | Saved: '/tmp/clearvla_eval_opaque_27424.png'
30:52.019  render           | Saved: '/tmp/clearvla_eval_opaque_27424.png'
30:52.349  render           | Saved: '/tmp/clearvla_eval_opaque_27424.png'
30:52.762  render           | Saved: '/tmp/clearvla_eval_opaque_27424.png'
30:53.091  render           | Saved: '/tmp/clearvla_eval_opaque_27424.png'
30:53.504  render           | Saved: '/tmp/clearvla_eval_opaque_27424.png'
30:53.837  render           | Saved: '/tmp/clearvla_eval_opaque_27424.png'
30:54.253  render           | Saved: '/tmp/clearvla_eval_opaque_27424.png'
30:54.582  render           | Saved: '/tmp/clearvla_eval_opaque_27424.png'
30:54.988  render           | Saved: '/tmp/clearvla_eval_opaque_27424.png'
30:55.323  render           | Saved: '/tmp/clearvla_eval_opaque_27424.png'
30:55.735  render           | Saved: '/tmp/clearvla_eval_opaque_27424.png'
30:56.074  render           | Saved: '/tmp/clearvla_eval_opaque_27424.png'
30:56.485  render           | Saved: '/tmp/clearvla_eval_opaque_27424.png'
30:56.833  render           | Saved: '/tmp/clearvla_eval_opaque_27424.png'
30:57.234  render           | Saved: '/tmp/clearvla_eval_opaque_27424.png'
30:57.572  render           | Saved: '/tmp/clearvla_eval_opaque_27424.png'
30:57.981  render           | Saved: '/tmp/clearvla_eval_opaque_27424.png'
30:58.323  render           | Saved: '/tmp/clearvla_eval_opaque_27424.png'
30:58.732  render           | Saved: '/tmp/clearvla_eval_opaque_27424.png'
30:59.072  render           | Saved: '/tmp/clearvla_eval_opaque_27424.png'
30:59.484  render           | Saved: '/tmp/clearvla_eval_opaque_27424.png'
30:59.823  render           | Saved: '/tmp/clearvla_eval_opaque_27424.png'
31:00.649  render           | Saved: '/tmp/clearvla_eval_opaque_27424.png'
31:00.991  render           | Saved: '/tmp/clearvla_eval_opaque_27424.png'
31:01.406  render           | Saved: '/tmp/clearvla_eval_opaque_27424.png'
31:01.749  render           | Saved: '/tmp/clearvla_eval_opaque_27424.png'
31:02.165  render           | Saved: '/tmp/clearvla_eval_opaque_27424.png'
31:02.508  render           | Saved: '/tmp/clearvla_eval_opaque_27424.png'
31:02.913  render           | Saved: '/tmp/clearvla_eval_opaque_27424.png'
31:03.263  render           | Saved: '/tmp/clearvla_eval_opaque_27424.png'
31:03.670  render           | Saved: '/tmp/clearvla_eval_opaque_27424.png'
31:04.016  render           | Saved: '/tmp/clearvla_eval_opaque_27424.png'
31:04.425  render           | Saved: '/tmp/clearvla_eval_opaque_27424.png'
31:04.772  render           | Saved: '/tmp/clearvla_eval_opaque_27424.png'
31:05.178  render           | Saved: '/tmp/clearvla_eval_opaque_27424.png'
31:05.528  render           | Saved: '/tmp/clearvla_eval_opaque_27424.png'
31:05.947  render           | Saved: '/tmp/clearvla_eval_opaque_27424.png'
31:06.292  render           | Saved: '/tmp/clearvla_eval_opaque_27424.png'
31:06.702  render           | Saved: '/tmp/clearvla_eval_opaque_27424.png'
31:07.052  render           | Saved: '/tmp/clearvla_eval_opaque_27424.png'
31:07.449  render           | Saved: '/tmp/clearvla_eval_opaque_27424.png'
31:07.788  render           | Saved: '/tmp/clearvla_eval_opaque_27424.png'
31:08.207  render           | Saved: '/tmp/clearvla_eval_opaque_27424.png'
31:08.548  render           | Saved: '/tmp/clearvla_eval_opaque_27424.png'
31:08.965  render           | Saved: '/tmp/clearvla_eval_opaque_27424.png'
31:09.305  render           | Saved: '/tmp/clearvla_eval_opaque_27424.png'
31:09.716  render           | Saved: '/tmp/clearvla_eval_opaque_27424.png'
31:10.059  render           | Saved: '/tmp/clearvla_eval_opaque_27424.png'
31:10.480  render           | Saved: '/tmp/clearvla_eval_opaque_27424.png'
31:10.821  render           | Saved: '/tmp/clearvla_eval_opaque_27424.png'
31:11.241  render           | Saved: '/tmp/clearvla_eval_opaque_27424.png'
31:11.582  render           | Saved: '/tmp/clearvla_eval_opaque_27424.png'
31:12.016  render           | Saved: '/tmp/clearvla_eval_opaque_27424.png'
31:12.342  render           | Saved: '/tmp/clearvla_eval_opaque_27424.png'
31:12.754  render           | Saved: '/tmp/clearvla_eval_opaque_27424.png'
31:13.085  render           | Saved: '/tmp/clearvla_eval_opaque_27424.png'
31:13.500  render           | Saved: '/tmp/clearvla_eval_opaque_27424.png'
31:13.832  render           | Saved: '/tmp/clearvla_eval_opaque_27424.png'
31:14.244  render           | Saved: '/tmp/clearvla_eval_opaque_27424.png'
31:14.586  render           | Saved: '/tmp/clearvla_eval_opaque_27424.png'
31:15.002  render           | Saved: '/tmp/clearvla_eval_opaque_27424.png'
31:15.341  render           | Saved: '/tmp/clearvla_eval_opaque_27424.png'
31:15.758  render           | Saved: '/tmp/clearvla_eval_opaque_27424.png'
31:16.096  render           | Saved: '/tmp/clearvla_eval_opaque_27424.png'
31:16.509  render           | Saved: '/tmp/clearvla_eval_opaque_27424.png'
31:16.848  render           | Saved: '/tmp/clearvla_eval_opaque_27424.png'
31:17.656  render           | Saved: '/tmp/clearvla_eval_opaque_27424.png'
31:17.988  render           | Saved: '/tmp/clearvla_eval_opaque_27424.png'
31:18.389  render           | Saved: '/tmp/clearvla_eval_opaque_27424.png'
31:18.719  render           | Saved: '/tmp/clearvla_eval_opaque_27424.png'
31:19.109  render           | Saved: '/tmp/clearvla_eval_opaque_27424.png'
31:19.439  render           | Saved: '/tmp/clearvla_eval_opaque_27424.png'
31:19.841  render           | Saved: '/tmp/clearvla_eval_opaque_27424.png'
31:20.174  render           | Saved: '/tmp/clearvla_eval_opaque_27424.png'
31:20.570  render           | Saved: '/tmp/clearvla_eval_opaque_27424.png'
31:20.905  render           | Saved: '/tmp/clearvla_eval_opaque_27424.png'
31:21.303  render           | Saved: '/tmp/clearvla_eval_opaque_27424.png'
31:21.647  render           | Saved: '/tmp/clearvla_eval_opaque_27424.png'
31:22.042  render           | Saved: '/tmp/clearvla_eval_opaque_27424.png'
31:22.379  render           | Saved: '/tmp/clearvla_eval_opaque_27424.png'
31:22.778  render           | Saved: '/tmp/clearvla_eval_opaque_27424.png'
31:23.115  render           | Saved: '/tmp/clearvla_eval_opaque_27424.png'
31:23.516  render           | Saved: '/tmp/clearvla_eval_opaque_27424.png'
31:23.855  render           | Saved: '/tmp/clearvla_eval_opaque_27424.png'
31:24.255  render           | Saved: '/tmp/clearvla_eval_opaque_27424.png'
31:24.594  render           | Saved: '/tmp/clearvla_eval_opaque_27424.png'
31:24.994  render           | Saved: '/tmp/clearvla_eval_opaque_27424.png'
31:25.329  render           | Saved: '/tmp/clearvla_eval_opaque_27424.png'
31:25.728  render           | Saved: '/tmp/clearvla_eval_opaque_27424.png'
31:26.070  render           | Saved: '/tmp/clearvla_eval_opaque_27424.png'
31:26.466  render           | Saved: '/tmp/clearvla_eval_opaque_27424.png'
31:26.801  render           | Saved: '/tmp/clearvla_eval_opaque_27424.png'
31:27.196  render           | Saved: '/tmp/clearvla_eval_opaque_27424.png'
31:27.537  render           | Saved: '/tmp/clearvla_eval_opaque_27424.png'
31:27.929  render           | Saved: '/tmp/clearvla_eval_opaque_27424.png'
31:28.263  render           | Saved: '/tmp/clearvla_eval_opaque_27424.png'
31:28.660  render           | Saved: '/tmp/clearvla_eval_opaque_27424.png'
31:28.993  render           | Saved: '/tmp/clearvla_eval_opaque_27424.png'
31:29.387  render           | Saved: '/tmp/clearvla_eval_opaque_27424.png'
31:29.721  render           | Saved: '/tmp/clearvla_eval_opaque_27424.png'
31:30.115  render           | Saved: '/tmp/clearvla_eval_opaque_27424.png'
31:30.437  render           | Saved: '/tmp/clearvla_eval_opaque_27424.png'
31:30.833  render           | Saved: '/tmp/clearvla_eval_opaque_27424.png'
31:31.161  render           | Saved: '/tmp/clearvla_eval_opaque_27424.png'
31:31.552  render           | Saved: '/tmp/clearvla_eval_opaque_27424.png'
31:31.885  render           | Saved: '/tmp/clearvla_eval_opaque_27424.png'
31:32.278  render           | Saved: '/tmp/clearvla_eval_opaque_27424.png'
31:32.605  render           | Saved: '/tmp/clearvla_eval_opaque_27424.png'
31:32.999  render           | Saved: '/tmp/clearvla_eval_opaque_27424.png'
31:33.336  render           | Saved: '/tmp/clearvla_eval_opaque_27424.png'
31:34.167  render           | Saved: '/tmp/clearvla_eval_opaque_27424.png'
31:34.503  render           | Saved: '/tmp/clearvla_eval_opaque_27424.png'
31:34.934  render           | Saved: '/tmp/clearvla_eval_opaque_27424.png'
31:35.273  render           | Saved: '/tmp/clearvla_eval_opaque_27424.png'
31:35.678  render           | Saved: '/tmp/clearvla_eval_opaque_27424.png'
31:36.007  render           | Saved: '/tmp/clearvla_eval_opaque_27424.png'
31:36.410  render           | Saved: '/tmp/clearvla_eval_opaque_27424.png'
31:36.742  render           | Saved: '/tmp/clearvla_eval_opaque_27424.png'
31:37.142  render           | Saved: '/tmp/clearvla_eval_opaque_27424.png'
31:37.474  render           | Saved: '/tmp/clearvla_eval_opaque_27424.png'
31:37.876  render           | Saved: '/tmp/clearvla_eval_opaque_27424.png'
31:38.219  render           | Saved: '/tmp/clearvla_eval_opaque_27424.png'
31:38.626  render           | Saved: '/tmp/clearvla_eval_opaque_27424.png'
31:38.975  render           | Saved: '/tmp/clearvla_eval_opaque_27424.png'
31:39.399  render           | Saved: '/tmp/clearvla_eval_opaque_27424.png'
31:39.742  render           | Saved: '/tmp/clearvla_eval_opaque_27424.png'
31:40.143  render           | Saved: '/tmp/clearvla_eval_opaque_27424.png'
31:40.494  render           | Saved: '/tmp/clearvla_eval_opaque_27424.png'
31:40.895  render           | Saved: '/tmp/clearvla_eval_opaque_27424.png'
31:41.244  render           | Saved: '/tmp/clearvla_eval_opaque_27424.png'
31:41.650  render           | Saved: '/tmp/clearvla_eval_opaque_27424.png'
31:42.000  render           | Saved: '/tmp/clearvla_eval_opaque_27424.png'
31:42.414  render           | Saved: '/tmp/clearvla_eval_opaque_27424.png'
31:42.764  render           | Saved: '/tmp/clearvla_eval_opaque_27424.png'
31:43.173  render           | Saved: '/tmp/clearvla_eval_opaque_27424.png'
31:43.526  render           | Saved: '/tmp/clearvla_eval_opaque_27424.png'
31:43.947  render           | Saved: '/tmp/clearvla_eval_opaque_27424.png'
31:44.297  render           | Saved: '/tmp/clearvla_eval_opaque_27424.png'
31:44.697  render           | Saved: '/tmp/clearvla_eval_opaque_27424.png'
31:45.047  render           | Saved: '/tmp/clearvla_eval_opaque_27424.png'
31:45.473  render           | Saved: '/tmp/clearvla_eval_opaque_27424.png'
31:45.822  render           | Saved: '/tmp/clearvla_eval_opaque_27424.png'
31:46.241  render           | Saved: '/tmp/clearvla_eval_opaque_27424.png'
31:46.588  render           | Saved: '/tmp/clearvla_eval_opaque_27424.png'
31:46.998  render           | Saved: '/tmp/clearvla_eval_opaque_27424.png'
31:47.332  render           | Saved: '/tmp/clearvla_eval_opaque_27424.png'
31:47.744  render           | Saved: '/tmp/clearvla_eval_opaque_27424.png'
31:48.080  render           | Saved: '/tmp/clearvla_eval_opaque_27424.png'
31:48.488  render           | Saved: '/tmp/clearvla_eval_opaque_27424.png'
31:48.822  render           | Saved: '/tmp/clearvla_eval_opaque_27424.png'
31:49.229  render           | Saved: '/tmp/clearvla_eval_opaque_27424.png'
31:49.559  render           | Saved: '/tmp/clearvla_eval_opaque_27424.png'
31:49.965  render           | Saved: '/tmp/clearvla_eval_opaque_27424.png'
31:50.295  render           | Saved: '/tmp/clearvla_eval_opaque_27424.png'
31:50.692  render           | Saved: '/tmp/clearvla_eval_opaque_27424.png'
31:51.020  render           | Saved: '/tmp/clearvla_eval_opaque_27424.png'
31:51.420  render           | Saved: '/tmp/clearvla_eval_opaque_27424.png'
31:51.752  render           | Saved: '/tmp/clearvla_eval_opaque_27424.png'
31:52.148  render           | Saved: '/tmp/clearvla_eval_opaque_27424.png'
31:52.479  render           | Saved: '/tmp/clearvla_eval_opaque_27424.png'
31:53.295  render           | Saved: '/tmp/clearvla_eval_opaque_27424.png'
31:53.627  render           | Saved: '/tmp/clearvla_eval_opaque_27424.png'
31:54.041  render           | Saved: '/tmp/clearvla_eval_opaque_27424.png'
31:54.382  render           | Saved: '/tmp/clearvla_eval_opaque_27424.png'
31:54.788  render           | Saved: '/tmp/clearvla_eval_opaque_27424.png'
31:55.118  render           | Saved: '/tmp/clearvla_eval_opaque_27424.png'
31:55.530  render           | Saved: '/tmp/clearvla_eval_opaque_27424.png'
31:55.862  render           | Saved: '/tmp/clearvla_eval_opaque_27424.png'
31:56.268  render           | Saved: '/tmp/clearvla_eval_opaque_27424.png'
31:56.598  render           | Saved: '/tmp/clearvla_eval_opaque_27424.png'
31:57.003  render           | Saved: '/tmp/clearvla_eval_opaque_27424.png'
31:57.338  render           | Saved: '/tmp/clearvla_eval_opaque_27424.png'
31:57.743  render           | Saved: '/tmp/clearvla_eval_opaque_27424.png'
31:58.075  render           | Saved: '/tmp/clearvla_eval_opaque_27424.png'
31:58.487  render           | Saved: '/tmp/clearvla_eval_opaque_27424.png'
31:58.816  render           | Saved: '/tmp/clearvla_eval_opaque_27424.png'
31:59.226  render           | Saved: '/tmp/clearvla_eval_opaque_27424.png'
31:59.554  render           | Saved: '/tmp/clearvla_eval_opaque_27424.png'
31:59.963  render           | Saved: '/tmp/clearvla_eval_opaque_27424.png'
32:00.312  render           | Saved: '/tmp/clearvla_eval_opaque_27424.png'
32:00.714  render           | Saved: '/tmp/clearvla_eval_opaque_27424.png'
32:01.059  render           | Saved: '/tmp/clearvla_eval_opaque_27424.png'
32:01.462  render           | Saved: '/tmp/clearvla_eval_opaque_27424.png'
32:01.802  render           | Saved: '/tmp/clearvla_eval_opaque_27424.png'
32:02.208  render           | Saved: '/tmp/clearvla_eval_opaque_27424.png'
32:02.562  render           | Saved: '/tmp/clearvla_eval_opaque_27424.png'
32:02.961  render           | Saved: '/tmp/clearvla_eval_opaque_27424.png'
32:03.316  render           | Saved: '/tmp/clearvla_eval_opaque_27424.png'
32:03.734  render           | Saved: '/tmp/clearvla_eval_opaque_27424.png'
32:04.079  render           | Saved: '/tmp/clearvla_eval_opaque_27424.png'
32:04.491  render           | Saved: '/tmp/clearvla_eval_opaque_27424.png'
32:04.822  render           | Saved: '/tmp/clearvla_eval_opaque_27424.png'
32:05.240  render           | Saved: '/tmp/clearvla_eval_opaque_27424.png'
32:05.587  render           | Saved: '/tmp/clearvla_eval_opaque_27424.png'
32:06.004  render           | Saved: '/tmp/clearvla_eval_opaque_27424.png'
32:06.344  render           | Saved: '/tmp/clearvla_eval_opaque_27424.png'
32:06.744  render           | Saved: '/tmp/clearvla_eval_opaque_27424.png'
32:07.082  render           | Saved: '/tmp/clearvla_eval_opaque_27424.png'
32:07.479  render           | Saved: '/tmp/clearvla_eval_opaque_27424.png'
32:07.818  render           | Saved: '/tmp/clearvla_eval_opaque_27424.png'
32:08.209  render           | Saved: '/tmp/clearvla_eval_opaque_27424.png'
32:08.549  render           | Saved: '/tmp/clearvla_eval_opaque_27424.png'
32:08.946  render           | Saved: '/tmp/clearvla_eval_opaque_27424.png'
32:09.282  render           | Saved: '/tmp/clearvla_eval_opaque_27424.png'
32:09.679  render           | Saved: '/tmp/clearvla_eval_opaque_27424.png'
32:10.015  render           | Saved: '/tmp/clearvla_eval_opaque_27424.png'
32:10.407  render           | Saved: '/tmp/clearvla_eval_opaque_27424.png'
32:10.740  render           | Saved: '/tmp/clearvla_eval_opaque_27424.png'
32:11.132  render           | Saved: '/tmp/clearvla_eval_opaque_27424.png'
32:11.466  render           | Saved: '/tmp/clearvla_eval_opaque_27424.png'
32:11.859  render           | Saved: '/tmp/clearvla_eval_opaque_27424.png'
32:12.197  render           | Saved: '/tmp/clearvla_eval_opaque_27424.png'
32:12.589  render           | Saved: '/tmp/clearvla_eval_opaque_27424.png'
32:12.921  render           | Saved: '/tmp/clearvla_eval_opaque_27424.png'
32:13.319  render           | Saved: '/tmp/clearvla_eval_opaque_27424.png'
32:13.658  render           | Saved: '/tmp/clearvla_eval_opaque_27424.png'
32:14.052  render           | Saved: '/tmp/clearvla_eval_opaque_27424.png'
32:14.390  render           | Saved: '/tmp/clearvla_eval_opaque_27424.png'
32:14.784  render           | Saved: '/tmp/clearvla_eval_opaque_27424.png'
32:15.120  render           | Saved: '/tmp/clearvla_eval_opaque_27424.png'
32:15.517  render           | Saved: '/tmp/clearvla_eval_opaque_27424.png'
32:15.849  render           | Saved: '/tmp/clearvla_eval_opaque_27424.png'
32:16.246  render           | Saved: '/tmp/clearvla_eval_opaque_27424.png'
32:16.584  render           | Saved: '/tmp/clearvla_eval_opaque_27424.png'
32:16.986  render           | Saved: '/tmp/clearvla_eval_opaque_27424.png'
32:17.318  render           | Saved: '/tmp/clearvla_eval_opaque_27424.png'
32:17.714  render           | Saved: '/tmp/clearvla_eval_opaque_27424.png'
32:18.050  render           | Saved: '/tmp/clearvla_eval_opaque_27424.png'
32:18.447  render           | Saved: '/tmp/clearvla_eval_opaque_27424.png'
32:18.778  render           | Saved: '/tmp/clearvla_eval_opaque_27424.png'
32:19.168  render           | Saved: '/tmp/clearvla_eval_opaque_27424.png'
32:19.503  render           | Saved: '/tmp/clearvla_eval_opaque_27424.png'
32:19.895  render           | Saved: '/tmp/clearvla_eval_opaque_27424.png'
32:20.237  render           | Saved: '/tmp/clearvla_eval_opaque_27424.png'
32:20.626  render           | Saved: '/tmp/clearvla_eval_opaque_27424.png'
32:20.963  render           | Saved: '/tmp/clearvla_eval_opaque_27424.png'
32:21.826  render           | Saved: '/tmp/clearvla_eval_opaque_27424.png'
32:22.154  render           | Saved: '/tmp/clearvla_eval_opaque_27424.png'
32:22.645  render           | Saved: '/tmp/clearvla_eval_opaque_27424.png'
32:22.967  render           | Saved: '/tmp/clearvla_eval_opaque_27424.png'
32:23.416  render           | Saved: '/tmp/clearvla_eval_opaque_27424.png'
32:23.741  render           | Saved: '/tmp/clearvla_eval_opaque_27424.png'
32:24.169  render           | Saved: '/tmp/clearvla_eval_opaque_27424.png'
32:24.501  render           | Saved: '/tmp/clearvla_eval_opaque_27424.png'
32:24.910  render           | Saved: '/tmp/clearvla_eval_opaque_27424.png'
32:25.253  render           | Saved: '/tmp/clearvla_eval_opaque_27424.png'
32:25.662  render           | Saved: '/tmp/clearvla_eval_opaque_27424.png'
32:25.999  render           | Saved: '/tmp/clearvla_eval_opaque_27424.png'
32:26.418  render           | Saved: '/tmp/clearvla_eval_opaque_27424.png'
32:26.761  render           | Saved: '/tmp/clearvla_eval_opaque_27424.png'
32:27.190  render           | Saved: '/tmp/clearvla_eval_opaque_27424.png'
32:27.521  render           | Saved: '/tmp/clearvla_eval_opaque_27424.png'
32:27.949  render           | Saved: '/tmp/clearvla_eval_opaque_27424.png'
32:28.284  render           | Saved: '/tmp/clearvla_eval_opaque_27424.png'
32:28.713  render           | Saved: '/tmp/clearvla_eval_opaque_27424.png'
32:29.046  render           | Saved: '/tmp/clearvla_eval_opaque_27424.png'
32:29.475  render           | Saved: '/tmp/clearvla_eval_opaque_27424.png'
32:29.805  render           | Saved: '/tmp/clearvla_eval_opaque_27424.png'
32:30.234  render           | Saved: '/tmp/clearvla_eval_opaque_27424.png'
32:30.566  render           | Saved: '/tmp/clearvla_eval_opaque_27424.png'
32:30.996  render           | Saved: '/tmp/clearvla_eval_opaque_27424.png'
32:31.327  render           | Saved: '/tmp/clearvla_eval_opaque_27424.png'
32:31.760  render           | Saved: '/tmp/clearvla_eval_opaque_27424.png'
32:32.093  render           | Saved: '/tmp/clearvla_eval_opaque_27424.png'
32:32.562  render           | Saved: '/tmp/clearvla_eval_opaque_27424.png'
32:32.909  render           | Saved: '/tmp/clearvla_eval_opaque_27424.png'
32:33.334  render           | Saved: '/tmp/clearvla_eval_opaque_27424.png'
32:33.669  render           | Saved: '/tmp/clearvla_eval_opaque_27424.png'
32:34.075  render           | Saved: '/tmp/clearvla_eval_opaque_27424.png'
32:34.409  render           | Saved: '/tmp/clearvla_eval_opaque_27424.png'
32:34.803  render           | Saved: '/tmp/clearvla_eval_opaque_27424.png'
32:35.133  render           | Saved: '/tmp/clearvla_eval_opaque_27424.png'
32:35.533  render           | Saved: '/tmp/clearvla_eval_opaque_27424.png'
32:35.855  render           | Saved: '/tmp/clearvla_eval_opaque_27424.png'
32:36.261  render           | Saved: '/tmp/clearvla_eval_opaque_27424.png'
32:36.587  render           | Saved: '/tmp/clearvla_eval_opaque_27424.png'
32:36.983  render           | Saved: '/tmp/clearvla_eval_opaque_27424.png'
32:37.311  render           | Saved: '/tmp/clearvla_eval_opaque_27424.png'
32:37.711  render           | Saved: '/tmp/clearvla_eval_opaque_27424.png'
32:38.039  render           | Saved: '/tmp/clearvla_eval_opaque_27424.png'
32:38.436  render           | Saved: '/tmp/clearvla_eval_opaque_27424.png'
32:38.775  render           | Saved: '/tmp/clearvla_eval_opaque_27424.png'
32:39.178  render           | Saved: '/tmp/clearvla_eval_opaque_27424.png'
32:39.515  render           | Saved: '/tmp/clearvla_eval_opaque_27424.png'
32:39.911  render           | Saved: '/tmp/clearvla_eval_opaque_27424.png'
32:40.240  render           | Saved: '/tmp/clearvla_eval_opaque_27424.png'
32:40.646  render           | Saved: '/tmp/clearvla_eval_opaque_27424.png'
32:40.973  render           | Saved: '/tmp/clearvla_eval_opaque_27424.png'
32:41.364  render           | Saved: '/tmp/clearvla_eval_opaque_27424.png'
32:41.696  render           | Saved: '/tmp/clearvla_eval_opaque_27424.png'
32:42.090  render           | Saved: '/tmp/clearvla_eval_opaque_27424.png'
32:42.424  render           | Saved: '/tmp/clearvla_eval_opaque_27424.png'
32:42.820  render           | Saved: '/tmp/clearvla_eval_opaque_27424.png'
32:43.154  render           | Saved: '/tmp/clearvla_eval_opaque_27424.png'
32:43.546  render           | Saved: '/tmp/clearvla_eval_opaque_27424.png'
32:43.879  render           | Saved: '/tmp/clearvla_eval_opaque_27424.png'
32:44.277  render           | Saved: '/tmp/clearvla_eval_opaque_27424.png'
32:44.614  render           | Saved: '/tmp/clearvla_eval_opaque_27424.png'
32:45.010  render           | Saved: '/tmp/clearvla_eval_opaque_27424.png'
32:45.342  render           | Saved: '/tmp/clearvla_eval_opaque_27424.png'
32:45.742  render           | Saved: '/tmp/clearvla_eval_opaque_27424.png'
32:46.082  render           | Saved: '/tmp/clearvla_eval_opaque_27424.png'
32:46.484  render           | Saved: '/tmp/clearvla_eval_opaque_27424.png'
32:46.813  render           | Saved: '/tmp/clearvla_eval_opaque_27424.png'
32:47.211  render           | Saved: '/tmp/clearvla_eval_opaque_27424.png'
32:47.548  render           | Saved: '/tmp/clearvla_eval_opaque_27424.png'
32:47.953  render           | Saved: '/tmp/clearvla_eval_opaque_27424.png'
32:48.294  render           | Saved: '/tmp/clearvla_eval_opaque_27424.png'
32:48.698  render           | Saved: '/tmp/clearvla_eval_opaque_27424.png'
32:49.037  render           | Saved: '/tmp/clearvla_eval_opaque_27424.png'
32:49.433  render           | Saved: '/tmp/clearvla_eval_opaque_27424.png'
32:49.768  render           | Saved: '/tmp/clearvla_eval_opaque_27424.png'
32:50.643  render           | Saved: '/tmp/clearvla_eval_opaque_27424.png'
32:50.973  render           | Saved: '/tmp/clearvla_eval_opaque_27424.png'
32:51.437  render           | Saved: '/tmp/clearvla_eval_opaque_27424.png'
32:51.765  render           | Saved: '/tmp/clearvla_eval_opaque_27424.png'
32:52.182  render           | Saved: '/tmp/clearvla_eval_opaque_27424.png'
32:52.520  render           | Saved: '/tmp/clearvla_eval_opaque_27424.png'
32:52.935  render           | Saved: '/tmp/clearvla_eval_opaque_27424.png'
32:53.276  render           | Saved: '/tmp/clearvla_eval_opaque_27424.png'
32:53.685  render           | Saved: '/tmp/clearvla_eval_opaque_27424.png'
32:54.025  render           | Saved: '/tmp/clearvla_eval_opaque_27424.png'
32:54.430  render           | Saved: '/tmp/clearvla_eval_opaque_27424.png'
32:54.763  render           | Saved: '/tmp/clearvla_eval_opaque_27424.png'
32:55.167  render           | Saved: '/tmp/clearvla_eval_opaque_27424.png'
32:55.499  render           | Saved: '/tmp/clearvla_eval_opaque_27424.png'
32:55.911  render           | Saved: '/tmp/clearvla_eval_opaque_27424.png'
32:56.243  render           | Saved: '/tmp/clearvla_eval_opaque_27424.png'
32:56.655  render           | Saved: '/tmp/clearvla_eval_opaque_27424.png'
32:56.987  render           | Saved: '/tmp/clearvla_eval_opaque_27424.png'
32:57.398  render           | Saved: '/tmp/clearvla_eval_opaque_27424.png'
32:57.724  render           | Saved: '/tmp/clearvla_eval_opaque_27424.png'
32:58.133  render           | Saved: '/tmp/clearvla_eval_opaque_27424.png'
32:58.460  render           | Saved: '/tmp/clearvla_eval_opaque_27424.png'
32:58.863  render           | Saved: '/tmp/clearvla_eval_opaque_27424.png'
32:59.195  render           | Saved: '/tmp/clearvla_eval_opaque_27424.png'
32:59.608  render           | Saved: '/tmp/clearvla_eval_opaque_27424.png'
32:59.933  render           | Saved: '/tmp/clearvla_eval_opaque_27424.png'
33:00.340  render           | Saved: '/tmp/clearvla_eval_opaque_27424.png'
33:00.679  render           | Saved: '/tmp/clearvla_eval_opaque_27424.png'
33:01.099  render           | Saved: '/tmp/clearvla_eval_opaque_27424.png'
33:01.458  render           | Saved: '/tmp/clearvla_eval_opaque_27424.png'
33:01.874  render           | Saved: '/tmp/clearvla_eval_opaque_27424.png'
33:02.221  render           | Saved: '/tmp/clearvla_eval_opaque_27424.png'
33:02.633  render           | Saved: '/tmp/clearvla_eval_opaque_27424.png'
33:02.982  render           | Saved: '/tmp/clearvla_eval_opaque_27424.png'
33:03.401  render           | Saved: '/tmp/clearvla_eval_opaque_27424.png'
33:03.751  render           | Saved: '/tmp/clearvla_eval_opaque_27424.png'
33:04.151  render           | Saved: '/tmp/clearvla_eval_opaque_27424.png'
33:04.498  render           | Saved: '/tmp/clearvla_eval_opaque_27424.png'
33:04.906  render           | Saved: '/tmp/clearvla_eval_opaque_27424.png'
33:05.253  render           | Saved: '/tmp/clearvla_eval_opaque_27424.png'
33:05.656  render           | Saved: '/tmp/clearvla_eval_opaque_27424.png'
33:05.995  render           | Saved: '/tmp/clearvla_eval_opaque_27424.png'
33:06.427  render           | Saved: '/tmp/clearvla_eval_opaque_27424.png'
33:06.769  render           | Saved: '/tmp/clearvla_eval_opaque_27424.png'
33:07.187  render           | Saved: '/tmp/clearvla_eval_opaque_27424.png'
33:07.531  render           | Saved: '/tmp/clearvla_eval_opaque_27424.png'
33:07.941  render           | Saved: '/tmp/clearvla_eval_opaque_27424.png'
33:08.284  render           | Saved: '/tmp/clearvla_eval_opaque_27424.png'
33:08.690  render           | Saved: '/tmp/clearvla_eval_opaque_27424.png'
33:09.029  render           | Saved: '/tmp/clearvla_eval_opaque_27424.png'
33:09.423  render           | Saved: '/tmp/clearvla_eval_opaque_27424.png'
33:09.759  render           | Saved: '/tmp/clearvla_eval_opaque_27424.png'
33:10.177  render           | Saved: '/tmp/clearvla_eval_opaque_27424.png'
33:10.505  render           | Saved: '/tmp/clearvla_eval_opaque_27424.png'
33:10.922  render           | Saved: '/tmp/clearvla_eval_opaque_27424.png'
33:11.255  render           | Saved: '/tmp/clearvla_eval_opaque_27424.png'
33:11.680  render           | Saved: '/tmp/clearvla_eval_opaque_27424.png'
33:12.015  render           | Saved: '/tmp/clearvla_eval_opaque_27424.png'
33:12.434  render           | Saved: '/tmp/clearvla_eval_opaque_27424.png'
33:12.767  render           | Saved: '/tmp/clearvla_eval_opaque_27424.png'
33:13.169  render           | Saved: '/tmp/clearvla_eval_opaque_27424.png'
33:13.505  render           | Saved: '/tmp/clearvla_eval_opaque_27424.png'
33:13.910  render           | Saved: '/tmp/clearvla_eval_opaque_27424.png'
33:14.251  render           | Saved: '/tmp/clearvla_eval_opaque_27424.png'
33:14.641  render           | Saved: '/tmp/clearvla_eval_opaque_27424.png'
33:14.976  render           | Saved: '/tmp/clearvla_eval_opaque_27424.png'
33:15.368  render           | Saved: '/tmp/clearvla_eval_opaque_27424.png'
33:15.699  render           | Saved: '/tmp/clearvla_eval_opaque_27424.png'
33:16.087  render           | Saved: '/tmp/clearvla_eval_opaque_27424.png'
33:16.436  render           | Saved: '/tmp/clearvla_eval_opaque_27424.png'
33:16.857  render           | Saved: '/tmp/clearvla_eval_opaque_27424.png'
33:17.212  render           | Saved: '/tmp/clearvla_eval_opaque_27424.png'
33:17.611  render           | Saved: '/tmp/clearvla_eval_opaque_27424.png'
33:17.954  render           | Saved: '/tmp/clearvla_eval_opaque_27424.png'
33:18.364  render           | Saved: '/tmp/clearvla_eval_opaque_27424.png'
33:18.697  render           | Saved: '/tmp/clearvla_eval_opaque_27424.png'
33:19.537  render           | Saved: '/tmp/clearvla_eval_opaque_27424.png'
33:19.896  render           | Saved: '/tmp/clearvla_eval_opaque_27424.png'
33:20.311  render           | Saved: '/tmp/clearvla_eval_opaque_27424.png'
33:20.657  render           | Saved: '/tmp/clearvla_eval_opaque_27424.png'
33:21.073  render           | Saved: '/tmp/clearvla_eval_opaque_27424.png'
33:21.418  render           | Saved: '/tmp/clearvla_eval_opaque_27424.png'
33:21.822  render           | Saved: '/tmp/clearvla_eval_opaque_27424.png'
33:22.165  render           | Saved: '/tmp/clearvla_eval_opaque_27424.png'
33:22.555  render           | Saved: '/tmp/clearvla_eval_opaque_27424.png'
33:22.893  render           | Saved: '/tmp/clearvla_eval_opaque_27424.png'
33:23.284  render           | Saved: '/tmp/clearvla_eval_opaque_27424.png'
33:23.617  render           | Saved: '/tmp/clearvla_eval_opaque_27424.png'
33:24.012  render           | Saved: '/tmp/clearvla_eval_opaque_27424.png'
33:24.349  render           | Saved: '/tmp/clearvla_eval_opaque_27424.png'
33:24.749  render           | Saved: '/tmp/clearvla_eval_opaque_27424.png'
33:25.086  render           | Saved: '/tmp/clearvla_eval_opaque_27424.png'
33:25.492  render           | Saved: '/tmp/clearvla_eval_opaque_27424.png'
33:25.830  render           | Saved: '/tmp/clearvla_eval_opaque_27424.png'
33:26.237  render           | Saved: '/tmp/clearvla_eval_opaque_27424.png'
33:26.567  render           | Saved: '/tmp/clearvla_eval_opaque_27424.png'
33:26.978  render           | Saved: '/tmp/clearvla_eval_opaque_27424.png'
33:27.306  render           | Saved: '/tmp/clearvla_eval_opaque_27424.png'
33:27.715  render           | Saved: '/tmp/clearvla_eval_opaque_27424.png'
33:28.047  render           | Saved: '/tmp/clearvla_eval_opaque_27424.png'
33:28.462  render           | Saved: '/tmp/clearvla_eval_opaque_27424.png'
33:28.794  render           | Saved: '/tmp/clearvla_eval_opaque_27424.png'
33:29.205  render           | Saved: '/tmp/clearvla_eval_opaque_27424.png'
33:29.533  render           | Saved: '/tmp/clearvla_eval_opaque_27424.png'
33:29.941  render           | Saved: '/tmp/clearvla_eval_opaque_27424.png'
33:30.275  render           | Saved: '/tmp/clearvla_eval_opaque_27424.png'
33:30.688  render           | Saved: '/tmp/clearvla_eval_opaque_27424.png'
33:31.019  render           | Saved: '/tmp/clearvla_eval_opaque_27424.png'
33:31.425  render           | Saved: '/tmp/clearvla_eval_opaque_27424.png'
33:31.778  render           | Saved: '/tmp/clearvla_eval_opaque_27424.png'
33:32.184  render           | Saved: '/tmp/clearvla_eval_opaque_27424.png'
33:32.532  render           | Saved: '/tmp/clearvla_eval_opaque_27424.png'
33:32.938  render           | Saved: '/tmp/clearvla_eval_opaque_27424.png'
33:33.276  render           | Saved: '/tmp/clearvla_eval_opaque_27424.png'
33:33.683  render           | Saved: '/tmp/clearvla_eval_opaque_27424.png'
33:34.028  render           | Saved: '/tmp/clearvla_eval_opaque_27424.png'
33:34.451  render           | Saved: '/tmp/clearvla_eval_opaque_27424.png'
33:34.788  render           | Saved: '/tmp/clearvla_eval_opaque_27424.png'
33:35.192  render           | Saved: '/tmp/clearvla_eval_opaque_27424.png'
33:35.535  render           | Saved: '/tmp/clearvla_eval_opaque_27424.png'
33:35.937  render           | Saved: '/tmp/clearvla_eval_opaque_27424.png'
33:36.278  render           | Saved: '/tmp/clearvla_eval_opaque_27424.png'
33:36.700  render           | Saved: '/tmp/clearvla_eval_opaque_27424.png'
33:37.036  render           | Saved: '/tmp/clearvla_eval_opaque_27424.png'
33:37.447  render           | Saved: '/tmp/clearvla_eval_opaque_27424.png'
33:37.786  render           | Saved: '/tmp/clearvla_eval_opaque_27424.png'
33:38.199  render           | Saved: '/tmp/clearvla_eval_opaque_27424.png'
33:38.537  render           | Saved: '/tmp/clearvla_eval_opaque_27424.png'
33:38.967  render           | Saved: '/tmp/clearvla_eval_opaque_27424.png'
33:39.310  render           | Saved: '/tmp/clearvla_eval_opaque_27424.png'
33:39.719  render           | Saved: '/tmp/clearvla_eval_opaque_27424.png'
33:40.046  render           | Saved: '/tmp/clearvla_eval_opaque_27424.png'
33:40.454  render           | Saved: '/tmp/clearvla_eval_opaque_27424.png'
33:40.769  render           | Saved: '/tmp/clearvla_eval_opaque_27424.png'
33:41.184  render           | Saved: '/tmp/clearvla_eval_opaque_27424.png'
33:41.506  render           | Saved: '/tmp/clearvla_eval_opaque_27424.png'
33:41.922  render           | Saved: '/tmp/clearvla_eval_opaque_27424.png'
33:42.242  render           | Saved: '/tmp/clearvla_eval_opaque_27424.png'
33:42.649  render           | Saved: '/tmp/clearvla_eval_opaque_27424.png'
33:42.976  render           | Saved: '/tmp/clearvla_eval_opaque_27424.png'
33:43.370  render           | Saved: '/tmp/clearvla_eval_opaque_27424.png'
33:43.692  render           | Saved: '/tmp/clearvla_eval_opaque_27424.png'
33:44.108  render           | Saved: '/tmp/clearvla_eval_opaque_27424.png'
33:44.431  render           | Saved: '/tmp/clearvla_eval_opaque_27424.png'
33:44.824  render           | Saved: '/tmp/clearvla_eval_opaque_27424.png'
33:45.174  render           | Saved: '/tmp/clearvla_eval_opaque_27424.png'
33:45.606  render           | Saved: '/tmp/clearvla_eval_opaque_27424.png'
33:45.985  render           | Saved: '/tmp/clearvla_eval_opaque_27424.png'
33:46.440  render           | Saved: '/tmp/clearvla_eval_opaque_27424.png'
33:46.789  render           | Saved: '/tmp/clearvla_eval_opaque_27424.png'
33:47.194  render           | Saved: '/tmp/clearvla_eval_opaque_27424.png'
33:47.542  render           | Saved: '/tmp/clearvla_eval_opaque_27424.png'
[quant4/opaque] pour: 19/50  (33.7 min, 28.4 s/ep)
33:48.410  render           | Saved: '/tmp/clearvla_eval_opaque_27424.png'
33:48.768  render           | Saved: '/tmp/clearvla_eval_opaque_27424.png'
33:49.232  render           | Saved: '/tmp/clearvla_eval_opaque_27424.png'
33:49.573  render           | Saved: '/tmp/clearvla_eval_opaque_27424.png'
33:49.990  render           | Saved: '/tmp/clearvla_eval_opaque_27424.png'
33:50.338  render           | Saved: '/tmp/clearvla_eval_opaque_27424.png'
33:50.771  render           | Saved: '/tmp/clearvla_eval_opaque_27424.png'
33:51.112  render           | Saved: '/tmp/clearvla_eval_opaque_27424.png'
33:51.527  render           | Saved: '/tmp/clearvla_eval_opaque_27424.png'
33:51.871  render           | Saved: '/tmp/clearvla_eval_opaque_27424.png'
33:52.287  render           | Saved: '/tmp/clearvla_eval_opaque_27424.png'
33:52.635  render           | Saved: '/tmp/clearvla_eval_opaque_27424.png'
33:53.065  render           | Saved: '/tmp/clearvla_eval_opaque_27424.png'
33:53.427  render           | Saved: '/tmp/clearvla_eval_opaque_27424.png'
33:53.868  render           | Saved: '/tmp/clearvla_eval_opaque_27424.png'
33:54.212  render           | Saved: '/tmp/clearvla_eval_opaque_27424.png'
33:54.611  render           | Saved: '/tmp/clearvla_eval_opaque_27424.png'
33:54.957  render           | Saved: '/tmp/clearvla_eval_opaque_27424.png'
33:55.371  render           | Saved: '/tmp/clearvla_eval_opaque_27424.png'
33:55.707  render           | Saved: '/tmp/clearvla_eval_opaque_27424.png'
33:56.554  render           | Saved: '/tmp/clearvla_eval_opaque_27424.png'
33:56.900  render           | Saved: '/tmp/clearvla_eval_opaque_27424.png'
33:57.322  render           | Saved: '/tmp/clearvla_eval_opaque_27424.png'
33:57.664  render           | Saved: '/tmp/clearvla_eval_opaque_27424.png'
33:58.084  render           | Saved: '/tmp/clearvla_eval_opaque_27424.png'
33:58.428  render           | Saved: '/tmp/clearvla_eval_opaque_27424.png'
33:58.842  render           | Saved: '/tmp/clearvla_eval_opaque_27424.png'
33:59.189  render           | Saved: '/tmp/clearvla_eval_opaque_27424.png'
33:59.598  render           | Saved: '/tmp/clearvla_eval_opaque_27424.png'
33:59.945  render           | Saved: '/tmp/clearvla_eval_opaque_27424.png'
34:00.359  render           | Saved: '/tmp/clearvla_eval_opaque_27424.png'
34:00.700  render           | Saved: '/tmp/clearvla_eval_opaque_27424.png'
34:01.136  render           | Saved: '/tmp/clearvla_eval_opaque_27424.png'
34:01.501  render           | Saved: '/tmp/clearvla_eval_opaque_27424.png'
34:01.910  render           | Saved: '/tmp/clearvla_eval_opaque_27424.png'
34:02.248  render           | Saved: '/tmp/clearvla_eval_opaque_27424.png'
34:02.670  render           | Saved: '/tmp/clearvla_eval_opaque_27424.png'
34:03.004  render           | Saved: '/tmp/clearvla_eval_opaque_27424.png'
34:03.869  render           | Saved: '/tmp/clearvla_eval_opaque_27424.png'
34:04.230  render           | Saved: '/tmp/clearvla_eval_opaque_27424.png'
34:04.672  render           | Saved: '/tmp/clearvla_eval_opaque_27424.png'
34:05.033  render           | Saved: '/tmp/clearvla_eval_opaque_27424.png'
34:05.464  render           | Saved: '/tmp/clearvla_eval_opaque_27424.png'
34:05.808  render           | Saved: '/tmp/clearvla_eval_opaque_27424.png'
34:06.235  render           | Saved: '/tmp/clearvla_eval_opaque_27424.png'
34:06.581  render           | Saved: '/tmp/clearvla_eval_opaque_27424.png'
34:06.994  render           | Saved: '/tmp/clearvla_eval_opaque_27424.png'
34:07.340  render           | Saved: '/tmp/clearvla_eval_opaque_27424.png'
34:07.763  render           | Saved: '/tmp/clearvla_eval_opaque_27424.png'
34:08.110  render           | Saved: '/tmp/clearvla_eval_opaque_27424.png'
34:08.543  render           | Saved: '/tmp/clearvla_eval_opaque_27424.png'
34:08.905  render           | Saved: '/tmp/clearvla_eval_opaque_27424.png'
34:09.317  render           | Saved: '/tmp/clearvla_eval_opaque_27424.png'
34:09.649  render           | Saved: '/tmp/clearvla_eval_opaque_27424.png'
34:10.078  render           | Saved: '/tmp/clearvla_eval_opaque_27424.png'
34:10.413  render           | Saved: '/tmp/clearvla_eval_opaque_27424.png'
34:11.277  render           | Saved: '/tmp/clearvla_eval_opaque_27424.png'
34:11.624  render           | Saved: '/tmp/clearvla_eval_opaque_27424.png'
34:12.051  render           | Saved: '/tmp/clearvla_eval_opaque_27424.png'
34:12.396  render           | Saved: '/tmp/clearvla_eval_opaque_27424.png'
34:12.814  render           | Saved: '/tmp/clearvla_eval_opaque_27424.png'
34:13.158  render           | Saved: '/tmp/clearvla_eval_opaque_27424.png'
34:13.570  render           | Saved: '/tmp/clearvla_eval_opaque_27424.png'
34:13.918  render           | Saved: '/tmp/clearvla_eval_opaque_27424.png'
34:14.334  render           | Saved: '/tmp/clearvla_eval_opaque_27424.png'
34:14.681  render           | Saved: '/tmp/clearvla_eval_opaque_27424.png'
34:15.099  render           | Saved: '/tmp/clearvla_eval_opaque_27424.png'
34:15.448  render           | Saved: '/tmp/clearvla_eval_opaque_27424.png'
34:15.884  render           | Saved: '/tmp/clearvla_eval_opaque_27424.png'
34:16.251  render           | Saved: '/tmp/clearvla_eval_opaque_27424.png'
34:16.692  render           | Saved: '/tmp/clearvla_eval_opaque_27424.png'
34:17.056  render           | Saved: '/tmp/clearvla_eval_opaque_27424.png'
34:17.465  render           | Saved: '/tmp/clearvla_eval_opaque_27424.png'
34:17.804  render           | Saved: '/tmp/clearvla_eval_opaque_27424.png'
34:18.220  render           | Saved: '/tmp/clearvla_eval_opaque_27424.png'
34:18.563  render           | Saved: '/tmp/clearvla_eval_opaque_27424.png'
34:19.373  render           | Saved: '/tmp/clearvla_eval_opaque_27424.png'
34:19.710  render           | Saved: '/tmp/clearvla_eval_opaque_27424.png'
34:20.119  render           | Saved: '/tmp/clearvla_eval_opaque_27424.png'
34:20.449  render           | Saved: '/tmp/clearvla_eval_opaque_27424.png'
34:20.848  render           | Saved: '/tmp/clearvla_eval_opaque_27424.png'
34:21.180  render           | Saved: '/tmp/clearvla_eval_opaque_27424.png'
34:21.574  render           | Saved: '/tmp/clearvla_eval_opaque_27424.png'
34:21.902  render           | Saved: '/tmp/clearvla_eval_opaque_27424.png'
34:22.299  render           | Saved: '/tmp/clearvla_eval_opaque_27424.png'
34:22.629  render           | Saved: '/tmp/clearvla_eval_opaque_27424.png'
34:23.034  render           | Saved: '/tmp/clearvla_eval_opaque_27424.png'
34:23.372  render           | Saved: '/tmp/clearvla_eval_opaque_27424.png'
34:23.773  render           | Saved: '/tmp/clearvla_eval_opaque_27424.png'
34:24.105  render           | Saved: '/tmp/clearvla_eval_opaque_27424.png'
34:24.509  render           | Saved: '/tmp/clearvla_eval_opaque_27424.png'
34:24.847  render           | Saved: '/tmp/clearvla_eval_opaque_27424.png'
34:25.251  render           | Saved: '/tmp/clearvla_eval_opaque_27424.png'
34:25.575  render           | Saved: '/tmp/clearvla_eval_opaque_27424.png'
34:25.989  render           | Saved: '/tmp/clearvla_eval_opaque_27424.png'
34:26.315  render           | Saved: '/tmp/clearvla_eval_opaque_27424.png'
34:26.725  render           | Saved: '/tmp/clearvla_eval_opaque_27424.png'
34:27.055  render           | Saved: '/tmp/clearvla_eval_opaque_27424.png'
34:27.463  render           | Saved: '/tmp/clearvla_eval_opaque_27424.png'
34:27.793  render           | Saved: '/tmp/clearvla_eval_opaque_27424.png'
34:28.195  render           | Saved: '/tmp/clearvla_eval_opaque_27424.png'
34:28.522  render           | Saved: '/tmp/clearvla_eval_opaque_27424.png'
34:28.917  render           | Saved: '/tmp/clearvla_eval_opaque_27424.png'
34:29.255  render           | Saved: '/tmp/clearvla_eval_opaque_27424.png'
34:29.644  render           | Saved: '/tmp/clearvla_eval_opaque_27424.png'
34:29.975  render           | Saved: '/tmp/clearvla_eval_opaque_27424.png'
34:30.391  render           | Saved: '/tmp/clearvla_eval_opaque_27424.png'
34:30.761  render           | Saved: '/tmp/clearvla_eval_opaque_27424.png'
34:31.197  render           | Saved: '/tmp/clearvla_eval_opaque_27424.png'
34:31.554  render           | Saved: '/tmp/clearvla_eval_opaque_27424.png'
34:31.986  render           | Saved: '/tmp/clearvla_eval_opaque_27424.png'
34:32.330  render           | Saved: '/tmp/clearvla_eval_opaque_27424.png'
34:32.729  render           | Saved: '/tmp/clearvla_eval_opaque_27424.png'
34:33.074  render           | Saved: '/tmp/clearvla_eval_opaque_27424.png'
34:33.489  render           | Saved: '/tmp/clearvla_eval_opaque_27424.png'
34:33.831  render           | Saved: '/tmp/clearvla_eval_opaque_27424.png'
34:34.245  render           | Saved: '/tmp/clearvla_eval_opaque_27424.png'
34:34.580  render           | Saved: '/tmp/clearvla_eval_opaque_27424.png'
34:34.978  render           | Saved: '/tmp/clearvla_eval_opaque_27424.png'
34:35.308  render           | Saved: '/tmp/clearvla_eval_opaque_27424.png'
34:35.716  render           | Saved: '/tmp/clearvla_eval_opaque_27424.png'
34:36.038  render           | Saved: '/tmp/clearvla_eval_opaque_27424.png'
34:36.450  render           | Saved: '/tmp/clearvla_eval_opaque_27424.png'
34:36.778  render           | Saved: '/tmp/clearvla_eval_opaque_27424.png'
34:37.190  render           | Saved: '/tmp/clearvla_eval_opaque_27424.png'
34:37.518  render           | Saved: '/tmp/clearvla_eval_opaque_27424.png'
34:37.933  render           | Saved: '/tmp/clearvla_eval_opaque_27424.png'
34:38.260  render           | Saved: '/tmp/clearvla_eval_opaque_27424.png'
34:38.669  render           | Saved: '/tmp/clearvla_eval_opaque_27424.png'
34:38.997  render           | Saved: '/tmp/clearvla_eval_opaque_27424.png'
34:39.400  render           | Saved: '/tmp/clearvla_eval_opaque_27424.png'
34:39.728  render           | Saved: '/tmp/clearvla_eval_opaque_27424.png'
34:40.126  render           | Saved: '/tmp/clearvla_eval_opaque_27424.png'
34:40.450  render           | Saved: '/tmp/clearvla_eval_opaque_27424.png'
34:40.845  render           | Saved: '/tmp/clearvla_eval_opaque_27424.png'
34:41.166  render           | Saved: '/tmp/clearvla_eval_opaque_27424.png'
34:41.558  render           | Saved: '/tmp/clearvla_eval_opaque_27424.png'
34:41.892  render           | Saved: '/tmp/clearvla_eval_opaque_27424.png'
34:42.279  render           | Saved: '/tmp/clearvla_eval_opaque_27424.png'
34:42.659  render           | Saved: '/tmp/clearvla_eval_opaque_27424.png'
34:43.054  render           | Saved: '/tmp/clearvla_eval_opaque_27424.png'
34:43.423  render           | Saved: '/tmp/clearvla_eval_opaque_27424.png'
34:43.836  render           | Saved: '/tmp/clearvla_eval_opaque_27424.png'
34:44.175  render           | Saved: '/tmp/clearvla_eval_opaque_27424.png'
34:44.602  render           | Saved: '/tmp/clearvla_eval_opaque_27424.png'
34:44.929  render           | Saved: '/tmp/clearvla_eval_opaque_27424.png'
34:45.341  render           | Saved: '/tmp/clearvla_eval_opaque_27424.png'
34:45.681  render           | Saved: '/tmp/clearvla_eval_opaque_27424.png'
34:46.096  render           | Saved: '/tmp/clearvla_eval_opaque_27424.png'
34:46.434  render           | Saved: '/tmp/clearvla_eval_opaque_27424.png'
34:46.848  render           | Saved: '/tmp/clearvla_eval_opaque_27424.png'
34:47.182  render           | Saved: '/tmp/clearvla_eval_opaque_27424.png'
34:48.001  render           | Saved: '/tmp/clearvla_eval_opaque_27424.png'
34:48.331  render           | Saved: '/tmp/clearvla_eval_opaque_27424.png'
34:48.786  render           | Saved: '/tmp/clearvla_eval_opaque_27424.png'
34:49.126  render           | Saved: '/tmp/clearvla_eval_opaque_27424.png'
34:49.526  render           | Saved: '/tmp/clearvla_eval_opaque_27424.png'
34:49.862  render           | Saved: '/tmp/clearvla_eval_opaque_27424.png'
34:50.280  render           | Saved: '/tmp/clearvla_eval_opaque_27424.png'
34:50.611  render           | Saved: '/tmp/clearvla_eval_opaque_27424.png'
34:51.020  render           | Saved: '/tmp/clearvla_eval_opaque_27424.png'
34:51.345  render           | Saved: '/tmp/clearvla_eval_opaque_27424.png'
34:51.753  render           | Saved: '/tmp/clearvla_eval_opaque_27424.png'
34:52.077  render           | Saved: '/tmp/clearvla_eval_opaque_27424.png'
34:52.488  render           | Saved: '/tmp/clearvla_eval_opaque_27424.png'
34:52.818  render           | Saved: '/tmp/clearvla_eval_opaque_27424.png'
34:53.232  render           | Saved: '/tmp/clearvla_eval_opaque_27424.png'
34:53.564  render           | Saved: '/tmp/clearvla_eval_opaque_27424.png'
34:53.969  render           | Saved: '/tmp/clearvla_eval_opaque_27424.png'
34:54.294  render           | Saved: '/tmp/clearvla_eval_opaque_27424.png'
34:54.701  render           | Saved: '/tmp/clearvla_eval_opaque_27424.png'
34:55.029  render           | Saved: '/tmp/clearvla_eval_opaque_27424.png'
34:55.847  render           | Saved: '/tmp/clearvla_eval_opaque_27424.png'
34:56.171  render           | Saved: '/tmp/clearvla_eval_opaque_27424.png'
34:56.598  render           | Saved: '/tmp/clearvla_eval_opaque_27424.png'
34:56.923  render           | Saved: '/tmp/clearvla_eval_opaque_27424.png'
34:57.334  render           | Saved: '/tmp/clearvla_eval_opaque_27424.png'
34:57.660  render           | Saved: '/tmp/clearvla_eval_opaque_27424.png'
34:58.072  render           | Saved: '/tmp/clearvla_eval_opaque_27424.png'
34:58.400  render           | Saved: '/tmp/clearvla_eval_opaque_27424.png'
34:58.812  render           | Saved: '/tmp/clearvla_eval_opaque_27424.png'
34:59.141  render           | Saved: '/tmp/clearvla_eval_opaque_27424.png'
34:59.557  render           | Saved: '/tmp/clearvla_eval_opaque_27424.png'
34:59.885  render           | Saved: '/tmp/clearvla_eval_opaque_27424.png'
35:00.295  render           | Saved: '/tmp/clearvla_eval_opaque_27424.png'
35:00.623  render           | Saved: '/tmp/clearvla_eval_opaque_27424.png'
35:01.037  render           | Saved: '/tmp/clearvla_eval_opaque_27424.png'
35:01.389  render           | Saved: '/tmp/clearvla_eval_opaque_27424.png'
35:01.789  render           | Saved: '/tmp/clearvla_eval_opaque_27424.png'
35:02.126  render           | Saved: '/tmp/clearvla_eval_opaque_27424.png'
35:02.528  render           | Saved: '/tmp/clearvla_eval_opaque_27424.png'
35:02.857  render           | Saved: '/tmp/clearvla_eval_opaque_27424.png'
35:03.664  render           | Saved: '/tmp/clearvla_eval_opaque_27424.png'
35:03.991  render           | Saved: '/tmp/clearvla_eval_opaque_27424.png'
35:04.422  render           | Saved: '/tmp/clearvla_eval_opaque_27424.png'
35:04.750  render           | Saved: '/tmp/clearvla_eval_opaque_27424.png'
35:05.162  render           | Saved: '/tmp/clearvla_eval_opaque_27424.png'
35:05.488  render           | Saved: '/tmp/clearvla_eval_opaque_27424.png'
35:05.903  render           | Saved: '/tmp/clearvla_eval_opaque_27424.png'
35:06.233  render           | Saved: '/tmp/clearvla_eval_opaque_27424.png'
35:06.644  render           | Saved: '/tmp/clearvla_eval_opaque_27424.png'
35:06.966  render           | Saved: '/tmp/clearvla_eval_opaque_27424.png'
35:07.381  render           | Saved: '/tmp/clearvla_eval_opaque_27424.png'
35:07.708  render           | Saved: '/tmp/clearvla_eval_opaque_27424.png'
35:08.123  render           | Saved: '/tmp/clearvla_eval_opaque_27424.png'
35:08.462  render           | Saved: '/tmp/clearvla_eval_opaque_27424.png'
35:08.876  render           | Saved: '/tmp/clearvla_eval_opaque_27424.png'
35:09.208  render           | Saved: '/tmp/clearvla_eval_opaque_27424.png'
35:09.616  render           | Saved: '/tmp/clearvla_eval_opaque_27424.png'
35:09.963  render           | Saved: '/tmp/clearvla_eval_opaque_27424.png'
35:10.363  render           | Saved: '/tmp/clearvla_eval_opaque_27424.png'
35:10.700  render           | Saved: '/tmp/clearvla_eval_opaque_27424.png'
35:11.527  render           | Saved: '/tmp/clearvla_eval_opaque_27424.png'
35:11.851  render           | Saved: '/tmp/clearvla_eval_opaque_27424.png'
35:12.269  render           | Saved: '/tmp/clearvla_eval_opaque_27424.png'
35:12.605  render           | Saved: '/tmp/clearvla_eval_opaque_27424.png'
35:13.021  render           | Saved: '/tmp/clearvla_eval_opaque_27424.png'
35:13.344  render           | Saved: '/tmp/clearvla_eval_opaque_27424.png'
35:13.761  render           | Saved: '/tmp/clearvla_eval_opaque_27424.png'
35:14.085  render           | Saved: '/tmp/clearvla_eval_opaque_27424.png'
35:14.495  render           | Saved: '/tmp/clearvla_eval_opaque_27424.png'
35:14.817  render           | Saved: '/tmp/clearvla_eval_opaque_27424.png'
35:15.232  render           | Saved: '/tmp/clearvla_eval_opaque_27424.png'
35:15.558  render           | Saved: '/tmp/clearvla_eval_opaque_27424.png'
35:15.976  render           | Saved: '/tmp/clearvla_eval_opaque_27424.png'
35:16.311  render           | Saved: '/tmp/clearvla_eval_opaque_27424.png'
35:16.732  render           | Saved: '/tmp/clearvla_eval_opaque_27424.png'
35:17.065  render           | Saved: '/tmp/clearvla_eval_opaque_27424.png'
35:17.476  render           | Saved: '/tmp/clearvla_eval_opaque_27424.png'
35:17.830  render           | Saved: '/tmp/clearvla_eval_opaque_27424.png'
35:18.231  render           | Saved: '/tmp/clearvla_eval_opaque_27424.png'
35:18.573  render           | Saved: '/tmp/clearvla_eval_opaque_27424.png'
35:19.395  render           | Saved: '/tmp/clearvla_eval_opaque_27424.png'
35:19.721  render           | Saved: '/tmp/clearvla_eval_opaque_27424.png'
35:20.138  render           | Saved: '/tmp/clearvla_eval_opaque_27424.png'
35:20.490  render           | Saved: '/tmp/clearvla_eval_opaque_27424.png'
35:20.903  render           | Saved: '/tmp/clearvla_eval_opaque_27424.png'
35:21.231  render           | Saved: '/tmp/clearvla_eval_opaque_27424.png'
35:21.652  render           | Saved: '/tmp/clearvla_eval_opaque_27424.png'
35:21.978  render           | Saved: '/tmp/clearvla_eval_opaque_27424.png'
35:22.386  render           | Saved: '/tmp/clearvla_eval_opaque_27424.png'
35:22.711  render           | Saved: '/tmp/clearvla_eval_opaque_27424.png'
35:23.126  render           | Saved: '/tmp/clearvla_eval_opaque_27424.png'
35:23.454  render           | Saved: '/tmp/clearvla_eval_opaque_27424.png'
35:23.865  render           | Saved: '/tmp/clearvla_eval_opaque_27424.png'
35:24.192  render           | Saved: '/tmp/clearvla_eval_opaque_27424.png'
35:24.634  render           | Saved: '/tmp/clearvla_eval_opaque_27424.png'
35:24.974  render           | Saved: '/tmp/clearvla_eval_opaque_27424.png'
35:25.390  render           | Saved: '/tmp/clearvla_eval_opaque_27424.png'
35:25.729  render           | Saved: '/tmp/clearvla_eval_opaque_27424.png'
[quant4/opaque] insert: 9/10  (35.3 min, 6.7 s/ep)
35:26.593  render           | Saved: '/tmp/clearvla_eval_opaque_27424.png'
35:26.925  render           | Saved: '/tmp/clearvla_eval_opaque_27424.png'
35:27.365  render           | Saved: '/tmp/clearvla_eval_opaque_27424.png'
35:27.692  render           | Saved: '/tmp/clearvla_eval_opaque_27424.png'
35:28.128  render           | Saved: '/tmp/clearvla_eval_opaque_27424.png'
35:28.463  render           | Saved: '/tmp/clearvla_eval_opaque_27424.png'
35:28.897  render           | Saved: '/tmp/clearvla_eval_opaque_27424.png'
35:29.233  render           | Saved: '/tmp/clearvla_eval_opaque_27424.png'
35:29.649  render           | Saved: '/tmp/clearvla_eval_opaque_27424.png'
35:29.980  render           | Saved: '/tmp/clearvla_eval_opaque_27424.png'
35:30.394  render           | Saved: '/tmp/clearvla_eval_opaque_27424.png'
35:30.740  render           | Saved: '/tmp/clearvla_eval_opaque_27424.png'
35:31.161  render           | Saved: '/tmp/clearvla_eval_opaque_27424.png'
35:31.498  render           | Saved: '/tmp/clearvla_eval_opaque_27424.png'
35:31.918  render           | Saved: '/tmp/clearvla_eval_opaque_27424.png'
35:32.260  render           | Saved: '/tmp/clearvla_eval_opaque_27424.png'
35:32.672  render           | Saved: '/tmp/clearvla_eval_opaque_27424.png'
35:33.012  render           | Saved: '/tmp/clearvla_eval_opaque_27424.png'
35:33.846  render           | Saved: '/tmp/clearvla_eval_opaque_27424.png'
35:34.172  render           | Saved: '/tmp/clearvla_eval_opaque_27424.png'
35:34.588  render           | Saved: '/tmp/clearvla_eval_opaque_27424.png'
35:34.942  render           | Saved: '/tmp/clearvla_eval_opaque_27424.png'
35:35.364  render           | Saved: '/tmp/clearvla_eval_opaque_27424.png'
35:35.701  render           | Saved: '/tmp/clearvla_eval_opaque_27424.png'
35:36.111  render           | Saved: '/tmp/clearvla_eval_opaque_27424.png'
35:36.442  render           | Saved: '/tmp/clearvla_eval_opaque_27424.png'
35:36.856  render           | Saved: '/tmp/clearvla_eval_opaque_27424.png'
35:37.186  render           | Saved: '/tmp/clearvla_eval_opaque_27424.png'
35:37.603  render           | Saved: '/tmp/clearvla_eval_opaque_27424.png'
35:37.956  render           | Saved: '/tmp/clearvla_eval_opaque_27424.png'
35:38.362  render           | Saved: '/tmp/clearvla_eval_opaque_27424.png'
35:38.691  render           | Saved: '/tmp/clearvla_eval_opaque_27424.png'
35:39.109  render           | Saved: '/tmp/clearvla_eval_opaque_27424.png'
35:39.450  render           | Saved: '/tmp/clearvla_eval_opaque_27424.png'
35:39.869  render           | Saved: '/tmp/clearvla_eval_opaque_27424.png'
35:40.213  render           | Saved: '/tmp/clearvla_eval_opaque_27424.png'
35:40.625  render           | Saved: '/tmp/clearvla_eval_opaque_27424.png'
35:40.959  render           | Saved: '/tmp/clearvla_eval_opaque_27424.png'
35:41.778  render           | Saved: '/tmp/clearvla_eval_opaque_27424.png'
35:42.109  render           | Saved: '/tmp/clearvla_eval_opaque_27424.png'
35:42.533  render           | Saved: '/tmp/clearvla_eval_opaque_27424.png'
35:42.853  render           | Saved: '/tmp/clearvla_eval_opaque_27424.png'
35:43.266  render           | Saved: '/tmp/clearvla_eval_opaque_27424.png'
35:43.591  render           | Saved: '/tmp/clearvla_eval_opaque_27424.png'
35:44.010  render           | Saved: '/tmp/clearvla_eval_opaque_27424.png'
35:44.354  render           | Saved: '/tmp/clearvla_eval_opaque_27424.png'
35:44.767  render           | Saved: '/tmp/clearvla_eval_opaque_27424.png'
35:45.093  render           | Saved: '/tmp/clearvla_eval_opaque_27424.png'
35:45.503  render           | Saved: '/tmp/clearvla_eval_opaque_27424.png'
35:45.831  render           | Saved: '/tmp/clearvla_eval_opaque_27424.png'
35:46.246  render           | Saved: '/tmp/clearvla_eval_opaque_27424.png'
35:46.576  render           | Saved: '/tmp/clearvla_eval_opaque_27424.png'
35:46.994  render           | Saved: '/tmp/clearvla_eval_opaque_27424.png'
35:47.337  render           | Saved: '/tmp/clearvla_eval_opaque_27424.png'
35:47.741  render           | Saved: '/tmp/clearvla_eval_opaque_27424.png'
35:48.081  render           | Saved: '/tmp/clearvla_eval_opaque_27424.png'
35:48.905  render           | Saved: '/tmp/clearvla_eval_opaque_27424.png'
35:49.252  render           | Saved: '/tmp/clearvla_eval_opaque_27424.png'
35:49.673  render           | Saved: '/tmp/clearvla_eval_opaque_27424.png'
35:50.009  render           | Saved: '/tmp/clearvla_eval_opaque_27424.png'
35:50.446  render           | Saved: '/tmp/clearvla_eval_opaque_27424.png'
35:50.788  render           | Saved: '/tmp/clearvla_eval_opaque_27424.png'
35:51.210  render           | Saved: '/tmp/clearvla_eval_opaque_27424.png'
35:51.548  render           | Saved: '/tmp/clearvla_eval_opaque_27424.png'
35:51.975  render           | Saved: '/tmp/clearvla_eval_opaque_27424.png'
35:52.312  render           | Saved: '/tmp/clearvla_eval_opaque_27424.png'
35:52.721  render           | Saved: '/tmp/clearvla_eval_opaque_27424.png'
35:53.056  render           | Saved: '/tmp/clearvla_eval_opaque_27424.png'
35:53.472  render           | Saved: '/tmp/clearvla_eval_opaque_27424.png'
35:53.832  render           | Saved: '/tmp/clearvla_eval_opaque_27424.png'
35:54.241  render           | Saved: '/tmp/clearvla_eval_opaque_27424.png'
35:54.578  render           | Saved: '/tmp/clearvla_eval_opaque_27424.png'
35:54.987  render           | Saved: '/tmp/clearvla_eval_opaque_27424.png'
35:55.326  render           | Saved: '/tmp/clearvla_eval_opaque_27424.png'
35:55.732  render           | Saved: '/tmp/clearvla_eval_opaque_27424.png'
35:56.065  render           | Saved: '/tmp/clearvla_eval_opaque_27424.png'
35:56.871  render           | Saved: '/tmp/clearvla_eval_opaque_27424.png'
35:57.196  render           | Saved: '/tmp/clearvla_eval_opaque_27424.png'
35:57.628  render           | Saved: '/tmp/clearvla_eval_opaque_27424.png'
35:57.958  render           | Saved: '/tmp/clearvla_eval_opaque_27424.png'
35:58.370  render           | Saved: '/tmp/clearvla_eval_opaque_27424.png'
35:58.697  render           | Saved: '/tmp/clearvla_eval_opaque_27424.png'
35:59.106  render           | Saved: '/tmp/clearvla_eval_opaque_27424.png'
35:59.435  render           | Saved: '/tmp/clearvla_eval_opaque_27424.png'
35:59.842  render           | Saved: '/tmp/clearvla_eval_opaque_27424.png'
36:00.171  render           | Saved: '/tmp/clearvla_eval_opaque_27424.png'
36:00.581  render           | Saved: '/tmp/clearvla_eval_opaque_27424.png'
36:00.913  render           | Saved: '/tmp/clearvla_eval_opaque_27424.png'
36:01.314  render           | Saved: '/tmp/clearvla_eval_opaque_27424.png'
36:01.649  render           | Saved: '/tmp/clearvla_eval_opaque_27424.png'
36:02.041  render           | Saved: '/tmp/clearvla_eval_opaque_27424.png'
36:02.367  render           | Saved: '/tmp/clearvla_eval_opaque_27424.png'
36:02.756  render           | Saved: '/tmp/clearvla_eval_opaque_27424.png'
36:03.084  render           | Saved: '/tmp/clearvla_eval_opaque_27424.png'
36:03.483  render           | Saved: '/tmp/clearvla_eval_opaque_27424.png'
36:03.857  render           | Saved: '/tmp/clearvla_eval_opaque_27424.png'
36:04.673  render           | Saved: '/tmp/clearvla_eval_opaque_27424.png'
36:05.027  render           | Saved: '/tmp/clearvla_eval_opaque_27424.png'
36:05.446  render           | Saved: '/tmp/clearvla_eval_opaque_27424.png'
36:05.795  render           | Saved: '/tmp/clearvla_eval_opaque_27424.png'
36:06.210  render           | Saved: '/tmp/clearvla_eval_opaque_27424.png'
36:06.558  render           | Saved: '/tmp/clearvla_eval_opaque_27424.png'
36:06.976  render           | Saved: '/tmp/clearvla_eval_opaque_27424.png'
36:07.322  render           | Saved: '/tmp/clearvla_eval_opaque_27424.png'
36:07.738  render           | Saved: '/tmp/clearvla_eval_opaque_27424.png'
36:08.083  render           | Saved: '/tmp/clearvla_eval_opaque_27424.png'
36:08.495  render           | Saved: '/tmp/clearvla_eval_opaque_27424.png'
36:08.836  render           | Saved: '/tmp/clearvla_eval_opaque_27424.png'
36:09.253  render           | Saved: '/tmp/clearvla_eval_opaque_27424.png'
36:09.601  render           | Saved: '/tmp/clearvla_eval_opaque_27424.png'
36:10.022  render           | Saved: '/tmp/clearvla_eval_opaque_27424.png'
36:10.371  render           | Saved: '/tmp/clearvla_eval_opaque_27424.png'
36:10.797  render           | Saved: '/tmp/clearvla_eval_opaque_27424.png'
36:11.156  render           | Saved: '/tmp/clearvla_eval_opaque_27424.png'
36:11.564  render           | Saved: '/tmp/clearvla_eval_opaque_27424.png'
36:11.897  render           | Saved: '/tmp/clearvla_eval_opaque_27424.png'
36:12.730  render           | Saved: '/tmp/clearvla_eval_opaque_27424.png'
36:13.091  render           | Saved: '/tmp/clearvla_eval_opaque_27424.png'
36:13.532  render           | Saved: '/tmp/clearvla_eval_opaque_27424.png'
36:13.893  render           | Saved: '/tmp/clearvla_eval_opaque_27424.png'
36:14.320  render           | Saved: '/tmp/clearvla_eval_opaque_27424.png'
36:14.664  render           | Saved: '/tmp/clearvla_eval_opaque_27424.png'
36:15.080  render           | Saved: '/tmp/clearvla_eval_opaque_27424.png'
36:15.421  render           | Saved: '/tmp/clearvla_eval_opaque_27424.png'
36:15.834  render           | Saved: '/tmp/clearvla_eval_opaque_27424.png'
36:16.182  render           | Saved: '/tmp/clearvla_eval_opaque_27424.png'
36:16.593  render           | Saved: '/tmp/clearvla_eval_opaque_27424.png'
36:16.939  render           | Saved: '/tmp/clearvla_eval_opaque_27424.png'
36:17.356  render           | Saved: '/tmp/clearvla_eval_opaque_27424.png'
36:17.706  render           | Saved: '/tmp/clearvla_eval_opaque_27424.png'
36:18.118  render           | Saved: '/tmp/clearvla_eval_opaque_27424.png'
36:18.460  render           | Saved: '/tmp/clearvla_eval_opaque_27424.png'
36:18.868  render           | Saved: '/tmp/clearvla_eval_opaque_27424.png'
36:19.219  render           | Saved: '/tmp/clearvla_eval_opaque_27424.png'
36:19.623  render           | Saved: '/tmp/clearvla_eval_opaque_27424.png'
36:19.962  render           | Saved: '/tmp/clearvla_eval_opaque_27424.png'
36:20.796  render           | Saved: '/tmp/clearvla_eval_opaque_27424.png'
36:21.138  render           | Saved: '/tmp/clearvla_eval_opaque_27424.png'
36:21.558  render           | Saved: '/tmp/clearvla_eval_opaque_27424.png'
36:21.905  render           | Saved: '/tmp/clearvla_eval_opaque_27424.png'
36:22.318  render           | Saved: '/tmp/clearvla_eval_opaque_27424.png'
36:22.665  render           | Saved: '/tmp/clearvla_eval_opaque_27424.png'
36:23.083  render           | Saved: '/tmp/clearvla_eval_opaque_27424.png'
36:23.429  render           | Saved: '/tmp/clearvla_eval_opaque_27424.png'
36:23.841  render           | Saved: '/tmp/clearvla_eval_opaque_27424.png'
36:24.187  render           | Saved: '/tmp/clearvla_eval_opaque_27424.png'
36:24.606  render           | Saved: '/tmp/clearvla_eval_opaque_27424.png'
36:24.954  render           | Saved: '/tmp/clearvla_eval_opaque_27424.png'
36:25.370  render           | Saved: '/tmp/clearvla_eval_opaque_27424.png'
36:25.716  render           | Saved: '/tmp/clearvla_eval_opaque_27424.png'
36:26.133  render           | Saved: '/tmp/clearvla_eval_opaque_27424.png'
36:26.486  render           | Saved: '/tmp/clearvla_eval_opaque_27424.png'
36:26.921  render           | Saved: '/tmp/clearvla_eval_opaque_27424.png'
36:27.283  render           | Saved: '/tmp/clearvla_eval_opaque_27424.png'
36:27.691  render           | Saved: '/tmp/clearvla_eval_opaque_27424.png'
36:28.026  render           | Saved: '/tmp/clearvla_eval_opaque_27424.png'
36:28.846  render           | Saved: '/tmp/clearvla_eval_opaque_27424.png'
36:29.189  render           | Saved: '/tmp/clearvla_eval_opaque_27424.png'
36:29.608  render           | Saved: '/tmp/clearvla_eval_opaque_27424.png'
36:29.950  render           | Saved: '/tmp/clearvla_eval_opaque_27424.png'
36:30.370  render           | Saved: '/tmp/clearvla_eval_opaque_27424.png'
36:30.717  render           | Saved: '/tmp/clearvla_eval_opaque_27424.png'
36:31.131  render           | Saved: '/tmp/clearvla_eval_opaque_27424.png'
36:31.477  render           | Saved: '/tmp/clearvla_eval_opaque_27424.png'
36:31.894  render           | Saved: '/tmp/clearvla_eval_opaque_27424.png'
36:32.238  render           | Saved: '/tmp/clearvla_eval_opaque_27424.png'
36:32.657  render           | Saved: '/tmp/clearvla_eval_opaque_27424.png'
36:33.003  render           | Saved: '/tmp/clearvla_eval_opaque_27424.png'
36:33.419  render           | Saved: '/tmp/clearvla_eval_opaque_27424.png'
36:33.763  render           | Saved: '/tmp/clearvla_eval_opaque_27424.png'
36:34.173  render           | Saved: '/tmp/clearvla_eval_opaque_27424.png'
36:34.522  render           | Saved: '/tmp/clearvla_eval_opaque_27424.png'
36:34.928  render           | Saved: '/tmp/clearvla_eval_opaque_27424.png'
36:35.273  render           | Saved: '/tmp/clearvla_eval_opaque_27424.png'
36:35.680  render           | Saved: '/tmp/clearvla_eval_opaque_27424.png'
36:36.022  render           | Saved: '/tmp/clearvla_eval_opaque_27424.png'
36:36.837  render           | Saved: '/tmp/clearvla_eval_opaque_27424.png'
36:37.183  render           | Saved: '/tmp/clearvla_eval_opaque_27424.png'
36:37.607  render           | Saved: '/tmp/clearvla_eval_opaque_27424.png'
36:37.953  render           | Saved: '/tmp/clearvla_eval_opaque_27424.png'
36:38.365  render           | Saved: '/tmp/clearvla_eval_opaque_27424.png'
36:38.712  render           | Saved: '/tmp/clearvla_eval_opaque_27424.png'
36:39.122  render           | Saved: '/tmp/clearvla_eval_opaque_27424.png'
36:39.469  render           | Saved: '/tmp/clearvla_eval_opaque_27424.png'
36:39.883  render           | Saved: '/tmp/clearvla_eval_opaque_27424.png'
36:40.229  render           | Saved: '/tmp/clearvla_eval_opaque_27424.png'
36:40.634  render           | Saved: '/tmp/clearvla_eval_opaque_27424.png'
36:40.977  render           | Saved: '/tmp/clearvla_eval_opaque_27424.png'
36:41.398  render           | Saved: '/tmp/clearvla_eval_opaque_27424.png'
36:41.746  render           | Saved: '/tmp/clearvla_eval_opaque_27424.png'
36:42.162  render           | Saved: '/tmp/clearvla_eval_opaque_27424.png'
36:42.526  render           | Saved: '/tmp/clearvla_eval_opaque_27424.png'
36:42.930  render           | Saved: '/tmp/clearvla_eval_opaque_27424.png'
36:43.266  render           | Saved: '/tmp/clearvla_eval_opaque_27424.png'
[quant4/opaque] insert: 19/20  (36.6 min, 6.8 s/ep)
36:44.091  render           | Saved: '/tmp/clearvla_eval_opaque_27424.png'
36:44.432  render           | Saved: '/tmp/clearvla_eval_opaque_27424.png'
36:44.852  render           | Saved: '/tmp/clearvla_eval_opaque_27424.png'
36:45.193  render           | Saved: '/tmp/clearvla_eval_opaque_27424.png'
36:45.600  render           | Saved: '/tmp/clearvla_eval_opaque_27424.png'
36:45.937  render           | Saved: '/tmp/clearvla_eval_opaque_27424.png'
36:46.355  render           | Saved: '/tmp/clearvla_eval_opaque_27424.png'
36:46.691  render           | Saved: '/tmp/clearvla_eval_opaque_27424.png'
36:47.091  render           | Saved: '/tmp/clearvla_eval_opaque_27424.png'
36:47.422  render           | Saved: '/tmp/clearvla_eval_opaque_27424.png'
36:47.820  render           | Saved: '/tmp/clearvla_eval_opaque_27424.png'
36:48.156  render           | Saved: '/tmp/clearvla_eval_opaque_27424.png'
36:48.554  render           | Saved: '/tmp/clearvla_eval_opaque_27424.png'
36:48.890  render           | Saved: '/tmp/clearvla_eval_opaque_27424.png'
36:49.295  render           | Saved: '/tmp/clearvla_eval_opaque_27424.png'
36:49.631  render           | Saved: '/tmp/clearvla_eval_opaque_27424.png'
36:50.030  render           | Saved: '/tmp/clearvla_eval_opaque_27424.png'
36:50.370  render           | Saved: '/tmp/clearvla_eval_opaque_27424.png'
36:50.771  render           | Saved: '/tmp/clearvla_eval_opaque_27424.png'
36:51.098  render           | Saved: '/tmp/clearvla_eval_opaque_27424.png'
36:51.503  render           | Saved: '/tmp/clearvla_eval_opaque_27424.png'
36:51.824  render           | Saved: '/tmp/clearvla_eval_opaque_27424.png'
36:52.648  render           | Saved: '/tmp/clearvla_eval_opaque_27424.png'
36:52.977  render           | Saved: '/tmp/clearvla_eval_opaque_27424.png'
36:53.374  render           | Saved: '/tmp/clearvla_eval_opaque_27424.png'
36:53.706  render           | Saved: '/tmp/clearvla_eval_opaque_27424.png'
36:54.112  render           | Saved: '/tmp/clearvla_eval_opaque_27424.png'
36:54.450  render           | Saved: '/tmp/clearvla_eval_opaque_27424.png'
36:54.863  render           | Saved: '/tmp/clearvla_eval_opaque_27424.png'
36:55.198  render           | Saved: '/tmp/clearvla_eval_opaque_27424.png'
36:55.604  render           | Saved: '/tmp/clearvla_eval_opaque_27424.png'
36:55.934  render           | Saved: '/tmp/clearvla_eval_opaque_27424.png'
36:56.329  render           | Saved: '/tmp/clearvla_eval_opaque_27424.png'
36:56.657  render           | Saved: '/tmp/clearvla_eval_opaque_27424.png'
36:57.057  render           | Saved: '/tmp/clearvla_eval_opaque_27424.png'
36:57.392  render           | Saved: '/tmp/clearvla_eval_opaque_27424.png'
36:57.789  render           | Saved: '/tmp/clearvla_eval_opaque_27424.png'
36:58.127  render           | Saved: '/tmp/clearvla_eval_opaque_27424.png'
36:58.532  render           | Saved: '/tmp/clearvla_eval_opaque_27424.png'
36:58.860  render           | Saved: '/tmp/clearvla_eval_opaque_27424.png'
36:59.684  render           | Saved: '/tmp/clearvla_eval_opaque_27424.png'
37:00.022  render           | Saved: '/tmp/clearvla_eval_opaque_27424.png'
37:00.426  render           | Saved: '/tmp/clearvla_eval_opaque_27424.png'
37:00.778  render           | Saved: '/tmp/clearvla_eval_opaque_27424.png'
37:01.183  render           | Saved: '/tmp/clearvla_eval_opaque_27424.png'
37:01.522  render           | Saved: '/tmp/clearvla_eval_opaque_27424.png'
37:01.934  render           | Saved: '/tmp/clearvla_eval_opaque_27424.png'
37:02.271  render           | Saved: '/tmp/clearvla_eval_opaque_27424.png'
37:02.674  render           | Saved: '/tmp/clearvla_eval_opaque_27424.png'
37:03.010  render           | Saved: '/tmp/clearvla_eval_opaque_27424.png'
37:03.423  render           | Saved: '/tmp/clearvla_eval_opaque_27424.png'
37:03.764  render           | Saved: '/tmp/clearvla_eval_opaque_27424.png'
37:04.177  render           | Saved: '/tmp/clearvla_eval_opaque_27424.png'
37:04.516  render           | Saved: '/tmp/clearvla_eval_opaque_27424.png'
37:04.946  render           | Saved: '/tmp/clearvla_eval_opaque_27424.png'
37:05.279  render           | Saved: '/tmp/clearvla_eval_opaque_27424.png'
37:05.680  render           | Saved: '/tmp/clearvla_eval_opaque_27424.png'
37:06.030  render           | Saved: '/tmp/clearvla_eval_opaque_27424.png'
37:06.412  render           | Saved: '/tmp/clearvla_eval_opaque_27424.png'
37:06.740  render           | Saved: '/tmp/clearvla_eval_opaque_27424.png'
37:07.562  render           | Saved: '/tmp/clearvla_eval_opaque_27424.png'
37:07.883  render           | Saved: '/tmp/clearvla_eval_opaque_27424.png'
37:08.292  render           | Saved: '/tmp/clearvla_eval_opaque_27424.png'
37:08.624  render           | Saved: '/tmp/clearvla_eval_opaque_27424.png'
37:09.020  render           | Saved: '/tmp/clearvla_eval_opaque_27424.png'
37:09.410  render           | Saved: '/tmp/clearvla_eval_opaque_27424.png'
37:09.815  render           | Saved: '/tmp/clearvla_eval_opaque_27424.png'
37:10.157  render           | Saved: '/tmp/clearvla_eval_opaque_27424.png'
37:10.586  render           | Saved: '/tmp/clearvla_eval_opaque_27424.png'
37:10.923  render           | Saved: '/tmp/clearvla_eval_opaque_27424.png'
37:11.364  render           | Saved: '/tmp/clearvla_eval_opaque_27424.png'
37:11.694  render           | Saved: '/tmp/clearvla_eval_opaque_27424.png'
37:12.149  render           | Saved: '/tmp/clearvla_eval_opaque_27424.png'
37:12.477  render           | Saved: '/tmp/clearvla_eval_opaque_27424.png'
37:12.905  render           | Saved: '/tmp/clearvla_eval_opaque_27424.png'
37:13.249  render           | Saved: '/tmp/clearvla_eval_opaque_27424.png'
37:13.646  render           | Saved: '/tmp/clearvla_eval_opaque_27424.png'
37:13.974  render           | Saved: '/tmp/clearvla_eval_opaque_27424.png'
37:14.375  render           | Saved: '/tmp/clearvla_eval_opaque_27424.png'
37:14.712  render           | Saved: '/tmp/clearvla_eval_opaque_27424.png'
37:15.567  render           | Saved: '/tmp/clearvla_eval_opaque_27424.png'
37:15.896  render           | Saved: '/tmp/clearvla_eval_opaque_27424.png'
37:16.316  render           | Saved: '/tmp/clearvla_eval_opaque_27424.png'
37:16.654  render           | Saved: '/tmp/clearvla_eval_opaque_27424.png'
37:17.072  render           | Saved: '/tmp/clearvla_eval_opaque_27424.png'
37:17.408  render           | Saved: '/tmp/clearvla_eval_opaque_27424.png'
37:17.839  render           | Saved: '/tmp/clearvla_eval_opaque_27424.png'
37:18.173  render           | Saved: '/tmp/clearvla_eval_opaque_27424.png'
37:18.585  render           | Saved: '/tmp/clearvla_eval_opaque_27424.png'
37:18.919  render           | Saved: '/tmp/clearvla_eval_opaque_27424.png'
37:19.332  render           | Saved: '/tmp/clearvla_eval_opaque_27424.png'
37:19.674  render           | Saved: '/tmp/clearvla_eval_opaque_27424.png'
37:20.098  render           | Saved: '/tmp/clearvla_eval_opaque_27424.png'
37:20.434  render           | Saved: '/tmp/clearvla_eval_opaque_27424.png'
37:20.847  render           | Saved: '/tmp/clearvla_eval_opaque_27424.png'
37:21.190  render           | Saved: '/tmp/clearvla_eval_opaque_27424.png'
37:21.587  render           | Saved: '/tmp/clearvla_eval_opaque_27424.png'
37:21.922  render           | Saved: '/tmp/clearvla_eval_opaque_27424.png'
37:22.760  render           | Saved: '/tmp/clearvla_eval_opaque_27424.png'
37:23.094  render           | Saved: '/tmp/clearvla_eval_opaque_27424.png'
37:23.521  render           | Saved: '/tmp/clearvla_eval_opaque_27424.png'
37:23.856  render           | Saved: '/tmp/clearvla_eval_opaque_27424.png'
37:24.262  render           | Saved: '/tmp/clearvla_eval_opaque_27424.png'
37:24.619  render           | Saved: '/tmp/clearvla_eval_opaque_27424.png'
37:25.044  render           | Saved: '/tmp/clearvla_eval_opaque_27424.png'
37:25.388  render           | Saved: '/tmp/clearvla_eval_opaque_27424.png'
37:25.803  render           | Saved: '/tmp/clearvla_eval_opaque_27424.png'
37:26.140  render           | Saved: '/tmp/clearvla_eval_opaque_27424.png'
37:26.558  render           | Saved: '/tmp/clearvla_eval_opaque_27424.png'
37:26.894  render           | Saved: '/tmp/clearvla_eval_opaque_27424.png'
37:27.326  render           | Saved: '/tmp/clearvla_eval_opaque_27424.png'
37:27.656  render           | Saved: '/tmp/clearvla_eval_opaque_27424.png'
37:28.108  render           | Saved: '/tmp/clearvla_eval_opaque_27424.png'
37:28.444  render           | Saved: '/tmp/clearvla_eval_opaque_27424.png'
37:28.845  render           | Saved: '/tmp/clearvla_eval_opaque_27424.png'
37:29.177  render           | Saved: '/tmp/clearvla_eval_opaque_27424.png'
37:29.575  render           | Saved: '/tmp/clearvla_eval_opaque_27424.png'
37:29.913  render           | Saved: '/tmp/clearvla_eval_opaque_27424.png'
37:30.738  render           | Saved: '/tmp/clearvla_eval_opaque_27424.png'
37:31.078  render           | Saved: '/tmp/clearvla_eval_opaque_27424.png'
37:31.517  render           | Saved: '/tmp/clearvla_eval_opaque_27424.png'
37:31.850  render           | Saved: '/tmp/clearvla_eval_opaque_27424.png'
37:32.295  render           | Saved: '/tmp/clearvla_eval_opaque_27424.png'
37:32.623  render           | Saved: '/tmp/clearvla_eval_opaque_27424.png'
37:33.055  render           | Saved: '/tmp/clearvla_eval_opaque_27424.png'
37:33.382  render           | Saved: '/tmp/clearvla_eval_opaque_27424.png'
37:33.805  render           | Saved: '/tmp/clearvla_eval_opaque_27424.png'
37:34.137  render           | Saved: '/tmp/clearvla_eval_opaque_27424.png'
37:34.554  render           | Saved: '/tmp/clearvla_eval_opaque_27424.png'
37:34.890  render           | Saved: '/tmp/clearvla_eval_opaque_27424.png'
37:35.302  render           | Saved: '/tmp/clearvla_eval_opaque_27424.png'
37:35.640  render           | Saved: '/tmp/clearvla_eval_opaque_27424.png'
37:36.081  render           | Saved: '/tmp/clearvla_eval_opaque_27424.png'
37:36.413  render           | Saved: '/tmp/clearvla_eval_opaque_27424.png'
37:36.821  render           | Saved: '/tmp/clearvla_eval_opaque_27424.png'
37:37.156  render           | Saved: '/tmp/clearvla_eval_opaque_27424.png'
37:37.556  render           | Saved: '/tmp/clearvla_eval_opaque_27424.png'
37:37.900  render           | Saved: '/tmp/clearvla_eval_opaque_27424.png'
37:38.741  render           | Saved: '/tmp/clearvla_eval_opaque_27424.png'
37:39.076  render           | Saved: '/tmp/clearvla_eval_opaque_27424.png'
37:39.486  render           | Saved: '/tmp/clearvla_eval_opaque_27424.png'
37:39.820  render           | Saved: '/tmp/clearvla_eval_opaque_27424.png'
37:40.238  render           | Saved: '/tmp/clearvla_eval_opaque_27424.png'
37:40.560  render           | Saved: '/tmp/clearvla_eval_opaque_27424.png'
37:40.976  render           | Saved: '/tmp/clearvla_eval_opaque_27424.png'
37:41.304  render           | Saved: '/tmp/clearvla_eval_opaque_27424.png'
37:41.724  render           | Saved: '/tmp/clearvla_eval_opaque_27424.png'
37:42.076  render           | Saved: '/tmp/clearvla_eval_opaque_27424.png'
37:42.501  render           | Saved: '/tmp/clearvla_eval_opaque_27424.png'
37:42.840  render           | Saved: '/tmp/clearvla_eval_opaque_27424.png'
37:43.280  render           | Saved: '/tmp/clearvla_eval_opaque_27424.png'
37:43.610  render           | Saved: '/tmp/clearvla_eval_opaque_27424.png'
37:44.043  render           | Saved: '/tmp/clearvla_eval_opaque_27424.png'
37:44.379  render           | Saved: '/tmp/clearvla_eval_opaque_27424.png'
37:44.787  render           | Saved: '/tmp/clearvla_eval_opaque_27424.png'
37:45.116  render           | Saved: '/tmp/clearvla_eval_opaque_27424.png'
37:45.521  render           | Saved: '/tmp/clearvla_eval_opaque_27424.png'
37:45.856  render           | Saved: '/tmp/clearvla_eval_opaque_27424.png'
37:46.711  render           | Saved: '/tmp/clearvla_eval_opaque_27424.png'
37:47.036  render           | Saved: '/tmp/clearvla_eval_opaque_27424.png'
37:47.508  render           | Saved: '/tmp/clearvla_eval_opaque_27424.png'
37:47.835  render           | Saved: '/tmp/clearvla_eval_opaque_27424.png'
37:48.274  render           | Saved: '/tmp/clearvla_eval_opaque_27424.png'
37:48.600  render           | Saved: '/tmp/clearvla_eval_opaque_27424.png'
37:49.044  render           | Saved: '/tmp/clearvla_eval_opaque_27424.png'
37:49.376  render           | Saved: '/tmp/clearvla_eval_opaque_27424.png'
37:49.786  render           | Saved: '/tmp/clearvla_eval_opaque_27424.png'
37:50.126  render           | Saved: '/tmp/clearvla_eval_opaque_27424.png'
37:50.540  render           | Saved: '/tmp/clearvla_eval_opaque_27424.png'
37:50.881  render           | Saved: '/tmp/clearvla_eval_opaque_27424.png'
37:51.291  render           | Saved: '/tmp/clearvla_eval_opaque_27424.png'
37:51.626  render           | Saved: '/tmp/clearvla_eval_opaque_27424.png'
37:52.035  render           | Saved: '/tmp/clearvla_eval_opaque_27424.png'
37:52.373  render           | Saved: '/tmp/clearvla_eval_opaque_27424.png'
37:52.774  render           | Saved: '/tmp/clearvla_eval_opaque_27424.png'
37:53.117  render           | Saved: '/tmp/clearvla_eval_opaque_27424.png'
37:53.938  render           | Saved: '/tmp/clearvla_eval_opaque_27424.png'
37:54.289  render           | Saved: '/tmp/clearvla_eval_opaque_27424.png'
37:54.712  render           | Saved: '/tmp/clearvla_eval_opaque_27424.png'
37:55.044  render           | Saved: '/tmp/clearvla_eval_opaque_27424.png'
37:55.455  render           | Saved: '/tmp/clearvla_eval_opaque_27424.png'
37:55.786  render           | Saved: '/tmp/clearvla_eval_opaque_27424.png'
37:56.195  render           | Saved: '/tmp/clearvla_eval_opaque_27424.png'
37:56.521  render           | Saved: '/tmp/clearvla_eval_opaque_27424.png'
37:56.932  render           | Saved: '/tmp/clearvla_eval_opaque_27424.png'
37:57.257  render           | Saved: '/tmp/clearvla_eval_opaque_27424.png'
37:57.668  render           | Saved: '/tmp/clearvla_eval_opaque_27424.png'
37:58.000  render           | Saved: '/tmp/clearvla_eval_opaque_27424.png'
37:58.417  render           | Saved: '/tmp/clearvla_eval_opaque_27424.png'
37:58.749  render           | Saved: '/tmp/clearvla_eval_opaque_27424.png'
37:59.154  render           | Saved: '/tmp/clearvla_eval_opaque_27424.png'
37:59.495  render           | Saved: '/tmp/clearvla_eval_opaque_27424.png'
37:59.893  render           | Saved: '/tmp/clearvla_eval_opaque_27424.png'
38:00.224  render           | Saved: '/tmp/clearvla_eval_opaque_27424.png'
38:00.619  render           | Saved: '/tmp/clearvla_eval_opaque_27424.png'
38:00.946  render           | Saved: '/tmp/clearvla_eval_opaque_27424.png'
[quant4/opaque] insert: 29/30  (37.9 min, 7.4 s/ep)
38:01.754  render           | Saved: '/tmp/clearvla_eval_opaque_27424.png'
38:02.076  render           | Saved: '/tmp/clearvla_eval_opaque_27424.png'
38:02.488  render           | Saved: '/tmp/clearvla_eval_opaque_27424.png'
38:02.805  render           | Saved: '/tmp/clearvla_eval_opaque_27424.png'
38:03.198  render           | Saved: '/tmp/clearvla_eval_opaque_27424.png'
38:03.530  render           | Saved: '/tmp/clearvla_eval_opaque_27424.png'
38:03.935  render           | Saved: '/tmp/clearvla_eval_opaque_27424.png'
38:04.308  render           | Saved: '/tmp/clearvla_eval_opaque_27424.png'
38:04.742  render           | Saved: '/tmp/clearvla_eval_opaque_27424.png'
38:05.126  render           | Saved: '/tmp/clearvla_eval_opaque_27424.png'
38:05.529  render           | Saved: '/tmp/clearvla_eval_opaque_27424.png'
38:05.874  render           | Saved: '/tmp/clearvla_eval_opaque_27424.png'
38:06.290  render           | Saved: '/tmp/clearvla_eval_opaque_27424.png'
38:06.635  render           | Saved: '/tmp/clearvla_eval_opaque_27424.png'
38:07.034  render           | Saved: '/tmp/clearvla_eval_opaque_27424.png'
38:07.379  render           | Saved: '/tmp/clearvla_eval_opaque_27424.png'
38:07.787  render           | Saved: '/tmp/clearvla_eval_opaque_27424.png'
38:08.123  render           | Saved: '/tmp/clearvla_eval_opaque_27424.png'
38:08.929  render           | Saved: '/tmp/clearvla_eval_opaque_27424.png'
38:09.260  render           | Saved: '/tmp/clearvla_eval_opaque_27424.png'
38:09.672  render           | Saved: '/tmp/clearvla_eval_opaque_27424.png'
38:09.999  render           | Saved: '/tmp/clearvla_eval_opaque_27424.png'
38:10.393  render           | Saved: '/tmp/clearvla_eval_opaque_27424.png'
38:10.721  render           | Saved: '/tmp/clearvla_eval_opaque_27424.png'
38:11.118  render           | Saved: '/tmp/clearvla_eval_opaque_27424.png'
38:11.446  render           | Saved: '/tmp/clearvla_eval_opaque_27424.png'
38:11.842  render           | Saved: '/tmp/clearvla_eval_opaque_27424.png'
38:12.173  render           | Saved: '/tmp/clearvla_eval_opaque_27424.png'
38:12.575  render           | Saved: '/tmp/clearvla_eval_opaque_27424.png'
38:12.901  render           | Saved: '/tmp/clearvla_eval_opaque_27424.png'
38:13.302  render           | Saved: '/tmp/clearvla_eval_opaque_27424.png'
38:13.637  render           | Saved: '/tmp/clearvla_eval_opaque_27424.png'
38:14.037  render           | Saved: '/tmp/clearvla_eval_opaque_27424.png'
38:14.366  render           | Saved: '/tmp/clearvla_eval_opaque_27424.png'
38:14.771  render           | Saved: '/tmp/clearvla_eval_opaque_27424.png'
38:15.102  render           | Saved: '/tmp/clearvla_eval_opaque_27424.png'
38:15.505  render           | Saved: '/tmp/clearvla_eval_opaque_27424.png'
38:15.831  render           | Saved: '/tmp/clearvla_eval_opaque_27424.png'
38:16.242  render           | Saved: '/tmp/clearvla_eval_opaque_27424.png'
38:16.562  render           | Saved: '/tmp/clearvla_eval_opaque_27424.png'
38:16.966  render           | Saved: '/tmp/clearvla_eval_opaque_27424.png'
38:17.291  render           | Saved: '/tmp/clearvla_eval_opaque_27424.png'
38:17.680  render           | Saved: '/tmp/clearvla_eval_opaque_27424.png'
38:18.010  render           | Saved: '/tmp/clearvla_eval_opaque_27424.png'
38:18.400  render           | Saved: '/tmp/clearvla_eval_opaque_27424.png'
38:18.732  render           | Saved: '/tmp/clearvla_eval_opaque_27424.png'
38:19.135  render           | Saved: '/tmp/clearvla_eval_opaque_27424.png'
38:19.479  render           | Saved: '/tmp/clearvla_eval_opaque_27424.png'
38:19.909  render           | Saved: '/tmp/clearvla_eval_opaque_27424.png'
38:20.264  render           | Saved: '/tmp/clearvla_eval_opaque_27424.png'
38:20.672  render           | Saved: '/tmp/clearvla_eval_opaque_27424.png'
38:21.016  render           | Saved: '/tmp/clearvla_eval_opaque_27424.png'
38:21.418  render           | Saved: '/tmp/clearvla_eval_opaque_27424.png'
38:21.755  render           | Saved: '/tmp/clearvla_eval_opaque_27424.png'
38:22.167  render           | Saved: '/tmp/clearvla_eval_opaque_27424.png'
38:22.509  render           | Saved: '/tmp/clearvla_eval_opaque_27424.png'
38:22.923  render           | Saved: '/tmp/clearvla_eval_opaque_27424.png'
38:23.264  render           | Saved: '/tmp/clearvla_eval_opaque_27424.png'
38:23.659  render           | Saved: '/tmp/clearvla_eval_opaque_27424.png'
38:23.981  render           | Saved: '/tmp/clearvla_eval_opaque_27424.png'
38:24.383  render           | Saved: '/tmp/clearvla_eval_opaque_27424.png'
38:24.709  render           | Saved: '/tmp/clearvla_eval_opaque_27424.png'
38:25.129  render           | Saved: '/tmp/clearvla_eval_opaque_27424.png'
38:25.452  render           | Saved: '/tmp/clearvla_eval_opaque_27424.png'
38:25.866  render           | Saved: '/tmp/clearvla_eval_opaque_27424.png'
38:26.187  render           | Saved: '/tmp/clearvla_eval_opaque_27424.png'
38:26.594  render           | Saved: '/tmp/clearvla_eval_opaque_27424.png'
38:26.918  render           | Saved: '/tmp/clearvla_eval_opaque_27424.png'
38:27.325  render           | Saved: '/tmp/clearvla_eval_opaque_27424.png'
38:27.657  render           | Saved: '/tmp/clearvla_eval_opaque_27424.png'
38:28.061  render           | Saved: '/tmp/clearvla_eval_opaque_27424.png'
38:28.388  render           | Saved: '/tmp/clearvla_eval_opaque_27424.png'
38:28.785  render           | Saved: '/tmp/clearvla_eval_opaque_27424.png'
38:29.116  render           | Saved: '/tmp/clearvla_eval_opaque_27424.png'
38:29.512  render           | Saved: '/tmp/clearvla_eval_opaque_27424.png'
38:29.841  render           | Saved: '/tmp/clearvla_eval_opaque_27424.png'
38:30.233  render           | Saved: '/tmp/clearvla_eval_opaque_27424.png'
38:30.555  render           | Saved: '/tmp/clearvla_eval_opaque_27424.png'
38:30.951  render           | Saved: '/tmp/clearvla_eval_opaque_27424.png'
38:31.296  render           | Saved: '/tmp/clearvla_eval_opaque_27424.png'
38:31.682  render           | Saved: '/tmp/clearvla_eval_opaque_27424.png'
38:32.060  render           | Saved: '/tmp/clearvla_eval_opaque_27424.png'
38:32.467  render           | Saved: '/tmp/clearvla_eval_opaque_27424.png'
38:32.796  render           | Saved: '/tmp/clearvla_eval_opaque_27424.png'
38:33.248  render           | Saved: '/tmp/clearvla_eval_opaque_27424.png'
38:33.580  render           | Saved: '/tmp/clearvla_eval_opaque_27424.png'
38:33.987  render           | Saved: '/tmp/clearvla_eval_opaque_27424.png'
38:34.324  render           | Saved: '/tmp/clearvla_eval_opaque_27424.png'
38:34.733  render           | Saved: '/tmp/clearvla_eval_opaque_27424.png'
38:35.065  render           | Saved: '/tmp/clearvla_eval_opaque_27424.png'
38:35.464  render           | Saved: '/tmp/clearvla_eval_opaque_27424.png'
38:35.794  render           | Saved: '/tmp/clearvla_eval_opaque_27424.png'
38:36.194  render           | Saved: '/tmp/clearvla_eval_opaque_27424.png'
38:36.546  render           | Saved: '/tmp/clearvla_eval_opaque_27424.png'
38:37.376  render           | Saved: '/tmp/clearvla_eval_opaque_27424.png'
38:37.700  render           | Saved: '/tmp/clearvla_eval_opaque_27424.png'
38:38.130  render           | Saved: '/tmp/clearvla_eval_opaque_27424.png'
38:38.456  render           | Saved: '/tmp/clearvla_eval_opaque_27424.png'
38:38.871  render           | Saved: '/tmp/clearvla_eval_opaque_27424.png'
38:39.195  render           | Saved: '/tmp/clearvla_eval_opaque_27424.png'
38:39.603  render           | Saved: '/tmp/clearvla_eval_opaque_27424.png'
38:39.925  render           | Saved: '/tmp/clearvla_eval_opaque_27424.png'
38:40.339  render           | Saved: '/tmp/clearvla_eval_opaque_27424.png'
38:40.663  render           | Saved: '/tmp/clearvla_eval_opaque_27424.png'
38:41.077  render           | Saved: '/tmp/clearvla_eval_opaque_27424.png'
38:41.406  render           | Saved: '/tmp/clearvla_eval_opaque_27424.png'
38:41.814  render           | Saved: '/tmp/clearvla_eval_opaque_27424.png'
38:42.142  render           | Saved: '/tmp/clearvla_eval_opaque_27424.png'
38:42.560  render           | Saved: '/tmp/clearvla_eval_opaque_27424.png'
38:42.910  render           | Saved: '/tmp/clearvla_eval_opaque_27424.png'
38:43.318  render           | Saved: '/tmp/clearvla_eval_opaque_27424.png'
38:43.669  render           | Saved: '/tmp/clearvla_eval_opaque_27424.png'
38:44.068  render           | Saved: '/tmp/clearvla_eval_opaque_27424.png'
38:44.418  render           | Saved: '/tmp/clearvla_eval_opaque_27424.png'
38:45.242  render           | Saved: '/tmp/clearvla_eval_opaque_27424.png'
38:45.571  render           | Saved: '/tmp/clearvla_eval_opaque_27424.png'
38:45.990  render           | Saved: '/tmp/clearvla_eval_opaque_27424.png'
38:46.321  render           | Saved: '/tmp/clearvla_eval_opaque_27424.png'
38:46.737  render           | Saved: '/tmp/clearvla_eval_opaque_27424.png'
38:47.064  render           | Saved: '/tmp/clearvla_eval_opaque_27424.png'
38:47.479  render           | Saved: '/tmp/clearvla_eval_opaque_27424.png'
38:47.808  render           | Saved: '/tmp/clearvla_eval_opaque_27424.png'
38:48.224  render           | Saved: '/tmp/clearvla_eval_opaque_27424.png'
38:48.554  render           | Saved: '/tmp/clearvla_eval_opaque_27424.png'
38:48.978  render           | Saved: '/tmp/clearvla_eval_opaque_27424.png'
38:49.310  render           | Saved: '/tmp/clearvla_eval_opaque_27424.png'
38:49.738  render           | Saved: '/tmp/clearvla_eval_opaque_27424.png'
38:50.094  render           | Saved: '/tmp/clearvla_eval_opaque_27424.png'
38:50.506  render           | Saved: '/tmp/clearvla_eval_opaque_27424.png'
38:50.842  render           | Saved: '/tmp/clearvla_eval_opaque_27424.png'
38:51.247  render           | Saved: '/tmp/clearvla_eval_opaque_27424.png'
38:51.590  render           | Saved: '/tmp/clearvla_eval_opaque_27424.png'
38:52.435  render           | Saved: '/tmp/clearvla_eval_opaque_27424.png'
38:52.773  render           | Saved: '/tmp/clearvla_eval_opaque_27424.png'
38:53.193  render           | Saved: '/tmp/clearvla_eval_opaque_27424.png'
38:53.527  render           | Saved: '/tmp/clearvla_eval_opaque_27424.png'
38:53.946  render           | Saved: '/tmp/clearvla_eval_opaque_27424.png'
38:54.283  render           | Saved: '/tmp/clearvla_eval_opaque_27424.png'
38:54.705  render           | Saved: '/tmp/clearvla_eval_opaque_27424.png'
38:55.042  render           | Saved: '/tmp/clearvla_eval_opaque_27424.png'
38:55.465  render           | Saved: '/tmp/clearvla_eval_opaque_27424.png'
38:55.801  render           | Saved: '/tmp/clearvla_eval_opaque_27424.png'
38:56.238  render           | Saved: '/tmp/clearvla_eval_opaque_27424.png'
38:56.566  render           | Saved: '/tmp/clearvla_eval_opaque_27424.png'
38:57.004  render           | Saved: '/tmp/clearvla_eval_opaque_27424.png'
38:57.332  render           | Saved: '/tmp/clearvla_eval_opaque_27424.png'
38:57.767  render           | Saved: '/tmp/clearvla_eval_opaque_27424.png'
38:58.104  render           | Saved: '/tmp/clearvla_eval_opaque_27424.png'
38:58.506  render           | Saved: '/tmp/clearvla_eval_opaque_27424.png'
38:58.837  render           | Saved: '/tmp/clearvla_eval_opaque_27424.png'
38:59.237  render           | Saved: '/tmp/clearvla_eval_opaque_27424.png'
38:59.582  render           | Saved: '/tmp/clearvla_eval_opaque_27424.png'
38:59.979  render           | Saved: '/tmp/clearvla_eval_opaque_27424.png'
39:00.314  render           | Saved: '/tmp/clearvla_eval_opaque_27424.png'
39:00.712  render           | Saved: '/tmp/clearvla_eval_opaque_27424.png'
39:01.044  render           | Saved: '/tmp/clearvla_eval_opaque_27424.png'
39:01.444  render           | Saved: '/tmp/clearvla_eval_opaque_27424.png'
39:01.779  render           | Saved: '/tmp/clearvla_eval_opaque_27424.png'
39:02.176  render           | Saved: '/tmp/clearvla_eval_opaque_27424.png'
39:02.510  render           | Saved: '/tmp/clearvla_eval_opaque_27424.png'
39:02.915  render           | Saved: '/tmp/clearvla_eval_opaque_27424.png'
39:03.279  render           | Saved: '/tmp/clearvla_eval_opaque_27424.png'
39:03.681  render           | Saved: '/tmp/clearvla_eval_opaque_27424.png'
39:04.043  render           | Saved: '/tmp/clearvla_eval_opaque_27424.png'
39:04.453  render           | Saved: '/tmp/clearvla_eval_opaque_27424.png'
39:04.854  render           | Saved: '/tmp/clearvla_eval_opaque_27424.png'
39:05.257  render           | Saved: '/tmp/clearvla_eval_opaque_27424.png'
39:05.592  render           | Saved: '/tmp/clearvla_eval_opaque_27424.png'
39:06.111  render           | Saved: '/tmp/clearvla_eval_opaque_27424.png'
39:06.463  render           | Saved: '/tmp/clearvla_eval_opaque_27424.png'
39:06.876  render           | Saved: '/tmp/clearvla_eval_opaque_27424.png'
39:07.225  render           | Saved: '/tmp/clearvla_eval_opaque_27424.png'
39:07.662  render           | Saved: '/tmp/clearvla_eval_opaque_27424.png'
39:07.985  render           | Saved: '/tmp/clearvla_eval_opaque_27424.png'
39:08.384  render           | Saved: '/tmp/clearvla_eval_opaque_27424.png'
39:08.724  render           | Saved: '/tmp/clearvla_eval_opaque_27424.png'
39:09.130  render           | Saved: '/tmp/clearvla_eval_opaque_27424.png'
39:09.503  render           | Saved: '/tmp/clearvla_eval_opaque_27424.png'
39:09.937  render           | Saved: '/tmp/clearvla_eval_opaque_27424.png'
39:10.309  render           | Saved: '/tmp/clearvla_eval_opaque_27424.png'
39:10.733  render           | Saved: '/tmp/clearvla_eval_opaque_27424.png'
39:11.082  render           | Saved: '/tmp/clearvla_eval_opaque_27424.png'
39:11.498  render           | Saved: '/tmp/clearvla_eval_opaque_27424.png'
39:11.848  render           | Saved: '/tmp/clearvla_eval_opaque_27424.png'
39:12.255  render           | Saved: '/tmp/clearvla_eval_opaque_27424.png'
39:12.603  render           | Saved: '/tmp/clearvla_eval_opaque_27424.png'
39:13.013  render           | Saved: '/tmp/clearvla_eval_opaque_27424.png'
39:13.360  render           | Saved: '/tmp/clearvla_eval_opaque_27424.png'
39:13.761  render           | Saved: '/tmp/clearvla_eval_opaque_27424.png'
39:14.103  render           | Saved: '/tmp/clearvla_eval_opaque_27424.png'
39:14.513  render           | Saved: '/tmp/clearvla_eval_opaque_27424.png'
39:14.847  render           | Saved: '/tmp/clearvla_eval_opaque_27424.png'
39:15.241  render           | Saved: '/tmp/clearvla_eval_opaque_27424.png'
39:15.582  render           | Saved: '/tmp/clearvla_eval_opaque_27424.png'
39:15.982  render           | Saved: '/tmp/clearvla_eval_opaque_27424.png'
39:16.301  render           | Saved: '/tmp/clearvla_eval_opaque_27424.png'
39:16.697  render           | Saved: '/tmp/clearvla_eval_opaque_27424.png'
39:17.045  render           | Saved: '/tmp/clearvla_eval_opaque_27424.png'
39:17.463  render           | Saved: '/tmp/clearvla_eval_opaque_27424.png'
39:17.831  render           | Saved: '/tmp/clearvla_eval_opaque_27424.png'
39:18.248  render           | Saved: '/tmp/clearvla_eval_opaque_27424.png'
39:18.595  render           | Saved: '/tmp/clearvla_eval_opaque_27424.png'
39:19.003  render           | Saved: '/tmp/clearvla_eval_opaque_27424.png'
39:19.348  render           | Saved: '/tmp/clearvla_eval_opaque_27424.png'
39:19.760  render           | Saved: '/tmp/clearvla_eval_opaque_27424.png'
39:20.109  render           | Saved: '/tmp/clearvla_eval_opaque_27424.png'
39:20.516  render           | Saved: '/tmp/clearvla_eval_opaque_27424.png'
39:20.864  render           | Saved: '/tmp/clearvla_eval_opaque_27424.png'
39:21.721  render           | Saved: '/tmp/clearvla_eval_opaque_27424.png'
39:22.055  render           | Saved: '/tmp/clearvla_eval_opaque_27424.png'
39:22.469  render           | Saved: '/tmp/clearvla_eval_opaque_27424.png'
39:22.806  render           | Saved: '/tmp/clearvla_eval_opaque_27424.png'
39:23.212  render           | Saved: '/tmp/clearvla_eval_opaque_27424.png'
39:23.546  render           | Saved: '/tmp/clearvla_eval_opaque_27424.png'
39:23.953  render           | Saved: '/tmp/clearvla_eval_opaque_27424.png'
39:24.296  render           | Saved: '/tmp/clearvla_eval_opaque_27424.png'
39:24.698  render           | Saved: '/tmp/clearvla_eval_opaque_27424.png'
39:25.037  render           | Saved: '/tmp/clearvla_eval_opaque_27424.png'
39:25.453  render           | Saved: '/tmp/clearvla_eval_opaque_27424.png'
39:25.788  render           | Saved: '/tmp/clearvla_eval_opaque_27424.png'
39:26.190  render           | Saved: '/tmp/clearvla_eval_opaque_27424.png'
39:26.524  render           | Saved: '/tmp/clearvla_eval_opaque_27424.png'
39:26.911  render           | Saved: '/tmp/clearvla_eval_opaque_27424.png'
39:27.237  render           | Saved: '/tmp/clearvla_eval_opaque_27424.png'
39:27.630  render           | Saved: '/tmp/clearvla_eval_opaque_27424.png'
39:27.959  render           | Saved: '/tmp/clearvla_eval_opaque_27424.png'
39:28.344  render           | Saved: '/tmp/clearvla_eval_opaque_27424.png'
39:28.673  render           | Saved: '/tmp/clearvla_eval_opaque_27424.png'
39:29.510  render           | Saved: '/tmp/clearvla_eval_opaque_27424.png'
39:29.835  render           | Saved: '/tmp/clearvla_eval_opaque_27424.png'
39:30.269  render           | Saved: '/tmp/clearvla_eval_opaque_27424.png'
39:30.641  render           | Saved: '/tmp/clearvla_eval_opaque_27424.png'
39:31.078  render           | Saved: '/tmp/clearvla_eval_opaque_27424.png'
39:31.426  render           | Saved: '/tmp/clearvla_eval_opaque_27424.png'
39:31.849  render           | Saved: '/tmp/clearvla_eval_opaque_27424.png'
39:32.187  render           | Saved: '/tmp/clearvla_eval_opaque_27424.png'
39:32.599  render           | Saved: '/tmp/clearvla_eval_opaque_27424.png'
39:32.949  render           | Saved: '/tmp/clearvla_eval_opaque_27424.png'
39:33.381  render           | Saved: '/tmp/clearvla_eval_opaque_27424.png'
39:33.721  render           | Saved: '/tmp/clearvla_eval_opaque_27424.png'
39:34.130  render           | Saved: '/tmp/clearvla_eval_opaque_27424.png'
39:34.464  render           | Saved: '/tmp/clearvla_eval_opaque_27424.png'
39:34.869  render           | Saved: '/tmp/clearvla_eval_opaque_27424.png'
39:35.209  render           | Saved: '/tmp/clearvla_eval_opaque_27424.png'
39:35.608  render           | Saved: '/tmp/clearvla_eval_opaque_27424.png'
39:35.938  render           | Saved: '/tmp/clearvla_eval_opaque_27424.png'
39:36.330  render           | Saved: '/tmp/clearvla_eval_opaque_27424.png'
39:36.661  render           | Saved: '/tmp/clearvla_eval_opaque_27424.png'
39:37.493  render           | Saved: '/tmp/clearvla_eval_opaque_27424.png'
39:37.822  render           | Saved: '/tmp/clearvla_eval_opaque_27424.png'
39:38.239  render           | Saved: '/tmp/clearvla_eval_opaque_27424.png'
39:38.564  render           | Saved: '/tmp/clearvla_eval_opaque_27424.png'
39:38.976  render           | Saved: '/tmp/clearvla_eval_opaque_27424.png'
39:39.300  render           | Saved: '/tmp/clearvla_eval_opaque_27424.png'
39:39.713  render           | Saved: '/tmp/clearvla_eval_opaque_27424.png'
39:40.038  render           | Saved: '/tmp/clearvla_eval_opaque_27424.png'
39:40.449  render           | Saved: '/tmp/clearvla_eval_opaque_27424.png'
39:40.777  render           | Saved: '/tmp/clearvla_eval_opaque_27424.png'
39:41.193  render           | Saved: '/tmp/clearvla_eval_opaque_27424.png'
39:41.518  render           | Saved: '/tmp/clearvla_eval_opaque_27424.png'
39:41.931  render           | Saved: '/tmp/clearvla_eval_opaque_27424.png'
39:42.285  render           | Saved: '/tmp/clearvla_eval_opaque_27424.png'
39:42.700  render           | Saved: '/tmp/clearvla_eval_opaque_27424.png'
39:43.039  render           | Saved: '/tmp/clearvla_eval_opaque_27424.png'
39:43.450  render           | Saved: '/tmp/clearvla_eval_opaque_27424.png'
39:43.791  render           | Saved: '/tmp/clearvla_eval_opaque_27424.png'
39:44.206  render           | Saved: '/tmp/clearvla_eval_opaque_27424.png'
39:44.543  render           | Saved: '/tmp/clearvla_eval_opaque_27424.png'
39:45.388  render           | Saved: '/tmp/clearvla_eval_opaque_27424.png'
39:45.754  render           | Saved: '/tmp/clearvla_eval_opaque_27424.png'
39:46.193  render           | Saved: '/tmp/clearvla_eval_opaque_27424.png'
39:46.552  render           | Saved: '/tmp/clearvla_eval_opaque_27424.png'
39:46.979  render           | Saved: '/tmp/clearvla_eval_opaque_27424.png'
39:47.324  render           | Saved: '/tmp/clearvla_eval_opaque_27424.png'
39:47.735  render           | Saved: '/tmp/clearvla_eval_opaque_27424.png'
39:48.075  render           | Saved: '/tmp/clearvla_eval_opaque_27424.png'
39:48.487  render           | Saved: '/tmp/clearvla_eval_opaque_27424.png'
39:48.830  render           | Saved: '/tmp/clearvla_eval_opaque_27424.png'
39:49.242  render           | Saved: '/tmp/clearvla_eval_opaque_27424.png'
39:49.592  render           | Saved: '/tmp/clearvla_eval_opaque_27424.png'
39:50.027  render           | Saved: '/tmp/clearvla_eval_opaque_27424.png'
39:50.389  render           | Saved: '/tmp/clearvla_eval_opaque_27424.png'
39:50.829  render           | Saved: '/tmp/clearvla_eval_opaque_27424.png'
39:51.195  render           | Saved: '/tmp/clearvla_eval_opaque_27424.png'
39:51.627  render           | Saved: '/tmp/clearvla_eval_opaque_27424.png'
39:51.992  render           | Saved: '/tmp/clearvla_eval_opaque_27424.png'
39:52.410  render           | Saved: '/tmp/clearvla_eval_opaque_27424.png'
39:52.753  render           | Saved: '/tmp/clearvla_eval_opaque_27424.png'
39:53.581  render           | Saved: '/tmp/clearvla_eval_opaque_27424.png'
39:53.927  render           | Saved: '/tmp/clearvla_eval_opaque_27424.png'
39:54.355  render           | Saved: '/tmp/clearvla_eval_opaque_27424.png'
39:54.694  render           | Saved: '/tmp/clearvla_eval_opaque_27424.png'
39:55.116  render           | Saved: '/tmp/clearvla_eval_opaque_27424.png'
39:55.476  render           | Saved: '/tmp/clearvla_eval_opaque_27424.png'
39:55.885  render           | Saved: '/tmp/clearvla_eval_opaque_27424.png'
39:56.227  render           | Saved: '/tmp/clearvla_eval_opaque_27424.png'
39:56.645  render           | Saved: '/tmp/clearvla_eval_opaque_27424.png'
39:56.990  render           | Saved: '/tmp/clearvla_eval_opaque_27424.png'
39:57.419  render           | Saved: '/tmp/clearvla_eval_opaque_27424.png'
39:57.766  render           | Saved: '/tmp/clearvla_eval_opaque_27424.png'
39:58.185  render           | Saved: '/tmp/clearvla_eval_opaque_27424.png'
39:58.530  render           | Saved: '/tmp/clearvla_eval_opaque_27424.png'
39:58.949  render           | Saved: '/tmp/clearvla_eval_opaque_27424.png'
39:59.283  render           | Saved: '/tmp/clearvla_eval_opaque_27424.png'
39:59.695  render           | Saved: '/tmp/clearvla_eval_opaque_27424.png'
40:00.036  render           | Saved: '/tmp/clearvla_eval_opaque_27424.png'
40:00.438  render           | Saved: '/tmp/clearvla_eval_opaque_27424.png'
40:00.774  render           | Saved: '/tmp/clearvla_eval_opaque_27424.png'
[quant4/opaque] insert: 37/40  (39.9 min, 7.6 s/ep)
40:01.629  render           | Saved: '/tmp/clearvla_eval_opaque_27424.png'
40:01.975  render           | Saved: '/tmp/clearvla_eval_opaque_27424.png'
40:02.403  render           | Saved: '/tmp/clearvla_eval_opaque_27424.png'
40:02.759  render           | Saved: '/tmp/clearvla_eval_opaque_27424.png'
40:03.177  render           | Saved: '/tmp/clearvla_eval_opaque_27424.png'
40:03.546  render           | Saved: '/tmp/clearvla_eval_opaque_27424.png'
40:03.953  render           | Saved: '/tmp/clearvla_eval_opaque_27424.png'
40:04.299  render           | Saved: '/tmp/clearvla_eval_opaque_27424.png'
40:04.721  render           | Saved: '/tmp/clearvla_eval_opaque_27424.png'
40:05.060  render           | Saved: '/tmp/clearvla_eval_opaque_27424.png'
40:05.495  render           | Saved: '/tmp/clearvla_eval_opaque_27424.png'
40:05.828  render           | Saved: '/tmp/clearvla_eval_opaque_27424.png'
40:06.260  render           | Saved: '/tmp/clearvla_eval_opaque_27424.png'
40:06.596  render           | Saved: '/tmp/clearvla_eval_opaque_27424.png'
40:07.025  render           | Saved: '/tmp/clearvla_eval_opaque_27424.png'
40:07.360  render           | Saved: '/tmp/clearvla_eval_opaque_27424.png'
40:07.790  render           | Saved: '/tmp/clearvla_eval_opaque_27424.png'
40:08.120  render           | Saved: '/tmp/clearvla_eval_opaque_27424.png'
40:08.539  render           | Saved: '/tmp/clearvla_eval_opaque_27424.png'
40:08.883  render           | Saved: '/tmp/clearvla_eval_opaque_27424.png'
40:09.292  render           | Saved: '/tmp/clearvla_eval_opaque_27424.png'
40:09.628  render           | Saved: '/tmp/clearvla_eval_opaque_27424.png'
40:10.462  render           | Saved: '/tmp/clearvla_eval_opaque_27424.png'
40:10.802  render           | Saved: '/tmp/clearvla_eval_opaque_27424.png'
40:11.212  render           | Saved: '/tmp/clearvla_eval_opaque_27424.png'
40:11.557  render           | Saved: '/tmp/clearvla_eval_opaque_27424.png'
40:11.996  render           | Saved: '/tmp/clearvla_eval_opaque_27424.png'
40:12.322  render           | Saved: '/tmp/clearvla_eval_opaque_27424.png'
40:12.759  render           | Saved: '/tmp/clearvla_eval_opaque_27424.png'
40:13.089  render           | Saved: '/tmp/clearvla_eval_opaque_27424.png'
40:13.569  render           | Saved: '/tmp/clearvla_eval_opaque_27424.png'
40:13.899  render           | Saved: '/tmp/clearvla_eval_opaque_27424.png'
40:14.334  render           | Saved: '/tmp/clearvla_eval_opaque_27424.png'
40:14.661  render           | Saved: '/tmp/clearvla_eval_opaque_27424.png'
40:15.107  render           | Saved: '/tmp/clearvla_eval_opaque_27424.png'
40:15.442  render           | Saved: '/tmp/clearvla_eval_opaque_27424.png'
40:15.895  render           | Saved: '/tmp/clearvla_eval_opaque_27424.png'
40:16.231  render           | Saved: '/tmp/clearvla_eval_opaque_27424.png'
40:16.656  render           | Saved: '/tmp/clearvla_eval_opaque_27424.png'
40:16.991  render           | Saved: '/tmp/clearvla_eval_opaque_27424.png'
40:17.404  render           | Saved: '/tmp/clearvla_eval_opaque_27424.png'
40:17.755  render           | Saved: '/tmp/clearvla_eval_opaque_27424.png'
40:18.583  render           | Saved: '/tmp/clearvla_eval_opaque_27424.png'
40:18.926  render           | Saved: '/tmp/clearvla_eval_opaque_27424.png'
40:19.352  render           | Saved: '/tmp/clearvla_eval_opaque_27424.png'
40:19.698  render           | Saved: '/tmp/clearvla_eval_opaque_27424.png'
40:20.112  render           | Saved: '/tmp/clearvla_eval_opaque_27424.png'
40:20.460  render           | Saved: '/tmp/clearvla_eval_opaque_27424.png'
40:20.893  render           | Saved: '/tmp/clearvla_eval_opaque_27424.png'
40:21.257  render           | Saved: '/tmp/clearvla_eval_opaque_27424.png'
40:21.697  render           | Saved: '/tmp/clearvla_eval_opaque_27424.png'
40:22.064  render           | Saved: '/tmp/clearvla_eval_opaque_27424.png'
40:22.472  render           | Saved: '/tmp/clearvla_eval_opaque_27424.png'
40:22.809  render           | Saved: '/tmp/clearvla_eval_opaque_27424.png'
40:23.240  render           | Saved: '/tmp/clearvla_eval_opaque_27424.png'
40:23.579  render           | Saved: '/tmp/clearvla_eval_opaque_27424.png'
40:24.008  render           | Saved: '/tmp/clearvla_eval_opaque_27424.png'
40:24.336  render           | Saved: '/tmp/clearvla_eval_opaque_27424.png'
40:24.757  render           | Saved: '/tmp/clearvla_eval_opaque_27424.png'
40:25.086  render           | Saved: '/tmp/clearvla_eval_opaque_27424.png'
40:25.498  render           | Saved: '/tmp/clearvla_eval_opaque_27424.png'
40:25.837  render           | Saved: '/tmp/clearvla_eval_opaque_27424.png'
40:26.666  render           | Saved: '/tmp/clearvla_eval_opaque_27424.png'
40:27.011  render           | Saved: '/tmp/clearvla_eval_opaque_27424.png'
40:27.439  render           | Saved: '/tmp/clearvla_eval_opaque_27424.png'
40:27.787  render           | Saved: '/tmp/clearvla_eval_opaque_27424.png'
40:28.203  render           | Saved: '/tmp/clearvla_eval_opaque_27424.png'
40:28.556  render           | Saved: '/tmp/clearvla_eval_opaque_27424.png'
40:28.969  render           | Saved: '/tmp/clearvla_eval_opaque_27424.png'
40:29.314  render           | Saved: '/tmp/clearvla_eval_opaque_27424.png'
40:29.747  render           | Saved: '/tmp/clearvla_eval_opaque_27424.png'
40:30.090  render           | Saved: '/tmp/clearvla_eval_opaque_27424.png'
40:30.516  render           | Saved: '/tmp/clearvla_eval_opaque_27424.png'
40:30.867  render           | Saved: '/tmp/clearvla_eval_opaque_27424.png'
40:31.274  render           | Saved: '/tmp/clearvla_eval_opaque_27424.png'
40:31.611  render           | Saved: '/tmp/clearvla_eval_opaque_27424.png'
40:32.053  render           | Saved: '/tmp/clearvla_eval_opaque_27424.png'
40:32.398  render           | Saved: '/tmp/clearvla_eval_opaque_27424.png'
40:32.798  render           | Saved: '/tmp/clearvla_eval_opaque_27424.png'
40:33.145  render           | Saved: '/tmp/clearvla_eval_opaque_27424.png'
40:33.540  render           | Saved: '/tmp/clearvla_eval_opaque_27424.png'
40:33.878  render           | Saved: '/tmp/clearvla_eval_opaque_27424.png'
40:34.748  render           | Saved: '/tmp/clearvla_eval_opaque_27424.png'
40:35.079  render           | Saved: '/tmp/clearvla_eval_opaque_27424.png'
40:35.499  render           | Saved: '/tmp/clearvla_eval_opaque_27424.png'
40:35.833  render           | Saved: '/tmp/clearvla_eval_opaque_27424.png'
40:36.249  render           | Saved: '/tmp/clearvla_eval_opaque_27424.png'
40:36.585  render           | Saved: '/tmp/clearvla_eval_opaque_27424.png'
40:36.993  render           | Saved: '/tmp/clearvla_eval_opaque_27424.png'
40:37.330  render           | Saved: '/tmp/clearvla_eval_opaque_27424.png'
40:37.743  render           | Saved: '/tmp/clearvla_eval_opaque_27424.png'
40:38.080  render           | Saved: '/tmp/clearvla_eval_opaque_27424.png'
40:38.488  render           | Saved: '/tmp/clearvla_eval_opaque_27424.png'
40:38.826  render           | Saved: '/tmp/clearvla_eval_opaque_27424.png'
40:39.237  render           | Saved: '/tmp/clearvla_eval_opaque_27424.png'
40:39.579  render           | Saved: '/tmp/clearvla_eval_opaque_27424.png'
40:39.986  render           | Saved: '/tmp/clearvla_eval_opaque_27424.png'
40:40.330  render           | Saved: '/tmp/clearvla_eval_opaque_27424.png'
40:40.731  render           | Saved: '/tmp/clearvla_eval_opaque_27424.png'
40:41.078  render           | Saved: '/tmp/clearvla_eval_opaque_27424.png'
40:41.897  render           | Saved: '/tmp/clearvla_eval_opaque_27424.png'
40:42.233  render           | Saved: '/tmp/clearvla_eval_opaque_27424.png'
40:42.674  render           | Saved: '/tmp/clearvla_eval_opaque_27424.png'
40:43.002  render           | Saved: '/tmp/clearvla_eval_opaque_27424.png'
40:43.440  render           | Saved: '/tmp/clearvla_eval_opaque_27424.png'
40:43.784  render           | Saved: '/tmp/clearvla_eval_opaque_27424.png'
40:44.217  render           | Saved: '/tmp/clearvla_eval_opaque_27424.png'
40:44.555  render           | Saved: '/tmp/clearvla_eval_opaque_27424.png'
40:44.985  render           | Saved: '/tmp/clearvla_eval_opaque_27424.png'
40:45.322  render           | Saved: '/tmp/clearvla_eval_opaque_27424.png'
40:45.734  render           | Saved: '/tmp/clearvla_eval_opaque_27424.png'
40:46.063  render           | Saved: '/tmp/clearvla_eval_opaque_27424.png'
40:46.469  render           | Saved: '/tmp/clearvla_eval_opaque_27424.png'
40:46.801  render           | Saved: '/tmp/clearvla_eval_opaque_27424.png'
40:47.204  render           | Saved: '/tmp/clearvla_eval_opaque_27424.png'
40:47.539  render           | Saved: '/tmp/clearvla_eval_opaque_27424.png'
40:47.945  render           | Saved: '/tmp/clearvla_eval_opaque_27424.png'
40:48.285  render           | Saved: '/tmp/clearvla_eval_opaque_27424.png'
40:48.673  render           | Saved: '/tmp/clearvla_eval_opaque_27424.png'
40:49.032  render           | Saved: '/tmp/clearvla_eval_opaque_27424.png'
40:49.864  render           | Saved: '/tmp/clearvla_eval_opaque_27424.png'
40:50.189  render           | Saved: '/tmp/clearvla_eval_opaque_27424.png'
40:50.602  render           | Saved: '/tmp/clearvla_eval_opaque_27424.png'
40:50.945  render           | Saved: '/tmp/clearvla_eval_opaque_27424.png'
40:51.377  render           | Saved: '/tmp/clearvla_eval_opaque_27424.png'
40:51.738  render           | Saved: '/tmp/clearvla_eval_opaque_27424.png'
40:52.202  render           | Saved: '/tmp/clearvla_eval_opaque_27424.png'
40:52.549  render           | Saved: '/tmp/clearvla_eval_opaque_27424.png'
40:52.965  render           | Saved: '/tmp/clearvla_eval_opaque_27424.png'
40:53.298  render           | Saved: '/tmp/clearvla_eval_opaque_27424.png'
40:53.709  render           | Saved: '/tmp/clearvla_eval_opaque_27424.png'
40:54.058  render           | Saved: '/tmp/clearvla_eval_opaque_27424.png'
40:54.472  render           | Saved: '/tmp/clearvla_eval_opaque_27424.png'
40:54.814  render           | Saved: '/tmp/clearvla_eval_opaque_27424.png'
40:55.226  render           | Saved: '/tmp/clearvla_eval_opaque_27424.png'
40:55.575  render           | Saved: '/tmp/clearvla_eval_opaque_27424.png'
40:55.988  render           | Saved: '/tmp/clearvla_eval_opaque_27424.png'
40:56.332  render           | Saved: '/tmp/clearvla_eval_opaque_27424.png'
40:56.736  render           | Saved: '/tmp/clearvla_eval_opaque_27424.png'
40:57.081  render           | Saved: '/tmp/clearvla_eval_opaque_27424.png'
40:57.490  render           | Saved: '/tmp/clearvla_eval_opaque_27424.png'
40:57.835  render           | Saved: '/tmp/clearvla_eval_opaque_27424.png'
40:58.671  render           | Saved: '/tmp/clearvla_eval_opaque_27424.png'
40:59.012  render           | Saved: '/tmp/clearvla_eval_opaque_27424.png'
40:59.459  render           | Saved: '/tmp/clearvla_eval_opaque_27424.png'
40:59.822  render           | Saved: '/tmp/clearvla_eval_opaque_27424.png'
41:00.254  render           | Saved: '/tmp/clearvla_eval_opaque_27424.png'
41:00.611  render           | Saved: '/tmp/clearvla_eval_opaque_27424.png'
41:01.044  render           | Saved: '/tmp/clearvla_eval_opaque_27424.png'
41:01.405  render           | Saved: '/tmp/clearvla_eval_opaque_27424.png'
41:01.834  render           | Saved: '/tmp/clearvla_eval_opaque_27424.png'
41:02.192  render           | Saved: '/tmp/clearvla_eval_opaque_27424.png'
41:02.628  render           | Saved: '/tmp/clearvla_eval_opaque_27424.png'
41:02.989  render           | Saved: '/tmp/clearvla_eval_opaque_27424.png'
41:03.428  render           | Saved: '/tmp/clearvla_eval_opaque_27424.png'
41:03.785  render           | Saved: '/tmp/clearvla_eval_opaque_27424.png'
41:04.190  render           | Saved: '/tmp/clearvla_eval_opaque_27424.png'
41:04.538  render           | Saved: '/tmp/clearvla_eval_opaque_27424.png'
41:04.947  render           | Saved: '/tmp/clearvla_eval_opaque_27424.png'
41:05.293  render           | Saved: '/tmp/clearvla_eval_opaque_27424.png'
41:06.139  render           | Saved: '/tmp/clearvla_eval_opaque_27424.png'
41:06.492  render           | Saved: '/tmp/clearvla_eval_opaque_27424.png'
41:06.927  render           | Saved: '/tmp/clearvla_eval_opaque_27424.png'
41:07.268  render           | Saved: '/tmp/clearvla_eval_opaque_27424.png'
41:07.693  render           | Saved: '/tmp/clearvla_eval_opaque_27424.png'
41:08.027  render           | Saved: '/tmp/clearvla_eval_opaque_27424.png'
41:08.468  render           | Saved: '/tmp/clearvla_eval_opaque_27424.png'
41:08.794  render           | Saved: '/tmp/clearvla_eval_opaque_27424.png'
41:09.221  render           | Saved: '/tmp/clearvla_eval_opaque_27424.png'
41:09.552  render           | Saved: '/tmp/clearvla_eval_opaque_27424.png'
41:09.983  render           | Saved: '/tmp/clearvla_eval_opaque_27424.png'
41:10.318  render           | Saved: '/tmp/clearvla_eval_opaque_27424.png'
41:10.724  render           | Saved: '/tmp/clearvla_eval_opaque_27424.png'
41:11.056  render           | Saved: '/tmp/clearvla_eval_opaque_27424.png'
41:11.447  render           | Saved: '/tmp/clearvla_eval_opaque_27424.png'
41:11.780  render           | Saved: '/tmp/clearvla_eval_opaque_27424.png'
41:12.174  render           | Saved: '/tmp/clearvla_eval_opaque_27424.png'
41:12.507  render           | Saved: '/tmp/clearvla_eval_opaque_27424.png'
41:13.381  render           | Saved: '/tmp/clearvla_eval_opaque_27424.png'
41:13.713  render           | Saved: '/tmp/clearvla_eval_opaque_27424.png'
41:14.142  render           | Saved: '/tmp/clearvla_eval_opaque_27424.png'
41:14.469  render           | Saved: '/tmp/clearvla_eval_opaque_27424.png'
41:14.908  render           | Saved: '/tmp/clearvla_eval_opaque_27424.png'
41:15.239  render           | Saved: '/tmp/clearvla_eval_opaque_27424.png'
41:15.709  render           | Saved: '/tmp/clearvla_eval_opaque_27424.png'
41:16.058  render           | Saved: '/tmp/clearvla_eval_opaque_27424.png'
41:16.484  render           | Saved: '/tmp/clearvla_eval_opaque_27424.png'
41:16.833  render           | Saved: '/tmp/clearvla_eval_opaque_27424.png'
41:17.259  render           | Saved: '/tmp/clearvla_eval_opaque_27424.png'
41:17.593  render           | Saved: '/tmp/clearvla_eval_opaque_27424.png'
41:18.023  render           | Saved: '/tmp/clearvla_eval_opaque_27424.png'
41:18.355  render           | Saved: '/tmp/clearvla_eval_opaque_27424.png'
41:18.783  render           | Saved: '/tmp/clearvla_eval_opaque_27424.png'
41:19.119  render           | Saved: '/tmp/clearvla_eval_opaque_27424.png'
41:19.551  render           | Saved: '/tmp/clearvla_eval_opaque_27424.png'
41:19.881  render           | Saved: '/tmp/clearvla_eval_opaque_27424.png'
[quant4/opaque] insert: 47/50  (41.2 min, 7.0 s/ep)
done 150 new episodes in 41.2 min -> /Users/yogyamehrotra/Desktop/ClearVLA/results/week5/quant4_opaque.jsonl
