[transformers] Model config: bos_token_id must be `None` or an integer within the vocabulary (between 0 and 31999), got 49406. This may result in unexpected behavior.
[transformers] Model config: eos_token_id must be `None` or an integer within the vocabulary (between 0 and 31999), got 49407. This may result in unexpected behavior.
Loading weights:   0%|          | 0/408 [00:00<?, ?it/s]Loading weights: 100%|██████████| 408/408 [00:00<00:00, 10707.19it/s]
00:07.095  render           | Saved: '/tmp/clearvla_eval_opaque_74646.png'
00:07.428  render           | Saved: '/tmp/clearvla_eval_opaque_74646.png'
/Users/yogyamehrotra/miniconda3/envs/clearvla/lib/python3.11/site-packages/transformers/image_processing_backends.py:135: UserWarning: The given NumPy array is not writable, and PyTorch does not support non-writable tensors. This means writing to this tensor will result in undefined behavior. You may want to copy the array to protect its data or make it writable before converting it to a tensor. This type of warning will be suppressed for the rest of this program. (Triggered internally at /Users/runner/work/pytorch/pytorch/torch/csrc/utils/tensor_numpy.cpp:219.)
  image = torch.from_numpy(image).contiguous()
00:08.219  render           | Saved: '/tmp/clearvla_eval_opaque_74646.png'
00:08.651  render           | Saved: '/tmp/clearvla_eval_opaque_74646.png'
00:09.109  render           | Saved: '/tmp/clearvla_eval_opaque_74646.png'
00:09.482  render           | Saved: '/tmp/clearvla_eval_opaque_74646.png'
00:09.915  render           | Saved: '/tmp/clearvla_eval_opaque_74646.png'
00:10.319  render           | Saved: '/tmp/clearvla_eval_opaque_74646.png'
00:10.787  render           | Saved: '/tmp/clearvla_eval_opaque_74646.png'
00:11.181  render           | Saved: '/tmp/clearvla_eval_opaque_74646.png'
00:11.653  render           | Saved: '/tmp/clearvla_eval_opaque_74646.png'
00:12.027  render           | Saved: '/tmp/clearvla_eval_opaque_74646.png'
00:12.490  render           | Saved: '/tmp/clearvla_eval_opaque_74646.png'
00:12.833  render           | Saved: '/tmp/clearvla_eval_opaque_74646.png'
00:13.288  render           | Saved: '/tmp/clearvla_eval_opaque_74646.png'
00:13.684  render           | Saved: '/tmp/clearvla_eval_opaque_74646.png'
00:14.117  render           | Saved: '/tmp/clearvla_eval_opaque_74646.png'
00:14.487  render           | Saved: '/tmp/clearvla_eval_opaque_74646.png'
00:14.939  render           | Saved: '/tmp/clearvla_eval_opaque_74646.png'
00:15.303  render           | Saved: '/tmp/clearvla_eval_opaque_74646.png'
00:15.754  render           | Saved: '/tmp/clearvla_eval_opaque_74646.png'
00:16.133  render           | Saved: '/tmp/clearvla_eval_opaque_74646.png'
00:16.608  render           | Saved: '/tmp/clearvla_eval_opaque_74646.png'
00:16.993  render           | Saved: '/tmp/clearvla_eval_opaque_74646.png'
00:17.469  render           | Saved: '/tmp/clearvla_eval_opaque_74646.png'
00:17.846  render           | Saved: '/tmp/clearvla_eval_opaque_74646.png'
00:18.293  render           | Saved: '/tmp/clearvla_eval_opaque_74646.png'
00:18.664  render           | Saved: '/tmp/clearvla_eval_opaque_74646.png'
00:19.079  render           | Saved: '/tmp/clearvla_eval_opaque_74646.png'
00:19.422  render           | Saved: '/tmp/clearvla_eval_opaque_74646.png'
00:19.861  render           | Saved: '/tmp/clearvla_eval_opaque_74646.png'
00:20.192  render           | Saved: '/tmp/clearvla_eval_opaque_74646.png'
00:20.636  render           | Saved: '/tmp/clearvla_eval_opaque_74646.png'
00:20.963  render           | Saved: '/tmp/clearvla_eval_opaque_74646.png'
00:21.406  render           | Saved: '/tmp/clearvla_eval_opaque_74646.png'
00:21.731  render           | Saved: '/tmp/clearvla_eval_opaque_74646.png'
00:22.191  render           | Saved: '/tmp/clearvla_eval_opaque_74646.png'
00:22.513  render           | Saved: '/tmp/clearvla_eval_opaque_74646.png'
00:22.964  render           | Saved: '/tmp/clearvla_eval_opaque_74646.png'
00:23.286  render           | Saved: '/tmp/clearvla_eval_opaque_74646.png'
00:23.726  render           | Saved: '/tmp/clearvla_eval_opaque_74646.png'
00:24.055  render           | Saved: '/tmp/clearvla_eval_opaque_74646.png'
00:24.492  render           | Saved: '/tmp/clearvla_eval_opaque_74646.png'
00:24.819  render           | Saved: '/tmp/clearvla_eval_opaque_74646.png'
00:25.271  render           | Saved: '/tmp/clearvla_eval_opaque_74646.png'
00:25.595  render           | Saved: '/tmp/clearvla_eval_opaque_74646.png'
00:26.048  render           | Saved: '/tmp/clearvla_eval_opaque_74646.png'
00:26.377  render           | Saved: '/tmp/clearvla_eval_opaque_74646.png'
00:26.839  render           | Saved: '/tmp/clearvla_eval_opaque_74646.png'
00:27.160  render           | Saved: '/tmp/clearvla_eval_opaque_74646.png'
00:27.595  render           | Saved: '/tmp/clearvla_eval_opaque_74646.png'
00:27.924  render           | Saved: '/tmp/clearvla_eval_opaque_74646.png'
00:28.364  render           | Saved: '/tmp/clearvla_eval_opaque_74646.png'
00:28.689  render           | Saved: '/tmp/clearvla_eval_opaque_74646.png'
00:29.128  render           | Saved: '/tmp/clearvla_eval_opaque_74646.png'
00:29.458  render           | Saved: '/tmp/clearvla_eval_opaque_74646.png'
00:29.894  render           | Saved: '/tmp/clearvla_eval_opaque_74646.png'
00:30.219  render           | Saved: '/tmp/clearvla_eval_opaque_74646.png'
00:30.661  render           | Saved: '/tmp/clearvla_eval_opaque_74646.png'
00:30.985  render           | Saved: '/tmp/clearvla_eval_opaque_74646.png'
00:31.444  render           | Saved: '/tmp/clearvla_eval_opaque_74646.png'
00:31.769  render           | Saved: '/tmp/clearvla_eval_opaque_74646.png'
00:32.234  render           | Saved: '/tmp/clearvla_eval_opaque_74646.png'
00:32.560  render           | Saved: '/tmp/clearvla_eval_opaque_74646.png'
00:33.031  render           | Saved: '/tmp/clearvla_eval_opaque_74646.png'
00:33.357  render           | Saved: '/tmp/clearvla_eval_opaque_74646.png'
00:33.804  render           | Saved: '/tmp/clearvla_eval_opaque_74646.png'
00:34.136  render           | Saved: '/tmp/clearvla_eval_opaque_74646.png'
00:34.600  render           | Saved: '/tmp/clearvla_eval_opaque_74646.png'
00:34.921  render           | Saved: '/tmp/clearvla_eval_opaque_74646.png'
00:35.369  render           | Saved: '/tmp/clearvla_eval_opaque_74646.png'
00:35.692  render           | Saved: '/tmp/clearvla_eval_opaque_74646.png'
00:36.149  render           | Saved: '/tmp/clearvla_eval_opaque_74646.png'
00:36.475  render           | Saved: '/tmp/clearvla_eval_opaque_74646.png'
00:36.931  render           | Saved: '/tmp/clearvla_eval_opaque_74646.png'
00:37.257  render           | Saved: '/tmp/clearvla_eval_opaque_74646.png'
00:38.140  render           | Saved: '/tmp/clearvla_eval_opaque_74646.png'
00:38.489  render           | Saved: '/tmp/clearvla_eval_opaque_74646.png'
00:38.947  render           | Saved: '/tmp/clearvla_eval_opaque_74646.png'
00:39.322  render           | Saved: '/tmp/clearvla_eval_opaque_74646.png'
00:39.759  render           | Saved: '/tmp/clearvla_eval_opaque_74646.png'
00:40.135  render           | Saved: '/tmp/clearvla_eval_opaque_74646.png'
00:40.588  render           | Saved: '/tmp/clearvla_eval_opaque_74646.png'
00:40.968  render           | Saved: '/tmp/clearvla_eval_opaque_74646.png'
00:41.429  render           | Saved: '/tmp/clearvla_eval_opaque_74646.png'
00:41.817  render           | Saved: '/tmp/clearvla_eval_opaque_74646.png'
00:42.273  render           | Saved: '/tmp/clearvla_eval_opaque_74646.png'
00:42.657  render           | Saved: '/tmp/clearvla_eval_opaque_74646.png'
00:43.120  render           | Saved: '/tmp/clearvla_eval_opaque_74646.png'
00:43.520  render           | Saved: '/tmp/clearvla_eval_opaque_74646.png'
00:43.985  render           | Saved: '/tmp/clearvla_eval_opaque_74646.png'
00:44.344  render           | Saved: '/tmp/clearvla_eval_opaque_74646.png'
00:44.799  render           | Saved: '/tmp/clearvla_eval_opaque_74646.png'
00:45.158  render           | Saved: '/tmp/clearvla_eval_opaque_74646.png'
00:45.616  render           | Saved: '/tmp/clearvla_eval_opaque_74646.png'
00:45.985  render           | Saved: '/tmp/clearvla_eval_opaque_74646.png'
00:46.436  render           | Saved: '/tmp/clearvla_eval_opaque_74646.png'
00:46.807  render           | Saved: '/tmp/clearvla_eval_opaque_74646.png'
00:47.265  render           | Saved: '/tmp/clearvla_eval_opaque_74646.png'
00:47.662  render           | Saved: '/tmp/clearvla_eval_opaque_74646.png'
00:48.143  render           | Saved: '/tmp/clearvla_eval_opaque_74646.png'
00:48.537  render           | Saved: '/tmp/clearvla_eval_opaque_74646.png'
00:49.013  render           | Saved: '/tmp/clearvla_eval_opaque_74646.png'
00:49.374  render           | Saved: '/tmp/clearvla_eval_opaque_74646.png'
00:49.804  render           | Saved: '/tmp/clearvla_eval_opaque_74646.png'
00:50.150  render           | Saved: '/tmp/clearvla_eval_opaque_74646.png'
00:50.606  render           | Saved: '/tmp/clearvla_eval_opaque_74646.png'
00:50.928  render           | Saved: '/tmp/clearvla_eval_opaque_74646.png'
00:51.396  render           | Saved: '/tmp/clearvla_eval_opaque_74646.png'
00:51.722  render           | Saved: '/tmp/clearvla_eval_opaque_74646.png'
00:52.170  render           | Saved: '/tmp/clearvla_eval_opaque_74646.png'
00:52.491  render           | Saved: '/tmp/clearvla_eval_opaque_74646.png'
00:52.902  render           | Saved: '/tmp/clearvla_eval_opaque_74646.png'
00:53.235  render           | Saved: '/tmp/clearvla_eval_opaque_74646.png'
00:53.683  render           | Saved: '/tmp/clearvla_eval_opaque_74646.png'
00:54.010  render           | Saved: '/tmp/clearvla_eval_opaque_74646.png'
00:54.457  render           | Saved: '/tmp/clearvla_eval_opaque_74646.png'
00:54.784  render           | Saved: '/tmp/clearvla_eval_opaque_74646.png'
00:55.213  render           | Saved: '/tmp/clearvla_eval_opaque_74646.png'
00:55.537  render           | Saved: '/tmp/clearvla_eval_opaque_74646.png'
00:55.986  render           | Saved: '/tmp/clearvla_eval_opaque_74646.png'
00:56.309  render           | Saved: '/tmp/clearvla_eval_opaque_74646.png'
00:56.750  render           | Saved: '/tmp/clearvla_eval_opaque_74646.png'
00:57.079  render           | Saved: '/tmp/clearvla_eval_opaque_74646.png'
00:57.532  render           | Saved: '/tmp/clearvla_eval_opaque_74646.png'
00:57.855  render           | Saved: '/tmp/clearvla_eval_opaque_74646.png'
00:58.319  render           | Saved: '/tmp/clearvla_eval_opaque_74646.png'
00:58.646  render           | Saved: '/tmp/clearvla_eval_opaque_74646.png'
00:59.105  render           | Saved: '/tmp/clearvla_eval_opaque_74646.png'
00:59.430  render           | Saved: '/tmp/clearvla_eval_opaque_74646.png'
00:59.874  render           | Saved: '/tmp/clearvla_eval_opaque_74646.png'
01:00.199  render           | Saved: '/tmp/clearvla_eval_opaque_74646.png'
01:00.654  render           | Saved: '/tmp/clearvla_eval_opaque_74646.png'
01:00.973  render           | Saved: '/tmp/clearvla_eval_opaque_74646.png'
01:01.413  render           | Saved: '/tmp/clearvla_eval_opaque_74646.png'
01:01.740  render           | Saved: '/tmp/clearvla_eval_opaque_74646.png'
01:02.179  render           | Saved: '/tmp/clearvla_eval_opaque_74646.png'
01:02.504  render           | Saved: '/tmp/clearvla_eval_opaque_74646.png'
01:02.956  render           | Saved: '/tmp/clearvla_eval_opaque_74646.png'
01:03.276  render           | Saved: '/tmp/clearvla_eval_opaque_74646.png'
01:03.734  render           | Saved: '/tmp/clearvla_eval_opaque_74646.png'
01:04.050  render           | Saved: '/tmp/clearvla_eval_opaque_74646.png'
01:04.506  render           | Saved: '/tmp/clearvla_eval_opaque_74646.png'
01:04.822  render           | Saved: '/tmp/clearvla_eval_opaque_74646.png'
01:05.279  render           | Saved: '/tmp/clearvla_eval_opaque_74646.png'
01:05.604  render           | Saved: '/tmp/clearvla_eval_opaque_74646.png'
01:06.073  render           | Saved: '/tmp/clearvla_eval_opaque_74646.png'
01:06.404  render           | Saved: '/tmp/clearvla_eval_opaque_74646.png'
01:06.849  render           | Saved: '/tmp/clearvla_eval_opaque_74646.png'
01:07.170  render           | Saved: '/tmp/clearvla_eval_opaque_74646.png'
01:07.610  render           | Saved: '/tmp/clearvla_eval_opaque_74646.png'
01:07.938  render           | Saved: '/tmp/clearvla_eval_opaque_74646.png'
01:08.809  render           | Saved: '/tmp/clearvla_eval_opaque_74646.png'
01:09.195  render           | Saved: '/tmp/clearvla_eval_opaque_74646.png'
01:09.667  render           | Saved: '/tmp/clearvla_eval_opaque_74646.png'
01:10.048  render           | Saved: '/tmp/clearvla_eval_opaque_74646.png'
01:10.531  render           | Saved: '/tmp/clearvla_eval_opaque_74646.png'
01:10.891  render           | Saved: '/tmp/clearvla_eval_opaque_74646.png'
01:11.357  render           | Saved: '/tmp/clearvla_eval_opaque_74646.png'
01:11.745  render           | Saved: '/tmp/clearvla_eval_opaque_74646.png'
01:12.212  render           | Saved: '/tmp/clearvla_eval_opaque_74646.png'
01:12.585  render           | Saved: '/tmp/clearvla_eval_opaque_74646.png'
01:13.051  render           | Saved: '/tmp/clearvla_eval_opaque_74646.png'
01:13.417  render           | Saved: '/tmp/clearvla_eval_opaque_74646.png'
01:13.876  render           | Saved: '/tmp/clearvla_eval_opaque_74646.png'
01:14.265  render           | Saved: '/tmp/clearvla_eval_opaque_74646.png'
01:14.721  render           | Saved: '/tmp/clearvla_eval_opaque_74646.png'
01:15.084  render           | Saved: '/tmp/clearvla_eval_opaque_74646.png'
01:15.562  render           | Saved: '/tmp/clearvla_eval_opaque_74646.png'
01:15.940  render           | Saved: '/tmp/clearvla_eval_opaque_74646.png'
01:16.386  render           | Saved: '/tmp/clearvla_eval_opaque_74646.png'
01:16.757  render           | Saved: '/tmp/clearvla_eval_opaque_74646.png'
01:17.252  render           | Saved: '/tmp/clearvla_eval_opaque_74646.png'
01:17.609  render           | Saved: '/tmp/clearvla_eval_opaque_74646.png'
01:18.089  render           | Saved: '/tmp/clearvla_eval_opaque_74646.png'
01:18.445  render           | Saved: '/tmp/clearvla_eval_opaque_74646.png'
01:18.913  render           | Saved: '/tmp/clearvla_eval_opaque_74646.png'
01:19.287  render           | Saved: '/tmp/clearvla_eval_opaque_74646.png'
01:19.753  render           | Saved: '/tmp/clearvla_eval_opaque_74646.png'
01:20.137  render           | Saved: '/tmp/clearvla_eval_opaque_74646.png'
01:20.578  render           | Saved: '/tmp/clearvla_eval_opaque_74646.png'
01:20.909  render           | Saved: '/tmp/clearvla_eval_opaque_74646.png'
01:21.333  render           | Saved: '/tmp/clearvla_eval_opaque_74646.png'
01:21.656  render           | Saved: '/tmp/clearvla_eval_opaque_74646.png'
01:22.091  render           | Saved: '/tmp/clearvla_eval_opaque_74646.png'
01:22.415  render           | Saved: '/tmp/clearvla_eval_opaque_74646.png'
01:22.854  render           | Saved: '/tmp/clearvla_eval_opaque_74646.png'
01:23.181  render           | Saved: '/tmp/clearvla_eval_opaque_74646.png'
01:23.611  render           | Saved: '/tmp/clearvla_eval_opaque_74646.png'
01:23.945  render           | Saved: '/tmp/clearvla_eval_opaque_74646.png'
01:24.360  render           | Saved: '/tmp/clearvla_eval_opaque_74646.png'
01:24.686  render           | Saved: '/tmp/clearvla_eval_opaque_74646.png'
01:25.108  render           | Saved: '/tmp/clearvla_eval_opaque_74646.png'
01:25.438  render           | Saved: '/tmp/clearvla_eval_opaque_74646.png'
01:25.858  render           | Saved: '/tmp/clearvla_eval_opaque_74646.png'
01:26.189  render           | Saved: '/tmp/clearvla_eval_opaque_74646.png'
01:26.621  render           | Saved: '/tmp/clearvla_eval_opaque_74646.png'
01:26.953  render           | Saved: '/tmp/clearvla_eval_opaque_74646.png'
01:27.378  render           | Saved: '/tmp/clearvla_eval_opaque_74646.png'
01:27.714  render           | Saved: '/tmp/clearvla_eval_opaque_74646.png'
01:28.135  render           | Saved: '/tmp/clearvla_eval_opaque_74646.png'
01:28.465  render           | Saved: '/tmp/clearvla_eval_opaque_74646.png'
01:28.880  render           | Saved: '/tmp/clearvla_eval_opaque_74646.png'
01:29.228  render           | Saved: '/tmp/clearvla_eval_opaque_74646.png'
01:29.655  render           | Saved: '/tmp/clearvla_eval_opaque_74646.png'
01:29.985  render           | Saved: '/tmp/clearvla_eval_opaque_74646.png'
01:30.437  render           | Saved: '/tmp/clearvla_eval_opaque_74646.png'
01:30.757  render           | Saved: '/tmp/clearvla_eval_opaque_74646.png'
01:31.209  render           | Saved: '/tmp/clearvla_eval_opaque_74646.png'
01:31.528  render           | Saved: '/tmp/clearvla_eval_opaque_74646.png'
01:31.987  render           | Saved: '/tmp/clearvla_eval_opaque_74646.png'
01:32.313  render           | Saved: '/tmp/clearvla_eval_opaque_74646.png'
01:32.761  render           | Saved: '/tmp/clearvla_eval_opaque_74646.png'
01:33.088  render           | Saved: '/tmp/clearvla_eval_opaque_74646.png'
01:33.546  render           | Saved: '/tmp/clearvla_eval_opaque_74646.png'
01:33.866  render           | Saved: '/tmp/clearvla_eval_opaque_74646.png'
01:34.323  render           | Saved: '/tmp/clearvla_eval_opaque_74646.png'
01:34.652  render           | Saved: '/tmp/clearvla_eval_opaque_74646.png'
01:35.092  render           | Saved: '/tmp/clearvla_eval_opaque_74646.png'
01:35.420  render           | Saved: '/tmp/clearvla_eval_opaque_74646.png'
01:35.865  render           | Saved: '/tmp/clearvla_eval_opaque_74646.png'
01:36.186  render           | Saved: '/tmp/clearvla_eval_opaque_74646.png'
01:36.642  render           | Saved: '/tmp/clearvla_eval_opaque_74646.png'
01:36.968  render           | Saved: '/tmp/clearvla_eval_opaque_74646.png'
01:37.417  render           | Saved: '/tmp/clearvla_eval_opaque_74646.png'
01:37.749  render           | Saved: '/tmp/clearvla_eval_opaque_74646.png'
01:38.197  render           | Saved: '/tmp/clearvla_eval_opaque_74646.png'
01:38.519  render           | Saved: '/tmp/clearvla_eval_opaque_74646.png'
01:39.413  render           | Saved: '/tmp/clearvla_eval_opaque_74646.png'
01:39.772  render           | Saved: '/tmp/clearvla_eval_opaque_74646.png'
01:40.204  render           | Saved: '/tmp/clearvla_eval_opaque_74646.png'
01:40.575  render           | Saved: '/tmp/clearvla_eval_opaque_74646.png'
01:41.033  render           | Saved: '/tmp/clearvla_eval_opaque_74646.png'
01:41.407  render           | Saved: '/tmp/clearvla_eval_opaque_74646.png'
01:41.873  render           | Saved: '/tmp/clearvla_eval_opaque_74646.png'
01:42.235  render           | Saved: '/tmp/clearvla_eval_opaque_74646.png'
01:42.701  render           | Saved: '/tmp/clearvla_eval_opaque_74646.png'
01:43.109  render           | Saved: '/tmp/clearvla_eval_opaque_74646.png'
01:43.572  render           | Saved: '/tmp/clearvla_eval_opaque_74646.png'
01:43.954  render           | Saved: '/tmp/clearvla_eval_opaque_74646.png'
01:44.402  render           | Saved: '/tmp/clearvla_eval_opaque_74646.png'
01:44.806  render           | Saved: '/tmp/clearvla_eval_opaque_74646.png'
01:45.264  render           | Saved: '/tmp/clearvla_eval_opaque_74646.png'
01:45.626  render           | Saved: '/tmp/clearvla_eval_opaque_74646.png'
01:46.073  render           | Saved: '/tmp/clearvla_eval_opaque_74646.png'
01:46.440  render           | Saved: '/tmp/clearvla_eval_opaque_74646.png'
01:46.895  render           | Saved: '/tmp/clearvla_eval_opaque_74646.png'
01:47.273  render           | Saved: '/tmp/clearvla_eval_opaque_74646.png'
01:47.764  render           | Saved: '/tmp/clearvla_eval_opaque_74646.png'
01:48.136  render           | Saved: '/tmp/clearvla_eval_opaque_74646.png'
01:48.620  render           | Saved: '/tmp/clearvla_eval_opaque_74646.png'
01:49.003  render           | Saved: '/tmp/clearvla_eval_opaque_74646.png'
01:49.459  render           | Saved: '/tmp/clearvla_eval_opaque_74646.png'
01:49.835  render           | Saved: '/tmp/clearvla_eval_opaque_74646.png'
01:50.296  render           | Saved: '/tmp/clearvla_eval_opaque_74646.png'
01:50.660  render           | Saved: '/tmp/clearvla_eval_opaque_74646.png'
01:51.074  render           | Saved: '/tmp/clearvla_eval_opaque_74646.png'
01:51.429  render           | Saved: '/tmp/clearvla_eval_opaque_74646.png'
01:51.861  render           | Saved: '/tmp/clearvla_eval_opaque_74646.png'
01:52.193  render           | Saved: '/tmp/clearvla_eval_opaque_74646.png'
01:52.636  render           | Saved: '/tmp/clearvla_eval_opaque_74646.png'
01:52.966  render           | Saved: '/tmp/clearvla_eval_opaque_74646.png'
01:53.409  render           | Saved: '/tmp/clearvla_eval_opaque_74646.png'
01:53.738  render           | Saved: '/tmp/clearvla_eval_opaque_74646.png'
01:54.197  render           | Saved: '/tmp/clearvla_eval_opaque_74646.png'
01:54.520  render           | Saved: '/tmp/clearvla_eval_opaque_74646.png'
01:54.973  render           | Saved: '/tmp/clearvla_eval_opaque_74646.png'
01:55.293  render           | Saved: '/tmp/clearvla_eval_opaque_74646.png'
01:55.735  render           | Saved: '/tmp/clearvla_eval_opaque_74646.png'
01:56.064  render           | Saved: '/tmp/clearvla_eval_opaque_74646.png'
01:56.505  render           | Saved: '/tmp/clearvla_eval_opaque_74646.png'
01:56.830  render           | Saved: '/tmp/clearvla_eval_opaque_74646.png'
01:57.272  render           | Saved: '/tmp/clearvla_eval_opaque_74646.png'
01:57.594  render           | Saved: '/tmp/clearvla_eval_opaque_74646.png'
01:58.011  render           | Saved: '/tmp/clearvla_eval_opaque_74646.png'
01:58.340  render           | Saved: '/tmp/clearvla_eval_opaque_74646.png'
01:58.764  render           | Saved: '/tmp/clearvla_eval_opaque_74646.png'
01:59.091  render           | Saved: '/tmp/clearvla_eval_opaque_74646.png'
01:59.511  render           | Saved: '/tmp/clearvla_eval_opaque_74646.png'
01:59.853  render           | Saved: '/tmp/clearvla_eval_opaque_74646.png'
02:00.273  render           | Saved: '/tmp/clearvla_eval_opaque_74646.png'
02:00.608  render           | Saved: '/tmp/clearvla_eval_opaque_74646.png'
02:01.043  render           | Saved: '/tmp/clearvla_eval_opaque_74646.png'
02:01.372  render           | Saved: '/tmp/clearvla_eval_opaque_74646.png'
02:01.826  render           | Saved: '/tmp/clearvla_eval_opaque_74646.png'
02:02.146  render           | Saved: '/tmp/clearvla_eval_opaque_74646.png'
02:02.605  render           | Saved: '/tmp/clearvla_eval_opaque_74646.png'
02:02.931  render           | Saved: '/tmp/clearvla_eval_opaque_74646.png'
02:03.392  render           | Saved: '/tmp/clearvla_eval_opaque_74646.png'
02:03.709  render           | Saved: '/tmp/clearvla_eval_opaque_74646.png'
02:04.197  render           | Saved: '/tmp/clearvla_eval_opaque_74646.png'
02:04.538  render           | Saved: '/tmp/clearvla_eval_opaque_74646.png'
02:05.005  render           | Saved: '/tmp/clearvla_eval_opaque_74646.png'
02:05.326  render           | Saved: '/tmp/clearvla_eval_opaque_74646.png'
02:05.787  render           | Saved: '/tmp/clearvla_eval_opaque_74646.png'
02:06.124  render           | Saved: '/tmp/clearvla_eval_opaque_74646.png'
02:06.595  render           | Saved: '/tmp/clearvla_eval_opaque_74646.png'
02:06.942  render           | Saved: '/tmp/clearvla_eval_opaque_74646.png'
02:07.377  render           | Saved: '/tmp/clearvla_eval_opaque_74646.png'
02:07.715  render           | Saved: '/tmp/clearvla_eval_opaque_74646.png'
02:08.133  render           | Saved: '/tmp/clearvla_eval_opaque_74646.png'
02:08.469  render           | Saved: '/tmp/clearvla_eval_opaque_74646.png'
02:08.900  render           | Saved: '/tmp/clearvla_eval_opaque_74646.png'
02:09.226  render           | Saved: '/tmp/clearvla_eval_opaque_74646.png'
02:10.082  render           | Saved: '/tmp/clearvla_eval_opaque_74646.png'
02:10.471  render           | Saved: '/tmp/clearvla_eval_opaque_74646.png'
02:10.919  render           | Saved: '/tmp/clearvla_eval_opaque_74646.png'
02:11.309  render           | Saved: '/tmp/clearvla_eval_opaque_74646.png'
02:11.775  render           | Saved: '/tmp/clearvla_eval_opaque_74646.png'
02:12.162  render           | Saved: '/tmp/clearvla_eval_opaque_74646.png'
02:12.614  render           | Saved: '/tmp/clearvla_eval_opaque_74646.png'
02:13.005  render           | Saved: '/tmp/clearvla_eval_opaque_74646.png'
02:13.460  render           | Saved: '/tmp/clearvla_eval_opaque_74646.png'
02:13.839  render           | Saved: '/tmp/clearvla_eval_opaque_74646.png'
02:14.314  render           | Saved: '/tmp/clearvla_eval_opaque_74646.png'
02:14.715  render           | Saved: '/tmp/clearvla_eval_opaque_74646.png'
02:15.212  render           | Saved: '/tmp/clearvla_eval_opaque_74646.png'
02:15.590  render           | Saved: '/tmp/clearvla_eval_opaque_74646.png'
02:16.030  render           | Saved: '/tmp/clearvla_eval_opaque_74646.png'
02:16.404  render           | Saved: '/tmp/clearvla_eval_opaque_74646.png'
02:16.863  render           | Saved: '/tmp/clearvla_eval_opaque_74646.png'
02:17.244  render           | Saved: '/tmp/clearvla_eval_opaque_74646.png'
02:17.697  render           | Saved: '/tmp/clearvla_eval_opaque_74646.png'
02:18.068  render           | Saved: '/tmp/clearvla_eval_opaque_74646.png'
02:18.533  render           | Saved: '/tmp/clearvla_eval_opaque_74646.png'
02:18.927  render           | Saved: '/tmp/clearvla_eval_opaque_74646.png'
02:19.397  render           | Saved: '/tmp/clearvla_eval_opaque_74646.png'
02:19.787  render           | Saved: '/tmp/clearvla_eval_opaque_74646.png'
02:20.220  render           | Saved: '/tmp/clearvla_eval_opaque_74646.png'
02:20.583  render           | Saved: '/tmp/clearvla_eval_opaque_74646.png'
02:21.046  render           | Saved: '/tmp/clearvla_eval_opaque_74646.png'
02:21.434  render           | Saved: '/tmp/clearvla_eval_opaque_74646.png'
02:21.877  render           | Saved: '/tmp/clearvla_eval_opaque_74646.png'
02:22.212  render           | Saved: '/tmp/clearvla_eval_opaque_74646.png'
02:22.679  render           | Saved: '/tmp/clearvla_eval_opaque_74646.png'
02:23.003  render           | Saved: '/tmp/clearvla_eval_opaque_74646.png'
02:23.447  render           | Saved: '/tmp/clearvla_eval_opaque_74646.png'
02:23.774  render           | Saved: '/tmp/clearvla_eval_opaque_74646.png'
02:24.226  render           | Saved: '/tmp/clearvla_eval_opaque_74646.png'
02:24.549  render           | Saved: '/tmp/clearvla_eval_opaque_74646.png'
02:24.998  render           | Saved: '/tmp/clearvla_eval_opaque_74646.png'
02:25.324  render           | Saved: '/tmp/clearvla_eval_opaque_74646.png'
02:25.772  render           | Saved: '/tmp/clearvla_eval_opaque_74646.png'
02:26.097  render           | Saved: '/tmp/clearvla_eval_opaque_74646.png'
02:26.556  render           | Saved: '/tmp/clearvla_eval_opaque_74646.png'
02:26.879  render           | Saved: '/tmp/clearvla_eval_opaque_74646.png'
02:27.339  render           | Saved: '/tmp/clearvla_eval_opaque_74646.png'
02:27.658  render           | Saved: '/tmp/clearvla_eval_opaque_74646.png'
02:28.116  render           | Saved: '/tmp/clearvla_eval_opaque_74646.png'
02:28.438  render           | Saved: '/tmp/clearvla_eval_opaque_74646.png'
02:28.893  render           | Saved: '/tmp/clearvla_eval_opaque_74646.png'
02:29.221  render           | Saved: '/tmp/clearvla_eval_opaque_74646.png'
02:29.677  render           | Saved: '/tmp/clearvla_eval_opaque_74646.png'
02:29.991  render           | Saved: '/tmp/clearvla_eval_opaque_74646.png'
02:30.430  render           | Saved: '/tmp/clearvla_eval_opaque_74646.png'
02:30.759  render           | Saved: '/tmp/clearvla_eval_opaque_74646.png'
02:31.195  render           | Saved: '/tmp/clearvla_eval_opaque_74646.png'
02:31.519  render           | Saved: '/tmp/clearvla_eval_opaque_74646.png'
02:31.960  render           | Saved: '/tmp/clearvla_eval_opaque_74646.png'
02:32.285  render           | Saved: '/tmp/clearvla_eval_opaque_74646.png'
02:32.724  render           | Saved: '/tmp/clearvla_eval_opaque_74646.png'
02:33.051  render           | Saved: '/tmp/clearvla_eval_opaque_74646.png'
02:33.505  render           | Saved: '/tmp/clearvla_eval_opaque_74646.png'
02:33.828  render           | Saved: '/tmp/clearvla_eval_opaque_74646.png'
02:34.265  render           | Saved: '/tmp/clearvla_eval_opaque_74646.png'
02:34.592  render           | Saved: '/tmp/clearvla_eval_opaque_74646.png'
02:35.040  render           | Saved: '/tmp/clearvla_eval_opaque_74646.png'
02:35.361  render           | Saved: '/tmp/clearvla_eval_opaque_74646.png'
02:35.804  render           | Saved: '/tmp/clearvla_eval_opaque_74646.png'
02:36.124  render           | Saved: '/tmp/clearvla_eval_opaque_74646.png'
02:36.583  render           | Saved: '/tmp/clearvla_eval_opaque_74646.png'
02:36.906  render           | Saved: '/tmp/clearvla_eval_opaque_74646.png'
02:37.346  render           | Saved: '/tmp/clearvla_eval_opaque_74646.png'
02:37.672  render           | Saved: '/tmp/clearvla_eval_opaque_74646.png'
02:38.112  render           | Saved: '/tmp/clearvla_eval_opaque_74646.png'
02:38.441  render           | Saved: '/tmp/clearvla_eval_opaque_74646.png'
02:38.879  render           | Saved: '/tmp/clearvla_eval_opaque_74646.png'
02:39.210  render           | Saved: '/tmp/clearvla_eval_opaque_74646.png'
02:39.630  render           | Saved: '/tmp/clearvla_eval_opaque_74646.png'
02:39.970  render           | Saved: '/tmp/clearvla_eval_opaque_74646.png'
02:40.824  render           | Saved: '/tmp/clearvla_eval_opaque_74646.png'
02:41.197  render           | Saved: '/tmp/clearvla_eval_opaque_74646.png'
02:41.699  render           | Saved: '/tmp/clearvla_eval_opaque_74646.png'
02:42.077  render           | Saved: '/tmp/clearvla_eval_opaque_74646.png'
02:42.561  render           | Saved: '/tmp/clearvla_eval_opaque_74646.png'
02:42.959  render           | Saved: '/tmp/clearvla_eval_opaque_74646.png'
02:43.445  render           | Saved: '/tmp/clearvla_eval_opaque_74646.png'
02:43.826  render           | Saved: '/tmp/clearvla_eval_opaque_74646.png'
02:44.284  render           | Saved: '/tmp/clearvla_eval_opaque_74646.png'
02:44.674  render           | Saved: '/tmp/clearvla_eval_opaque_74646.png'
02:45.132  render           | Saved: '/tmp/clearvla_eval_opaque_74646.png'
02:45.506  render           | Saved: '/tmp/clearvla_eval_opaque_74646.png'
02:45.975  render           | Saved: '/tmp/clearvla_eval_opaque_74646.png'
02:46.348  render           | Saved: '/tmp/clearvla_eval_opaque_74646.png'
02:46.840  render           | Saved: '/tmp/clearvla_eval_opaque_74646.png'
02:47.247  render           | Saved: '/tmp/clearvla_eval_opaque_74646.png'
02:47.709  render           | Saved: '/tmp/clearvla_eval_opaque_74646.png'
02:48.104  render           | Saved: '/tmp/clearvla_eval_opaque_74646.png'
02:48.570  render           | Saved: '/tmp/clearvla_eval_opaque_74646.png'
02:48.968  render           | Saved: '/tmp/clearvla_eval_opaque_74646.png'
02:49.413  render           | Saved: '/tmp/clearvla_eval_opaque_74646.png'
02:49.792  render           | Saved: '/tmp/clearvla_eval_opaque_74646.png'
02:50.267  render           | Saved: '/tmp/clearvla_eval_opaque_74646.png'
02:50.644  render           | Saved: '/tmp/clearvla_eval_opaque_74646.png'
02:51.129  render           | Saved: '/tmp/clearvla_eval_opaque_74646.png'
02:51.527  render           | Saved: '/tmp/clearvla_eval_opaque_74646.png'
02:51.971  render           | Saved: '/tmp/clearvla_eval_opaque_74646.png'
02:52.324  render           | Saved: '/tmp/clearvla_eval_opaque_74646.png'
02:52.755  render           | Saved: '/tmp/clearvla_eval_opaque_74646.png'
02:53.112  render           | Saved: '/tmp/clearvla_eval_opaque_74646.png'
02:53.546  render           | Saved: '/tmp/clearvla_eval_opaque_74646.png'
02:53.867  render           | Saved: '/tmp/clearvla_eval_opaque_74646.png'
02:54.305  render           | Saved: '/tmp/clearvla_eval_opaque_74646.png'
02:54.634  render           | Saved: '/tmp/clearvla_eval_opaque_74646.png'
02:55.076  render           | Saved: '/tmp/clearvla_eval_opaque_74646.png'
02:55.406  render           | Saved: '/tmp/clearvla_eval_opaque_74646.png'
02:55.848  render           | Saved: '/tmp/clearvla_eval_opaque_74646.png'
02:56.178  render           | Saved: '/tmp/clearvla_eval_opaque_74646.png'
02:56.629  render           | Saved: '/tmp/clearvla_eval_opaque_74646.png'
02:56.957  render           | Saved: '/tmp/clearvla_eval_opaque_74646.png'
02:57.422  render           | Saved: '/tmp/clearvla_eval_opaque_74646.png'
02:57.743  render           | Saved: '/tmp/clearvla_eval_opaque_74646.png'
02:58.188  render           | Saved: '/tmp/clearvla_eval_opaque_74646.png'
02:58.514  render           | Saved: '/tmp/clearvla_eval_opaque_74646.png'
02:58.954  render           | Saved: '/tmp/clearvla_eval_opaque_74646.png'
02:59.280  render           | Saved: '/tmp/clearvla_eval_opaque_74646.png'
02:59.740  render           | Saved: '/tmp/clearvla_eval_opaque_74646.png'
03:00.065  render           | Saved: '/tmp/clearvla_eval_opaque_74646.png'
03:00.523  render           | Saved: '/tmp/clearvla_eval_opaque_74646.png'
03:00.846  render           | Saved: '/tmp/clearvla_eval_opaque_74646.png'
03:01.298  render           | Saved: '/tmp/clearvla_eval_opaque_74646.png'
03:01.619  render           | Saved: '/tmp/clearvla_eval_opaque_74646.png'
03:02.074  render           | Saved: '/tmp/clearvla_eval_opaque_74646.png'
03:02.413  render           | Saved: '/tmp/clearvla_eval_opaque_74646.png'
03:02.855  render           | Saved: '/tmp/clearvla_eval_opaque_74646.png'
03:03.192  render           | Saved: '/tmp/clearvla_eval_opaque_74646.png'
03:03.625  render           | Saved: '/tmp/clearvla_eval_opaque_74646.png'
03:03.952  render           | Saved: '/tmp/clearvla_eval_opaque_74646.png'
03:04.402  render           | Saved: '/tmp/clearvla_eval_opaque_74646.png'
03:04.733  render           | Saved: '/tmp/clearvla_eval_opaque_74646.png'
03:05.194  render           | Saved: '/tmp/clearvla_eval_opaque_74646.png'
03:05.532  render           | Saved: '/tmp/clearvla_eval_opaque_74646.png'
03:06.006  render           | Saved: '/tmp/clearvla_eval_opaque_74646.png'
03:06.338  render           | Saved: '/tmp/clearvla_eval_opaque_74646.png'
03:06.757  render           | Saved: '/tmp/clearvla_eval_opaque_74646.png'
03:07.101  render           | Saved: '/tmp/clearvla_eval_opaque_74646.png'
03:07.550  render           | Saved: '/tmp/clearvla_eval_opaque_74646.png'
03:07.904  render           | Saved: '/tmp/clearvla_eval_opaque_74646.png'
03:08.345  render           | Saved: '/tmp/clearvla_eval_opaque_74646.png'
03:08.693  render           | Saved: '/tmp/clearvla_eval_opaque_74646.png'
03:09.114  render           | Saved: '/tmp/clearvla_eval_opaque_74646.png'
03:09.468  render           | Saved: '/tmp/clearvla_eval_opaque_74646.png'
03:09.902  render           | Saved: '/tmp/clearvla_eval_opaque_74646.png'
03:10.237  render           | Saved: '/tmp/clearvla_eval_opaque_74646.png'
03:10.692  render           | Saved: '/tmp/clearvla_eval_opaque_74646.png'
03:11.018  render           | Saved: '/tmp/clearvla_eval_opaque_74646.png'
03:11.920  render           | Saved: '/tmp/clearvla_eval_opaque_74646.png'
03:12.300  render           | Saved: '/tmp/clearvla_eval_opaque_74646.png'
03:12.776  render           | Saved: '/tmp/clearvla_eval_opaque_74646.png'
03:13.152  render           | Saved: '/tmp/clearvla_eval_opaque_74646.png'
03:13.619  render           | Saved: '/tmp/clearvla_eval_opaque_74646.png'
03:14.006  render           | Saved: '/tmp/clearvla_eval_opaque_74646.png'
03:14.453  render           | Saved: '/tmp/clearvla_eval_opaque_74646.png'
03:14.835  render           | Saved: '/tmp/clearvla_eval_opaque_74646.png'
03:15.329  render           | Saved: '/tmp/clearvla_eval_opaque_74646.png'
03:15.687  render           | Saved: '/tmp/clearvla_eval_opaque_74646.png'
03:16.159  render           | Saved: '/tmp/clearvla_eval_opaque_74646.png'
03:16.528  render           | Saved: '/tmp/clearvla_eval_opaque_74646.png'
03:16.965  render           | Saved: '/tmp/clearvla_eval_opaque_74646.png'
03:17.351  render           | Saved: '/tmp/clearvla_eval_opaque_74646.png'
03:17.809  render           | Saved: '/tmp/clearvla_eval_opaque_74646.png'
03:18.188  render           | Saved: '/tmp/clearvla_eval_opaque_74646.png'
03:18.659  render           | Saved: '/tmp/clearvla_eval_opaque_74646.png'
03:19.041  render           | Saved: '/tmp/clearvla_eval_opaque_74646.png'
03:19.511  render           | Saved: '/tmp/clearvla_eval_opaque_74646.png'
03:19.884  render           | Saved: '/tmp/clearvla_eval_opaque_74646.png'
03:20.378  render           | Saved: '/tmp/clearvla_eval_opaque_74646.png'
03:20.748  render           | Saved: '/tmp/clearvla_eval_opaque_74646.png'
03:21.203  render           | Saved: '/tmp/clearvla_eval_opaque_74646.png'
03:21.574  render           | Saved: '/tmp/clearvla_eval_opaque_74646.png'
03:22.034  render           | Saved: '/tmp/clearvla_eval_opaque_74646.png'
03:22.423  render           | Saved: '/tmp/clearvla_eval_opaque_74646.png'
03:22.907  render           | Saved: '/tmp/clearvla_eval_opaque_74646.png'
03:23.263  render           | Saved: '/tmp/clearvla_eval_opaque_74646.png'
03:23.679  render           | Saved: '/tmp/clearvla_eval_opaque_74646.png'
03:24.027  render           | Saved: '/tmp/clearvla_eval_opaque_74646.png'
03:24.468  render           | Saved: '/tmp/clearvla_eval_opaque_74646.png'
03:24.797  render           | Saved: '/tmp/clearvla_eval_opaque_74646.png'
03:25.251  render           | Saved: '/tmp/clearvla_eval_opaque_74646.png'
03:25.577  render           | Saved: '/tmp/clearvla_eval_opaque_74646.png'
03:26.052  render           | Saved: '/tmp/clearvla_eval_opaque_74646.png'
03:26.377  render           | Saved: '/tmp/clearvla_eval_opaque_74646.png'
03:26.839  render           | Saved: '/tmp/clearvla_eval_opaque_74646.png'
03:27.160  render           | Saved: '/tmp/clearvla_eval_opaque_74646.png'
03:27.625  render           | Saved: '/tmp/clearvla_eval_opaque_74646.png'
03:27.954  render           | Saved: '/tmp/clearvla_eval_opaque_74646.png'
03:28.399  render           | Saved: '/tmp/clearvla_eval_opaque_74646.png'
03:28.726  render           | Saved: '/tmp/clearvla_eval_opaque_74646.png'
03:29.167  render           | Saved: '/tmp/clearvla_eval_opaque_74646.png'
03:29.495  render           | Saved: '/tmp/clearvla_eval_opaque_74646.png'
03:29.953  render           | Saved: '/tmp/clearvla_eval_opaque_74646.png'
03:30.274  render           | Saved: '/tmp/clearvla_eval_opaque_74646.png'
03:30.714  render           | Saved: '/tmp/clearvla_eval_opaque_74646.png'
03:31.045  render           | Saved: '/tmp/clearvla_eval_opaque_74646.png'
03:31.509  render           | Saved: '/tmp/clearvla_eval_opaque_74646.png'
03:31.861  render           | Saved: '/tmp/clearvla_eval_opaque_74646.png'
03:32.299  render           | Saved: '/tmp/clearvla_eval_opaque_74646.png'
03:32.641  render           | Saved: '/tmp/clearvla_eval_opaque_74646.png'
03:33.060  render           | Saved: '/tmp/clearvla_eval_opaque_74646.png'
03:33.387  render           | Saved: '/tmp/clearvla_eval_opaque_74646.png'
03:33.788  render           | Saved: '/tmp/clearvla_eval_opaque_74646.png'
03:34.118  render           | Saved: '/tmp/clearvla_eval_opaque_74646.png'
03:34.520  render           | Saved: '/tmp/clearvla_eval_opaque_74646.png'
03:34.830  render           | Saved: '/tmp/clearvla_eval_opaque_74646.png'
03:35.240  render           | Saved: '/tmp/clearvla_eval_opaque_74646.png'
03:35.569  render           | Saved: '/tmp/clearvla_eval_opaque_74646.png'
03:35.993  render           | Saved: '/tmp/clearvla_eval_opaque_74646.png'
03:36.338  render           | Saved: '/tmp/clearvla_eval_opaque_74646.png'
03:36.799  render           | Saved: '/tmp/clearvla_eval_opaque_74646.png'
03:37.175  render           | Saved: '/tmp/clearvla_eval_opaque_74646.png'
03:37.633  render           | Saved: '/tmp/clearvla_eval_opaque_74646.png'
03:38.003  render           | Saved: '/tmp/clearvla_eval_opaque_74646.png'
03:38.454  render           | Saved: '/tmp/clearvla_eval_opaque_74646.png'
03:38.826  render           | Saved: '/tmp/clearvla_eval_opaque_74646.png'
03:39.288  render           | Saved: '/tmp/clearvla_eval_opaque_74646.png'
03:39.671  render           | Saved: '/tmp/clearvla_eval_opaque_74646.png'
03:40.151  render           | Saved: '/tmp/clearvla_eval_opaque_74646.png'
03:40.537  render           | Saved: '/tmp/clearvla_eval_opaque_74646.png'
03:40.990  render           | Saved: '/tmp/clearvla_eval_opaque_74646.png'
03:41.382  render           | Saved: '/tmp/clearvla_eval_opaque_74646.png'
03:41.873  render           | Saved: '/tmp/clearvla_eval_opaque_74646.png'
03:42.217  render           | Saved: '/tmp/clearvla_eval_opaque_74646.png'
03:43.063  render           | Saved: '/tmp/clearvla_eval_opaque_74646.png'
03:43.438  render           | Saved: '/tmp/clearvla_eval_opaque_74646.png'
03:43.848  render           | Saved: '/tmp/clearvla_eval_opaque_74646.png'
03:44.230  render           | Saved: '/tmp/clearvla_eval_opaque_74646.png'
03:44.653  render           | Saved: '/tmp/clearvla_eval_opaque_74646.png'
03:45.017  render           | Saved: '/tmp/clearvla_eval_opaque_74646.png'
03:45.436  render           | Saved: '/tmp/clearvla_eval_opaque_74646.png'
03:45.784  render           | Saved: '/tmp/clearvla_eval_opaque_74646.png'
03:46.236  render           | Saved: '/tmp/clearvla_eval_opaque_74646.png'
03:46.565  render           | Saved: '/tmp/clearvla_eval_opaque_74646.png'
03:47.009  render           | Saved: '/tmp/clearvla_eval_opaque_74646.png'
03:47.336  render           | Saved: '/tmp/clearvla_eval_opaque_74646.png'
03:47.783  render           | Saved: '/tmp/clearvla_eval_opaque_74646.png'
03:48.112  render           | Saved: '/tmp/clearvla_eval_opaque_74646.png'
03:48.558  render           | Saved: '/tmp/clearvla_eval_opaque_74646.png'
03:48.892  render           | Saved: '/tmp/clearvla_eval_opaque_74646.png'
03:49.362  render           | Saved: '/tmp/clearvla_eval_opaque_74646.png'
03:49.702  render           | Saved: '/tmp/clearvla_eval_opaque_74646.png'
03:50.140  render           | Saved: '/tmp/clearvla_eval_opaque_74646.png'
03:50.469  render           | Saved: '/tmp/clearvla_eval_opaque_74646.png'
03:50.929  render           | Saved: '/tmp/clearvla_eval_opaque_74646.png'
03:51.272  render           | Saved: '/tmp/clearvla_eval_opaque_74646.png'
03:51.697  render           | Saved: '/tmp/clearvla_eval_opaque_74646.png'
03:52.044  render           | Saved: '/tmp/clearvla_eval_opaque_74646.png'
03:52.486  render           | Saved: '/tmp/clearvla_eval_opaque_74646.png'
03:52.830  render           | Saved: '/tmp/clearvla_eval_opaque_74646.png'
03:53.263  render           | Saved: '/tmp/clearvla_eval_opaque_74646.png'
03:53.602  render           | Saved: '/tmp/clearvla_eval_opaque_74646.png'
03:54.030  render           | Saved: '/tmp/clearvla_eval_opaque_74646.png'
03:54.366  render           | Saved: '/tmp/clearvla_eval_opaque_74646.png'
03:54.798  render           | Saved: '/tmp/clearvla_eval_opaque_74646.png'
03:55.144  render           | Saved: '/tmp/clearvla_eval_opaque_74646.png'
03:55.536  render           | Saved: '/tmp/clearvla_eval_opaque_74646.png'
03:55.881  render           | Saved: '/tmp/clearvla_eval_opaque_74646.png'
03:56.280  render           | Saved: '/tmp/clearvla_eval_opaque_74646.png'
03:56.624  render           | Saved: '/tmp/clearvla_eval_opaque_74646.png'
03:57.046  render           | Saved: '/tmp/clearvla_eval_opaque_74646.png'
03:57.416  render           | Saved: '/tmp/clearvla_eval_opaque_74646.png'
03:57.877  render           | Saved: '/tmp/clearvla_eval_opaque_74646.png'
03:58.260  render           | Saved: '/tmp/clearvla_eval_opaque_74646.png'
03:58.755  render           | Saved: '/tmp/clearvla_eval_opaque_74646.png'
03:59.134  render           | Saved: '/tmp/clearvla_eval_opaque_74646.png'
03:59.595  render           | Saved: '/tmp/clearvla_eval_opaque_74646.png'
03:59.962  render           | Saved: '/tmp/clearvla_eval_opaque_74646.png'
04:00.434  render           | Saved: '/tmp/clearvla_eval_opaque_74646.png'
04:00.790  render           | Saved: '/tmp/clearvla_eval_opaque_74646.png'
04:01.248  render           | Saved: '/tmp/clearvla_eval_opaque_74646.png'
04:01.615  render           | Saved: '/tmp/clearvla_eval_opaque_74646.png'
04:02.041  render           | Saved: '/tmp/clearvla_eval_opaque_74646.png'
04:02.404  render           | Saved: '/tmp/clearvla_eval_opaque_74646.png'
04:02.879  render           | Saved: '/tmp/clearvla_eval_opaque_74646.png'
04:03.229  render           | Saved: '/tmp/clearvla_eval_opaque_74646.png'
04:03.688  render           | Saved: '/tmp/clearvla_eval_opaque_74646.png'
04:04.073  render           | Saved: '/tmp/clearvla_eval_opaque_74646.png'
04:04.540  render           | Saved: '/tmp/clearvla_eval_opaque_74646.png'
04:04.918  render           | Saved: '/tmp/clearvla_eval_opaque_74646.png'
04:05.389  render           | Saved: '/tmp/clearvla_eval_opaque_74646.png'
04:05.769  render           | Saved: '/tmp/clearvla_eval_opaque_74646.png'
04:06.236  render           | Saved: '/tmp/clearvla_eval_opaque_74646.png'
04:06.625  render           | Saved: '/tmp/clearvla_eval_opaque_74646.png'
04:07.085  render           | Saved: '/tmp/clearvla_eval_opaque_74646.png'
04:07.472  render           | Saved: '/tmp/clearvla_eval_opaque_74646.png'
04:07.938  render           | Saved: '/tmp/clearvla_eval_opaque_74646.png'
04:08.336  render           | Saved: '/tmp/clearvla_eval_opaque_74646.png'
04:08.807  render           | Saved: '/tmp/clearvla_eval_opaque_74646.png'
04:09.178  render           | Saved: '/tmp/clearvla_eval_opaque_74646.png'
04:09.648  render           | Saved: '/tmp/clearvla_eval_opaque_74646.png'
04:10.033  render           | Saved: '/tmp/clearvla_eval_opaque_74646.png'
04:10.493  render           | Saved: '/tmp/clearvla_eval_opaque_74646.png'
04:10.880  render           | Saved: '/tmp/clearvla_eval_opaque_74646.png'
04:11.355  render           | Saved: '/tmp/clearvla_eval_opaque_74646.png'
04:11.714  render           | Saved: '/tmp/clearvla_eval_opaque_74646.png'
04:12.181  render           | Saved: '/tmp/clearvla_eval_opaque_74646.png'
04:12.569  render           | Saved: '/tmp/clearvla_eval_opaque_74646.png'
04:13.028  render           | Saved: '/tmp/clearvla_eval_opaque_74646.png'
04:13.400  render           | Saved: '/tmp/clearvla_eval_opaque_74646.png'
04:14.243  render           | Saved: '/tmp/clearvla_eval_opaque_74646.png'
04:14.611  render           | Saved: '/tmp/clearvla_eval_opaque_74646.png'
04:15.047  render           | Saved: '/tmp/clearvla_eval_opaque_74646.png'
04:15.425  render           | Saved: '/tmp/clearvla_eval_opaque_74646.png'
04:15.818  render           | Saved: '/tmp/clearvla_eval_opaque_74646.png'
04:16.199  render           | Saved: '/tmp/clearvla_eval_opaque_74646.png'
04:16.591  render           | Saved: '/tmp/clearvla_eval_opaque_74646.png'
04:16.946  render           | Saved: '/tmp/clearvla_eval_opaque_74646.png'
04:17.354  render           | Saved: '/tmp/clearvla_eval_opaque_74646.png'
04:17.729  render           | Saved: '/tmp/clearvla_eval_opaque_74646.png'
04:18.131  render           | Saved: '/tmp/clearvla_eval_opaque_74646.png'
04:18.499  render           | Saved: '/tmp/clearvla_eval_opaque_74646.png'
04:18.905  render           | Saved: '/tmp/clearvla_eval_opaque_74646.png'
04:19.287  render           | Saved: '/tmp/clearvla_eval_opaque_74646.png'
04:19.695  render           | Saved: '/tmp/clearvla_eval_opaque_74646.png'
04:20.064  render           | Saved: '/tmp/clearvla_eval_opaque_74646.png'
04:20.462  render           | Saved: '/tmp/clearvla_eval_opaque_74646.png'
04:20.817  render           | Saved: '/tmp/clearvla_eval_opaque_74646.png'
04:21.230  render           | Saved: '/tmp/clearvla_eval_opaque_74646.png'
04:21.566  render           | Saved: '/tmp/clearvla_eval_opaque_74646.png'
04:22.008  render           | Saved: '/tmp/clearvla_eval_opaque_74646.png'
04:22.335  render           | Saved: '/tmp/clearvla_eval_opaque_74646.png'
04:22.788  render           | Saved: '/tmp/clearvla_eval_opaque_74646.png'
04:23.110  render           | Saved: '/tmp/clearvla_eval_opaque_74646.png'
04:23.550  render           | Saved: '/tmp/clearvla_eval_opaque_74646.png'
04:23.872  render           | Saved: '/tmp/clearvla_eval_opaque_74646.png'
04:24.314  render           | Saved: '/tmp/clearvla_eval_opaque_74646.png'
04:24.643  render           | Saved: '/tmp/clearvla_eval_opaque_74646.png'
04:25.102  render           | Saved: '/tmp/clearvla_eval_opaque_74646.png'
04:25.431  render           | Saved: '/tmp/clearvla_eval_opaque_74646.png'
04:25.852  render           | Saved: '/tmp/clearvla_eval_opaque_74646.png'
04:26.209  render           | Saved: '/tmp/clearvla_eval_opaque_74646.png'
04:26.645  render           | Saved: '/tmp/clearvla_eval_opaque_74646.png'
04:27.030  render           | Saved: '/tmp/clearvla_eval_opaque_74646.png'
04:27.502  render           | Saved: '/tmp/clearvla_eval_opaque_74646.png'
04:27.885  render           | Saved: '/tmp/clearvla_eval_opaque_74646.png'
04:28.342  render           | Saved: '/tmp/clearvla_eval_opaque_74646.png'
04:28.712  render           | Saved: '/tmp/clearvla_eval_opaque_74646.png'
04:29.169  render           | Saved: '/tmp/clearvla_eval_opaque_74646.png'
04:29.539  render           | Saved: '/tmp/clearvla_eval_opaque_74646.png'
04:30.004  render           | Saved: '/tmp/clearvla_eval_opaque_74646.png'
04:30.377  render           | Saved: '/tmp/clearvla_eval_opaque_74646.png'
04:30.853  render           | Saved: '/tmp/clearvla_eval_opaque_74646.png'
04:31.215  render           | Saved: '/tmp/clearvla_eval_opaque_74646.png'
04:31.687  render           | Saved: '/tmp/clearvla_eval_opaque_74646.png'
04:32.061  render           | Saved: '/tmp/clearvla_eval_opaque_74646.png'
04:32.522  render           | Saved: '/tmp/clearvla_eval_opaque_74646.png'
04:32.900  render           | Saved: '/tmp/clearvla_eval_opaque_74646.png'
04:33.381  render           | Saved: '/tmp/clearvla_eval_opaque_74646.png'
04:33.733  render           | Saved: '/tmp/clearvla_eval_opaque_74646.png'
04:34.208  render           | Saved: '/tmp/clearvla_eval_opaque_74646.png'
04:34.583  render           | Saved: '/tmp/clearvla_eval_opaque_74646.png'
04:35.054  render           | Saved: '/tmp/clearvla_eval_opaque_74646.png'
04:35.426  render           | Saved: '/tmp/clearvla_eval_opaque_74646.png'
04:35.895  render           | Saved: '/tmp/clearvla_eval_opaque_74646.png'
04:36.265  render           | Saved: '/tmp/clearvla_eval_opaque_74646.png'
04:36.722  render           | Saved: '/tmp/clearvla_eval_opaque_74646.png'
04:37.094  render           | Saved: '/tmp/clearvla_eval_opaque_74646.png'
04:37.550  render           | Saved: '/tmp/clearvla_eval_opaque_74646.png'
04:37.919  render           | Saved: '/tmp/clearvla_eval_opaque_74646.png'
04:38.381  render           | Saved: '/tmp/clearvla_eval_opaque_74646.png'
04:38.746  render           | Saved: '/tmp/clearvla_eval_opaque_74646.png'
04:39.205  render           | Saved: '/tmp/clearvla_eval_opaque_74646.png'
04:39.585  render           | Saved: '/tmp/clearvla_eval_opaque_74646.png'
04:40.056  render           | Saved: '/tmp/clearvla_eval_opaque_74646.png'
04:40.411  render           | Saved: '/tmp/clearvla_eval_opaque_74646.png'
04:40.867  render           | Saved: '/tmp/clearvla_eval_opaque_74646.png'
04:41.255  render           | Saved: '/tmp/clearvla_eval_opaque_74646.png'
04:41.718  render           | Saved: '/tmp/clearvla_eval_opaque_74646.png'
04:42.106  render           | Saved: '/tmp/clearvla_eval_opaque_74646.png'
04:42.573  render           | Saved: '/tmp/clearvla_eval_opaque_74646.png'
04:42.939  render           | Saved: '/tmp/clearvla_eval_opaque_74646.png'
04:43.411  render           | Saved: '/tmp/clearvla_eval_opaque_74646.png'
04:43.815  render           | Saved: '/tmp/clearvla_eval_opaque_74646.png'
04:44.283  render           | Saved: '/tmp/clearvla_eval_opaque_74646.png'
04:44.648  render           | Saved: '/tmp/clearvla_eval_opaque_74646.png'
04:45.470  render           | Saved: '/tmp/clearvla_eval_opaque_74646.png'
04:45.805  render           | Saved: '/tmp/clearvla_eval_opaque_74646.png'
04:46.258  render           | Saved: '/tmp/clearvla_eval_opaque_74646.png'
04:46.584  render           | Saved: '/tmp/clearvla_eval_opaque_74646.png'
04:47.046  render           | Saved: '/tmp/clearvla_eval_opaque_74646.png'
04:47.378  render           | Saved: '/tmp/clearvla_eval_opaque_74646.png'
04:47.817  render           | Saved: '/tmp/clearvla_eval_opaque_74646.png'
04:48.155  render           | Saved: '/tmp/clearvla_eval_opaque_74646.png'
04:48.586  render           | Saved: '/tmp/clearvla_eval_opaque_74646.png'
04:48.912  render           | Saved: '/tmp/clearvla_eval_opaque_74646.png'
04:49.351  render           | Saved: '/tmp/clearvla_eval_opaque_74646.png'
04:49.672  render           | Saved: '/tmp/clearvla_eval_opaque_74646.png'
04:50.112  render           | Saved: '/tmp/clearvla_eval_opaque_74646.png'
04:50.442  render           | Saved: '/tmp/clearvla_eval_opaque_74646.png'
04:50.887  render           | Saved: '/tmp/clearvla_eval_opaque_74646.png'
04:51.210  render           | Saved: '/tmp/clearvla_eval_opaque_74646.png'
04:51.669  render           | Saved: '/tmp/clearvla_eval_opaque_74646.png'
04:51.989  render           | Saved: '/tmp/clearvla_eval_opaque_74646.png'
04:52.444  render           | Saved: '/tmp/clearvla_eval_opaque_74646.png'
04:52.766  render           | Saved: '/tmp/clearvla_eval_opaque_74646.png'
04:53.240  render           | Saved: '/tmp/clearvla_eval_opaque_74646.png'
04:53.559  render           | Saved: '/tmp/clearvla_eval_opaque_74646.png'
04:54.011  render           | Saved: '/tmp/clearvla_eval_opaque_74646.png'
04:54.358  render           | Saved: '/tmp/clearvla_eval_opaque_74646.png'
04:54.797  render           | Saved: '/tmp/clearvla_eval_opaque_74646.png'
04:55.140  render           | Saved: '/tmp/clearvla_eval_opaque_74646.png'
04:55.576  render           | Saved: '/tmp/clearvla_eval_opaque_74646.png'
04:55.904  render           | Saved: '/tmp/clearvla_eval_opaque_74646.png'
04:56.324  render           | Saved: '/tmp/clearvla_eval_opaque_74646.png'
04:56.661  render           | Saved: '/tmp/clearvla_eval_opaque_74646.png'
04:57.085  render           | Saved: '/tmp/clearvla_eval_opaque_74646.png'
04:57.417  render           | Saved: '/tmp/clearvla_eval_opaque_74646.png'
04:57.845  render           | Saved: '/tmp/clearvla_eval_opaque_74646.png'
04:58.178  render           | Saved: '/tmp/clearvla_eval_opaque_74646.png'
04:58.611  render           | Saved: '/tmp/clearvla_eval_opaque_74646.png'
04:58.937  render           | Saved: '/tmp/clearvla_eval_opaque_74646.png'
04:59.339  render           | Saved: '/tmp/clearvla_eval_opaque_74646.png'
04:59.670  render           | Saved: '/tmp/clearvla_eval_opaque_74646.png'
05:00.105  render           | Saved: '/tmp/clearvla_eval_opaque_74646.png'
05:00.444  render           | Saved: '/tmp/clearvla_eval_opaque_74646.png'
05:00.875  render           | Saved: '/tmp/clearvla_eval_opaque_74646.png'
05:01.211  render           | Saved: '/tmp/clearvla_eval_opaque_74646.png'
05:01.637  render           | Saved: '/tmp/clearvla_eval_opaque_74646.png'
05:01.963  render           | Saved: '/tmp/clearvla_eval_opaque_74646.png'
05:02.395  render           | Saved: '/tmp/clearvla_eval_opaque_74646.png'
05:02.753  render           | Saved: '/tmp/clearvla_eval_opaque_74646.png'
05:03.161  render           | Saved: '/tmp/clearvla_eval_opaque_74646.png'
05:03.512  render           | Saved: '/tmp/clearvla_eval_opaque_74646.png'
05:03.908  render           | Saved: '/tmp/clearvla_eval_opaque_74646.png'
05:04.239  render           | Saved: '/tmp/clearvla_eval_opaque_74646.png'
05:04.635  render           | Saved: '/tmp/clearvla_eval_opaque_74646.png'
05:04.993  render           | Saved: '/tmp/clearvla_eval_opaque_74646.png'
05:05.445  render           | Saved: '/tmp/clearvla_eval_opaque_74646.png'
05:05.813  render           | Saved: '/tmp/clearvla_eval_opaque_74646.png'
05:06.268  render           | Saved: '/tmp/clearvla_eval_opaque_74646.png'
05:06.652  render           | Saved: '/tmp/clearvla_eval_opaque_74646.png'
05:07.129  render           | Saved: '/tmp/clearvla_eval_opaque_74646.png'
05:07.517  render           | Saved: '/tmp/clearvla_eval_opaque_74646.png'
05:07.995  render           | Saved: '/tmp/clearvla_eval_opaque_74646.png'
05:08.364  render           | Saved: '/tmp/clearvla_eval_opaque_74646.png'
05:08.829  render           | Saved: '/tmp/clearvla_eval_opaque_74646.png'
05:09.204  render           | Saved: '/tmp/clearvla_eval_opaque_74646.png'
05:09.660  render           | Saved: '/tmp/clearvla_eval_opaque_74646.png'
05:10.043  render           | Saved: '/tmp/clearvla_eval_opaque_74646.png'
05:10.532  render           | Saved: '/tmp/clearvla_eval_opaque_74646.png'
05:10.911  render           | Saved: '/tmp/clearvla_eval_opaque_74646.png'
05:11.367  render           | Saved: '/tmp/clearvla_eval_opaque_74646.png'
05:11.762  render           | Saved: '/tmp/clearvla_eval_opaque_74646.png'
05:12.243  render           | Saved: '/tmp/clearvla_eval_opaque_74646.png'
05:12.611  render           | Saved: '/tmp/clearvla_eval_opaque_74646.png'
05:13.080  render           | Saved: '/tmp/clearvla_eval_opaque_74646.png'
05:13.432  render           | Saved: '/tmp/clearvla_eval_opaque_74646.png'
05:13.897  render           | Saved: '/tmp/clearvla_eval_opaque_74646.png'
05:14.284  render           | Saved: '/tmp/clearvla_eval_opaque_74646.png'
05:14.780  render           | Saved: '/tmp/clearvla_eval_opaque_74646.png'
05:15.170  render           | Saved: '/tmp/clearvla_eval_opaque_74646.png'
[cache25/opaque] grasp: 0/10  (5.2 min, 30.1 s/ep)
05:16.028  render           | Saved: '/tmp/clearvla_eval_opaque_74646.png'
05:16.418  render           | Saved: '/tmp/clearvla_eval_opaque_74646.png'
05:16.823  render           | Saved: '/tmp/clearvla_eval_opaque_74646.png'
05:17.213  render           | Saved: '/tmp/clearvla_eval_opaque_74646.png'
05:17.606  render           | Saved: '/tmp/clearvla_eval_opaque_74646.png'
05:18.001  render           | Saved: '/tmp/clearvla_eval_opaque_74646.png'
05:18.397  render           | Saved: '/tmp/clearvla_eval_opaque_74646.png'
05:18.793  render           | Saved: '/tmp/clearvla_eval_opaque_74646.png'
05:19.184  render           | Saved: '/tmp/clearvla_eval_opaque_74646.png'
05:19.572  render           | Saved: '/tmp/clearvla_eval_opaque_74646.png'
05:19.979  render           | Saved: '/tmp/clearvla_eval_opaque_74646.png'
05:20.349  render           | Saved: '/tmp/clearvla_eval_opaque_74646.png'
05:20.757  render           | Saved: '/tmp/clearvla_eval_opaque_74646.png'
05:21.127  render           | Saved: '/tmp/clearvla_eval_opaque_74646.png'
05:21.533  render           | Saved: '/tmp/clearvla_eval_opaque_74646.png'
05:21.871  render           | Saved: '/tmp/clearvla_eval_opaque_74646.png'
05:22.303  render           | Saved: '/tmp/clearvla_eval_opaque_74646.png'
05:22.626  render           | Saved: '/tmp/clearvla_eval_opaque_74646.png'
05:23.082  render           | Saved: '/tmp/clearvla_eval_opaque_74646.png'
05:23.409  render           | Saved: '/tmp/clearvla_eval_opaque_74646.png'
05:23.842  render           | Saved: '/tmp/clearvla_eval_opaque_74646.png'
05:24.172  render           | Saved: '/tmp/clearvla_eval_opaque_74646.png'
05:24.615  render           | Saved: '/tmp/clearvla_eval_opaque_74646.png'
05:24.943  render           | Saved: '/tmp/clearvla_eval_opaque_74646.png'
05:25.398  render           | Saved: '/tmp/clearvla_eval_opaque_74646.png'
05:25.721  render           | Saved: '/tmp/clearvla_eval_opaque_74646.png'
05:26.181  render           | Saved: '/tmp/clearvla_eval_opaque_74646.png'
05:26.516  render           | Saved: '/tmp/clearvla_eval_opaque_74646.png'
05:26.945  render           | Saved: '/tmp/clearvla_eval_opaque_74646.png'
05:27.270  render           | Saved: '/tmp/clearvla_eval_opaque_74646.png'
05:27.684  render           | Saved: '/tmp/clearvla_eval_opaque_74646.png'
05:28.028  render           | Saved: '/tmp/clearvla_eval_opaque_74646.png'
05:28.448  render           | Saved: '/tmp/clearvla_eval_opaque_74646.png'
05:28.800  render           | Saved: '/tmp/clearvla_eval_opaque_74646.png'
05:29.253  render           | Saved: '/tmp/clearvla_eval_opaque_74646.png'
05:29.624  render           | Saved: '/tmp/clearvla_eval_opaque_74646.png'
05:30.078  render           | Saved: '/tmp/clearvla_eval_opaque_74646.png'
05:30.450  render           | Saved: '/tmp/clearvla_eval_opaque_74646.png'
05:30.908  render           | Saved: '/tmp/clearvla_eval_opaque_74646.png'
05:31.284  render           | Saved: '/tmp/clearvla_eval_opaque_74646.png'
05:31.747  render           | Saved: '/tmp/clearvla_eval_opaque_74646.png'
05:32.114  render           | Saved: '/tmp/clearvla_eval_opaque_74646.png'
05:32.564  render           | Saved: '/tmp/clearvla_eval_opaque_74646.png'
05:32.930  render           | Saved: '/tmp/clearvla_eval_opaque_74646.png'
05:33.397  render           | Saved: '/tmp/clearvla_eval_opaque_74646.png'
05:33.753  render           | Saved: '/tmp/clearvla_eval_opaque_74646.png'
05:34.213  render           | Saved: '/tmp/clearvla_eval_opaque_74646.png'
05:34.572  render           | Saved: '/tmp/clearvla_eval_opaque_74646.png'
05:35.027  render           | Saved: '/tmp/clearvla_eval_opaque_74646.png'
05:35.399  render           | Saved: '/tmp/clearvla_eval_opaque_74646.png'
05:35.859  render           | Saved: '/tmp/clearvla_eval_opaque_74646.png'
05:36.226  render           | Saved: '/tmp/clearvla_eval_opaque_74646.png'
05:36.692  render           | Saved: '/tmp/clearvla_eval_opaque_74646.png'
05:37.060  render           | Saved: '/tmp/clearvla_eval_opaque_74646.png'
05:37.538  render           | Saved: '/tmp/clearvla_eval_opaque_74646.png'
05:37.932  render           | Saved: '/tmp/clearvla_eval_opaque_74646.png'
05:38.407  render           | Saved: '/tmp/clearvla_eval_opaque_74646.png'
05:38.796  render           | Saved: '/tmp/clearvla_eval_opaque_74646.png'
05:39.279  render           | Saved: '/tmp/clearvla_eval_opaque_74646.png'
05:39.648  render           | Saved: '/tmp/clearvla_eval_opaque_74646.png'
05:40.112  render           | Saved: '/tmp/clearvla_eval_opaque_74646.png'
05:40.489  render           | Saved: '/tmp/clearvla_eval_opaque_74646.png'
05:40.977  render           | Saved: '/tmp/clearvla_eval_opaque_74646.png'
05:41.379  render           | Saved: '/tmp/clearvla_eval_opaque_74646.png'
05:41.859  render           | Saved: '/tmp/clearvla_eval_opaque_74646.png'
05:42.244  render           | Saved: '/tmp/clearvla_eval_opaque_74646.png'
05:42.721  render           | Saved: '/tmp/clearvla_eval_opaque_74646.png'
05:43.092  render           | Saved: '/tmp/clearvla_eval_opaque_74646.png'
05:43.563  render           | Saved: '/tmp/clearvla_eval_opaque_74646.png'
05:43.926  render           | Saved: '/tmp/clearvla_eval_opaque_74646.png'
05:44.387  render           | Saved: '/tmp/clearvla_eval_opaque_74646.png'
05:44.741  render           | Saved: '/tmp/clearvla_eval_opaque_74646.png'
05:45.199  render           | Saved: '/tmp/clearvla_eval_opaque_74646.png'
05:45.576  render           | Saved: '/tmp/clearvla_eval_opaque_74646.png'
05:46.052  render           | Saved: '/tmp/clearvla_eval_opaque_74646.png'
05:46.432  render           | Saved: '/tmp/clearvla_eval_opaque_74646.png'
05:47.239  render           | Saved: '/tmp/clearvla_eval_opaque_74646.png'
05:47.566  render           | Saved: '/tmp/clearvla_eval_opaque_74646.png'
05:48.033  render           | Saved: '/tmp/clearvla_eval_opaque_74646.png'
05:48.375  render           | Saved: '/tmp/clearvla_eval_opaque_74646.png'
05:48.817  render           | Saved: '/tmp/clearvla_eval_opaque_74646.png'
05:49.156  render           | Saved: '/tmp/clearvla_eval_opaque_74646.png'
05:49.600  render           | Saved: '/tmp/clearvla_eval_opaque_74646.png'
05:49.929  render           | Saved: '/tmp/clearvla_eval_opaque_74646.png'
05:50.416  render           | Saved: '/tmp/clearvla_eval_opaque_74646.png'
05:50.758  render           | Saved: '/tmp/clearvla_eval_opaque_74646.png'
05:51.197  render           | Saved: '/tmp/clearvla_eval_opaque_74646.png'
05:51.535  render           | Saved: '/tmp/clearvla_eval_opaque_74646.png'
05:52.250  render           | Saved: '/tmp/clearvla_eval_opaque_74646.png'
05:52.629  render           | Saved: '/tmp/clearvla_eval_opaque_74646.png'
05:53.093  render           | Saved: '/tmp/clearvla_eval_opaque_74646.png'
05:53.426  render           | Saved: '/tmp/clearvla_eval_opaque_74646.png'
05:53.848  render           | Saved: '/tmp/clearvla_eval_opaque_74646.png'
05:54.175  render           | Saved: '/tmp/clearvla_eval_opaque_74646.png'
05:54.619  render           | Saved: '/tmp/clearvla_eval_opaque_74646.png'
05:54.939  render           | Saved: '/tmp/clearvla_eval_opaque_74646.png'
05:55.347  render           | Saved: '/tmp/clearvla_eval_opaque_74646.png'
05:55.678  render           | Saved: '/tmp/clearvla_eval_opaque_74646.png'
05:56.106  render           | Saved: '/tmp/clearvla_eval_opaque_74646.png'
05:56.469  render           | Saved: '/tmp/clearvla_eval_opaque_74646.png'
05:56.889  render           | Saved: '/tmp/clearvla_eval_opaque_74646.png'
05:57.221  render           | Saved: '/tmp/clearvla_eval_opaque_74646.png'
05:57.613  render           | Saved: '/tmp/clearvla_eval_opaque_74646.png'
05:57.936  render           | Saved: '/tmp/clearvla_eval_opaque_74646.png'
05:58.341  render           | Saved: '/tmp/clearvla_eval_opaque_74646.png'
05:58.680  render           | Saved: '/tmp/clearvla_eval_opaque_74646.png'
05:59.083  render           | Saved: '/tmp/clearvla_eval_opaque_74646.png'
05:59.415  render           | Saved: '/tmp/clearvla_eval_opaque_74646.png'
05:59.855  render           | Saved: '/tmp/clearvla_eval_opaque_74646.png'
06:00.191  render           | Saved: '/tmp/clearvla_eval_opaque_74646.png'
06:00.628  render           | Saved: '/tmp/clearvla_eval_opaque_74646.png'
06:00.954  render           | Saved: '/tmp/clearvla_eval_opaque_74646.png'
06:01.370  render           | Saved: '/tmp/clearvla_eval_opaque_74646.png'
06:01.702  render           | Saved: '/tmp/clearvla_eval_opaque_74646.png'
06:02.120  render           | Saved: '/tmp/clearvla_eval_opaque_74646.png'
06:02.452  render           | Saved: '/tmp/clearvla_eval_opaque_74646.png'
06:02.865  render           | Saved: '/tmp/clearvla_eval_opaque_74646.png'
06:03.197  render           | Saved: '/tmp/clearvla_eval_opaque_74646.png'
06:03.606  render           | Saved: '/tmp/clearvla_eval_opaque_74646.png'
06:03.935  render           | Saved: '/tmp/clearvla_eval_opaque_74646.png'
06:04.341  render           | Saved: '/tmp/clearvla_eval_opaque_74646.png'
06:04.675  render           | Saved: '/tmp/clearvla_eval_opaque_74646.png'
06:05.070  render           | Saved: '/tmp/clearvla_eval_opaque_74646.png'
06:05.402  render           | Saved: '/tmp/clearvla_eval_opaque_74646.png'
06:05.815  render           | Saved: '/tmp/clearvla_eval_opaque_74646.png'
06:06.153  render           | Saved: '/tmp/clearvla_eval_opaque_74646.png'
06:06.566  render           | Saved: '/tmp/clearvla_eval_opaque_74646.png'
06:06.898  render           | Saved: '/tmp/clearvla_eval_opaque_74646.png'
06:07.312  render           | Saved: '/tmp/clearvla_eval_opaque_74646.png'
06:07.651  render           | Saved: '/tmp/clearvla_eval_opaque_74646.png'
06:08.056  render           | Saved: '/tmp/clearvla_eval_opaque_74646.png'
06:08.389  render           | Saved: '/tmp/clearvla_eval_opaque_74646.png'
06:08.797  render           | Saved: '/tmp/clearvla_eval_opaque_74646.png'
06:09.145  render           | Saved: '/tmp/clearvla_eval_opaque_74646.png'
06:09.557  render           | Saved: '/tmp/clearvla_eval_opaque_74646.png'
06:09.885  render           | Saved: '/tmp/clearvla_eval_opaque_74646.png'
06:10.298  render           | Saved: '/tmp/clearvla_eval_opaque_74646.png'
06:10.628  render           | Saved: '/tmp/clearvla_eval_opaque_74646.png'
06:11.039  render           | Saved: '/tmp/clearvla_eval_opaque_74646.png'
06:11.360  render           | Saved: '/tmp/clearvla_eval_opaque_74646.png'
06:11.774  render           | Saved: '/tmp/clearvla_eval_opaque_74646.png'
06:12.101  render           | Saved: '/tmp/clearvla_eval_opaque_74646.png'
06:12.518  render           | Saved: '/tmp/clearvla_eval_opaque_74646.png'
06:12.855  render           | Saved: '/tmp/clearvla_eval_opaque_74646.png'
06:13.264  render           | Saved: '/tmp/clearvla_eval_opaque_74646.png'
06:13.593  render           | Saved: '/tmp/clearvla_eval_opaque_74646.png'
06:14.002  render           | Saved: '/tmp/clearvla_eval_opaque_74646.png'
06:14.331  render           | Saved: '/tmp/clearvla_eval_opaque_74646.png'
06:14.773  render           | Saved: '/tmp/clearvla_eval_opaque_74646.png'
06:15.102  render           | Saved: '/tmp/clearvla_eval_opaque_74646.png'
06:15.572  render           | Saved: '/tmp/clearvla_eval_opaque_74646.png'
06:15.896  render           | Saved: '/tmp/clearvla_eval_opaque_74646.png'
06:16.783  render           | Saved: '/tmp/clearvla_eval_opaque_74646.png'
06:17.117  render           | Saved: '/tmp/clearvla_eval_opaque_74646.png'
06:17.531  render           | Saved: '/tmp/clearvla_eval_opaque_74646.png'
06:17.870  render           | Saved: '/tmp/clearvla_eval_opaque_74646.png'
06:18.280  render           | Saved: '/tmp/clearvla_eval_opaque_74646.png'
06:18.620  render           | Saved: '/tmp/clearvla_eval_opaque_74646.png'
06:19.033  render           | Saved: '/tmp/clearvla_eval_opaque_74646.png'
06:19.369  render           | Saved: '/tmp/clearvla_eval_opaque_74646.png'
06:19.797  render           | Saved: '/tmp/clearvla_eval_opaque_74646.png'
06:20.164  render           | Saved: '/tmp/clearvla_eval_opaque_74646.png'
06:20.597  render           | Saved: '/tmp/clearvla_eval_opaque_74646.png'
06:20.953  render           | Saved: '/tmp/clearvla_eval_opaque_74646.png'
06:21.390  render           | Saved: '/tmp/clearvla_eval_opaque_74646.png'
06:21.743  render           | Saved: '/tmp/clearvla_eval_opaque_74646.png'
06:22.177  render           | Saved: '/tmp/clearvla_eval_opaque_74646.png'
06:22.529  render           | Saved: '/tmp/clearvla_eval_opaque_74646.png'
06:22.966  render           | Saved: '/tmp/clearvla_eval_opaque_74646.png'
06:23.330  render           | Saved: '/tmp/clearvla_eval_opaque_74646.png'
06:23.771  render           | Saved: '/tmp/clearvla_eval_opaque_74646.png'
06:24.124  render           | Saved: '/tmp/clearvla_eval_opaque_74646.png'
06:24.557  render           | Saved: '/tmp/clearvla_eval_opaque_74646.png'
06:24.908  render           | Saved: '/tmp/clearvla_eval_opaque_74646.png'
06:25.340  render           | Saved: '/tmp/clearvla_eval_opaque_74646.png'
06:25.705  render           | Saved: '/tmp/clearvla_eval_opaque_74646.png'
06:26.143  render           | Saved: '/tmp/clearvla_eval_opaque_74646.png'
06:26.513  render           | Saved: '/tmp/clearvla_eval_opaque_74646.png'
06:26.976  render           | Saved: '/tmp/clearvla_eval_opaque_74646.png'
06:27.346  render           | Saved: '/tmp/clearvla_eval_opaque_74646.png'
06:27.780  render           | Saved: '/tmp/clearvla_eval_opaque_74646.png'
06:28.129  render           | Saved: '/tmp/clearvla_eval_opaque_74646.png'
06:28.537  render           | Saved: '/tmp/clearvla_eval_opaque_74646.png'
06:28.879  render           | Saved: '/tmp/clearvla_eval_opaque_74646.png'
06:29.305  render           | Saved: '/tmp/clearvla_eval_opaque_74646.png'
06:29.631  render           | Saved: '/tmp/clearvla_eval_opaque_74646.png'
06:30.046  render           | Saved: '/tmp/clearvla_eval_opaque_74646.png'
06:30.372  render           | Saved: '/tmp/clearvla_eval_opaque_74646.png'
06:30.782  render           | Saved: '/tmp/clearvla_eval_opaque_74646.png'
06:31.108  render           | Saved: '/tmp/clearvla_eval_opaque_74646.png'
06:31.532  render           | Saved: '/tmp/clearvla_eval_opaque_74646.png'
06:31.859  render           | Saved: '/tmp/clearvla_eval_opaque_74646.png'
06:32.282  render           | Saved: '/tmp/clearvla_eval_opaque_74646.png'
06:32.641  render           | Saved: '/tmp/clearvla_eval_opaque_74646.png'
06:33.051  render           | Saved: '/tmp/clearvla_eval_opaque_74646.png'
06:33.387  render           | Saved: '/tmp/clearvla_eval_opaque_74646.png'
06:33.802  render           | Saved: '/tmp/clearvla_eval_opaque_74646.png'
06:34.133  render           | Saved: '/tmp/clearvla_eval_opaque_74646.png'
06:34.550  render           | Saved: '/tmp/clearvla_eval_opaque_74646.png'
06:34.906  render           | Saved: '/tmp/clearvla_eval_opaque_74646.png'
06:35.335  render           | Saved: '/tmp/clearvla_eval_opaque_74646.png'
06:35.692  render           | Saved: '/tmp/clearvla_eval_opaque_74646.png'
06:36.107  render           | Saved: '/tmp/clearvla_eval_opaque_74646.png'
06:36.441  render           | Saved: '/tmp/clearvla_eval_opaque_74646.png'
06:36.852  render           | Saved: '/tmp/clearvla_eval_opaque_74646.png'
06:37.189  render           | Saved: '/tmp/clearvla_eval_opaque_74646.png'
06:37.602  render           | Saved: '/tmp/clearvla_eval_opaque_74646.png'
06:37.934  render           | Saved: '/tmp/clearvla_eval_opaque_74646.png'
06:38.365  render           | Saved: '/tmp/clearvla_eval_opaque_74646.png'
06:38.687  render           | Saved: '/tmp/clearvla_eval_opaque_74646.png'
06:39.114  render           | Saved: '/tmp/clearvla_eval_opaque_74646.png'
06:39.449  render           | Saved: '/tmp/clearvla_eval_opaque_74646.png'
06:39.891  render           | Saved: '/tmp/clearvla_eval_opaque_74646.png'
06:40.213  render           | Saved: '/tmp/clearvla_eval_opaque_74646.png'
06:40.647  render           | Saved: '/tmp/clearvla_eval_opaque_74646.png'
06:40.971  render           | Saved: '/tmp/clearvla_eval_opaque_74646.png'
06:41.406  render           | Saved: '/tmp/clearvla_eval_opaque_74646.png'
06:41.730  render           | Saved: '/tmp/clearvla_eval_opaque_74646.png'
06:42.163  render           | Saved: '/tmp/clearvla_eval_opaque_74646.png'
06:42.486  render           | Saved: '/tmp/clearvla_eval_opaque_74646.png'
06:42.916  render           | Saved: '/tmp/clearvla_eval_opaque_74646.png'
06:43.246  render           | Saved: '/tmp/clearvla_eval_opaque_74646.png'
06:43.695  render           | Saved: '/tmp/clearvla_eval_opaque_74646.png'
06:44.026  render           | Saved: '/tmp/clearvla_eval_opaque_74646.png'
06:44.499  render           | Saved: '/tmp/clearvla_eval_opaque_74646.png'
06:44.822  render           | Saved: '/tmp/clearvla_eval_opaque_74646.png'
06:45.292  render           | Saved: '/tmp/clearvla_eval_opaque_74646.png'
06:45.635  render           | Saved: '/tmp/clearvla_eval_opaque_74646.png'
06:46.472  render           | Saved: '/tmp/clearvla_eval_opaque_74646.png'
06:46.814  render           | Saved: '/tmp/clearvla_eval_opaque_74646.png'
06:47.260  render           | Saved: '/tmp/clearvla_eval_opaque_74646.png'
06:47.596  render           | Saved: '/tmp/clearvla_eval_opaque_74646.png'
06:48.008  render           | Saved: '/tmp/clearvla_eval_opaque_74646.png'
06:48.344  render           | Saved: '/tmp/clearvla_eval_opaque_74646.png'
06:48.782  render           | Saved: '/tmp/clearvla_eval_opaque_74646.png'
06:49.134  render           | Saved: '/tmp/clearvla_eval_opaque_74646.png'
06:49.543  render           | Saved: '/tmp/clearvla_eval_opaque_74646.png'
06:49.886  render           | Saved: '/tmp/clearvla_eval_opaque_74646.png'
06:50.294  render           | Saved: '/tmp/clearvla_eval_opaque_74646.png'
06:50.652  render           | Saved: '/tmp/clearvla_eval_opaque_74646.png'
06:51.087  render           | Saved: '/tmp/clearvla_eval_opaque_74646.png'
06:51.451  render           | Saved: '/tmp/clearvla_eval_opaque_74646.png'
06:51.881  render           | Saved: '/tmp/clearvla_eval_opaque_74646.png'
06:52.242  render           | Saved: '/tmp/clearvla_eval_opaque_74646.png'
06:52.676  render           | Saved: '/tmp/clearvla_eval_opaque_74646.png'
06:53.037  render           | Saved: '/tmp/clearvla_eval_opaque_74646.png'
06:53.468  render           | Saved: '/tmp/clearvla_eval_opaque_74646.png'
06:53.828  render           | Saved: '/tmp/clearvla_eval_opaque_74646.png'
06:54.264  render           | Saved: '/tmp/clearvla_eval_opaque_74646.png'
06:54.619  render           | Saved: '/tmp/clearvla_eval_opaque_74646.png'
06:55.053  render           | Saved: '/tmp/clearvla_eval_opaque_74646.png'
06:55.409  render           | Saved: '/tmp/clearvla_eval_opaque_74646.png'
06:55.839  render           | Saved: '/tmp/clearvla_eval_opaque_74646.png'
06:56.189  render           | Saved: '/tmp/clearvla_eval_opaque_74646.png'
06:56.626  render           | Saved: '/tmp/clearvla_eval_opaque_74646.png'
06:56.983  render           | Saved: '/tmp/clearvla_eval_opaque_74646.png'
06:57.423  render           | Saved: '/tmp/clearvla_eval_opaque_74646.png'
06:57.776  render           | Saved: '/tmp/clearvla_eval_opaque_74646.png'
06:58.180  render           | Saved: '/tmp/clearvla_eval_opaque_74646.png'
06:58.512  render           | Saved: '/tmp/clearvla_eval_opaque_74646.png'
06:58.944  render           | Saved: '/tmp/clearvla_eval_opaque_74646.png'
06:59.274  render           | Saved: '/tmp/clearvla_eval_opaque_74646.png'
06:59.714  render           | Saved: '/tmp/clearvla_eval_opaque_74646.png'
07:00.037  render           | Saved: '/tmp/clearvla_eval_opaque_74646.png'
07:00.455  render           | Saved: '/tmp/clearvla_eval_opaque_74646.png'
07:00.785  render           | Saved: '/tmp/clearvla_eval_opaque_74646.png'
07:01.217  render           | Saved: '/tmp/clearvla_eval_opaque_74646.png'
07:01.542  render           | Saved: '/tmp/clearvla_eval_opaque_74646.png'
07:01.969  render           | Saved: '/tmp/clearvla_eval_opaque_74646.png'
07:02.302  render           | Saved: '/tmp/clearvla_eval_opaque_74646.png'
07:02.714  render           | Saved: '/tmp/clearvla_eval_opaque_74646.png'
07:03.045  render           | Saved: '/tmp/clearvla_eval_opaque_74646.png'
07:03.477  render           | Saved: '/tmp/clearvla_eval_opaque_74646.png'
07:03.811  render           | Saved: '/tmp/clearvla_eval_opaque_74646.png'
07:04.229  render           | Saved: '/tmp/clearvla_eval_opaque_74646.png'
07:04.565  render           | Saved: '/tmp/clearvla_eval_opaque_74646.png'
07:04.979  render           | Saved: '/tmp/clearvla_eval_opaque_74646.png'
07:05.311  render           | Saved: '/tmp/clearvla_eval_opaque_74646.png'
07:05.713  render           | Saved: '/tmp/clearvla_eval_opaque_74646.png'
07:06.047  render           | Saved: '/tmp/clearvla_eval_opaque_74646.png'
07:06.457  render           | Saved: '/tmp/clearvla_eval_opaque_74646.png'
07:06.791  render           | Saved: '/tmp/clearvla_eval_opaque_74646.png'
07:07.210  render           | Saved: '/tmp/clearvla_eval_opaque_74646.png'
07:07.545  render           | Saved: '/tmp/clearvla_eval_opaque_74646.png'
07:07.972  render           | Saved: '/tmp/clearvla_eval_opaque_74646.png'
07:08.303  render           | Saved: '/tmp/clearvla_eval_opaque_74646.png'
07:08.737  render           | Saved: '/tmp/clearvla_eval_opaque_74646.png'
07:09.059  render           | Saved: '/tmp/clearvla_eval_opaque_74646.png'
07:09.488  render           | Saved: '/tmp/clearvla_eval_opaque_74646.png'
07:09.815  render           | Saved: '/tmp/clearvla_eval_opaque_74646.png'
07:10.244  render           | Saved: '/tmp/clearvla_eval_opaque_74646.png'
07:10.572  render           | Saved: '/tmp/clearvla_eval_opaque_74646.png'
07:11.001  render           | Saved: '/tmp/clearvla_eval_opaque_74646.png'
07:11.334  render           | Saved: '/tmp/clearvla_eval_opaque_74646.png'
07:11.780  render           | Saved: '/tmp/clearvla_eval_opaque_74646.png'
07:12.105  render           | Saved: '/tmp/clearvla_eval_opaque_74646.png'
07:12.560  render           | Saved: '/tmp/clearvla_eval_opaque_74646.png'
07:12.893  render           | Saved: '/tmp/clearvla_eval_opaque_74646.png'
07:13.327  render           | Saved: '/tmp/clearvla_eval_opaque_74646.png'
07:13.652  render           | Saved: '/tmp/clearvla_eval_opaque_74646.png'
07:14.082  render           | Saved: '/tmp/clearvla_eval_opaque_74646.png'
07:14.404  render           | Saved: '/tmp/clearvla_eval_opaque_74646.png'
07:14.834  render           | Saved: '/tmp/clearvla_eval_opaque_74646.png'
07:15.161  render           | Saved: '/tmp/clearvla_eval_opaque_74646.png'
07:15.975  render           | Saved: '/tmp/clearvla_eval_opaque_74646.png'
07:16.332  render           | Saved: '/tmp/clearvla_eval_opaque_74646.png'
07:16.748  render           | Saved: '/tmp/clearvla_eval_opaque_74646.png'
07:17.088  render           | Saved: '/tmp/clearvla_eval_opaque_74646.png'
07:17.504  render           | Saved: '/tmp/clearvla_eval_opaque_74646.png'
07:17.846  render           | Saved: '/tmp/clearvla_eval_opaque_74646.png'
07:18.258  render           | Saved: '/tmp/clearvla_eval_opaque_74646.png'
07:18.626  render           | Saved: '/tmp/clearvla_eval_opaque_74646.png'
07:19.055  render           | Saved: '/tmp/clearvla_eval_opaque_74646.png'
07:19.405  render           | Saved: '/tmp/clearvla_eval_opaque_74646.png'
07:19.816  render           | Saved: '/tmp/clearvla_eval_opaque_74646.png'
07:20.163  render           | Saved: '/tmp/clearvla_eval_opaque_74646.png'
07:20.575  render           | Saved: '/tmp/clearvla_eval_opaque_74646.png'
07:20.922  render           | Saved: '/tmp/clearvla_eval_opaque_74646.png'
07:21.333  render           | Saved: '/tmp/clearvla_eval_opaque_74646.png'
07:21.678  render           | Saved: '/tmp/clearvla_eval_opaque_74646.png'
07:22.093  render           | Saved: '/tmp/clearvla_eval_opaque_74646.png'
07:22.436  render           | Saved: '/tmp/clearvla_eval_opaque_74646.png'
07:22.849  render           | Saved: '/tmp/clearvla_eval_opaque_74646.png'
07:23.190  render           | Saved: '/tmp/clearvla_eval_opaque_74646.png'
07:23.603  render           | Saved: '/tmp/clearvla_eval_opaque_74646.png'
07:23.948  render           | Saved: '/tmp/clearvla_eval_opaque_74646.png'
07:24.367  render           | Saved: '/tmp/clearvla_eval_opaque_74646.png'
07:24.738  render           | Saved: '/tmp/clearvla_eval_opaque_74646.png'
07:25.171  render           | Saved: '/tmp/clearvla_eval_opaque_74646.png'
07:25.525  render           | Saved: '/tmp/clearvla_eval_opaque_74646.png'
07:25.953  render           | Saved: '/tmp/clearvla_eval_opaque_74646.png'
07:26.306  render           | Saved: '/tmp/clearvla_eval_opaque_74646.png'
07:26.727  render           | Saved: '/tmp/clearvla_eval_opaque_74646.png'
07:27.073  render           | Saved: '/tmp/clearvla_eval_opaque_74646.png'
07:27.466  render           | Saved: '/tmp/clearvla_eval_opaque_74646.png'
07:27.806  render           | Saved: '/tmp/clearvla_eval_opaque_74646.png'
07:28.222  render           | Saved: '/tmp/clearvla_eval_opaque_74646.png'
07:28.554  render           | Saved: '/tmp/clearvla_eval_opaque_74646.png'
07:28.957  render           | Saved: '/tmp/clearvla_eval_opaque_74646.png'
07:29.299  render           | Saved: '/tmp/clearvla_eval_opaque_74646.png'
07:29.700  render           | Saved: '/tmp/clearvla_eval_opaque_74646.png'
07:30.020  render           | Saved: '/tmp/clearvla_eval_opaque_74646.png'
07:30.432  render           | Saved: '/tmp/clearvla_eval_opaque_74646.png'
07:30.753  render           | Saved: '/tmp/clearvla_eval_opaque_74646.png'
07:31.158  render           | Saved: '/tmp/clearvla_eval_opaque_74646.png'
07:31.483  render           | Saved: '/tmp/clearvla_eval_opaque_74646.png'
07:31.890  render           | Saved: '/tmp/clearvla_eval_opaque_74646.png'
07:32.213  render           | Saved: '/tmp/clearvla_eval_opaque_74646.png'
07:32.619  render           | Saved: '/tmp/clearvla_eval_opaque_74646.png'
07:32.934  render           | Saved: '/tmp/clearvla_eval_opaque_74646.png'
07:33.347  render           | Saved: '/tmp/clearvla_eval_opaque_74646.png'
07:33.667  render           | Saved: '/tmp/clearvla_eval_opaque_74646.png'
07:34.072  render           | Saved: '/tmp/clearvla_eval_opaque_74646.png'
07:34.395  render           | Saved: '/tmp/clearvla_eval_opaque_74646.png'
07:34.802  render           | Saved: '/tmp/clearvla_eval_opaque_74646.png'
07:35.124  render           | Saved: '/tmp/clearvla_eval_opaque_74646.png'
07:35.537  render           | Saved: '/tmp/clearvla_eval_opaque_74646.png'
07:35.859  render           | Saved: '/tmp/clearvla_eval_opaque_74646.png'
07:36.271  render           | Saved: '/tmp/clearvla_eval_opaque_74646.png'
07:36.621  render           | Saved: '/tmp/clearvla_eval_opaque_74646.png'
07:37.038  render           | Saved: '/tmp/clearvla_eval_opaque_74646.png'
07:37.369  render           | Saved: '/tmp/clearvla_eval_opaque_74646.png'
07:37.783  render           | Saved: '/tmp/clearvla_eval_opaque_74646.png'
07:38.110  render           | Saved: '/tmp/clearvla_eval_opaque_74646.png'
07:38.519  render           | Saved: '/tmp/clearvla_eval_opaque_74646.png'
07:38.867  render           | Saved: '/tmp/clearvla_eval_opaque_74646.png'
07:39.291  render           | Saved: '/tmp/clearvla_eval_opaque_74646.png'
07:39.619  render           | Saved: '/tmp/clearvla_eval_opaque_74646.png'
07:40.025  render           | Saved: '/tmp/clearvla_eval_opaque_74646.png'
07:40.364  render           | Saved: '/tmp/clearvla_eval_opaque_74646.png'
07:40.782  render           | Saved: '/tmp/clearvla_eval_opaque_74646.png'
07:41.121  render           | Saved: '/tmp/clearvla_eval_opaque_74646.png'
07:41.529  render           | Saved: '/tmp/clearvla_eval_opaque_74646.png'
07:41.860  render           | Saved: '/tmp/clearvla_eval_opaque_74646.png'
07:42.273  render           | Saved: '/tmp/clearvla_eval_opaque_74646.png'
07:42.605  render           | Saved: '/tmp/clearvla_eval_opaque_74646.png'
07:43.030  render           | Saved: '/tmp/clearvla_eval_opaque_74646.png'
07:43.359  render           | Saved: '/tmp/clearvla_eval_opaque_74646.png'
07:43.783  render           | Saved: '/tmp/clearvla_eval_opaque_74646.png'
07:44.112  render           | Saved: '/tmp/clearvla_eval_opaque_74646.png'
07:44.957  render           | Saved: '/tmp/clearvla_eval_opaque_74646.png'
07:45.311  render           | Saved: '/tmp/clearvla_eval_opaque_74646.png'
07:45.759  render           | Saved: '/tmp/clearvla_eval_opaque_74646.png'
07:46.127  render           | Saved: '/tmp/clearvla_eval_opaque_74646.png'
07:46.577  render           | Saved: '/tmp/clearvla_eval_opaque_74646.png'
07:46.932  render           | Saved: '/tmp/clearvla_eval_opaque_74646.png'
07:47.348  render           | Saved: '/tmp/clearvla_eval_opaque_74646.png'
07:47.704  render           | Saved: '/tmp/clearvla_eval_opaque_74646.png'
07:48.138  render           | Saved: '/tmp/clearvla_eval_opaque_74646.png'
07:48.498  render           | Saved: '/tmp/clearvla_eval_opaque_74646.png'
07:48.916  render           | Saved: '/tmp/clearvla_eval_opaque_74646.png'
07:49.269  render           | Saved: '/tmp/clearvla_eval_opaque_74646.png'
07:49.711  render           | Saved: '/tmp/clearvla_eval_opaque_74646.png'
07:50.069  render           | Saved: '/tmp/clearvla_eval_opaque_74646.png'
07:50.505  render           | Saved: '/tmp/clearvla_eval_opaque_74646.png'
07:50.880  render           | Saved: '/tmp/clearvla_eval_opaque_74646.png'
07:51.359  render           | Saved: '/tmp/clearvla_eval_opaque_74646.png'
07:51.709  render           | Saved: '/tmp/clearvla_eval_opaque_74646.png'
07:52.139  render           | Saved: '/tmp/clearvla_eval_opaque_74646.png'
07:52.491  render           | Saved: '/tmp/clearvla_eval_opaque_74646.png'
07:52.921  render           | Saved: '/tmp/clearvla_eval_opaque_74646.png'
07:53.276  render           | Saved: '/tmp/clearvla_eval_opaque_74646.png'
07:53.708  render           | Saved: '/tmp/clearvla_eval_opaque_74646.png'
07:54.067  render           | Saved: '/tmp/clearvla_eval_opaque_74646.png'
07:54.499  render           | Saved: '/tmp/clearvla_eval_opaque_74646.png'
07:54.868  render           | Saved: '/tmp/clearvla_eval_opaque_74646.png'
07:55.283  render           | Saved: '/tmp/clearvla_eval_opaque_74646.png'
07:55.633  render           | Saved: '/tmp/clearvla_eval_opaque_74646.png'
07:56.069  render           | Saved: '/tmp/clearvla_eval_opaque_74646.png'
07:56.424  render           | Saved: '/tmp/clearvla_eval_opaque_74646.png'
07:56.835  render           | Saved: '/tmp/clearvla_eval_opaque_74646.png'
07:57.162  render           | Saved: '/tmp/clearvla_eval_opaque_74646.png'
07:57.595  render           | Saved: '/tmp/clearvla_eval_opaque_74646.png'
07:57.922  render           | Saved: '/tmp/clearvla_eval_opaque_74646.png'
07:58.337  render           | Saved: '/tmp/clearvla_eval_opaque_74646.png'
07:58.671  render           | Saved: '/tmp/clearvla_eval_opaque_74646.png'
07:59.080  render           | Saved: '/tmp/clearvla_eval_opaque_74646.png'
07:59.414  render           | Saved: '/tmp/clearvla_eval_opaque_74646.png'
07:59.826  render           | Saved: '/tmp/clearvla_eval_opaque_74646.png'
08:00.162  render           | Saved: '/tmp/clearvla_eval_opaque_74646.png'
08:00.564  render           | Saved: '/tmp/clearvla_eval_opaque_74646.png'
08:00.912  render           | Saved: '/tmp/clearvla_eval_opaque_74646.png'
08:01.323  render           | Saved: '/tmp/clearvla_eval_opaque_74646.png'
08:01.670  render           | Saved: '/tmp/clearvla_eval_opaque_74646.png'
08:02.074  render           | Saved: '/tmp/clearvla_eval_opaque_74646.png'
08:02.393  render           | Saved: '/tmp/clearvla_eval_opaque_74646.png'
08:02.803  render           | Saved: '/tmp/clearvla_eval_opaque_74646.png'
08:03.128  render           | Saved: '/tmp/clearvla_eval_opaque_74646.png'
08:03.537  render           | Saved: '/tmp/clearvla_eval_opaque_74646.png'
08:03.875  render           | Saved: '/tmp/clearvla_eval_opaque_74646.png'
08:04.289  render           | Saved: '/tmp/clearvla_eval_opaque_74646.png'
08:04.637  render           | Saved: '/tmp/clearvla_eval_opaque_74646.png'
08:05.044  render           | Saved: '/tmp/clearvla_eval_opaque_74646.png'
08:05.372  render           | Saved: '/tmp/clearvla_eval_opaque_74646.png'
08:05.791  render           | Saved: '/tmp/clearvla_eval_opaque_74646.png'
08:06.128  render           | Saved: '/tmp/clearvla_eval_opaque_74646.png'
08:06.536  render           | Saved: '/tmp/clearvla_eval_opaque_74646.png'
08:06.866  render           | Saved: '/tmp/clearvla_eval_opaque_74646.png'
08:07.276  render           | Saved: '/tmp/clearvla_eval_opaque_74646.png'
08:07.618  render           | Saved: '/tmp/clearvla_eval_opaque_74646.png'
08:08.044  render           | Saved: '/tmp/clearvla_eval_opaque_74646.png'
08:08.370  render           | Saved: '/tmp/clearvla_eval_opaque_74646.png'
08:08.802  render           | Saved: '/tmp/clearvla_eval_opaque_74646.png'
08:09.129  render           | Saved: '/tmp/clearvla_eval_opaque_74646.png'
08:09.558  render           | Saved: '/tmp/clearvla_eval_opaque_74646.png'
08:09.884  render           | Saved: '/tmp/clearvla_eval_opaque_74646.png'
08:10.320  render           | Saved: '/tmp/clearvla_eval_opaque_74646.png'
08:10.643  render           | Saved: '/tmp/clearvla_eval_opaque_74646.png'
08:11.071  render           | Saved: '/tmp/clearvla_eval_opaque_74646.png'
08:11.394  render           | Saved: '/tmp/clearvla_eval_opaque_74646.png'
08:11.829  render           | Saved: '/tmp/clearvla_eval_opaque_74646.png'
08:12.152  render           | Saved: '/tmp/clearvla_eval_opaque_74646.png'
08:12.584  render           | Saved: '/tmp/clearvla_eval_opaque_74646.png'
08:12.905  render           | Saved: '/tmp/clearvla_eval_opaque_74646.png'
08:13.331  render           | Saved: '/tmp/clearvla_eval_opaque_74646.png'
08:13.654  render           | Saved: '/tmp/clearvla_eval_opaque_74646.png'
08:14.499  render           | Saved: '/tmp/clearvla_eval_opaque_74646.png'
08:14.857  render           | Saved: '/tmp/clearvla_eval_opaque_74646.png'
08:15.331  render           | Saved: '/tmp/clearvla_eval_opaque_74646.png'
08:15.689  render           | Saved: '/tmp/clearvla_eval_opaque_74646.png'
08:16.125  render           | Saved: '/tmp/clearvla_eval_opaque_74646.png'
08:16.484  render           | Saved: '/tmp/clearvla_eval_opaque_74646.png'
08:16.912  render           | Saved: '/tmp/clearvla_eval_opaque_74646.png'
08:17.269  render           | Saved: '/tmp/clearvla_eval_opaque_74646.png'
08:17.705  render           | Saved: '/tmp/clearvla_eval_opaque_74646.png'
08:18.064  render           | Saved: '/tmp/clearvla_eval_opaque_74646.png'
08:18.503  render           | Saved: '/tmp/clearvla_eval_opaque_74646.png'
08:18.891  render           | Saved: '/tmp/clearvla_eval_opaque_74646.png'
08:19.379  render           | Saved: '/tmp/clearvla_eval_opaque_74646.png'
08:19.784  render           | Saved: '/tmp/clearvla_eval_opaque_74646.png'
08:20.244  render           | Saved: '/tmp/clearvla_eval_opaque_74646.png'
08:20.601  render           | Saved: '/tmp/clearvla_eval_opaque_74646.png'
08:21.036  render           | Saved: '/tmp/clearvla_eval_opaque_74646.png'
08:21.398  render           | Saved: '/tmp/clearvla_eval_opaque_74646.png'
08:21.824  render           | Saved: '/tmp/clearvla_eval_opaque_74646.png'
08:22.183  render           | Saved: '/tmp/clearvla_eval_opaque_74646.png'
08:22.615  render           | Saved: '/tmp/clearvla_eval_opaque_74646.png'
08:22.974  render           | Saved: '/tmp/clearvla_eval_opaque_74646.png'
08:23.408  render           | Saved: '/tmp/clearvla_eval_opaque_74646.png'
08:23.767  render           | Saved: '/tmp/clearvla_eval_opaque_74646.png'
08:24.198  render           | Saved: '/tmp/clearvla_eval_opaque_74646.png'
08:24.558  render           | Saved: '/tmp/clearvla_eval_opaque_74646.png'
08:24.987  render           | Saved: '/tmp/clearvla_eval_opaque_74646.png'
08:25.343  render           | Saved: '/tmp/clearvla_eval_opaque_74646.png'
08:25.768  render           | Saved: '/tmp/clearvla_eval_opaque_74646.png'
08:26.125  render           | Saved: '/tmp/clearvla_eval_opaque_74646.png'
08:26.526  render           | Saved: '/tmp/clearvla_eval_opaque_74646.png'
08:26.860  render           | Saved: '/tmp/clearvla_eval_opaque_74646.png'
08:27.297  render           | Saved: '/tmp/clearvla_eval_opaque_74646.png'
08:27.619  render           | Saved: '/tmp/clearvla_eval_opaque_74646.png'
08:28.044  render           | Saved: '/tmp/clearvla_eval_opaque_74646.png'
08:28.376  render           | Saved: '/tmp/clearvla_eval_opaque_74646.png'
08:28.805  render           | Saved: '/tmp/clearvla_eval_opaque_74646.png'
08:29.130  render           | Saved: '/tmp/clearvla_eval_opaque_74646.png'
08:29.567  render           | Saved: '/tmp/clearvla_eval_opaque_74646.png'
08:29.889  render           | Saved: '/tmp/clearvla_eval_opaque_74646.png'
08:30.327  render           | Saved: '/tmp/clearvla_eval_opaque_74646.png'
08:30.644  render           | Saved: '/tmp/clearvla_eval_opaque_74646.png'
08:31.077  render           | Saved: '/tmp/clearvla_eval_opaque_74646.png'
08:31.400  render           | Saved: '/tmp/clearvla_eval_opaque_74646.png'
08:31.832  render           | Saved: '/tmp/clearvla_eval_opaque_74646.png'
08:32.153  render           | Saved: '/tmp/clearvla_eval_opaque_74646.png'
08:32.583  render           | Saved: '/tmp/clearvla_eval_opaque_74646.png'
08:32.905  render           | Saved: '/tmp/clearvla_eval_opaque_74646.png'
08:33.334  render           | Saved: '/tmp/clearvla_eval_opaque_74646.png'
08:33.662  render           | Saved: '/tmp/clearvla_eval_opaque_74646.png'
08:34.096  render           | Saved: '/tmp/clearvla_eval_opaque_74646.png'
08:34.422  render           | Saved: '/tmp/clearvla_eval_opaque_74646.png'
08:34.865  render           | Saved: '/tmp/clearvla_eval_opaque_74646.png'
08:35.193  render           | Saved: '/tmp/clearvla_eval_opaque_74646.png'
08:35.667  render           | Saved: '/tmp/clearvla_eval_opaque_74646.png'
08:35.992  render           | Saved: '/tmp/clearvla_eval_opaque_74646.png'
08:36.455  render           | Saved: '/tmp/clearvla_eval_opaque_74646.png'
08:36.789  render           | Saved: '/tmp/clearvla_eval_opaque_74646.png'
08:37.238  render           | Saved: '/tmp/clearvla_eval_opaque_74646.png'
08:37.583  render           | Saved: '/tmp/clearvla_eval_opaque_74646.png'
08:38.007  render           | Saved: '/tmp/clearvla_eval_opaque_74646.png'
08:38.334  render           | Saved: '/tmp/clearvla_eval_opaque_74646.png'
08:38.807  render           | Saved: '/tmp/clearvla_eval_opaque_74646.png'
08:39.140  render           | Saved: '/tmp/clearvla_eval_opaque_74646.png'
08:39.572  render           | Saved: '/tmp/clearvla_eval_opaque_74646.png'
08:39.918  render           | Saved: '/tmp/clearvla_eval_opaque_74646.png'
08:40.340  render           | Saved: '/tmp/clearvla_eval_opaque_74646.png'
08:40.677  render           | Saved: '/tmp/clearvla_eval_opaque_74646.png'
08:41.118  render           | Saved: '/tmp/clearvla_eval_opaque_74646.png'
08:41.445  render           | Saved: '/tmp/clearvla_eval_opaque_74646.png'
08:41.921  render           | Saved: '/tmp/clearvla_eval_opaque_74646.png'
08:42.247  render           | Saved: '/tmp/clearvla_eval_opaque_74646.png'
08:42.706  render           | Saved: '/tmp/clearvla_eval_opaque_74646.png'
08:43.045  render           | Saved: '/tmp/clearvla_eval_opaque_74646.png'
08:43.471  render           | Saved: '/tmp/clearvla_eval_opaque_74646.png'
08:43.809  render           | Saved: '/tmp/clearvla_eval_opaque_74646.png'
08:44.651  render           | Saved: '/tmp/clearvla_eval_opaque_74646.png'
08:45.009  render           | Saved: '/tmp/clearvla_eval_opaque_74646.png'
08:45.470  render           | Saved: '/tmp/clearvla_eval_opaque_74646.png'
08:45.824  render           | Saved: '/tmp/clearvla_eval_opaque_74646.png'
08:46.267  render           | Saved: '/tmp/clearvla_eval_opaque_74646.png'
08:46.622  render           | Saved: '/tmp/clearvla_eval_opaque_74646.png'
08:47.054  render           | Saved: '/tmp/clearvla_eval_opaque_74646.png'
08:47.415  render           | Saved: '/tmp/clearvla_eval_opaque_74646.png'
08:47.841  render           | Saved: '/tmp/clearvla_eval_opaque_74646.png'
08:48.198  render           | Saved: '/tmp/clearvla_eval_opaque_74646.png'
08:48.631  render           | Saved: '/tmp/clearvla_eval_opaque_74646.png'
08:48.985  render           | Saved: '/tmp/clearvla_eval_opaque_74646.png'
08:49.421  render           | Saved: '/tmp/clearvla_eval_opaque_74646.png'
08:49.776  render           | Saved: '/tmp/clearvla_eval_opaque_74646.png'
08:50.192  render           | Saved: '/tmp/clearvla_eval_opaque_74646.png'
08:50.535  render           | Saved: '/tmp/clearvla_eval_opaque_74646.png'
08:50.962  render           | Saved: '/tmp/clearvla_eval_opaque_74646.png'
08:51.319  render           | Saved: '/tmp/clearvla_eval_opaque_74646.png'
08:51.749  render           | Saved: '/tmp/clearvla_eval_opaque_74646.png'
08:52.102  render           | Saved: '/tmp/clearvla_eval_opaque_74646.png'
08:52.530  render           | Saved: '/tmp/clearvla_eval_opaque_74646.png'
08:52.890  render           | Saved: '/tmp/clearvla_eval_opaque_74646.png'
08:53.322  render           | Saved: '/tmp/clearvla_eval_opaque_74646.png'
08:53.678  render           | Saved: '/tmp/clearvla_eval_opaque_74646.png'
08:54.091  render           | Saved: '/tmp/clearvla_eval_opaque_74646.png'
08:54.430  render           | Saved: '/tmp/clearvla_eval_opaque_74646.png'
08:54.844  render           | Saved: '/tmp/clearvla_eval_opaque_74646.png'
08:55.183  render           | Saved: '/tmp/clearvla_eval_opaque_74646.png'
08:55.600  render           | Saved: '/tmp/clearvla_eval_opaque_74646.png'
08:55.940  render           | Saved: '/tmp/clearvla_eval_opaque_74646.png'
08:56.344  render           | Saved: '/tmp/clearvla_eval_opaque_74646.png'
08:56.676  render           | Saved: '/tmp/clearvla_eval_opaque_74646.png'
08:57.088  render           | Saved: '/tmp/clearvla_eval_opaque_74646.png'
08:57.421  render           | Saved: '/tmp/clearvla_eval_opaque_74646.png'
08:57.835  render           | Saved: '/tmp/clearvla_eval_opaque_74646.png'
08:58.165  render           | Saved: '/tmp/clearvla_eval_opaque_74646.png'
08:58.571  render           | Saved: '/tmp/clearvla_eval_opaque_74646.png'
08:58.906  render           | Saved: '/tmp/clearvla_eval_opaque_74646.png'
08:59.302  render           | Saved: '/tmp/clearvla_eval_opaque_74646.png'
08:59.623  render           | Saved: '/tmp/clearvla_eval_opaque_74646.png'
09:00.032  render           | Saved: '/tmp/clearvla_eval_opaque_74646.png'
09:00.379  render           | Saved: '/tmp/clearvla_eval_opaque_74646.png'
09:00.783  render           | Saved: '/tmp/clearvla_eval_opaque_74646.png'
09:01.114  render           | Saved: '/tmp/clearvla_eval_opaque_74646.png'
09:01.511  render           | Saved: '/tmp/clearvla_eval_opaque_74646.png'
09:01.831  render           | Saved: '/tmp/clearvla_eval_opaque_74646.png'
09:02.256  render           | Saved: '/tmp/clearvla_eval_opaque_74646.png'
09:02.574  render           | Saved: '/tmp/clearvla_eval_opaque_74646.png'
09:03.006  render           | Saved: '/tmp/clearvla_eval_opaque_74646.png'
09:03.340  render           | Saved: '/tmp/clearvla_eval_opaque_74646.png'
09:03.750  render           | Saved: '/tmp/clearvla_eval_opaque_74646.png'
09:04.081  render           | Saved: '/tmp/clearvla_eval_opaque_74646.png'
09:04.495  render           | Saved: '/tmp/clearvla_eval_opaque_74646.png'
09:04.831  render           | Saved: '/tmp/clearvla_eval_opaque_74646.png'
09:05.246  render           | Saved: '/tmp/clearvla_eval_opaque_74646.png'
09:05.574  render           | Saved: '/tmp/clearvla_eval_opaque_74646.png'
09:05.980  render           | Saved: '/tmp/clearvla_eval_opaque_74646.png'
09:06.312  render           | Saved: '/tmp/clearvla_eval_opaque_74646.png'
09:06.721  render           | Saved: '/tmp/clearvla_eval_opaque_74646.png'
09:07.048  render           | Saved: '/tmp/clearvla_eval_opaque_74646.png'
09:07.452  render           | Saved: '/tmp/clearvla_eval_opaque_74646.png'
09:07.776  render           | Saved: '/tmp/clearvla_eval_opaque_74646.png'
09:08.185  render           | Saved: '/tmp/clearvla_eval_opaque_74646.png'
09:08.512  render           | Saved: '/tmp/clearvla_eval_opaque_74646.png'
09:08.925  render           | Saved: '/tmp/clearvla_eval_opaque_74646.png'
09:09.270  render           | Saved: '/tmp/clearvla_eval_opaque_74646.png'
09:09.690  render           | Saved: '/tmp/clearvla_eval_opaque_74646.png'
09:10.034  render           | Saved: '/tmp/clearvla_eval_opaque_74646.png'
09:10.443  render           | Saved: '/tmp/clearvla_eval_opaque_74646.png'
09:10.772  render           | Saved: '/tmp/clearvla_eval_opaque_74646.png'
09:11.185  render           | Saved: '/tmp/clearvla_eval_opaque_74646.png'
09:11.515  render           | Saved: '/tmp/clearvla_eval_opaque_74646.png'
09:11.936  render           | Saved: '/tmp/clearvla_eval_opaque_74646.png'
09:12.266  render           | Saved: '/tmp/clearvla_eval_opaque_74646.png'
09:12.690  render           | Saved: '/tmp/clearvla_eval_opaque_74646.png'
09:13.012  render           | Saved: '/tmp/clearvla_eval_opaque_74646.png'
09:13.860  render           | Saved: '/tmp/clearvla_eval_opaque_74646.png'
09:14.217  render           | Saved: '/tmp/clearvla_eval_opaque_74646.png'
09:14.646  render           | Saved: '/tmp/clearvla_eval_opaque_74646.png'
09:15.007  render           | Saved: '/tmp/clearvla_eval_opaque_74646.png'
09:15.442  render           | Saved: '/tmp/clearvla_eval_opaque_74646.png'
09:15.800  render           | Saved: '/tmp/clearvla_eval_opaque_74646.png'
09:16.228  render           | Saved: '/tmp/clearvla_eval_opaque_74646.png'
09:16.593  render           | Saved: '/tmp/clearvla_eval_opaque_74646.png'
09:17.024  render           | Saved: '/tmp/clearvla_eval_opaque_74646.png'
09:17.380  render           | Saved: '/tmp/clearvla_eval_opaque_74646.png'
09:17.811  render           | Saved: '/tmp/clearvla_eval_opaque_74646.png'
09:18.160  render           | Saved: '/tmp/clearvla_eval_opaque_74646.png'
09:18.594  render           | Saved: '/tmp/clearvla_eval_opaque_74646.png'
09:18.952  render           | Saved: '/tmp/clearvla_eval_opaque_74646.png'
09:19.392  render           | Saved: '/tmp/clearvla_eval_opaque_74646.png'
09:19.751  render           | Saved: '/tmp/clearvla_eval_opaque_74646.png'
09:20.183  render           | Saved: '/tmp/clearvla_eval_opaque_74646.png'
09:20.540  render           | Saved: '/tmp/clearvla_eval_opaque_74646.png'
09:20.994  render           | Saved: '/tmp/clearvla_eval_opaque_74646.png'
09:21.381  render           | Saved: '/tmp/clearvla_eval_opaque_74646.png'
09:21.816  render           | Saved: '/tmp/clearvla_eval_opaque_74646.png'
09:22.171  render           | Saved: '/tmp/clearvla_eval_opaque_74646.png'
09:22.596  render           | Saved: '/tmp/clearvla_eval_opaque_74646.png'
09:22.962  render           | Saved: '/tmp/clearvla_eval_opaque_74646.png'
09:23.388  render           | Saved: '/tmp/clearvla_eval_opaque_74646.png'
09:23.741  render           | Saved: '/tmp/clearvla_eval_opaque_74646.png'
09:24.172  render           | Saved: '/tmp/clearvla_eval_opaque_74646.png'
09:24.531  render           | Saved: '/tmp/clearvla_eval_opaque_74646.png'
09:24.985  render           | Saved: '/tmp/clearvla_eval_opaque_74646.png'
09:25.386  render           | Saved: '/tmp/clearvla_eval_opaque_74646.png'
09:25.797  render           | Saved: '/tmp/clearvla_eval_opaque_74646.png'
09:26.135  render           | Saved: '/tmp/clearvla_eval_opaque_74646.png'
09:26.564  render           | Saved: '/tmp/clearvla_eval_opaque_74646.png'
09:26.888  render           | Saved: '/tmp/clearvla_eval_opaque_74646.png'
09:27.329  render           | Saved: '/tmp/clearvla_eval_opaque_74646.png'
09:27.654  render           | Saved: '/tmp/clearvla_eval_opaque_74646.png'
09:28.085  render           | Saved: '/tmp/clearvla_eval_opaque_74646.png'
09:28.410  render           | Saved: '/tmp/clearvla_eval_opaque_74646.png'
09:28.841  render           | Saved: '/tmp/clearvla_eval_opaque_74646.png'
09:29.165  render           | Saved: '/tmp/clearvla_eval_opaque_74646.png'
09:29.599  render           | Saved: '/tmp/clearvla_eval_opaque_74646.png'
09:29.920  render           | Saved: '/tmp/clearvla_eval_opaque_74646.png'
09:30.351  render           | Saved: '/tmp/clearvla_eval_opaque_74646.png'
09:30.680  render           | Saved: '/tmp/clearvla_eval_opaque_74646.png'
09:31.098  render           | Saved: '/tmp/clearvla_eval_opaque_74646.png'
09:31.432  render           | Saved: '/tmp/clearvla_eval_opaque_74646.png'
09:31.845  render           | Saved: '/tmp/clearvla_eval_opaque_74646.png'
09:32.179  render           | Saved: '/tmp/clearvla_eval_opaque_74646.png'
09:32.590  render           | Saved: '/tmp/clearvla_eval_opaque_74646.png'
09:32.926  render           | Saved: '/tmp/clearvla_eval_opaque_74646.png'
09:33.341  render           | Saved: '/tmp/clearvla_eval_opaque_74646.png'
09:33.677  render           | Saved: '/tmp/clearvla_eval_opaque_74646.png'
09:34.089  render           | Saved: '/tmp/clearvla_eval_opaque_74646.png'
09:34.424  render           | Saved: '/tmp/clearvla_eval_opaque_74646.png'
09:34.836  render           | Saved: '/tmp/clearvla_eval_opaque_74646.png'
09:35.164  render           | Saved: '/tmp/clearvla_eval_opaque_74646.png'
09:35.568  render           | Saved: '/tmp/clearvla_eval_opaque_74646.png'
09:35.906  render           | Saved: '/tmp/clearvla_eval_opaque_74646.png'
09:36.311  render           | Saved: '/tmp/clearvla_eval_opaque_74646.png'
09:36.634  render           | Saved: '/tmp/clearvla_eval_opaque_74646.png'
09:37.043  render           | Saved: '/tmp/clearvla_eval_opaque_74646.png'
09:37.364  render           | Saved: '/tmp/clearvla_eval_opaque_74646.png'
09:37.772  render           | Saved: '/tmp/clearvla_eval_opaque_74646.png'
09:38.095  render           | Saved: '/tmp/clearvla_eval_opaque_74646.png'
09:38.506  render           | Saved: '/tmp/clearvla_eval_opaque_74646.png'
09:38.828  render           | Saved: '/tmp/clearvla_eval_opaque_74646.png'
09:39.236  render           | Saved: '/tmp/clearvla_eval_opaque_74646.png'
09:39.555  render           | Saved: '/tmp/clearvla_eval_opaque_74646.png'
09:39.964  render           | Saved: '/tmp/clearvla_eval_opaque_74646.png'
09:40.284  render           | Saved: '/tmp/clearvla_eval_opaque_74646.png'
09:40.697  render           | Saved: '/tmp/clearvla_eval_opaque_74646.png'
09:41.014  render           | Saved: '/tmp/clearvla_eval_opaque_74646.png'
09:41.428  render           | Saved: '/tmp/clearvla_eval_opaque_74646.png'
09:41.747  render           | Saved: '/tmp/clearvla_eval_opaque_74646.png'
09:42.161  render           | Saved: '/tmp/clearvla_eval_opaque_74646.png'
09:42.480  render           | Saved: '/tmp/clearvla_eval_opaque_74646.png'
09:43.307  render           | Saved: '/tmp/clearvla_eval_opaque_74646.png'
09:43.644  render           | Saved: '/tmp/clearvla_eval_opaque_74646.png'
09:44.064  render           | Saved: '/tmp/clearvla_eval_opaque_74646.png'
09:44.405  render           | Saved: '/tmp/clearvla_eval_opaque_74646.png'
09:44.814  render           | Saved: '/tmp/clearvla_eval_opaque_74646.png'
09:45.157  render           | Saved: '/tmp/clearvla_eval_opaque_74646.png'
09:45.563  render           | Saved: '/tmp/clearvla_eval_opaque_74646.png'
09:45.914  render           | Saved: '/tmp/clearvla_eval_opaque_74646.png'
09:46.341  render           | Saved: '/tmp/clearvla_eval_opaque_74646.png'
09:46.700  render           | Saved: '/tmp/clearvla_eval_opaque_74646.png'
09:47.131  render           | Saved: '/tmp/clearvla_eval_opaque_74646.png'
09:47.485  render           | Saved: '/tmp/clearvla_eval_opaque_74646.png'
09:47.917  render           | Saved: '/tmp/clearvla_eval_opaque_74646.png'
09:48.290  render           | Saved: '/tmp/clearvla_eval_opaque_74646.png'
09:48.723  render           | Saved: '/tmp/clearvla_eval_opaque_74646.png'
09:49.078  render           | Saved: '/tmp/clearvla_eval_opaque_74646.png'
09:49.533  render           | Saved: '/tmp/clearvla_eval_opaque_74646.png'
09:49.896  render           | Saved: '/tmp/clearvla_eval_opaque_74646.png'
09:50.333  render           | Saved: '/tmp/clearvla_eval_opaque_74646.png'
09:50.681  render           | Saved: '/tmp/clearvla_eval_opaque_74646.png'
09:51.119  render           | Saved: '/tmp/clearvla_eval_opaque_74646.png'
09:51.481  render           | Saved: '/tmp/clearvla_eval_opaque_74646.png'
09:51.918  render           | Saved: '/tmp/clearvla_eval_opaque_74646.png'
09:52.263  render           | Saved: '/tmp/clearvla_eval_opaque_74646.png'
09:52.693  render           | Saved: '/tmp/clearvla_eval_opaque_74646.png'
09:53.061  render           | Saved: '/tmp/clearvla_eval_opaque_74646.png'
09:53.489  render           | Saved: '/tmp/clearvla_eval_opaque_74646.png'
09:53.845  render           | Saved: '/tmp/clearvla_eval_opaque_74646.png'
09:54.280  render           | Saved: '/tmp/clearvla_eval_opaque_74646.png'
09:54.630  render           | Saved: '/tmp/clearvla_eval_opaque_74646.png'
09:55.037  render           | Saved: '/tmp/clearvla_eval_opaque_74646.png'
09:55.374  render           | Saved: '/tmp/clearvla_eval_opaque_74646.png'
09:55.798  render           | Saved: '/tmp/clearvla_eval_opaque_74646.png'
09:56.130  render           | Saved: '/tmp/clearvla_eval_opaque_74646.png'
09:56.557  render           | Saved: '/tmp/clearvla_eval_opaque_74646.png'
09:56.883  render           | Saved: '/tmp/clearvla_eval_opaque_74646.png'
09:57.314  render           | Saved: '/tmp/clearvla_eval_opaque_74646.png'
09:57.637  render           | Saved: '/tmp/clearvla_eval_opaque_74646.png'
09:58.071  render           | Saved: '/tmp/clearvla_eval_opaque_74646.png'
09:58.397  render           | Saved: '/tmp/clearvla_eval_opaque_74646.png'
09:58.826  render           | Saved: '/tmp/clearvla_eval_opaque_74646.png'
09:59.149  render           | Saved: '/tmp/clearvla_eval_opaque_74646.png'
09:59.568  render           | Saved: '/tmp/clearvla_eval_opaque_74646.png'
09:59.902  render           | Saved: '/tmp/clearvla_eval_opaque_74646.png'
10:00.308  render           | Saved: '/tmp/clearvla_eval_opaque_74646.png'
10:00.627  render           | Saved: '/tmp/clearvla_eval_opaque_74646.png'
10:01.036  render           | Saved: '/tmp/clearvla_eval_opaque_74646.png'
10:01.355  render           | Saved: '/tmp/clearvla_eval_opaque_74646.png'
10:01.760  render           | Saved: '/tmp/clearvla_eval_opaque_74646.png'
10:02.078  render           | Saved: '/tmp/clearvla_eval_opaque_74646.png'
10:02.486  render           | Saved: '/tmp/clearvla_eval_opaque_74646.png'
10:02.810  render           | Saved: '/tmp/clearvla_eval_opaque_74646.png'
10:03.221  render           | Saved: '/tmp/clearvla_eval_opaque_74646.png'
10:03.545  render           | Saved: '/tmp/clearvla_eval_opaque_74646.png'
10:03.951  render           | Saved: '/tmp/clearvla_eval_opaque_74646.png'
10:04.271  render           | Saved: '/tmp/clearvla_eval_opaque_74646.png'
10:04.686  render           | Saved: '/tmp/clearvla_eval_opaque_74646.png'
10:05.009  render           | Saved: '/tmp/clearvla_eval_opaque_74646.png'
10:05.420  render           | Saved: '/tmp/clearvla_eval_opaque_74646.png'
10:05.764  render           | Saved: '/tmp/clearvla_eval_opaque_74646.png'
10:06.182  render           | Saved: '/tmp/clearvla_eval_opaque_74646.png'
10:06.519  render           | Saved: '/tmp/clearvla_eval_opaque_74646.png'
10:06.925  render           | Saved: '/tmp/clearvla_eval_opaque_74646.png'
10:07.260  render           | Saved: '/tmp/clearvla_eval_opaque_74646.png'
10:07.673  render           | Saved: '/tmp/clearvla_eval_opaque_74646.png'
10:08.009  render           | Saved: '/tmp/clearvla_eval_opaque_74646.png'
10:08.426  render           | Saved: '/tmp/clearvla_eval_opaque_74646.png'
10:08.753  render           | Saved: '/tmp/clearvla_eval_opaque_74646.png'
10:09.173  render           | Saved: '/tmp/clearvla_eval_opaque_74646.png'
10:09.494  render           | Saved: '/tmp/clearvla_eval_opaque_74646.png'
10:09.912  render           | Saved: '/tmp/clearvla_eval_opaque_74646.png'
10:10.241  render           | Saved: '/tmp/clearvla_eval_opaque_74646.png'
10:10.669  render           | Saved: '/tmp/clearvla_eval_opaque_74646.png'
10:10.989  render           | Saved: '/tmp/clearvla_eval_opaque_74646.png'
10:11.406  render           | Saved: '/tmp/clearvla_eval_opaque_74646.png'
10:11.734  render           | Saved: '/tmp/clearvla_eval_opaque_74646.png'
[cache25/opaque] grasp: 0/20  (10.1 min, 28.8 s/ep)
10:12.555  render           | Saved: '/tmp/clearvla_eval_opaque_74646.png'
10:12.893  render           | Saved: '/tmp/clearvla_eval_opaque_74646.png'
10:13.306  render           | Saved: '/tmp/clearvla_eval_opaque_74646.png'
10:13.646  render           | Saved: '/tmp/clearvla_eval_opaque_74646.png'
10:14.053  render           | Saved: '/tmp/clearvla_eval_opaque_74646.png'
10:14.393  render           | Saved: '/tmp/clearvla_eval_opaque_74646.png'
10:14.799  render           | Saved: '/tmp/clearvla_eval_opaque_74646.png'
10:15.137  render           | Saved: '/tmp/clearvla_eval_opaque_74646.png'
10:15.543  render           | Saved: '/tmp/clearvla_eval_opaque_74646.png'
10:15.885  render           | Saved: '/tmp/clearvla_eval_opaque_74646.png'
10:16.293  render           | Saved: '/tmp/clearvla_eval_opaque_74646.png'
10:16.636  render           | Saved: '/tmp/clearvla_eval_opaque_74646.png'
10:17.044  render           | Saved: '/tmp/clearvla_eval_opaque_74646.png'
10:17.389  render           | Saved: '/tmp/clearvla_eval_opaque_74646.png'
10:17.803  render           | Saved: '/tmp/clearvla_eval_opaque_74646.png'
10:18.143  render           | Saved: '/tmp/clearvla_eval_opaque_74646.png'
10:18.554  render           | Saved: '/tmp/clearvla_eval_opaque_74646.png'
10:18.892  render           | Saved: '/tmp/clearvla_eval_opaque_74646.png'
10:19.318  render           | Saved: '/tmp/clearvla_eval_opaque_74646.png'
10:19.672  render           | Saved: '/tmp/clearvla_eval_opaque_74646.png'
10:20.104  render           | Saved: '/tmp/clearvla_eval_opaque_74646.png'
10:20.451  render           | Saved: '/tmp/clearvla_eval_opaque_74646.png'
10:20.866  render           | Saved: '/tmp/clearvla_eval_opaque_74646.png'
10:21.208  render           | Saved: '/tmp/clearvla_eval_opaque_74646.png'
10:21.644  render           | Saved: '/tmp/clearvla_eval_opaque_74646.png'
10:22.022  render           | Saved: '/tmp/clearvla_eval_opaque_74646.png'
10:22.465  render           | Saved: '/tmp/clearvla_eval_opaque_74646.png'
10:22.862  render           | Saved: '/tmp/clearvla_eval_opaque_74646.png'
10:23.333  render           | Saved: '/tmp/clearvla_eval_opaque_74646.png'
10:23.682  render           | Saved: '/tmp/clearvla_eval_opaque_74646.png'
10:24.084  render           | Saved: '/tmp/clearvla_eval_opaque_74646.png'
10:24.412  render           | Saved: '/tmp/clearvla_eval_opaque_74646.png'
10:24.840  render           | Saved: '/tmp/clearvla_eval_opaque_74646.png'
10:25.170  render           | Saved: '/tmp/clearvla_eval_opaque_74646.png'
10:25.622  render           | Saved: '/tmp/clearvla_eval_opaque_74646.png'
10:25.963  render           | Saved: '/tmp/clearvla_eval_opaque_74646.png'
10:26.384  render           | Saved: '/tmp/clearvla_eval_opaque_74646.png'
10:26.714  render           | Saved: '/tmp/clearvla_eval_opaque_74646.png'
10:27.122  render           | Saved: '/tmp/clearvla_eval_opaque_74646.png'
10:27.455  render           | Saved: '/tmp/clearvla_eval_opaque_74646.png'
10:27.852  render           | Saved: '/tmp/clearvla_eval_opaque_74646.png'
10:28.175  render           | Saved: '/tmp/clearvla_eval_opaque_74646.png'
10:28.580  render           | Saved: '/tmp/clearvla_eval_opaque_74646.png'
10:28.903  render           | Saved: '/tmp/clearvla_eval_opaque_74646.png'
10:29.311  render           | Saved: '/tmp/clearvla_eval_opaque_74646.png'
10:29.636  render           | Saved: '/tmp/clearvla_eval_opaque_74646.png'
10:30.047  render           | Saved: '/tmp/clearvla_eval_opaque_74646.png'
10:30.374  render           | Saved: '/tmp/clearvla_eval_opaque_74646.png'
10:30.786  render           | Saved: '/tmp/clearvla_eval_opaque_74646.png'
10:31.132  render           | Saved: '/tmp/clearvla_eval_opaque_74646.png'
10:31.538  render           | Saved: '/tmp/clearvla_eval_opaque_74646.png'
10:31.860  render           | Saved: '/tmp/clearvla_eval_opaque_74646.png'
10:32.273  render           | Saved: '/tmp/clearvla_eval_opaque_74646.png'
10:32.618  render           | Saved: '/tmp/clearvla_eval_opaque_74646.png'
10:33.031  render           | Saved: '/tmp/clearvla_eval_opaque_74646.png'
10:33.357  render           | Saved: '/tmp/clearvla_eval_opaque_74646.png'
10:33.760  render           | Saved: '/tmp/clearvla_eval_opaque_74646.png'
10:34.084  render           | Saved: '/tmp/clearvla_eval_opaque_74646.png'
10:34.493  render           | Saved: '/tmp/clearvla_eval_opaque_74646.png'
10:34.816  render           | Saved: '/tmp/clearvla_eval_opaque_74646.png'
10:35.237  render           | Saved: '/tmp/clearvla_eval_opaque_74646.png'
10:35.588  render           | Saved: '/tmp/clearvla_eval_opaque_74646.png'
10:36.005  render           | Saved: '/tmp/clearvla_eval_opaque_74646.png'
10:36.332  render           | Saved: '/tmp/clearvla_eval_opaque_74646.png'
10:36.743  render           | Saved: '/tmp/clearvla_eval_opaque_74646.png'
10:37.081  render           | Saved: '/tmp/clearvla_eval_opaque_74646.png'
10:37.491  render           | Saved: '/tmp/clearvla_eval_opaque_74646.png'
10:37.827  render           | Saved: '/tmp/clearvla_eval_opaque_74646.png'
10:38.228  render           | Saved: '/tmp/clearvla_eval_opaque_74646.png'
10:38.573  render           | Saved: '/tmp/clearvla_eval_opaque_74646.png'
10:38.980  render           | Saved: '/tmp/clearvla_eval_opaque_74646.png'
10:39.328  render           | Saved: '/tmp/clearvla_eval_opaque_74646.png'
10:39.743  render           | Saved: '/tmp/clearvla_eval_opaque_74646.png'
10:40.074  render           | Saved: '/tmp/clearvla_eval_opaque_74646.png'
10:40.491  render           | Saved: '/tmp/clearvla_eval_opaque_74646.png'
10:40.823  render           | Saved: '/tmp/clearvla_eval_opaque_74646.png'
10:41.646  render           | Saved: '/tmp/clearvla_eval_opaque_74646.png'
10:41.991  render           | Saved: '/tmp/clearvla_eval_opaque_74646.png'
10:42.402  render           | Saved: '/tmp/clearvla_eval_opaque_74646.png'
10:42.746  render           | Saved: '/tmp/clearvla_eval_opaque_74646.png'
10:43.158  render           | Saved: '/tmp/clearvla_eval_opaque_74646.png'
10:43.511  render           | Saved: '/tmp/clearvla_eval_opaque_74646.png'
10:43.937  render           | Saved: '/tmp/clearvla_eval_opaque_74646.png'
10:44.302  render           | Saved: '/tmp/clearvla_eval_opaque_74646.png'
10:44.717  render           | Saved: '/tmp/clearvla_eval_opaque_74646.png'
10:45.076  render           | Saved: '/tmp/clearvla_eval_opaque_74646.png'
10:45.508  render           | Saved: '/tmp/clearvla_eval_opaque_74646.png'
10:45.876  render           | Saved: '/tmp/clearvla_eval_opaque_74646.png'
10:46.312  render           | Saved: '/tmp/clearvla_eval_opaque_74646.png'
10:46.667  render           | Saved: '/tmp/clearvla_eval_opaque_74646.png'
10:47.083  render           | Saved: '/tmp/clearvla_eval_opaque_74646.png'
10:47.421  render           | Saved: '/tmp/clearvla_eval_opaque_74646.png'
10:47.833  render           | Saved: '/tmp/clearvla_eval_opaque_74646.png'
10:48.181  render           | Saved: '/tmp/clearvla_eval_opaque_74646.png'
10:48.594  render           | Saved: '/tmp/clearvla_eval_opaque_74646.png'
10:48.933  render           | Saved: '/tmp/clearvla_eval_opaque_74646.png'
10:49.347  render           | Saved: '/tmp/clearvla_eval_opaque_74646.png'
10:49.694  render           | Saved: '/tmp/clearvla_eval_opaque_74646.png'
10:50.107  render           | Saved: '/tmp/clearvla_eval_opaque_74646.png'
10:50.448  render           | Saved: '/tmp/clearvla_eval_opaque_74646.png'
10:50.861  render           | Saved: '/tmp/clearvla_eval_opaque_74646.png'
10:51.207  render           | Saved: '/tmp/clearvla_eval_opaque_74646.png'
10:51.618  render           | Saved: '/tmp/clearvla_eval_opaque_74646.png'
10:51.955  render           | Saved: '/tmp/clearvla_eval_opaque_74646.png'
10:52.368  render           | Saved: '/tmp/clearvla_eval_opaque_74646.png'
10:52.709  render           | Saved: '/tmp/clearvla_eval_opaque_74646.png'
10:53.114  render           | Saved: '/tmp/clearvla_eval_opaque_74646.png'
10:53.450  render           | Saved: '/tmp/clearvla_eval_opaque_74646.png'
10:53.857  render           | Saved: '/tmp/clearvla_eval_opaque_74646.png'
10:54.180  render           | Saved: '/tmp/clearvla_eval_opaque_74646.png'
10:54.590  render           | Saved: '/tmp/clearvla_eval_opaque_74646.png'
10:54.936  render           | Saved: '/tmp/clearvla_eval_opaque_74646.png'
10:55.351  render           | Saved: '/tmp/clearvla_eval_opaque_74646.png'
10:55.686  render           | Saved: '/tmp/clearvla_eval_opaque_74646.png'
10:56.098  render           | Saved: '/tmp/clearvla_eval_opaque_74646.png'
10:56.428  render           | Saved: '/tmp/clearvla_eval_opaque_74646.png'
10:56.842  render           | Saved: '/tmp/clearvla_eval_opaque_74646.png'
10:57.174  render           | Saved: '/tmp/clearvla_eval_opaque_74646.png'
10:57.591  render           | Saved: '/tmp/clearvla_eval_opaque_74646.png'
10:57.925  render           | Saved: '/tmp/clearvla_eval_opaque_74646.png'
10:58.338  render           | Saved: '/tmp/clearvla_eval_opaque_74646.png'
10:58.672  render           | Saved: '/tmp/clearvla_eval_opaque_74646.png'
10:59.090  render           | Saved: '/tmp/clearvla_eval_opaque_74646.png'
10:59.427  render           | Saved: '/tmp/clearvla_eval_opaque_74646.png'
10:59.837  render           | Saved: '/tmp/clearvla_eval_opaque_74646.png'
11:00.173  render           | Saved: '/tmp/clearvla_eval_opaque_74646.png'
11:00.586  render           | Saved: '/tmp/clearvla_eval_opaque_74646.png'
11:00.919  render           | Saved: '/tmp/clearvla_eval_opaque_74646.png'
11:01.331  render           | Saved: '/tmp/clearvla_eval_opaque_74646.png'
11:01.660  render           | Saved: '/tmp/clearvla_eval_opaque_74646.png'
11:02.062  render           | Saved: '/tmp/clearvla_eval_opaque_74646.png'
11:02.406  render           | Saved: '/tmp/clearvla_eval_opaque_74646.png'
11:02.816  render           | Saved: '/tmp/clearvla_eval_opaque_74646.png'
11:03.170  render           | Saved: '/tmp/clearvla_eval_opaque_74646.png'
11:03.576  render           | Saved: '/tmp/clearvla_eval_opaque_74646.png'
11:03.911  render           | Saved: '/tmp/clearvla_eval_opaque_74646.png'
11:04.327  render           | Saved: '/tmp/clearvla_eval_opaque_74646.png'
11:04.661  render           | Saved: '/tmp/clearvla_eval_opaque_74646.png'
11:05.075  render           | Saved: '/tmp/clearvla_eval_opaque_74646.png'
11:05.414  render           | Saved: '/tmp/clearvla_eval_opaque_74646.png'
11:05.845  render           | Saved: '/tmp/clearvla_eval_opaque_74646.png'
11:06.169  render           | Saved: '/tmp/clearvla_eval_opaque_74646.png'
11:06.600  render           | Saved: '/tmp/clearvla_eval_opaque_74646.png'
11:06.927  render           | Saved: '/tmp/clearvla_eval_opaque_74646.png'
11:07.359  render           | Saved: '/tmp/clearvla_eval_opaque_74646.png'
11:07.685  render           | Saved: '/tmp/clearvla_eval_opaque_74646.png'
11:08.110  render           | Saved: '/tmp/clearvla_eval_opaque_74646.png'
11:08.437  render           | Saved: '/tmp/clearvla_eval_opaque_74646.png'
11:08.863  render           | Saved: '/tmp/clearvla_eval_opaque_74646.png'
11:09.189  render           | Saved: '/tmp/clearvla_eval_opaque_74646.png'
11:09.619  render           | Saved: '/tmp/clearvla_eval_opaque_74646.png'
11:09.942  render           | Saved: '/tmp/clearvla_eval_opaque_74646.png'
11:10.793  render           | Saved: '/tmp/clearvla_eval_opaque_74646.png'
11:11.152  render           | Saved: '/tmp/clearvla_eval_opaque_74646.png'
11:11.590  render           | Saved: '/tmp/clearvla_eval_opaque_74646.png'
11:11.963  render           | Saved: '/tmp/clearvla_eval_opaque_74646.png'
11:12.402  render           | Saved: '/tmp/clearvla_eval_opaque_74646.png'
11:12.750  render           | Saved: '/tmp/clearvla_eval_opaque_74646.png'
11:13.161  render           | Saved: '/tmp/clearvla_eval_opaque_74646.png'
11:13.502  render           | Saved: '/tmp/clearvla_eval_opaque_74646.png'
11:13.915  render           | Saved: '/tmp/clearvla_eval_opaque_74646.png'
11:14.272  render           | Saved: '/tmp/clearvla_eval_opaque_74646.png'
11:14.704  render           | Saved: '/tmp/clearvla_eval_opaque_74646.png'
11:15.064  render           | Saved: '/tmp/clearvla_eval_opaque_74646.png'
11:15.500  render           | Saved: '/tmp/clearvla_eval_opaque_74646.png'
11:15.856  render           | Saved: '/tmp/clearvla_eval_opaque_74646.png'
11:16.290  render           | Saved: '/tmp/clearvla_eval_opaque_74646.png'
11:16.643  render           | Saved: '/tmp/clearvla_eval_opaque_74646.png'
11:17.075  render           | Saved: '/tmp/clearvla_eval_opaque_74646.png'
11:17.428  render           | Saved: '/tmp/clearvla_eval_opaque_74646.png'
11:17.840  render           | Saved: '/tmp/clearvla_eval_opaque_74646.png'
11:18.179  render           | Saved: '/tmp/clearvla_eval_opaque_74646.png'
11:18.595  render           | Saved: '/tmp/clearvla_eval_opaque_74646.png'
11:18.945  render           | Saved: '/tmp/clearvla_eval_opaque_74646.png'
11:19.361  render           | Saved: '/tmp/clearvla_eval_opaque_74646.png'
11:19.702  render           | Saved: '/tmp/clearvla_eval_opaque_74646.png'
11:20.113  render           | Saved: '/tmp/clearvla_eval_opaque_74646.png'
11:20.471  render           | Saved: '/tmp/clearvla_eval_opaque_74646.png'
11:20.886  render           | Saved: '/tmp/clearvla_eval_opaque_74646.png'
11:21.225  render           | Saved: '/tmp/clearvla_eval_opaque_74646.png'
11:21.637  render           | Saved: '/tmp/clearvla_eval_opaque_74646.png'
11:21.979  render           | Saved: '/tmp/clearvla_eval_opaque_74646.png'
11:22.381  render           | Saved: '/tmp/clearvla_eval_opaque_74646.png'
11:22.715  render           | Saved: '/tmp/clearvla_eval_opaque_74646.png'
11:23.139  render           | Saved: '/tmp/clearvla_eval_opaque_74646.png'
11:23.463  render           | Saved: '/tmp/clearvla_eval_opaque_74646.png'
11:23.872  render           | Saved: '/tmp/clearvla_eval_opaque_74646.png'
11:24.203  render           | Saved: '/tmp/clearvla_eval_opaque_74646.png'
11:24.632  render           | Saved: '/tmp/clearvla_eval_opaque_74646.png'
11:24.954  render           | Saved: '/tmp/clearvla_eval_opaque_74646.png'
11:25.384  render           | Saved: '/tmp/clearvla_eval_opaque_74646.png'
11:25.714  render           | Saved: '/tmp/clearvla_eval_opaque_74646.png'
11:26.160  render           | Saved: '/tmp/clearvla_eval_opaque_74646.png'
11:26.478  render           | Saved: '/tmp/clearvla_eval_opaque_74646.png'
11:26.887  render           | Saved: '/tmp/clearvla_eval_opaque_74646.png'
11:27.220  render           | Saved: '/tmp/clearvla_eval_opaque_74646.png'
11:27.632  render           | Saved: '/tmp/clearvla_eval_opaque_74646.png'
11:27.967  render           | Saved: '/tmp/clearvla_eval_opaque_74646.png'
11:28.382  render           | Saved: '/tmp/clearvla_eval_opaque_74646.png'
11:28.707  render           | Saved: '/tmp/clearvla_eval_opaque_74646.png'
11:29.118  render           | Saved: '/tmp/clearvla_eval_opaque_74646.png'
11:29.457  render           | Saved: '/tmp/clearvla_eval_opaque_74646.png'
11:29.863  render           | Saved: '/tmp/clearvla_eval_opaque_74646.png'
11:30.207  render           | Saved: '/tmp/clearvla_eval_opaque_74646.png'
11:30.627  render           | Saved: '/tmp/clearvla_eval_opaque_74646.png'
11:30.966  render           | Saved: '/tmp/clearvla_eval_opaque_74646.png'
11:31.374  render           | Saved: '/tmp/clearvla_eval_opaque_74646.png'
11:31.704  render           | Saved: '/tmp/clearvla_eval_opaque_74646.png'
11:32.115  render           | Saved: '/tmp/clearvla_eval_opaque_74646.png'
11:32.442  render           | Saved: '/tmp/clearvla_eval_opaque_74646.png'
11:32.857  render           | Saved: '/tmp/clearvla_eval_opaque_74646.png'
11:33.195  render           | Saved: '/tmp/clearvla_eval_opaque_74646.png'
11:33.611  render           | Saved: '/tmp/clearvla_eval_opaque_74646.png'
11:33.942  render           | Saved: '/tmp/clearvla_eval_opaque_74646.png'
11:34.354  render           | Saved: '/tmp/clearvla_eval_opaque_74646.png'
11:34.691  render           | Saved: '/tmp/clearvla_eval_opaque_74646.png'
11:35.100  render           | Saved: '/tmp/clearvla_eval_opaque_74646.png'
11:35.453  render           | Saved: '/tmp/clearvla_eval_opaque_74646.png'
11:35.862  render           | Saved: '/tmp/clearvla_eval_opaque_74646.png'
11:36.196  render           | Saved: '/tmp/clearvla_eval_opaque_74646.png'
11:36.627  render           | Saved: '/tmp/clearvla_eval_opaque_74646.png'
11:36.954  render           | Saved: '/tmp/clearvla_eval_opaque_74646.png'
11:37.379  render           | Saved: '/tmp/clearvla_eval_opaque_74646.png'
11:37.711  render           | Saved: '/tmp/clearvla_eval_opaque_74646.png'
11:38.133  render           | Saved: '/tmp/clearvla_eval_opaque_74646.png'
11:38.461  render           | Saved: '/tmp/clearvla_eval_opaque_74646.png'
11:38.894  render           | Saved: '/tmp/clearvla_eval_opaque_74646.png'
11:39.220  render           | Saved: '/tmp/clearvla_eval_opaque_74646.png'
11:40.078  render           | Saved: '/tmp/clearvla_eval_opaque_74646.png'
11:40.435  render           | Saved: '/tmp/clearvla_eval_opaque_74646.png'
11:40.920  render           | Saved: '/tmp/clearvla_eval_opaque_74646.png'
11:41.278  render           | Saved: '/tmp/clearvla_eval_opaque_74646.png'
11:41.710  render           | Saved: '/tmp/clearvla_eval_opaque_74646.png'
11:42.072  render           | Saved: '/tmp/clearvla_eval_opaque_74646.png'
11:42.560  render           | Saved: '/tmp/clearvla_eval_opaque_74646.png'
11:42.953  render           | Saved: '/tmp/clearvla_eval_opaque_74646.png'
11:43.405  render           | Saved: '/tmp/clearvla_eval_opaque_74646.png'
11:43.775  render           | Saved: '/tmp/clearvla_eval_opaque_74646.png'
11:44.229  render           | Saved: '/tmp/clearvla_eval_opaque_74646.png'
11:44.628  render           | Saved: '/tmp/clearvla_eval_opaque_74646.png'
11:45.062  render           | Saved: '/tmp/clearvla_eval_opaque_74646.png'
11:45.418  render           | Saved: '/tmp/clearvla_eval_opaque_74646.png'
11:45.858  render           | Saved: '/tmp/clearvla_eval_opaque_74646.png'
11:46.213  render           | Saved: '/tmp/clearvla_eval_opaque_74646.png'
11:46.648  render           | Saved: '/tmp/clearvla_eval_opaque_74646.png'
11:47.004  render           | Saved: '/tmp/clearvla_eval_opaque_74646.png'
11:47.435  render           | Saved: '/tmp/clearvla_eval_opaque_74646.png'
11:47.799  render           | Saved: '/tmp/clearvla_eval_opaque_74646.png'
11:48.243  render           | Saved: '/tmp/clearvla_eval_opaque_74646.png'
11:48.619  render           | Saved: '/tmp/clearvla_eval_opaque_74646.png'
11:49.098  render           | Saved: '/tmp/clearvla_eval_opaque_74646.png'
11:49.490  render           | Saved: '/tmp/clearvla_eval_opaque_74646.png'
11:49.957  render           | Saved: '/tmp/clearvla_eval_opaque_74646.png'
11:50.306  render           | Saved: '/tmp/clearvla_eval_opaque_74646.png'
11:50.735  render           | Saved: '/tmp/clearvla_eval_opaque_74646.png'
11:51.094  render           | Saved: '/tmp/clearvla_eval_opaque_74646.png'
11:51.526  render           | Saved: '/tmp/clearvla_eval_opaque_74646.png'
11:51.882  render           | Saved: '/tmp/clearvla_eval_opaque_74646.png'
11:52.292  render           | Saved: '/tmp/clearvla_eval_opaque_74646.png'
11:52.633  render           | Saved: '/tmp/clearvla_eval_opaque_74646.png'
11:53.047  render           | Saved: '/tmp/clearvla_eval_opaque_74646.png'
11:53.380  render           | Saved: '/tmp/clearvla_eval_opaque_74646.png'
11:53.803  render           | Saved: '/tmp/clearvla_eval_opaque_74646.png'
11:54.135  render           | Saved: '/tmp/clearvla_eval_opaque_74646.png'
11:54.548  render           | Saved: '/tmp/clearvla_eval_opaque_74646.png'
11:54.882  render           | Saved: '/tmp/clearvla_eval_opaque_74646.png'
11:55.295  render           | Saved: '/tmp/clearvla_eval_opaque_74646.png'
11:55.628  render           | Saved: '/tmp/clearvla_eval_opaque_74646.png'
11:56.040  render           | Saved: '/tmp/clearvla_eval_opaque_74646.png'
11:56.371  render           | Saved: '/tmp/clearvla_eval_opaque_74646.png'
11:56.773  render           | Saved: '/tmp/clearvla_eval_opaque_74646.png'
11:57.098  render           | Saved: '/tmp/clearvla_eval_opaque_74646.png'
11:57.503  render           | Saved: '/tmp/clearvla_eval_opaque_74646.png'
11:57.825  render           | Saved: '/tmp/clearvla_eval_opaque_74646.png'
11:58.235  render           | Saved: '/tmp/clearvla_eval_opaque_74646.png'
11:58.582  render           | Saved: '/tmp/clearvla_eval_opaque_74646.png'
11:58.990  render           | Saved: '/tmp/clearvla_eval_opaque_74646.png'
11:59.313  render           | Saved: '/tmp/clearvla_eval_opaque_74646.png'
11:59.726  render           | Saved: '/tmp/clearvla_eval_opaque_74646.png'
12:00.052  render           | Saved: '/tmp/clearvla_eval_opaque_74646.png'
12:00.467  render           | Saved: '/tmp/clearvla_eval_opaque_74646.png'
12:00.790  render           | Saved: '/tmp/clearvla_eval_opaque_74646.png'
12:01.199  render           | Saved: '/tmp/clearvla_eval_opaque_74646.png'
12:01.522  render           | Saved: '/tmp/clearvla_eval_opaque_74646.png'
12:01.929  render           | Saved: '/tmp/clearvla_eval_opaque_74646.png'
12:02.252  render           | Saved: '/tmp/clearvla_eval_opaque_74646.png'
12:02.670  render           | Saved: '/tmp/clearvla_eval_opaque_74646.png'
12:02.992  render           | Saved: '/tmp/clearvla_eval_opaque_74646.png'
12:03.404  render           | Saved: '/tmp/clearvla_eval_opaque_74646.png'
12:03.733  render           | Saved: '/tmp/clearvla_eval_opaque_74646.png'
12:04.142  render           | Saved: '/tmp/clearvla_eval_opaque_74646.png'
12:04.488  render           | Saved: '/tmp/clearvla_eval_opaque_74646.png'
12:04.885  render           | Saved: '/tmp/clearvla_eval_opaque_74646.png'
12:05.211  render           | Saved: '/tmp/clearvla_eval_opaque_74646.png'
12:05.632  render           | Saved: '/tmp/clearvla_eval_opaque_74646.png'
12:05.953  render           | Saved: '/tmp/clearvla_eval_opaque_74646.png'
12:06.369  render           | Saved: '/tmp/clearvla_eval_opaque_74646.png'
12:06.690  render           | Saved: '/tmp/clearvla_eval_opaque_74646.png'
12:07.097  render           | Saved: '/tmp/clearvla_eval_opaque_74646.png'
12:07.420  render           | Saved: '/tmp/clearvla_eval_opaque_74646.png'
12:07.841  render           | Saved: '/tmp/clearvla_eval_opaque_74646.png'
12:08.162  render           | Saved: '/tmp/clearvla_eval_opaque_74646.png'
12:08.581  render           | Saved: '/tmp/clearvla_eval_opaque_74646.png'
12:08.904  render           | Saved: '/tmp/clearvla_eval_opaque_74646.png'
12:09.719  render           | Saved: '/tmp/clearvla_eval_opaque_74646.png'
12:10.055  render           | Saved: '/tmp/clearvla_eval_opaque_74646.png'
12:10.460  render           | Saved: '/tmp/clearvla_eval_opaque_74646.png'
12:10.801  render           | Saved: '/tmp/clearvla_eval_opaque_74646.png'
12:11.220  render           | Saved: '/tmp/clearvla_eval_opaque_74646.png'
12:11.566  render           | Saved: '/tmp/clearvla_eval_opaque_74646.png'
12:11.972  render           | Saved: '/tmp/clearvla_eval_opaque_74646.png'
12:12.325  render           | Saved: '/tmp/clearvla_eval_opaque_74646.png'
12:12.755  render           | Saved: '/tmp/clearvla_eval_opaque_74646.png'
12:13.110  render           | Saved: '/tmp/clearvla_eval_opaque_74646.png'
12:13.547  render           | Saved: '/tmp/clearvla_eval_opaque_74646.png'
12:13.917  render           | Saved: '/tmp/clearvla_eval_opaque_74646.png'
12:14.377  render           | Saved: '/tmp/clearvla_eval_opaque_74646.png'
12:14.735  render           | Saved: '/tmp/clearvla_eval_opaque_74646.png'
12:15.174  render           | Saved: '/tmp/clearvla_eval_opaque_74646.png'
12:15.532  render           | Saved: '/tmp/clearvla_eval_opaque_74646.png'
12:15.971  render           | Saved: '/tmp/clearvla_eval_opaque_74646.png'
12:16.331  render           | Saved: '/tmp/clearvla_eval_opaque_74646.png'
12:16.783  render           | Saved: '/tmp/clearvla_eval_opaque_74646.png'
12:17.138  render           | Saved: '/tmp/clearvla_eval_opaque_74646.png'
12:17.574  render           | Saved: '/tmp/clearvla_eval_opaque_74646.png'
12:17.948  render           | Saved: '/tmp/clearvla_eval_opaque_74646.png'
12:18.420  render           | Saved: '/tmp/clearvla_eval_opaque_74646.png'
12:18.794  render           | Saved: '/tmp/clearvla_eval_opaque_74646.png'
12:19.241  render           | Saved: '/tmp/clearvla_eval_opaque_74646.png'
12:19.596  render           | Saved: '/tmp/clearvla_eval_opaque_74646.png'
12:20.035  render           | Saved: '/tmp/clearvla_eval_opaque_74646.png'
12:20.396  render           | Saved: '/tmp/clearvla_eval_opaque_74646.png'
12:20.833  render           | Saved: '/tmp/clearvla_eval_opaque_74646.png'
12:21.190  render           | Saved: '/tmp/clearvla_eval_opaque_74646.png'
12:21.591  render           | Saved: '/tmp/clearvla_eval_opaque_74646.png'
12:21.914  render           | Saved: '/tmp/clearvla_eval_opaque_74646.png'
12:22.375  render           | Saved: '/tmp/clearvla_eval_opaque_74646.png'
12:22.705  render           | Saved: '/tmp/clearvla_eval_opaque_74646.png'
12:23.133  render           | Saved: '/tmp/clearvla_eval_opaque_74646.png'
12:23.460  render           | Saved: '/tmp/clearvla_eval_opaque_74646.png'
12:23.890  render           | Saved: '/tmp/clearvla_eval_opaque_74646.png'
12:24.214  render           | Saved: '/tmp/clearvla_eval_opaque_74646.png'
12:24.649  render           | Saved: '/tmp/clearvla_eval_opaque_74646.png'
12:24.971  render           | Saved: '/tmp/clearvla_eval_opaque_74646.png'
12:25.416  render           | Saved: '/tmp/clearvla_eval_opaque_74646.png'
12:25.757  render           | Saved: '/tmp/clearvla_eval_opaque_74646.png'
12:26.196  render           | Saved: '/tmp/clearvla_eval_opaque_74646.png'
12:26.525  render           | Saved: '/tmp/clearvla_eval_opaque_74646.png'
12:26.976  render           | Saved: '/tmp/clearvla_eval_opaque_74646.png'
12:27.304  render           | Saved: '/tmp/clearvla_eval_opaque_74646.png'
12:27.747  render           | Saved: '/tmp/clearvla_eval_opaque_74646.png'
12:28.069  render           | Saved: '/tmp/clearvla_eval_opaque_74646.png'
12:28.528  render           | Saved: '/tmp/clearvla_eval_opaque_74646.png'
12:28.871  render           | Saved: '/tmp/clearvla_eval_opaque_74646.png'
12:29.298  render           | Saved: '/tmp/clearvla_eval_opaque_74646.png'
12:29.640  render           | Saved: '/tmp/clearvla_eval_opaque_74646.png'
12:30.061  render           | Saved: '/tmp/clearvla_eval_opaque_74646.png'
12:30.404  render           | Saved: '/tmp/clearvla_eval_opaque_74646.png'
12:30.829  render           | Saved: '/tmp/clearvla_eval_opaque_74646.png'
12:31.158  render           | Saved: '/tmp/clearvla_eval_opaque_74646.png'
12:31.607  render           | Saved: '/tmp/clearvla_eval_opaque_74646.png'
12:31.954  render           | Saved: '/tmp/clearvla_eval_opaque_74646.png'
12:32.371  render           | Saved: '/tmp/clearvla_eval_opaque_74646.png'
12:32.715  render           | Saved: '/tmp/clearvla_eval_opaque_74646.png'
12:33.138  render           | Saved: '/tmp/clearvla_eval_opaque_74646.png'
12:33.478  render           | Saved: '/tmp/clearvla_eval_opaque_74646.png'
12:33.913  render           | Saved: '/tmp/clearvla_eval_opaque_74646.png'
12:34.237  render           | Saved: '/tmp/clearvla_eval_opaque_74646.png'
12:34.667  render           | Saved: '/tmp/clearvla_eval_opaque_74646.png'
12:34.998  render           | Saved: '/tmp/clearvla_eval_opaque_74646.png'
12:35.442  render           | Saved: '/tmp/clearvla_eval_opaque_74646.png'
12:35.779  render           | Saved: '/tmp/clearvla_eval_opaque_74646.png'
12:36.223  render           | Saved: '/tmp/clearvla_eval_opaque_74646.png'
12:36.550  render           | Saved: '/tmp/clearvla_eval_opaque_74646.png'
12:36.997  render           | Saved: '/tmp/clearvla_eval_opaque_74646.png'
12:37.320  render           | Saved: '/tmp/clearvla_eval_opaque_74646.png'
12:37.765  render           | Saved: '/tmp/clearvla_eval_opaque_74646.png'
12:38.106  render           | Saved: '/tmp/clearvla_eval_opaque_74646.png'
12:38.532  render           | Saved: '/tmp/clearvla_eval_opaque_74646.png'
12:38.860  render           | Saved: '/tmp/clearvla_eval_opaque_74646.png'
12:39.708  render           | Saved: '/tmp/clearvla_eval_opaque_74646.png'
12:40.105  render           | Saved: '/tmp/clearvla_eval_opaque_74646.png'
12:40.562  render           | Saved: '/tmp/clearvla_eval_opaque_74646.png'
12:40.914  render           | Saved: '/tmp/clearvla_eval_opaque_74646.png'
12:41.358  render           | Saved: '/tmp/clearvla_eval_opaque_74646.png'
12:41.764  render           | Saved: '/tmp/clearvla_eval_opaque_74646.png'
12:42.218  render           | Saved: '/tmp/clearvla_eval_opaque_74646.png'
12:42.576  render           | Saved: '/tmp/clearvla_eval_opaque_74646.png'
12:43.007  render           | Saved: '/tmp/clearvla_eval_opaque_74646.png'
12:43.377  render           | Saved: '/tmp/clearvla_eval_opaque_74646.png'
12:43.828  render           | Saved: '/tmp/clearvla_eval_opaque_74646.png'
12:44.186  render           | Saved: '/tmp/clearvla_eval_opaque_74646.png'
12:44.616  render           | Saved: '/tmp/clearvla_eval_opaque_74646.png'
12:44.973  render           | Saved: '/tmp/clearvla_eval_opaque_74646.png'
12:45.406  render           | Saved: '/tmp/clearvla_eval_opaque_74646.png'
12:45.777  render           | Saved: '/tmp/clearvla_eval_opaque_74646.png'
12:46.257  render           | Saved: '/tmp/clearvla_eval_opaque_74646.png'
12:46.613  render           | Saved: '/tmp/clearvla_eval_opaque_74646.png'
12:47.089  render           | Saved: '/tmp/clearvla_eval_opaque_74646.png'
12:47.448  render           | Saved: '/tmp/clearvla_eval_opaque_74646.png'
12:47.887  render           | Saved: '/tmp/clearvla_eval_opaque_74646.png'
12:48.241  render           | Saved: '/tmp/clearvla_eval_opaque_74646.png'
12:48.685  render           | Saved: '/tmp/clearvla_eval_opaque_74646.png'
12:49.087  render           | Saved: '/tmp/clearvla_eval_opaque_74646.png'
12:49.530  render           | Saved: '/tmp/clearvla_eval_opaque_74646.png'
12:49.889  render           | Saved: '/tmp/clearvla_eval_opaque_74646.png'
12:50.368  render           | Saved: '/tmp/clearvla_eval_opaque_74646.png'
12:50.740  render           | Saved: '/tmp/clearvla_eval_opaque_74646.png'
12:51.174  render           | Saved: '/tmp/clearvla_eval_opaque_74646.png'
12:51.524  render           | Saved: '/tmp/clearvla_eval_opaque_74646.png'
12:51.941  render           | Saved: '/tmp/clearvla_eval_opaque_74646.png'
12:52.272  render           | Saved: '/tmp/clearvla_eval_opaque_74646.png'
12:52.705  render           | Saved: '/tmp/clearvla_eval_opaque_74646.png'
12:53.037  render           | Saved: '/tmp/clearvla_eval_opaque_74646.png'
12:53.470  render           | Saved: '/tmp/clearvla_eval_opaque_74646.png'
12:53.799  render           | Saved: '/tmp/clearvla_eval_opaque_74646.png'
12:54.235  render           | Saved: '/tmp/clearvla_eval_opaque_74646.png'
12:54.567  render           | Saved: '/tmp/clearvla_eval_opaque_74646.png'
12:55.005  render           | Saved: '/tmp/clearvla_eval_opaque_74646.png'
12:55.326  render           | Saved: '/tmp/clearvla_eval_opaque_74646.png'
12:55.761  render           | Saved: '/tmp/clearvla_eval_opaque_74646.png'
12:56.086  render           | Saved: '/tmp/clearvla_eval_opaque_74646.png'
12:56.520  render           | Saved: '/tmp/clearvla_eval_opaque_74646.png'
12:56.845  render           | Saved: '/tmp/clearvla_eval_opaque_74646.png'
12:57.266  render           | Saved: '/tmp/clearvla_eval_opaque_74646.png'
12:57.599  render           | Saved: '/tmp/clearvla_eval_opaque_74646.png'
12:58.015  render           | Saved: '/tmp/clearvla_eval_opaque_74646.png'
12:58.350  render           | Saved: '/tmp/clearvla_eval_opaque_74646.png'
12:58.772  render           | Saved: '/tmp/clearvla_eval_opaque_74646.png'
12:59.103  render           | Saved: '/tmp/clearvla_eval_opaque_74646.png'
12:59.536  render           | Saved: '/tmp/clearvla_eval_opaque_74646.png'
12:59.864  render           | Saved: '/tmp/clearvla_eval_opaque_74646.png'
13:00.298  render           | Saved: '/tmp/clearvla_eval_opaque_74646.png'
13:00.631  render           | Saved: '/tmp/clearvla_eval_opaque_74646.png'
13:01.054  render           | Saved: '/tmp/clearvla_eval_opaque_74646.png'
13:01.385  render           | Saved: '/tmp/clearvla_eval_opaque_74646.png'
13:01.827  render           | Saved: '/tmp/clearvla_eval_opaque_74646.png'
13:02.154  render           | Saved: '/tmp/clearvla_eval_opaque_74646.png'
13:02.616  render           | Saved: '/tmp/clearvla_eval_opaque_74646.png'
13:02.948  render           | Saved: '/tmp/clearvla_eval_opaque_74646.png'
13:03.417  render           | Saved: '/tmp/clearvla_eval_opaque_74646.png'
13:03.747  render           | Saved: '/tmp/clearvla_eval_opaque_74646.png'
13:04.191  render           | Saved: '/tmp/clearvla_eval_opaque_74646.png'
13:04.517  render           | Saved: '/tmp/clearvla_eval_opaque_74646.png'
13:04.941  render           | Saved: '/tmp/clearvla_eval_opaque_74646.png'
13:05.268  render           | Saved: '/tmp/clearvla_eval_opaque_74646.png'
13:05.693  render           | Saved: '/tmp/clearvla_eval_opaque_74646.png'
13:06.021  render           | Saved: '/tmp/clearvla_eval_opaque_74646.png'
13:06.448  render           | Saved: '/tmp/clearvla_eval_opaque_74646.png'
13:06.780  render           | Saved: '/tmp/clearvla_eval_opaque_74646.png'
13:07.221  render           | Saved: '/tmp/clearvla_eval_opaque_74646.png'
13:07.548  render           | Saved: '/tmp/clearvla_eval_opaque_74646.png'
13:07.974  render           | Saved: '/tmp/clearvla_eval_opaque_74646.png'
13:08.298  render           | Saved: '/tmp/clearvla_eval_opaque_74646.png'
13:08.729  render           | Saved: '/tmp/clearvla_eval_opaque_74646.png'
13:09.054  render           | Saved: '/tmp/clearvla_eval_opaque_74646.png'
13:09.876  render           | Saved: '/tmp/clearvla_eval_opaque_74646.png'
13:10.218  render           | Saved: '/tmp/clearvla_eval_opaque_74646.png'
13:10.642  render           | Saved: '/tmp/clearvla_eval_opaque_74646.png'
13:10.987  render           | Saved: '/tmp/clearvla_eval_opaque_74646.png'
13:11.400  render           | Saved: '/tmp/clearvla_eval_opaque_74646.png'
13:11.743  render           | Saved: '/tmp/clearvla_eval_opaque_74646.png'
13:12.154  render           | Saved: '/tmp/clearvla_eval_opaque_74646.png'
13:12.514  render           | Saved: '/tmp/clearvla_eval_opaque_74646.png'
13:12.943  render           | Saved: '/tmp/clearvla_eval_opaque_74646.png'
13:13.308  render           | Saved: '/tmp/clearvla_eval_opaque_74646.png'
13:13.741  render           | Saved: '/tmp/clearvla_eval_opaque_74646.png'
13:14.092  render           | Saved: '/tmp/clearvla_eval_opaque_74646.png'
13:14.525  render           | Saved: '/tmp/clearvla_eval_opaque_74646.png'
13:14.881  render           | Saved: '/tmp/clearvla_eval_opaque_74646.png'
13:15.313  render           | Saved: '/tmp/clearvla_eval_opaque_74646.png'
13:15.671  render           | Saved: '/tmp/clearvla_eval_opaque_74646.png'
13:16.094  render           | Saved: '/tmp/clearvla_eval_opaque_74646.png'
13:16.450  render           | Saved: '/tmp/clearvla_eval_opaque_74646.png'
13:16.868  render           | Saved: '/tmp/clearvla_eval_opaque_74646.png'
13:17.218  render           | Saved: '/tmp/clearvla_eval_opaque_74646.png'
13:17.630  render           | Saved: '/tmp/clearvla_eval_opaque_74646.png'
13:17.970  render           | Saved: '/tmp/clearvla_eval_opaque_74646.png'
13:18.373  render           | Saved: '/tmp/clearvla_eval_opaque_74646.png'
13:18.707  render           | Saved: '/tmp/clearvla_eval_opaque_74646.png'
13:19.098  render           | Saved: '/tmp/clearvla_eval_opaque_74646.png'
13:19.451  render           | Saved: '/tmp/clearvla_eval_opaque_74646.png'
13:19.853  render           | Saved: '/tmp/clearvla_eval_opaque_74646.png'
13:20.185  render           | Saved: '/tmp/clearvla_eval_opaque_74646.png'
13:20.580  render           | Saved: '/tmp/clearvla_eval_opaque_74646.png'
13:20.916  render           | Saved: '/tmp/clearvla_eval_opaque_74646.png'
13:21.306  render           | Saved: '/tmp/clearvla_eval_opaque_74646.png'
13:21.638  render           | Saved: '/tmp/clearvla_eval_opaque_74646.png'
13:22.094  render           | Saved: '/tmp/clearvla_eval_opaque_74646.png'
13:22.446  render           | Saved: '/tmp/clearvla_eval_opaque_74646.png'
13:22.881  render           | Saved: '/tmp/clearvla_eval_opaque_74646.png'
13:23.214  render           | Saved: '/tmp/clearvla_eval_opaque_74646.png'
13:23.598  render           | Saved: '/tmp/clearvla_eval_opaque_74646.png'
13:23.924  render           | Saved: '/tmp/clearvla_eval_opaque_74646.png'
13:24.321  render           | Saved: '/tmp/clearvla_eval_opaque_74646.png'
13:24.657  render           | Saved: '/tmp/clearvla_eval_opaque_74646.png'
13:25.090  render           | Saved: '/tmp/clearvla_eval_opaque_74646.png'
13:25.435  render           | Saved: '/tmp/clearvla_eval_opaque_74646.png'
13:25.872  render           | Saved: '/tmp/clearvla_eval_opaque_74646.png'
13:26.225  render           | Saved: '/tmp/clearvla_eval_opaque_74646.png'
13:26.657  render           | Saved: '/tmp/clearvla_eval_opaque_74646.png'
13:27.004  render           | Saved: '/tmp/clearvla_eval_opaque_74646.png'
13:27.430  render           | Saved: '/tmp/clearvla_eval_opaque_74646.png'
13:27.789  render           | Saved: '/tmp/clearvla_eval_opaque_74646.png'
13:28.228  render           | Saved: '/tmp/clearvla_eval_opaque_74646.png'
13:28.584  render           | Saved: '/tmp/clearvla_eval_opaque_74646.png'
13:29.020  render           | Saved: '/tmp/clearvla_eval_opaque_74646.png'
13:29.374  render           | Saved: '/tmp/clearvla_eval_opaque_74646.png'
13:29.809  render           | Saved: '/tmp/clearvla_eval_opaque_74646.png'
13:30.164  render           | Saved: '/tmp/clearvla_eval_opaque_74646.png'
13:30.609  render           | Saved: '/tmp/clearvla_eval_opaque_74646.png'
13:30.990  render           | Saved: '/tmp/clearvla_eval_opaque_74646.png'
13:31.424  render           | Saved: '/tmp/clearvla_eval_opaque_74646.png'
13:31.776  render           | Saved: '/tmp/clearvla_eval_opaque_74646.png'
13:32.210  render           | Saved: '/tmp/clearvla_eval_opaque_74646.png'
13:32.562  render           | Saved: '/tmp/clearvla_eval_opaque_74646.png'
13:32.995  render           | Saved: '/tmp/clearvla_eval_opaque_74646.png'
13:33.350  render           | Saved: '/tmp/clearvla_eval_opaque_74646.png'
13:33.781  render           | Saved: '/tmp/clearvla_eval_opaque_74646.png'
13:34.141  render           | Saved: '/tmp/clearvla_eval_opaque_74646.png'
13:34.576  render           | Saved: '/tmp/clearvla_eval_opaque_74646.png'
13:34.923  render           | Saved: '/tmp/clearvla_eval_opaque_74646.png'
13:35.358  render           | Saved: '/tmp/clearvla_eval_opaque_74646.png'
13:35.715  render           | Saved: '/tmp/clearvla_eval_opaque_74646.png'
13:36.151  render           | Saved: '/tmp/clearvla_eval_opaque_74646.png'
13:36.509  render           | Saved: '/tmp/clearvla_eval_opaque_74646.png'
13:36.948  render           | Saved: '/tmp/clearvla_eval_opaque_74646.png'
13:37.307  render           | Saved: '/tmp/clearvla_eval_opaque_74646.png'
13:37.737  render           | Saved: '/tmp/clearvla_eval_opaque_74646.png'
13:38.093  render           | Saved: '/tmp/clearvla_eval_opaque_74646.png'
13:38.529  render           | Saved: '/tmp/clearvla_eval_opaque_74646.png'
13:38.885  render           | Saved: '/tmp/clearvla_eval_opaque_74646.png'
13:39.741  render           | Saved: '/tmp/clearvla_eval_opaque_74646.png'
13:40.088  render           | Saved: '/tmp/clearvla_eval_opaque_74646.png'
13:40.493  render           | Saved: '/tmp/clearvla_eval_opaque_74646.png'
13:40.850  render           | Saved: '/tmp/clearvla_eval_opaque_74646.png'
13:41.248  render           | Saved: '/tmp/clearvla_eval_opaque_74646.png'
13:41.628  render           | Saved: '/tmp/clearvla_eval_opaque_74646.png'
13:42.035  render           | Saved: '/tmp/clearvla_eval_opaque_74646.png'
13:42.396  render           | Saved: '/tmp/clearvla_eval_opaque_74646.png'
13:42.799  render           | Saved: '/tmp/clearvla_eval_opaque_74646.png'
13:43.148  render           | Saved: '/tmp/clearvla_eval_opaque_74646.png'
13:43.572  render           | Saved: '/tmp/clearvla_eval_opaque_74646.png'
13:43.917  render           | Saved: '/tmp/clearvla_eval_opaque_74646.png'
13:44.339  render           | Saved: '/tmp/clearvla_eval_opaque_74646.png'
13:44.684  render           | Saved: '/tmp/clearvla_eval_opaque_74646.png'
13:45.105  render           | Saved: '/tmp/clearvla_eval_opaque_74646.png'
13:45.441  render           | Saved: '/tmp/clearvla_eval_opaque_74646.png'
13:45.876  render           | Saved: '/tmp/clearvla_eval_opaque_74646.png'
13:46.203  render           | Saved: '/tmp/clearvla_eval_opaque_74646.png'
13:46.656  render           | Saved: '/tmp/clearvla_eval_opaque_74646.png'
13:46.982  render           | Saved: '/tmp/clearvla_eval_opaque_74646.png'
13:47.404  render           | Saved: '/tmp/clearvla_eval_opaque_74646.png'
13:47.730  render           | Saved: '/tmp/clearvla_eval_opaque_74646.png'
13:48.165  render           | Saved: '/tmp/clearvla_eval_opaque_74646.png'
13:48.489  render           | Saved: '/tmp/clearvla_eval_opaque_74646.png'
13:48.914  render           | Saved: '/tmp/clearvla_eval_opaque_74646.png'
13:49.240  render           | Saved: '/tmp/clearvla_eval_opaque_74646.png'
13:49.675  render           | Saved: '/tmp/clearvla_eval_opaque_74646.png'
13:50.007  render           | Saved: '/tmp/clearvla_eval_opaque_74646.png'
13:50.459  render           | Saved: '/tmp/clearvla_eval_opaque_74646.png'
13:50.788  render           | Saved: '/tmp/clearvla_eval_opaque_74646.png'
13:51.262  render           | Saved: '/tmp/clearvla_eval_opaque_74646.png'
13:51.589  render           | Saved: '/tmp/clearvla_eval_opaque_74646.png'
13:51.986  render           | Saved: '/tmp/clearvla_eval_opaque_74646.png'
13:52.312  render           | Saved: '/tmp/clearvla_eval_opaque_74646.png'
13:52.716  render           | Saved: '/tmp/clearvla_eval_opaque_74646.png'
13:53.045  render           | Saved: '/tmp/clearvla_eval_opaque_74646.png'
13:53.447  render           | Saved: '/tmp/clearvla_eval_opaque_74646.png'
13:53.781  render           | Saved: '/tmp/clearvla_eval_opaque_74646.png'
13:54.187  render           | Saved: '/tmp/clearvla_eval_opaque_74646.png'
13:54.522  render           | Saved: '/tmp/clearvla_eval_opaque_74646.png'
13:54.935  render           | Saved: '/tmp/clearvla_eval_opaque_74646.png'
13:55.273  render           | Saved: '/tmp/clearvla_eval_opaque_74646.png'
13:55.694  render           | Saved: '/tmp/clearvla_eval_opaque_74646.png'
13:56.031  render           | Saved: '/tmp/clearvla_eval_opaque_74646.png'
13:56.443  render           | Saved: '/tmp/clearvla_eval_opaque_74646.png'
13:56.777  render           | Saved: '/tmp/clearvla_eval_opaque_74646.png'
13:57.189  render           | Saved: '/tmp/clearvla_eval_opaque_74646.png'
13:57.553  render           | Saved: '/tmp/clearvla_eval_opaque_74646.png'
13:57.979  render           | Saved: '/tmp/clearvla_eval_opaque_74646.png'
13:58.335  render           | Saved: '/tmp/clearvla_eval_opaque_74646.png'
13:58.772  render           | Saved: '/tmp/clearvla_eval_opaque_74646.png'
13:59.130  render           | Saved: '/tmp/clearvla_eval_opaque_74646.png'
13:59.570  render           | Saved: '/tmp/clearvla_eval_opaque_74646.png'
13:59.921  render           | Saved: '/tmp/clearvla_eval_opaque_74646.png'
14:00.351  render           | Saved: '/tmp/clearvla_eval_opaque_74646.png'
14:00.710  render           | Saved: '/tmp/clearvla_eval_opaque_74646.png'
14:01.135  render           | Saved: '/tmp/clearvla_eval_opaque_74646.png'
14:01.486  render           | Saved: '/tmp/clearvla_eval_opaque_74646.png'
14:01.923  render           | Saved: '/tmp/clearvla_eval_opaque_74646.png'
14:02.276  render           | Saved: '/tmp/clearvla_eval_opaque_74646.png'
14:02.708  render           | Saved: '/tmp/clearvla_eval_opaque_74646.png'
14:03.065  render           | Saved: '/tmp/clearvla_eval_opaque_74646.png'
14:03.497  render           | Saved: '/tmp/clearvla_eval_opaque_74646.png'
14:03.856  render           | Saved: '/tmp/clearvla_eval_opaque_74646.png'
14:04.291  render           | Saved: '/tmp/clearvla_eval_opaque_74646.png'
14:04.649  render           | Saved: '/tmp/clearvla_eval_opaque_74646.png'
14:05.086  render           | Saved: '/tmp/clearvla_eval_opaque_74646.png'
14:05.442  render           | Saved: '/tmp/clearvla_eval_opaque_74646.png'
14:05.896  render           | Saved: '/tmp/clearvla_eval_opaque_74646.png'
14:06.252  render           | Saved: '/tmp/clearvla_eval_opaque_74646.png'
14:06.681  render           | Saved: '/tmp/clearvla_eval_opaque_74646.png'
14:07.033  render           | Saved: '/tmp/clearvla_eval_opaque_74646.png'
14:07.472  render           | Saved: '/tmp/clearvla_eval_opaque_74646.png'
14:07.833  render           | Saved: '/tmp/clearvla_eval_opaque_74646.png'
14:08.272  render           | Saved: '/tmp/clearvla_eval_opaque_74646.png'
14:08.626  render           | Saved: '/tmp/clearvla_eval_opaque_74646.png'
14:09.425  render           | Saved: '/tmp/clearvla_eval_opaque_74646.png'
14:09.800  render           | Saved: '/tmp/clearvla_eval_opaque_74646.png'
14:10.193  render           | Saved: '/tmp/clearvla_eval_opaque_74646.png'
14:10.566  render           | Saved: '/tmp/clearvla_eval_opaque_74646.png'
14:10.959  render           | Saved: '/tmp/clearvla_eval_opaque_74646.png'
14:11.319  render           | Saved: '/tmp/clearvla_eval_opaque_74646.png'
14:11.717  render           | Saved: '/tmp/clearvla_eval_opaque_74646.png'
14:12.077  render           | Saved: '/tmp/clearvla_eval_opaque_74646.png'
14:12.479  render           | Saved: '/tmp/clearvla_eval_opaque_74646.png'
14:12.863  render           | Saved: '/tmp/clearvla_eval_opaque_74646.png'
14:13.256  render           | Saved: '/tmp/clearvla_eval_opaque_74646.png'
14:13.656  render           | Saved: '/tmp/clearvla_eval_opaque_74646.png'
14:14.049  render           | Saved: '/tmp/clearvla_eval_opaque_74646.png'
14:14.418  render           | Saved: '/tmp/clearvla_eval_opaque_74646.png'
14:14.812  render           | Saved: '/tmp/clearvla_eval_opaque_74646.png'
14:15.172  render           | Saved: '/tmp/clearvla_eval_opaque_74646.png'
14:15.578  render           | Saved: '/tmp/clearvla_eval_opaque_74646.png'
14:15.941  render           | Saved: '/tmp/clearvla_eval_opaque_74646.png'
14:16.336  render           | Saved: '/tmp/clearvla_eval_opaque_74646.png'
14:16.695  render           | Saved: '/tmp/clearvla_eval_opaque_74646.png'
14:17.100  render           | Saved: '/tmp/clearvla_eval_opaque_74646.png'
14:17.455  render           | Saved: '/tmp/clearvla_eval_opaque_74646.png'
14:17.859  render           | Saved: '/tmp/clearvla_eval_opaque_74646.png'
14:18.214  render           | Saved: '/tmp/clearvla_eval_opaque_74646.png'
14:18.617  render           | Saved: '/tmp/clearvla_eval_opaque_74646.png'
14:18.958  render           | Saved: '/tmp/clearvla_eval_opaque_74646.png'
14:19.375  render           | Saved: '/tmp/clearvla_eval_opaque_74646.png'
14:19.732  render           | Saved: '/tmp/clearvla_eval_opaque_74646.png'
14:20.134  render           | Saved: '/tmp/clearvla_eval_opaque_74646.png'
14:20.495  render           | Saved: '/tmp/clearvla_eval_opaque_74646.png'
14:20.899  render           | Saved: '/tmp/clearvla_eval_opaque_74646.png'
14:21.232  render           | Saved: '/tmp/clearvla_eval_opaque_74646.png'
14:21.639  render           | Saved: '/tmp/clearvla_eval_opaque_74646.png'
14:21.982  render           | Saved: '/tmp/clearvla_eval_opaque_74646.png'
14:22.398  render           | Saved: '/tmp/clearvla_eval_opaque_74646.png'
14:22.748  render           | Saved: '/tmp/clearvla_eval_opaque_74646.png'
14:23.168  render           | Saved: '/tmp/clearvla_eval_opaque_74646.png'
14:23.508  render           | Saved: '/tmp/clearvla_eval_opaque_74646.png'
14:23.935  render           | Saved: '/tmp/clearvla_eval_opaque_74646.png'
14:24.276  render           | Saved: '/tmp/clearvla_eval_opaque_74646.png'
14:24.689  render           | Saved: '/tmp/clearvla_eval_opaque_74646.png'
14:25.040  render           | Saved: '/tmp/clearvla_eval_opaque_74646.png'
14:25.473  render           | Saved: '/tmp/clearvla_eval_opaque_74646.png'
14:25.827  render           | Saved: '/tmp/clearvla_eval_opaque_74646.png'
14:26.264  render           | Saved: '/tmp/clearvla_eval_opaque_74646.png'
14:26.627  render           | Saved: '/tmp/clearvla_eval_opaque_74646.png'
14:27.060  render           | Saved: '/tmp/clearvla_eval_opaque_74646.png'
14:27.422  render           | Saved: '/tmp/clearvla_eval_opaque_74646.png'
14:27.884  render           | Saved: '/tmp/clearvla_eval_opaque_74646.png'
14:28.247  render           | Saved: '/tmp/clearvla_eval_opaque_74646.png'
14:28.679  render           | Saved: '/tmp/clearvla_eval_opaque_74646.png'
14:29.038  render           | Saved: '/tmp/clearvla_eval_opaque_74646.png'
14:29.486  render           | Saved: '/tmp/clearvla_eval_opaque_74646.png'
14:29.844  render           | Saved: '/tmp/clearvla_eval_opaque_74646.png'
14:30.283  render           | Saved: '/tmp/clearvla_eval_opaque_74646.png'
14:30.635  render           | Saved: '/tmp/clearvla_eval_opaque_74646.png'
14:31.072  render           | Saved: '/tmp/clearvla_eval_opaque_74646.png'
14:31.438  render           | Saved: '/tmp/clearvla_eval_opaque_74646.png'
14:31.874  render           | Saved: '/tmp/clearvla_eval_opaque_74646.png'
14:32.230  render           | Saved: '/tmp/clearvla_eval_opaque_74646.png'
14:32.671  render           | Saved: '/tmp/clearvla_eval_opaque_74646.png'
14:33.032  render           | Saved: '/tmp/clearvla_eval_opaque_74646.png'
14:33.463  render           | Saved: '/tmp/clearvla_eval_opaque_74646.png'
14:33.817  render           | Saved: '/tmp/clearvla_eval_opaque_74646.png'
14:34.245  render           | Saved: '/tmp/clearvla_eval_opaque_74646.png'
14:34.600  render           | Saved: '/tmp/clearvla_eval_opaque_74646.png'
14:35.034  render           | Saved: '/tmp/clearvla_eval_opaque_74646.png'
14:35.386  render           | Saved: '/tmp/clearvla_eval_opaque_74646.png'
14:35.837  render           | Saved: '/tmp/clearvla_eval_opaque_74646.png'
14:36.216  render           | Saved: '/tmp/clearvla_eval_opaque_74646.png'
14:36.686  render           | Saved: '/tmp/clearvla_eval_opaque_74646.png'
14:37.068  render           | Saved: '/tmp/clearvla_eval_opaque_74646.png'
14:37.511  render           | Saved: '/tmp/clearvla_eval_opaque_74646.png'
14:37.891  render           | Saved: '/tmp/clearvla_eval_opaque_74646.png'
14:38.362  render           | Saved: '/tmp/clearvla_eval_opaque_74646.png'
14:38.714  render           | Saved: '/tmp/clearvla_eval_opaque_74646.png'
14:39.533  render           | Saved: '/tmp/clearvla_eval_opaque_74646.png'
14:39.910  render           | Saved: '/tmp/clearvla_eval_opaque_74646.png'
14:40.328  render           | Saved: '/tmp/clearvla_eval_opaque_74646.png'
14:40.719  render           | Saved: '/tmp/clearvla_eval_opaque_74646.png'
14:41.118  render           | Saved: '/tmp/clearvla_eval_opaque_74646.png'
14:41.506  render           | Saved: '/tmp/clearvla_eval_opaque_74646.png'
14:41.893  render           | Saved: '/tmp/clearvla_eval_opaque_74646.png'
14:42.260  render           | Saved: '/tmp/clearvla_eval_opaque_74646.png'
14:42.665  render           | Saved: '/tmp/clearvla_eval_opaque_74646.png'
14:43.034  render           | Saved: '/tmp/clearvla_eval_opaque_74646.png'
14:43.435  render           | Saved: '/tmp/clearvla_eval_opaque_74646.png'
14:43.777  render           | Saved: '/tmp/clearvla_eval_opaque_74646.png'
14:44.201  render           | Saved: '/tmp/clearvla_eval_opaque_74646.png'
14:44.530  render           | Saved: '/tmp/clearvla_eval_opaque_74646.png'
14:44.980  render           | Saved: '/tmp/clearvla_eval_opaque_74646.png'
14:45.301  render           | Saved: '/tmp/clearvla_eval_opaque_74646.png'
14:45.724  render           | Saved: '/tmp/clearvla_eval_opaque_74646.png'
14:46.048  render           | Saved: '/tmp/clearvla_eval_opaque_74646.png'
14:46.478  render           | Saved: '/tmp/clearvla_eval_opaque_74646.png'
14:46.802  render           | Saved: '/tmp/clearvla_eval_opaque_74646.png'
14:47.228  render           | Saved: '/tmp/clearvla_eval_opaque_74646.png'
14:47.556  render           | Saved: '/tmp/clearvla_eval_opaque_74646.png'
14:47.984  render           | Saved: '/tmp/clearvla_eval_opaque_74646.png'
14:48.307  render           | Saved: '/tmp/clearvla_eval_opaque_74646.png'
14:48.737  render           | Saved: '/tmp/clearvla_eval_opaque_74646.png'
14:49.064  render           | Saved: '/tmp/clearvla_eval_opaque_74646.png'
14:49.507  render           | Saved: '/tmp/clearvla_eval_opaque_74646.png'
14:49.836  render           | Saved: '/tmp/clearvla_eval_opaque_74646.png'
14:50.310  render           | Saved: '/tmp/clearvla_eval_opaque_74646.png'
14:50.658  render           | Saved: '/tmp/clearvla_eval_opaque_74646.png'
14:51.079  render           | Saved: '/tmp/clearvla_eval_opaque_74646.png'
14:51.402  render           | Saved: '/tmp/clearvla_eval_opaque_74646.png'
14:51.804  render           | Saved: '/tmp/clearvla_eval_opaque_74646.png'
14:52.136  render           | Saved: '/tmp/clearvla_eval_opaque_74646.png'
14:52.533  render           | Saved: '/tmp/clearvla_eval_opaque_74646.png'
14:52.862  render           | Saved: '/tmp/clearvla_eval_opaque_74646.png'
14:53.264  render           | Saved: '/tmp/clearvla_eval_opaque_74646.png'
14:53.591  render           | Saved: '/tmp/clearvla_eval_opaque_74646.png'
14:53.984  render           | Saved: '/tmp/clearvla_eval_opaque_74646.png'
14:54.314  render           | Saved: '/tmp/clearvla_eval_opaque_74646.png'
14:54.709  render           | Saved: '/tmp/clearvla_eval_opaque_74646.png'
14:55.035  render           | Saved: '/tmp/clearvla_eval_opaque_74646.png'
14:55.430  render           | Saved: '/tmp/clearvla_eval_opaque_74646.png'
14:55.759  render           | Saved: '/tmp/clearvla_eval_opaque_74646.png'
14:56.152  render           | Saved: '/tmp/clearvla_eval_opaque_74646.png'
14:56.473  render           | Saved: '/tmp/clearvla_eval_opaque_74646.png'
14:56.866  render           | Saved: '/tmp/clearvla_eval_opaque_74646.png'
14:57.196  render           | Saved: '/tmp/clearvla_eval_opaque_74646.png'
14:57.590  render           | Saved: '/tmp/clearvla_eval_opaque_74646.png'
14:57.912  render           | Saved: '/tmp/clearvla_eval_opaque_74646.png'
14:58.311  render           | Saved: '/tmp/clearvla_eval_opaque_74646.png'
14:58.638  render           | Saved: '/tmp/clearvla_eval_opaque_74646.png'
14:59.037  render           | Saved: '/tmp/clearvla_eval_opaque_74646.png'
14:59.368  render           | Saved: '/tmp/clearvla_eval_opaque_74646.png'
14:59.764  render           | Saved: '/tmp/clearvla_eval_opaque_74646.png'
15:00.095  render           | Saved: '/tmp/clearvla_eval_opaque_74646.png'
15:00.493  render           | Saved: '/tmp/clearvla_eval_opaque_74646.png'
15:00.819  render           | Saved: '/tmp/clearvla_eval_opaque_74646.png'
15:01.210  render           | Saved: '/tmp/clearvla_eval_opaque_74646.png'
15:01.537  render           | Saved: '/tmp/clearvla_eval_opaque_74646.png'
15:01.932  render           | Saved: '/tmp/clearvla_eval_opaque_74646.png'
15:02.264  render           | Saved: '/tmp/clearvla_eval_opaque_74646.png'
15:02.672  render           | Saved: '/tmp/clearvla_eval_opaque_74646.png'
15:03.018  render           | Saved: '/tmp/clearvla_eval_opaque_74646.png'
15:03.427  render           | Saved: '/tmp/clearvla_eval_opaque_74646.png'
15:03.768  render           | Saved: '/tmp/clearvla_eval_opaque_74646.png'
15:04.177  render           | Saved: '/tmp/clearvla_eval_opaque_74646.png'
15:04.528  render           | Saved: '/tmp/clearvla_eval_opaque_74646.png'
15:04.960  render           | Saved: '/tmp/clearvla_eval_opaque_74646.png'
15:05.320  render           | Saved: '/tmp/clearvla_eval_opaque_74646.png'
15:05.757  render           | Saved: '/tmp/clearvla_eval_opaque_74646.png'
15:06.106  render           | Saved: '/tmp/clearvla_eval_opaque_74646.png'
15:06.535  render           | Saved: '/tmp/clearvla_eval_opaque_74646.png'
15:06.889  render           | Saved: '/tmp/clearvla_eval_opaque_74646.png'
15:07.305  render           | Saved: '/tmp/clearvla_eval_opaque_74646.png'
15:07.644  render           | Saved: '/tmp/clearvla_eval_opaque_74646.png'
[cache25/opaque] grasp: 0/30  (15.0 min, 28.5 s/ep)
15:08.475  render           | Saved: '/tmp/clearvla_eval_opaque_74646.png'
15:08.813  render           | Saved: '/tmp/clearvla_eval_opaque_74646.png'
15:09.242  render           | Saved: '/tmp/clearvla_eval_opaque_74646.png'
15:09.576  render           | Saved: '/tmp/clearvla_eval_opaque_74646.png'
15:10.018  render           | Saved: '/tmp/clearvla_eval_opaque_74646.png'
15:10.341  render           | Saved: '/tmp/clearvla_eval_opaque_74646.png'
15:10.766  render           | Saved: '/tmp/clearvla_eval_opaque_74646.png'
15:11.095  render           | Saved: '/tmp/clearvla_eval_opaque_74646.png'
15:11.529  render           | Saved: '/tmp/clearvla_eval_opaque_74646.png'
15:11.861  render           | Saved: '/tmp/clearvla_eval_opaque_74646.png'
15:12.306  render           | Saved: '/tmp/clearvla_eval_opaque_74646.png'
15:12.657  render           | Saved: '/tmp/clearvla_eval_opaque_74646.png'
15:13.080  render           | Saved: '/tmp/clearvla_eval_opaque_74646.png'
15:13.412  render           | Saved: '/tmp/clearvla_eval_opaque_74646.png'
15:13.860  render           | Saved: '/tmp/clearvla_eval_opaque_74646.png'
15:14.182  render           | Saved: '/tmp/clearvla_eval_opaque_74646.png'
15:14.614  render           | Saved: '/tmp/clearvla_eval_opaque_74646.png'
15:14.933  render           | Saved: '/tmp/clearvla_eval_opaque_74646.png'
15:15.352  render           | Saved: '/tmp/clearvla_eval_opaque_74646.png'
15:15.679  render           | Saved: '/tmp/clearvla_eval_opaque_74646.png'
15:16.103  render           | Saved: '/tmp/clearvla_eval_opaque_74646.png'
15:16.428  render           | Saved: '/tmp/clearvla_eval_opaque_74646.png'
15:16.858  render           | Saved: '/tmp/clearvla_eval_opaque_74646.png'
15:17.179  render           | Saved: '/tmp/clearvla_eval_opaque_74646.png'
15:17.606  render           | Saved: '/tmp/clearvla_eval_opaque_74646.png'
15:17.929  render           | Saved: '/tmp/clearvla_eval_opaque_74646.png'
15:18.357  render           | Saved: '/tmp/clearvla_eval_opaque_74646.png'
15:18.677  render           | Saved: '/tmp/clearvla_eval_opaque_74646.png'
15:19.110  render           | Saved: '/tmp/clearvla_eval_opaque_74646.png'
15:19.431  render           | Saved: '/tmp/clearvla_eval_opaque_74646.png'
15:19.864  render           | Saved: '/tmp/clearvla_eval_opaque_74646.png'
15:20.194  render           | Saved: '/tmp/clearvla_eval_opaque_74646.png'
15:20.593  render           | Saved: '/tmp/clearvla_eval_opaque_74646.png'
15:20.917  render           | Saved: '/tmp/clearvla_eval_opaque_74646.png'
15:21.311  render           | Saved: '/tmp/clearvla_eval_opaque_74646.png'
15:21.631  render           | Saved: '/tmp/clearvla_eval_opaque_74646.png'
15:22.030  render           | Saved: '/tmp/clearvla_eval_opaque_74646.png'
15:22.360  render           | Saved: '/tmp/clearvla_eval_opaque_74646.png'
15:22.752  render           | Saved: '/tmp/clearvla_eval_opaque_74646.png'
15:23.078  render           | Saved: '/tmp/clearvla_eval_opaque_74646.png'
15:23.472  render           | Saved: '/tmp/clearvla_eval_opaque_74646.png'
15:23.794  render           | Saved: '/tmp/clearvla_eval_opaque_74646.png'
15:24.188  render           | Saved: '/tmp/clearvla_eval_opaque_74646.png'
15:24.513  render           | Saved: '/tmp/clearvla_eval_opaque_74646.png'
15:24.912  render           | Saved: '/tmp/clearvla_eval_opaque_74646.png'
15:25.237  render           | Saved: '/tmp/clearvla_eval_opaque_74646.png'
15:25.634  render           | Saved: '/tmp/clearvla_eval_opaque_74646.png'
15:25.951  render           | Saved: '/tmp/clearvla_eval_opaque_74646.png'
15:26.352  render           | Saved: '/tmp/clearvla_eval_opaque_74646.png'
15:26.680  render           | Saved: '/tmp/clearvla_eval_opaque_74646.png'
15:27.073  render           | Saved: '/tmp/clearvla_eval_opaque_74646.png'
15:27.392  render           | Saved: '/tmp/clearvla_eval_opaque_74646.png'
15:27.792  render           | Saved: '/tmp/clearvla_eval_opaque_74646.png'
15:28.118  render           | Saved: '/tmp/clearvla_eval_opaque_74646.png'
15:28.512  render           | Saved: '/tmp/clearvla_eval_opaque_74646.png'
15:28.838  render           | Saved: '/tmp/clearvla_eval_opaque_74646.png'
15:29.239  render           | Saved: '/tmp/clearvla_eval_opaque_74646.png'
15:29.578  render           | Saved: '/tmp/clearvla_eval_opaque_74646.png'
15:29.976  render           | Saved: '/tmp/clearvla_eval_opaque_74646.png'
15:30.310  render           | Saved: '/tmp/clearvla_eval_opaque_74646.png'
15:30.709  render           | Saved: '/tmp/clearvla_eval_opaque_74646.png'
15:31.037  render           | Saved: '/tmp/clearvla_eval_opaque_74646.png'
15:31.430  render           | Saved: '/tmp/clearvla_eval_opaque_74646.png'
15:31.755  render           | Saved: '/tmp/clearvla_eval_opaque_74646.png'
15:32.147  render           | Saved: '/tmp/clearvla_eval_opaque_74646.png'
15:32.472  render           | Saved: '/tmp/clearvla_eval_opaque_74646.png'
15:32.870  render           | Saved: '/tmp/clearvla_eval_opaque_74646.png'
15:33.196  render           | Saved: '/tmp/clearvla_eval_opaque_74646.png'
15:33.586  render           | Saved: '/tmp/clearvla_eval_opaque_74646.png'
15:33.911  render           | Saved: '/tmp/clearvla_eval_opaque_74646.png'
15:34.310  render           | Saved: '/tmp/clearvla_eval_opaque_74646.png'
15:34.637  render           | Saved: '/tmp/clearvla_eval_opaque_74646.png'
15:35.035  render           | Saved: '/tmp/clearvla_eval_opaque_74646.png'
15:35.359  render           | Saved: '/tmp/clearvla_eval_opaque_74646.png'
15:35.753  render           | Saved: '/tmp/clearvla_eval_opaque_74646.png'
15:36.078  render           | Saved: '/tmp/clearvla_eval_opaque_74646.png'
15:36.962  render           | Saved: '/tmp/clearvla_eval_opaque_74646.png'
15:37.295  render           | Saved: '/tmp/clearvla_eval_opaque_74646.png'
15:37.762  render           | Saved: '/tmp/clearvla_eval_opaque_74646.png'
15:38.090  render           | Saved: '/tmp/clearvla_eval_opaque_74646.png'
15:38.561  render           | Saved: '/tmp/clearvla_eval_opaque_74646.png'
15:38.892  render           | Saved: '/tmp/clearvla_eval_opaque_74646.png'
15:39.335  render           | Saved: '/tmp/clearvla_eval_opaque_74646.png'
15:39.664  render           | Saved: '/tmp/clearvla_eval_opaque_74646.png'
15:40.088  render           | Saved: '/tmp/clearvla_eval_opaque_74646.png'
15:40.416  render           | Saved: '/tmp/clearvla_eval_opaque_74646.png'
15:40.833  render           | Saved: '/tmp/clearvla_eval_opaque_74646.png'
15:41.171  render           | Saved: '/tmp/clearvla_eval_opaque_74646.png'
15:41.611  render           | Saved: '/tmp/clearvla_eval_opaque_74646.png'
15:41.943  render           | Saved: '/tmp/clearvla_eval_opaque_74646.png'
15:42.397  render           | Saved: '/tmp/clearvla_eval_opaque_74646.png'
15:42.727  render           | Saved: '/tmp/clearvla_eval_opaque_74646.png'
15:43.172  render           | Saved: '/tmp/clearvla_eval_opaque_74646.png'
15:43.493  render           | Saved: '/tmp/clearvla_eval_opaque_74646.png'
15:43.941  render           | Saved: '/tmp/clearvla_eval_opaque_74646.png'
15:44.270  render           | Saved: '/tmp/clearvla_eval_opaque_74646.png'
15:44.696  render           | Saved: '/tmp/clearvla_eval_opaque_74646.png'
15:45.014  render           | Saved: '/tmp/clearvla_eval_opaque_74646.png'
15:45.460  render           | Saved: '/tmp/clearvla_eval_opaque_74646.png'
15:45.797  render           | Saved: '/tmp/clearvla_eval_opaque_74646.png'
15:46.219  render           | Saved: '/tmp/clearvla_eval_opaque_74646.png'
15:46.557  render           | Saved: '/tmp/clearvla_eval_opaque_74646.png'
15:46.976  render           | Saved: '/tmp/clearvla_eval_opaque_74646.png'
15:47.309  render           | Saved: '/tmp/clearvla_eval_opaque_74646.png'
15:47.737  render           | Saved: '/tmp/clearvla_eval_opaque_74646.png'
15:48.070  render           | Saved: '/tmp/clearvla_eval_opaque_74646.png'
15:48.513  render           | Saved: '/tmp/clearvla_eval_opaque_74646.png'
15:48.834  render           | Saved: '/tmp/clearvla_eval_opaque_74646.png'
15:49.229  render           | Saved: '/tmp/clearvla_eval_opaque_74646.png'
15:49.554  render           | Saved: '/tmp/clearvla_eval_opaque_74646.png'
15:49.946  render           | Saved: '/tmp/clearvla_eval_opaque_74646.png'
15:50.272  render           | Saved: '/tmp/clearvla_eval_opaque_74646.png'
15:50.665  render           | Saved: '/tmp/clearvla_eval_opaque_74646.png'
15:50.990  render           | Saved: '/tmp/clearvla_eval_opaque_74646.png'
15:51.382  render           | Saved: '/tmp/clearvla_eval_opaque_74646.png'
15:51.708  render           | Saved: '/tmp/clearvla_eval_opaque_74646.png'
15:52.096  render           | Saved: '/tmp/clearvla_eval_opaque_74646.png'
15:52.420  render           | Saved: '/tmp/clearvla_eval_opaque_74646.png'
15:52.811  render           | Saved: '/tmp/clearvla_eval_opaque_74646.png'
15:53.135  render           | Saved: '/tmp/clearvla_eval_opaque_74646.png'
15:53.529  render           | Saved: '/tmp/clearvla_eval_opaque_74646.png'
15:53.853  render           | Saved: '/tmp/clearvla_eval_opaque_74646.png'
15:54.246  render           | Saved: '/tmp/clearvla_eval_opaque_74646.png'
15:54.570  render           | Saved: '/tmp/clearvla_eval_opaque_74646.png'
15:54.968  render           | Saved: '/tmp/clearvla_eval_opaque_74646.png'
15:55.301  render           | Saved: '/tmp/clearvla_eval_opaque_74646.png'
15:55.693  render           | Saved: '/tmp/clearvla_eval_opaque_74646.png'
15:56.017  render           | Saved: '/tmp/clearvla_eval_opaque_74646.png'
15:56.409  render           | Saved: '/tmp/clearvla_eval_opaque_74646.png'
15:56.736  render           | Saved: '/tmp/clearvla_eval_opaque_74646.png'
15:57.130  render           | Saved: '/tmp/clearvla_eval_opaque_74646.png'
15:57.455  render           | Saved: '/tmp/clearvla_eval_opaque_74646.png'
15:57.844  render           | Saved: '/tmp/clearvla_eval_opaque_74646.png'
15:58.175  render           | Saved: '/tmp/clearvla_eval_opaque_74646.png'
15:58.567  render           | Saved: '/tmp/clearvla_eval_opaque_74646.png'
15:58.897  render           | Saved: '/tmp/clearvla_eval_opaque_74646.png'
15:59.296  render           | Saved: '/tmp/clearvla_eval_opaque_74646.png'
15:59.629  render           | Saved: '/tmp/clearvla_eval_opaque_74646.png'
16:00.022  render           | Saved: '/tmp/clearvla_eval_opaque_74646.png'
16:00.351  render           | Saved: '/tmp/clearvla_eval_opaque_74646.png'
16:00.746  render           | Saved: '/tmp/clearvla_eval_opaque_74646.png'
16:01.073  render           | Saved: '/tmp/clearvla_eval_opaque_74646.png'
16:01.470  render           | Saved: '/tmp/clearvla_eval_opaque_74646.png'
16:01.793  render           | Saved: '/tmp/clearvla_eval_opaque_74646.png'
16:02.184  render           | Saved: '/tmp/clearvla_eval_opaque_74646.png'
16:02.511  render           | Saved: '/tmp/clearvla_eval_opaque_74646.png'
16:02.903  render           | Saved: '/tmp/clearvla_eval_opaque_74646.png'
16:03.227  render           | Saved: '/tmp/clearvla_eval_opaque_74646.png'
16:03.617  render           | Saved: '/tmp/clearvla_eval_opaque_74646.png'
16:03.944  render           | Saved: '/tmp/clearvla_eval_opaque_74646.png'
16:04.336  render           | Saved: '/tmp/clearvla_eval_opaque_74646.png'
16:04.662  render           | Saved: '/tmp/clearvla_eval_opaque_74646.png'
16:05.511  render           | Saved: '/tmp/clearvla_eval_opaque_74646.png'
16:05.846  render           | Saved: '/tmp/clearvla_eval_opaque_74646.png'
16:06.262  render           | Saved: '/tmp/clearvla_eval_opaque_74646.png'
16:06.597  render           | Saved: '/tmp/clearvla_eval_opaque_74646.png'
16:07.053  render           | Saved: '/tmp/clearvla_eval_opaque_74646.png'
16:07.379  render           | Saved: '/tmp/clearvla_eval_opaque_74646.png'
16:07.846  render           | Saved: '/tmp/clearvla_eval_opaque_74646.png'
16:08.172  render           | Saved: '/tmp/clearvla_eval_opaque_74646.png'
16:08.601  render           | Saved: '/tmp/clearvla_eval_opaque_74646.png'
16:08.933  render           | Saved: '/tmp/clearvla_eval_opaque_74646.png'
16:09.364  render           | Saved: '/tmp/clearvla_eval_opaque_74646.png'
16:09.688  render           | Saved: '/tmp/clearvla_eval_opaque_74646.png'
16:10.112  render           | Saved: '/tmp/clearvla_eval_opaque_74646.png'
16:10.438  render           | Saved: '/tmp/clearvla_eval_opaque_74646.png'
16:10.859  render           | Saved: '/tmp/clearvla_eval_opaque_74646.png'
16:11.200  render           | Saved: '/tmp/clearvla_eval_opaque_74646.png'
16:11.645  render           | Saved: '/tmp/clearvla_eval_opaque_74646.png'
16:11.980  render           | Saved: '/tmp/clearvla_eval_opaque_74646.png'
16:12.408  render           | Saved: '/tmp/clearvla_eval_opaque_74646.png'
16:12.735  render           | Saved: '/tmp/clearvla_eval_opaque_74646.png'
16:13.164  render           | Saved: '/tmp/clearvla_eval_opaque_74646.png'
16:13.492  render           | Saved: '/tmp/clearvla_eval_opaque_74646.png'
16:13.927  render           | Saved: '/tmp/clearvla_eval_opaque_74646.png'
16:14.246  render           | Saved: '/tmp/clearvla_eval_opaque_74646.png'
16:14.672  render           | Saved: '/tmp/clearvla_eval_opaque_74646.png'
16:15.001  render           | Saved: '/tmp/clearvla_eval_opaque_74646.png'
16:15.436  render           | Saved: '/tmp/clearvla_eval_opaque_74646.png'
16:15.759  render           | Saved: '/tmp/clearvla_eval_opaque_74646.png'
16:16.196  render           | Saved: '/tmp/clearvla_eval_opaque_74646.png'
16:16.523  render           | Saved: '/tmp/clearvla_eval_opaque_74646.png'
16:16.968  render           | Saved: '/tmp/clearvla_eval_opaque_74646.png'
16:17.295  render           | Saved: '/tmp/clearvla_eval_opaque_74646.png'
16:17.699  render           | Saved: '/tmp/clearvla_eval_opaque_74646.png'
16:18.022  render           | Saved: '/tmp/clearvla_eval_opaque_74646.png'
16:18.420  render           | Saved: '/tmp/clearvla_eval_opaque_74646.png'
16:18.746  render           | Saved: '/tmp/clearvla_eval_opaque_74646.png'
16:19.137  render           | Saved: '/tmp/clearvla_eval_opaque_74646.png'
16:19.456  render           | Saved: '/tmp/clearvla_eval_opaque_74646.png'
16:19.847  render           | Saved: '/tmp/clearvla_eval_opaque_74646.png'
16:20.168  render           | Saved: '/tmp/clearvla_eval_opaque_74646.png'
16:20.560  render           | Saved: '/tmp/clearvla_eval_opaque_74646.png'
16:20.885  render           | Saved: '/tmp/clearvla_eval_opaque_74646.png'
16:21.280  render           | Saved: '/tmp/clearvla_eval_opaque_74646.png'
16:21.603  render           | Saved: '/tmp/clearvla_eval_opaque_74646.png'
16:21.999  render           | Saved: '/tmp/clearvla_eval_opaque_74646.png'
16:22.326  render           | Saved: '/tmp/clearvla_eval_opaque_74646.png'
16:22.718  render           | Saved: '/tmp/clearvla_eval_opaque_74646.png'
16:23.047  render           | Saved: '/tmp/clearvla_eval_opaque_74646.png'
16:23.445  render           | Saved: '/tmp/clearvla_eval_opaque_74646.png'
16:23.778  render           | Saved: '/tmp/clearvla_eval_opaque_74646.png'
16:24.170  render           | Saved: '/tmp/clearvla_eval_opaque_74646.png'
16:24.494  render           | Saved: '/tmp/clearvla_eval_opaque_74646.png'
16:24.880  render           | Saved: '/tmp/clearvla_eval_opaque_74646.png'
16:25.206  render           | Saved: '/tmp/clearvla_eval_opaque_74646.png'
16:25.599  render           | Saved: '/tmp/clearvla_eval_opaque_74646.png'
16:25.918  render           | Saved: '/tmp/clearvla_eval_opaque_74646.png'
16:26.309  render           | Saved: '/tmp/clearvla_eval_opaque_74646.png'
16:26.633  render           | Saved: '/tmp/clearvla_eval_opaque_74646.png'
16:27.028  render           | Saved: '/tmp/clearvla_eval_opaque_74646.png'
16:27.352  render           | Saved: '/tmp/clearvla_eval_opaque_74646.png'
16:27.739  render           | Saved: '/tmp/clearvla_eval_opaque_74646.png'
16:28.063  render           | Saved: '/tmp/clearvla_eval_opaque_74646.png'
16:28.453  render           | Saved: '/tmp/clearvla_eval_opaque_74646.png'
16:28.778  render           | Saved: '/tmp/clearvla_eval_opaque_74646.png'
16:29.167  render           | Saved: '/tmp/clearvla_eval_opaque_74646.png'
16:29.495  render           | Saved: '/tmp/clearvla_eval_opaque_74646.png'
16:29.893  render           | Saved: '/tmp/clearvla_eval_opaque_74646.png'
16:30.222  render           | Saved: '/tmp/clearvla_eval_opaque_74646.png'
16:30.611  render           | Saved: '/tmp/clearvla_eval_opaque_74646.png'
16:30.939  render           | Saved: '/tmp/clearvla_eval_opaque_74646.png'
16:31.332  render           | Saved: '/tmp/clearvla_eval_opaque_74646.png'
16:31.654  render           | Saved: '/tmp/clearvla_eval_opaque_74646.png'
16:32.047  render           | Saved: '/tmp/clearvla_eval_opaque_74646.png'
16:32.380  render           | Saved: '/tmp/clearvla_eval_opaque_74646.png'
16:32.782  render           | Saved: '/tmp/clearvla_eval_opaque_74646.png'
16:33.115  render           | Saved: '/tmp/clearvla_eval_opaque_74646.png'
16:33.967  render           | Saved: '/tmp/clearvla_eval_opaque_74646.png'
16:34.287  render           | Saved: '/tmp/clearvla_eval_opaque_74646.png'
16:34.712  render           | Saved: '/tmp/clearvla_eval_opaque_74646.png'
16:35.042  render           | Saved: '/tmp/clearvla_eval_opaque_74646.png'
16:35.459  render           | Saved: '/tmp/clearvla_eval_opaque_74646.png'
16:35.788  render           | Saved: '/tmp/clearvla_eval_opaque_74646.png'
16:36.236  render           | Saved: '/tmp/clearvla_eval_opaque_74646.png'
16:36.561  render           | Saved: '/tmp/clearvla_eval_opaque_74646.png'
16:37.012  render           | Saved: '/tmp/clearvla_eval_opaque_74646.png'
16:37.335  render           | Saved: '/tmp/clearvla_eval_opaque_74646.png'
16:37.780  render           | Saved: '/tmp/clearvla_eval_opaque_74646.png'
16:38.106  render           | Saved: '/tmp/clearvla_eval_opaque_74646.png'
16:38.544  render           | Saved: '/tmp/clearvla_eval_opaque_74646.png'
16:38.865  render           | Saved: '/tmp/clearvla_eval_opaque_74646.png'
16:39.325  render           | Saved: '/tmp/clearvla_eval_opaque_74646.png'
16:39.656  render           | Saved: '/tmp/clearvla_eval_opaque_74646.png'
16:40.125  render           | Saved: '/tmp/clearvla_eval_opaque_74646.png'
16:40.472  render           | Saved: '/tmp/clearvla_eval_opaque_74646.png'
16:40.902  render           | Saved: '/tmp/clearvla_eval_opaque_74646.png'
16:41.246  render           | Saved: '/tmp/clearvla_eval_opaque_74646.png'
16:41.673  render           | Saved: '/tmp/clearvla_eval_opaque_74646.png'
16:42.018  render           | Saved: '/tmp/clearvla_eval_opaque_74646.png'
16:42.445  render           | Saved: '/tmp/clearvla_eval_opaque_74646.png'
16:42.785  render           | Saved: '/tmp/clearvla_eval_opaque_74646.png'
16:43.208  render           | Saved: '/tmp/clearvla_eval_opaque_74646.png'
16:43.532  render           | Saved: '/tmp/clearvla_eval_opaque_74646.png'
16:43.979  render           | Saved: '/tmp/clearvla_eval_opaque_74646.png'
16:44.306  render           | Saved: '/tmp/clearvla_eval_opaque_74646.png'
16:44.735  render           | Saved: '/tmp/clearvla_eval_opaque_74646.png'
16:45.063  render           | Saved: '/tmp/clearvla_eval_opaque_74646.png'
16:45.493  render           | Saved: '/tmp/clearvla_eval_opaque_74646.png'
16:45.821  render           | Saved: '/tmp/clearvla_eval_opaque_74646.png'
16:46.232  render           | Saved: '/tmp/clearvla_eval_opaque_74646.png'
16:46.564  render           | Saved: '/tmp/clearvla_eval_opaque_74646.png'
16:46.969  render           | Saved: '/tmp/clearvla_eval_opaque_74646.png'
16:47.299  render           | Saved: '/tmp/clearvla_eval_opaque_74646.png'
16:47.694  render           | Saved: '/tmp/clearvla_eval_opaque_74646.png'
16:48.023  render           | Saved: '/tmp/clearvla_eval_opaque_74646.png'
16:48.419  render           | Saved: '/tmp/clearvla_eval_opaque_74646.png'
16:48.746  render           | Saved: '/tmp/clearvla_eval_opaque_74646.png'
16:49.150  render           | Saved: '/tmp/clearvla_eval_opaque_74646.png'
16:49.480  render           | Saved: '/tmp/clearvla_eval_opaque_74646.png'
16:49.879  render           | Saved: '/tmp/clearvla_eval_opaque_74646.png'
16:50.211  render           | Saved: '/tmp/clearvla_eval_opaque_74646.png'
16:50.611  render           | Saved: '/tmp/clearvla_eval_opaque_74646.png'
16:50.939  render           | Saved: '/tmp/clearvla_eval_opaque_74646.png'
16:51.340  render           | Saved: '/tmp/clearvla_eval_opaque_74646.png'
16:51.673  render           | Saved: '/tmp/clearvla_eval_opaque_74646.png'
16:52.073  render           | Saved: '/tmp/clearvla_eval_opaque_74646.png'
16:52.406  render           | Saved: '/tmp/clearvla_eval_opaque_74646.png'
16:52.807  render           | Saved: '/tmp/clearvla_eval_opaque_74646.png'
16:53.139  render           | Saved: '/tmp/clearvla_eval_opaque_74646.png'
16:53.535  render           | Saved: '/tmp/clearvla_eval_opaque_74646.png'
16:53.861  render           | Saved: '/tmp/clearvla_eval_opaque_74646.png'
16:54.261  render           | Saved: '/tmp/clearvla_eval_opaque_74646.png'
16:54.591  render           | Saved: '/tmp/clearvla_eval_opaque_74646.png'
16:54.996  render           | Saved: '/tmp/clearvla_eval_opaque_74646.png'
16:55.326  render           | Saved: '/tmp/clearvla_eval_opaque_74646.png'
16:55.724  render           | Saved: '/tmp/clearvla_eval_opaque_74646.png'
16:56.055  render           | Saved: '/tmp/clearvla_eval_opaque_74646.png'
16:56.458  render           | Saved: '/tmp/clearvla_eval_opaque_74646.png'
16:56.789  render           | Saved: '/tmp/clearvla_eval_opaque_74646.png'
16:57.191  render           | Saved: '/tmp/clearvla_eval_opaque_74646.png'
16:57.525  render           | Saved: '/tmp/clearvla_eval_opaque_74646.png'
16:57.923  render           | Saved: '/tmp/clearvla_eval_opaque_74646.png'
16:58.248  render           | Saved: '/tmp/clearvla_eval_opaque_74646.png'
16:58.648  render           | Saved: '/tmp/clearvla_eval_opaque_74646.png'
16:58.984  render           | Saved: '/tmp/clearvla_eval_opaque_74646.png'
16:59.388  render           | Saved: '/tmp/clearvla_eval_opaque_74646.png'
16:59.720  render           | Saved: '/tmp/clearvla_eval_opaque_74646.png'
17:00.112  render           | Saved: '/tmp/clearvla_eval_opaque_74646.png'
17:00.437  render           | Saved: '/tmp/clearvla_eval_opaque_74646.png'
17:00.837  render           | Saved: '/tmp/clearvla_eval_opaque_74646.png'
17:01.167  render           | Saved: '/tmp/clearvla_eval_opaque_74646.png'
17:01.562  render           | Saved: '/tmp/clearvla_eval_opaque_74646.png'
17:01.889  render           | Saved: '/tmp/clearvla_eval_opaque_74646.png'
17:02.778  render           | Saved: '/tmp/clearvla_eval_opaque_74646.png'
17:03.103  render           | Saved: '/tmp/clearvla_eval_opaque_74646.png'
17:03.575  render           | Saved: '/tmp/clearvla_eval_opaque_74646.png'
17:03.905  render           | Saved: '/tmp/clearvla_eval_opaque_74646.png'
17:04.381  render           | Saved: '/tmp/clearvla_eval_opaque_74646.png'
17:04.708  render           | Saved: '/tmp/clearvla_eval_opaque_74646.png'
17:05.130  render           | Saved: '/tmp/clearvla_eval_opaque_74646.png'
17:05.464  render           | Saved: '/tmp/clearvla_eval_opaque_74646.png'
17:05.885  render           | Saved: '/tmp/clearvla_eval_opaque_74646.png'
17:06.220  render           | Saved: '/tmp/clearvla_eval_opaque_74646.png'
17:06.650  render           | Saved: '/tmp/clearvla_eval_opaque_74646.png'
17:06.983  render           | Saved: '/tmp/clearvla_eval_opaque_74646.png'
17:07.400  render           | Saved: '/tmp/clearvla_eval_opaque_74646.png'
17:07.736  render           | Saved: '/tmp/clearvla_eval_opaque_74646.png'
17:08.164  render           | Saved: '/tmp/clearvla_eval_opaque_74646.png'
17:08.494  render           | Saved: '/tmp/clearvla_eval_opaque_74646.png'
17:08.926  render           | Saved: '/tmp/clearvla_eval_opaque_74646.png'
17:09.253  render           | Saved: '/tmp/clearvla_eval_opaque_74646.png'
17:09.678  render           | Saved: '/tmp/clearvla_eval_opaque_74646.png'
17:10.007  render           | Saved: '/tmp/clearvla_eval_opaque_74646.png'
17:10.439  render           | Saved: '/tmp/clearvla_eval_opaque_74646.png'
17:10.764  render           | Saved: '/tmp/clearvla_eval_opaque_74646.png'
17:11.193  render           | Saved: '/tmp/clearvla_eval_opaque_74646.png'
17:11.523  render           | Saved: '/tmp/clearvla_eval_opaque_74646.png'
17:11.959  render           | Saved: '/tmp/clearvla_eval_opaque_74646.png'
17:12.282  render           | Saved: '/tmp/clearvla_eval_opaque_74646.png'
17:12.709  render           | Saved: '/tmp/clearvla_eval_opaque_74646.png'
17:13.030  render           | Saved: '/tmp/clearvla_eval_opaque_74646.png'
17:13.459  render           | Saved: '/tmp/clearvla_eval_opaque_74646.png'
17:13.786  render           | Saved: '/tmp/clearvla_eval_opaque_74646.png'
17:14.218  render           | Saved: '/tmp/clearvla_eval_opaque_74646.png'
17:14.549  render           | Saved: '/tmp/clearvla_eval_opaque_74646.png'
17:14.963  render           | Saved: '/tmp/clearvla_eval_opaque_74646.png'
17:15.302  render           | Saved: '/tmp/clearvla_eval_opaque_74646.png'
17:15.697  render           | Saved: '/tmp/clearvla_eval_opaque_74646.png'
17:16.033  render           | Saved: '/tmp/clearvla_eval_opaque_74646.png'
17:16.446  render           | Saved: '/tmp/clearvla_eval_opaque_74646.png'
17:16.787  render           | Saved: '/tmp/clearvla_eval_opaque_74646.png'
17:17.189  render           | Saved: '/tmp/clearvla_eval_opaque_74646.png'
17:17.532  render           | Saved: '/tmp/clearvla_eval_opaque_74646.png'
17:17.929  render           | Saved: '/tmp/clearvla_eval_opaque_74646.png'
17:18.268  render           | Saved: '/tmp/clearvla_eval_opaque_74646.png'
17:18.663  render           | Saved: '/tmp/clearvla_eval_opaque_74646.png'
17:19.004  render           | Saved: '/tmp/clearvla_eval_opaque_74646.png'
17:19.418  render           | Saved: '/tmp/clearvla_eval_opaque_74646.png'
17:19.756  render           | Saved: '/tmp/clearvla_eval_opaque_74646.png'
17:20.157  render           | Saved: '/tmp/clearvla_eval_opaque_74646.png'
17:20.496  render           | Saved: '/tmp/clearvla_eval_opaque_74646.png'
17:20.894  render           | Saved: '/tmp/clearvla_eval_opaque_74646.png'
17:21.238  render           | Saved: '/tmp/clearvla_eval_opaque_74646.png'
17:21.643  render           | Saved: '/tmp/clearvla_eval_opaque_74646.png'
17:21.988  render           | Saved: '/tmp/clearvla_eval_opaque_74646.png'
17:22.399  render           | Saved: '/tmp/clearvla_eval_opaque_74646.png'
17:22.743  render           | Saved: '/tmp/clearvla_eval_opaque_74646.png'
17:23.146  render           | Saved: '/tmp/clearvla_eval_opaque_74646.png'
17:23.485  render           | Saved: '/tmp/clearvla_eval_opaque_74646.png'
17:23.902  render           | Saved: '/tmp/clearvla_eval_opaque_74646.png'
17:24.245  render           | Saved: '/tmp/clearvla_eval_opaque_74646.png'
17:24.669  render           | Saved: '/tmp/clearvla_eval_opaque_74646.png'
17:25.011  render           | Saved: '/tmp/clearvla_eval_opaque_74646.png'
17:25.408  render           | Saved: '/tmp/clearvla_eval_opaque_74646.png'
17:25.750  render           | Saved: '/tmp/clearvla_eval_opaque_74646.png'
17:26.156  render           | Saved: '/tmp/clearvla_eval_opaque_74646.png'
17:26.486  render           | Saved: '/tmp/clearvla_eval_opaque_74646.png'
17:26.886  render           | Saved: '/tmp/clearvla_eval_opaque_74646.png'
17:27.216  render           | Saved: '/tmp/clearvla_eval_opaque_74646.png'
17:27.615  render           | Saved: '/tmp/clearvla_eval_opaque_74646.png'
17:27.946  render           | Saved: '/tmp/clearvla_eval_opaque_74646.png'
17:28.345  render           | Saved: '/tmp/clearvla_eval_opaque_74646.png'
17:28.671  render           | Saved: '/tmp/clearvla_eval_opaque_74646.png'
17:29.060  render           | Saved: '/tmp/clearvla_eval_opaque_74646.png'
17:29.391  render           | Saved: '/tmp/clearvla_eval_opaque_74646.png'
17:29.782  render           | Saved: '/tmp/clearvla_eval_opaque_74646.png'
17:30.107  render           | Saved: '/tmp/clearvla_eval_opaque_74646.png'
17:30.500  render           | Saved: '/tmp/clearvla_eval_opaque_74646.png'
17:30.837  render           | Saved: '/tmp/clearvla_eval_opaque_74646.png'
17:31.700  render           | Saved: '/tmp/clearvla_eval_opaque_74646.png'
17:32.033  render           | Saved: '/tmp/clearvla_eval_opaque_74646.png'
17:32.473  render           | Saved: '/tmp/clearvla_eval_opaque_74646.png'
17:32.807  render           | Saved: '/tmp/clearvla_eval_opaque_74646.png'
17:33.248  render           | Saved: '/tmp/clearvla_eval_opaque_74646.png'
17:33.577  render           | Saved: '/tmp/clearvla_eval_opaque_74646.png'
17:34.009  render           | Saved: '/tmp/clearvla_eval_opaque_74646.png'
17:34.337  render           | Saved: '/tmp/clearvla_eval_opaque_74646.png'
17:34.764  render           | Saved: '/tmp/clearvla_eval_opaque_74646.png'
17:35.094  render           | Saved: '/tmp/clearvla_eval_opaque_74646.png'
17:35.540  render           | Saved: '/tmp/clearvla_eval_opaque_74646.png'
17:35.876  render           | Saved: '/tmp/clearvla_eval_opaque_74646.png'
17:36.344  render           | Saved: '/tmp/clearvla_eval_opaque_74646.png'
17:36.672  render           | Saved: '/tmp/clearvla_eval_opaque_74646.png'
17:37.130  render           | Saved: '/tmp/clearvla_eval_opaque_74646.png'
17:37.455  render           | Saved: '/tmp/clearvla_eval_opaque_74646.png'
17:37.885  render           | Saved: '/tmp/clearvla_eval_opaque_74646.png'
17:38.211  render           | Saved: '/tmp/clearvla_eval_opaque_74646.png'
17:38.644  render           | Saved: '/tmp/clearvla_eval_opaque_74646.png'
17:38.969  render           | Saved: '/tmp/clearvla_eval_opaque_74646.png'
17:39.397  render           | Saved: '/tmp/clearvla_eval_opaque_74646.png'
17:39.727  render           | Saved: '/tmp/clearvla_eval_opaque_74646.png'
17:40.167  render           | Saved: '/tmp/clearvla_eval_opaque_74646.png'
17:40.494  render           | Saved: '/tmp/clearvla_eval_opaque_74646.png'
17:40.920  render           | Saved: '/tmp/clearvla_eval_opaque_74646.png'
17:41.246  render           | Saved: '/tmp/clearvla_eval_opaque_74646.png'
17:41.679  render           | Saved: '/tmp/clearvla_eval_opaque_74646.png'
17:42.011  render           | Saved: '/tmp/clearvla_eval_opaque_74646.png'
17:42.429  render           | Saved: '/tmp/clearvla_eval_opaque_74646.png'
17:42.765  render           | Saved: '/tmp/clearvla_eval_opaque_74646.png'
17:43.200  render           | Saved: '/tmp/clearvla_eval_opaque_74646.png'
17:43.534  render           | Saved: '/tmp/clearvla_eval_opaque_74646.png'
17:43.946  render           | Saved: '/tmp/clearvla_eval_opaque_74646.png'
17:44.277  render           | Saved: '/tmp/clearvla_eval_opaque_74646.png'
17:44.686  render           | Saved: '/tmp/clearvla_eval_opaque_74646.png'
17:45.017  render           | Saved: '/tmp/clearvla_eval_opaque_74646.png'
17:45.425  render           | Saved: '/tmp/clearvla_eval_opaque_74646.png'
17:45.755  render           | Saved: '/tmp/clearvla_eval_opaque_74646.png'
17:46.157  render           | Saved: '/tmp/clearvla_eval_opaque_74646.png'
17:46.487  render           | Saved: '/tmp/clearvla_eval_opaque_74646.png'
17:46.887  render           | Saved: '/tmp/clearvla_eval_opaque_74646.png'
17:47.214  render           | Saved: '/tmp/clearvla_eval_opaque_74646.png'
17:47.613  render           | Saved: '/tmp/clearvla_eval_opaque_74646.png'
17:47.939  render           | Saved: '/tmp/clearvla_eval_opaque_74646.png'
17:48.340  render           | Saved: '/tmp/clearvla_eval_opaque_74646.png'
17:48.672  render           | Saved: '/tmp/clearvla_eval_opaque_74646.png'
17:49.072  render           | Saved: '/tmp/clearvla_eval_opaque_74646.png'
17:49.404  render           | Saved: '/tmp/clearvla_eval_opaque_74646.png'
17:49.805  render           | Saved: '/tmp/clearvla_eval_opaque_74646.png'
17:50.139  render           | Saved: '/tmp/clearvla_eval_opaque_74646.png'
17:50.538  render           | Saved: '/tmp/clearvla_eval_opaque_74646.png'
17:50.868  render           | Saved: '/tmp/clearvla_eval_opaque_74646.png'
17:51.268  render           | Saved: '/tmp/clearvla_eval_opaque_74646.png'
17:51.600  render           | Saved: '/tmp/clearvla_eval_opaque_74646.png'
17:51.996  render           | Saved: '/tmp/clearvla_eval_opaque_74646.png'
17:52.327  render           | Saved: '/tmp/clearvla_eval_opaque_74646.png'
17:52.724  render           | Saved: '/tmp/clearvla_eval_opaque_74646.png'
17:53.052  render           | Saved: '/tmp/clearvla_eval_opaque_74646.png'
17:53.451  render           | Saved: '/tmp/clearvla_eval_opaque_74646.png'
17:53.789  render           | Saved: '/tmp/clearvla_eval_opaque_74646.png'
17:54.190  render           | Saved: '/tmp/clearvla_eval_opaque_74646.png'
17:54.517  render           | Saved: '/tmp/clearvla_eval_opaque_74646.png'
17:54.910  render           | Saved: '/tmp/clearvla_eval_opaque_74646.png'
17:55.243  render           | Saved: '/tmp/clearvla_eval_opaque_74646.png'
17:55.640  render           | Saved: '/tmp/clearvla_eval_opaque_74646.png'
17:55.973  render           | Saved: '/tmp/clearvla_eval_opaque_74646.png'
17:56.369  render           | Saved: '/tmp/clearvla_eval_opaque_74646.png'
17:56.698  render           | Saved: '/tmp/clearvla_eval_opaque_74646.png'
17:57.092  render           | Saved: '/tmp/clearvla_eval_opaque_74646.png'
17:57.423  render           | Saved: '/tmp/clearvla_eval_opaque_74646.png'
17:57.825  render           | Saved: '/tmp/clearvla_eval_opaque_74646.png'
17:58.157  render           | Saved: '/tmp/clearvla_eval_opaque_74646.png'
17:58.569  render           | Saved: '/tmp/clearvla_eval_opaque_74646.png'
17:58.903  render           | Saved: '/tmp/clearvla_eval_opaque_74646.png'
17:59.308  render           | Saved: '/tmp/clearvla_eval_opaque_74646.png'
17:59.635  render           | Saved: '/tmp/clearvla_eval_opaque_74646.png'
18:00.500  render           | Saved: '/tmp/clearvla_eval_opaque_74646.png'
18:00.838  render           | Saved: '/tmp/clearvla_eval_opaque_74646.png'
18:01.306  render           | Saved: '/tmp/clearvla_eval_opaque_74646.png'
18:01.661  render           | Saved: '/tmp/clearvla_eval_opaque_74646.png'
18:02.074  render           | Saved: '/tmp/clearvla_eval_opaque_74646.png'
18:02.420  render           | Saved: '/tmp/clearvla_eval_opaque_74646.png'
18:02.846  render           | Saved: '/tmp/clearvla_eval_opaque_74646.png'
18:03.180  render           | Saved: '/tmp/clearvla_eval_opaque_74646.png'
18:03.647  render           | Saved: '/tmp/clearvla_eval_opaque_74646.png'
18:04.001  render           | Saved: '/tmp/clearvla_eval_opaque_74646.png'
18:04.424  render           | Saved: '/tmp/clearvla_eval_opaque_74646.png'
18:04.758  render           | Saved: '/tmp/clearvla_eval_opaque_74646.png'
18:05.228  render           | Saved: '/tmp/clearvla_eval_opaque_74646.png'
18:05.569  render           | Saved: '/tmp/clearvla_eval_opaque_74646.png'
18:06.013  render           | Saved: '/tmp/clearvla_eval_opaque_74646.png'
18:06.357  render           | Saved: '/tmp/clearvla_eval_opaque_74646.png'
18:06.786  render           | Saved: '/tmp/clearvla_eval_opaque_74646.png'
18:07.122  render           | Saved: '/tmp/clearvla_eval_opaque_74646.png'
18:07.595  render           | Saved: '/tmp/clearvla_eval_opaque_74646.png'
18:07.944  render           | Saved: '/tmp/clearvla_eval_opaque_74646.png'
18:08.372  render           | Saved: '/tmp/clearvla_eval_opaque_74646.png'
18:08.716  render           | Saved: '/tmp/clearvla_eval_opaque_74646.png'
18:09.148  render           | Saved: '/tmp/clearvla_eval_opaque_74646.png'
18:09.482  render           | Saved: '/tmp/clearvla_eval_opaque_74646.png'
18:09.938  render           | Saved: '/tmp/clearvla_eval_opaque_74646.png'
18:10.287  render           | Saved: '/tmp/clearvla_eval_opaque_74646.png'
18:10.711  render           | Saved: '/tmp/clearvla_eval_opaque_74646.png'
18:11.062  render           | Saved: '/tmp/clearvla_eval_opaque_74646.png'
18:11.501  render           | Saved: '/tmp/clearvla_eval_opaque_74646.png'
18:11.847  render           | Saved: '/tmp/clearvla_eval_opaque_74646.png'
18:12.276  render           | Saved: '/tmp/clearvla_eval_opaque_74646.png'
18:12.608  render           | Saved: '/tmp/clearvla_eval_opaque_74646.png'
18:13.008  render           | Saved: '/tmp/clearvla_eval_opaque_74646.png'
18:13.338  render           | Saved: '/tmp/clearvla_eval_opaque_74646.png'
18:13.745  render           | Saved: '/tmp/clearvla_eval_opaque_74646.png'
18:14.072  render           | Saved: '/tmp/clearvla_eval_opaque_74646.png'
18:14.472  render           | Saved: '/tmp/clearvla_eval_opaque_74646.png'
18:14.810  render           | Saved: '/tmp/clearvla_eval_opaque_74646.png'
18:15.213  render           | Saved: '/tmp/clearvla_eval_opaque_74646.png'
18:15.545  render           | Saved: '/tmp/clearvla_eval_opaque_74646.png'
18:15.939  render           | Saved: '/tmp/clearvla_eval_opaque_74646.png'
18:16.271  render           | Saved: '/tmp/clearvla_eval_opaque_74646.png'
18:16.672  render           | Saved: '/tmp/clearvla_eval_opaque_74646.png'
18:17.004  render           | Saved: '/tmp/clearvla_eval_opaque_74646.png'
18:17.405  render           | Saved: '/tmp/clearvla_eval_opaque_74646.png'
18:17.746  render           | Saved: '/tmp/clearvla_eval_opaque_74646.png'
18:18.144  render           | Saved: '/tmp/clearvla_eval_opaque_74646.png'
18:18.478  render           | Saved: '/tmp/clearvla_eval_opaque_74646.png'
18:18.878  render           | Saved: '/tmp/clearvla_eval_opaque_74646.png'
18:19.208  render           | Saved: '/tmp/clearvla_eval_opaque_74646.png'
18:19.604  render           | Saved: '/tmp/clearvla_eval_opaque_74646.png'
18:19.932  render           | Saved: '/tmp/clearvla_eval_opaque_74646.png'
18:20.329  render           | Saved: '/tmp/clearvla_eval_opaque_74646.png'
18:20.660  render           | Saved: '/tmp/clearvla_eval_opaque_74646.png'
18:21.063  render           | Saved: '/tmp/clearvla_eval_opaque_74646.png'
18:21.397  render           | Saved: '/tmp/clearvla_eval_opaque_74646.png'
18:21.791  render           | Saved: '/tmp/clearvla_eval_opaque_74646.png'
18:22.119  render           | Saved: '/tmp/clearvla_eval_opaque_74646.png'
18:22.519  render           | Saved: '/tmp/clearvla_eval_opaque_74646.png'
18:22.865  render           | Saved: '/tmp/clearvla_eval_opaque_74646.png'
18:23.258  render           | Saved: '/tmp/clearvla_eval_opaque_74646.png'
18:23.587  render           | Saved: '/tmp/clearvla_eval_opaque_74646.png'
18:23.985  render           | Saved: '/tmp/clearvla_eval_opaque_74646.png'
18:24.319  render           | Saved: '/tmp/clearvla_eval_opaque_74646.png'
18:24.719  render           | Saved: '/tmp/clearvla_eval_opaque_74646.png'
18:25.053  render           | Saved: '/tmp/clearvla_eval_opaque_74646.png'
18:25.443  render           | Saved: '/tmp/clearvla_eval_opaque_74646.png'
18:25.773  render           | Saved: '/tmp/clearvla_eval_opaque_74646.png'
18:26.168  render           | Saved: '/tmp/clearvla_eval_opaque_74646.png'
18:26.501  render           | Saved: '/tmp/clearvla_eval_opaque_74646.png'
18:26.895  render           | Saved: '/tmp/clearvla_eval_opaque_74646.png'
18:27.227  render           | Saved: '/tmp/clearvla_eval_opaque_74646.png'
18:27.626  render           | Saved: '/tmp/clearvla_eval_opaque_74646.png'
18:27.973  render           | Saved: '/tmp/clearvla_eval_opaque_74646.png'
18:28.393  render           | Saved: '/tmp/clearvla_eval_opaque_74646.png'
18:28.742  render           | Saved: '/tmp/clearvla_eval_opaque_74646.png'
18:29.577  render           | Saved: '/tmp/clearvla_eval_opaque_74646.png'
18:29.908  render           | Saved: '/tmp/clearvla_eval_opaque_74646.png'
18:30.363  render           | Saved: '/tmp/clearvla_eval_opaque_74646.png'
18:30.691  render           | Saved: '/tmp/clearvla_eval_opaque_74646.png'
18:31.123  render           | Saved: '/tmp/clearvla_eval_opaque_74646.png'
18:31.457  render           | Saved: '/tmp/clearvla_eval_opaque_74646.png'
18:31.879  render           | Saved: '/tmp/clearvla_eval_opaque_74646.png'
18:32.216  render           | Saved: '/tmp/clearvla_eval_opaque_74646.png'
18:32.652  render           | Saved: '/tmp/clearvla_eval_opaque_74646.png'
18:32.982  render           | Saved: '/tmp/clearvla_eval_opaque_74646.png'
18:33.401  render           | Saved: '/tmp/clearvla_eval_opaque_74646.png'
18:33.735  render           | Saved: '/tmp/clearvla_eval_opaque_74646.png'
18:34.166  render           | Saved: '/tmp/clearvla_eval_opaque_74646.png'
18:34.497  render           | Saved: '/tmp/clearvla_eval_opaque_74646.png'
18:34.925  render           | Saved: '/tmp/clearvla_eval_opaque_74646.png'
18:35.256  render           | Saved: '/tmp/clearvla_eval_opaque_74646.png'
18:35.693  render           | Saved: '/tmp/clearvla_eval_opaque_74646.png'
18:36.018  render           | Saved: '/tmp/clearvla_eval_opaque_74646.png'
18:36.441  render           | Saved: '/tmp/clearvla_eval_opaque_74646.png'
18:36.776  render           | Saved: '/tmp/clearvla_eval_opaque_74646.png'
18:37.200  render           | Saved: '/tmp/clearvla_eval_opaque_74646.png'
18:37.537  render           | Saved: '/tmp/clearvla_eval_opaque_74646.png'
18:37.969  render           | Saved: '/tmp/clearvla_eval_opaque_74646.png'
18:38.290  render           | Saved: '/tmp/clearvla_eval_opaque_74646.png'
18:38.728  render           | Saved: '/tmp/clearvla_eval_opaque_74646.png'
18:39.055  render           | Saved: '/tmp/clearvla_eval_opaque_74646.png'
18:39.514  render           | Saved: '/tmp/clearvla_eval_opaque_74646.png'
18:39.844  render           | Saved: '/tmp/clearvla_eval_opaque_74646.png'
18:40.317  render           | Saved: '/tmp/clearvla_eval_opaque_74646.png'
18:40.642  render           | Saved: '/tmp/clearvla_eval_opaque_74646.png'
18:41.106  render           | Saved: '/tmp/clearvla_eval_opaque_74646.png'
18:41.438  render           | Saved: '/tmp/clearvla_eval_opaque_74646.png'
18:41.845  render           | Saved: '/tmp/clearvla_eval_opaque_74646.png'
18:42.171  render           | Saved: '/tmp/clearvla_eval_opaque_74646.png'
18:42.576  render           | Saved: '/tmp/clearvla_eval_opaque_74646.png'
18:42.906  render           | Saved: '/tmp/clearvla_eval_opaque_74646.png'
18:43.304  render           | Saved: '/tmp/clearvla_eval_opaque_74646.png'
18:43.633  render           | Saved: '/tmp/clearvla_eval_opaque_74646.png'
18:44.032  render           | Saved: '/tmp/clearvla_eval_opaque_74646.png'
18:44.362  render           | Saved: '/tmp/clearvla_eval_opaque_74646.png'
18:44.764  render           | Saved: '/tmp/clearvla_eval_opaque_74646.png'
18:45.096  render           | Saved: '/tmp/clearvla_eval_opaque_74646.png'
18:45.497  render           | Saved: '/tmp/clearvla_eval_opaque_74646.png'
18:45.825  render           | Saved: '/tmp/clearvla_eval_opaque_74646.png'
18:46.223  render           | Saved: '/tmp/clearvla_eval_opaque_74646.png'
18:46.550  render           | Saved: '/tmp/clearvla_eval_opaque_74646.png'
18:46.947  render           | Saved: '/tmp/clearvla_eval_opaque_74646.png'
18:47.273  render           | Saved: '/tmp/clearvla_eval_opaque_74646.png'
18:47.689  render           | Saved: '/tmp/clearvla_eval_opaque_74646.png'
18:48.032  render           | Saved: '/tmp/clearvla_eval_opaque_74646.png'
18:48.444  render           | Saved: '/tmp/clearvla_eval_opaque_74646.png'
18:48.790  render           | Saved: '/tmp/clearvla_eval_opaque_74646.png'
18:49.208  render           | Saved: '/tmp/clearvla_eval_opaque_74646.png'
18:49.549  render           | Saved: '/tmp/clearvla_eval_opaque_74646.png'
18:49.964  render           | Saved: '/tmp/clearvla_eval_opaque_74646.png'
18:50.309  render           | Saved: '/tmp/clearvla_eval_opaque_74646.png'
18:50.727  render           | Saved: '/tmp/clearvla_eval_opaque_74646.png'
18:51.068  render           | Saved: '/tmp/clearvla_eval_opaque_74646.png'
18:51.469  render           | Saved: '/tmp/clearvla_eval_opaque_74646.png'
18:51.818  render           | Saved: '/tmp/clearvla_eval_opaque_74646.png'
18:52.230  render           | Saved: '/tmp/clearvla_eval_opaque_74646.png'
18:52.577  render           | Saved: '/tmp/clearvla_eval_opaque_74646.png'
18:52.991  render           | Saved: '/tmp/clearvla_eval_opaque_74646.png'
18:53.335  render           | Saved: '/tmp/clearvla_eval_opaque_74646.png'
18:53.755  render           | Saved: '/tmp/clearvla_eval_opaque_74646.png'
18:54.095  render           | Saved: '/tmp/clearvla_eval_opaque_74646.png'
18:54.511  render           | Saved: '/tmp/clearvla_eval_opaque_74646.png'
18:54.855  render           | Saved: '/tmp/clearvla_eval_opaque_74646.png'
18:55.269  render           | Saved: '/tmp/clearvla_eval_opaque_74646.png'
18:55.619  render           | Saved: '/tmp/clearvla_eval_opaque_74646.png'
18:56.042  render           | Saved: '/tmp/clearvla_eval_opaque_74646.png'
18:56.388  render           | Saved: '/tmp/clearvla_eval_opaque_74646.png'
18:56.800  render           | Saved: '/tmp/clearvla_eval_opaque_74646.png'
18:57.132  render           | Saved: '/tmp/clearvla_eval_opaque_74646.png'
18:57.534  render           | Saved: '/tmp/clearvla_eval_opaque_74646.png'
18:57.867  render           | Saved: '/tmp/clearvla_eval_opaque_74646.png'
18:58.761  render           | Saved: '/tmp/clearvla_eval_opaque_74646.png'
18:59.093  render           | Saved: '/tmp/clearvla_eval_opaque_74646.png'
18:59.560  render           | Saved: '/tmp/clearvla_eval_opaque_74646.png'
18:59.890  render           | Saved: '/tmp/clearvla_eval_opaque_74646.png'
19:00.367  render           | Saved: '/tmp/clearvla_eval_opaque_74646.png'
19:00.697  render           | Saved: '/tmp/clearvla_eval_opaque_74646.png'
19:01.144  render           | Saved: '/tmp/clearvla_eval_opaque_74646.png'
19:01.475  render           | Saved: '/tmp/clearvla_eval_opaque_74646.png'
19:01.944  render           | Saved: '/tmp/clearvla_eval_opaque_74646.png'
19:02.274  render           | Saved: '/tmp/clearvla_eval_opaque_74646.png'
19:02.736  render           | Saved: '/tmp/clearvla_eval_opaque_74646.png'
19:03.083  render           | Saved: '/tmp/clearvla_eval_opaque_74646.png'
19:03.508  render           | Saved: '/tmp/clearvla_eval_opaque_74646.png'
19:03.848  render           | Saved: '/tmp/clearvla_eval_opaque_74646.png'
19:04.280  render           | Saved: '/tmp/clearvla_eval_opaque_74646.png'
19:04.613  render           | Saved: '/tmp/clearvla_eval_opaque_74646.png'
19:05.085  render           | Saved: '/tmp/clearvla_eval_opaque_74646.png'
19:05.430  render           | Saved: '/tmp/clearvla_eval_opaque_74646.png'
19:05.856  render           | Saved: '/tmp/clearvla_eval_opaque_74646.png'
19:06.205  render           | Saved: '/tmp/clearvla_eval_opaque_74646.png'
19:06.632  render           | Saved: '/tmp/clearvla_eval_opaque_74646.png'
19:06.976  render           | Saved: '/tmp/clearvla_eval_opaque_74646.png'
19:07.398  render           | Saved: '/tmp/clearvla_eval_opaque_74646.png'
19:07.748  render           | Saved: '/tmp/clearvla_eval_opaque_74646.png'
19:08.175  render           | Saved: '/tmp/clearvla_eval_opaque_74646.png'
19:08.519  render           | Saved: '/tmp/clearvla_eval_opaque_74646.png'
19:08.945  render           | Saved: '/tmp/clearvla_eval_opaque_74646.png'
19:09.290  render           | Saved: '/tmp/clearvla_eval_opaque_74646.png'
19:09.716  render           | Saved: '/tmp/clearvla_eval_opaque_74646.png'
19:10.064  render           | Saved: '/tmp/clearvla_eval_opaque_74646.png'
19:10.491  render           | Saved: '/tmp/clearvla_eval_opaque_74646.png'
19:10.822  render           | Saved: '/tmp/clearvla_eval_opaque_74646.png'
19:11.225  render           | Saved: '/tmp/clearvla_eval_opaque_74646.png'
19:11.553  render           | Saved: '/tmp/clearvla_eval_opaque_74646.png'
19:11.955  render           | Saved: '/tmp/clearvla_eval_opaque_74646.png'
19:12.286  render           | Saved: '/tmp/clearvla_eval_opaque_74646.png'
19:12.692  render           | Saved: '/tmp/clearvla_eval_opaque_74646.png'
19:13.019  render           | Saved: '/tmp/clearvla_eval_opaque_74646.png'
19:13.422  render           | Saved: '/tmp/clearvla_eval_opaque_74646.png'
19:13.755  render           | Saved: '/tmp/clearvla_eval_opaque_74646.png'
19:14.153  render           | Saved: '/tmp/clearvla_eval_opaque_74646.png'
19:14.484  render           | Saved: '/tmp/clearvla_eval_opaque_74646.png'
19:14.883  render           | Saved: '/tmp/clearvla_eval_opaque_74646.png'
19:15.218  render           | Saved: '/tmp/clearvla_eval_opaque_74646.png'
19:15.614  render           | Saved: '/tmp/clearvla_eval_opaque_74646.png'
19:15.940  render           | Saved: '/tmp/clearvla_eval_opaque_74646.png'
19:16.341  render           | Saved: '/tmp/clearvla_eval_opaque_74646.png'
19:16.670  render           | Saved: '/tmp/clearvla_eval_opaque_74646.png'
19:17.070  render           | Saved: '/tmp/clearvla_eval_opaque_74646.png'
19:17.398  render           | Saved: '/tmp/clearvla_eval_opaque_74646.png'
19:17.800  render           | Saved: '/tmp/clearvla_eval_opaque_74646.png'
19:18.129  render           | Saved: '/tmp/clearvla_eval_opaque_74646.png'
19:18.532  render           | Saved: '/tmp/clearvla_eval_opaque_74646.png'
19:18.870  render           | Saved: '/tmp/clearvla_eval_opaque_74646.png'
19:19.274  render           | Saved: '/tmp/clearvla_eval_opaque_74646.png'
19:19.612  render           | Saved: '/tmp/clearvla_eval_opaque_74646.png'
19:20.026  render           | Saved: '/tmp/clearvla_eval_opaque_74646.png'
19:20.368  render           | Saved: '/tmp/clearvla_eval_opaque_74646.png'
19:20.782  render           | Saved: '/tmp/clearvla_eval_opaque_74646.png'
19:21.128  render           | Saved: '/tmp/clearvla_eval_opaque_74646.png'
19:21.546  render           | Saved: '/tmp/clearvla_eval_opaque_74646.png'
19:21.888  render           | Saved: '/tmp/clearvla_eval_opaque_74646.png'
19:22.301  render           | Saved: '/tmp/clearvla_eval_opaque_74646.png'
19:22.653  render           | Saved: '/tmp/clearvla_eval_opaque_74646.png'
19:23.078  render           | Saved: '/tmp/clearvla_eval_opaque_74646.png'
19:23.419  render           | Saved: '/tmp/clearvla_eval_opaque_74646.png'
19:23.850  render           | Saved: '/tmp/clearvla_eval_opaque_74646.png'
19:24.207  render           | Saved: '/tmp/clearvla_eval_opaque_74646.png'
19:24.642  render           | Saved: '/tmp/clearvla_eval_opaque_74646.png'
19:24.999  render           | Saved: '/tmp/clearvla_eval_opaque_74646.png'
19:25.436  render           | Saved: '/tmp/clearvla_eval_opaque_74646.png'
19:25.793  render           | Saved: '/tmp/clearvla_eval_opaque_74646.png'
19:26.232  render           | Saved: '/tmp/clearvla_eval_opaque_74646.png'
19:26.581  render           | Saved: '/tmp/clearvla_eval_opaque_74646.png'
19:27.010  render           | Saved: '/tmp/clearvla_eval_opaque_74646.png'
19:27.346  render           | Saved: '/tmp/clearvla_eval_opaque_74646.png'
19:28.191  render           | Saved: '/tmp/clearvla_eval_opaque_74646.png'
19:28.542  render           | Saved: '/tmp/clearvla_eval_opaque_74646.png'
19:28.959  render           | Saved: '/tmp/clearvla_eval_opaque_74646.png'
19:29.304  render           | Saved: '/tmp/clearvla_eval_opaque_74646.png'
19:29.732  render           | Saved: '/tmp/clearvla_eval_opaque_74646.png'
19:30.081  render           | Saved: '/tmp/clearvla_eval_opaque_74646.png'
19:30.510  render           | Saved: '/tmp/clearvla_eval_opaque_74646.png'
19:30.861  render           | Saved: '/tmp/clearvla_eval_opaque_74646.png'
19:31.289  render           | Saved: '/tmp/clearvla_eval_opaque_74646.png'
19:31.636  render           | Saved: '/tmp/clearvla_eval_opaque_74646.png'
19:32.094  render           | Saved: '/tmp/clearvla_eval_opaque_74646.png'
19:32.435  render           | Saved: '/tmp/clearvla_eval_opaque_74646.png'
19:32.896  render           | Saved: '/tmp/clearvla_eval_opaque_74646.png'
19:33.235  render           | Saved: '/tmp/clearvla_eval_opaque_74646.png'
19:33.704  render           | Saved: '/tmp/clearvla_eval_opaque_74646.png'
19:34.036  render           | Saved: '/tmp/clearvla_eval_opaque_74646.png'
19:34.507  render           | Saved: '/tmp/clearvla_eval_opaque_74646.png'
19:34.835  render           | Saved: '/tmp/clearvla_eval_opaque_74646.png'
19:35.295  render           | Saved: '/tmp/clearvla_eval_opaque_74646.png'
19:35.639  render           | Saved: '/tmp/clearvla_eval_opaque_74646.png'
19:36.097  render           | Saved: '/tmp/clearvla_eval_opaque_74646.png'
19:36.424  render           | Saved: '/tmp/clearvla_eval_opaque_74646.png'
19:36.877  render           | Saved: '/tmp/clearvla_eval_opaque_74646.png'
19:37.211  render           | Saved: '/tmp/clearvla_eval_opaque_74646.png'
19:37.663  render           | Saved: '/tmp/clearvla_eval_opaque_74646.png'
19:38.009  render           | Saved: '/tmp/clearvla_eval_opaque_74646.png'
19:38.436  render           | Saved: '/tmp/clearvla_eval_opaque_74646.png'
19:38.768  render           | Saved: '/tmp/clearvla_eval_opaque_74646.png'
19:39.232  render           | Saved: '/tmp/clearvla_eval_opaque_74646.png'
19:39.569  render           | Saved: '/tmp/clearvla_eval_opaque_74646.png'
19:40.046  render           | Saved: '/tmp/clearvla_eval_opaque_74646.png'
19:40.376  render           | Saved: '/tmp/clearvla_eval_opaque_74646.png'
19:40.783  render           | Saved: '/tmp/clearvla_eval_opaque_74646.png'
19:41.112  render           | Saved: '/tmp/clearvla_eval_opaque_74646.png'
19:41.509  render           | Saved: '/tmp/clearvla_eval_opaque_74646.png'
19:41.838  render           | Saved: '/tmp/clearvla_eval_opaque_74646.png'
19:42.232  render           | Saved: '/tmp/clearvla_eval_opaque_74646.png'
19:42.562  render           | Saved: '/tmp/clearvla_eval_opaque_74646.png'
19:42.963  render           | Saved: '/tmp/clearvla_eval_opaque_74646.png'
19:43.296  render           | Saved: '/tmp/clearvla_eval_opaque_74646.png'
19:43.703  render           | Saved: '/tmp/clearvla_eval_opaque_74646.png'
19:44.038  render           | Saved: '/tmp/clearvla_eval_opaque_74646.png'
19:44.439  render           | Saved: '/tmp/clearvla_eval_opaque_74646.png'
19:44.767  render           | Saved: '/tmp/clearvla_eval_opaque_74646.png'
19:45.166  render           | Saved: '/tmp/clearvla_eval_opaque_74646.png'
19:45.497  render           | Saved: '/tmp/clearvla_eval_opaque_74646.png'
19:45.889  render           | Saved: '/tmp/clearvla_eval_opaque_74646.png'
19:46.220  render           | Saved: '/tmp/clearvla_eval_opaque_74646.png'
19:46.618  render           | Saved: '/tmp/clearvla_eval_opaque_74646.png'
19:46.946  render           | Saved: '/tmp/clearvla_eval_opaque_74646.png'
19:47.344  render           | Saved: '/tmp/clearvla_eval_opaque_74646.png'
19:47.671  render           | Saved: '/tmp/clearvla_eval_opaque_74646.png'
19:48.067  render           | Saved: '/tmp/clearvla_eval_opaque_74646.png'
19:48.396  render           | Saved: '/tmp/clearvla_eval_opaque_74646.png'
19:48.790  render           | Saved: '/tmp/clearvla_eval_opaque_74646.png'
19:49.120  render           | Saved: '/tmp/clearvla_eval_opaque_74646.png'
19:49.518  render           | Saved: '/tmp/clearvla_eval_opaque_74646.png'
19:49.855  render           | Saved: '/tmp/clearvla_eval_opaque_74646.png'
19:50.260  render           | Saved: '/tmp/clearvla_eval_opaque_74646.png'
19:50.610  render           | Saved: '/tmp/clearvla_eval_opaque_74646.png'
19:51.027  render           | Saved: '/tmp/clearvla_eval_opaque_74646.png'
19:51.373  render           | Saved: '/tmp/clearvla_eval_opaque_74646.png'
19:51.789  render           | Saved: '/tmp/clearvla_eval_opaque_74646.png'
19:52.135  render           | Saved: '/tmp/clearvla_eval_opaque_74646.png'
19:52.546  render           | Saved: '/tmp/clearvla_eval_opaque_74646.png'
19:52.895  render           | Saved: '/tmp/clearvla_eval_opaque_74646.png'
19:53.306  render           | Saved: '/tmp/clearvla_eval_opaque_74646.png'
19:53.645  render           | Saved: '/tmp/clearvla_eval_opaque_74646.png'
19:54.054  render           | Saved: '/tmp/clearvla_eval_opaque_74646.png'
19:54.395  render           | Saved: '/tmp/clearvla_eval_opaque_74646.png'
19:54.811  render           | Saved: '/tmp/clearvla_eval_opaque_74646.png'
19:55.154  render           | Saved: '/tmp/clearvla_eval_opaque_74646.png'
19:55.568  render           | Saved: '/tmp/clearvla_eval_opaque_74646.png'
19:55.910  render           | Saved: '/tmp/clearvla_eval_opaque_74646.png'
19:56.324  render           | Saved: '/tmp/clearvla_eval_opaque_74646.png'
19:56.666  render           | Saved: '/tmp/clearvla_eval_opaque_74646.png'
[cache25/opaque] grasp: 0/40  (19.9 min, 28.9 s/ep)
19:57.524  render           | Saved: '/tmp/clearvla_eval_opaque_74646.png'
19:57.882  render           | Saved: '/tmp/clearvla_eval_opaque_74646.png'
19:58.305  render           | Saved: '/tmp/clearvla_eval_opaque_74646.png'
19:58.693  render           | Saved: '/tmp/clearvla_eval_opaque_74646.png'
19:59.084  render           | Saved: '/tmp/clearvla_eval_opaque_74646.png'
19:59.475  render           | Saved: '/tmp/clearvla_eval_opaque_74646.png'
19:59.877  render           | Saved: '/tmp/clearvla_eval_opaque_74646.png'
20:00.247  render           | Saved: '/tmp/clearvla_eval_opaque_74646.png'
20:00.649  render           | Saved: '/tmp/clearvla_eval_opaque_74646.png'
20:01.031  render           | Saved: '/tmp/clearvla_eval_opaque_74646.png'
20:01.440  render           | Saved: '/tmp/clearvla_eval_opaque_74646.png'
20:01.798  render           | Saved: '/tmp/clearvla_eval_opaque_74646.png'
20:02.208  render           | Saved: '/tmp/clearvla_eval_opaque_74646.png'
20:02.568  render           | Saved: '/tmp/clearvla_eval_opaque_74646.png'
20:02.972  render           | Saved: '/tmp/clearvla_eval_opaque_74646.png'
20:03.316  render           | Saved: '/tmp/clearvla_eval_opaque_74646.png'
20:03.742  render           | Saved: '/tmp/clearvla_eval_opaque_74646.png'
20:04.089  render           | Saved: '/tmp/clearvla_eval_opaque_74646.png'
20:04.517  render           | Saved: '/tmp/clearvla_eval_opaque_74646.png'
20:04.867  render           | Saved: '/tmp/clearvla_eval_opaque_74646.png'
20:05.297  render           | Saved: '/tmp/clearvla_eval_opaque_74646.png'
20:05.647  render           | Saved: '/tmp/clearvla_eval_opaque_74646.png'
20:06.078  render           | Saved: '/tmp/clearvla_eval_opaque_74646.png'
20:06.407  render           | Saved: '/tmp/clearvla_eval_opaque_74646.png'
20:06.876  render           | Saved: '/tmp/clearvla_eval_opaque_74646.png'
20:07.201  render           | Saved: '/tmp/clearvla_eval_opaque_74646.png'
20:07.661  render           | Saved: '/tmp/clearvla_eval_opaque_74646.png'
20:07.992  render           | Saved: '/tmp/clearvla_eval_opaque_74646.png'
20:08.445  render           | Saved: '/tmp/clearvla_eval_opaque_74646.png'
20:08.778  render           | Saved: '/tmp/clearvla_eval_opaque_74646.png'
20:09.214  render           | Saved: '/tmp/clearvla_eval_opaque_74646.png'
20:09.543  render           | Saved: '/tmp/clearvla_eval_opaque_74646.png'
20:09.961  render           | Saved: '/tmp/clearvla_eval_opaque_74646.png'
20:10.301  render           | Saved: '/tmp/clearvla_eval_opaque_74646.png'
20:10.706  render           | Saved: '/tmp/clearvla_eval_opaque_74646.png'
20:11.039  render           | Saved: '/tmp/clearvla_eval_opaque_74646.png'
20:11.437  render           | Saved: '/tmp/clearvla_eval_opaque_74646.png'
20:11.770  render           | Saved: '/tmp/clearvla_eval_opaque_74646.png'
20:12.176  render           | Saved: '/tmp/clearvla_eval_opaque_74646.png'
20:12.505  render           | Saved: '/tmp/clearvla_eval_opaque_74646.png'
20:12.915  render           | Saved: '/tmp/clearvla_eval_opaque_74646.png'
20:13.253  render           | Saved: '/tmp/clearvla_eval_opaque_74646.png'
20:13.656  render           | Saved: '/tmp/clearvla_eval_opaque_74646.png'
20:13.987  render           | Saved: '/tmp/clearvla_eval_opaque_74646.png'
20:14.389  render           | Saved: '/tmp/clearvla_eval_opaque_74646.png'
20:14.723  render           | Saved: '/tmp/clearvla_eval_opaque_74646.png'
20:15.122  render           | Saved: '/tmp/clearvla_eval_opaque_74646.png'
20:15.455  render           | Saved: '/tmp/clearvla_eval_opaque_74646.png'
20:15.857  render           | Saved: '/tmp/clearvla_eval_opaque_74646.png'
20:16.196  render           | Saved: '/tmp/clearvla_eval_opaque_74646.png'
20:16.596  render           | Saved: '/tmp/clearvla_eval_opaque_74646.png'
20:16.924  render           | Saved: '/tmp/clearvla_eval_opaque_74646.png'
20:17.327  render           | Saved: '/tmp/clearvla_eval_opaque_74646.png'
20:17.664  render           | Saved: '/tmp/clearvla_eval_opaque_74646.png'
20:18.063  render           | Saved: '/tmp/clearvla_eval_opaque_74646.png'
20:18.395  render           | Saved: '/tmp/clearvla_eval_opaque_74646.png'
20:18.791  render           | Saved: '/tmp/clearvla_eval_opaque_74646.png'
20:19.121  render           | Saved: '/tmp/clearvla_eval_opaque_74646.png'
20:19.521  render           | Saved: '/tmp/clearvla_eval_opaque_74646.png'
20:19.858  render           | Saved: '/tmp/clearvla_eval_opaque_74646.png'
20:20.271  render           | Saved: '/tmp/clearvla_eval_opaque_74646.png'
20:20.616  render           | Saved: '/tmp/clearvla_eval_opaque_74646.png'
20:21.051  render           | Saved: '/tmp/clearvla_eval_opaque_74646.png'
20:21.402  render           | Saved: '/tmp/clearvla_eval_opaque_74646.png'
20:21.840  render           | Saved: '/tmp/clearvla_eval_opaque_74646.png'
20:22.191  render           | Saved: '/tmp/clearvla_eval_opaque_74646.png'
20:22.631  render           | Saved: '/tmp/clearvla_eval_opaque_74646.png'
20:22.984  render           | Saved: '/tmp/clearvla_eval_opaque_74646.png'
20:23.424  render           | Saved: '/tmp/clearvla_eval_opaque_74646.png'
20:23.787  render           | Saved: '/tmp/clearvla_eval_opaque_74646.png'
20:24.217  render           | Saved: '/tmp/clearvla_eval_opaque_74646.png'
20:24.587  render           | Saved: '/tmp/clearvla_eval_opaque_74646.png'
20:25.051  render           | Saved: '/tmp/clearvla_eval_opaque_74646.png'
20:25.443  render           | Saved: '/tmp/clearvla_eval_opaque_74646.png'
20:25.879  render           | Saved: '/tmp/clearvla_eval_opaque_74646.png'
20:26.234  render           | Saved: '/tmp/clearvla_eval_opaque_74646.png'
20:27.032  render           | Saved: '/tmp/clearvla_eval_opaque_74646.png'
20:27.398  render           | Saved: '/tmp/clearvla_eval_opaque_74646.png'
20:27.800  render           | Saved: '/tmp/clearvla_eval_opaque_74646.png'
20:28.153  render           | Saved: '/tmp/clearvla_eval_opaque_74646.png'
20:28.558  render           | Saved: '/tmp/clearvla_eval_opaque_74646.png'
20:28.907  render           | Saved: '/tmp/clearvla_eval_opaque_74646.png'
20:29.309  render           | Saved: '/tmp/clearvla_eval_opaque_74646.png'
20:29.649  render           | Saved: '/tmp/clearvla_eval_opaque_74646.png'
20:30.094  render           | Saved: '/tmp/clearvla_eval_opaque_74646.png'
20:30.441  render           | Saved: '/tmp/clearvla_eval_opaque_74646.png'
20:30.858  render           | Saved: '/tmp/clearvla_eval_opaque_74646.png'
20:31.188  render           | Saved: '/tmp/clearvla_eval_opaque_74646.png'
20:31.630  render           | Saved: '/tmp/clearvla_eval_opaque_74646.png'
20:31.960  render           | Saved: '/tmp/clearvla_eval_opaque_74646.png'
20:32.411  render           | Saved: '/tmp/clearvla_eval_opaque_74646.png'
20:32.754  render           | Saved: '/tmp/clearvla_eval_opaque_74646.png'
20:33.169  render           | Saved: '/tmp/clearvla_eval_opaque_74646.png'
20:33.510  render           | Saved: '/tmp/clearvla_eval_opaque_74646.png'
20:33.922  render           | Saved: '/tmp/clearvla_eval_opaque_74646.png'
20:34.262  render           | Saved: '/tmp/clearvla_eval_opaque_74646.png'
20:34.684  render           | Saved: '/tmp/clearvla_eval_opaque_74646.png'
20:35.026  render           | Saved: '/tmp/clearvla_eval_opaque_74646.png'
20:35.444  render           | Saved: '/tmp/clearvla_eval_opaque_74646.png'
20:35.767  render           | Saved: '/tmp/clearvla_eval_opaque_74646.png'
20:36.190  render           | Saved: '/tmp/clearvla_eval_opaque_74646.png'
20:36.514  render           | Saved: '/tmp/clearvla_eval_opaque_74646.png'
20:36.940  render           | Saved: '/tmp/clearvla_eval_opaque_74646.png'
20:37.264  render           | Saved: '/tmp/clearvla_eval_opaque_74646.png'
20:37.691  render           | Saved: '/tmp/clearvla_eval_opaque_74646.png'
20:38.015  render           | Saved: '/tmp/clearvla_eval_opaque_74646.png'
20:38.439  render           | Saved: '/tmp/clearvla_eval_opaque_74646.png'
20:38.766  render           | Saved: '/tmp/clearvla_eval_opaque_74646.png'
20:39.173  render           | Saved: '/tmp/clearvla_eval_opaque_74646.png'
20:39.512  render           | Saved: '/tmp/clearvla_eval_opaque_74646.png'
20:39.924  render           | Saved: '/tmp/clearvla_eval_opaque_74646.png'
20:40.248  render           | Saved: '/tmp/clearvla_eval_opaque_74646.png'
20:40.641  render           | Saved: '/tmp/clearvla_eval_opaque_74646.png'
20:40.964  render           | Saved: '/tmp/clearvla_eval_opaque_74646.png'
20:41.357  render           | Saved: '/tmp/clearvla_eval_opaque_74646.png'
20:41.680  render           | Saved: '/tmp/clearvla_eval_opaque_74646.png'
20:42.084  render           | Saved: '/tmp/clearvla_eval_opaque_74646.png'
20:42.410  render           | Saved: '/tmp/clearvla_eval_opaque_74646.png'
20:42.805  render           | Saved: '/tmp/clearvla_eval_opaque_74646.png'
20:43.131  render           | Saved: '/tmp/clearvla_eval_opaque_74646.png'
20:43.529  render           | Saved: '/tmp/clearvla_eval_opaque_74646.png'
20:43.856  render           | Saved: '/tmp/clearvla_eval_opaque_74646.png'
20:44.255  render           | Saved: '/tmp/clearvla_eval_opaque_74646.png'
20:44.579  render           | Saved: '/tmp/clearvla_eval_opaque_74646.png'
20:44.976  render           | Saved: '/tmp/clearvla_eval_opaque_74646.png'
20:45.303  render           | Saved: '/tmp/clearvla_eval_opaque_74646.png'
20:45.700  render           | Saved: '/tmp/clearvla_eval_opaque_74646.png'
20:46.031  render           | Saved: '/tmp/clearvla_eval_opaque_74646.png'
20:46.430  render           | Saved: '/tmp/clearvla_eval_opaque_74646.png'
20:46.765  render           | Saved: '/tmp/clearvla_eval_opaque_74646.png'
20:47.165  render           | Saved: '/tmp/clearvla_eval_opaque_74646.png'
20:47.494  render           | Saved: '/tmp/clearvla_eval_opaque_74646.png'
20:47.905  render           | Saved: '/tmp/clearvla_eval_opaque_74646.png'
20:48.249  render           | Saved: '/tmp/clearvla_eval_opaque_74646.png'
20:48.659  render           | Saved: '/tmp/clearvla_eval_opaque_74646.png'
20:48.995  render           | Saved: '/tmp/clearvla_eval_opaque_74646.png'
20:49.400  render           | Saved: '/tmp/clearvla_eval_opaque_74646.png'
20:49.746  render           | Saved: '/tmp/clearvla_eval_opaque_74646.png'
20:50.174  render           | Saved: '/tmp/clearvla_eval_opaque_74646.png'
20:50.528  render           | Saved: '/tmp/clearvla_eval_opaque_74646.png'
20:50.956  render           | Saved: '/tmp/clearvla_eval_opaque_74646.png'
20:51.318  render           | Saved: '/tmp/clearvla_eval_opaque_74646.png'
20:51.750  render           | Saved: '/tmp/clearvla_eval_opaque_74646.png'
20:52.117  render           | Saved: '/tmp/clearvla_eval_opaque_74646.png'
20:52.548  render           | Saved: '/tmp/clearvla_eval_opaque_74646.png'
20:52.904  render           | Saved: '/tmp/clearvla_eval_opaque_74646.png'
20:53.336  render           | Saved: '/tmp/clearvla_eval_opaque_74646.png'
20:53.697  render           | Saved: '/tmp/clearvla_eval_opaque_74646.png'
20:54.131  render           | Saved: '/tmp/clearvla_eval_opaque_74646.png'
20:54.489  render           | Saved: '/tmp/clearvla_eval_opaque_74646.png'
20:54.931  render           | Saved: '/tmp/clearvla_eval_opaque_74646.png'
20:55.294  render           | Saved: '/tmp/clearvla_eval_opaque_74646.png'
20:56.137  render           | Saved: '/tmp/clearvla_eval_opaque_74646.png'
20:56.510  render           | Saved: '/tmp/clearvla_eval_opaque_74646.png'
20:56.933  render           | Saved: '/tmp/clearvla_eval_opaque_74646.png'
20:57.283  render           | Saved: '/tmp/clearvla_eval_opaque_74646.png'
20:57.691  render           | Saved: '/tmp/clearvla_eval_opaque_74646.png'
20:58.031  render           | Saved: '/tmp/clearvla_eval_opaque_74646.png'
20:58.456  render           | Saved: '/tmp/clearvla_eval_opaque_74646.png'
20:58.789  render           | Saved: '/tmp/clearvla_eval_opaque_74646.png'
20:59.232  render           | Saved: '/tmp/clearvla_eval_opaque_74646.png'
20:59.559  render           | Saved: '/tmp/clearvla_eval_opaque_74646.png'
21:00.025  render           | Saved: '/tmp/clearvla_eval_opaque_74646.png'
21:00.350  render           | Saved: '/tmp/clearvla_eval_opaque_74646.png'
21:00.810  render           | Saved: '/tmp/clearvla_eval_opaque_74646.png'
21:01.144  render           | Saved: '/tmp/clearvla_eval_opaque_74646.png'
21:01.581  render           | Saved: '/tmp/clearvla_eval_opaque_74646.png'
21:01.903  render           | Saved: '/tmp/clearvla_eval_opaque_74646.png'
21:02.330  render           | Saved: '/tmp/clearvla_eval_opaque_74646.png'
21:02.656  render           | Saved: '/tmp/clearvla_eval_opaque_74646.png'
21:03.076  render           | Saved: '/tmp/clearvla_eval_opaque_74646.png'
21:03.400  render           | Saved: '/tmp/clearvla_eval_opaque_74646.png'
21:03.847  render           | Saved: '/tmp/clearvla_eval_opaque_74646.png'
21:04.173  render           | Saved: '/tmp/clearvla_eval_opaque_74646.png'
21:04.638  render           | Saved: '/tmp/clearvla_eval_opaque_74646.png'
21:04.965  render           | Saved: '/tmp/clearvla_eval_opaque_74646.png'
21:05.428  render           | Saved: '/tmp/clearvla_eval_opaque_74646.png'
21:05.748  render           | Saved: '/tmp/clearvla_eval_opaque_74646.png'
21:06.171  render           | Saved: '/tmp/clearvla_eval_opaque_74646.png'
21:06.496  render           | Saved: '/tmp/clearvla_eval_opaque_74646.png'
21:06.918  render           | Saved: '/tmp/clearvla_eval_opaque_74646.png'
21:07.240  render           | Saved: '/tmp/clearvla_eval_opaque_74646.png'
21:07.662  render           | Saved: '/tmp/clearvla_eval_opaque_74646.png'
21:07.988  render           | Saved: '/tmp/clearvla_eval_opaque_74646.png'
21:08.399  render           | Saved: '/tmp/clearvla_eval_opaque_74646.png'
21:08.732  render           | Saved: '/tmp/clearvla_eval_opaque_74646.png'
21:09.124  render           | Saved: '/tmp/clearvla_eval_opaque_74646.png'
21:09.462  render           | Saved: '/tmp/clearvla_eval_opaque_74646.png'
21:09.882  render           | Saved: '/tmp/clearvla_eval_opaque_74646.png'
21:10.222  render           | Saved: '/tmp/clearvla_eval_opaque_74646.png'
21:10.619  render           | Saved: '/tmp/clearvla_eval_opaque_74646.png'
21:10.953  render           | Saved: '/tmp/clearvla_eval_opaque_74646.png'
21:11.370  render           | Saved: '/tmp/clearvla_eval_opaque_74646.png'
21:11.707  render           | Saved: '/tmp/clearvla_eval_opaque_74646.png'
21:12.121  render           | Saved: '/tmp/clearvla_eval_opaque_74646.png'
21:12.457  render           | Saved: '/tmp/clearvla_eval_opaque_74646.png'
21:12.859  render           | Saved: '/tmp/clearvla_eval_opaque_74646.png'
21:13.203  render           | Saved: '/tmp/clearvla_eval_opaque_74646.png'
21:13.613  render           | Saved: '/tmp/clearvla_eval_opaque_74646.png'
21:13.951  render           | Saved: '/tmp/clearvla_eval_opaque_74646.png'
21:14.365  render           | Saved: '/tmp/clearvla_eval_opaque_74646.png'
21:14.701  render           | Saved: '/tmp/clearvla_eval_opaque_74646.png'
21:15.118  render           | Saved: '/tmp/clearvla_eval_opaque_74646.png'
21:15.457  render           | Saved: '/tmp/clearvla_eval_opaque_74646.png'
21:15.860  render           | Saved: '/tmp/clearvla_eval_opaque_74646.png'
21:16.197  render           | Saved: '/tmp/clearvla_eval_opaque_74646.png'
21:16.612  render           | Saved: '/tmp/clearvla_eval_opaque_74646.png'
21:16.952  render           | Saved: '/tmp/clearvla_eval_opaque_74646.png'
21:17.363  render           | Saved: '/tmp/clearvla_eval_opaque_74646.png'
21:17.701  render           | Saved: '/tmp/clearvla_eval_opaque_74646.png'
21:18.107  render           | Saved: '/tmp/clearvla_eval_opaque_74646.png'
21:18.444  render           | Saved: '/tmp/clearvla_eval_opaque_74646.png'
21:18.846  render           | Saved: '/tmp/clearvla_eval_opaque_74646.png'
21:19.186  render           | Saved: '/tmp/clearvla_eval_opaque_74646.png'
21:19.588  render           | Saved: '/tmp/clearvla_eval_opaque_74646.png'
21:19.913  render           | Saved: '/tmp/clearvla_eval_opaque_74646.png'
21:20.306  render           | Saved: '/tmp/clearvla_eval_opaque_74646.png'
21:20.633  render           | Saved: '/tmp/clearvla_eval_opaque_74646.png'
21:21.030  render           | Saved: '/tmp/clearvla_eval_opaque_74646.png'
21:21.372  render           | Saved: '/tmp/clearvla_eval_opaque_74646.png'
21:21.785  render           | Saved: '/tmp/clearvla_eval_opaque_74646.png'
21:22.125  render           | Saved: '/tmp/clearvla_eval_opaque_74646.png'
21:22.546  render           | Saved: '/tmp/clearvla_eval_opaque_74646.png'
21:22.901  render           | Saved: '/tmp/clearvla_eval_opaque_74646.png'
21:23.334  render           | Saved: '/tmp/clearvla_eval_opaque_74646.png'
21:23.699  render           | Saved: '/tmp/clearvla_eval_opaque_74646.png'
21:24.127  render           | Saved: '/tmp/clearvla_eval_opaque_74646.png'
21:24.488  render           | Saved: '/tmp/clearvla_eval_opaque_74646.png'
21:25.301  render           | Saved: '/tmp/clearvla_eval_opaque_74646.png'
21:25.664  render           | Saved: '/tmp/clearvla_eval_opaque_74646.png'
21:26.068  render           | Saved: '/tmp/clearvla_eval_opaque_74646.png'
21:26.424  render           | Saved: '/tmp/clearvla_eval_opaque_74646.png'
21:26.827  render           | Saved: '/tmp/clearvla_eval_opaque_74646.png'
21:27.187  render           | Saved: '/tmp/clearvla_eval_opaque_74646.png'
21:27.583  render           | Saved: '/tmp/clearvla_eval_opaque_74646.png'
21:27.937  render           | Saved: '/tmp/clearvla_eval_opaque_74646.png'
21:28.333  render           | Saved: '/tmp/clearvla_eval_opaque_74646.png'
21:28.678  render           | Saved: '/tmp/clearvla_eval_opaque_74646.png'
21:29.095  render           | Saved: '/tmp/clearvla_eval_opaque_74646.png'
21:29.426  render           | Saved: '/tmp/clearvla_eval_opaque_74646.png'
21:29.878  render           | Saved: '/tmp/clearvla_eval_opaque_74646.png'
21:30.207  render           | Saved: '/tmp/clearvla_eval_opaque_74646.png'
21:30.654  render           | Saved: '/tmp/clearvla_eval_opaque_74646.png'
21:30.980  render           | Saved: '/tmp/clearvla_eval_opaque_74646.png'
21:31.432  render           | Saved: '/tmp/clearvla_eval_opaque_74646.png'
21:31.759  render           | Saved: '/tmp/clearvla_eval_opaque_74646.png'
21:32.214  render           | Saved: '/tmp/clearvla_eval_opaque_74646.png'
21:32.537  render           | Saved: '/tmp/clearvla_eval_opaque_74646.png'
21:32.986  render           | Saved: '/tmp/clearvla_eval_opaque_74646.png'
21:33.326  render           | Saved: '/tmp/clearvla_eval_opaque_74646.png'
21:33.743  render           | Saved: '/tmp/clearvla_eval_opaque_74646.png'
21:34.085  render           | Saved: '/tmp/clearvla_eval_opaque_74646.png'
21:34.506  render           | Saved: '/tmp/clearvla_eval_opaque_74646.png'
21:34.836  render           | Saved: '/tmp/clearvla_eval_opaque_74646.png'
21:35.272  render           | Saved: '/tmp/clearvla_eval_opaque_74646.png'
21:35.613  render           | Saved: '/tmp/clearvla_eval_opaque_74646.png'
21:36.030  render           | Saved: '/tmp/clearvla_eval_opaque_74646.png'
21:36.358  render           | Saved: '/tmp/clearvla_eval_opaque_74646.png'
21:36.811  render           | Saved: '/tmp/clearvla_eval_opaque_74646.png'
21:37.137  render           | Saved: '/tmp/clearvla_eval_opaque_74646.png'
21:37.531  render           | Saved: '/tmp/clearvla_eval_opaque_74646.png'
21:37.856  render           | Saved: '/tmp/clearvla_eval_opaque_74646.png'
21:38.247  render           | Saved: '/tmp/clearvla_eval_opaque_74646.png'
21:38.570  render           | Saved: '/tmp/clearvla_eval_opaque_74646.png'
21:38.966  render           | Saved: '/tmp/clearvla_eval_opaque_74646.png'
21:39.291  render           | Saved: '/tmp/clearvla_eval_opaque_74646.png'
21:39.681  render           | Saved: '/tmp/clearvla_eval_opaque_74646.png'
21:40.004  render           | Saved: '/tmp/clearvla_eval_opaque_74646.png'
21:40.398  render           | Saved: '/tmp/clearvla_eval_opaque_74646.png'
21:40.723  render           | Saved: '/tmp/clearvla_eval_opaque_74646.png'
21:41.112  render           | Saved: '/tmp/clearvla_eval_opaque_74646.png'
21:41.434  render           | Saved: '/tmp/clearvla_eval_opaque_74646.png'
21:41.824  render           | Saved: '/tmp/clearvla_eval_opaque_74646.png'
21:42.144  render           | Saved: '/tmp/clearvla_eval_opaque_74646.png'
21:42.533  render           | Saved: '/tmp/clearvla_eval_opaque_74646.png'
21:42.861  render           | Saved: '/tmp/clearvla_eval_opaque_74646.png'
21:43.257  render           | Saved: '/tmp/clearvla_eval_opaque_74646.png'
21:43.581  render           | Saved: '/tmp/clearvla_eval_opaque_74646.png'
21:43.972  render           | Saved: '/tmp/clearvla_eval_opaque_74646.png'
21:44.296  render           | Saved: '/tmp/clearvla_eval_opaque_74646.png'
21:44.684  render           | Saved: '/tmp/clearvla_eval_opaque_74646.png'
21:45.010  render           | Saved: '/tmp/clearvla_eval_opaque_74646.png'
21:45.402  render           | Saved: '/tmp/clearvla_eval_opaque_74646.png'
21:45.730  render           | Saved: '/tmp/clearvla_eval_opaque_74646.png'
21:46.121  render           | Saved: '/tmp/clearvla_eval_opaque_74646.png'
21:46.448  render           | Saved: '/tmp/clearvla_eval_opaque_74646.png'
21:46.841  render           | Saved: '/tmp/clearvla_eval_opaque_74646.png'
21:47.163  render           | Saved: '/tmp/clearvla_eval_opaque_74646.png'
21:47.553  render           | Saved: '/tmp/clearvla_eval_opaque_74646.png'
21:47.876  render           | Saved: '/tmp/clearvla_eval_opaque_74646.png'
21:48.264  render           | Saved: '/tmp/clearvla_eval_opaque_74646.png'
21:48.585  render           | Saved: '/tmp/clearvla_eval_opaque_74646.png'
21:48.973  render           | Saved: '/tmp/clearvla_eval_opaque_74646.png'
21:49.296  render           | Saved: '/tmp/clearvla_eval_opaque_74646.png'
21:49.687  render           | Saved: '/tmp/clearvla_eval_opaque_74646.png'
21:50.008  render           | Saved: '/tmp/clearvla_eval_opaque_74646.png'
21:50.394  render           | Saved: '/tmp/clearvla_eval_opaque_74646.png'
21:50.722  render           | Saved: '/tmp/clearvla_eval_opaque_74646.png'
21:51.117  render           | Saved: '/tmp/clearvla_eval_opaque_74646.png'
21:51.443  render           | Saved: '/tmp/clearvla_eval_opaque_74646.png'
21:51.830  render           | Saved: '/tmp/clearvla_eval_opaque_74646.png'
21:52.155  render           | Saved: '/tmp/clearvla_eval_opaque_74646.png'
21:52.546  render           | Saved: '/tmp/clearvla_eval_opaque_74646.png'
21:52.875  render           | Saved: '/tmp/clearvla_eval_opaque_74646.png'
21:53.751  render           | Saved: '/tmp/clearvla_eval_opaque_74646.png'
21:54.069  render           | Saved: '/tmp/clearvla_eval_opaque_74646.png'
21:54.531  render           | Saved: '/tmp/clearvla_eval_opaque_74646.png'
21:54.859  render           | Saved: '/tmp/clearvla_eval_opaque_74646.png'
21:55.301  render           | Saved: '/tmp/clearvla_eval_opaque_74646.png'
21:55.630  render           | Saved: '/tmp/clearvla_eval_opaque_74646.png'
21:56.056  render           | Saved: '/tmp/clearvla_eval_opaque_74646.png'
21:56.383  render           | Saved: '/tmp/clearvla_eval_opaque_74646.png'
21:56.810  render           | Saved: '/tmp/clearvla_eval_opaque_74646.png'
21:57.138  render           | Saved: '/tmp/clearvla_eval_opaque_74646.png'
21:57.574  render           | Saved: '/tmp/clearvla_eval_opaque_74646.png'
21:57.898  render           | Saved: '/tmp/clearvla_eval_opaque_74646.png'
21:58.322  render           | Saved: '/tmp/clearvla_eval_opaque_74646.png'
21:58.646  render           | Saved: '/tmp/clearvla_eval_opaque_74646.png'
21:59.077  render           | Saved: '/tmp/clearvla_eval_opaque_74646.png'
21:59.408  render           | Saved: '/tmp/clearvla_eval_opaque_74646.png'
21:59.838  render           | Saved: '/tmp/clearvla_eval_opaque_74646.png'
22:00.159  render           | Saved: '/tmp/clearvla_eval_opaque_74646.png'
22:00.602  render           | Saved: '/tmp/clearvla_eval_opaque_74646.png'
22:00.930  render           | Saved: '/tmp/clearvla_eval_opaque_74646.png'
22:01.397  render           | Saved: '/tmp/clearvla_eval_opaque_74646.png'
22:01.731  render           | Saved: '/tmp/clearvla_eval_opaque_74646.png'
22:02.185  render           | Saved: '/tmp/clearvla_eval_opaque_74646.png'
22:02.530  render           | Saved: '/tmp/clearvla_eval_opaque_74646.png'
22:02.948  render           | Saved: '/tmp/clearvla_eval_opaque_74646.png'
22:03.278  render           | Saved: '/tmp/clearvla_eval_opaque_74646.png'
22:03.728  render           | Saved: '/tmp/clearvla_eval_opaque_74646.png'
22:04.051  render           | Saved: '/tmp/clearvla_eval_opaque_74646.png'
22:04.476  render           | Saved: '/tmp/clearvla_eval_opaque_74646.png'
22:04.797  render           | Saved: '/tmp/clearvla_eval_opaque_74646.png'
22:05.236  render           | Saved: '/tmp/clearvla_eval_opaque_74646.png'
22:05.566  render           | Saved: '/tmp/clearvla_eval_opaque_74646.png'
22:05.979  render           | Saved: '/tmp/clearvla_eval_opaque_74646.png'
22:06.305  render           | Saved: '/tmp/clearvla_eval_opaque_74646.png'
22:06.704  render           | Saved: '/tmp/clearvla_eval_opaque_74646.png'
22:07.030  render           | Saved: '/tmp/clearvla_eval_opaque_74646.png'
22:07.425  render           | Saved: '/tmp/clearvla_eval_opaque_74646.png'
22:07.754  render           | Saved: '/tmp/clearvla_eval_opaque_74646.png'
22:08.153  render           | Saved: '/tmp/clearvla_eval_opaque_74646.png'
22:08.488  render           | Saved: '/tmp/clearvla_eval_opaque_74646.png'
22:08.881  render           | Saved: '/tmp/clearvla_eval_opaque_74646.png'
22:09.211  render           | Saved: '/tmp/clearvla_eval_opaque_74646.png'
22:09.612  render           | Saved: '/tmp/clearvla_eval_opaque_74646.png'
22:09.934  render           | Saved: '/tmp/clearvla_eval_opaque_74646.png'
22:10.327  render           | Saved: '/tmp/clearvla_eval_opaque_74646.png'
22:10.651  render           | Saved: '/tmp/clearvla_eval_opaque_74646.png'
22:11.045  render           | Saved: '/tmp/clearvla_eval_opaque_74646.png'
22:11.372  render           | Saved: '/tmp/clearvla_eval_opaque_74646.png'
22:11.765  render           | Saved: '/tmp/clearvla_eval_opaque_74646.png'
22:12.091  render           | Saved: '/tmp/clearvla_eval_opaque_74646.png'
22:12.482  render           | Saved: '/tmp/clearvla_eval_opaque_74646.png'
22:12.804  render           | Saved: '/tmp/clearvla_eval_opaque_74646.png'
22:13.196  render           | Saved: '/tmp/clearvla_eval_opaque_74646.png'
22:13.519  render           | Saved: '/tmp/clearvla_eval_opaque_74646.png'
22:13.909  render           | Saved: '/tmp/clearvla_eval_opaque_74646.png'
22:14.233  render           | Saved: '/tmp/clearvla_eval_opaque_74646.png'
22:14.625  render           | Saved: '/tmp/clearvla_eval_opaque_74646.png'
22:14.951  render           | Saved: '/tmp/clearvla_eval_opaque_74646.png'
22:15.345  render           | Saved: '/tmp/clearvla_eval_opaque_74646.png'
22:15.671  render           | Saved: '/tmp/clearvla_eval_opaque_74646.png'
22:16.064  render           | Saved: '/tmp/clearvla_eval_opaque_74646.png'
22:16.397  render           | Saved: '/tmp/clearvla_eval_opaque_74646.png'
22:16.791  render           | Saved: '/tmp/clearvla_eval_opaque_74646.png'
22:17.119  render           | Saved: '/tmp/clearvla_eval_opaque_74646.png'
22:17.514  render           | Saved: '/tmp/clearvla_eval_opaque_74646.png'
22:17.841  render           | Saved: '/tmp/clearvla_eval_opaque_74646.png'
22:18.233  render           | Saved: '/tmp/clearvla_eval_opaque_74646.png'
22:18.559  render           | Saved: '/tmp/clearvla_eval_opaque_74646.png'
22:18.953  render           | Saved: '/tmp/clearvla_eval_opaque_74646.png'
22:19.278  render           | Saved: '/tmp/clearvla_eval_opaque_74646.png'
22:19.673  render           | Saved: '/tmp/clearvla_eval_opaque_74646.png'
22:20.001  render           | Saved: '/tmp/clearvla_eval_opaque_74646.png'
22:20.394  render           | Saved: '/tmp/clearvla_eval_opaque_74646.png'
22:20.723  render           | Saved: '/tmp/clearvla_eval_opaque_74646.png'
22:21.117  render           | Saved: '/tmp/clearvla_eval_opaque_74646.png'
22:21.441  render           | Saved: '/tmp/clearvla_eval_opaque_74646.png'
22:22.296  render           | Saved: '/tmp/clearvla_eval_opaque_74646.png'
22:22.627  render           | Saved: '/tmp/clearvla_eval_opaque_74646.png'
22:23.061  render           | Saved: '/tmp/clearvla_eval_opaque_74646.png'
22:23.405  render           | Saved: '/tmp/clearvla_eval_opaque_74646.png'
22:23.826  render           | Saved: '/tmp/clearvla_eval_opaque_74646.png'
22:24.157  render           | Saved: '/tmp/clearvla_eval_opaque_74646.png'
22:24.616  render           | Saved: '/tmp/clearvla_eval_opaque_74646.png'
22:24.944  render           | Saved: '/tmp/clearvla_eval_opaque_74646.png'
22:25.390  render           | Saved: '/tmp/clearvla_eval_opaque_74646.png'
22:25.737  render           | Saved: '/tmp/clearvla_eval_opaque_74646.png'
22:26.153  render           | Saved: '/tmp/clearvla_eval_opaque_74646.png'
22:26.484  render           | Saved: '/tmp/clearvla_eval_opaque_74646.png'
22:26.937  render           | Saved: '/tmp/clearvla_eval_opaque_74646.png'
22:27.283  render           | Saved: '/tmp/clearvla_eval_opaque_74646.png'
22:27.692  render           | Saved: '/tmp/clearvla_eval_opaque_74646.png'
22:28.034  render           | Saved: '/tmp/clearvla_eval_opaque_74646.png'
22:28.459  render           | Saved: '/tmp/clearvla_eval_opaque_74646.png'
22:28.793  render           | Saved: '/tmp/clearvla_eval_opaque_74646.png'
22:29.243  render           | Saved: '/tmp/clearvla_eval_opaque_74646.png'
22:29.584  render           | Saved: '/tmp/clearvla_eval_opaque_74646.png'
22:30.005  render           | Saved: '/tmp/clearvla_eval_opaque_74646.png'
22:30.342  render           | Saved: '/tmp/clearvla_eval_opaque_74646.png'
22:30.762  render           | Saved: '/tmp/clearvla_eval_opaque_74646.png'
22:31.100  render           | Saved: '/tmp/clearvla_eval_opaque_74646.png'
22:31.529  render           | Saved: '/tmp/clearvla_eval_opaque_74646.png'
22:31.870  render           | Saved: '/tmp/clearvla_eval_opaque_74646.png'
22:32.294  render           | Saved: '/tmp/clearvla_eval_opaque_74646.png'
22:32.629  render           | Saved: '/tmp/clearvla_eval_opaque_74646.png'
22:33.079  render           | Saved: '/tmp/clearvla_eval_opaque_74646.png'
22:33.408  render           | Saved: '/tmp/clearvla_eval_opaque_74646.png'
22:33.868  render           | Saved: '/tmp/clearvla_eval_opaque_74646.png'
22:34.195  render           | Saved: '/tmp/clearvla_eval_opaque_74646.png'
22:34.596  render           | Saved: '/tmp/clearvla_eval_opaque_74646.png'
22:34.917  render           | Saved: '/tmp/clearvla_eval_opaque_74646.png'
22:35.307  render           | Saved: '/tmp/clearvla_eval_opaque_74646.png'
22:35.643  render           | Saved: '/tmp/clearvla_eval_opaque_74646.png'
22:36.050  render           | Saved: '/tmp/clearvla_eval_opaque_74646.png'
22:36.381  render           | Saved: '/tmp/clearvla_eval_opaque_74646.png'
22:36.776  render           | Saved: '/tmp/clearvla_eval_opaque_74646.png'
22:37.104  render           | Saved: '/tmp/clearvla_eval_opaque_74646.png'
22:37.500  render           | Saved: '/tmp/clearvla_eval_opaque_74646.png'
22:37.830  render           | Saved: '/tmp/clearvla_eval_opaque_74646.png'
22:38.232  render           | Saved: '/tmp/clearvla_eval_opaque_74646.png'
22:38.553  render           | Saved: '/tmp/clearvla_eval_opaque_74646.png'
22:38.944  render           | Saved: '/tmp/clearvla_eval_opaque_74646.png'
22:39.269  render           | Saved: '/tmp/clearvla_eval_opaque_74646.png'
22:39.667  render           | Saved: '/tmp/clearvla_eval_opaque_74646.png'
22:39.994  render           | Saved: '/tmp/clearvla_eval_opaque_74646.png'
22:40.384  render           | Saved: '/tmp/clearvla_eval_opaque_74646.png'
22:40.708  render           | Saved: '/tmp/clearvla_eval_opaque_74646.png'
22:41.102  render           | Saved: '/tmp/clearvla_eval_opaque_74646.png'
22:41.426  render           | Saved: '/tmp/clearvla_eval_opaque_74646.png'
22:41.824  render           | Saved: '/tmp/clearvla_eval_opaque_74646.png'
22:42.149  render           | Saved: '/tmp/clearvla_eval_opaque_74646.png'
22:42.540  render           | Saved: '/tmp/clearvla_eval_opaque_74646.png'
22:42.872  render           | Saved: '/tmp/clearvla_eval_opaque_74646.png'
22:43.266  render           | Saved: '/tmp/clearvla_eval_opaque_74646.png'
22:43.595  render           | Saved: '/tmp/clearvla_eval_opaque_74646.png'
22:44.000  render           | Saved: '/tmp/clearvla_eval_opaque_74646.png'
22:44.341  render           | Saved: '/tmp/clearvla_eval_opaque_74646.png'
22:44.749  render           | Saved: '/tmp/clearvla_eval_opaque_74646.png'
22:45.092  render           | Saved: '/tmp/clearvla_eval_opaque_74646.png'
22:45.497  render           | Saved: '/tmp/clearvla_eval_opaque_74646.png'
22:45.830  render           | Saved: '/tmp/clearvla_eval_opaque_74646.png'
22:46.243  render           | Saved: '/tmp/clearvla_eval_opaque_74646.png'
22:46.582  render           | Saved: '/tmp/clearvla_eval_opaque_74646.png'
22:46.987  render           | Saved: '/tmp/clearvla_eval_opaque_74646.png'
22:47.328  render           | Saved: '/tmp/clearvla_eval_opaque_74646.png'
22:47.737  render           | Saved: '/tmp/clearvla_eval_opaque_74646.png'
22:48.075  render           | Saved: '/tmp/clearvla_eval_opaque_74646.png'
22:48.483  render           | Saved: '/tmp/clearvla_eval_opaque_74646.png'
22:48.820  render           | Saved: '/tmp/clearvla_eval_opaque_74646.png'
22:49.240  render           | Saved: '/tmp/clearvla_eval_opaque_74646.png'
22:49.578  render           | Saved: '/tmp/clearvla_eval_opaque_74646.png'
22:50.008  render           | Saved: '/tmp/clearvla_eval_opaque_74646.png'
22:50.361  render           | Saved: '/tmp/clearvla_eval_opaque_74646.png'
22:51.177  render           | Saved: '/tmp/clearvla_eval_opaque_74646.png'
22:51.537  render           | Saved: '/tmp/clearvla_eval_opaque_74646.png'
22:51.936  render           | Saved: '/tmp/clearvla_eval_opaque_74646.png'
22:52.272  render           | Saved: '/tmp/clearvla_eval_opaque_74646.png'
22:52.698  render           | Saved: '/tmp/clearvla_eval_opaque_74646.png'
22:53.041  render           | Saved: '/tmp/clearvla_eval_opaque_74646.png'
22:53.490  render           | Saved: '/tmp/clearvla_eval_opaque_74646.png'
22:53.815  render           | Saved: '/tmp/clearvla_eval_opaque_74646.png'
22:54.262  render           | Saved: '/tmp/clearvla_eval_opaque_74646.png'
22:54.588  render           | Saved: '/tmp/clearvla_eval_opaque_74646.png'
22:55.011  render           | Saved: '/tmp/clearvla_eval_opaque_74646.png'
22:55.336  render           | Saved: '/tmp/clearvla_eval_opaque_74646.png'
22:55.757  render           | Saved: '/tmp/clearvla_eval_opaque_74646.png'
22:56.084  render           | Saved: '/tmp/clearvla_eval_opaque_74646.png'
22:56.508  render           | Saved: '/tmp/clearvla_eval_opaque_74646.png'
22:56.838  render           | Saved: '/tmp/clearvla_eval_opaque_74646.png'
22:57.268  render           | Saved: '/tmp/clearvla_eval_opaque_74646.png'
22:57.597  render           | Saved: '/tmp/clearvla_eval_opaque_74646.png'
22:58.008  render           | Saved: '/tmp/clearvla_eval_opaque_74646.png'
22:58.341  render           | Saved: '/tmp/clearvla_eval_opaque_74646.png'
22:58.760  render           | Saved: '/tmp/clearvla_eval_opaque_74646.png'
22:59.091  render           | Saved: '/tmp/clearvla_eval_opaque_74646.png'
22:59.518  render           | Saved: '/tmp/clearvla_eval_opaque_74646.png'
22:59.839  render           | Saved: '/tmp/clearvla_eval_opaque_74646.png'
23:00.259  render           | Saved: '/tmp/clearvla_eval_opaque_74646.png'
23:00.579  render           | Saved: '/tmp/clearvla_eval_opaque_74646.png'
23:01.005  render           | Saved: '/tmp/clearvla_eval_opaque_74646.png'
23:01.331  render           | Saved: '/tmp/clearvla_eval_opaque_74646.png'
23:01.751  render           | Saved: '/tmp/clearvla_eval_opaque_74646.png'
23:02.080  render           | Saved: '/tmp/clearvla_eval_opaque_74646.png'
23:02.516  render           | Saved: '/tmp/clearvla_eval_opaque_74646.png'
23:02.852  render           | Saved: '/tmp/clearvla_eval_opaque_74646.png'
23:03.274  render           | Saved: '/tmp/clearvla_eval_opaque_74646.png'
23:03.629  render           | Saved: '/tmp/clearvla_eval_opaque_74646.png'
23:04.074  render           | Saved: '/tmp/clearvla_eval_opaque_74646.png'
23:04.634  render           | Saved: '/tmp/clearvla_eval_opaque_74646.png'
23:05.094  render           | Saved: '/tmp/clearvla_eval_opaque_74646.png'
23:05.751  render           | Saved: '/tmp/clearvla_eval_opaque_74646.png'
23:06.196  render           | Saved: '/tmp/clearvla_eval_opaque_74646.png'
23:06.609  render           | Saved: '/tmp/clearvla_eval_opaque_74646.png'
23:07.023  render           | Saved: '/tmp/clearvla_eval_opaque_74646.png'
23:07.372  render           | Saved: '/tmp/clearvla_eval_opaque_74646.png'
23:07.793  render           | Saved: '/tmp/clearvla_eval_opaque_74646.png'
23:08.147  render           | Saved: '/tmp/clearvla_eval_opaque_74646.png'
23:08.551  render           | Saved: '/tmp/clearvla_eval_opaque_74646.png'
23:08.931  render           | Saved: '/tmp/clearvla_eval_opaque_74646.png'
23:09.360  render           | Saved: '/tmp/clearvla_eval_opaque_74646.png'
23:09.710  render           | Saved: '/tmp/clearvla_eval_opaque_74646.png'
23:10.110  render           | Saved: '/tmp/clearvla_eval_opaque_74646.png'
23:10.505  render           | Saved: '/tmp/clearvla_eval_opaque_74646.png'
23:10.905  render           | Saved: '/tmp/clearvla_eval_opaque_74646.png'
23:11.300  render           | Saved: '/tmp/clearvla_eval_opaque_74646.png'
23:11.685  render           | Saved: '/tmp/clearvla_eval_opaque_74646.png'
23:12.064  render           | Saved: '/tmp/clearvla_eval_opaque_74646.png'
23:12.466  render           | Saved: '/tmp/clearvla_eval_opaque_74646.png'
23:12.797  render           | Saved: '/tmp/clearvla_eval_opaque_74646.png'
23:13.225  render           | Saved: '/tmp/clearvla_eval_opaque_74646.png'
23:13.545  render           | Saved: '/tmp/clearvla_eval_opaque_74646.png'
23:13.980  render           | Saved: '/tmp/clearvla_eval_opaque_74646.png'
23:14.310  render           | Saved: '/tmp/clearvla_eval_opaque_74646.png'
23:14.749  render           | Saved: '/tmp/clearvla_eval_opaque_74646.png'
23:15.079  render           | Saved: '/tmp/clearvla_eval_opaque_74646.png'
23:15.504  render           | Saved: '/tmp/clearvla_eval_opaque_74646.png'
23:15.830  render           | Saved: '/tmp/clearvla_eval_opaque_74646.png'
23:16.248  render           | Saved: '/tmp/clearvla_eval_opaque_74646.png'
23:16.584  render           | Saved: '/tmp/clearvla_eval_opaque_74646.png'
23:17.023  render           | Saved: '/tmp/clearvla_eval_opaque_74646.png'
23:17.347  render           | Saved: '/tmp/clearvla_eval_opaque_74646.png'
23:17.786  render           | Saved: '/tmp/clearvla_eval_opaque_74646.png'
23:18.111  render           | Saved: '/tmp/clearvla_eval_opaque_74646.png'
23:18.579  render           | Saved: '/tmp/clearvla_eval_opaque_74646.png'
23:18.901  render           | Saved: '/tmp/clearvla_eval_opaque_74646.png'
23:19.384  render           | Saved: '/tmp/clearvla_eval_opaque_74646.png'
23:19.763  render           | Saved: '/tmp/clearvla_eval_opaque_74646.png'
23:20.221  render           | Saved: '/tmp/clearvla_eval_opaque_74646.png'
23:20.591  render           | Saved: '/tmp/clearvla_eval_opaque_74646.png'
23:21.541  render           | Saved: '/tmp/clearvla_eval_opaque_74646.png'
23:21.864  render           | Saved: '/tmp/clearvla_eval_opaque_74646.png'
23:22.272  render           | Saved: '/tmp/clearvla_eval_opaque_74646.png'
23:22.610  render           | Saved: '/tmp/clearvla_eval_opaque_74646.png'
23:23.044  render           | Saved: '/tmp/clearvla_eval_opaque_74646.png'
23:23.414  render           | Saved: '/tmp/clearvla_eval_opaque_74646.png'
23:23.899  render           | Saved: '/tmp/clearvla_eval_opaque_74646.png'
23:24.296  render           | Saved: '/tmp/clearvla_eval_opaque_74646.png'
23:24.732  render           | Saved: '/tmp/clearvla_eval_opaque_74646.png'
23:25.132  render           | Saved: '/tmp/clearvla_eval_opaque_74646.png'
23:25.586  render           | Saved: '/tmp/clearvla_eval_opaque_74646.png'
23:25.971  render           | Saved: '/tmp/clearvla_eval_opaque_74646.png'
23:26.441  render           | Saved: '/tmp/clearvla_eval_opaque_74646.png'
23:26.809  render           | Saved: '/tmp/clearvla_eval_opaque_74646.png'
23:27.270  render           | Saved: '/tmp/clearvla_eval_opaque_74646.png'
23:27.634  render           | Saved: '/tmp/clearvla_eval_opaque_74646.png'
23:28.090  render           | Saved: '/tmp/clearvla_eval_opaque_74646.png'
23:28.485  render           | Saved: '/tmp/clearvla_eval_opaque_74646.png'
23:28.932  render           | Saved: '/tmp/clearvla_eval_opaque_74646.png'
23:29.315  render           | Saved: '/tmp/clearvla_eval_opaque_74646.png'
23:29.793  render           | Saved: '/tmp/clearvla_eval_opaque_74646.png'
23:30.137  render           | Saved: '/tmp/clearvla_eval_opaque_74646.png'
23:30.587  render           | Saved: '/tmp/clearvla_eval_opaque_74646.png'
23:30.969  render           | Saved: '/tmp/clearvla_eval_opaque_74646.png'
23:31.443  render           | Saved: '/tmp/clearvla_eval_opaque_74646.png'
23:31.818  render           | Saved: '/tmp/clearvla_eval_opaque_74646.png'
23:32.277  render           | Saved: '/tmp/clearvla_eval_opaque_74646.png'
23:32.667  render           | Saved: '/tmp/clearvla_eval_opaque_74646.png'
23:33.164  render           | Saved: '/tmp/clearvla_eval_opaque_74646.png'
23:33.557  render           | Saved: '/tmp/clearvla_eval_opaque_74646.png'
23:34.017  render           | Saved: '/tmp/clearvla_eval_opaque_74646.png'
23:34.367  render           | Saved: '/tmp/clearvla_eval_opaque_74646.png'
23:34.779  render           | Saved: '/tmp/clearvla_eval_opaque_74646.png'
23:35.129  render           | Saved: '/tmp/clearvla_eval_opaque_74646.png'
23:35.557  render           | Saved: '/tmp/clearvla_eval_opaque_74646.png'
23:35.906  render           | Saved: '/tmp/clearvla_eval_opaque_74646.png'
23:36.333  render           | Saved: '/tmp/clearvla_eval_opaque_74646.png'
23:36.683  render           | Saved: '/tmp/clearvla_eval_opaque_74646.png'
23:37.108  render           | Saved: '/tmp/clearvla_eval_opaque_74646.png'
23:37.454  render           | Saved: '/tmp/clearvla_eval_opaque_74646.png'
23:37.887  render           | Saved: '/tmp/clearvla_eval_opaque_74646.png'
23:38.226  render           | Saved: '/tmp/clearvla_eval_opaque_74646.png'
23:38.634  render           | Saved: '/tmp/clearvla_eval_opaque_74646.png'
23:38.966  render           | Saved: '/tmp/clearvla_eval_opaque_74646.png'
23:39.379  render           | Saved: '/tmp/clearvla_eval_opaque_74646.png'
23:39.724  render           | Saved: '/tmp/clearvla_eval_opaque_74646.png'
23:40.144  render           | Saved: '/tmp/clearvla_eval_opaque_74646.png'
23:40.493  render           | Saved: '/tmp/clearvla_eval_opaque_74646.png'
23:40.917  render           | Saved: '/tmp/clearvla_eval_opaque_74646.png'
23:41.260  render           | Saved: '/tmp/clearvla_eval_opaque_74646.png'
23:41.697  render           | Saved: '/tmp/clearvla_eval_opaque_74646.png'
23:42.044  render           | Saved: '/tmp/clearvla_eval_opaque_74646.png'
23:42.472  render           | Saved: '/tmp/clearvla_eval_opaque_74646.png'
23:42.806  render           | Saved: '/tmp/clearvla_eval_opaque_74646.png'
23:43.221  render           | Saved: '/tmp/clearvla_eval_opaque_74646.png'
23:43.563  render           | Saved: '/tmp/clearvla_eval_opaque_74646.png'
23:43.987  render           | Saved: '/tmp/clearvla_eval_opaque_74646.png'
23:44.311  render           | Saved: '/tmp/clearvla_eval_opaque_74646.png'
23:44.725  render           | Saved: '/tmp/clearvla_eval_opaque_74646.png'
23:45.054  render           | Saved: '/tmp/clearvla_eval_opaque_74646.png'
23:45.475  render           | Saved: '/tmp/clearvla_eval_opaque_74646.png'
23:45.812  render           | Saved: '/tmp/clearvla_eval_opaque_74646.png'
23:46.236  render           | Saved: '/tmp/clearvla_eval_opaque_74646.png'
23:46.576  render           | Saved: '/tmp/clearvla_eval_opaque_74646.png'
23:47.001  render           | Saved: '/tmp/clearvla_eval_opaque_74646.png'
23:47.343  render           | Saved: '/tmp/clearvla_eval_opaque_74646.png'
23:47.751  render           | Saved: '/tmp/clearvla_eval_opaque_74646.png'
23:48.093  render           | Saved: '/tmp/clearvla_eval_opaque_74646.png'
23:48.505  render           | Saved: '/tmp/clearvla_eval_opaque_74646.png'
23:48.834  render           | Saved: '/tmp/clearvla_eval_opaque_74646.png'
23:49.253  render           | Saved: '/tmp/clearvla_eval_opaque_74646.png'
23:49.602  render           | Saved: '/tmp/clearvla_eval_opaque_74646.png'
23:50.020  render           | Saved: '/tmp/clearvla_eval_opaque_74646.png'
23:50.355  render           | Saved: '/tmp/clearvla_eval_opaque_74646.png'
23:50.767  render           | Saved: '/tmp/clearvla_eval_opaque_74646.png'
23:51.099  render           | Saved: '/tmp/clearvla_eval_opaque_74646.png'
23:51.905  render           | Saved: '/tmp/clearvla_eval_opaque_74646.png'
23:52.231  render           | Saved: '/tmp/clearvla_eval_opaque_74646.png'
23:52.630  render           | Saved: '/tmp/clearvla_eval_opaque_74646.png'
23:52.958  render           | Saved: '/tmp/clearvla_eval_opaque_74646.png'
23:53.344  render           | Saved: '/tmp/clearvla_eval_opaque_74646.png'
23:53.690  render           | Saved: '/tmp/clearvla_eval_opaque_74646.png'
23:54.082  render           | Saved: '/tmp/clearvla_eval_opaque_74646.png'
23:54.433  render           | Saved: '/tmp/clearvla_eval_opaque_74646.png'
23:54.847  render           | Saved: '/tmp/clearvla_eval_opaque_74646.png'
23:55.212  render           | Saved: '/tmp/clearvla_eval_opaque_74646.png'
23:55.665  render           | Saved: '/tmp/clearvla_eval_opaque_74646.png'
23:56.029  render           | Saved: '/tmp/clearvla_eval_opaque_74646.png'
23:56.482  render           | Saved: '/tmp/clearvla_eval_opaque_74646.png'
23:56.840  render           | Saved: '/tmp/clearvla_eval_opaque_74646.png'
23:57.309  render           | Saved: '/tmp/clearvla_eval_opaque_74646.png'
23:57.663  render           | Saved: '/tmp/clearvla_eval_opaque_74646.png'
23:58.118  render           | Saved: '/tmp/clearvla_eval_opaque_74646.png'
23:58.482  render           | Saved: '/tmp/clearvla_eval_opaque_74646.png'
23:58.919  render           | Saved: '/tmp/clearvla_eval_opaque_74646.png'
23:59.288  render           | Saved: '/tmp/clearvla_eval_opaque_74646.png'
23:59.739  render           | Saved: '/tmp/clearvla_eval_opaque_74646.png'
24:00.110  render           | Saved: '/tmp/clearvla_eval_opaque_74646.png'
24:00.562  render           | Saved: '/tmp/clearvla_eval_opaque_74646.png'
24:00.929  render           | Saved: '/tmp/clearvla_eval_opaque_74646.png'
24:01.362  render           | Saved: '/tmp/clearvla_eval_opaque_74646.png'
24:01.716  render           | Saved: '/tmp/clearvla_eval_opaque_74646.png'
24:02.126  render           | Saved: '/tmp/clearvla_eval_opaque_74646.png'
24:02.462  render           | Saved: '/tmp/clearvla_eval_opaque_74646.png'
24:02.878  render           | Saved: '/tmp/clearvla_eval_opaque_74646.png'
24:03.240  render           | Saved: '/tmp/clearvla_eval_opaque_74646.png'
24:03.692  render           | Saved: '/tmp/clearvla_eval_opaque_74646.png'
24:04.057  render           | Saved: '/tmp/clearvla_eval_opaque_74646.png'
24:04.469  render           | Saved: '/tmp/clearvla_eval_opaque_74646.png'
24:04.815  render           | Saved: '/tmp/clearvla_eval_opaque_74646.png'
24:05.234  render           | Saved: '/tmp/clearvla_eval_opaque_74646.png'
24:05.588  render           | Saved: '/tmp/clearvla_eval_opaque_74646.png'
24:06.000  render           | Saved: '/tmp/clearvla_eval_opaque_74646.png'
24:06.346  render           | Saved: '/tmp/clearvla_eval_opaque_74646.png'
24:06.753  render           | Saved: '/tmp/clearvla_eval_opaque_74646.png'
24:07.095  render           | Saved: '/tmp/clearvla_eval_opaque_74646.png'
24:07.505  render           | Saved: '/tmp/clearvla_eval_opaque_74646.png'
24:07.851  render           | Saved: '/tmp/clearvla_eval_opaque_74646.png'
24:08.274  render           | Saved: '/tmp/clearvla_eval_opaque_74646.png'
24:08.624  render           | Saved: '/tmp/clearvla_eval_opaque_74646.png'
24:09.049  render           | Saved: '/tmp/clearvla_eval_opaque_74646.png'
24:09.396  render           | Saved: '/tmp/clearvla_eval_opaque_74646.png'
24:09.835  render           | Saved: '/tmp/clearvla_eval_opaque_74646.png'
24:10.169  render           | Saved: '/tmp/clearvla_eval_opaque_74646.png'
24:10.587  render           | Saved: '/tmp/clearvla_eval_opaque_74646.png'
24:10.914  render           | Saved: '/tmp/clearvla_eval_opaque_74646.png'
24:11.323  render           | Saved: '/tmp/clearvla_eval_opaque_74646.png'
24:11.652  render           | Saved: '/tmp/clearvla_eval_opaque_74646.png'
24:12.075  render           | Saved: '/tmp/clearvla_eval_opaque_74646.png'
24:12.425  render           | Saved: '/tmp/clearvla_eval_opaque_74646.png'
24:12.843  render           | Saved: '/tmp/clearvla_eval_opaque_74646.png'
24:13.188  render           | Saved: '/tmp/clearvla_eval_opaque_74646.png'
24:13.608  render           | Saved: '/tmp/clearvla_eval_opaque_74646.png'
24:13.952  render           | Saved: '/tmp/clearvla_eval_opaque_74646.png'
24:14.380  render           | Saved: '/tmp/clearvla_eval_opaque_74646.png'
24:14.708  render           | Saved: '/tmp/clearvla_eval_opaque_74646.png'
24:15.129  render           | Saved: '/tmp/clearvla_eval_opaque_74646.png'
24:15.460  render           | Saved: '/tmp/clearvla_eval_opaque_74646.png'
24:15.855  render           | Saved: '/tmp/clearvla_eval_opaque_74646.png'
24:16.193  render           | Saved: '/tmp/clearvla_eval_opaque_74646.png'
24:16.624  render           | Saved: '/tmp/clearvla_eval_opaque_74646.png'
24:16.960  render           | Saved: '/tmp/clearvla_eval_opaque_74646.png'
24:17.385  render           | Saved: '/tmp/clearvla_eval_opaque_74646.png'
24:17.731  render           | Saved: '/tmp/clearvla_eval_opaque_74646.png'
24:18.148  render           | Saved: '/tmp/clearvla_eval_opaque_74646.png'
24:18.487  render           | Saved: '/tmp/clearvla_eval_opaque_74646.png'
24:18.904  render           | Saved: '/tmp/clearvla_eval_opaque_74646.png'
24:19.237  render           | Saved: '/tmp/clearvla_eval_opaque_74646.png'
24:19.649  render           | Saved: '/tmp/clearvla_eval_opaque_74646.png'
24:19.989  render           | Saved: '/tmp/clearvla_eval_opaque_74646.png'
24:20.406  render           | Saved: '/tmp/clearvla_eval_opaque_74646.png'
24:20.735  render           | Saved: '/tmp/clearvla_eval_opaque_74646.png'
24:21.547  render           | Saved: '/tmp/clearvla_eval_opaque_74646.png'
24:21.900  render           | Saved: '/tmp/clearvla_eval_opaque_74646.png'
24:22.354  render           | Saved: '/tmp/clearvla_eval_opaque_74646.png'
24:22.721  render           | Saved: '/tmp/clearvla_eval_opaque_74646.png'
24:23.184  render           | Saved: '/tmp/clearvla_eval_opaque_74646.png'
24:23.557  render           | Saved: '/tmp/clearvla_eval_opaque_74646.png'
24:24.016  render           | Saved: '/tmp/clearvla_eval_opaque_74646.png'
24:24.375  render           | Saved: '/tmp/clearvla_eval_opaque_74646.png'
24:24.807  render           | Saved: '/tmp/clearvla_eval_opaque_74646.png'
24:25.156  render           | Saved: '/tmp/clearvla_eval_opaque_74646.png'
24:25.580  render           | Saved: '/tmp/clearvla_eval_opaque_74646.png'
24:25.950  render           | Saved: '/tmp/clearvla_eval_opaque_74646.png'
24:26.409  render           | Saved: '/tmp/clearvla_eval_opaque_74646.png'
24:26.795  render           | Saved: '/tmp/clearvla_eval_opaque_74646.png'
24:27.272  render           | Saved: '/tmp/clearvla_eval_opaque_74646.png'
24:27.634  render           | Saved: '/tmp/clearvla_eval_opaque_74646.png'
24:28.086  render           | Saved: '/tmp/clearvla_eval_opaque_74646.png'
24:28.463  render           | Saved: '/tmp/clearvla_eval_opaque_74646.png'
24:28.940  render           | Saved: '/tmp/clearvla_eval_opaque_74646.png'
24:29.332  render           | Saved: '/tmp/clearvla_eval_opaque_74646.png'
24:29.827  render           | Saved: '/tmp/clearvla_eval_opaque_74646.png'
24:30.188  render           | Saved: '/tmp/clearvla_eval_opaque_74646.png'
24:30.689  render           | Saved: '/tmp/clearvla_eval_opaque_74646.png'
24:31.077  render           | Saved: '/tmp/clearvla_eval_opaque_74646.png'
24:31.532  render           | Saved: '/tmp/clearvla_eval_opaque_74646.png'
24:31.901  render           | Saved: '/tmp/clearvla_eval_opaque_74646.png'
24:32.354  render           | Saved: '/tmp/clearvla_eval_opaque_74646.png'
24:32.711  render           | Saved: '/tmp/clearvla_eval_opaque_74646.png'
24:33.165  render           | Saved: '/tmp/clearvla_eval_opaque_74646.png'
24:33.534  render           | Saved: '/tmp/clearvla_eval_opaque_74646.png'
24:33.967  render           | Saved: '/tmp/clearvla_eval_opaque_74646.png'
24:34.342  render           | Saved: '/tmp/clearvla_eval_opaque_74646.png'
24:34.747  render           | Saved: '/tmp/clearvla_eval_opaque_74646.png'
24:35.101  render           | Saved: '/tmp/clearvla_eval_opaque_74646.png'
24:35.527  render           | Saved: '/tmp/clearvla_eval_opaque_74646.png'
24:35.877  render           | Saved: '/tmp/clearvla_eval_opaque_74646.png'
24:36.280  render           | Saved: '/tmp/clearvla_eval_opaque_74646.png'
24:36.616  render           | Saved: '/tmp/clearvla_eval_opaque_74646.png'
24:37.042  render           | Saved: '/tmp/clearvla_eval_opaque_74646.png'
24:37.380  render           | Saved: '/tmp/clearvla_eval_opaque_74646.png'
24:37.806  render           | Saved: '/tmp/clearvla_eval_opaque_74646.png'
24:38.139  render           | Saved: '/tmp/clearvla_eval_opaque_74646.png'
24:38.546  render           | Saved: '/tmp/clearvla_eval_opaque_74646.png'
24:38.870  render           | Saved: '/tmp/clearvla_eval_opaque_74646.png'
24:39.279  render           | Saved: '/tmp/clearvla_eval_opaque_74646.png'
24:39.611  render           | Saved: '/tmp/clearvla_eval_opaque_74646.png'
24:40.026  render           | Saved: '/tmp/clearvla_eval_opaque_74646.png'
24:40.372  render           | Saved: '/tmp/clearvla_eval_opaque_74646.png'
24:40.803  render           | Saved: '/tmp/clearvla_eval_opaque_74646.png'
24:41.155  render           | Saved: '/tmp/clearvla_eval_opaque_74646.png'
24:41.558  render           | Saved: '/tmp/clearvla_eval_opaque_74646.png'
24:41.904  render           | Saved: '/tmp/clearvla_eval_opaque_74646.png'
24:42.330  render           | Saved: '/tmp/clearvla_eval_opaque_74646.png'
24:42.648  render           | Saved: '/tmp/clearvla_eval_opaque_74646.png'
24:43.059  render           | Saved: '/tmp/clearvla_eval_opaque_74646.png'
24:43.378  render           | Saved: '/tmp/clearvla_eval_opaque_74646.png'
24:43.787  render           | Saved: '/tmp/clearvla_eval_opaque_74646.png'
24:44.107  render           | Saved: '/tmp/clearvla_eval_opaque_74646.png'
24:44.527  render           | Saved: '/tmp/clearvla_eval_opaque_74646.png'
24:44.872  render           | Saved: '/tmp/clearvla_eval_opaque_74646.png'
24:45.300  render           | Saved: '/tmp/clearvla_eval_opaque_74646.png'
24:45.628  render           | Saved: '/tmp/clearvla_eval_opaque_74646.png'
24:46.066  render           | Saved: '/tmp/clearvla_eval_opaque_74646.png'
24:46.415  render           | Saved: '/tmp/clearvla_eval_opaque_74646.png'
24:46.858  render           | Saved: '/tmp/clearvla_eval_opaque_74646.png'
24:47.212  render           | Saved: '/tmp/clearvla_eval_opaque_74646.png'
24:47.636  render           | Saved: '/tmp/clearvla_eval_opaque_74646.png'
24:47.961  render           | Saved: '/tmp/clearvla_eval_opaque_74646.png'
24:48.376  render           | Saved: '/tmp/clearvla_eval_opaque_74646.png'
24:48.724  render           | Saved: '/tmp/clearvla_eval_opaque_74646.png'
24:49.169  render           | Saved: '/tmp/clearvla_eval_opaque_74646.png'
24:49.514  render           | Saved: '/tmp/clearvla_eval_opaque_74646.png'
24:49.946  render           | Saved: '/tmp/clearvla_eval_opaque_74646.png'
24:50.298  render           | Saved: '/tmp/clearvla_eval_opaque_74646.png'
24:50.735  render           | Saved: '/tmp/clearvla_eval_opaque_74646.png'
24:51.073  render           | Saved: '/tmp/clearvla_eval_opaque_74646.png'
[cache25/opaque] grasp: 0/50  (24.8 min, 29.9 s/ep)
24:51.982  render           | Saved: '/tmp/clearvla_eval_opaque_74646.png'
24:52.358  render           | Saved: '/tmp/clearvla_eval_opaque_74646.png'
24:52.837  render           | Saved: '/tmp/clearvla_eval_opaque_74646.png'
24:53.187  render           | Saved: '/tmp/clearvla_eval_opaque_74646.png'
24:53.635  render           | Saved: '/tmp/clearvla_eval_opaque_74646.png'
24:54.007  render           | Saved: '/tmp/clearvla_eval_opaque_74646.png'
24:54.469  render           | Saved: '/tmp/clearvla_eval_opaque_74646.png'
24:54.836  render           | Saved: '/tmp/clearvla_eval_opaque_74646.png'
24:55.289  render           | Saved: '/tmp/clearvla_eval_opaque_74646.png'
24:55.685  render           | Saved: '/tmp/clearvla_eval_opaque_74646.png'
24:56.140  render           | Saved: '/tmp/clearvla_eval_opaque_74646.png'
24:56.532  render           | Saved: '/tmp/clearvla_eval_opaque_74646.png'
24:56.969  render           | Saved: '/tmp/clearvla_eval_opaque_74646.png'
24:57.357  render           | Saved: '/tmp/clearvla_eval_opaque_74646.png'
24:57.787  render           | Saved: '/tmp/clearvla_eval_opaque_74646.png'
24:58.156  render           | Saved: '/tmp/clearvla_eval_opaque_74646.png'
24:58.614  render           | Saved: '/tmp/clearvla_eval_opaque_74646.png'
24:59.009  render           | Saved: '/tmp/clearvla_eval_opaque_74646.png'
24:59.481  render           | Saved: '/tmp/clearvla_eval_opaque_74646.png'
24:59.853  render           | Saved: '/tmp/clearvla_eval_opaque_74646.png'
25:00.354  render           | Saved: '/tmp/clearvla_eval_opaque_74646.png'
25:00.756  render           | Saved: '/tmp/clearvla_eval_opaque_74646.png'
25:01.237  render           | Saved: '/tmp/clearvla_eval_opaque_74646.png'
25:01.617  render           | Saved: '/tmp/clearvla_eval_opaque_74646.png'
25:02.078  render           | Saved: '/tmp/clearvla_eval_opaque_74646.png'
25:02.431  render           | Saved: '/tmp/clearvla_eval_opaque_74646.png'
25:02.886  render           | Saved: '/tmp/clearvla_eval_opaque_74646.png'
25:03.278  render           | Saved: '/tmp/clearvla_eval_opaque_74646.png'
25:03.748  render           | Saved: '/tmp/clearvla_eval_opaque_74646.png'
25:04.125  render           | Saved: '/tmp/clearvla_eval_opaque_74646.png'
25:04.591  render           | Saved: '/tmp/clearvla_eval_opaque_74646.png'
25:04.966  render           | Saved: '/tmp/clearvla_eval_opaque_74646.png'
25:05.368  render           | Saved: '/tmp/clearvla_eval_opaque_74646.png'
25:05.711  render           | Saved: '/tmp/clearvla_eval_opaque_74646.png'
25:06.123  render           | Saved: '/tmp/clearvla_eval_opaque_74646.png'
25:06.447  render           | Saved: '/tmp/clearvla_eval_opaque_74646.png'
25:06.857  render           | Saved: '/tmp/clearvla_eval_opaque_74646.png'
25:07.184  render           | Saved: '/tmp/clearvla_eval_opaque_74646.png'
25:07.612  render           | Saved: '/tmp/clearvla_eval_opaque_74646.png'
25:07.960  render           | Saved: '/tmp/clearvla_eval_opaque_74646.png'
25:08.366  render           | Saved: '/tmp/clearvla_eval_opaque_74646.png'
25:08.708  render           | Saved: '/tmp/clearvla_eval_opaque_74646.png'
25:09.148  render           | Saved: '/tmp/clearvla_eval_opaque_74646.png'
25:09.500  render           | Saved: '/tmp/clearvla_eval_opaque_74646.png'
25:09.926  render           | Saved: '/tmp/clearvla_eval_opaque_74646.png'
25:10.263  render           | Saved: '/tmp/clearvla_eval_opaque_74646.png'
25:10.681  render           | Saved: '/tmp/clearvla_eval_opaque_74646.png'
25:11.023  render           | Saved: '/tmp/clearvla_eval_opaque_74646.png'
25:11.447  render           | Saved: '/tmp/clearvla_eval_opaque_74646.png'
25:11.784  render           | Saved: '/tmp/clearvla_eval_opaque_74646.png'
25:12.252  render           | Saved: '/tmp/clearvla_eval_opaque_74646.png'
25:12.584  render           | Saved: '/tmp/clearvla_eval_opaque_74646.png'
25:13.015  render           | Saved: '/tmp/clearvla_eval_opaque_74646.png'
25:13.349  render           | Saved: '/tmp/clearvla_eval_opaque_74646.png'
25:13.784  render           | Saved: '/tmp/clearvla_eval_opaque_74646.png'
25:14.116  render           | Saved: '/tmp/clearvla_eval_opaque_74646.png'
25:14.564  render           | Saved: '/tmp/clearvla_eval_opaque_74646.png'
25:14.896  render           | Saved: '/tmp/clearvla_eval_opaque_74646.png'
25:15.335  render           | Saved: '/tmp/clearvla_eval_opaque_74646.png'
25:15.664  render           | Saved: '/tmp/clearvla_eval_opaque_74646.png'
25:16.095  render           | Saved: '/tmp/clearvla_eval_opaque_74646.png'
25:16.427  render           | Saved: '/tmp/clearvla_eval_opaque_74646.png'
25:16.903  render           | Saved: '/tmp/clearvla_eval_opaque_74646.png'
25:17.233  render           | Saved: '/tmp/clearvla_eval_opaque_74646.png'
25:17.682  render           | Saved: '/tmp/clearvla_eval_opaque_74646.png'
25:18.011  render           | Saved: '/tmp/clearvla_eval_opaque_74646.png'
25:18.445  render           | Saved: '/tmp/clearvla_eval_opaque_74646.png'
25:18.776  render           | Saved: '/tmp/clearvla_eval_opaque_74646.png'
25:19.248  render           | Saved: '/tmp/clearvla_eval_opaque_74646.png'
25:19.570  render           | Saved: '/tmp/clearvla_eval_opaque_74646.png'
25:20.029  render           | Saved: '/tmp/clearvla_eval_opaque_74646.png'
25:20.369  render           | Saved: '/tmp/clearvla_eval_opaque_74646.png'
25:20.793  render           | Saved: '/tmp/clearvla_eval_opaque_74646.png'
25:21.145  render           | Saved: '/tmp/clearvla_eval_opaque_74646.png'
25:21.577  render           | Saved: '/tmp/clearvla_eval_opaque_74646.png'
25:21.903  render           | Saved: '/tmp/clearvla_eval_opaque_74646.png'
25:22.793  render           | Saved: '/tmp/clearvla_eval_opaque_74646.png'
25:23.164  render           | Saved: '/tmp/clearvla_eval_opaque_74646.png'
25:23.643  render           | Saved: '/tmp/clearvla_eval_opaque_74646.png'
25:24.024  render           | Saved: '/tmp/clearvla_eval_opaque_74646.png'
25:24.462  render           | Saved: '/tmp/clearvla_eval_opaque_74646.png'
25:24.815  render           | Saved: '/tmp/clearvla_eval_opaque_74646.png'
25:25.241  render           | Saved: '/tmp/clearvla_eval_opaque_74646.png'
25:25.604  render           | Saved: '/tmp/clearvla_eval_opaque_74646.png'
25:26.078  render           | Saved: '/tmp/clearvla_eval_opaque_74646.png'
25:26.451  render           | Saved: '/tmp/clearvla_eval_opaque_74646.png'
25:26.908  render           | Saved: '/tmp/clearvla_eval_opaque_74646.png'
25:27.282  render           | Saved: '/tmp/clearvla_eval_opaque_74646.png'
25:27.751  render           | Saved: '/tmp/clearvla_eval_opaque_74646.png'
25:28.158  render           | Saved: '/tmp/clearvla_eval_opaque_74646.png'
25:28.650  render           | Saved: '/tmp/clearvla_eval_opaque_74646.png'
25:29.014  render           | Saved: '/tmp/clearvla_eval_opaque_74646.png'
25:29.447  render           | Saved: '/tmp/clearvla_eval_opaque_74646.png'
25:29.846  render           | Saved: '/tmp/clearvla_eval_opaque_74646.png'
25:30.326  render           | Saved: '/tmp/clearvla_eval_opaque_74646.png'
25:30.708  render           | Saved: '/tmp/clearvla_eval_opaque_74646.png'
25:31.160  render           | Saved: '/tmp/clearvla_eval_opaque_74646.png'
25:31.552  render           | Saved: '/tmp/clearvla_eval_opaque_74646.png'
25:32.028  render           | Saved: '/tmp/clearvla_eval_opaque_74646.png'
25:32.406  render           | Saved: '/tmp/clearvla_eval_opaque_74646.png'
25:32.889  render           | Saved: '/tmp/clearvla_eval_opaque_74646.png'
25:33.312  render           | Saved: '/tmp/clearvla_eval_opaque_74646.png'
25:33.777  render           | Saved: '/tmp/clearvla_eval_opaque_74646.png'
25:34.127  render           | Saved: '/tmp/clearvla_eval_opaque_74646.png'
25:34.539  render           | Saved: '/tmp/clearvla_eval_opaque_74646.png'
25:34.895  render           | Saved: '/tmp/clearvla_eval_opaque_74646.png'
25:35.349  render           | Saved: '/tmp/clearvla_eval_opaque_74646.png'
25:35.721  render           | Saved: '/tmp/clearvla_eval_opaque_74646.png'
25:36.142  render           | Saved: '/tmp/clearvla_eval_opaque_74646.png'
25:36.503  render           | Saved: '/tmp/clearvla_eval_opaque_74646.png'
25:36.959  render           | Saved: '/tmp/clearvla_eval_opaque_74646.png'
25:37.295  render           | Saved: '/tmp/clearvla_eval_opaque_74646.png'
25:37.739  render           | Saved: '/tmp/clearvla_eval_opaque_74646.png'
25:38.080  render           | Saved: '/tmp/clearvla_eval_opaque_74646.png'
25:38.491  render           | Saved: '/tmp/clearvla_eval_opaque_74646.png'
25:38.844  render           | Saved: '/tmp/clearvla_eval_opaque_74646.png'
25:39.259  render           | Saved: '/tmp/clearvla_eval_opaque_74646.png'
25:39.598  render           | Saved: '/tmp/clearvla_eval_opaque_74646.png'
25:39.999  render           | Saved: '/tmp/clearvla_eval_opaque_74646.png'
25:40.352  render           | Saved: '/tmp/clearvla_eval_opaque_74646.png'
25:40.781  render           | Saved: '/tmp/clearvla_eval_opaque_74646.png'
25:41.131  render           | Saved: '/tmp/clearvla_eval_opaque_74646.png'
25:41.554  render           | Saved: '/tmp/clearvla_eval_opaque_74646.png'
25:41.893  render           | Saved: '/tmp/clearvla_eval_opaque_74646.png'
25:42.307  render           | Saved: '/tmp/clearvla_eval_opaque_74646.png'
25:42.655  render           | Saved: '/tmp/clearvla_eval_opaque_74646.png'
25:43.063  render           | Saved: '/tmp/clearvla_eval_opaque_74646.png'
25:43.409  render           | Saved: '/tmp/clearvla_eval_opaque_74646.png'
25:43.815  render           | Saved: '/tmp/clearvla_eval_opaque_74646.png'
25:44.153  render           | Saved: '/tmp/clearvla_eval_opaque_74646.png'
25:44.584  render           | Saved: '/tmp/clearvla_eval_opaque_74646.png'
25:44.922  render           | Saved: '/tmp/clearvla_eval_opaque_74646.png'
25:45.349  render           | Saved: '/tmp/clearvla_eval_opaque_74646.png'
25:45.703  render           | Saved: '/tmp/clearvla_eval_opaque_74646.png'
25:46.114  render           | Saved: '/tmp/clearvla_eval_opaque_74646.png'
25:46.454  render           | Saved: '/tmp/clearvla_eval_opaque_74646.png'
25:46.885  render           | Saved: '/tmp/clearvla_eval_opaque_74646.png'
25:47.224  render           | Saved: '/tmp/clearvla_eval_opaque_74646.png'
25:47.640  render           | Saved: '/tmp/clearvla_eval_opaque_74646.png'
25:47.982  render           | Saved: '/tmp/clearvla_eval_opaque_74646.png'
25:48.390  render           | Saved: '/tmp/clearvla_eval_opaque_74646.png'
25:48.730  render           | Saved: '/tmp/clearvla_eval_opaque_74646.png'
25:49.141  render           | Saved: '/tmp/clearvla_eval_opaque_74646.png'
25:49.493  render           | Saved: '/tmp/clearvla_eval_opaque_74646.png'
25:49.908  render           | Saved: '/tmp/clearvla_eval_opaque_74646.png'
25:50.249  render           | Saved: '/tmp/clearvla_eval_opaque_74646.png'
25:50.663  render           | Saved: '/tmp/clearvla_eval_opaque_74646.png'
25:51.011  render           | Saved: '/tmp/clearvla_eval_opaque_74646.png'
25:51.434  render           | Saved: '/tmp/clearvla_eval_opaque_74646.png'
25:51.786  render           | Saved: '/tmp/clearvla_eval_opaque_74646.png'
25:52.193  render           | Saved: '/tmp/clearvla_eval_opaque_74646.png'
25:52.536  render           | Saved: '/tmp/clearvla_eval_opaque_74646.png'
25:53.436  render           | Saved: '/tmp/clearvla_eval_opaque_74646.png'
25:53.782  render           | Saved: '/tmp/clearvla_eval_opaque_74646.png'
25:54.243  render           | Saved: '/tmp/clearvla_eval_opaque_74646.png'
25:54.631  render           | Saved: '/tmp/clearvla_eval_opaque_74646.png'
25:55.107  render           | Saved: '/tmp/clearvla_eval_opaque_74646.png'
25:55.510  render           | Saved: '/tmp/clearvla_eval_opaque_74646.png'
25:55.969  render           | Saved: '/tmp/clearvla_eval_opaque_74646.png'
25:56.343  render           | Saved: '/tmp/clearvla_eval_opaque_74646.png'
25:56.779  render           | Saved: '/tmp/clearvla_eval_opaque_74646.png'
25:57.149  render           | Saved: '/tmp/clearvla_eval_opaque_74646.png'
25:57.584  render           | Saved: '/tmp/clearvla_eval_opaque_74646.png'
25:57.945  render           | Saved: '/tmp/clearvla_eval_opaque_74646.png'
25:58.423  render           | Saved: '/tmp/clearvla_eval_opaque_74646.png'
25:58.815  render           | Saved: '/tmp/clearvla_eval_opaque_74646.png'
25:59.300  render           | Saved: '/tmp/clearvla_eval_opaque_74646.png'
25:59.676  render           | Saved: '/tmp/clearvla_eval_opaque_74646.png'
26:00.152  render           | Saved: '/tmp/clearvla_eval_opaque_74646.png'
26:00.549  render           | Saved: '/tmp/clearvla_eval_opaque_74646.png'
26:01.055  render           | Saved: '/tmp/clearvla_eval_opaque_74646.png'
26:01.428  render           | Saved: '/tmp/clearvla_eval_opaque_74646.png'
26:01.867  render           | Saved: '/tmp/clearvla_eval_opaque_74646.png'
26:02.233  render           | Saved: '/tmp/clearvla_eval_opaque_74646.png'
26:02.682  render           | Saved: '/tmp/clearvla_eval_opaque_74646.png'
26:03.047  render           | Saved: '/tmp/clearvla_eval_opaque_74646.png'
26:03.507  render           | Saved: '/tmp/clearvla_eval_opaque_74646.png'
26:03.882  render           | Saved: '/tmp/clearvla_eval_opaque_74646.png'
26:04.363  render           | Saved: '/tmp/clearvla_eval_opaque_74646.png'
26:04.736  render           | Saved: '/tmp/clearvla_eval_opaque_74646.png'
26:05.215  render           | Saved: '/tmp/clearvla_eval_opaque_74646.png'
26:05.612  render           | Saved: '/tmp/clearvla_eval_opaque_74646.png'
26:06.099  render           | Saved: '/tmp/clearvla_eval_opaque_74646.png'
26:06.468  render           | Saved: '/tmp/clearvla_eval_opaque_74646.png'
26:06.871  render           | Saved: '/tmp/clearvla_eval_opaque_74646.png'
26:07.210  render           | Saved: '/tmp/clearvla_eval_opaque_74646.png'
26:07.660  render           | Saved: '/tmp/clearvla_eval_opaque_74646.png'
26:07.990  render           | Saved: '/tmp/clearvla_eval_opaque_74646.png'
26:08.423  render           | Saved: '/tmp/clearvla_eval_opaque_74646.png'
26:08.773  render           | Saved: '/tmp/clearvla_eval_opaque_74646.png'
26:09.188  render           | Saved: '/tmp/clearvla_eval_opaque_74646.png'
26:09.516  render           | Saved: '/tmp/clearvla_eval_opaque_74646.png'
26:09.942  render           | Saved: '/tmp/clearvla_eval_opaque_74646.png'
26:10.288  render           | Saved: '/tmp/clearvla_eval_opaque_74646.png'
26:10.692  render           | Saved: '/tmp/clearvla_eval_opaque_74646.png'
26:11.037  render           | Saved: '/tmp/clearvla_eval_opaque_74646.png'
26:11.452  render           | Saved: '/tmp/clearvla_eval_opaque_74646.png'
26:11.787  render           | Saved: '/tmp/clearvla_eval_opaque_74646.png'
26:12.222  render           | Saved: '/tmp/clearvla_eval_opaque_74646.png'
26:12.568  render           | Saved: '/tmp/clearvla_eval_opaque_74646.png'
26:12.977  render           | Saved: '/tmp/clearvla_eval_opaque_74646.png'
26:13.313  render           | Saved: '/tmp/clearvla_eval_opaque_74646.png'
26:13.744  render           | Saved: '/tmp/clearvla_eval_opaque_74646.png'
26:14.076  render           | Saved: '/tmp/clearvla_eval_opaque_74646.png'
26:14.518  render           | Saved: '/tmp/clearvla_eval_opaque_74646.png'
26:14.861  render           | Saved: '/tmp/clearvla_eval_opaque_74646.png'
26:15.262  render           | Saved: '/tmp/clearvla_eval_opaque_74646.png'
26:15.589  render           | Saved: '/tmp/clearvla_eval_opaque_74646.png'
26:16.004  render           | Saved: '/tmp/clearvla_eval_opaque_74646.png'
26:16.351  render           | Saved: '/tmp/clearvla_eval_opaque_74646.png'
26:16.784  render           | Saved: '/tmp/clearvla_eval_opaque_74646.png'
26:17.117  render           | Saved: '/tmp/clearvla_eval_opaque_74646.png'
26:17.587  render           | Saved: '/tmp/clearvla_eval_opaque_74646.png'
26:17.917  render           | Saved: '/tmp/clearvla_eval_opaque_74646.png'
26:18.378  render           | Saved: '/tmp/clearvla_eval_opaque_74646.png'
26:18.708  render           | Saved: '/tmp/clearvla_eval_opaque_74646.png'
26:19.156  render           | Saved: '/tmp/clearvla_eval_opaque_74646.png'
26:19.489  render           | Saved: '/tmp/clearvla_eval_opaque_74646.png'
26:19.904  render           | Saved: '/tmp/clearvla_eval_opaque_74646.png'
26:20.259  render           | Saved: '/tmp/clearvla_eval_opaque_74646.png'
26:20.695  render           | Saved: '/tmp/clearvla_eval_opaque_74646.png'
26:21.025  render           | Saved: '/tmp/clearvla_eval_opaque_74646.png'
26:21.454  render           | Saved: '/tmp/clearvla_eval_opaque_74646.png'
26:21.791  render           | Saved: '/tmp/clearvla_eval_opaque_74646.png'
26:22.258  render           | Saved: '/tmp/clearvla_eval_opaque_74646.png'
26:22.588  render           | Saved: '/tmp/clearvla_eval_opaque_74646.png'
26:23.061  render           | Saved: '/tmp/clearvla_eval_opaque_74646.png'
26:23.396  render           | Saved: '/tmp/clearvla_eval_opaque_74646.png'
26:24.277  render           | Saved: '/tmp/clearvla_eval_opaque_74646.png'
26:24.663  render           | Saved: '/tmp/clearvla_eval_opaque_74646.png'
26:25.121  render           | Saved: '/tmp/clearvla_eval_opaque_74646.png'
26:25.475  render           | Saved: '/tmp/clearvla_eval_opaque_74646.png'
26:25.886  render           | Saved: '/tmp/clearvla_eval_opaque_74646.png'
26:26.265  render           | Saved: '/tmp/clearvla_eval_opaque_74646.png'
26:26.762  render           | Saved: '/tmp/clearvla_eval_opaque_74646.png'
26:27.156  render           | Saved: '/tmp/clearvla_eval_opaque_74646.png'
26:27.651  render           | Saved: '/tmp/clearvla_eval_opaque_74646.png'
26:28.029  render           | Saved: '/tmp/clearvla_eval_opaque_74646.png'
26:28.503  render           | Saved: '/tmp/clearvla_eval_opaque_74646.png'
26:28.922  render           | Saved: '/tmp/clearvla_eval_opaque_74646.png'
26:29.421  render           | Saved: '/tmp/clearvla_eval_opaque_74646.png'
26:29.797  render           | Saved: '/tmp/clearvla_eval_opaque_74646.png'
26:30.251  render           | Saved: '/tmp/clearvla_eval_opaque_74646.png'
26:30.618  render           | Saved: '/tmp/clearvla_eval_opaque_74646.png'
26:31.082  render           | Saved: '/tmp/clearvla_eval_opaque_74646.png'
26:31.500  render           | Saved: '/tmp/clearvla_eval_opaque_74646.png'
26:31.999  render           | Saved: '/tmp/clearvla_eval_opaque_74646.png'
26:32.396  render           | Saved: '/tmp/clearvla_eval_opaque_74646.png'
26:32.885  render           | Saved: '/tmp/clearvla_eval_opaque_74646.png'
26:33.248  render           | Saved: '/tmp/clearvla_eval_opaque_74646.png'
26:33.784  render           | Saved: '/tmp/clearvla_eval_opaque_74646.png'
26:34.396  render           | Saved: '/tmp/clearvla_eval_opaque_74646.png'
26:34.883  render           | Saved: '/tmp/clearvla_eval_opaque_74646.png'
26:35.217  render           | Saved: '/tmp/clearvla_eval_opaque_74646.png'
26:35.636  render           | Saved: '/tmp/clearvla_eval_opaque_74646.png'
26:35.983  render           | Saved: '/tmp/clearvla_eval_opaque_74646.png'
26:36.427  render           | Saved: '/tmp/clearvla_eval_opaque_74646.png'
26:36.769  render           | Saved: '/tmp/clearvla_eval_opaque_74646.png'
26:37.199  render           | Saved: '/tmp/clearvla_eval_opaque_74646.png'
26:37.538  render           | Saved: '/tmp/clearvla_eval_opaque_74646.png'
26:37.958  render           | Saved: '/tmp/clearvla_eval_opaque_74646.png'
26:38.304  render           | Saved: '/tmp/clearvla_eval_opaque_74646.png'
26:38.758  render           | Saved: '/tmp/clearvla_eval_opaque_74646.png'
26:39.092  render           | Saved: '/tmp/clearvla_eval_opaque_74646.png'
26:39.495  render           | Saved: '/tmp/clearvla_eval_opaque_74646.png'
26:39.822  render           | Saved: '/tmp/clearvla_eval_opaque_74646.png'
26:40.233  render           | Saved: '/tmp/clearvla_eval_opaque_74646.png'
26:40.598  render           | Saved: '/tmp/clearvla_eval_opaque_74646.png'
26:41.120  render           | Saved: '/tmp/clearvla_eval_opaque_74646.png'
26:41.514  render           | Saved: '/tmp/clearvla_eval_opaque_74646.png'
26:42.003  render           | Saved: '/tmp/clearvla_eval_opaque_74646.png'
26:42.376  render           | Saved: '/tmp/clearvla_eval_opaque_74646.png'
26:42.832  render           | Saved: '/tmp/clearvla_eval_opaque_74646.png'
26:43.206  render           | Saved: '/tmp/clearvla_eval_opaque_74646.png'
26:43.644  render           | Saved: '/tmp/clearvla_eval_opaque_74646.png'
26:44.002  render           | Saved: '/tmp/clearvla_eval_opaque_74646.png'
26:44.417  render           | Saved: '/tmp/clearvla_eval_opaque_74646.png'
26:44.762  render           | Saved: '/tmp/clearvla_eval_opaque_74646.png'
26:45.209  render           | Saved: '/tmp/clearvla_eval_opaque_74646.png'
26:45.589  render           | Saved: '/tmp/clearvla_eval_opaque_74646.png'
26:46.053  render           | Saved: '/tmp/clearvla_eval_opaque_74646.png'
26:46.434  render           | Saved: '/tmp/clearvla_eval_opaque_74646.png'
26:46.906  render           | Saved: '/tmp/clearvla_eval_opaque_74646.png'
26:47.283  render           | Saved: '/tmp/clearvla_eval_opaque_74646.png'
26:47.738  render           | Saved: '/tmp/clearvla_eval_opaque_74646.png'
26:48.092  render           | Saved: '/tmp/clearvla_eval_opaque_74646.png'
26:48.513  render           | Saved: '/tmp/clearvla_eval_opaque_74646.png'
26:48.855  render           | Saved: '/tmp/clearvla_eval_opaque_74646.png'
26:49.272  render           | Saved: '/tmp/clearvla_eval_opaque_74646.png'
26:49.648  render           | Saved: '/tmp/clearvla_eval_opaque_74646.png'
26:50.125  render           | Saved: '/tmp/clearvla_eval_opaque_74646.png'
26:50.505  render           | Saved: '/tmp/clearvla_eval_opaque_74646.png'
26:50.961  render           | Saved: '/tmp/clearvla_eval_opaque_74646.png'
26:51.354  render           | Saved: '/tmp/clearvla_eval_opaque_74646.png'
26:51.814  render           | Saved: '/tmp/clearvla_eval_opaque_74646.png'
26:52.194  render           | Saved: '/tmp/clearvla_eval_opaque_74646.png'
26:52.638  render           | Saved: '/tmp/clearvla_eval_opaque_74646.png'
26:52.997  render           | Saved: '/tmp/clearvla_eval_opaque_74646.png'
26:53.434  render           | Saved: '/tmp/clearvla_eval_opaque_74646.png'
26:53.794  render           | Saved: '/tmp/clearvla_eval_opaque_74646.png'
26:54.255  render           | Saved: '/tmp/clearvla_eval_opaque_74646.png'
26:54.632  render           | Saved: '/tmp/clearvla_eval_opaque_74646.png'
26:55.091  render           | Saved: '/tmp/clearvla_eval_opaque_74646.png'
26:55.465  render           | Saved: '/tmp/clearvla_eval_opaque_74646.png'
26:56.340  render           | Saved: '/tmp/clearvla_eval_opaque_74646.png'
26:56.723  render           | Saved: '/tmp/clearvla_eval_opaque_74646.png'
26:57.139  render           | Saved: '/tmp/clearvla_eval_opaque_74646.png'
26:57.518  render           | Saved: '/tmp/clearvla_eval_opaque_74646.png'
26:57.929  render           | Saved: '/tmp/clearvla_eval_opaque_74646.png'
26:58.293  render           | Saved: '/tmp/clearvla_eval_opaque_74646.png'
26:58.697  render           | Saved: '/tmp/clearvla_eval_opaque_74646.png'
26:59.044  render           | Saved: '/tmp/clearvla_eval_opaque_74646.png'
26:59.475  render           | Saved: '/tmp/clearvla_eval_opaque_74646.png'
26:59.817  render           | Saved: '/tmp/clearvla_eval_opaque_74646.png'
27:00.291  render           | Saved: '/tmp/clearvla_eval_opaque_74646.png'
27:00.623  render           | Saved: '/tmp/clearvla_eval_opaque_74646.png'
27:01.102  render           | Saved: '/tmp/clearvla_eval_opaque_74646.png'
27:01.431  render           | Saved: '/tmp/clearvla_eval_opaque_74646.png'
27:01.900  render           | Saved: '/tmp/clearvla_eval_opaque_74646.png'
27:02.232  render           | Saved: '/tmp/clearvla_eval_opaque_74646.png'
27:02.703  render           | Saved: '/tmp/clearvla_eval_opaque_74646.png'
27:03.031  render           | Saved: '/tmp/clearvla_eval_opaque_74646.png'
27:03.499  render           | Saved: '/tmp/clearvla_eval_opaque_74646.png'
27:03.828  render           | Saved: '/tmp/clearvla_eval_opaque_74646.png'
27:04.303  render           | Saved: '/tmp/clearvla_eval_opaque_74646.png'
27:04.627  render           | Saved: '/tmp/clearvla_eval_opaque_74646.png'
27:05.084  render           | Saved: '/tmp/clearvla_eval_opaque_74646.png'
27:05.413  render           | Saved: '/tmp/clearvla_eval_opaque_74646.png'
27:05.860  render           | Saved: '/tmp/clearvla_eval_opaque_74646.png'
27:06.193  render           | Saved: '/tmp/clearvla_eval_opaque_74646.png'
27:06.607  render           | Saved: '/tmp/clearvla_eval_opaque_74646.png'
27:06.956  render           | Saved: '/tmp/clearvla_eval_opaque_74646.png'
27:07.369  render           | Saved: '/tmp/clearvla_eval_opaque_74646.png'
27:07.707  render           | Saved: '/tmp/clearvla_eval_opaque_74646.png'
27:08.140  render           | Saved: '/tmp/clearvla_eval_opaque_74646.png'
27:08.477  render           | Saved: '/tmp/clearvla_eval_opaque_74646.png'
27:08.892  render           | Saved: '/tmp/clearvla_eval_opaque_74646.png'
27:09.224  render           | Saved: '/tmp/clearvla_eval_opaque_74646.png'
27:09.660  render           | Saved: '/tmp/clearvla_eval_opaque_74646.png'
27:10.014  render           | Saved: '/tmp/clearvla_eval_opaque_74646.png'
27:10.444  render           | Saved: '/tmp/clearvla_eval_opaque_74646.png'
27:10.776  render           | Saved: '/tmp/clearvla_eval_opaque_74646.png'
27:11.168  render           | Saved: '/tmp/clearvla_eval_opaque_74646.png'
27:11.509  render           | Saved: '/tmp/clearvla_eval_opaque_74646.png'
27:11.911  render           | Saved: '/tmp/clearvla_eval_opaque_74646.png'
27:12.265  render           | Saved: '/tmp/clearvla_eval_opaque_74646.png'
27:12.660  render           | Saved: '/tmp/clearvla_eval_opaque_74646.png'
27:13.013  render           | Saved: '/tmp/clearvla_eval_opaque_74646.png'
27:13.456  render           | Saved: '/tmp/clearvla_eval_opaque_74646.png'
27:13.813  render           | Saved: '/tmp/clearvla_eval_opaque_74646.png'
27:14.213  render           | Saved: '/tmp/clearvla_eval_opaque_74646.png'
27:14.563  render           | Saved: '/tmp/clearvla_eval_opaque_74646.png'
27:14.955  render           | Saved: '/tmp/clearvla_eval_opaque_74646.png'
27:15.347  render           | Saved: '/tmp/clearvla_eval_opaque_74646.png'
27:15.761  render           | Saved: '/tmp/clearvla_eval_opaque_74646.png'
27:16.105  render           | Saved: '/tmp/clearvla_eval_opaque_74646.png'
27:16.521  render           | Saved: '/tmp/clearvla_eval_opaque_74646.png'
27:16.851  render           | Saved: '/tmp/clearvla_eval_opaque_74646.png'
27:17.327  render           | Saved: '/tmp/clearvla_eval_opaque_74646.png'
27:17.648  render           | Saved: '/tmp/clearvla_eval_opaque_74646.png'
27:18.094  render           | Saved: '/tmp/clearvla_eval_opaque_74646.png'
27:18.423  render           | Saved: '/tmp/clearvla_eval_opaque_74646.png'
27:18.874  render           | Saved: '/tmp/clearvla_eval_opaque_74646.png'
27:19.205  render           | Saved: '/tmp/clearvla_eval_opaque_74646.png'
27:19.660  render           | Saved: '/tmp/clearvla_eval_opaque_74646.png'
27:19.986  render           | Saved: '/tmp/clearvla_eval_opaque_74646.png'
27:20.450  render           | Saved: '/tmp/clearvla_eval_opaque_74646.png'
27:20.777  render           | Saved: '/tmp/clearvla_eval_opaque_74646.png'
27:21.208  render           | Saved: '/tmp/clearvla_eval_opaque_74646.png'
27:21.541  render           | Saved: '/tmp/clearvla_eval_opaque_74646.png'
27:21.981  render           | Saved: '/tmp/clearvla_eval_opaque_74646.png'
27:22.312  render           | Saved: '/tmp/clearvla_eval_opaque_74646.png'
27:22.768  render           | Saved: '/tmp/clearvla_eval_opaque_74646.png'
27:23.089  render           | Saved: '/tmp/clearvla_eval_opaque_74646.png'
27:23.532  render           | Saved: '/tmp/clearvla_eval_opaque_74646.png'
27:23.865  render           | Saved: '/tmp/clearvla_eval_opaque_74646.png'
27:24.303  render           | Saved: '/tmp/clearvla_eval_opaque_74646.png'
27:24.639  render           | Saved: '/tmp/clearvla_eval_opaque_74646.png'
27:25.085  render           | Saved: '/tmp/clearvla_eval_opaque_74646.png'
27:25.422  render           | Saved: '/tmp/clearvla_eval_opaque_74646.png'
27:26.350  render           | Saved: '/tmp/clearvla_eval_opaque_74646.png'
27:26.757  render           | Saved: '/tmp/clearvla_eval_opaque_74646.png'
27:27.232  render           | Saved: '/tmp/clearvla_eval_opaque_74646.png'
27:27.615  render           | Saved: '/tmp/clearvla_eval_opaque_74646.png'
27:28.091  render           | Saved: '/tmp/clearvla_eval_opaque_74646.png'
27:28.455  render           | Saved: '/tmp/clearvla_eval_opaque_74646.png'
27:28.900  render           | Saved: '/tmp/clearvla_eval_opaque_74646.png'
27:29.273  render           | Saved: '/tmp/clearvla_eval_opaque_74646.png'
27:29.743  render           | Saved: '/tmp/clearvla_eval_opaque_74646.png'
27:30.137  render           | Saved: '/tmp/clearvla_eval_opaque_74646.png'
27:30.595  render           | Saved: '/tmp/clearvla_eval_opaque_74646.png'
27:30.960  render           | Saved: '/tmp/clearvla_eval_opaque_74646.png'
27:31.410  render           | Saved: '/tmp/clearvla_eval_opaque_74646.png'
27:31.800  render           | Saved: '/tmp/clearvla_eval_opaque_74646.png'
27:32.245  render           | Saved: '/tmp/clearvla_eval_opaque_74646.png'
27:32.612  render           | Saved: '/tmp/clearvla_eval_opaque_74646.png'
27:33.088  render           | Saved: '/tmp/clearvla_eval_opaque_74646.png'
27:33.474  render           | Saved: '/tmp/clearvla_eval_opaque_74646.png'
27:33.972  render           | Saved: '/tmp/clearvla_eval_opaque_74646.png'
27:34.343  render           | Saved: '/tmp/clearvla_eval_opaque_74646.png'
27:34.784  render           | Saved: '/tmp/clearvla_eval_opaque_74646.png'
27:35.151  render           | Saved: '/tmp/clearvla_eval_opaque_74646.png'
27:35.618  render           | Saved: '/tmp/clearvla_eval_opaque_74646.png'
27:35.982  render           | Saved: '/tmp/clearvla_eval_opaque_74646.png'
27:36.460  render           | Saved: '/tmp/clearvla_eval_opaque_74646.png'
27:36.815  render           | Saved: '/tmp/clearvla_eval_opaque_74646.png'
27:37.272  render           | Saved: '/tmp/clearvla_eval_opaque_74646.png'
27:37.658  render           | Saved: '/tmp/clearvla_eval_opaque_74646.png'
27:38.105  render           | Saved: '/tmp/clearvla_eval_opaque_74646.png'
27:38.483  render           | Saved: '/tmp/clearvla_eval_opaque_74646.png'
27:38.970  render           | Saved: '/tmp/clearvla_eval_opaque_74646.png'
27:39.357  render           | Saved: '/tmp/clearvla_eval_opaque_74646.png'
27:39.816  render           | Saved: '/tmp/clearvla_eval_opaque_74646.png'
27:40.202  render           | Saved: '/tmp/clearvla_eval_opaque_74646.png'
27:40.623  render           | Saved: '/tmp/clearvla_eval_opaque_74646.png'
27:40.964  render           | Saved: '/tmp/clearvla_eval_opaque_74646.png'
27:41.405  render           | Saved: '/tmp/clearvla_eval_opaque_74646.png'
27:41.732  render           | Saved: '/tmp/clearvla_eval_opaque_74646.png'
27:42.145  render           | Saved: '/tmp/clearvla_eval_opaque_74646.png'
27:42.485  render           | Saved: '/tmp/clearvla_eval_opaque_74646.png'
27:42.916  render           | Saved: '/tmp/clearvla_eval_opaque_74646.png'
27:43.262  render           | Saved: '/tmp/clearvla_eval_opaque_74646.png'
27:43.684  render           | Saved: '/tmp/clearvla_eval_opaque_74646.png'
27:44.029  render           | Saved: '/tmp/clearvla_eval_opaque_74646.png'
27:44.454  render           | Saved: '/tmp/clearvla_eval_opaque_74646.png'
27:44.805  render           | Saved: '/tmp/clearvla_eval_opaque_74646.png'
27:45.229  render           | Saved: '/tmp/clearvla_eval_opaque_74646.png'
27:45.563  render           | Saved: '/tmp/clearvla_eval_opaque_74646.png'
27:45.980  render           | Saved: '/tmp/clearvla_eval_opaque_74646.png'
27:46.331  render           | Saved: '/tmp/clearvla_eval_opaque_74646.png'
27:46.777  render           | Saved: '/tmp/clearvla_eval_opaque_74646.png'
27:47.122  render           | Saved: '/tmp/clearvla_eval_opaque_74646.png'
27:47.545  render           | Saved: '/tmp/clearvla_eval_opaque_74646.png'
27:47.889  render           | Saved: '/tmp/clearvla_eval_opaque_74646.png'
27:48.307  render           | Saved: '/tmp/clearvla_eval_opaque_74646.png'
27:48.639  render           | Saved: '/tmp/clearvla_eval_opaque_74646.png'
27:49.062  render           | Saved: '/tmp/clearvla_eval_opaque_74646.png'
27:49.414  render           | Saved: '/tmp/clearvla_eval_opaque_74646.png'
27:49.848  render           | Saved: '/tmp/clearvla_eval_opaque_74646.png'
27:50.180  render           | Saved: '/tmp/clearvla_eval_opaque_74646.png'
27:50.619  render           | Saved: '/tmp/clearvla_eval_opaque_74646.png'
27:50.951  render           | Saved: '/tmp/clearvla_eval_opaque_74646.png'
27:51.387  render           | Saved: '/tmp/clearvla_eval_opaque_74646.png'
27:51.713  render           | Saved: '/tmp/clearvla_eval_opaque_74646.png'
27:52.144  render           | Saved: '/tmp/clearvla_eval_opaque_74646.png'
27:52.475  render           | Saved: '/tmp/clearvla_eval_opaque_74646.png'
27:52.917  render           | Saved: '/tmp/clearvla_eval_opaque_74646.png'
27:53.242  render           | Saved: '/tmp/clearvla_eval_opaque_74646.png'
27:53.697  render           | Saved: '/tmp/clearvla_eval_opaque_74646.png'
27:54.020  render           | Saved: '/tmp/clearvla_eval_opaque_74646.png'
27:54.461  render           | Saved: '/tmp/clearvla_eval_opaque_74646.png'
27:54.845  render           | Saved: '/tmp/clearvla_eval_opaque_74646.png'
27:55.292  render           | Saved: '/tmp/clearvla_eval_opaque_74646.png'
27:55.632  render           | Saved: '/tmp/clearvla_eval_opaque_74646.png'
27:56.081  render           | Saved: '/tmp/clearvla_eval_opaque_74646.png'
27:56.410  render           | Saved: '/tmp/clearvla_eval_opaque_74646.png'
27:57.222  render           | Saved: '/tmp/clearvla_eval_opaque_74646.png'
27:57.593  render           | Saved: '/tmp/clearvla_eval_opaque_74646.png'
27:58.094  render           | Saved: '/tmp/clearvla_eval_opaque_74646.png'
27:58.493  render           | Saved: '/tmp/clearvla_eval_opaque_74646.png'
27:58.958  render           | Saved: '/tmp/clearvla_eval_opaque_74646.png'
27:59.351  render           | Saved: '/tmp/clearvla_eval_opaque_74646.png'
27:59.808  render           | Saved: '/tmp/clearvla_eval_opaque_74646.png'
28:00.189  render           | Saved: '/tmp/clearvla_eval_opaque_74646.png'
28:00.621  render           | Saved: '/tmp/clearvla_eval_opaque_74646.png'
28:00.994  render           | Saved: '/tmp/clearvla_eval_opaque_74646.png'
28:01.465  render           | Saved: '/tmp/clearvla_eval_opaque_74646.png'
28:01.860  render           | Saved: '/tmp/clearvla_eval_opaque_74646.png'
28:02.346  render           | Saved: '/tmp/clearvla_eval_opaque_74646.png'
28:02.751  render           | Saved: '/tmp/clearvla_eval_opaque_74646.png'
28:03.250  render           | Saved: '/tmp/clearvla_eval_opaque_74646.png'
28:03.621  render           | Saved: '/tmp/clearvla_eval_opaque_74646.png'
28:04.075  render           | Saved: '/tmp/clearvla_eval_opaque_74646.png'
28:04.441  render           | Saved: '/tmp/clearvla_eval_opaque_74646.png'
28:04.907  render           | Saved: '/tmp/clearvla_eval_opaque_74646.png'
28:05.276  render           | Saved: '/tmp/clearvla_eval_opaque_74646.png'
28:05.753  render           | Saved: '/tmp/clearvla_eval_opaque_74646.png'
28:06.164  render           | Saved: '/tmp/clearvla_eval_opaque_74646.png'
28:06.652  render           | Saved: '/tmp/clearvla_eval_opaque_74646.png'
28:07.018  render           | Saved: '/tmp/clearvla_eval_opaque_74646.png'
28:07.472  render           | Saved: '/tmp/clearvla_eval_opaque_74646.png'
28:07.874  render           | Saved: '/tmp/clearvla_eval_opaque_74646.png'
28:08.358  render           | Saved: '/tmp/clearvla_eval_opaque_74646.png'
28:08.729  render           | Saved: '/tmp/clearvla_eval_opaque_74646.png'
28:09.225  render           | Saved: '/tmp/clearvla_eval_opaque_74646.png'
28:09.582  render           | Saved: '/tmp/clearvla_eval_opaque_74646.png'
28:10.048  render           | Saved: '/tmp/clearvla_eval_opaque_74646.png'
28:10.421  render           | Saved: '/tmp/clearvla_eval_opaque_74646.png'
28:10.914  render           | Saved: '/tmp/clearvla_eval_opaque_74646.png'
28:11.276  render           | Saved: '/tmp/clearvla_eval_opaque_74646.png'
28:11.718  render           | Saved: '/tmp/clearvla_eval_opaque_74646.png'
28:12.078  render           | Saved: '/tmp/clearvla_eval_opaque_74646.png'
28:12.513  render           | Saved: '/tmp/clearvla_eval_opaque_74646.png'
28:12.836  render           | Saved: '/tmp/clearvla_eval_opaque_74646.png'
28:13.278  render           | Saved: '/tmp/clearvla_eval_opaque_74646.png'
28:13.609  render           | Saved: '/tmp/clearvla_eval_opaque_74646.png'
28:14.056  render           | Saved: '/tmp/clearvla_eval_opaque_74646.png'
28:14.385  render           | Saved: '/tmp/clearvla_eval_opaque_74646.png'
28:14.837  render           | Saved: '/tmp/clearvla_eval_opaque_74646.png'
28:15.163  render           | Saved: '/tmp/clearvla_eval_opaque_74646.png'
28:15.614  render           | Saved: '/tmp/clearvla_eval_opaque_74646.png'
28:15.943  render           | Saved: '/tmp/clearvla_eval_opaque_74646.png'
28:16.387  render           | Saved: '/tmp/clearvla_eval_opaque_74646.png'
28:16.718  render           | Saved: '/tmp/clearvla_eval_opaque_74646.png'
28:17.136  render           | Saved: '/tmp/clearvla_eval_opaque_74646.png'
28:17.463  render           | Saved: '/tmp/clearvla_eval_opaque_74646.png'
28:17.909  render           | Saved: '/tmp/clearvla_eval_opaque_74646.png'
28:18.238  render           | Saved: '/tmp/clearvla_eval_opaque_74646.png'
28:18.678  render           | Saved: '/tmp/clearvla_eval_opaque_74646.png'
28:19.011  render           | Saved: '/tmp/clearvla_eval_opaque_74646.png'
28:19.456  render           | Saved: '/tmp/clearvla_eval_opaque_74646.png'
28:19.784  render           | Saved: '/tmp/clearvla_eval_opaque_74646.png'
28:20.229  render           | Saved: '/tmp/clearvla_eval_opaque_74646.png'
28:20.559  render           | Saved: '/tmp/clearvla_eval_opaque_74646.png'
28:21.004  render           | Saved: '/tmp/clearvla_eval_opaque_74646.png'
28:21.334  render           | Saved: '/tmp/clearvla_eval_opaque_74646.png'
28:21.773  render           | Saved: '/tmp/clearvla_eval_opaque_74646.png'
28:22.101  render           | Saved: '/tmp/clearvla_eval_opaque_74646.png'
28:22.512  render           | Saved: '/tmp/clearvla_eval_opaque_74646.png'
28:22.846  render           | Saved: '/tmp/clearvla_eval_opaque_74646.png'
28:23.275  render           | Saved: '/tmp/clearvla_eval_opaque_74646.png'
28:23.622  render           | Saved: '/tmp/clearvla_eval_opaque_74646.png'
28:24.061  render           | Saved: '/tmp/clearvla_eval_opaque_74646.png'
28:24.394  render           | Saved: '/tmp/clearvla_eval_opaque_74646.png'
28:24.839  render           | Saved: '/tmp/clearvla_eval_opaque_74646.png'
28:25.165  render           | Saved: '/tmp/clearvla_eval_opaque_74646.png'
28:25.605  render           | Saved: '/tmp/clearvla_eval_opaque_74646.png'
28:25.935  render           | Saved: '/tmp/clearvla_eval_opaque_74646.png'
28:26.374  render           | Saved: '/tmp/clearvla_eval_opaque_74646.png'
28:26.704  render           | Saved: '/tmp/clearvla_eval_opaque_74646.png'
28:27.148  render           | Saved: '/tmp/clearvla_eval_opaque_74646.png'
28:27.479  render           | Saved: '/tmp/clearvla_eval_opaque_74646.png'
28:28.294  render           | Saved: '/tmp/clearvla_eval_opaque_74646.png'
28:28.648  render           | Saved: '/tmp/clearvla_eval_opaque_74646.png'
28:29.109  render           | Saved: '/tmp/clearvla_eval_opaque_74646.png'
28:29.482  render           | Saved: '/tmp/clearvla_eval_opaque_74646.png'
28:29.955  render           | Saved: '/tmp/clearvla_eval_opaque_74646.png'
28:30.361  render           | Saved: '/tmp/clearvla_eval_opaque_74646.png'
28:30.823  render           | Saved: '/tmp/clearvla_eval_opaque_74646.png'
28:31.197  render           | Saved: '/tmp/clearvla_eval_opaque_74646.png'
28:31.653  render           | Saved: '/tmp/clearvla_eval_opaque_74646.png'
28:32.044  render           | Saved: '/tmp/clearvla_eval_opaque_74646.png'
28:32.509  render           | Saved: '/tmp/clearvla_eval_opaque_74646.png'
28:32.893  render           | Saved: '/tmp/clearvla_eval_opaque_74646.png'
28:33.353  render           | Saved: '/tmp/clearvla_eval_opaque_74646.png'
28:33.739  render           | Saved: '/tmp/clearvla_eval_opaque_74646.png'
28:34.203  render           | Saved: '/tmp/clearvla_eval_opaque_74646.png'
28:34.581  render           | Saved: '/tmp/clearvla_eval_opaque_74646.png'
28:35.035  render           | Saved: '/tmp/clearvla_eval_opaque_74646.png'
28:35.397  render           | Saved: '/tmp/clearvla_eval_opaque_74646.png'
28:35.853  render           | Saved: '/tmp/clearvla_eval_opaque_74646.png'
28:36.228  render           | Saved: '/tmp/clearvla_eval_opaque_74646.png'
28:36.705  render           | Saved: '/tmp/clearvla_eval_opaque_74646.png'
28:37.082  render           | Saved: '/tmp/clearvla_eval_opaque_74646.png'
28:37.549  render           | Saved: '/tmp/clearvla_eval_opaque_74646.png'
28:37.934  render           | Saved: '/tmp/clearvla_eval_opaque_74646.png'
28:38.407  render           | Saved: '/tmp/clearvla_eval_opaque_74646.png'
28:38.773  render           | Saved: '/tmp/clearvla_eval_opaque_74646.png'
28:39.232  render           | Saved: '/tmp/clearvla_eval_opaque_74646.png'
28:39.605  render           | Saved: '/tmp/clearvla_eval_opaque_74646.png'
28:40.087  render           | Saved: '/tmp/clearvla_eval_opaque_74646.png'
28:40.455  render           | Saved: '/tmp/clearvla_eval_opaque_74646.png'
28:40.911  render           | Saved: '/tmp/clearvla_eval_opaque_74646.png'
28:41.300  render           | Saved: '/tmp/clearvla_eval_opaque_74646.png'
28:41.753  render           | Saved: '/tmp/clearvla_eval_opaque_74646.png'
28:42.124  render           | Saved: '/tmp/clearvla_eval_opaque_74646.png'
28:42.553  render           | Saved: '/tmp/clearvla_eval_opaque_74646.png'
28:42.903  render           | Saved: '/tmp/clearvla_eval_opaque_74646.png'
28:43.337  render           | Saved: '/tmp/clearvla_eval_opaque_74646.png'
28:43.669  render           | Saved: '/tmp/clearvla_eval_opaque_74646.png'
28:44.112  render           | Saved: '/tmp/clearvla_eval_opaque_74646.png'
28:44.442  render           | Saved: '/tmp/clearvla_eval_opaque_74646.png'
28:44.882  render           | Saved: '/tmp/clearvla_eval_opaque_74646.png'
28:45.209  render           | Saved: '/tmp/clearvla_eval_opaque_74646.png'
28:45.649  render           | Saved: '/tmp/clearvla_eval_opaque_74646.png'
28:45.981  render           | Saved: '/tmp/clearvla_eval_opaque_74646.png'
28:46.451  render           | Saved: '/tmp/clearvla_eval_opaque_74646.png'
28:46.776  render           | Saved: '/tmp/clearvla_eval_opaque_74646.png'
28:47.219  render           | Saved: '/tmp/clearvla_eval_opaque_74646.png'
28:47.548  render           | Saved: '/tmp/clearvla_eval_opaque_74646.png'
28:47.988  render           | Saved: '/tmp/clearvla_eval_opaque_74646.png'
28:48.317  render           | Saved: '/tmp/clearvla_eval_opaque_74646.png'
28:48.743  render           | Saved: '/tmp/clearvla_eval_opaque_74646.png'
28:49.078  render           | Saved: '/tmp/clearvla_eval_opaque_74646.png'
28:49.496  render           | Saved: '/tmp/clearvla_eval_opaque_74646.png'
28:49.822  render           | Saved: '/tmp/clearvla_eval_opaque_74646.png'
28:50.237  render           | Saved: '/tmp/clearvla_eval_opaque_74646.png'
28:50.589  render           | Saved: '/tmp/clearvla_eval_opaque_74646.png'
28:51.019  render           | Saved: '/tmp/clearvla_eval_opaque_74646.png'
28:51.351  render           | Saved: '/tmp/clearvla_eval_opaque_74646.png'
28:51.784  render           | Saved: '/tmp/clearvla_eval_opaque_74646.png'
28:52.116  render           | Saved: '/tmp/clearvla_eval_opaque_74646.png'
28:52.542  render           | Saved: '/tmp/clearvla_eval_opaque_74646.png'
28:52.873  render           | Saved: '/tmp/clearvla_eval_opaque_74646.png'
28:53.303  render           | Saved: '/tmp/clearvla_eval_opaque_74646.png'
28:53.647  render           | Saved: '/tmp/clearvla_eval_opaque_74646.png'
28:54.074  render           | Saved: '/tmp/clearvla_eval_opaque_74646.png'
28:54.408  render           | Saved: '/tmp/clearvla_eval_opaque_74646.png'
28:54.836  render           | Saved: '/tmp/clearvla_eval_opaque_74646.png'
28:55.172  render           | Saved: '/tmp/clearvla_eval_opaque_74646.png'
28:55.599  render           | Saved: '/tmp/clearvla_eval_opaque_74646.png'
28:55.932  render           | Saved: '/tmp/clearvla_eval_opaque_74646.png'
28:56.369  render           | Saved: '/tmp/clearvla_eval_opaque_74646.png'
28:56.698  render           | Saved: '/tmp/clearvla_eval_opaque_74646.png'
28:57.133  render           | Saved: '/tmp/clearvla_eval_opaque_74646.png'
28:57.462  render           | Saved: '/tmp/clearvla_eval_opaque_74646.png'
28:57.887  render           | Saved: '/tmp/clearvla_eval_opaque_74646.png'
28:58.216  render           | Saved: '/tmp/clearvla_eval_opaque_74646.png'
28:59.011  render           | Saved: '/tmp/clearvla_eval_opaque_74646.png'
28:59.355  render           | Saved: '/tmp/clearvla_eval_opaque_74646.png'
28:59.757  render           | Saved: '/tmp/clearvla_eval_opaque_74646.png'
29:00.115  render           | Saved: '/tmp/clearvla_eval_opaque_74646.png'
29:00.570  render           | Saved: '/tmp/clearvla_eval_opaque_74646.png'
29:00.935  render           | Saved: '/tmp/clearvla_eval_opaque_74646.png'
29:01.391  render           | Saved: '/tmp/clearvla_eval_opaque_74646.png'
29:01.790  render           | Saved: '/tmp/clearvla_eval_opaque_74646.png'
29:02.211  render           | Saved: '/tmp/clearvla_eval_opaque_74646.png'
29:02.588  render           | Saved: '/tmp/clearvla_eval_opaque_74646.png'
29:03.038  render           | Saved: '/tmp/clearvla_eval_opaque_74646.png'
29:03.415  render           | Saved: '/tmp/clearvla_eval_opaque_74646.png'
29:03.885  render           | Saved: '/tmp/clearvla_eval_opaque_74646.png'
29:04.255  render           | Saved: '/tmp/clearvla_eval_opaque_74646.png'
29:04.721  render           | Saved: '/tmp/clearvla_eval_opaque_74646.png'
29:05.092  render           | Saved: '/tmp/clearvla_eval_opaque_74646.png'
29:05.541  render           | Saved: '/tmp/clearvla_eval_opaque_74646.png'
29:05.923  render           | Saved: '/tmp/clearvla_eval_opaque_74646.png'
29:06.386  render           | Saved: '/tmp/clearvla_eval_opaque_74646.png'
29:06.775  render           | Saved: '/tmp/clearvla_eval_opaque_74646.png'
29:07.257  render           | Saved: '/tmp/clearvla_eval_opaque_74646.png'
29:07.651  render           | Saved: '/tmp/clearvla_eval_opaque_74646.png'
29:08.125  render           | Saved: '/tmp/clearvla_eval_opaque_74646.png'
29:08.496  render           | Saved: '/tmp/clearvla_eval_opaque_74646.png'
29:08.959  render           | Saved: '/tmp/clearvla_eval_opaque_74646.png'
29:09.335  render           | Saved: '/tmp/clearvla_eval_opaque_74646.png'
29:09.803  render           | Saved: '/tmp/clearvla_eval_opaque_74646.png'
29:10.181  render           | Saved: '/tmp/clearvla_eval_opaque_74646.png'
29:10.643  render           | Saved: '/tmp/clearvla_eval_opaque_74646.png'
29:11.015  render           | Saved: '/tmp/clearvla_eval_opaque_74646.png'
29:11.476  render           | Saved: '/tmp/clearvla_eval_opaque_74646.png'
29:11.845  render           | Saved: '/tmp/clearvla_eval_opaque_74646.png'
29:12.321  render           | Saved: '/tmp/clearvla_eval_opaque_74646.png'
29:12.688  render           | Saved: '/tmp/clearvla_eval_opaque_74646.png'
29:13.117  render           | Saved: '/tmp/clearvla_eval_opaque_74646.png'
29:13.477  render           | Saved: '/tmp/clearvla_eval_opaque_74646.png'
29:13.922  render           | Saved: '/tmp/clearvla_eval_opaque_74646.png'
29:14.250  render           | Saved: '/tmp/clearvla_eval_opaque_74646.png'
29:14.706  render           | Saved: '/tmp/clearvla_eval_opaque_74646.png'
29:15.048  render           | Saved: '/tmp/clearvla_eval_opaque_74646.png'
29:15.492  render           | Saved: '/tmp/clearvla_eval_opaque_74646.png'
29:15.822  render           | Saved: '/tmp/clearvla_eval_opaque_74646.png'
29:16.265  render           | Saved: '/tmp/clearvla_eval_opaque_74646.png'
29:16.590  render           | Saved: '/tmp/clearvla_eval_opaque_74646.png'
29:17.033  render           | Saved: '/tmp/clearvla_eval_opaque_74646.png'
29:17.367  render           | Saved: '/tmp/clearvla_eval_opaque_74646.png'
29:17.814  render           | Saved: '/tmp/clearvla_eval_opaque_74646.png'
29:18.140  render           | Saved: '/tmp/clearvla_eval_opaque_74646.png'
29:18.579  render           | Saved: '/tmp/clearvla_eval_opaque_74646.png'
29:18.909  render           | Saved: '/tmp/clearvla_eval_opaque_74646.png'
29:19.321  render           | Saved: '/tmp/clearvla_eval_opaque_74646.png'
29:19.663  render           | Saved: '/tmp/clearvla_eval_opaque_74646.png'
29:20.078  render           | Saved: '/tmp/clearvla_eval_opaque_74646.png'
29:20.413  render           | Saved: '/tmp/clearvla_eval_opaque_74646.png'
29:20.843  render           | Saved: '/tmp/clearvla_eval_opaque_74646.png'
29:21.172  render           | Saved: '/tmp/clearvla_eval_opaque_74646.png'
29:21.583  render           | Saved: '/tmp/clearvla_eval_opaque_74646.png'
29:21.930  render           | Saved: '/tmp/clearvla_eval_opaque_74646.png'
29:22.352  render           | Saved: '/tmp/clearvla_eval_opaque_74646.png'
29:22.702  render           | Saved: '/tmp/clearvla_eval_opaque_74646.png'
29:23.135  render           | Saved: '/tmp/clearvla_eval_opaque_74646.png'
29:23.469  render           | Saved: '/tmp/clearvla_eval_opaque_74646.png'
29:23.894  render           | Saved: '/tmp/clearvla_eval_opaque_74646.png'
29:24.227  render           | Saved: '/tmp/clearvla_eval_opaque_74646.png'
29:24.651  render           | Saved: '/tmp/clearvla_eval_opaque_74646.png'
29:24.978  render           | Saved: '/tmp/clearvla_eval_opaque_74646.png'
29:25.401  render           | Saved: '/tmp/clearvla_eval_opaque_74646.png'
29:25.738  render           | Saved: '/tmp/clearvla_eval_opaque_74646.png'
29:26.159  render           | Saved: '/tmp/clearvla_eval_opaque_74646.png'
29:26.489  render           | Saved: '/tmp/clearvla_eval_opaque_74646.png'
29:26.915  render           | Saved: '/tmp/clearvla_eval_opaque_74646.png'
29:27.256  render           | Saved: '/tmp/clearvla_eval_opaque_74646.png'
29:27.683  render           | Saved: '/tmp/clearvla_eval_opaque_74646.png'
29:28.016  render           | Saved: '/tmp/clearvla_eval_opaque_74646.png'
29:28.442  render           | Saved: '/tmp/clearvla_eval_opaque_74646.png'
29:28.772  render           | Saved: '/tmp/clearvla_eval_opaque_74646.png'
29:29.582  render           | Saved: '/tmp/clearvla_eval_opaque_74646.png'
29:29.924  render           | Saved: '/tmp/clearvla_eval_opaque_74646.png'
29:30.315  render           | Saved: '/tmp/clearvla_eval_opaque_74646.png'
29:30.670  render           | Saved: '/tmp/clearvla_eval_opaque_74646.png'
29:31.121  render           | Saved: '/tmp/clearvla_eval_opaque_74646.png'
29:31.490  render           | Saved: '/tmp/clearvla_eval_opaque_74646.png'
29:31.944  render           | Saved: '/tmp/clearvla_eval_opaque_74646.png'
29:32.338  render           | Saved: '/tmp/clearvla_eval_opaque_74646.png'
29:32.803  render           | Saved: '/tmp/clearvla_eval_opaque_74646.png'
29:33.176  render           | Saved: '/tmp/clearvla_eval_opaque_74646.png'
29:33.633  render           | Saved: '/tmp/clearvla_eval_opaque_74646.png'
29:34.006  render           | Saved: '/tmp/clearvla_eval_opaque_74646.png'
29:34.461  render           | Saved: '/tmp/clearvla_eval_opaque_74646.png'
29:34.827  render           | Saved: '/tmp/clearvla_eval_opaque_74646.png'
29:35.277  render           | Saved: '/tmp/clearvla_eval_opaque_74646.png'
29:35.636  render           | Saved: '/tmp/clearvla_eval_opaque_74646.png'
29:36.113  render           | Saved: '/tmp/clearvla_eval_opaque_74646.png'
29:36.468  render           | Saved: '/tmp/clearvla_eval_opaque_74646.png'
29:36.916  render           | Saved: '/tmp/clearvla_eval_opaque_74646.png'
29:37.284  render           | Saved: '/tmp/clearvla_eval_opaque_74646.png'
29:37.776  render           | Saved: '/tmp/clearvla_eval_opaque_74646.png'
29:38.152  render           | Saved: '/tmp/clearvla_eval_opaque_74646.png'
29:38.610  render           | Saved: '/tmp/clearvla_eval_opaque_74646.png'
29:38.985  render           | Saved: '/tmp/clearvla_eval_opaque_74646.png'
29:39.452  render           | Saved: '/tmp/clearvla_eval_opaque_74646.png'
29:39.829  render           | Saved: '/tmp/clearvla_eval_opaque_74646.png'
29:40.317  render           | Saved: '/tmp/clearvla_eval_opaque_74646.png'
29:40.687  render           | Saved: '/tmp/clearvla_eval_opaque_74646.png'
29:41.146  render           | Saved: '/tmp/clearvla_eval_opaque_74646.png'
29:41.516  render           | Saved: '/tmp/clearvla_eval_opaque_74646.png'
29:41.990  render           | Saved: '/tmp/clearvla_eval_opaque_74646.png'
29:42.354  render           | Saved: '/tmp/clearvla_eval_opaque_74646.png'
29:42.801  render           | Saved: '/tmp/clearvla_eval_opaque_74646.png'
29:43.178  render           | Saved: '/tmp/clearvla_eval_opaque_74646.png'
29:43.608  render           | Saved: '/tmp/clearvla_eval_opaque_74646.png'
29:43.947  render           | Saved: '/tmp/clearvla_eval_opaque_74646.png'
29:44.401  render           | Saved: '/tmp/clearvla_eval_opaque_74646.png'
29:44.733  render           | Saved: '/tmp/clearvla_eval_opaque_74646.png'
29:45.157  render           | Saved: '/tmp/clearvla_eval_opaque_74646.png'
29:45.507  render           | Saved: '/tmp/clearvla_eval_opaque_74646.png'
29:45.931  render           | Saved: '/tmp/clearvla_eval_opaque_74646.png'
29:46.278  render           | Saved: '/tmp/clearvla_eval_opaque_74646.png'
29:46.704  render           | Saved: '/tmp/clearvla_eval_opaque_74646.png'
29:47.035  render           | Saved: '/tmp/clearvla_eval_opaque_74646.png'
29:47.464  render           | Saved: '/tmp/clearvla_eval_opaque_74646.png'
29:47.810  render           | Saved: '/tmp/clearvla_eval_opaque_74646.png'
29:48.236  render           | Saved: '/tmp/clearvla_eval_opaque_74646.png'
29:48.571  render           | Saved: '/tmp/clearvla_eval_opaque_74646.png'
29:48.999  render           | Saved: '/tmp/clearvla_eval_opaque_74646.png'
29:49.333  render           | Saved: '/tmp/clearvla_eval_opaque_74646.png'
29:49.759  render           | Saved: '/tmp/clearvla_eval_opaque_74646.png'
29:50.096  render           | Saved: '/tmp/clearvla_eval_opaque_74646.png'
29:50.507  render           | Saved: '/tmp/clearvla_eval_opaque_74646.png'
29:50.853  render           | Saved: '/tmp/clearvla_eval_opaque_74646.png'
29:51.293  render           | Saved: '/tmp/clearvla_eval_opaque_74646.png'
29:51.619  render           | Saved: '/tmp/clearvla_eval_opaque_74646.png'
29:52.060  render           | Saved: '/tmp/clearvla_eval_opaque_74646.png'
29:52.385  render           | Saved: '/tmp/clearvla_eval_opaque_74646.png'
29:52.832  render           | Saved: '/tmp/clearvla_eval_opaque_74646.png'
29:53.160  render           | Saved: '/tmp/clearvla_eval_opaque_74646.png'
29:53.598  render           | Saved: '/tmp/clearvla_eval_opaque_74646.png'
29:53.930  render           | Saved: '/tmp/clearvla_eval_opaque_74646.png'
29:54.374  render           | Saved: '/tmp/clearvla_eval_opaque_74646.png'
29:54.706  render           | Saved: '/tmp/clearvla_eval_opaque_74646.png'
29:55.140  render           | Saved: '/tmp/clearvla_eval_opaque_74646.png'
29:55.473  render           | Saved: '/tmp/clearvla_eval_opaque_74646.png'
29:55.912  render           | Saved: '/tmp/clearvla_eval_opaque_74646.png'
29:56.240  render           | Saved: '/tmp/clearvla_eval_opaque_74646.png'
29:56.680  render           | Saved: '/tmp/clearvla_eval_opaque_74646.png'
29:57.008  render           | Saved: '/tmp/clearvla_eval_opaque_74646.png'
29:57.471  render           | Saved: '/tmp/clearvla_eval_opaque_74646.png'
29:57.794  render           | Saved: '/tmp/clearvla_eval_opaque_74646.png'
29:58.257  render           | Saved: '/tmp/clearvla_eval_opaque_74646.png'
29:58.585  render           | Saved: '/tmp/clearvla_eval_opaque_74646.png'
29:59.026  render           | Saved: '/tmp/clearvla_eval_opaque_74646.png'
29:59.355  render           | Saved: '/tmp/clearvla_eval_opaque_74646.png'
[cache25/opaque] pour: 0/10  (29.9 min, 30.2 s/ep)
30:00.167  render           | Saved: '/tmp/clearvla_eval_opaque_74646.png'
30:00.529  render           | Saved: '/tmp/clearvla_eval_opaque_74646.png'
30:01.017  render           | Saved: '/tmp/clearvla_eval_opaque_74646.png'
30:01.381  render           | Saved: '/tmp/clearvla_eval_opaque_74646.png'
30:01.837  render           | Saved: '/tmp/clearvla_eval_opaque_74646.png'
30:02.202  render           | Saved: '/tmp/clearvla_eval_opaque_74646.png'
30:02.654  render           | Saved: '/tmp/clearvla_eval_opaque_74646.png'
30:03.021  render           | Saved: '/tmp/clearvla_eval_opaque_74646.png'
30:03.470  render           | Saved: '/tmp/clearvla_eval_opaque_74646.png'
30:03.841  render           | Saved: '/tmp/clearvla_eval_opaque_74646.png'
30:04.336  render           | Saved: '/tmp/clearvla_eval_opaque_74646.png'
30:04.701  render           | Saved: '/tmp/clearvla_eval_opaque_74646.png'
30:05.153  render           | Saved: '/tmp/clearvla_eval_opaque_74646.png'
30:05.522  render           | Saved: '/tmp/clearvla_eval_opaque_74646.png'
30:05.975  render           | Saved: '/tmp/clearvla_eval_opaque_74646.png'
30:06.344  render           | Saved: '/tmp/clearvla_eval_opaque_74646.png'
30:06.821  render           | Saved: '/tmp/clearvla_eval_opaque_74646.png'
30:07.207  render           | Saved: '/tmp/clearvla_eval_opaque_74646.png'
30:07.666  render           | Saved: '/tmp/clearvla_eval_opaque_74646.png'
30:08.034  render           | Saved: '/tmp/clearvla_eval_opaque_74646.png'
30:08.480  render           | Saved: '/tmp/clearvla_eval_opaque_74646.png'
30:08.848  render           | Saved: '/tmp/clearvla_eval_opaque_74646.png'
30:09.285  render           | Saved: '/tmp/clearvla_eval_opaque_74646.png'
30:09.669  render           | Saved: '/tmp/clearvla_eval_opaque_74646.png'
30:10.126  render           | Saved: '/tmp/clearvla_eval_opaque_74646.png'
30:10.488  render           | Saved: '/tmp/clearvla_eval_opaque_74646.png'
30:10.953  render           | Saved: '/tmp/clearvla_eval_opaque_74646.png'
30:11.323  render           | Saved: '/tmp/clearvla_eval_opaque_74646.png'
30:11.778  render           | Saved: '/tmp/clearvla_eval_opaque_74646.png'
30:12.151  render           | Saved: '/tmp/clearvla_eval_opaque_74646.png'
30:12.606  render           | Saved: '/tmp/clearvla_eval_opaque_74646.png'
30:12.966  render           | Saved: '/tmp/clearvla_eval_opaque_74646.png'
30:13.418  render           | Saved: '/tmp/clearvla_eval_opaque_74646.png'
30:13.791  render           | Saved: '/tmp/clearvla_eval_opaque_74646.png'
30:14.221  render           | Saved: '/tmp/clearvla_eval_opaque_74646.png'
30:14.577  render           | Saved: '/tmp/clearvla_eval_opaque_74646.png'
30:15.008  render           | Saved: '/tmp/clearvla_eval_opaque_74646.png'
30:15.328  render           | Saved: '/tmp/clearvla_eval_opaque_74646.png'
30:15.773  render           | Saved: '/tmp/clearvla_eval_opaque_74646.png'
30:16.101  render           | Saved: '/tmp/clearvla_eval_opaque_74646.png'
30:16.546  render           | Saved: '/tmp/clearvla_eval_opaque_74646.png'
30:16.875  render           | Saved: '/tmp/clearvla_eval_opaque_74646.png'
30:17.315  render           | Saved: '/tmp/clearvla_eval_opaque_74646.png'
30:17.642  render           | Saved: '/tmp/clearvla_eval_opaque_74646.png'
30:18.084  render           | Saved: '/tmp/clearvla_eval_opaque_74646.png'
30:18.414  render           | Saved: '/tmp/clearvla_eval_opaque_74646.png'
30:18.872  render           | Saved: '/tmp/clearvla_eval_opaque_74646.png'
30:19.195  render           | Saved: '/tmp/clearvla_eval_opaque_74646.png'
30:19.642  render           | Saved: '/tmp/clearvla_eval_opaque_74646.png'
30:19.971  render           | Saved: '/tmp/clearvla_eval_opaque_74646.png'
30:20.424  render           | Saved: '/tmp/clearvla_eval_opaque_74646.png'
30:20.754  render           | Saved: '/tmp/clearvla_eval_opaque_74646.png'
30:21.198  render           | Saved: '/tmp/clearvla_eval_opaque_74646.png'
30:21.525  render           | Saved: '/tmp/clearvla_eval_opaque_74646.png'
30:21.961  render           | Saved: '/tmp/clearvla_eval_opaque_74646.png'
30:22.285  render           | Saved: '/tmp/clearvla_eval_opaque_74646.png'
30:22.720  render           | Saved: '/tmp/clearvla_eval_opaque_74646.png'
30:23.053  render           | Saved: '/tmp/clearvla_eval_opaque_74646.png'
30:23.496  render           | Saved: '/tmp/clearvla_eval_opaque_74646.png'
30:23.825  render           | Saved: '/tmp/clearvla_eval_opaque_74646.png'
30:24.266  render           | Saved: '/tmp/clearvla_eval_opaque_74646.png'
30:24.589  render           | Saved: '/tmp/clearvla_eval_opaque_74646.png'
30:25.007  render           | Saved: '/tmp/clearvla_eval_opaque_74646.png'
30:25.336  render           | Saved: '/tmp/clearvla_eval_opaque_74646.png'
30:25.752  render           | Saved: '/tmp/clearvla_eval_opaque_74646.png'
30:26.086  render           | Saved: '/tmp/clearvla_eval_opaque_74646.png'
30:26.503  render           | Saved: '/tmp/clearvla_eval_opaque_74646.png'
30:26.832  render           | Saved: '/tmp/clearvla_eval_opaque_74646.png'
30:27.260  render           | Saved: '/tmp/clearvla_eval_opaque_74646.png'
30:27.605  render           | Saved: '/tmp/clearvla_eval_opaque_74646.png'
30:28.014  render           | Saved: '/tmp/clearvla_eval_opaque_74646.png'
30:28.362  render           | Saved: '/tmp/clearvla_eval_opaque_74646.png'
30:28.768  render           | Saved: '/tmp/clearvla_eval_opaque_74646.png'
30:29.098  render           | Saved: '/tmp/clearvla_eval_opaque_74646.png'
30:29.524  render           | Saved: '/tmp/clearvla_eval_opaque_74646.png'
30:29.855  render           | Saved: '/tmp/clearvla_eval_opaque_74646.png'
30:30.643  render           | Saved: '/tmp/clearvla_eval_opaque_74646.png'
30:30.989  render           | Saved: '/tmp/clearvla_eval_opaque_74646.png'
30:31.387  render           | Saved: '/tmp/clearvla_eval_opaque_74646.png'
30:31.742  render           | Saved: '/tmp/clearvla_eval_opaque_74646.png'
30:32.192  render           | Saved: '/tmp/clearvla_eval_opaque_74646.png'
30:32.563  render           | Saved: '/tmp/clearvla_eval_opaque_74646.png'
30:33.040  render           | Saved: '/tmp/clearvla_eval_opaque_74646.png'
30:33.411  render           | Saved: '/tmp/clearvla_eval_opaque_74646.png'
30:33.887  render           | Saved: '/tmp/clearvla_eval_opaque_74646.png'
30:34.254  render           | Saved: '/tmp/clearvla_eval_opaque_74646.png'
30:34.722  render           | Saved: '/tmp/clearvla_eval_opaque_74646.png'
30:35.093  render           | Saved: '/tmp/clearvla_eval_opaque_74646.png'
30:35.567  render           | Saved: '/tmp/clearvla_eval_opaque_74646.png'
30:35.956  render           | Saved: '/tmp/clearvla_eval_opaque_74646.png'
30:36.411  render           | Saved: '/tmp/clearvla_eval_opaque_74646.png'
30:36.777  render           | Saved: '/tmp/clearvla_eval_opaque_74646.png'
30:37.238  render           | Saved: '/tmp/clearvla_eval_opaque_74646.png'
30:37.600  render           | Saved: '/tmp/clearvla_eval_opaque_74646.png'
30:38.058  render           | Saved: '/tmp/clearvla_eval_opaque_74646.png'
30:38.442  render           | Saved: '/tmp/clearvla_eval_opaque_74646.png'
30:38.916  render           | Saved: '/tmp/clearvla_eval_opaque_74646.png'
30:39.280  render           | Saved: '/tmp/clearvla_eval_opaque_74646.png'
30:39.760  render           | Saved: '/tmp/clearvla_eval_opaque_74646.png'
30:40.141  render           | Saved: '/tmp/clearvla_eval_opaque_74646.png'
30:40.615  render           | Saved: '/tmp/clearvla_eval_opaque_74646.png'
30:40.985  render           | Saved: '/tmp/clearvla_eval_opaque_74646.png'
30:41.439  render           | Saved: '/tmp/clearvla_eval_opaque_74646.png'
30:41.816  render           | Saved: '/tmp/clearvla_eval_opaque_74646.png'
30:42.291  render           | Saved: '/tmp/clearvla_eval_opaque_74646.png'
30:42.657  render           | Saved: '/tmp/clearvla_eval_opaque_74646.png'
30:43.129  render           | Saved: '/tmp/clearvla_eval_opaque_74646.png'
30:43.494  render           | Saved: '/tmp/clearvla_eval_opaque_74646.png'
30:43.959  render           | Saved: '/tmp/clearvla_eval_opaque_74646.png'
30:44.359  render           | Saved: '/tmp/clearvla_eval_opaque_74646.png'
30:44.776  render           | Saved: '/tmp/clearvla_eval_opaque_74646.png'
30:45.124  render           | Saved: '/tmp/clearvla_eval_opaque_74646.png'
30:45.555  render           | Saved: '/tmp/clearvla_eval_opaque_74646.png'
30:45.869  render           | Saved: '/tmp/clearvla_eval_opaque_74646.png'
30:46.310  render           | Saved: '/tmp/clearvla_eval_opaque_74646.png'
30:46.637  render           | Saved: '/tmp/clearvla_eval_opaque_74646.png'
30:47.079  render           | Saved: '/tmp/clearvla_eval_opaque_74646.png'
30:47.408  render           | Saved: '/tmp/clearvla_eval_opaque_74646.png'
30:47.849  render           | Saved: '/tmp/clearvla_eval_opaque_74646.png'
30:48.179  render           | Saved: '/tmp/clearvla_eval_opaque_74646.png'
30:48.625  render           | Saved: '/tmp/clearvla_eval_opaque_74646.png'
30:48.955  render           | Saved: '/tmp/clearvla_eval_opaque_74646.png'
30:49.401  render           | Saved: '/tmp/clearvla_eval_opaque_74646.png'
30:49.723  render           | Saved: '/tmp/clearvla_eval_opaque_74646.png'
30:50.166  render           | Saved: '/tmp/clearvla_eval_opaque_74646.png'
30:50.495  render           | Saved: '/tmp/clearvla_eval_opaque_74646.png'
30:50.938  render           | Saved: '/tmp/clearvla_eval_opaque_74646.png'
30:51.266  render           | Saved: '/tmp/clearvla_eval_opaque_74646.png'
30:51.715  render           | Saved: '/tmp/clearvla_eval_opaque_74646.png'
30:52.043  render           | Saved: '/tmp/clearvla_eval_opaque_74646.png'
30:52.486  render           | Saved: '/tmp/clearvla_eval_opaque_74646.png'
30:52.812  render           | Saved: '/tmp/clearvla_eval_opaque_74646.png'
30:53.244  render           | Saved: '/tmp/clearvla_eval_opaque_74646.png'
30:53.575  render           | Saved: '/tmp/clearvla_eval_opaque_74646.png'
30:54.016  render           | Saved: '/tmp/clearvla_eval_opaque_74646.png'
30:54.345  render           | Saved: '/tmp/clearvla_eval_opaque_74646.png'
30:54.785  render           | Saved: '/tmp/clearvla_eval_opaque_74646.png'
30:55.149  render           | Saved: '/tmp/clearvla_eval_opaque_74646.png'
30:55.610  render           | Saved: '/tmp/clearvla_eval_opaque_74646.png'
30:55.944  render           | Saved: '/tmp/clearvla_eval_opaque_74646.png'
30:56.357  render           | Saved: '/tmp/clearvla_eval_opaque_74646.png'
30:56.684  render           | Saved: '/tmp/clearvla_eval_opaque_74646.png'
30:57.080  render           | Saved: '/tmp/clearvla_eval_opaque_74646.png'
30:57.404  render           | Saved: '/tmp/clearvla_eval_opaque_74646.png'
30:57.811  render           | Saved: '/tmp/clearvla_eval_opaque_74646.png'
30:58.134  render           | Saved: '/tmp/clearvla_eval_opaque_74646.png'
30:58.531  render           | Saved: '/tmp/clearvla_eval_opaque_74646.png'
30:58.872  render           | Saved: '/tmp/clearvla_eval_opaque_74646.png'
30:59.308  render           | Saved: '/tmp/clearvla_eval_opaque_74646.png'
30:59.692  render           | Saved: '/tmp/clearvla_eval_opaque_74646.png'
31:00.131  render           | Saved: '/tmp/clearvla_eval_opaque_74646.png'
31:00.495  render           | Saved: '/tmp/clearvla_eval_opaque_74646.png'
31:01.355  render           | Saved: '/tmp/clearvla_eval_opaque_74646.png'
31:01.726  render           | Saved: '/tmp/clearvla_eval_opaque_74646.png'
31:02.147  render           | Saved: '/tmp/clearvla_eval_opaque_74646.png'
31:02.536  render           | Saved: '/tmp/clearvla_eval_opaque_74646.png'
31:02.941  render           | Saved: '/tmp/clearvla_eval_opaque_74646.png'
31:03.315  render           | Saved: '/tmp/clearvla_eval_opaque_74646.png'
31:03.718  render           | Saved: '/tmp/clearvla_eval_opaque_74646.png'
31:04.089  render           | Saved: '/tmp/clearvla_eval_opaque_74646.png'
31:04.493  render           | Saved: '/tmp/clearvla_eval_opaque_74646.png'
31:04.869  render           | Saved: '/tmp/clearvla_eval_opaque_74646.png'
31:05.279  render           | Saved: '/tmp/clearvla_eval_opaque_74646.png'
31:05.624  render           | Saved: '/tmp/clearvla_eval_opaque_74646.png'
31:06.067  render           | Saved: '/tmp/clearvla_eval_opaque_74646.png'
31:06.411  render           | Saved: '/tmp/clearvla_eval_opaque_74646.png'
31:06.853  render           | Saved: '/tmp/clearvla_eval_opaque_74646.png'
31:07.187  render           | Saved: '/tmp/clearvla_eval_opaque_74646.png'
31:07.626  render           | Saved: '/tmp/clearvla_eval_opaque_74646.png'
31:07.954  render           | Saved: '/tmp/clearvla_eval_opaque_74646.png'
31:08.394  render           | Saved: '/tmp/clearvla_eval_opaque_74646.png'
31:08.724  render           | Saved: '/tmp/clearvla_eval_opaque_74646.png'
31:09.174  render           | Saved: '/tmp/clearvla_eval_opaque_74646.png'
31:09.501  render           | Saved: '/tmp/clearvla_eval_opaque_74646.png'
31:09.961  render           | Saved: '/tmp/clearvla_eval_opaque_74646.png'
31:10.279  render           | Saved: '/tmp/clearvla_eval_opaque_74646.png'
31:10.723  render           | Saved: '/tmp/clearvla_eval_opaque_74646.png'
31:11.048  render           | Saved: '/tmp/clearvla_eval_opaque_74646.png'
31:11.484  render           | Saved: '/tmp/clearvla_eval_opaque_74646.png'
31:11.815  render           | Saved: '/tmp/clearvla_eval_opaque_74646.png'
31:12.238  render           | Saved: '/tmp/clearvla_eval_opaque_74646.png'
31:12.568  render           | Saved: '/tmp/clearvla_eval_opaque_74646.png'
31:13.002  render           | Saved: '/tmp/clearvla_eval_opaque_74646.png'
31:13.334  render           | Saved: '/tmp/clearvla_eval_opaque_74646.png'
31:13.762  render           | Saved: '/tmp/clearvla_eval_opaque_74646.png'
31:14.111  render           | Saved: '/tmp/clearvla_eval_opaque_74646.png'
31:14.537  render           | Saved: '/tmp/clearvla_eval_opaque_74646.png'
31:14.878  render           | Saved: '/tmp/clearvla_eval_opaque_74646.png'
31:15.293  render           | Saved: '/tmp/clearvla_eval_opaque_74646.png'
31:15.645  render           | Saved: '/tmp/clearvla_eval_opaque_74646.png'
31:16.047  render           | Saved: '/tmp/clearvla_eval_opaque_74646.png'
31:16.399  render           | Saved: '/tmp/clearvla_eval_opaque_74646.png'
31:16.801  render           | Saved: '/tmp/clearvla_eval_opaque_74646.png'
31:17.138  render           | Saved: '/tmp/clearvla_eval_opaque_74646.png'
31:17.530  render           | Saved: '/tmp/clearvla_eval_opaque_74646.png'
31:17.868  render           | Saved: '/tmp/clearvla_eval_opaque_74646.png'
31:18.264  render           | Saved: '/tmp/clearvla_eval_opaque_74646.png'
31:18.605  render           | Saved: '/tmp/clearvla_eval_opaque_74646.png'
31:18.999  render           | Saved: '/tmp/clearvla_eval_opaque_74646.png'
31:19.348  render           | Saved: '/tmp/clearvla_eval_opaque_74646.png'
31:19.765  render           | Saved: '/tmp/clearvla_eval_opaque_74646.png'
31:20.133  render           | Saved: '/tmp/clearvla_eval_opaque_74646.png'
31:20.585  render           | Saved: '/tmp/clearvla_eval_opaque_74646.png'
31:20.962  render           | Saved: '/tmp/clearvla_eval_opaque_74646.png'
31:21.423  render           | Saved: '/tmp/clearvla_eval_opaque_74646.png'
31:21.828  render           | Saved: '/tmp/clearvla_eval_opaque_74646.png'
31:22.293  render           | Saved: '/tmp/clearvla_eval_opaque_74646.png'
31:22.654  render           | Saved: '/tmp/clearvla_eval_opaque_74646.png'
31:23.110  render           | Saved: '/tmp/clearvla_eval_opaque_74646.png'
31:23.479  render           | Saved: '/tmp/clearvla_eval_opaque_74646.png'
31:23.957  render           | Saved: '/tmp/clearvla_eval_opaque_74646.png'
31:24.324  render           | Saved: '/tmp/clearvla_eval_opaque_74646.png'
31:24.791  render           | Saved: '/tmp/clearvla_eval_opaque_74646.png'
31:25.160  render           | Saved: '/tmp/clearvla_eval_opaque_74646.png'
31:25.639  render           | Saved: '/tmp/clearvla_eval_opaque_74646.png'
31:26.019  render           | Saved: '/tmp/clearvla_eval_opaque_74646.png'
31:26.498  render           | Saved: '/tmp/clearvla_eval_opaque_74646.png'
31:26.871  render           | Saved: '/tmp/clearvla_eval_opaque_74646.png'
31:27.342  render           | Saved: '/tmp/clearvla_eval_opaque_74646.png'
31:27.715  render           | Saved: '/tmp/clearvla_eval_opaque_74646.png'
31:28.175  render           | Saved: '/tmp/clearvla_eval_opaque_74646.png'
31:28.563  render           | Saved: '/tmp/clearvla_eval_opaque_74646.png'
31:29.100  render           | Saved: '/tmp/clearvla_eval_opaque_74646.png'
31:29.459  render           | Saved: '/tmp/clearvla_eval_opaque_74646.png'
31:29.905  render           | Saved: '/tmp/clearvla_eval_opaque_74646.png'
31:30.277  render           | Saved: '/tmp/clearvla_eval_opaque_74646.png'
31:30.734  render           | Saved: '/tmp/clearvla_eval_opaque_74646.png'
31:31.071  render           | Saved: '/tmp/clearvla_eval_opaque_74646.png'
31:32.002  render           | Saved: '/tmp/clearvla_eval_opaque_74646.png'
31:32.328  render           | Saved: '/tmp/clearvla_eval_opaque_74646.png'
31:32.767  render           | Saved: '/tmp/clearvla_eval_opaque_74646.png'
31:33.115  render           | Saved: '/tmp/clearvla_eval_opaque_74646.png'
31:33.558  render           | Saved: '/tmp/clearvla_eval_opaque_74646.png'
31:33.897  render           | Saved: '/tmp/clearvla_eval_opaque_74646.png'
31:34.345  render           | Saved: '/tmp/clearvla_eval_opaque_74646.png'
31:34.679  render           | Saved: '/tmp/clearvla_eval_opaque_74646.png'
31:35.124  render           | Saved: '/tmp/clearvla_eval_opaque_74646.png'
31:35.449  render           | Saved: '/tmp/clearvla_eval_opaque_74646.png'
31:35.892  render           | Saved: '/tmp/clearvla_eval_opaque_74646.png'
31:36.228  render           | Saved: '/tmp/clearvla_eval_opaque_74646.png'
31:36.684  render           | Saved: '/tmp/clearvla_eval_opaque_74646.png'
31:37.006  render           | Saved: '/tmp/clearvla_eval_opaque_74646.png'
31:37.439  render           | Saved: '/tmp/clearvla_eval_opaque_74646.png'
31:37.774  render           | Saved: '/tmp/clearvla_eval_opaque_74646.png'
31:38.217  render           | Saved: '/tmp/clearvla_eval_opaque_74646.png'
31:38.553  render           | Saved: '/tmp/clearvla_eval_opaque_74646.png'
31:38.984  render           | Saved: '/tmp/clearvla_eval_opaque_74646.png'
31:39.321  render           | Saved: '/tmp/clearvla_eval_opaque_74646.png'
31:39.764  render           | Saved: '/tmp/clearvla_eval_opaque_74646.png'
31:40.099  render           | Saved: '/tmp/clearvla_eval_opaque_74646.png'
31:40.533  render           | Saved: '/tmp/clearvla_eval_opaque_74646.png'
31:40.863  render           | Saved: '/tmp/clearvla_eval_opaque_74646.png'
31:41.328  render           | Saved: '/tmp/clearvla_eval_opaque_74646.png'
31:41.652  render           | Saved: '/tmp/clearvla_eval_opaque_74646.png'
31:42.079  render           | Saved: '/tmp/clearvla_eval_opaque_74646.png'
31:42.407  render           | Saved: '/tmp/clearvla_eval_opaque_74646.png'
31:42.854  render           | Saved: '/tmp/clearvla_eval_opaque_74646.png'
31:43.181  render           | Saved: '/tmp/clearvla_eval_opaque_74646.png'
31:43.625  render           | Saved: '/tmp/clearvla_eval_opaque_74646.png'
31:43.955  render           | Saved: '/tmp/clearvla_eval_opaque_74646.png'
31:44.389  render           | Saved: '/tmp/clearvla_eval_opaque_74646.png'
31:44.726  render           | Saved: '/tmp/clearvla_eval_opaque_74646.png'
31:45.167  render           | Saved: '/tmp/clearvla_eval_opaque_74646.png'
31:45.509  render           | Saved: '/tmp/clearvla_eval_opaque_74646.png'
31:45.949  render           | Saved: '/tmp/clearvla_eval_opaque_74646.png'
31:46.298  render           | Saved: '/tmp/clearvla_eval_opaque_74646.png'
31:46.706  render           | Saved: '/tmp/clearvla_eval_opaque_74646.png'
31:47.050  render           | Saved: '/tmp/clearvla_eval_opaque_74646.png'
31:47.449  render           | Saved: '/tmp/clearvla_eval_opaque_74646.png'
31:47.792  render           | Saved: '/tmp/clearvla_eval_opaque_74646.png'
31:48.186  render           | Saved: '/tmp/clearvla_eval_opaque_74646.png'
31:48.542  render           | Saved: '/tmp/clearvla_eval_opaque_74646.png'
31:48.959  render           | Saved: '/tmp/clearvla_eval_opaque_74646.png'
31:49.318  render           | Saved: '/tmp/clearvla_eval_opaque_74646.png'
31:49.771  render           | Saved: '/tmp/clearvla_eval_opaque_74646.png'
31:50.145  render           | Saved: '/tmp/clearvla_eval_opaque_74646.png'
31:50.607  render           | Saved: '/tmp/clearvla_eval_opaque_74646.png'
31:50.977  render           | Saved: '/tmp/clearvla_eval_opaque_74646.png'
31:51.432  render           | Saved: '/tmp/clearvla_eval_opaque_74646.png'
31:51.773  render           | Saved: '/tmp/clearvla_eval_opaque_74646.png'
31:52.224  render           | Saved: '/tmp/clearvla_eval_opaque_74646.png'
31:52.596  render           | Saved: '/tmp/clearvla_eval_opaque_74646.png'
31:53.060  render           | Saved: '/tmp/clearvla_eval_opaque_74646.png'
31:53.448  render           | Saved: '/tmp/clearvla_eval_opaque_74646.png'
31:53.902  render           | Saved: '/tmp/clearvla_eval_opaque_74646.png'
31:54.277  render           | Saved: '/tmp/clearvla_eval_opaque_74646.png'
31:54.732  render           | Saved: '/tmp/clearvla_eval_opaque_74646.png'
31:55.105  render           | Saved: '/tmp/clearvla_eval_opaque_74646.png'
31:55.570  render           | Saved: '/tmp/clearvla_eval_opaque_74646.png'
31:55.943  render           | Saved: '/tmp/clearvla_eval_opaque_74646.png'
31:56.411  render           | Saved: '/tmp/clearvla_eval_opaque_74646.png'
31:56.783  render           | Saved: '/tmp/clearvla_eval_opaque_74646.png'
31:57.241  render           | Saved: '/tmp/clearvla_eval_opaque_74646.png'
31:57.617  render           | Saved: '/tmp/clearvla_eval_opaque_74646.png'
31:58.090  render           | Saved: '/tmp/clearvla_eval_opaque_74646.png'
31:58.457  render           | Saved: '/tmp/clearvla_eval_opaque_74646.png'
31:58.901  render           | Saved: '/tmp/clearvla_eval_opaque_74646.png'
31:59.277  render           | Saved: '/tmp/clearvla_eval_opaque_74646.png'
31:59.725  render           | Saved: '/tmp/clearvla_eval_opaque_74646.png'
32:00.098  render           | Saved: '/tmp/clearvla_eval_opaque_74646.png'
32:00.557  render           | Saved: '/tmp/clearvla_eval_opaque_74646.png'
32:00.949  render           | Saved: '/tmp/clearvla_eval_opaque_74646.png'
32:01.431  render           | Saved: '/tmp/clearvla_eval_opaque_74646.png'
32:01.799  render           | Saved: '/tmp/clearvla_eval_opaque_74646.png'
32:02.625  render           | Saved: '/tmp/clearvla_eval_opaque_74646.png'
32:02.944  render           | Saved: '/tmp/clearvla_eval_opaque_74646.png'
32:03.417  render           | Saved: '/tmp/clearvla_eval_opaque_74646.png'
32:03.742  render           | Saved: '/tmp/clearvla_eval_opaque_74646.png'
32:04.181  render           | Saved: '/tmp/clearvla_eval_opaque_74646.png'
32:04.511  render           | Saved: '/tmp/clearvla_eval_opaque_74646.png'
32:04.939  render           | Saved: '/tmp/clearvla_eval_opaque_74646.png'
32:05.273  render           | Saved: '/tmp/clearvla_eval_opaque_74646.png'
32:05.712  render           | Saved: '/tmp/clearvla_eval_opaque_74646.png'
32:06.047  render           | Saved: '/tmp/clearvla_eval_opaque_74646.png'
32:06.486  render           | Saved: '/tmp/clearvla_eval_opaque_74646.png'
32:06.811  render           | Saved: '/tmp/clearvla_eval_opaque_74646.png'
32:07.245  render           | Saved: '/tmp/clearvla_eval_opaque_74646.png'
32:07.580  render           | Saved: '/tmp/clearvla_eval_opaque_74646.png'
32:08.033  render           | Saved: '/tmp/clearvla_eval_opaque_74646.png'
32:08.360  render           | Saved: '/tmp/clearvla_eval_opaque_74646.png'
32:08.811  render           | Saved: '/tmp/clearvla_eval_opaque_74646.png'
32:09.142  render           | Saved: '/tmp/clearvla_eval_opaque_74646.png'
32:09.606  render           | Saved: '/tmp/clearvla_eval_opaque_74646.png'
32:09.937  render           | Saved: '/tmp/clearvla_eval_opaque_74646.png'
32:10.369  render           | Saved: '/tmp/clearvla_eval_opaque_74646.png'
32:10.702  render           | Saved: '/tmp/clearvla_eval_opaque_74646.png'
32:11.139  render           | Saved: '/tmp/clearvla_eval_opaque_74646.png'
32:11.470  render           | Saved: '/tmp/clearvla_eval_opaque_74646.png'
32:11.906  render           | Saved: '/tmp/clearvla_eval_opaque_74646.png'
32:12.236  render           | Saved: '/tmp/clearvla_eval_opaque_74646.png'
32:12.671  render           | Saved: '/tmp/clearvla_eval_opaque_74646.png'
32:13.007  render           | Saved: '/tmp/clearvla_eval_opaque_74646.png'
32:13.466  render           | Saved: '/tmp/clearvla_eval_opaque_74646.png'
32:13.793  render           | Saved: '/tmp/clearvla_eval_opaque_74646.png'
32:14.233  render           | Saved: '/tmp/clearvla_eval_opaque_74646.png'
32:14.564  render           | Saved: '/tmp/clearvla_eval_opaque_74646.png'
32:15.005  render           | Saved: '/tmp/clearvla_eval_opaque_74646.png'
32:15.337  render           | Saved: '/tmp/clearvla_eval_opaque_74646.png'
32:15.775  render           | Saved: '/tmp/clearvla_eval_opaque_74646.png'
32:16.108  render           | Saved: '/tmp/clearvla_eval_opaque_74646.png'
32:16.516  render           | Saved: '/tmp/clearvla_eval_opaque_74646.png'
32:16.867  render           | Saved: '/tmp/clearvla_eval_opaque_74646.png'
32:17.265  render           | Saved: '/tmp/clearvla_eval_opaque_74646.png'
32:17.616  render           | Saved: '/tmp/clearvla_eval_opaque_74646.png'
32:18.035  render           | Saved: '/tmp/clearvla_eval_opaque_74646.png'
32:18.390  render           | Saved: '/tmp/clearvla_eval_opaque_74646.png'
32:18.841  render           | Saved: '/tmp/clearvla_eval_opaque_74646.png'
32:19.217  render           | Saved: '/tmp/clearvla_eval_opaque_74646.png'
32:19.664  render           | Saved: '/tmp/clearvla_eval_opaque_74646.png'
32:20.043  render           | Saved: '/tmp/clearvla_eval_opaque_74646.png'
32:20.498  render           | Saved: '/tmp/clearvla_eval_opaque_74646.png'
32:20.884  render           | Saved: '/tmp/clearvla_eval_opaque_74646.png'
32:21.338  render           | Saved: '/tmp/clearvla_eval_opaque_74646.png'
32:21.707  render           | Saved: '/tmp/clearvla_eval_opaque_74646.png'
32:22.163  render           | Saved: '/tmp/clearvla_eval_opaque_74646.png'
32:22.532  render           | Saved: '/tmp/clearvla_eval_opaque_74646.png'
32:23.006  render           | Saved: '/tmp/clearvla_eval_opaque_74646.png'
32:23.393  render           | Saved: '/tmp/clearvla_eval_opaque_74646.png'
32:23.866  render           | Saved: '/tmp/clearvla_eval_opaque_74646.png'
32:24.248  render           | Saved: '/tmp/clearvla_eval_opaque_74646.png'
32:24.692  render           | Saved: '/tmp/clearvla_eval_opaque_74646.png'
32:25.058  render           | Saved: '/tmp/clearvla_eval_opaque_74646.png'
32:25.541  render           | Saved: '/tmp/clearvla_eval_opaque_74646.png'
32:25.932  render           | Saved: '/tmp/clearvla_eval_opaque_74646.png'
32:26.369  render           | Saved: '/tmp/clearvla_eval_opaque_74646.png'
32:26.727  render           | Saved: '/tmp/clearvla_eval_opaque_74646.png'
32:27.179  render           | Saved: '/tmp/clearvla_eval_opaque_74646.png'
32:27.555  render           | Saved: '/tmp/clearvla_eval_opaque_74646.png'
32:28.021  render           | Saved: '/tmp/clearvla_eval_opaque_74646.png'
32:28.389  render           | Saved: '/tmp/clearvla_eval_opaque_74646.png'
32:28.866  render           | Saved: '/tmp/clearvla_eval_opaque_74646.png'
32:29.224  render           | Saved: '/tmp/clearvla_eval_opaque_74646.png'
32:29.705  render           | Saved: '/tmp/clearvla_eval_opaque_74646.png'
32:30.079  render           | Saved: '/tmp/clearvla_eval_opaque_74646.png'
32:30.514  render           | Saved: '/tmp/clearvla_eval_opaque_74646.png'
32:30.886  render           | Saved: '/tmp/clearvla_eval_opaque_74646.png'
32:31.344  render           | Saved: '/tmp/clearvla_eval_opaque_74646.png'
32:31.716  render           | Saved: '/tmp/clearvla_eval_opaque_74646.png'
32:32.178  render           | Saved: '/tmp/clearvla_eval_opaque_74646.png'
32:32.541  render           | Saved: '/tmp/clearvla_eval_opaque_74646.png'
32:33.369  render           | Saved: '/tmp/clearvla_eval_opaque_74646.png'
32:33.708  render           | Saved: '/tmp/clearvla_eval_opaque_74646.png'
32:34.130  render           | Saved: '/tmp/clearvla_eval_opaque_74646.png'
32:34.473  render           | Saved: '/tmp/clearvla_eval_opaque_74646.png'
32:34.903  render           | Saved: '/tmp/clearvla_eval_opaque_74646.png'
32:35.228  render           | Saved: '/tmp/clearvla_eval_opaque_74646.png'
32:35.682  render           | Saved: '/tmp/clearvla_eval_opaque_74646.png'
32:36.007  render           | Saved: '/tmp/clearvla_eval_opaque_74646.png'
32:36.468  render           | Saved: '/tmp/clearvla_eval_opaque_74646.png'
32:36.796  render           | Saved: '/tmp/clearvla_eval_opaque_74646.png'
32:37.248  render           | Saved: '/tmp/clearvla_eval_opaque_74646.png'
32:37.583  render           | Saved: '/tmp/clearvla_eval_opaque_74646.png'
32:38.037  render           | Saved: '/tmp/clearvla_eval_opaque_74646.png'
32:38.367  render           | Saved: '/tmp/clearvla_eval_opaque_74646.png'
32:38.807  render           | Saved: '/tmp/clearvla_eval_opaque_74646.png'
32:39.139  render           | Saved: '/tmp/clearvla_eval_opaque_74646.png'
32:39.582  render           | Saved: '/tmp/clearvla_eval_opaque_74646.png'
32:39.911  render           | Saved: '/tmp/clearvla_eval_opaque_74646.png'
32:40.367  render           | Saved: '/tmp/clearvla_eval_opaque_74646.png'
32:40.689  render           | Saved: '/tmp/clearvla_eval_opaque_74646.png'
32:41.144  render           | Saved: '/tmp/clearvla_eval_opaque_74646.png'
32:41.467  render           | Saved: '/tmp/clearvla_eval_opaque_74646.png'
32:41.902  render           | Saved: '/tmp/clearvla_eval_opaque_74646.png'
32:42.226  render           | Saved: '/tmp/clearvla_eval_opaque_74646.png'
32:42.666  render           | Saved: '/tmp/clearvla_eval_opaque_74646.png'
32:42.988  render           | Saved: '/tmp/clearvla_eval_opaque_74646.png'
32:43.424  render           | Saved: '/tmp/clearvla_eval_opaque_74646.png'
32:43.750  render           | Saved: '/tmp/clearvla_eval_opaque_74646.png'
32:44.188  render           | Saved: '/tmp/clearvla_eval_opaque_74646.png'
32:44.516  render           | Saved: '/tmp/clearvla_eval_opaque_74646.png'
32:44.942  render           | Saved: '/tmp/clearvla_eval_opaque_74646.png'
32:45.268  render           | Saved: '/tmp/clearvla_eval_opaque_74646.png'
32:45.733  render           | Saved: '/tmp/clearvla_eval_opaque_74646.png'
32:46.056  render           | Saved: '/tmp/clearvla_eval_opaque_74646.png'
32:46.524  render           | Saved: '/tmp/clearvla_eval_opaque_74646.png'
32:46.863  render           | Saved: '/tmp/clearvla_eval_opaque_74646.png'
32:47.295  render           | Saved: '/tmp/clearvla_eval_opaque_74646.png'
32:47.642  render           | Saved: '/tmp/clearvla_eval_opaque_74646.png'
32:48.059  render           | Saved: '/tmp/clearvla_eval_opaque_74646.png'
32:48.407  render           | Saved: '/tmp/clearvla_eval_opaque_74646.png'
32:48.856  render           | Saved: '/tmp/clearvla_eval_opaque_74646.png'
32:49.222  render           | Saved: '/tmp/clearvla_eval_opaque_74646.png'
32:49.658  render           | Saved: '/tmp/clearvla_eval_opaque_74646.png'
32:50.025  render           | Saved: '/tmp/clearvla_eval_opaque_74646.png'
32:50.453  render           | Saved: '/tmp/clearvla_eval_opaque_74646.png'
32:50.796  render           | Saved: '/tmp/clearvla_eval_opaque_74646.png'
32:51.247  render           | Saved: '/tmp/clearvla_eval_opaque_74646.png'
32:51.616  render           | Saved: '/tmp/clearvla_eval_opaque_74646.png'
32:52.079  render           | Saved: '/tmp/clearvla_eval_opaque_74646.png'
32:52.444  render           | Saved: '/tmp/clearvla_eval_opaque_74646.png'
32:52.915  render           | Saved: '/tmp/clearvla_eval_opaque_74646.png'
32:53.287  render           | Saved: '/tmp/clearvla_eval_opaque_74646.png'
32:53.743  render           | Saved: '/tmp/clearvla_eval_opaque_74646.png'
32:54.110  render           | Saved: '/tmp/clearvla_eval_opaque_74646.png'
32:54.561  render           | Saved: '/tmp/clearvla_eval_opaque_74646.png'
32:54.917  render           | Saved: '/tmp/clearvla_eval_opaque_74646.png'
32:55.396  render           | Saved: '/tmp/clearvla_eval_opaque_74646.png'
32:55.760  render           | Saved: '/tmp/clearvla_eval_opaque_74646.png'
32:56.226  render           | Saved: '/tmp/clearvla_eval_opaque_74646.png'
32:56.594  render           | Saved: '/tmp/clearvla_eval_opaque_74646.png'
32:57.064  render           | Saved: '/tmp/clearvla_eval_opaque_74646.png'
32:57.433  render           | Saved: '/tmp/clearvla_eval_opaque_74646.png'
32:57.887  render           | Saved: '/tmp/clearvla_eval_opaque_74646.png'
32:58.249  render           | Saved: '/tmp/clearvla_eval_opaque_74646.png'
32:58.727  render           | Saved: '/tmp/clearvla_eval_opaque_74646.png'
32:59.098  render           | Saved: '/tmp/clearvla_eval_opaque_74646.png'
32:59.563  render           | Saved: '/tmp/clearvla_eval_opaque_74646.png'
32:59.947  render           | Saved: '/tmp/clearvla_eval_opaque_74646.png'
33:00.410  render           | Saved: '/tmp/clearvla_eval_opaque_74646.png'
33:00.781  render           | Saved: '/tmp/clearvla_eval_opaque_74646.png'
33:01.256  render           | Saved: '/tmp/clearvla_eval_opaque_74646.png'
33:01.628  render           | Saved: '/tmp/clearvla_eval_opaque_74646.png'
33:02.111  render           | Saved: '/tmp/clearvla_eval_opaque_74646.png'
33:02.478  render           | Saved: '/tmp/clearvla_eval_opaque_74646.png'
33:02.955  render           | Saved: '/tmp/clearvla_eval_opaque_74646.png'
33:03.319  render           | Saved: '/tmp/clearvla_eval_opaque_74646.png'
33:04.145  render           | Saved: '/tmp/clearvla_eval_opaque_74646.png'
33:04.468  render           | Saved: '/tmp/clearvla_eval_opaque_74646.png'
33:04.917  render           | Saved: '/tmp/clearvla_eval_opaque_74646.png'
33:05.242  render           | Saved: '/tmp/clearvla_eval_opaque_74646.png'
33:05.696  render           | Saved: '/tmp/clearvla_eval_opaque_74646.png'
33:06.024  render           | Saved: '/tmp/clearvla_eval_opaque_74646.png'
33:06.477  render           | Saved: '/tmp/clearvla_eval_opaque_74646.png'
33:06.798  render           | Saved: '/tmp/clearvla_eval_opaque_74646.png'
33:07.234  render           | Saved: '/tmp/clearvla_eval_opaque_74646.png'
33:07.569  render           | Saved: '/tmp/clearvla_eval_opaque_74646.png'
33:07.999  render           | Saved: '/tmp/clearvla_eval_opaque_74646.png'
33:08.323  render           | Saved: '/tmp/clearvla_eval_opaque_74646.png'
33:08.760  render           | Saved: '/tmp/clearvla_eval_opaque_74646.png'
33:09.087  render           | Saved: '/tmp/clearvla_eval_opaque_74646.png'
33:09.524  render           | Saved: '/tmp/clearvla_eval_opaque_74646.png'
33:09.857  render           | Saved: '/tmp/clearvla_eval_opaque_74646.png'
33:10.295  render           | Saved: '/tmp/clearvla_eval_opaque_74646.png'
33:10.628  render           | Saved: '/tmp/clearvla_eval_opaque_74646.png'
33:11.063  render           | Saved: '/tmp/clearvla_eval_opaque_74646.png'
33:11.395  render           | Saved: '/tmp/clearvla_eval_opaque_74646.png'
33:11.804  render           | Saved: '/tmp/clearvla_eval_opaque_74646.png'
33:12.139  render           | Saved: '/tmp/clearvla_eval_opaque_74646.png'
33:12.557  render           | Saved: '/tmp/clearvla_eval_opaque_74646.png'
33:12.891  render           | Saved: '/tmp/clearvla_eval_opaque_74646.png'
33:13.347  render           | Saved: '/tmp/clearvla_eval_opaque_74646.png'
33:13.670  render           | Saved: '/tmp/clearvla_eval_opaque_74646.png'
33:14.105  render           | Saved: '/tmp/clearvla_eval_opaque_74646.png'
33:14.440  render           | Saved: '/tmp/clearvla_eval_opaque_74646.png'
33:14.874  render           | Saved: '/tmp/clearvla_eval_opaque_74646.png'
33:15.204  render           | Saved: '/tmp/clearvla_eval_opaque_74646.png'
33:15.669  render           | Saved: '/tmp/clearvla_eval_opaque_74646.png'
33:15.992  render           | Saved: '/tmp/clearvla_eval_opaque_74646.png'
33:16.435  render           | Saved: '/tmp/clearvla_eval_opaque_74646.png'
33:16.763  render           | Saved: '/tmp/clearvla_eval_opaque_74646.png'
33:17.193  render           | Saved: '/tmp/clearvla_eval_opaque_74646.png'
33:17.522  render           | Saved: '/tmp/clearvla_eval_opaque_74646.png'
33:17.952  render           | Saved: '/tmp/clearvla_eval_opaque_74646.png'
33:18.298  render           | Saved: '/tmp/clearvla_eval_opaque_74646.png'
33:18.692  render           | Saved: '/tmp/clearvla_eval_opaque_74646.png'
33:19.029  render           | Saved: '/tmp/clearvla_eval_opaque_74646.png'
33:19.416  render           | Saved: '/tmp/clearvla_eval_opaque_74646.png'
33:19.779  render           | Saved: '/tmp/clearvla_eval_opaque_74646.png'
33:20.201  render           | Saved: '/tmp/clearvla_eval_opaque_74646.png'
33:20.557  render           | Saved: '/tmp/clearvla_eval_opaque_74646.png'
33:21.002  render           | Saved: '/tmp/clearvla_eval_opaque_74646.png'
33:21.370  render           | Saved: '/tmp/clearvla_eval_opaque_74646.png'
33:21.837  render           | Saved: '/tmp/clearvla_eval_opaque_74646.png'
33:22.206  render           | Saved: '/tmp/clearvla_eval_opaque_74646.png'
33:22.659  render           | Saved: '/tmp/clearvla_eval_opaque_74646.png'
33:23.033  render           | Saved: '/tmp/clearvla_eval_opaque_74646.png'
33:23.485  render           | Saved: '/tmp/clearvla_eval_opaque_74646.png'
33:23.854  render           | Saved: '/tmp/clearvla_eval_opaque_74646.png'
33:24.313  render           | Saved: '/tmp/clearvla_eval_opaque_74646.png'
33:24.683  render           | Saved: '/tmp/clearvla_eval_opaque_74646.png'
33:25.162  render           | Saved: '/tmp/clearvla_eval_opaque_74646.png'
33:25.531  render           | Saved: '/tmp/clearvla_eval_opaque_74646.png'
33:25.986  render           | Saved: '/tmp/clearvla_eval_opaque_74646.png'
33:26.359  render           | Saved: '/tmp/clearvla_eval_opaque_74646.png'
33:26.816  render           | Saved: '/tmp/clearvla_eval_opaque_74646.png'
33:27.185  render           | Saved: '/tmp/clearvla_eval_opaque_74646.png'
33:27.643  render           | Saved: '/tmp/clearvla_eval_opaque_74646.png'
33:28.032  render           | Saved: '/tmp/clearvla_eval_opaque_74646.png'
33:28.515  render           | Saved: '/tmp/clearvla_eval_opaque_74646.png'
33:28.875  render           | Saved: '/tmp/clearvla_eval_opaque_74646.png'
33:29.324  render           | Saved: '/tmp/clearvla_eval_opaque_74646.png'
33:29.693  render           | Saved: '/tmp/clearvla_eval_opaque_74646.png'
33:30.143  render           | Saved: '/tmp/clearvla_eval_opaque_74646.png'
33:30.511  render           | Saved: '/tmp/clearvla_eval_opaque_74646.png'
33:30.987  render           | Saved: '/tmp/clearvla_eval_opaque_74646.png'
33:31.356  render           | Saved: '/tmp/clearvla_eval_opaque_74646.png'
33:31.838  render           | Saved: '/tmp/clearvla_eval_opaque_74646.png'
33:32.221  render           | Saved: '/tmp/clearvla_eval_opaque_74646.png'
33:32.671  render           | Saved: '/tmp/clearvla_eval_opaque_74646.png'
33:33.037  render           | Saved: '/tmp/clearvla_eval_opaque_74646.png'
33:33.492  render           | Saved: '/tmp/clearvla_eval_opaque_74646.png'
33:33.862  render           | Saved: '/tmp/clearvla_eval_opaque_74646.png'
33:34.700  render           | Saved: '/tmp/clearvla_eval_opaque_74646.png'
33:35.030  render           | Saved: '/tmp/clearvla_eval_opaque_74646.png'
33:35.476  render           | Saved: '/tmp/clearvla_eval_opaque_74646.png'
33:35.799  render           | Saved: '/tmp/clearvla_eval_opaque_74646.png'
33:36.266  render           | Saved: '/tmp/clearvla_eval_opaque_74646.png'
33:36.586  render           | Saved: '/tmp/clearvla_eval_opaque_74646.png'
33:37.050  render           | Saved: '/tmp/clearvla_eval_opaque_74646.png'
33:37.386  render           | Saved: '/tmp/clearvla_eval_opaque_74646.png'
33:37.828  render           | Saved: '/tmp/clearvla_eval_opaque_74646.png'
33:38.160  render           | Saved: '/tmp/clearvla_eval_opaque_74646.png'
33:38.636  render           | Saved: '/tmp/clearvla_eval_opaque_74646.png'
33:38.961  render           | Saved: '/tmp/clearvla_eval_opaque_74646.png'
33:39.429  render           | Saved: '/tmp/clearvla_eval_opaque_74646.png'
33:39.759  render           | Saved: '/tmp/clearvla_eval_opaque_74646.png'
33:40.247  render           | Saved: '/tmp/clearvla_eval_opaque_74646.png'
33:40.569  render           | Saved: '/tmp/clearvla_eval_opaque_74646.png'
33:41.046  render           | Saved: '/tmp/clearvla_eval_opaque_74646.png'
33:41.369  render           | Saved: '/tmp/clearvla_eval_opaque_74646.png'
33:41.836  render           | Saved: '/tmp/clearvla_eval_opaque_74646.png'
33:42.159  render           | Saved: '/tmp/clearvla_eval_opaque_74646.png'
33:42.626  render           | Saved: '/tmp/clearvla_eval_opaque_74646.png'
33:42.950  render           | Saved: '/tmp/clearvla_eval_opaque_74646.png'
33:43.413  render           | Saved: '/tmp/clearvla_eval_opaque_74646.png'
33:43.735  render           | Saved: '/tmp/clearvla_eval_opaque_74646.png'
33:44.193  render           | Saved: '/tmp/clearvla_eval_opaque_74646.png'
33:44.514  render           | Saved: '/tmp/clearvla_eval_opaque_74646.png'
33:44.970  render           | Saved: '/tmp/clearvla_eval_opaque_74646.png'
33:45.292  render           | Saved: '/tmp/clearvla_eval_opaque_74646.png'
33:45.778  render           | Saved: '/tmp/clearvla_eval_opaque_74646.png'
33:46.114  render           | Saved: '/tmp/clearvla_eval_opaque_74646.png'
33:46.566  render           | Saved: '/tmp/clearvla_eval_opaque_74646.png'
33:46.894  render           | Saved: '/tmp/clearvla_eval_opaque_74646.png'
33:47.325  render           | Saved: '/tmp/clearvla_eval_opaque_74646.png'
33:47.655  render           | Saved: '/tmp/clearvla_eval_opaque_74646.png'
33:48.117  render           | Saved: '/tmp/clearvla_eval_opaque_74646.png'
33:48.445  render           | Saved: '/tmp/clearvla_eval_opaque_74646.png'
33:48.867  render           | Saved: '/tmp/clearvla_eval_opaque_74646.png'
33:49.210  render           | Saved: '/tmp/clearvla_eval_opaque_74646.png'
33:49.613  render           | Saved: '/tmp/clearvla_eval_opaque_74646.png'
33:49.963  render           | Saved: '/tmp/clearvla_eval_opaque_74646.png'
33:50.384  render           | Saved: '/tmp/clearvla_eval_opaque_74646.png'
33:50.734  render           | Saved: '/tmp/clearvla_eval_opaque_74646.png'
33:51.189  render           | Saved: '/tmp/clearvla_eval_opaque_74646.png'
33:51.560  render           | Saved: '/tmp/clearvla_eval_opaque_74646.png'
33:52.014  render           | Saved: '/tmp/clearvla_eval_opaque_74646.png'
33:52.379  render           | Saved: '/tmp/clearvla_eval_opaque_74646.png'
33:52.833  render           | Saved: '/tmp/clearvla_eval_opaque_74646.png'
33:53.209  render           | Saved: '/tmp/clearvla_eval_opaque_74646.png'
33:53.668  render           | Saved: '/tmp/clearvla_eval_opaque_74646.png'
33:54.037  render           | Saved: '/tmp/clearvla_eval_opaque_74646.png'
33:54.484  render           | Saved: '/tmp/clearvla_eval_opaque_74646.png'
33:54.875  render           | Saved: '/tmp/clearvla_eval_opaque_74646.png'
33:55.375  render           | Saved: '/tmp/clearvla_eval_opaque_74646.png'
33:55.763  render           | Saved: '/tmp/clearvla_eval_opaque_74646.png'
33:56.222  render           | Saved: '/tmp/clearvla_eval_opaque_74646.png'
33:56.603  render           | Saved: '/tmp/clearvla_eval_opaque_74646.png'
33:57.061  render           | Saved: '/tmp/clearvla_eval_opaque_74646.png'
33:57.437  render           | Saved: '/tmp/clearvla_eval_opaque_74646.png'
33:57.930  render           | Saved: '/tmp/clearvla_eval_opaque_74646.png'
33:58.298  render           | Saved: '/tmp/clearvla_eval_opaque_74646.png'
33:58.760  render           | Saved: '/tmp/clearvla_eval_opaque_74646.png'
33:59.126  render           | Saved: '/tmp/clearvla_eval_opaque_74646.png'
33:59.584  render           | Saved: '/tmp/clearvla_eval_opaque_74646.png'
33:59.950  render           | Saved: '/tmp/clearvla_eval_opaque_74646.png'
34:00.420  render           | Saved: '/tmp/clearvla_eval_opaque_74646.png'
34:00.791  render           | Saved: '/tmp/clearvla_eval_opaque_74646.png'
34:01.255  render           | Saved: '/tmp/clearvla_eval_opaque_74646.png'
34:01.617  render           | Saved: '/tmp/clearvla_eval_opaque_74646.png'
34:02.070  render           | Saved: '/tmp/clearvla_eval_opaque_74646.png'
34:02.439  render           | Saved: '/tmp/clearvla_eval_opaque_74646.png'
34:02.893  render           | Saved: '/tmp/clearvla_eval_opaque_74646.png'
34:03.281  render           | Saved: '/tmp/clearvla_eval_opaque_74646.png'
34:03.751  render           | Saved: '/tmp/clearvla_eval_opaque_74646.png'
34:04.119  render           | Saved: '/tmp/clearvla_eval_opaque_74646.png'
34:04.581  render           | Saved: '/tmp/clearvla_eval_opaque_74646.png'
34:04.952  render           | Saved: '/tmp/clearvla_eval_opaque_74646.png'
34:05.795  render           | Saved: '/tmp/clearvla_eval_opaque_74646.png'
34:06.117  render           | Saved: '/tmp/clearvla_eval_opaque_74646.png'
34:06.592  render           | Saved: '/tmp/clearvla_eval_opaque_74646.png'
34:06.914  render           | Saved: '/tmp/clearvla_eval_opaque_74646.png'
34:07.347  render           | Saved: '/tmp/clearvla_eval_opaque_74646.png'
34:07.678  render           | Saved: '/tmp/clearvla_eval_opaque_74646.png'
34:08.137  render           | Saved: '/tmp/clearvla_eval_opaque_74646.png'
34:08.468  render           | Saved: '/tmp/clearvla_eval_opaque_74646.png'
34:08.907  render           | Saved: '/tmp/clearvla_eval_opaque_74646.png'
34:09.253  render           | Saved: '/tmp/clearvla_eval_opaque_74646.png'
34:09.708  render           | Saved: '/tmp/clearvla_eval_opaque_74646.png'
34:10.115  render           | Saved: '/tmp/clearvla_eval_opaque_74646.png'
34:10.649  render           | Saved: '/tmp/clearvla_eval_opaque_74646.png'
34:11.003  render           | Saved: '/tmp/clearvla_eval_opaque_74646.png'
34:11.599  render           | Saved: '/tmp/clearvla_eval_opaque_74646.png'
34:11.949  render           | Saved: '/tmp/clearvla_eval_opaque_74646.png'
34:12.393  render           | Saved: '/tmp/clearvla_eval_opaque_74646.png'
34:12.743  render           | Saved: '/tmp/clearvla_eval_opaque_74646.png'
34:13.163  render           | Saved: '/tmp/clearvla_eval_opaque_74646.png'
34:13.494  render           | Saved: '/tmp/clearvla_eval_opaque_74646.png'
34:13.909  render           | Saved: '/tmp/clearvla_eval_opaque_74646.png'
34:14.264  render           | Saved: '/tmp/clearvla_eval_opaque_74646.png'
34:14.694  render           | Saved: '/tmp/clearvla_eval_opaque_74646.png'
34:15.044  render           | Saved: '/tmp/clearvla_eval_opaque_74646.png'
34:15.468  render           | Saved: '/tmp/clearvla_eval_opaque_74646.png'
34:15.799  render           | Saved: '/tmp/clearvla_eval_opaque_74646.png'
34:16.231  render           | Saved: '/tmp/clearvla_eval_opaque_74646.png'
34:16.567  render           | Saved: '/tmp/clearvla_eval_opaque_74646.png'
34:17.035  render           | Saved: '/tmp/clearvla_eval_opaque_74646.png'
34:17.359  render           | Saved: '/tmp/clearvla_eval_opaque_74646.png'
34:17.842  render           | Saved: '/tmp/clearvla_eval_opaque_74646.png'
34:18.163  render           | Saved: '/tmp/clearvla_eval_opaque_74646.png'
34:18.625  render           | Saved: '/tmp/clearvla_eval_opaque_74646.png'
34:18.950  render           | Saved: '/tmp/clearvla_eval_opaque_74646.png'
34:19.391  render           | Saved: '/tmp/clearvla_eval_opaque_74646.png'
34:19.724  render           | Saved: '/tmp/clearvla_eval_opaque_74646.png'
34:20.158  render           | Saved: '/tmp/clearvla_eval_opaque_74646.png'
34:20.510  render           | Saved: '/tmp/clearvla_eval_opaque_74646.png'
34:20.909  render           | Saved: '/tmp/clearvla_eval_opaque_74646.png'
34:21.263  render           | Saved: '/tmp/clearvla_eval_opaque_74646.png'
34:21.679  render           | Saved: '/tmp/clearvla_eval_opaque_74646.png'
34:22.034  render           | Saved: '/tmp/clearvla_eval_opaque_74646.png'
34:22.434  render           | Saved: '/tmp/clearvla_eval_opaque_74646.png'
34:22.778  render           | Saved: '/tmp/clearvla_eval_opaque_74646.png'
34:23.172  render           | Saved: '/tmp/clearvla_eval_opaque_74646.png'
34:23.514  render           | Saved: '/tmp/clearvla_eval_opaque_74646.png'
34:23.915  render           | Saved: '/tmp/clearvla_eval_opaque_74646.png'
34:24.267  render           | Saved: '/tmp/clearvla_eval_opaque_74646.png'
34:24.714  render           | Saved: '/tmp/clearvla_eval_opaque_74646.png'
34:25.096  render           | Saved: '/tmp/clearvla_eval_opaque_74646.png'
34:25.555  render           | Saved: '/tmp/clearvla_eval_opaque_74646.png'
34:25.928  render           | Saved: '/tmp/clearvla_eval_opaque_74646.png'
34:26.391  render           | Saved: '/tmp/clearvla_eval_opaque_74646.png'
34:26.772  render           | Saved: '/tmp/clearvla_eval_opaque_74646.png'
34:27.238  render           | Saved: '/tmp/clearvla_eval_opaque_74646.png'
34:27.607  render           | Saved: '/tmp/clearvla_eval_opaque_74646.png'
34:28.058  render           | Saved: '/tmp/clearvla_eval_opaque_74646.png'
34:28.414  render           | Saved: '/tmp/clearvla_eval_opaque_74646.png'
34:28.884  render           | Saved: '/tmp/clearvla_eval_opaque_74646.png'
34:29.248  render           | Saved: '/tmp/clearvla_eval_opaque_74646.png'
34:29.721  render           | Saved: '/tmp/clearvla_eval_opaque_74646.png'
34:30.080  render           | Saved: '/tmp/clearvla_eval_opaque_74646.png'
34:30.556  render           | Saved: '/tmp/clearvla_eval_opaque_74646.png'
34:30.924  render           | Saved: '/tmp/clearvla_eval_opaque_74646.png'
34:31.402  render           | Saved: '/tmp/clearvla_eval_opaque_74646.png'
34:31.772  render           | Saved: '/tmp/clearvla_eval_opaque_74646.png'
34:32.224  render           | Saved: '/tmp/clearvla_eval_opaque_74646.png'
34:32.584  render           | Saved: '/tmp/clearvla_eval_opaque_74646.png'
34:33.035  render           | Saved: '/tmp/clearvla_eval_opaque_74646.png'
34:33.406  render           | Saved: '/tmp/clearvla_eval_opaque_74646.png'
34:33.863  render           | Saved: '/tmp/clearvla_eval_opaque_74646.png'
34:34.233  render           | Saved: '/tmp/clearvla_eval_opaque_74646.png'
34:34.701  render           | Saved: '/tmp/clearvla_eval_opaque_74646.png'
34:35.060  render           | Saved: '/tmp/clearvla_eval_opaque_74646.png'
34:35.514  render           | Saved: '/tmp/clearvla_eval_opaque_74646.png'
34:35.883  render           | Saved: '/tmp/clearvla_eval_opaque_74646.png'
34:36.736  render           | Saved: '/tmp/clearvla_eval_opaque_74646.png'
34:37.115  render           | Saved: '/tmp/clearvla_eval_opaque_74646.png'
34:37.528  render           | Saved: '/tmp/clearvla_eval_opaque_74646.png'
34:37.914  render           | Saved: '/tmp/clearvla_eval_opaque_74646.png'
34:38.317  render           | Saved: '/tmp/clearvla_eval_opaque_74646.png'
34:38.699  render           | Saved: '/tmp/clearvla_eval_opaque_74646.png'
34:39.104  render           | Saved: '/tmp/clearvla_eval_opaque_74646.png'
34:39.478  render           | Saved: '/tmp/clearvla_eval_opaque_74646.png'
34:39.879  render           | Saved: '/tmp/clearvla_eval_opaque_74646.png'
34:40.239  render           | Saved: '/tmp/clearvla_eval_opaque_74646.png'
34:40.664  render           | Saved: '/tmp/clearvla_eval_opaque_74646.png'
34:40.986  render           | Saved: '/tmp/clearvla_eval_opaque_74646.png'
34:41.462  render           | Saved: '/tmp/clearvla_eval_opaque_74646.png'
34:41.799  render           | Saved: '/tmp/clearvla_eval_opaque_74646.png'
34:42.221  render           | Saved: '/tmp/clearvla_eval_opaque_74646.png'
34:42.551  render           | Saved: '/tmp/clearvla_eval_opaque_74646.png'
34:42.997  render           | Saved: '/tmp/clearvla_eval_opaque_74646.png'
34:43.315  render           | Saved: '/tmp/clearvla_eval_opaque_74646.png'
34:43.793  render           | Saved: '/tmp/clearvla_eval_opaque_74646.png'
34:44.117  render           | Saved: '/tmp/clearvla_eval_opaque_74646.png'
34:44.573  render           | Saved: '/tmp/clearvla_eval_opaque_74646.png'
34:44.914  render           | Saved: '/tmp/clearvla_eval_opaque_74646.png'
34:45.343  render           | Saved: '/tmp/clearvla_eval_opaque_74646.png'
34:45.670  render           | Saved: '/tmp/clearvla_eval_opaque_74646.png'
34:46.133  render           | Saved: '/tmp/clearvla_eval_opaque_74646.png'
34:46.460  render           | Saved: '/tmp/clearvla_eval_opaque_74646.png'
34:46.904  render           | Saved: '/tmp/clearvla_eval_opaque_74646.png'
34:47.231  render           | Saved: '/tmp/clearvla_eval_opaque_74646.png'
34:47.670  render           | Saved: '/tmp/clearvla_eval_opaque_74646.png'
34:48.000  render           | Saved: '/tmp/clearvla_eval_opaque_74646.png'
34:48.437  render           | Saved: '/tmp/clearvla_eval_opaque_74646.png'
34:48.766  render           | Saved: '/tmp/clearvla_eval_opaque_74646.png'
34:49.204  render           | Saved: '/tmp/clearvla_eval_opaque_74646.png'
34:49.532  render           | Saved: '/tmp/clearvla_eval_opaque_74646.png'
34:49.973  render           | Saved: '/tmp/clearvla_eval_opaque_74646.png'
34:50.299  render           | Saved: '/tmp/clearvla_eval_opaque_74646.png'
34:50.714  render           | Saved: '/tmp/clearvla_eval_opaque_74646.png'
34:51.055  render           | Saved: '/tmp/clearvla_eval_opaque_74646.png'
34:51.450  render           | Saved: '/tmp/clearvla_eval_opaque_74646.png'
34:51.805  render           | Saved: '/tmp/clearvla_eval_opaque_74646.png'
34:52.227  render           | Saved: '/tmp/clearvla_eval_opaque_74646.png'
34:52.578  render           | Saved: '/tmp/clearvla_eval_opaque_74646.png'
34:53.027  render           | Saved: '/tmp/clearvla_eval_opaque_74646.png'
34:53.399  render           | Saved: '/tmp/clearvla_eval_opaque_74646.png'
34:53.860  render           | Saved: '/tmp/clearvla_eval_opaque_74646.png'
34:54.233  render           | Saved: '/tmp/clearvla_eval_opaque_74646.png'
34:54.708  render           | Saved: '/tmp/clearvla_eval_opaque_74646.png'
34:55.082  render           | Saved: '/tmp/clearvla_eval_opaque_74646.png'
34:55.537  render           | Saved: '/tmp/clearvla_eval_opaque_74646.png'
34:55.911  render           | Saved: '/tmp/clearvla_eval_opaque_74646.png'
34:56.385  render           | Saved: '/tmp/clearvla_eval_opaque_74646.png'
34:56.756  render           | Saved: '/tmp/clearvla_eval_opaque_74646.png'
34:57.212  render           | Saved: '/tmp/clearvla_eval_opaque_74646.png'
34:57.578  render           | Saved: '/tmp/clearvla_eval_opaque_74646.png'
34:58.055  render           | Saved: '/tmp/clearvla_eval_opaque_74646.png'
34:58.443  render           | Saved: '/tmp/clearvla_eval_opaque_74646.png'
34:58.926  render           | Saved: '/tmp/clearvla_eval_opaque_74646.png'
34:59.299  render           | Saved: '/tmp/clearvla_eval_opaque_74646.png'
34:59.778  render           | Saved: '/tmp/clearvla_eval_opaque_74646.png'
35:00.167  render           | Saved: '/tmp/clearvla_eval_opaque_74646.png'
35:00.651  render           | Saved: '/tmp/clearvla_eval_opaque_74646.png'
35:01.019  render           | Saved: '/tmp/clearvla_eval_opaque_74646.png'
35:01.472  render           | Saved: '/tmp/clearvla_eval_opaque_74646.png'
35:01.841  render           | Saved: '/tmp/clearvla_eval_opaque_74646.png'
35:02.316  render           | Saved: '/tmp/clearvla_eval_opaque_74646.png'
35:02.684  render           | Saved: '/tmp/clearvla_eval_opaque_74646.png'
35:03.155  render           | Saved: '/tmp/clearvla_eval_opaque_74646.png'
35:03.526  render           | Saved: '/tmp/clearvla_eval_opaque_74646.png'
35:03.982  render           | Saved: '/tmp/clearvla_eval_opaque_74646.png'
35:04.358  render           | Saved: '/tmp/clearvla_eval_opaque_74646.png'
35:04.830  render           | Saved: '/tmp/clearvla_eval_opaque_74646.png'
35:05.200  render           | Saved: '/tmp/clearvla_eval_opaque_74646.png'
35:05.677  render           | Saved: '/tmp/clearvla_eval_opaque_74646.png'
35:06.050  render           | Saved: '/tmp/clearvla_eval_opaque_74646.png'
35:06.502  render           | Saved: '/tmp/clearvla_eval_opaque_74646.png'
35:06.875  render           | Saved: '/tmp/clearvla_eval_opaque_74646.png'
[cache25/opaque] pour: 0/20  (35.0 min, 30.5 s/ep)
35:07.709  render           | Saved: '/tmp/clearvla_eval_opaque_74646.png'
35:08.033  render           | Saved: '/tmp/clearvla_eval_opaque_74646.png'
35:08.491  render           | Saved: '/tmp/clearvla_eval_opaque_74646.png'
35:08.836  render           | Saved: '/tmp/clearvla_eval_opaque_74646.png'
35:09.307  render           | Saved: '/tmp/clearvla_eval_opaque_74646.png'
35:09.648  render           | Saved: '/tmp/clearvla_eval_opaque_74646.png'
35:10.101  render           | Saved: '/tmp/clearvla_eval_opaque_74646.png'
35:10.445  render           | Saved: '/tmp/clearvla_eval_opaque_74646.png'
35:10.877  render           | Saved: '/tmp/clearvla_eval_opaque_74646.png'
35:11.217  render           | Saved: '/tmp/clearvla_eval_opaque_74646.png'
35:11.630  render           | Saved: '/tmp/clearvla_eval_opaque_74646.png'
35:11.989  render           | Saved: '/tmp/clearvla_eval_opaque_74646.png'
35:12.408  render           | Saved: '/tmp/clearvla_eval_opaque_74646.png'
35:12.755  render           | Saved: '/tmp/clearvla_eval_opaque_74646.png'
35:13.188  render           | Saved: '/tmp/clearvla_eval_opaque_74646.png'
35:13.534  render           | Saved: '/tmp/clearvla_eval_opaque_74646.png'
35:13.963  render           | Saved: '/tmp/clearvla_eval_opaque_74646.png'
35:14.314  render           | Saved: '/tmp/clearvla_eval_opaque_74646.png'
35:14.738  render           | Saved: '/tmp/clearvla_eval_opaque_74646.png'
35:15.076  render           | Saved: '/tmp/clearvla_eval_opaque_74646.png'
35:15.500  render           | Saved: '/tmp/clearvla_eval_opaque_74646.png'
35:15.849  render           | Saved: '/tmp/clearvla_eval_opaque_74646.png'
35:16.293  render           | Saved: '/tmp/clearvla_eval_opaque_74646.png'
35:16.627  render           | Saved: '/tmp/clearvla_eval_opaque_74646.png'
35:17.080  render           | Saved: '/tmp/clearvla_eval_opaque_74646.png'
35:17.409  render           | Saved: '/tmp/clearvla_eval_opaque_74646.png'
35:17.849  render           | Saved: '/tmp/clearvla_eval_opaque_74646.png'
35:18.181  render           | Saved: '/tmp/clearvla_eval_opaque_74646.png'
35:18.625  render           | Saved: '/tmp/clearvla_eval_opaque_74646.png'
35:18.956  render           | Saved: '/tmp/clearvla_eval_opaque_74646.png'
35:19.402  render           | Saved: '/tmp/clearvla_eval_opaque_74646.png'
35:19.734  render           | Saved: '/tmp/clearvla_eval_opaque_74646.png'
35:20.162  render           | Saved: '/tmp/clearvla_eval_opaque_74646.png'
35:20.496  render           | Saved: '/tmp/clearvla_eval_opaque_74646.png'
35:20.947  render           | Saved: '/tmp/clearvla_eval_opaque_74646.png'
35:21.279  render           | Saved: '/tmp/clearvla_eval_opaque_74646.png'
35:21.708  render           | Saved: '/tmp/clearvla_eval_opaque_74646.png'
35:22.063  render           | Saved: '/tmp/clearvla_eval_opaque_74646.png'
35:22.467  render           | Saved: '/tmp/clearvla_eval_opaque_74646.png'
35:22.812  render           | Saved: '/tmp/clearvla_eval_opaque_74646.png'
35:23.205  render           | Saved: '/tmp/clearvla_eval_opaque_74646.png'
35:23.542  render           | Saved: '/tmp/clearvla_eval_opaque_74646.png'
35:23.937  render           | Saved: '/tmp/clearvla_eval_opaque_74646.png'
35:24.277  render           | Saved: '/tmp/clearvla_eval_opaque_74646.png'
35:24.667  render           | Saved: '/tmp/clearvla_eval_opaque_74646.png'
35:25.009  render           | Saved: '/tmp/clearvla_eval_opaque_74646.png'
35:25.400  render           | Saved: '/tmp/clearvla_eval_opaque_74646.png'
35:25.751  render           | Saved: '/tmp/clearvla_eval_opaque_74646.png'
35:26.173  render           | Saved: '/tmp/clearvla_eval_opaque_74646.png'
35:26.542  render           | Saved: '/tmp/clearvla_eval_opaque_74646.png'
35:27.004  render           | Saved: '/tmp/clearvla_eval_opaque_74646.png'
35:27.371  render           | Saved: '/tmp/clearvla_eval_opaque_74646.png'
35:27.834  render           | Saved: '/tmp/clearvla_eval_opaque_74646.png'
35:28.200  render           | Saved: '/tmp/clearvla_eval_opaque_74646.png'
35:28.680  render           | Saved: '/tmp/clearvla_eval_opaque_74646.png'
35:29.048  render           | Saved: '/tmp/clearvla_eval_opaque_74646.png'
35:29.496  render           | Saved: '/tmp/clearvla_eval_opaque_74646.png'
35:29.868  render           | Saved: '/tmp/clearvla_eval_opaque_74646.png'
35:30.328  render           | Saved: '/tmp/clearvla_eval_opaque_74646.png'
35:30.690  render           | Saved: '/tmp/clearvla_eval_opaque_74646.png'
35:31.151  render           | Saved: '/tmp/clearvla_eval_opaque_74646.png'
35:31.538  render           | Saved: '/tmp/clearvla_eval_opaque_74646.png'
35:32.004  render           | Saved: '/tmp/clearvla_eval_opaque_74646.png'
35:32.370  render           | Saved: '/tmp/clearvla_eval_opaque_74646.png'
35:32.839  render           | Saved: '/tmp/clearvla_eval_opaque_74646.png'
35:33.206  render           | Saved: '/tmp/clearvla_eval_opaque_74646.png'
35:33.662  render           | Saved: '/tmp/clearvla_eval_opaque_74646.png'
35:34.026  render           | Saved: '/tmp/clearvla_eval_opaque_74646.png'
35:34.478  render           | Saved: '/tmp/clearvla_eval_opaque_74646.png'
35:34.845  render           | Saved: '/tmp/clearvla_eval_opaque_74646.png'
35:35.314  render           | Saved: '/tmp/clearvla_eval_opaque_74646.png'
35:35.683  render           | Saved: '/tmp/clearvla_eval_opaque_74646.png'
35:36.147  render           | Saved: '/tmp/clearvla_eval_opaque_74646.png'
35:36.535  render           | Saved: '/tmp/clearvla_eval_opaque_74646.png'
35:37.026  render           | Saved: '/tmp/clearvla_eval_opaque_74646.png'
35:37.407  render           | Saved: '/tmp/clearvla_eval_opaque_74646.png'
35:38.256  render           | Saved: '/tmp/clearvla_eval_opaque_74646.png'
35:38.629  render           | Saved: '/tmp/clearvla_eval_opaque_74646.png'
35:39.037  render           | Saved: '/tmp/clearvla_eval_opaque_74646.png'
35:39.435  render           | Saved: '/tmp/clearvla_eval_opaque_74646.png'
35:39.841  render           | Saved: '/tmp/clearvla_eval_opaque_74646.png'
35:40.245  render           | Saved: '/tmp/clearvla_eval_opaque_74646.png'
35:40.651  render           | Saved: '/tmp/clearvla_eval_opaque_74646.png'
35:41.027  render           | Saved: '/tmp/clearvla_eval_opaque_74646.png'
35:41.430  render           | Saved: '/tmp/clearvla_eval_opaque_74646.png'
35:41.804  render           | Saved: '/tmp/clearvla_eval_opaque_74646.png'
35:42.205  render           | Saved: '/tmp/clearvla_eval_opaque_74646.png'
35:42.569  render           | Saved: '/tmp/clearvla_eval_opaque_74646.png'
35:42.965  render           | Saved: '/tmp/clearvla_eval_opaque_74646.png'
35:43.322  render           | Saved: '/tmp/clearvla_eval_opaque_74646.png'
35:43.727  render           | Saved: '/tmp/clearvla_eval_opaque_74646.png'
35:44.066  render           | Saved: '/tmp/clearvla_eval_opaque_74646.png'
35:44.487  render           | Saved: '/tmp/clearvla_eval_opaque_74646.png'
35:44.815  render           | Saved: '/tmp/clearvla_eval_opaque_74646.png'
35:45.260  render           | Saved: '/tmp/clearvla_eval_opaque_74646.png'
35:45.582  render           | Saved: '/tmp/clearvla_eval_opaque_74646.png'
35:46.031  render           | Saved: '/tmp/clearvla_eval_opaque_74646.png'
35:46.361  render           | Saved: '/tmp/clearvla_eval_opaque_74646.png'
35:46.814  render           | Saved: '/tmp/clearvla_eval_opaque_74646.png'
35:47.141  render           | Saved: '/tmp/clearvla_eval_opaque_74646.png'
35:47.585  render           | Saved: '/tmp/clearvla_eval_opaque_74646.png'
35:47.912  render           | Saved: '/tmp/clearvla_eval_opaque_74646.png'
35:48.358  render           | Saved: '/tmp/clearvla_eval_opaque_74646.png'
35:48.686  render           | Saved: '/tmp/clearvla_eval_opaque_74646.png'
35:49.144  render           | Saved: '/tmp/clearvla_eval_opaque_74646.png'
35:49.468  render           | Saved: '/tmp/clearvla_eval_opaque_74646.png'
35:49.939  render           | Saved: '/tmp/clearvla_eval_opaque_74646.png'
35:50.282  render           | Saved: '/tmp/clearvla_eval_opaque_74646.png'
35:50.721  render           | Saved: '/tmp/clearvla_eval_opaque_74646.png'
35:51.048  render           | Saved: '/tmp/clearvla_eval_opaque_74646.png'
35:51.501  render           | Saved: '/tmp/clearvla_eval_opaque_74646.png'
35:51.828  render           | Saved: '/tmp/clearvla_eval_opaque_74646.png'
35:52.248  render           | Saved: '/tmp/clearvla_eval_opaque_74646.png'
35:52.586  render           | Saved: '/tmp/clearvla_eval_opaque_74646.png'
35:52.978  render           | Saved: '/tmp/clearvla_eval_opaque_74646.png'
35:53.326  render           | Saved: '/tmp/clearvla_eval_opaque_74646.png'
35:53.721  render           | Saved: '/tmp/clearvla_eval_opaque_74646.png'
35:54.060  render           | Saved: '/tmp/clearvla_eval_opaque_74646.png'
35:54.452  render           | Saved: '/tmp/clearvla_eval_opaque_74646.png'
35:54.795  render           | Saved: '/tmp/clearvla_eval_opaque_74646.png'
35:55.188  render           | Saved: '/tmp/clearvla_eval_opaque_74646.png'
35:55.534  render           | Saved: '/tmp/clearvla_eval_opaque_74646.png'
35:55.928  render           | Saved: '/tmp/clearvla_eval_opaque_74646.png'
35:56.270  render           | Saved: '/tmp/clearvla_eval_opaque_74646.png'
35:56.665  render           | Saved: '/tmp/clearvla_eval_opaque_74646.png'
35:57.011  render           | Saved: '/tmp/clearvla_eval_opaque_74646.png'
35:57.398  render           | Saved: '/tmp/clearvla_eval_opaque_74646.png'
35:57.742  render           | Saved: '/tmp/clearvla_eval_opaque_74646.png'
35:58.140  render           | Saved: '/tmp/clearvla_eval_opaque_74646.png'
35:58.482  render           | Saved: '/tmp/clearvla_eval_opaque_74646.png'
35:58.877  render           | Saved: '/tmp/clearvla_eval_opaque_74646.png'
35:59.219  render           | Saved: '/tmp/clearvla_eval_opaque_74646.png'
35:59.609  render           | Saved: '/tmp/clearvla_eval_opaque_74646.png'
35:59.959  render           | Saved: '/tmp/clearvla_eval_opaque_74646.png'
36:00.351  render           | Saved: '/tmp/clearvla_eval_opaque_74646.png'
36:00.692  render           | Saved: '/tmp/clearvla_eval_opaque_74646.png'
36:01.087  render           | Saved: '/tmp/clearvla_eval_opaque_74646.png'
36:01.432  render           | Saved: '/tmp/clearvla_eval_opaque_74646.png'
36:01.827  render           | Saved: '/tmp/clearvla_eval_opaque_74646.png'
36:02.166  render           | Saved: '/tmp/clearvla_eval_opaque_74646.png'
36:02.564  render           | Saved: '/tmp/clearvla_eval_opaque_74646.png'
36:02.908  render           | Saved: '/tmp/clearvla_eval_opaque_74646.png'
36:03.330  render           | Saved: '/tmp/clearvla_eval_opaque_74646.png'
36:03.703  render           | Saved: '/tmp/clearvla_eval_opaque_74646.png'
36:04.170  render           | Saved: '/tmp/clearvla_eval_opaque_74646.png'
36:04.549  render           | Saved: '/tmp/clearvla_eval_opaque_74646.png'
36:05.023  render           | Saved: '/tmp/clearvla_eval_opaque_74646.png'
36:05.397  render           | Saved: '/tmp/clearvla_eval_opaque_74646.png'
36:05.853  render           | Saved: '/tmp/clearvla_eval_opaque_74646.png'
36:06.228  render           | Saved: '/tmp/clearvla_eval_opaque_74646.png'
36:06.708  render           | Saved: '/tmp/clearvla_eval_opaque_74646.png'
36:07.081  render           | Saved: '/tmp/clearvla_eval_opaque_74646.png'
36:07.904  render           | Saved: '/tmp/clearvla_eval_opaque_74646.png'
36:08.227  render           | Saved: '/tmp/clearvla_eval_opaque_74646.png'
36:08.671  render           | Saved: '/tmp/clearvla_eval_opaque_74646.png'
36:08.999  render           | Saved: '/tmp/clearvla_eval_opaque_74646.png'
36:09.442  render           | Saved: '/tmp/clearvla_eval_opaque_74646.png'
36:09.775  render           | Saved: '/tmp/clearvla_eval_opaque_74646.png'
36:10.220  render           | Saved: '/tmp/clearvla_eval_opaque_74646.png'
36:10.544  render           | Saved: '/tmp/clearvla_eval_opaque_74646.png'
36:10.993  render           | Saved: '/tmp/clearvla_eval_opaque_74646.png'
36:11.322  render           | Saved: '/tmp/clearvla_eval_opaque_74646.png'
36:11.784  render           | Saved: '/tmp/clearvla_eval_opaque_74646.png'
36:12.108  render           | Saved: '/tmp/clearvla_eval_opaque_74646.png'
36:12.567  render           | Saved: '/tmp/clearvla_eval_opaque_74646.png'
36:12.888  render           | Saved: '/tmp/clearvla_eval_opaque_74646.png'
36:13.365  render           | Saved: '/tmp/clearvla_eval_opaque_74646.png'
36:13.689  render           | Saved: '/tmp/clearvla_eval_opaque_74646.png'
36:14.164  render           | Saved: '/tmp/clearvla_eval_opaque_74646.png'
36:14.488  render           | Saved: '/tmp/clearvla_eval_opaque_74646.png'
36:14.971  render           | Saved: '/tmp/clearvla_eval_opaque_74646.png'
36:15.294  render           | Saved: '/tmp/clearvla_eval_opaque_74646.png'
36:15.731  render           | Saved: '/tmp/clearvla_eval_opaque_74646.png'
36:16.058  render           | Saved: '/tmp/clearvla_eval_opaque_74646.png'
36:16.498  render           | Saved: '/tmp/clearvla_eval_opaque_74646.png'
36:16.824  render           | Saved: '/tmp/clearvla_eval_opaque_74646.png'
36:17.269  render           | Saved: '/tmp/clearvla_eval_opaque_74646.png'
36:17.592  render           | Saved: '/tmp/clearvla_eval_opaque_74646.png'
36:18.036  render           | Saved: '/tmp/clearvla_eval_opaque_74646.png'
36:18.363  render           | Saved: '/tmp/clearvla_eval_opaque_74646.png'
36:18.796  render           | Saved: '/tmp/clearvla_eval_opaque_74646.png'
36:19.124  render           | Saved: '/tmp/clearvla_eval_opaque_74646.png'
36:19.546  render           | Saved: '/tmp/clearvla_eval_opaque_74646.png'
36:19.889  render           | Saved: '/tmp/clearvla_eval_opaque_74646.png'
36:20.321  render           | Saved: '/tmp/clearvla_eval_opaque_74646.png'
36:20.653  render           | Saved: '/tmp/clearvla_eval_opaque_74646.png'
36:21.095  render           | Saved: '/tmp/clearvla_eval_opaque_74646.png'
36:21.423  render           | Saved: '/tmp/clearvla_eval_opaque_74646.png'
36:21.839  render           | Saved: '/tmp/clearvla_eval_opaque_74646.png'
36:22.193  render           | Saved: '/tmp/clearvla_eval_opaque_74646.png'
36:22.593  render           | Saved: '/tmp/clearvla_eval_opaque_74646.png'
36:22.932  render           | Saved: '/tmp/clearvla_eval_opaque_74646.png'
36:23.323  render           | Saved: '/tmp/clearvla_eval_opaque_74646.png'
36:23.665  render           | Saved: '/tmp/clearvla_eval_opaque_74646.png'
36:24.055  render           | Saved: '/tmp/clearvla_eval_opaque_74646.png'
36:24.405  render           | Saved: '/tmp/clearvla_eval_opaque_74646.png'
36:24.804  render           | Saved: '/tmp/clearvla_eval_opaque_74646.png'
36:25.142  render           | Saved: '/tmp/clearvla_eval_opaque_74646.png'
36:25.536  render           | Saved: '/tmp/clearvla_eval_opaque_74646.png'
36:25.874  render           | Saved: '/tmp/clearvla_eval_opaque_74646.png'
36:26.275  render           | Saved: '/tmp/clearvla_eval_opaque_74646.png'
36:26.623  render           | Saved: '/tmp/clearvla_eval_opaque_74646.png'
36:27.050  render           | Saved: '/tmp/clearvla_eval_opaque_74646.png'
36:27.420  render           | Saved: '/tmp/clearvla_eval_opaque_74646.png'
36:27.901  render           | Saved: '/tmp/clearvla_eval_opaque_74646.png'
36:28.272  render           | Saved: '/tmp/clearvla_eval_opaque_74646.png'
36:28.732  render           | Saved: '/tmp/clearvla_eval_opaque_74646.png'
36:29.111  render           | Saved: '/tmp/clearvla_eval_opaque_74646.png'
36:29.582  render           | Saved: '/tmp/clearvla_eval_opaque_74646.png'
36:29.953  render           | Saved: '/tmp/clearvla_eval_opaque_74646.png'
36:30.416  render           | Saved: '/tmp/clearvla_eval_opaque_74646.png'
36:30.809  render           | Saved: '/tmp/clearvla_eval_opaque_74646.png'
36:31.257  render           | Saved: '/tmp/clearvla_eval_opaque_74646.png'
36:31.631  render           | Saved: '/tmp/clearvla_eval_opaque_74646.png'
36:32.079  render           | Saved: '/tmp/clearvla_eval_opaque_74646.png'
36:32.446  render           | Saved: '/tmp/clearvla_eval_opaque_74646.png'
36:32.907  render           | Saved: '/tmp/clearvla_eval_opaque_74646.png'
36:33.280  render           | Saved: '/tmp/clearvla_eval_opaque_74646.png'
36:33.732  render           | Saved: '/tmp/clearvla_eval_opaque_74646.png'
36:34.098  render           | Saved: '/tmp/clearvla_eval_opaque_74646.png'
36:34.550  render           | Saved: '/tmp/clearvla_eval_opaque_74646.png'
36:34.913  render           | Saved: '/tmp/clearvla_eval_opaque_74646.png'
36:35.381  render           | Saved: '/tmp/clearvla_eval_opaque_74646.png'
36:35.784  render           | Saved: '/tmp/clearvla_eval_opaque_74646.png'
36:36.244  render           | Saved: '/tmp/clearvla_eval_opaque_74646.png'
36:36.616  render           | Saved: '/tmp/clearvla_eval_opaque_74646.png'
36:37.097  render           | Saved: '/tmp/clearvla_eval_opaque_74646.png'
36:37.481  render           | Saved: '/tmp/clearvla_eval_opaque_74646.png'
36:38.295  render           | Saved: '/tmp/clearvla_eval_opaque_74646.png'
36:38.618  render           | Saved: '/tmp/clearvla_eval_opaque_74646.png'
36:39.068  render           | Saved: '/tmp/clearvla_eval_opaque_74646.png'
36:39.406  render           | Saved: '/tmp/clearvla_eval_opaque_74646.png'
36:39.855  render           | Saved: '/tmp/clearvla_eval_opaque_74646.png'
36:40.186  render           | Saved: '/tmp/clearvla_eval_opaque_74646.png'
36:40.597  render           | Saved: '/tmp/clearvla_eval_opaque_74646.png'
36:40.939  render           | Saved: '/tmp/clearvla_eval_opaque_74646.png'
36:41.362  render           | Saved: '/tmp/clearvla_eval_opaque_74646.png'
36:41.703  render           | Saved: '/tmp/clearvla_eval_opaque_74646.png'
36:42.109  render           | Saved: '/tmp/clearvla_eval_opaque_74646.png'
36:42.470  render           | Saved: '/tmp/clearvla_eval_opaque_74646.png'
36:42.888  render           | Saved: '/tmp/clearvla_eval_opaque_74646.png'
36:43.236  render           | Saved: '/tmp/clearvla_eval_opaque_74646.png'
36:43.652  render           | Saved: '/tmp/clearvla_eval_opaque_74646.png'
36:44.002  render           | Saved: '/tmp/clearvla_eval_opaque_74646.png'
36:44.450  render           | Saved: '/tmp/clearvla_eval_opaque_74646.png'
36:44.778  render           | Saved: '/tmp/clearvla_eval_opaque_74646.png'
36:45.208  render           | Saved: '/tmp/clearvla_eval_opaque_74646.png'
36:45.535  render           | Saved: '/tmp/clearvla_eval_opaque_74646.png'
36:46.002  render           | Saved: '/tmp/clearvla_eval_opaque_74646.png'
36:46.331  render           | Saved: '/tmp/clearvla_eval_opaque_74646.png'
36:46.792  render           | Saved: '/tmp/clearvla_eval_opaque_74646.png'
36:47.126  render           | Saved: '/tmp/clearvla_eval_opaque_74646.png'
36:47.552  render           | Saved: '/tmp/clearvla_eval_opaque_74646.png'
36:47.884  render           | Saved: '/tmp/clearvla_eval_opaque_74646.png'
36:48.346  render           | Saved: '/tmp/clearvla_eval_opaque_74646.png'
36:48.670  render           | Saved: '/tmp/clearvla_eval_opaque_74646.png'
36:49.142  render           | Saved: '/tmp/clearvla_eval_opaque_74646.png'
36:49.461  render           | Saved: '/tmp/clearvla_eval_opaque_74646.png'
36:49.922  render           | Saved: '/tmp/clearvla_eval_opaque_74646.png'
36:50.243  render           | Saved: '/tmp/clearvla_eval_opaque_74646.png'
36:50.711  render           | Saved: '/tmp/clearvla_eval_opaque_74646.png'
36:51.029  render           | Saved: '/tmp/clearvla_eval_opaque_74646.png'
36:51.470  render           | Saved: '/tmp/clearvla_eval_opaque_74646.png'
36:51.798  render           | Saved: '/tmp/clearvla_eval_opaque_74646.png'
36:52.229  render           | Saved: '/tmp/clearvla_eval_opaque_74646.png'
36:52.579  render           | Saved: '/tmp/clearvla_eval_opaque_74646.png'
36:52.980  render           | Saved: '/tmp/clearvla_eval_opaque_74646.png'
36:53.320  render           | Saved: '/tmp/clearvla_eval_opaque_74646.png'
36:53.711  render           | Saved: '/tmp/clearvla_eval_opaque_74646.png'
36:54.055  render           | Saved: '/tmp/clearvla_eval_opaque_74646.png'
36:54.474  render           | Saved: '/tmp/clearvla_eval_opaque_74646.png'
36:54.825  render           | Saved: '/tmp/clearvla_eval_opaque_74646.png'
36:55.281  render           | Saved: '/tmp/clearvla_eval_opaque_74646.png'
36:55.654  render           | Saved: '/tmp/clearvla_eval_opaque_74646.png'
36:56.107  render           | Saved: '/tmp/clearvla_eval_opaque_74646.png'
36:56.486  render           | Saved: '/tmp/clearvla_eval_opaque_74646.png'
36:56.967  render           | Saved: '/tmp/clearvla_eval_opaque_74646.png'
36:57.340  render           | Saved: '/tmp/clearvla_eval_opaque_74646.png'
36:57.799  render           | Saved: '/tmp/clearvla_eval_opaque_74646.png'
36:58.169  render           | Saved: '/tmp/clearvla_eval_opaque_74646.png'
36:58.646  render           | Saved: '/tmp/clearvla_eval_opaque_74646.png'
36:59.004  render           | Saved: '/tmp/clearvla_eval_opaque_74646.png'
36:59.460  render           | Saved: '/tmp/clearvla_eval_opaque_74646.png'
36:59.829  render           | Saved: '/tmp/clearvla_eval_opaque_74646.png'
37:00.300  render           | Saved: '/tmp/clearvla_eval_opaque_74646.png'
37:00.685  render           | Saved: '/tmp/clearvla_eval_opaque_74646.png'
37:01.159  render           | Saved: '/tmp/clearvla_eval_opaque_74646.png'
37:01.533  render           | Saved: '/tmp/clearvla_eval_opaque_74646.png'
37:02.005  render           | Saved: '/tmp/clearvla_eval_opaque_74646.png'
37:02.376  render           | Saved: '/tmp/clearvla_eval_opaque_74646.png'
37:02.850  render           | Saved: '/tmp/clearvla_eval_opaque_74646.png'
37:03.219  render           | Saved: '/tmp/clearvla_eval_opaque_74646.png'
37:03.694  render           | Saved: '/tmp/clearvla_eval_opaque_74646.png'
37:04.065  render           | Saved: '/tmp/clearvla_eval_opaque_74646.png'
37:04.519  render           | Saved: '/tmp/clearvla_eval_opaque_74646.png'
37:04.885  render           | Saved: '/tmp/clearvla_eval_opaque_74646.png'
37:05.359  render           | Saved: '/tmp/clearvla_eval_opaque_74646.png'
37:05.751  render           | Saved: '/tmp/clearvla_eval_opaque_74646.png'
37:06.211  render           | Saved: '/tmp/clearvla_eval_opaque_74646.png'
37:06.589  render           | Saved: '/tmp/clearvla_eval_opaque_74646.png'
37:07.049  render           | Saved: '/tmp/clearvla_eval_opaque_74646.png'
37:07.427  render           | Saved: '/tmp/clearvla_eval_opaque_74646.png'
37:07.901  render           | Saved: '/tmp/clearvla_eval_opaque_74646.png'
37:08.273  render           | Saved: '/tmp/clearvla_eval_opaque_74646.png'
37:09.121  render           | Saved: '/tmp/clearvla_eval_opaque_74646.png'
37:09.493  render           | Saved: '/tmp/clearvla_eval_opaque_74646.png'
37:09.921  render           | Saved: '/tmp/clearvla_eval_opaque_74646.png'
37:10.320  render           | Saved: '/tmp/clearvla_eval_opaque_74646.png'
37:10.725  render           | Saved: '/tmp/clearvla_eval_opaque_74646.png'
37:11.134  render           | Saved: '/tmp/clearvla_eval_opaque_74646.png'
37:11.533  render           | Saved: '/tmp/clearvla_eval_opaque_74646.png'
37:11.927  render           | Saved: '/tmp/clearvla_eval_opaque_74646.png'
37:12.330  render           | Saved: '/tmp/clearvla_eval_opaque_74646.png'
37:12.705  render           | Saved: '/tmp/clearvla_eval_opaque_74646.png'
37:13.110  render           | Saved: '/tmp/clearvla_eval_opaque_74646.png'
37:13.479  render           | Saved: '/tmp/clearvla_eval_opaque_74646.png'
37:13.883  render           | Saved: '/tmp/clearvla_eval_opaque_74646.png'
37:14.256  render           | Saved: '/tmp/clearvla_eval_opaque_74646.png'
37:14.669  render           | Saved: '/tmp/clearvla_eval_opaque_74646.png'
37:15.041  render           | Saved: '/tmp/clearvla_eval_opaque_74646.png'
37:15.445  render           | Saved: '/tmp/clearvla_eval_opaque_74646.png'
37:15.772  render           | Saved: '/tmp/clearvla_eval_opaque_74646.png'
37:16.229  render           | Saved: '/tmp/clearvla_eval_opaque_74646.png'
37:16.561  render           | Saved: '/tmp/clearvla_eval_opaque_74646.png'
37:16.995  render           | Saved: '/tmp/clearvla_eval_opaque_74646.png'
37:17.330  render           | Saved: '/tmp/clearvla_eval_opaque_74646.png'
37:17.764  render           | Saved: '/tmp/clearvla_eval_opaque_74646.png'
37:18.099  render           | Saved: '/tmp/clearvla_eval_opaque_74646.png'
37:18.536  render           | Saved: '/tmp/clearvla_eval_opaque_74646.png'
37:18.864  render           | Saved: '/tmp/clearvla_eval_opaque_74646.png'
37:19.310  render           | Saved: '/tmp/clearvla_eval_opaque_74646.png'
37:19.644  render           | Saved: '/tmp/clearvla_eval_opaque_74646.png'
37:20.089  render           | Saved: '/tmp/clearvla_eval_opaque_74646.png'
37:20.421  render           | Saved: '/tmp/clearvla_eval_opaque_74646.png'
37:20.863  render           | Saved: '/tmp/clearvla_eval_opaque_74646.png'
37:21.201  render           | Saved: '/tmp/clearvla_eval_opaque_74646.png'
37:21.656  render           | Saved: '/tmp/clearvla_eval_opaque_74646.png'
37:21.987  render           | Saved: '/tmp/clearvla_eval_opaque_74646.png'
37:22.428  render           | Saved: '/tmp/clearvla_eval_opaque_74646.png'
37:22.756  render           | Saved: '/tmp/clearvla_eval_opaque_74646.png'
37:23.171  render           | Saved: '/tmp/clearvla_eval_opaque_74646.png'
37:23.519  render           | Saved: '/tmp/clearvla_eval_opaque_74646.png'
37:23.899  render           | Saved: '/tmp/clearvla_eval_opaque_74646.png'
37:24.247  render           | Saved: '/tmp/clearvla_eval_opaque_74646.png'
37:24.655  render           | Saved: '/tmp/clearvla_eval_opaque_74646.png'
37:25.019  render           | Saved: '/tmp/clearvla_eval_opaque_74646.png'
37:25.452  render           | Saved: '/tmp/clearvla_eval_opaque_74646.png'
37:25.826  render           | Saved: '/tmp/clearvla_eval_opaque_74646.png'
37:26.286  render           | Saved: '/tmp/clearvla_eval_opaque_74646.png'
37:26.649  render           | Saved: '/tmp/clearvla_eval_opaque_74646.png'
37:27.099  render           | Saved: '/tmp/clearvla_eval_opaque_74646.png'
37:27.475  render           | Saved: '/tmp/clearvla_eval_opaque_74646.png'
37:27.929  render           | Saved: '/tmp/clearvla_eval_opaque_74646.png'
37:28.310  render           | Saved: '/tmp/clearvla_eval_opaque_74646.png'
37:28.773  render           | Saved: '/tmp/clearvla_eval_opaque_74646.png'
37:29.156  render           | Saved: '/tmp/clearvla_eval_opaque_74646.png'
37:29.640  render           | Saved: '/tmp/clearvla_eval_opaque_74646.png'
37:30.006  render           | Saved: '/tmp/clearvla_eval_opaque_74646.png'
37:30.467  render           | Saved: '/tmp/clearvla_eval_opaque_74646.png'
37:30.834  render           | Saved: '/tmp/clearvla_eval_opaque_74646.png'
37:31.290  render           | Saved: '/tmp/clearvla_eval_opaque_74646.png'
37:31.669  render           | Saved: '/tmp/clearvla_eval_opaque_74646.png'
37:32.141  render           | Saved: '/tmp/clearvla_eval_opaque_74646.png'
37:32.523  render           | Saved: '/tmp/clearvla_eval_opaque_74646.png'
37:32.991  render           | Saved: '/tmp/clearvla_eval_opaque_74646.png'
37:33.357  render           | Saved: '/tmp/clearvla_eval_opaque_74646.png'
37:33.821  render           | Saved: '/tmp/clearvla_eval_opaque_74646.png'
37:34.206  render           | Saved: '/tmp/clearvla_eval_opaque_74646.png'
37:34.669  render           | Saved: '/tmp/clearvla_eval_opaque_74646.png'
37:35.041  render           | Saved: '/tmp/clearvla_eval_opaque_74646.png'
37:35.517  render           | Saved: '/tmp/clearvla_eval_opaque_74646.png'
37:35.883  render           | Saved: '/tmp/clearvla_eval_opaque_74646.png'
37:36.328  render           | Saved: '/tmp/clearvla_eval_opaque_74646.png'
37:36.696  render           | Saved: '/tmp/clearvla_eval_opaque_74646.png'
37:37.154  render           | Saved: '/tmp/clearvla_eval_opaque_74646.png'
37:37.520  render           | Saved: '/tmp/clearvla_eval_opaque_74646.png'
37:37.976  render           | Saved: '/tmp/clearvla_eval_opaque_74646.png'
37:38.342  render           | Saved: '/tmp/clearvla_eval_opaque_74646.png'
37:38.800  render           | Saved: '/tmp/clearvla_eval_opaque_74646.png'
37:39.166  render           | Saved: '/tmp/clearvla_eval_opaque_74646.png'
37:39.996  render           | Saved: '/tmp/clearvla_eval_opaque_74646.png'
37:40.320  render           | Saved: '/tmp/clearvla_eval_opaque_74646.png'
37:40.793  render           | Saved: '/tmp/clearvla_eval_opaque_74646.png'
37:41.119  render           | Saved: '/tmp/clearvla_eval_opaque_74646.png'
37:41.581  render           | Saved: '/tmp/clearvla_eval_opaque_74646.png'
37:41.905  render           | Saved: '/tmp/clearvla_eval_opaque_74646.png'
37:42.339  render           | Saved: '/tmp/clearvla_eval_opaque_74646.png'
37:42.671  render           | Saved: '/tmp/clearvla_eval_opaque_74646.png'
37:43.125  render           | Saved: '/tmp/clearvla_eval_opaque_74646.png'
37:43.452  render           | Saved: '/tmp/clearvla_eval_opaque_74646.png'
37:43.924  render           | Saved: '/tmp/clearvla_eval_opaque_74646.png'
37:44.268  render           | Saved: '/tmp/clearvla_eval_opaque_74646.png'
37:44.700  render           | Saved: '/tmp/clearvla_eval_opaque_74646.png'
37:45.028  render           | Saved: '/tmp/clearvla_eval_opaque_74646.png'
37:45.512  render           | Saved: '/tmp/clearvla_eval_opaque_74646.png'
37:45.837  render           | Saved: '/tmp/clearvla_eval_opaque_74646.png'
37:46.275  render           | Saved: '/tmp/clearvla_eval_opaque_74646.png'
37:46.602  render           | Saved: '/tmp/clearvla_eval_opaque_74646.png'
37:47.065  render           | Saved: '/tmp/clearvla_eval_opaque_74646.png'
37:47.394  render           | Saved: '/tmp/clearvla_eval_opaque_74646.png'
37:47.870  render           | Saved: '/tmp/clearvla_eval_opaque_74646.png'
37:48.190  render           | Saved: '/tmp/clearvla_eval_opaque_74646.png'
37:48.666  render           | Saved: '/tmp/clearvla_eval_opaque_74646.png'
37:48.989  render           | Saved: '/tmp/clearvla_eval_opaque_74646.png'
37:49.427  render           | Saved: '/tmp/clearvla_eval_opaque_74646.png'
37:49.752  render           | Saved: '/tmp/clearvla_eval_opaque_74646.png'
37:50.184  render           | Saved: '/tmp/clearvla_eval_opaque_74646.png'
37:50.527  render           | Saved: '/tmp/clearvla_eval_opaque_74646.png'
37:50.970  render           | Saved: '/tmp/clearvla_eval_opaque_74646.png'
37:51.298  render           | Saved: '/tmp/clearvla_eval_opaque_74646.png'
37:51.739  render           | Saved: '/tmp/clearvla_eval_opaque_74646.png'
37:52.066  render           | Saved: '/tmp/clearvla_eval_opaque_74646.png'
37:52.505  render           | Saved: '/tmp/clearvla_eval_opaque_74646.png'
37:52.832  render           | Saved: '/tmp/clearvla_eval_opaque_74646.png'
37:53.263  render           | Saved: '/tmp/clearvla_eval_opaque_74646.png'
37:53.583  render           | Saved: '/tmp/clearvla_eval_opaque_74646.png'
37:54.005  render           | Saved: '/tmp/clearvla_eval_opaque_74646.png'
37:54.335  render           | Saved: '/tmp/clearvla_eval_opaque_74646.png'
37:54.734  render           | Saved: '/tmp/clearvla_eval_opaque_74646.png'
37:55.079  render           | Saved: '/tmp/clearvla_eval_opaque_74646.png'
37:55.473  render           | Saved: '/tmp/clearvla_eval_opaque_74646.png'
37:55.798  render           | Saved: '/tmp/clearvla_eval_opaque_74646.png'
37:56.198  render           | Saved: '/tmp/clearvla_eval_opaque_74646.png'
37:56.522  render           | Saved: '/tmp/clearvla_eval_opaque_74646.png'
37:56.920  render           | Saved: '/tmp/clearvla_eval_opaque_74646.png'
37:57.257  render           | Saved: '/tmp/clearvla_eval_opaque_74646.png'
37:57.653  render           | Saved: '/tmp/clearvla_eval_opaque_74646.png'
37:58.011  render           | Saved: '/tmp/clearvla_eval_opaque_74646.png'
37:58.471  render           | Saved: '/tmp/clearvla_eval_opaque_74646.png'
37:58.845  render           | Saved: '/tmp/clearvla_eval_opaque_74646.png'
37:59.303  render           | Saved: '/tmp/clearvla_eval_opaque_74646.png'
37:59.674  render           | Saved: '/tmp/clearvla_eval_opaque_74646.png'
38:00.152  render           | Saved: '/tmp/clearvla_eval_opaque_74646.png'
38:00.520  render           | Saved: '/tmp/clearvla_eval_opaque_74646.png'
38:00.945  render           | Saved: '/tmp/clearvla_eval_opaque_74646.png'
38:01.288  render           | Saved: '/tmp/clearvla_eval_opaque_74646.png'
38:01.703  render           | Saved: '/tmp/clearvla_eval_opaque_74646.png'
38:02.060  render           | Saved: '/tmp/clearvla_eval_opaque_74646.png'
38:02.513  render           | Saved: '/tmp/clearvla_eval_opaque_74646.png'
38:02.886  render           | Saved: '/tmp/clearvla_eval_opaque_74646.png'
38:03.334  render           | Saved: '/tmp/clearvla_eval_opaque_74646.png'
38:03.704  render           | Saved: '/tmp/clearvla_eval_opaque_74646.png'
38:04.164  render           | Saved: '/tmp/clearvla_eval_opaque_74646.png'
38:04.532  render           | Saved: '/tmp/clearvla_eval_opaque_74646.png'
38:04.992  render           | Saved: '/tmp/clearvla_eval_opaque_74646.png'
38:05.361  render           | Saved: '/tmp/clearvla_eval_opaque_74646.png'
38:05.841  render           | Saved: '/tmp/clearvla_eval_opaque_74646.png'
38:06.220  render           | Saved: '/tmp/clearvla_eval_opaque_74646.png'
38:06.653  render           | Saved: '/tmp/clearvla_eval_opaque_74646.png'
38:07.029  render           | Saved: '/tmp/clearvla_eval_opaque_74646.png'
38:07.504  render           | Saved: '/tmp/clearvla_eval_opaque_74646.png'
38:07.873  render           | Saved: '/tmp/clearvla_eval_opaque_74646.png'
38:08.329  render           | Saved: '/tmp/clearvla_eval_opaque_74646.png'
38:08.705  render           | Saved: '/tmp/clearvla_eval_opaque_74646.png'
38:09.165  render           | Saved: '/tmp/clearvla_eval_opaque_74646.png'
38:09.534  render           | Saved: '/tmp/clearvla_eval_opaque_74646.png'
38:10.378  render           | Saved: '/tmp/clearvla_eval_opaque_74646.png'
38:10.704  render           | Saved: '/tmp/clearvla_eval_opaque_74646.png'
38:11.147  render           | Saved: '/tmp/clearvla_eval_opaque_74646.png'
38:11.476  render           | Saved: '/tmp/clearvla_eval_opaque_74646.png'
38:11.912  render           | Saved: '/tmp/clearvla_eval_opaque_74646.png'
38:12.241  render           | Saved: '/tmp/clearvla_eval_opaque_74646.png'
38:12.682  render           | Saved: '/tmp/clearvla_eval_opaque_74646.png'
38:13.013  render           | Saved: '/tmp/clearvla_eval_opaque_74646.png'
38:13.454  render           | Saved: '/tmp/clearvla_eval_opaque_74646.png'
38:13.787  render           | Saved: '/tmp/clearvla_eval_opaque_74646.png'
38:14.236  render           | Saved: '/tmp/clearvla_eval_opaque_74646.png'
38:14.564  render           | Saved: '/tmp/clearvla_eval_opaque_74646.png'
38:15.007  render           | Saved: '/tmp/clearvla_eval_opaque_74646.png'
38:15.337  render           | Saved: '/tmp/clearvla_eval_opaque_74646.png'
38:15.780  render           | Saved: '/tmp/clearvla_eval_opaque_74646.png'
38:16.112  render           | Saved: '/tmp/clearvla_eval_opaque_74646.png'
38:16.550  render           | Saved: '/tmp/clearvla_eval_opaque_74646.png'
38:16.880  render           | Saved: '/tmp/clearvla_eval_opaque_74646.png'
38:17.321  render           | Saved: '/tmp/clearvla_eval_opaque_74646.png'
38:17.656  render           | Saved: '/tmp/clearvla_eval_opaque_74646.png'
38:18.086  render           | Saved: '/tmp/clearvla_eval_opaque_74646.png'
38:18.417  render           | Saved: '/tmp/clearvla_eval_opaque_74646.png'
38:18.850  render           | Saved: '/tmp/clearvla_eval_opaque_74646.png'
38:19.184  render           | Saved: '/tmp/clearvla_eval_opaque_74646.png'
38:19.609  render           | Saved: '/tmp/clearvla_eval_opaque_74646.png'
38:19.955  render           | Saved: '/tmp/clearvla_eval_opaque_74646.png'
38:20.385  render           | Saved: '/tmp/clearvla_eval_opaque_74646.png'
38:20.718  render           | Saved: '/tmp/clearvla_eval_opaque_74646.png'
38:21.135  render           | Saved: '/tmp/clearvla_eval_opaque_74646.png'
38:21.471  render           | Saved: '/tmp/clearvla_eval_opaque_74646.png'
38:21.895  render           | Saved: '/tmp/clearvla_eval_opaque_74646.png'
38:22.242  render           | Saved: '/tmp/clearvla_eval_opaque_74646.png'
38:22.664  render           | Saved: '/tmp/clearvla_eval_opaque_74646.png'
38:23.012  render           | Saved: '/tmp/clearvla_eval_opaque_74646.png'
38:23.431  render           | Saved: '/tmp/clearvla_eval_opaque_74646.png'
38:23.770  render           | Saved: '/tmp/clearvla_eval_opaque_74646.png'
38:24.202  render           | Saved: '/tmp/clearvla_eval_opaque_74646.png'
38:24.542  render           | Saved: '/tmp/clearvla_eval_opaque_74646.png'
38:24.934  render           | Saved: '/tmp/clearvla_eval_opaque_74646.png'
38:25.276  render           | Saved: '/tmp/clearvla_eval_opaque_74646.png'
38:25.668  render           | Saved: '/tmp/clearvla_eval_opaque_74646.png'
38:26.010  render           | Saved: '/tmp/clearvla_eval_opaque_74646.png'
38:26.402  render           | Saved: '/tmp/clearvla_eval_opaque_74646.png'
38:26.743  render           | Saved: '/tmp/clearvla_eval_opaque_74646.png'
38:27.138  render           | Saved: '/tmp/clearvla_eval_opaque_74646.png'
38:27.483  render           | Saved: '/tmp/clearvla_eval_opaque_74646.png'
38:27.875  render           | Saved: '/tmp/clearvla_eval_opaque_74646.png'
38:28.218  render           | Saved: '/tmp/clearvla_eval_opaque_74646.png'
38:28.615  render           | Saved: '/tmp/clearvla_eval_opaque_74646.png'
38:28.961  render           | Saved: '/tmp/clearvla_eval_opaque_74646.png'
38:29.349  render           | Saved: '/tmp/clearvla_eval_opaque_74646.png'
38:29.695  render           | Saved: '/tmp/clearvla_eval_opaque_74646.png'
38:30.092  render           | Saved: '/tmp/clearvla_eval_opaque_74646.png'
38:30.448  render           | Saved: '/tmp/clearvla_eval_opaque_74646.png'
38:30.900  render           | Saved: '/tmp/clearvla_eval_opaque_74646.png'
38:31.272  render           | Saved: '/tmp/clearvla_eval_opaque_74646.png'
38:31.746  render           | Saved: '/tmp/clearvla_eval_opaque_74646.png'
38:32.122  render           | Saved: '/tmp/clearvla_eval_opaque_74646.png'
38:32.597  render           | Saved: '/tmp/clearvla_eval_opaque_74646.png'
38:32.982  render           | Saved: '/tmp/clearvla_eval_opaque_74646.png'
38:33.454  render           | Saved: '/tmp/clearvla_eval_opaque_74646.png'
38:33.824  render           | Saved: '/tmp/clearvla_eval_opaque_74646.png'
38:34.301  render           | Saved: '/tmp/clearvla_eval_opaque_74646.png'
38:34.676  render           | Saved: '/tmp/clearvla_eval_opaque_74646.png'
38:35.141  render           | Saved: '/tmp/clearvla_eval_opaque_74646.png'
38:35.518  render           | Saved: '/tmp/clearvla_eval_opaque_74646.png'
38:35.985  render           | Saved: '/tmp/clearvla_eval_opaque_74646.png'
38:36.354  render           | Saved: '/tmp/clearvla_eval_opaque_74646.png'
38:36.807  render           | Saved: '/tmp/clearvla_eval_opaque_74646.png'
38:37.179  render           | Saved: '/tmp/clearvla_eval_opaque_74646.png'
38:37.657  render           | Saved: '/tmp/clearvla_eval_opaque_74646.png'
38:38.046  render           | Saved: '/tmp/clearvla_eval_opaque_74646.png'
38:38.522  render           | Saved: '/tmp/clearvla_eval_opaque_74646.png'
38:38.889  render           | Saved: '/tmp/clearvla_eval_opaque_74646.png'
38:39.345  render           | Saved: '/tmp/clearvla_eval_opaque_74646.png'
38:39.717  render           | Saved: '/tmp/clearvla_eval_opaque_74646.png'
38:40.561  render           | Saved: '/tmp/clearvla_eval_opaque_74646.png'
38:40.890  render           | Saved: '/tmp/clearvla_eval_opaque_74646.png'
38:41.350  render           | Saved: '/tmp/clearvla_eval_opaque_74646.png'
38:41.681  render           | Saved: '/tmp/clearvla_eval_opaque_74646.png'
38:42.123  render           | Saved: '/tmp/clearvla_eval_opaque_74646.png'
38:42.451  render           | Saved: '/tmp/clearvla_eval_opaque_74646.png'
38:42.895  render           | Saved: '/tmp/clearvla_eval_opaque_74646.png'
38:43.228  render           | Saved: '/tmp/clearvla_eval_opaque_74646.png'
38:43.665  render           | Saved: '/tmp/clearvla_eval_opaque_74646.png'
38:43.999  render           | Saved: '/tmp/clearvla_eval_opaque_74646.png'
38:44.437  render           | Saved: '/tmp/clearvla_eval_opaque_74646.png'
38:44.773  render           | Saved: '/tmp/clearvla_eval_opaque_74646.png'
38:45.204  render           | Saved: '/tmp/clearvla_eval_opaque_74646.png'
38:45.537  render           | Saved: '/tmp/clearvla_eval_opaque_74646.png'
38:45.940  render           | Saved: '/tmp/clearvla_eval_opaque_74646.png'
38:46.289  render           | Saved: '/tmp/clearvla_eval_opaque_74646.png'
38:46.711  render           | Saved: '/tmp/clearvla_eval_opaque_74646.png'
38:47.055  render           | Saved: '/tmp/clearvla_eval_opaque_74646.png'
38:47.479  render           | Saved: '/tmp/clearvla_eval_opaque_74646.png'
38:47.821  render           | Saved: '/tmp/clearvla_eval_opaque_74646.png'
38:48.246  render           | Saved: '/tmp/clearvla_eval_opaque_74646.png'
38:48.597  render           | Saved: '/tmp/clearvla_eval_opaque_74646.png'
38:49.025  render           | Saved: '/tmp/clearvla_eval_opaque_74646.png'
38:49.356  render           | Saved: '/tmp/clearvla_eval_opaque_74646.png'
38:49.780  render           | Saved: '/tmp/clearvla_eval_opaque_74646.png'
38:50.113  render           | Saved: '/tmp/clearvla_eval_opaque_74646.png'
38:50.526  render           | Saved: '/tmp/clearvla_eval_opaque_74646.png'
38:50.874  render           | Saved: '/tmp/clearvla_eval_opaque_74646.png'
38:51.301  render           | Saved: '/tmp/clearvla_eval_opaque_74646.png'
38:51.647  render           | Saved: '/tmp/clearvla_eval_opaque_74646.png'
38:52.076  render           | Saved: '/tmp/clearvla_eval_opaque_74646.png'
38:52.415  render           | Saved: '/tmp/clearvla_eval_opaque_74646.png'
38:52.854  render           | Saved: '/tmp/clearvla_eval_opaque_74646.png'
38:53.189  render           | Saved: '/tmp/clearvla_eval_opaque_74646.png'
38:53.631  render           | Saved: '/tmp/clearvla_eval_opaque_74646.png'
38:53.961  render           | Saved: '/tmp/clearvla_eval_opaque_74646.png'
38:54.377  render           | Saved: '/tmp/clearvla_eval_opaque_74646.png'
38:54.710  render           | Saved: '/tmp/clearvla_eval_opaque_74646.png'
38:55.103  render           | Saved: '/tmp/clearvla_eval_opaque_74646.png'
38:55.437  render           | Saved: '/tmp/clearvla_eval_opaque_74646.png'
38:55.828  render           | Saved: '/tmp/clearvla_eval_opaque_74646.png'
38:56.168  render           | Saved: '/tmp/clearvla_eval_opaque_74646.png'
38:56.562  render           | Saved: '/tmp/clearvla_eval_opaque_74646.png'
38:56.912  render           | Saved: '/tmp/clearvla_eval_opaque_74646.png'
38:57.306  render           | Saved: '/tmp/clearvla_eval_opaque_74646.png'
38:57.629  render           | Saved: '/tmp/clearvla_eval_opaque_74646.png'
38:58.020  render           | Saved: '/tmp/clearvla_eval_opaque_74646.png'
38:58.363  render           | Saved: '/tmp/clearvla_eval_opaque_74646.png'
38:58.757  render           | Saved: '/tmp/clearvla_eval_opaque_74646.png'
38:59.111  render           | Saved: '/tmp/clearvla_eval_opaque_74646.png'
38:59.540  render           | Saved: '/tmp/clearvla_eval_opaque_74646.png'
38:59.908  render           | Saved: '/tmp/clearvla_eval_opaque_74646.png'
39:00.365  render           | Saved: '/tmp/clearvla_eval_opaque_74646.png'
39:00.738  render           | Saved: '/tmp/clearvla_eval_opaque_74646.png'
39:01.205  render           | Saved: '/tmp/clearvla_eval_opaque_74646.png'
39:01.572  render           | Saved: '/tmp/clearvla_eval_opaque_74646.png'
39:02.027  render           | Saved: '/tmp/clearvla_eval_opaque_74646.png'
39:02.396  render           | Saved: '/tmp/clearvla_eval_opaque_74646.png'
39:02.849  render           | Saved: '/tmp/clearvla_eval_opaque_74646.png'
39:03.239  render           | Saved: '/tmp/clearvla_eval_opaque_74646.png'
39:03.714  render           | Saved: '/tmp/clearvla_eval_opaque_74646.png'
39:04.084  render           | Saved: '/tmp/clearvla_eval_opaque_74646.png'
39:04.535  render           | Saved: '/tmp/clearvla_eval_opaque_74646.png'
39:04.900  render           | Saved: '/tmp/clearvla_eval_opaque_74646.png'
39:05.371  render           | Saved: '/tmp/clearvla_eval_opaque_74646.png'
39:05.741  render           | Saved: '/tmp/clearvla_eval_opaque_74646.png'
39:06.229  render           | Saved: '/tmp/clearvla_eval_opaque_74646.png'
39:06.601  render           | Saved: '/tmp/clearvla_eval_opaque_74646.png'
39:07.075  render           | Saved: '/tmp/clearvla_eval_opaque_74646.png'
39:07.442  render           | Saved: '/tmp/clearvla_eval_opaque_74646.png'
39:07.922  render           | Saved: '/tmp/clearvla_eval_opaque_74646.png'
39:08.299  render           | Saved: '/tmp/clearvla_eval_opaque_74646.png'
39:08.759  render           | Saved: '/tmp/clearvla_eval_opaque_74646.png'
39:09.123  render           | Saved: '/tmp/clearvla_eval_opaque_74646.png'
39:09.588  render           | Saved: '/tmp/clearvla_eval_opaque_74646.png'
39:09.955  render           | Saved: '/tmp/clearvla_eval_opaque_74646.png'
39:10.791  render           | Saved: '/tmp/clearvla_eval_opaque_74646.png'
39:11.161  render           | Saved: '/tmp/clearvla_eval_opaque_74646.png'
39:11.575  render           | Saved: '/tmp/clearvla_eval_opaque_74646.png'
39:11.951  render           | Saved: '/tmp/clearvla_eval_opaque_74646.png'
39:12.351  render           | Saved: '/tmp/clearvla_eval_opaque_74646.png'
39:12.688  render           | Saved: '/tmp/clearvla_eval_opaque_74646.png'
39:13.114  render           | Saved: '/tmp/clearvla_eval_opaque_74646.png'
39:13.445  render           | Saved: '/tmp/clearvla_eval_opaque_74646.png'
39:13.902  render           | Saved: '/tmp/clearvla_eval_opaque_74646.png'
39:14.234  render           | Saved: '/tmp/clearvla_eval_opaque_74646.png'
39:14.686  render           | Saved: '/tmp/clearvla_eval_opaque_74646.png'
39:15.018  render           | Saved: '/tmp/clearvla_eval_opaque_74646.png'
39:15.485  render           | Saved: '/tmp/clearvla_eval_opaque_74646.png'
39:15.814  render           | Saved: '/tmp/clearvla_eval_opaque_74646.png'
39:16.270  render           | Saved: '/tmp/clearvla_eval_opaque_74646.png'
39:16.600  render           | Saved: '/tmp/clearvla_eval_opaque_74646.png'
39:17.043  render           | Saved: '/tmp/clearvla_eval_opaque_74646.png'
39:17.374  render           | Saved: '/tmp/clearvla_eval_opaque_74646.png'
39:17.815  render           | Saved: '/tmp/clearvla_eval_opaque_74646.png'
39:18.143  render           | Saved: '/tmp/clearvla_eval_opaque_74646.png'
39:18.583  render           | Saved: '/tmp/clearvla_eval_opaque_74646.png'
39:18.916  render           | Saved: '/tmp/clearvla_eval_opaque_74646.png'
39:19.364  render           | Saved: '/tmp/clearvla_eval_opaque_74646.png'
39:19.693  render           | Saved: '/tmp/clearvla_eval_opaque_74646.png'
39:20.129  render           | Saved: '/tmp/clearvla_eval_opaque_74646.png'
39:20.464  render           | Saved: '/tmp/clearvla_eval_opaque_74646.png'
39:20.929  render           | Saved: '/tmp/clearvla_eval_opaque_74646.png'
39:21.251  render           | Saved: '/tmp/clearvla_eval_opaque_74646.png'
39:21.716  render           | Saved: '/tmp/clearvla_eval_opaque_74646.png'
39:22.048  render           | Saved: '/tmp/clearvla_eval_opaque_74646.png'
39:22.516  render           | Saved: '/tmp/clearvla_eval_opaque_74646.png'
39:22.844  render           | Saved: '/tmp/clearvla_eval_opaque_74646.png'
39:23.317  render           | Saved: '/tmp/clearvla_eval_opaque_74646.png'
39:23.652  render           | Saved: '/tmp/clearvla_eval_opaque_74646.png'
39:24.105  render           | Saved: '/tmp/clearvla_eval_opaque_74646.png'
39:24.435  render           | Saved: '/tmp/clearvla_eval_opaque_74646.png'
39:24.866  render           | Saved: '/tmp/clearvla_eval_opaque_74646.png'
39:25.228  render           | Saved: '/tmp/clearvla_eval_opaque_74646.png'
39:25.689  render           | Saved: '/tmp/clearvla_eval_opaque_74646.png'
39:26.064  render           | Saved: '/tmp/clearvla_eval_opaque_74646.png'
39:26.538  render           | Saved: '/tmp/clearvla_eval_opaque_74646.png'
39:26.921  render           | Saved: '/tmp/clearvla_eval_opaque_74646.png'
39:27.378  render           | Saved: '/tmp/clearvla_eval_opaque_74646.png'
39:27.754  render           | Saved: '/tmp/clearvla_eval_opaque_74646.png'
39:28.216  render           | Saved: '/tmp/clearvla_eval_opaque_74646.png'
39:28.595  render           | Saved: '/tmp/clearvla_eval_opaque_74646.png'
39:29.075  render           | Saved: '/tmp/clearvla_eval_opaque_74646.png'
39:29.449  render           | Saved: '/tmp/clearvla_eval_opaque_74646.png'
39:29.907  render           | Saved: '/tmp/clearvla_eval_opaque_74646.png'
39:30.268  render           | Saved: '/tmp/clearvla_eval_opaque_74646.png'
39:30.736  render           | Saved: '/tmp/clearvla_eval_opaque_74646.png'
39:31.110  render           | Saved: '/tmp/clearvla_eval_opaque_74646.png'
39:31.580  render           | Saved: '/tmp/clearvla_eval_opaque_74646.png'
39:31.949  render           | Saved: '/tmp/clearvla_eval_opaque_74646.png'
39:32.378  render           | Saved: '/tmp/clearvla_eval_opaque_74646.png'
39:32.749  render           | Saved: '/tmp/clearvla_eval_opaque_74646.png'
39:33.216  render           | Saved: '/tmp/clearvla_eval_opaque_74646.png'
39:33.592  render           | Saved: '/tmp/clearvla_eval_opaque_74646.png'
39:34.060  render           | Saved: '/tmp/clearvla_eval_opaque_74646.png'
39:34.428  render           | Saved: '/tmp/clearvla_eval_opaque_74646.png'
39:34.886  render           | Saved: '/tmp/clearvla_eval_opaque_74646.png'
39:35.283  render           | Saved: '/tmp/clearvla_eval_opaque_74646.png'
39:35.760  render           | Saved: '/tmp/clearvla_eval_opaque_74646.png'
39:36.132  render           | Saved: '/tmp/clearvla_eval_opaque_74646.png'
39:36.591  render           | Saved: '/tmp/clearvla_eval_opaque_74646.png'
39:36.984  render           | Saved: '/tmp/clearvla_eval_opaque_74646.png'
39:37.453  render           | Saved: '/tmp/clearvla_eval_opaque_74646.png'
39:37.830  render           | Saved: '/tmp/clearvla_eval_opaque_74646.png'
39:38.289  render           | Saved: '/tmp/clearvla_eval_opaque_74646.png'
39:38.656  render           | Saved: '/tmp/clearvla_eval_opaque_74646.png'
39:39.110  render           | Saved: '/tmp/clearvla_eval_opaque_74646.png'
39:39.481  render           | Saved: '/tmp/clearvla_eval_opaque_74646.png'
39:39.962  render           | Saved: '/tmp/clearvla_eval_opaque_74646.png'
39:40.331  render           | Saved: '/tmp/clearvla_eval_opaque_74646.png'
39:40.801  render           | Saved: '/tmp/clearvla_eval_opaque_74646.png'
39:41.157  render           | Saved: '/tmp/clearvla_eval_opaque_74646.png'
39:41.978  render           | Saved: '/tmp/clearvla_eval_opaque_74646.png'
39:42.306  render           | Saved: '/tmp/clearvla_eval_opaque_74646.png'
39:42.747  render           | Saved: '/tmp/clearvla_eval_opaque_74646.png'
39:43.078  render           | Saved: '/tmp/clearvla_eval_opaque_74646.png'
39:43.515  render           | Saved: '/tmp/clearvla_eval_opaque_74646.png'
39:43.847  render           | Saved: '/tmp/clearvla_eval_opaque_74646.png'
39:44.291  render           | Saved: '/tmp/clearvla_eval_opaque_74646.png'
39:44.624  render           | Saved: '/tmp/clearvla_eval_opaque_74646.png'
39:45.070  render           | Saved: '/tmp/clearvla_eval_opaque_74646.png'
39:45.398  render           | Saved: '/tmp/clearvla_eval_opaque_74646.png'
39:45.840  render           | Saved: '/tmp/clearvla_eval_opaque_74646.png'
39:46.178  render           | Saved: '/tmp/clearvla_eval_opaque_74646.png'
39:46.621  render           | Saved: '/tmp/clearvla_eval_opaque_74646.png'
39:46.946  render           | Saved: '/tmp/clearvla_eval_opaque_74646.png'
39:47.388  render           | Saved: '/tmp/clearvla_eval_opaque_74646.png'
39:47.719  render           | Saved: '/tmp/clearvla_eval_opaque_74646.png'
39:48.160  render           | Saved: '/tmp/clearvla_eval_opaque_74646.png'
39:48.494  render           | Saved: '/tmp/clearvla_eval_opaque_74646.png'
39:48.940  render           | Saved: '/tmp/clearvla_eval_opaque_74646.png'
39:49.292  render           | Saved: '/tmp/clearvla_eval_opaque_74646.png'
39:49.723  render           | Saved: '/tmp/clearvla_eval_opaque_74646.png'
39:50.060  render           | Saved: '/tmp/clearvla_eval_opaque_74646.png'
39:50.486  render           | Saved: '/tmp/clearvla_eval_opaque_74646.png'
39:50.820  render           | Saved: '/tmp/clearvla_eval_opaque_74646.png'
39:51.260  render           | Saved: '/tmp/clearvla_eval_opaque_74646.png'
39:51.586  render           | Saved: '/tmp/clearvla_eval_opaque_74646.png'
39:52.044  render           | Saved: '/tmp/clearvla_eval_opaque_74646.png'
39:52.372  render           | Saved: '/tmp/clearvla_eval_opaque_74646.png'
39:52.844  render           | Saved: '/tmp/clearvla_eval_opaque_74646.png'
39:53.163  render           | Saved: '/tmp/clearvla_eval_opaque_74646.png'
39:53.623  render           | Saved: '/tmp/clearvla_eval_opaque_74646.png'
39:53.953  render           | Saved: '/tmp/clearvla_eval_opaque_74646.png'
39:54.401  render           | Saved: '/tmp/clearvla_eval_opaque_74646.png'
39:54.732  render           | Saved: '/tmp/clearvla_eval_opaque_74646.png'
39:55.192  render           | Saved: '/tmp/clearvla_eval_opaque_74646.png'
39:55.523  render           | Saved: '/tmp/clearvla_eval_opaque_74646.png'
39:55.946  render           | Saved: '/tmp/clearvla_eval_opaque_74646.png'
39:56.308  render           | Saved: '/tmp/clearvla_eval_opaque_74646.png'
39:56.733  render           | Saved: '/tmp/clearvla_eval_opaque_74646.png'
39:57.089  render           | Saved: '/tmp/clearvla_eval_opaque_74646.png'
39:57.541  render           | Saved: '/tmp/clearvla_eval_opaque_74646.png'
39:57.915  render           | Saved: '/tmp/clearvla_eval_opaque_74646.png'
39:58.392  render           | Saved: '/tmp/clearvla_eval_opaque_74646.png'
39:58.777  render           | Saved: '/tmp/clearvla_eval_opaque_74646.png'
39:59.239  render           | Saved: '/tmp/clearvla_eval_opaque_74646.png'
39:59.610  render           | Saved: '/tmp/clearvla_eval_opaque_74646.png'
40:00.075  render           | Saved: '/tmp/clearvla_eval_opaque_74646.png'
40:00.453  render           | Saved: '/tmp/clearvla_eval_opaque_74646.png'
40:00.902  render           | Saved: '/tmp/clearvla_eval_opaque_74646.png'
40:01.243  render           | Saved: '/tmp/clearvla_eval_opaque_74646.png'
40:01.657  render           | Saved: '/tmp/clearvla_eval_opaque_74646.png'
40:02.029  render           | Saved: '/tmp/clearvla_eval_opaque_74646.png'
40:02.484  render           | Saved: '/tmp/clearvla_eval_opaque_74646.png'
40:02.872  render           | Saved: '/tmp/clearvla_eval_opaque_74646.png'
40:03.325  render           | Saved: '/tmp/clearvla_eval_opaque_74646.png'
40:03.701  render           | Saved: '/tmp/clearvla_eval_opaque_74646.png'
40:04.161  render           | Saved: '/tmp/clearvla_eval_opaque_74646.png'
40:04.550  render           | Saved: '/tmp/clearvla_eval_opaque_74646.png'
40:05.006  render           | Saved: '/tmp/clearvla_eval_opaque_74646.png'
40:05.380  render           | Saved: '/tmp/clearvla_eval_opaque_74646.png'
40:05.899  render           | Saved: '/tmp/clearvla_eval_opaque_74646.png'
40:06.355  render           | Saved: '/tmp/clearvla_eval_opaque_74646.png'
40:06.848  render           | Saved: '/tmp/clearvla_eval_opaque_74646.png'
40:07.216  render           | Saved: '/tmp/clearvla_eval_opaque_74646.png'
40:07.683  render           | Saved: '/tmp/clearvla_eval_opaque_74646.png'
40:08.058  render           | Saved: '/tmp/clearvla_eval_opaque_74646.png'
40:08.520  render           | Saved: '/tmp/clearvla_eval_opaque_74646.png'
40:08.904  render           | Saved: '/tmp/clearvla_eval_opaque_74646.png'
40:09.378  render           | Saved: '/tmp/clearvla_eval_opaque_74646.png'
40:09.752  render           | Saved: '/tmp/clearvla_eval_opaque_74646.png'
40:10.217  render           | Saved: '/tmp/clearvla_eval_opaque_74646.png'
40:10.604  render           | Saved: '/tmp/clearvla_eval_opaque_74646.png'
40:11.092  render           | Saved: '/tmp/clearvla_eval_opaque_74646.png'
40:11.467  render           | Saved: '/tmp/clearvla_eval_opaque_74646.png'
40:11.945  render           | Saved: '/tmp/clearvla_eval_opaque_74646.png'
40:12.320  render           | Saved: '/tmp/clearvla_eval_opaque_74646.png'
[cache25/opaque] pour: 0/30  (40.1 min, 30.8 s/ep)
40:13.187  render           | Saved: '/tmp/clearvla_eval_opaque_74646.png'
40:13.566  render           | Saved: '/tmp/clearvla_eval_opaque_74646.png'
40:13.989  render           | Saved: '/tmp/clearvla_eval_opaque_74646.png'
40:14.364  render           | Saved: '/tmp/clearvla_eval_opaque_74646.png'
40:14.784  render           | Saved: '/tmp/clearvla_eval_opaque_74646.png'
40:15.169  render           | Saved: '/tmp/clearvla_eval_opaque_74646.png'
40:15.578  render           | Saved: '/tmp/clearvla_eval_opaque_74646.png'
40:15.957  render           | Saved: '/tmp/clearvla_eval_opaque_74646.png'
40:16.367  render           | Saved: '/tmp/clearvla_eval_opaque_74646.png'
40:16.744  render           | Saved: '/tmp/clearvla_eval_opaque_74646.png'
40:17.149  render           | Saved: '/tmp/clearvla_eval_opaque_74646.png'
40:17.525  render           | Saved: '/tmp/clearvla_eval_opaque_74646.png'
40:17.959  render           | Saved: '/tmp/clearvla_eval_opaque_74646.png'
40:18.301  render           | Saved: '/tmp/clearvla_eval_opaque_74646.png'
40:18.791  render           | Saved: '/tmp/clearvla_eval_opaque_74646.png'
40:19.158  render           | Saved: '/tmp/clearvla_eval_opaque_74646.png'
40:19.582  render           | Saved: '/tmp/clearvla_eval_opaque_74646.png'
40:19.946  render           | Saved: '/tmp/clearvla_eval_opaque_74646.png'
40:20.368  render           | Saved: '/tmp/clearvla_eval_opaque_74646.png'
40:20.728  render           | Saved: '/tmp/clearvla_eval_opaque_74646.png'
40:21.161  render           | Saved: '/tmp/clearvla_eval_opaque_74646.png'
40:21.510  render           | Saved: '/tmp/clearvla_eval_opaque_74646.png'
40:21.957  render           | Saved: '/tmp/clearvla_eval_opaque_74646.png'
40:22.291  render           | Saved: '/tmp/clearvla_eval_opaque_74646.png'
40:22.773  render           | Saved: '/tmp/clearvla_eval_opaque_74646.png'
40:23.098  render           | Saved: '/tmp/clearvla_eval_opaque_74646.png'
40:23.560  render           | Saved: '/tmp/clearvla_eval_opaque_74646.png'
40:23.890  render           | Saved: '/tmp/clearvla_eval_opaque_74646.png'
40:24.355  render           | Saved: '/tmp/clearvla_eval_opaque_74646.png'
40:24.688  render           | Saved: '/tmp/clearvla_eval_opaque_74646.png'
40:25.165  render           | Saved: '/tmp/clearvla_eval_opaque_74646.png'
40:25.494  render           | Saved: '/tmp/clearvla_eval_opaque_74646.png'
40:25.969  render           | Saved: '/tmp/clearvla_eval_opaque_74646.png'
40:26.306  render           | Saved: '/tmp/clearvla_eval_opaque_74646.png'
40:26.767  render           | Saved: '/tmp/clearvla_eval_opaque_74646.png'
40:27.100  render           | Saved: '/tmp/clearvla_eval_opaque_74646.png'
40:27.541  render           | Saved: '/tmp/clearvla_eval_opaque_74646.png'
40:27.911  render           | Saved: '/tmp/clearvla_eval_opaque_74646.png'
40:28.361  render           | Saved: '/tmp/clearvla_eval_opaque_74646.png'
40:28.741  render           | Saved: '/tmp/clearvla_eval_opaque_74646.png'
40:29.207  render           | Saved: '/tmp/clearvla_eval_opaque_74646.png'
40:29.583  render           | Saved: '/tmp/clearvla_eval_opaque_74646.png'
40:30.050  render           | Saved: '/tmp/clearvla_eval_opaque_74646.png'
40:30.426  render           | Saved: '/tmp/clearvla_eval_opaque_74646.png'
40:30.896  render           | Saved: '/tmp/clearvla_eval_opaque_74646.png'
40:31.277  render           | Saved: '/tmp/clearvla_eval_opaque_74646.png'
40:31.748  render           | Saved: '/tmp/clearvla_eval_opaque_74646.png'
40:32.125  render           | Saved: '/tmp/clearvla_eval_opaque_74646.png'
40:32.597  render           | Saved: '/tmp/clearvla_eval_opaque_74646.png'
40:32.976  render           | Saved: '/tmp/clearvla_eval_opaque_74646.png'
40:33.445  render           | Saved: '/tmp/clearvla_eval_opaque_74646.png'
40:33.840  render           | Saved: '/tmp/clearvla_eval_opaque_74646.png'
40:34.320  render           | Saved: '/tmp/clearvla_eval_opaque_74646.png'
40:34.688  render           | Saved: '/tmp/clearvla_eval_opaque_74646.png'
40:35.149  render           | Saved: '/tmp/clearvla_eval_opaque_74646.png'
40:35.530  render           | Saved: '/tmp/clearvla_eval_opaque_74646.png'
40:35.990  render           | Saved: '/tmp/clearvla_eval_opaque_74646.png'
40:36.365  render           | Saved: '/tmp/clearvla_eval_opaque_74646.png'
40:36.833  render           | Saved: '/tmp/clearvla_eval_opaque_74646.png'
40:37.206  render           | Saved: '/tmp/clearvla_eval_opaque_74646.png'
40:37.667  render           | Saved: '/tmp/clearvla_eval_opaque_74646.png'
40:38.035  render           | Saved: '/tmp/clearvla_eval_opaque_74646.png'
40:38.494  render           | Saved: '/tmp/clearvla_eval_opaque_74646.png'
40:38.894  render           | Saved: '/tmp/clearvla_eval_opaque_74646.png'
40:39.362  render           | Saved: '/tmp/clearvla_eval_opaque_74646.png'
40:39.739  render           | Saved: '/tmp/clearvla_eval_opaque_74646.png'
40:40.198  render           | Saved: '/tmp/clearvla_eval_opaque_74646.png'
40:40.550  render           | Saved: '/tmp/clearvla_eval_opaque_74646.png'
40:40.965  render           | Saved: '/tmp/clearvla_eval_opaque_74646.png'
40:41.309  render           | Saved: '/tmp/clearvla_eval_opaque_74646.png'
40:41.704  render           | Saved: '/tmp/clearvla_eval_opaque_74646.png'
40:42.051  render           | Saved: '/tmp/clearvla_eval_opaque_74646.png'
40:42.459  render           | Saved: '/tmp/clearvla_eval_opaque_74646.png'
40:42.816  render           | Saved: '/tmp/clearvla_eval_opaque_74646.png'
40:43.272  render           | Saved: '/tmp/clearvla_eval_opaque_74646.png'
40:43.652  render           | Saved: '/tmp/clearvla_eval_opaque_74646.png'
40:44.501  render           | Saved: '/tmp/clearvla_eval_opaque_74646.png'
40:44.847  render           | Saved: '/tmp/clearvla_eval_opaque_74646.png'
40:45.310  render           | Saved: '/tmp/clearvla_eval_opaque_74646.png'
40:45.639  render           | Saved: '/tmp/clearvla_eval_opaque_74646.png'
40:46.104  render           | Saved: '/tmp/clearvla_eval_opaque_74646.png'
40:46.435  render           | Saved: '/tmp/clearvla_eval_opaque_74646.png'
40:46.924  render           | Saved: '/tmp/clearvla_eval_opaque_74646.png'
40:47.253  render           | Saved: '/tmp/clearvla_eval_opaque_74646.png'
40:47.708  render           | Saved: '/tmp/clearvla_eval_opaque_74646.png'
40:48.041  render           | Saved: '/tmp/clearvla_eval_opaque_74646.png'
40:48.482  render           | Saved: '/tmp/clearvla_eval_opaque_74646.png'
40:48.819  render           | Saved: '/tmp/clearvla_eval_opaque_74646.png'
40:49.288  render           | Saved: '/tmp/clearvla_eval_opaque_74646.png'
40:49.614  render           | Saved: '/tmp/clearvla_eval_opaque_74646.png'
40:50.062  render           | Saved: '/tmp/clearvla_eval_opaque_74646.png'
40:50.390  render           | Saved: '/tmp/clearvla_eval_opaque_74646.png'
40:50.848  render           | Saved: '/tmp/clearvla_eval_opaque_74646.png'
40:51.177  render           | Saved: '/tmp/clearvla_eval_opaque_74646.png'
40:51.635  render           | Saved: '/tmp/clearvla_eval_opaque_74646.png'
40:51.948  render           | Saved: '/tmp/clearvla_eval_opaque_74646.png'
40:52.410  render           | Saved: '/tmp/clearvla_eval_opaque_74646.png'
40:52.738  render           | Saved: '/tmp/clearvla_eval_opaque_74646.png'
40:53.191  render           | Saved: '/tmp/clearvla_eval_opaque_74646.png'
40:53.516  render           | Saved: '/tmp/clearvla_eval_opaque_74646.png'
40:53.955  render           | Saved: '/tmp/clearvla_eval_opaque_74646.png'
40:54.284  render           | Saved: '/tmp/clearvla_eval_opaque_74646.png'
40:54.725  render           | Saved: '/tmp/clearvla_eval_opaque_74646.png'
40:55.052  render           | Saved: '/tmp/clearvla_eval_opaque_74646.png'
40:55.520  render           | Saved: '/tmp/clearvla_eval_opaque_74646.png'
40:55.845  render           | Saved: '/tmp/clearvla_eval_opaque_74646.png'
40:56.292  render           | Saved: '/tmp/clearvla_eval_opaque_74646.png'
40:56.623  render           | Saved: '/tmp/clearvla_eval_opaque_74646.png'
40:57.069  render           | Saved: '/tmp/clearvla_eval_opaque_74646.png'
40:57.398  render           | Saved: '/tmp/clearvla_eval_opaque_74646.png'
40:57.826  render           | Saved: '/tmp/clearvla_eval_opaque_74646.png'
40:58.157  render           | Saved: '/tmp/clearvla_eval_opaque_74646.png'
40:58.587  render           | Saved: '/tmp/clearvla_eval_opaque_74646.png'
40:58.923  render           | Saved: '/tmp/clearvla_eval_opaque_74646.png'
40:59.346  render           | Saved: '/tmp/clearvla_eval_opaque_74646.png'
40:59.682  render           | Saved: '/tmp/clearvla_eval_opaque_74646.png'
41:00.117  render           | Saved: '/tmp/clearvla_eval_opaque_74646.png'
41:00.466  render           | Saved: '/tmp/clearvla_eval_opaque_74646.png'
41:00.870  render           | Saved: '/tmp/clearvla_eval_opaque_74646.png'
41:01.224  render           | Saved: '/tmp/clearvla_eval_opaque_74646.png'
41:01.628  render           | Saved: '/tmp/clearvla_eval_opaque_74646.png'
41:01.972  render           | Saved: '/tmp/clearvla_eval_opaque_74646.png'
41:02.365  render           | Saved: '/tmp/clearvla_eval_opaque_74646.png'
41:02.712  render           | Saved: '/tmp/clearvla_eval_opaque_74646.png'
41:03.101  render           | Saved: '/tmp/clearvla_eval_opaque_74646.png'
41:03.437  render           | Saved: '/tmp/clearvla_eval_opaque_74646.png'
41:03.832  render           | Saved: '/tmp/clearvla_eval_opaque_74646.png'
41:04.194  render           | Saved: '/tmp/clearvla_eval_opaque_74646.png'
41:04.642  render           | Saved: '/tmp/clearvla_eval_opaque_74646.png'
41:05.020  render           | Saved: '/tmp/clearvla_eval_opaque_74646.png'
41:05.448  render           | Saved: '/tmp/clearvla_eval_opaque_74646.png'
41:05.806  render           | Saved: '/tmp/clearvla_eval_opaque_74646.png'
41:06.268  render           | Saved: '/tmp/clearvla_eval_opaque_74646.png'
41:06.662  render           | Saved: '/tmp/clearvla_eval_opaque_74646.png'
41:07.114  render           | Saved: '/tmp/clearvla_eval_opaque_74646.png'
41:07.487  render           | Saved: '/tmp/clearvla_eval_opaque_74646.png'
41:07.947  render           | Saved: '/tmp/clearvla_eval_opaque_74646.png'
41:08.336  render           | Saved: '/tmp/clearvla_eval_opaque_74646.png'
41:08.816  render           | Saved: '/tmp/clearvla_eval_opaque_74646.png'
41:09.191  render           | Saved: '/tmp/clearvla_eval_opaque_74646.png'
41:09.652  render           | Saved: '/tmp/clearvla_eval_opaque_74646.png'
41:10.027  render           | Saved: '/tmp/clearvla_eval_opaque_74646.png'
41:10.498  render           | Saved: '/tmp/clearvla_eval_opaque_74646.png'
41:10.868  render           | Saved: '/tmp/clearvla_eval_opaque_74646.png'
41:11.321  render           | Saved: '/tmp/clearvla_eval_opaque_74646.png'
41:11.703  render           | Saved: '/tmp/clearvla_eval_opaque_74646.png'
41:12.171  render           | Saved: '/tmp/clearvla_eval_opaque_74646.png'
41:12.544  render           | Saved: '/tmp/clearvla_eval_opaque_74646.png'
41:13.012  render           | Saved: '/tmp/clearvla_eval_opaque_74646.png'
41:13.407  render           | Saved: '/tmp/clearvla_eval_opaque_74646.png'
41:13.878  render           | Saved: '/tmp/clearvla_eval_opaque_74646.png'
41:14.272  render           | Saved: '/tmp/clearvla_eval_opaque_74646.png'
41:15.096  render           | Saved: '/tmp/clearvla_eval_opaque_74646.png'
41:15.418  render           | Saved: '/tmp/clearvla_eval_opaque_74646.png'
41:15.879  render           | Saved: '/tmp/clearvla_eval_opaque_74646.png'
41:16.204  render           | Saved: '/tmp/clearvla_eval_opaque_74646.png'
41:16.652  render           | Saved: '/tmp/clearvla_eval_opaque_74646.png'
41:16.972  render           | Saved: '/tmp/clearvla_eval_opaque_74646.png'
41:17.410  render           | Saved: '/tmp/clearvla_eval_opaque_74646.png'
41:17.737  render           | Saved: '/tmp/clearvla_eval_opaque_74646.png'
41:18.174  render           | Saved: '/tmp/clearvla_eval_opaque_74646.png'
41:18.507  render           | Saved: '/tmp/clearvla_eval_opaque_74646.png'
41:18.945  render           | Saved: '/tmp/clearvla_eval_opaque_74646.png'
41:19.283  render           | Saved: '/tmp/clearvla_eval_opaque_74646.png'
41:19.727  render           | Saved: '/tmp/clearvla_eval_opaque_74646.png'
41:20.056  render           | Saved: '/tmp/clearvla_eval_opaque_74646.png'
41:20.499  render           | Saved: '/tmp/clearvla_eval_opaque_74646.png'
41:20.827  render           | Saved: '/tmp/clearvla_eval_opaque_74646.png'
41:21.271  render           | Saved: '/tmp/clearvla_eval_opaque_74646.png'
41:21.597  render           | Saved: '/tmp/clearvla_eval_opaque_74646.png'
41:22.041  render           | Saved: '/tmp/clearvla_eval_opaque_74646.png'
41:22.370  render           | Saved: '/tmp/clearvla_eval_opaque_74646.png'
41:22.810  render           | Saved: '/tmp/clearvla_eval_opaque_74646.png'
41:23.142  render           | Saved: '/tmp/clearvla_eval_opaque_74646.png'
41:23.602  render           | Saved: '/tmp/clearvla_eval_opaque_74646.png'
41:23.927  render           | Saved: '/tmp/clearvla_eval_opaque_74646.png'
41:24.374  render           | Saved: '/tmp/clearvla_eval_opaque_74646.png'
41:24.706  render           | Saved: '/tmp/clearvla_eval_opaque_74646.png'
41:25.147  render           | Saved: '/tmp/clearvla_eval_opaque_74646.png'
41:25.485  render           | Saved: '/tmp/clearvla_eval_opaque_74646.png'
41:25.918  render           | Saved: '/tmp/clearvla_eval_opaque_74646.png'
41:26.247  render           | Saved: '/tmp/clearvla_eval_opaque_74646.png'
41:26.672  render           | Saved: '/tmp/clearvla_eval_opaque_74646.png'
41:27.002  render           | Saved: '/tmp/clearvla_eval_opaque_74646.png'
41:27.474  render           | Saved: '/tmp/clearvla_eval_opaque_74646.png'
41:27.798  render           | Saved: '/tmp/clearvla_eval_opaque_74646.png'
41:28.245  render           | Saved: '/tmp/clearvla_eval_opaque_74646.png'
41:28.581  render           | Saved: '/tmp/clearvla_eval_opaque_74646.png'
41:29.003  render           | Saved: '/tmp/clearvla_eval_opaque_74646.png'
41:29.357  render           | Saved: '/tmp/clearvla_eval_opaque_74646.png'
41:29.763  render           | Saved: '/tmp/clearvla_eval_opaque_74646.png'
41:30.127  render           | Saved: '/tmp/clearvla_eval_opaque_74646.png'
41:30.575  render           | Saved: '/tmp/clearvla_eval_opaque_74646.png'
41:30.957  render           | Saved: '/tmp/clearvla_eval_opaque_74646.png'
41:31.417  render           | Saved: '/tmp/clearvla_eval_opaque_74646.png'
41:31.788  render           | Saved: '/tmp/clearvla_eval_opaque_74646.png'
41:32.262  render           | Saved: '/tmp/clearvla_eval_opaque_74646.png'
41:32.635  render           | Saved: '/tmp/clearvla_eval_opaque_74646.png'
41:33.095  render           | Saved: '/tmp/clearvla_eval_opaque_74646.png'
41:33.486  render           | Saved: '/tmp/clearvla_eval_opaque_74646.png'
41:33.967  render           | Saved: '/tmp/clearvla_eval_opaque_74646.png'
41:34.343  render           | Saved: '/tmp/clearvla_eval_opaque_74646.png'
41:34.809  render           | Saved: '/tmp/clearvla_eval_opaque_74646.png'
41:35.186  render           | Saved: '/tmp/clearvla_eval_opaque_74646.png'
41:35.660  render           | Saved: '/tmp/clearvla_eval_opaque_74646.png'
41:36.039  render           | Saved: '/tmp/clearvla_eval_opaque_74646.png'
41:36.522  render           | Saved: '/tmp/clearvla_eval_opaque_74646.png'
41:36.891  render           | Saved: '/tmp/clearvla_eval_opaque_74646.png'
41:37.364  render           | Saved: '/tmp/clearvla_eval_opaque_74646.png'
41:37.747  render           | Saved: '/tmp/clearvla_eval_opaque_74646.png'
41:38.226  render           | Saved: '/tmp/clearvla_eval_opaque_74646.png'
41:38.592  render           | Saved: '/tmp/clearvla_eval_opaque_74646.png'
41:39.049  render           | Saved: '/tmp/clearvla_eval_opaque_74646.png'
41:39.406  render           | Saved: '/tmp/clearvla_eval_opaque_74646.png'
41:39.863  render           | Saved: '/tmp/clearvla_eval_opaque_74646.png'
41:40.243  render           | Saved: '/tmp/clearvla_eval_opaque_74646.png'
41:40.712  render           | Saved: '/tmp/clearvla_eval_opaque_74646.png'
41:41.091  render           | Saved: '/tmp/clearvla_eval_opaque_74646.png'
41:41.582  render           | Saved: '/tmp/clearvla_eval_opaque_74646.png'
41:41.953  render           | Saved: '/tmp/clearvla_eval_opaque_74646.png'
41:42.422  render           | Saved: '/tmp/clearvla_eval_opaque_74646.png'
41:42.792  render           | Saved: '/tmp/clearvla_eval_opaque_74646.png'
41:43.267  render           | Saved: '/tmp/clearvla_eval_opaque_74646.png'
41:43.635  render           | Saved: '/tmp/clearvla_eval_opaque_74646.png'
41:44.117  render           | Saved: '/tmp/clearvla_eval_opaque_74646.png'
41:44.538  render           | Saved: '/tmp/clearvla_eval_opaque_74646.png'
41:44.992  render           | Saved: '/tmp/clearvla_eval_opaque_74646.png'
41:45.401  render           | Saved: '/tmp/clearvla_eval_opaque_74646.png'
41:46.226  render           | Saved: '/tmp/clearvla_eval_opaque_74646.png'
41:46.561  render           | Saved: '/tmp/clearvla_eval_opaque_74646.png'
41:47.011  render           | Saved: '/tmp/clearvla_eval_opaque_74646.png'
41:47.341  render           | Saved: '/tmp/clearvla_eval_opaque_74646.png'
41:47.790  render           | Saved: '/tmp/clearvla_eval_opaque_74646.png'
41:48.123  render           | Saved: '/tmp/clearvla_eval_opaque_74646.png'
41:48.569  render           | Saved: '/tmp/clearvla_eval_opaque_74646.png'
41:48.899  render           | Saved: '/tmp/clearvla_eval_opaque_74646.png'
41:49.340  render           | Saved: '/tmp/clearvla_eval_opaque_74646.png'
41:49.681  render           | Saved: '/tmp/clearvla_eval_opaque_74646.png'
41:50.127  render           | Saved: '/tmp/clearvla_eval_opaque_74646.png'
41:50.454  render           | Saved: '/tmp/clearvla_eval_opaque_74646.png'
41:50.899  render           | Saved: '/tmp/clearvla_eval_opaque_74646.png'
41:51.230  render           | Saved: '/tmp/clearvla_eval_opaque_74646.png'
41:51.682  render           | Saved: '/tmp/clearvla_eval_opaque_74646.png'
41:52.007  render           | Saved: '/tmp/clearvla_eval_opaque_74646.png'
41:52.472  render           | Saved: '/tmp/clearvla_eval_opaque_74646.png'
41:52.799  render           | Saved: '/tmp/clearvla_eval_opaque_74646.png'
41:53.272  render           | Saved: '/tmp/clearvla_eval_opaque_74646.png'
41:53.599  render           | Saved: '/tmp/clearvla_eval_opaque_74646.png'
41:54.057  render           | Saved: '/tmp/clearvla_eval_opaque_74646.png'
41:54.383  render           | Saved: '/tmp/clearvla_eval_opaque_74646.png'
41:54.845  render           | Saved: '/tmp/clearvla_eval_opaque_74646.png'
41:55.172  render           | Saved: '/tmp/clearvla_eval_opaque_74646.png'
41:55.635  render           | Saved: '/tmp/clearvla_eval_opaque_74646.png'
41:55.966  render           | Saved: '/tmp/clearvla_eval_opaque_74646.png'
41:56.414  render           | Saved: '/tmp/clearvla_eval_opaque_74646.png'
41:56.745  render           | Saved: '/tmp/clearvla_eval_opaque_74646.png'
41:57.212  render           | Saved: '/tmp/clearvla_eval_opaque_74646.png'
41:57.557  render           | Saved: '/tmp/clearvla_eval_opaque_74646.png'
41:57.993  render           | Saved: '/tmp/clearvla_eval_opaque_74646.png'
41:58.339  render           | Saved: '/tmp/clearvla_eval_opaque_74646.png'
41:58.782  render           | Saved: '/tmp/clearvla_eval_opaque_74646.png'
41:59.126  render           | Saved: '/tmp/clearvla_eval_opaque_74646.png'
41:59.563  render           | Saved: '/tmp/clearvla_eval_opaque_74646.png'
41:59.897  render           | Saved: '/tmp/clearvla_eval_opaque_74646.png'
42:00.334  render           | Saved: '/tmp/clearvla_eval_opaque_74646.png'
42:00.712  render           | Saved: '/tmp/clearvla_eval_opaque_74646.png'
42:01.177  render           | Saved: '/tmp/clearvla_eval_opaque_74646.png'
42:01.549  render           | Saved: '/tmp/clearvla_eval_opaque_74646.png'
42:02.009  render           | Saved: '/tmp/clearvla_eval_opaque_74646.png'
42:02.380  render           | Saved: '/tmp/clearvla_eval_opaque_74646.png'
42:02.840  render           | Saved: '/tmp/clearvla_eval_opaque_74646.png'
42:03.219  render           | Saved: '/tmp/clearvla_eval_opaque_74646.png'
42:03.696  render           | Saved: '/tmp/clearvla_eval_opaque_74646.png'
42:04.085  render           | Saved: '/tmp/clearvla_eval_opaque_74646.png'
42:04.556  render           | Saved: '/tmp/clearvla_eval_opaque_74646.png'
42:04.937  render           | Saved: '/tmp/clearvla_eval_opaque_74646.png'
42:05.396  render           | Saved: '/tmp/clearvla_eval_opaque_74646.png'
42:05.766  render           | Saved: '/tmp/clearvla_eval_opaque_74646.png'
42:06.184  render           | Saved: '/tmp/clearvla_eval_opaque_74646.png'
42:06.558  render           | Saved: '/tmp/clearvla_eval_opaque_74646.png'
42:07.030  render           | Saved: '/tmp/clearvla_eval_opaque_74646.png'
42:07.412  render           | Saved: '/tmp/clearvla_eval_opaque_74646.png'
42:07.878  render           | Saved: '/tmp/clearvla_eval_opaque_74646.png'
42:08.246  render           | Saved: '/tmp/clearvla_eval_opaque_74646.png'
42:08.694  render           | Saved: '/tmp/clearvla_eval_opaque_74646.png'
42:09.058  render           | Saved: '/tmp/clearvla_eval_opaque_74646.png'
42:09.480  render           | Saved: '/tmp/clearvla_eval_opaque_74646.png'
42:09.855  render           | Saved: '/tmp/clearvla_eval_opaque_74646.png'
42:10.317  render           | Saved: '/tmp/clearvla_eval_opaque_74646.png'
42:10.689  render           | Saved: '/tmp/clearvla_eval_opaque_74646.png'
42:11.152  render           | Saved: '/tmp/clearvla_eval_opaque_74646.png'
42:11.526  render           | Saved: '/tmp/clearvla_eval_opaque_74646.png'
42:11.988  render           | Saved: '/tmp/clearvla_eval_opaque_74646.png'
42:12.379  render           | Saved: '/tmp/clearvla_eval_opaque_74646.png'
42:12.851  render           | Saved: '/tmp/clearvla_eval_opaque_74646.png'
42:13.237  render           | Saved: '/tmp/clearvla_eval_opaque_74646.png'
42:13.731  render           | Saved: '/tmp/clearvla_eval_opaque_74646.png'
42:14.101  render           | Saved: '/tmp/clearvla_eval_opaque_74646.png'
42:14.547  render           | Saved: '/tmp/clearvla_eval_opaque_74646.png'
42:14.941  render           | Saved: '/tmp/clearvla_eval_opaque_74646.png'
42:15.397  render           | Saved: '/tmp/clearvla_eval_opaque_74646.png'
42:15.767  render           | Saved: '/tmp/clearvla_eval_opaque_74646.png'
42:16.232  render           | Saved: '/tmp/clearvla_eval_opaque_74646.png'
42:16.608  render           | Saved: '/tmp/clearvla_eval_opaque_74646.png'
42:17.465  render           | Saved: '/tmp/clearvla_eval_opaque_74646.png'
42:17.869  render           | Saved: '/tmp/clearvla_eval_opaque_74646.png'
42:18.275  render           | Saved: '/tmp/clearvla_eval_opaque_74646.png'
42:18.663  render           | Saved: '/tmp/clearvla_eval_opaque_74646.png'
42:19.069  render           | Saved: '/tmp/clearvla_eval_opaque_74646.png'
42:19.439  render           | Saved: '/tmp/clearvla_eval_opaque_74646.png'
42:19.843  render           | Saved: '/tmp/clearvla_eval_opaque_74646.png'
42:20.231  render           | Saved: '/tmp/clearvla_eval_opaque_74646.png'
42:20.626  render           | Saved: '/tmp/clearvla_eval_opaque_74646.png'
42:21.003  render           | Saved: '/tmp/clearvla_eval_opaque_74646.png'
42:21.418  render           | Saved: '/tmp/clearvla_eval_opaque_74646.png'
42:21.766  render           | Saved: '/tmp/clearvla_eval_opaque_74646.png'
42:22.203  render           | Saved: '/tmp/clearvla_eval_opaque_74646.png'
42:22.530  render           | Saved: '/tmp/clearvla_eval_opaque_74646.png'
42:23.011  render           | Saved: '/tmp/clearvla_eval_opaque_74646.png'
42:23.335  render           | Saved: '/tmp/clearvla_eval_opaque_74646.png'
42:23.784  render           | Saved: '/tmp/clearvla_eval_opaque_74646.png'
42:24.111  render           | Saved: '/tmp/clearvla_eval_opaque_74646.png'
42:24.595  render           | Saved: '/tmp/clearvla_eval_opaque_74646.png'
42:24.919  render           | Saved: '/tmp/clearvla_eval_opaque_74646.png'
42:25.361  render           | Saved: '/tmp/clearvla_eval_opaque_74646.png'
42:25.687  render           | Saved: '/tmp/clearvla_eval_opaque_74646.png'
42:26.136  render           | Saved: '/tmp/clearvla_eval_opaque_74646.png'
42:26.478  render           | Saved: '/tmp/clearvla_eval_opaque_74646.png'
42:26.939  render           | Saved: '/tmp/clearvla_eval_opaque_74646.png'
42:27.264  render           | Saved: '/tmp/clearvla_eval_opaque_74646.png'
42:27.717  render           | Saved: '/tmp/clearvla_eval_opaque_74646.png'
42:28.048  render           | Saved: '/tmp/clearvla_eval_opaque_74646.png'
42:28.508  render           | Saved: '/tmp/clearvla_eval_opaque_74646.png'
42:28.833  render           | Saved: '/tmp/clearvla_eval_opaque_74646.png'
42:29.294  render           | Saved: '/tmp/clearvla_eval_opaque_74646.png'
42:29.610  render           | Saved: '/tmp/clearvla_eval_opaque_74646.png'
42:30.064  render           | Saved: '/tmp/clearvla_eval_opaque_74646.png'
42:30.382  render           | Saved: '/tmp/clearvla_eval_opaque_74646.png'
42:30.820  render           | Saved: '/tmp/clearvla_eval_opaque_74646.png'
42:31.152  render           | Saved: '/tmp/clearvla_eval_opaque_74646.png'
42:31.573  render           | Saved: '/tmp/clearvla_eval_opaque_74646.png'
42:31.898  render           | Saved: '/tmp/clearvla_eval_opaque_74646.png'
42:32.325  render           | Saved: '/tmp/clearvla_eval_opaque_74646.png'
42:32.659  render           | Saved: '/tmp/clearvla_eval_opaque_74646.png'
42:33.081  render           | Saved: '/tmp/clearvla_eval_opaque_74646.png'
42:33.421  render           | Saved: '/tmp/clearvla_eval_opaque_74646.png'
42:33.849  render           | Saved: '/tmp/clearvla_eval_opaque_74646.png'
42:34.194  render           | Saved: '/tmp/clearvla_eval_opaque_74646.png'
42:34.589  render           | Saved: '/tmp/clearvla_eval_opaque_74646.png'
42:34.935  render           | Saved: '/tmp/clearvla_eval_opaque_74646.png'
42:35.332  render           | Saved: '/tmp/clearvla_eval_opaque_74646.png'
42:35.669  render           | Saved: '/tmp/clearvla_eval_opaque_74646.png'
42:36.063  render           | Saved: '/tmp/clearvla_eval_opaque_74646.png'
42:36.410  render           | Saved: '/tmp/clearvla_eval_opaque_74646.png'
42:36.804  render           | Saved: '/tmp/clearvla_eval_opaque_74646.png'
42:37.164  render           | Saved: '/tmp/clearvla_eval_opaque_74646.png'
42:37.618  render           | Saved: '/tmp/clearvla_eval_opaque_74646.png'
42:38.004  render           | Saved: '/tmp/clearvla_eval_opaque_74646.png'
42:38.456  render           | Saved: '/tmp/clearvla_eval_opaque_74646.png'
42:38.834  render           | Saved: '/tmp/clearvla_eval_opaque_74646.png'
42:39.291  render           | Saved: '/tmp/clearvla_eval_opaque_74646.png'
42:39.686  render           | Saved: '/tmp/clearvla_eval_opaque_74646.png'
42:40.153  render           | Saved: '/tmp/clearvla_eval_opaque_74646.png'
42:40.538  render           | Saved: '/tmp/clearvla_eval_opaque_74646.png'
42:41.016  render           | Saved: '/tmp/clearvla_eval_opaque_74646.png'
42:41.398  render           | Saved: '/tmp/clearvla_eval_opaque_74646.png'
42:41.882  render           | Saved: '/tmp/clearvla_eval_opaque_74646.png'
42:42.265  render           | Saved: '/tmp/clearvla_eval_opaque_74646.png'
42:42.737  render           | Saved: '/tmp/clearvla_eval_opaque_74646.png'
42:43.128  render           | Saved: '/tmp/clearvla_eval_opaque_74646.png'
42:43.596  render           | Saved: '/tmp/clearvla_eval_opaque_74646.png'
42:43.975  render           | Saved: '/tmp/clearvla_eval_opaque_74646.png'
42:44.439  render           | Saved: '/tmp/clearvla_eval_opaque_74646.png'
42:44.808  render           | Saved: '/tmp/clearvla_eval_opaque_74646.png'
42:45.277  render           | Saved: '/tmp/clearvla_eval_opaque_74646.png'
42:45.673  render           | Saved: '/tmp/clearvla_eval_opaque_74646.png'
42:46.147  render           | Saved: '/tmp/clearvla_eval_opaque_74646.png'
42:46.508  render           | Saved: '/tmp/clearvla_eval_opaque_74646.png'
42:46.973  render           | Saved: '/tmp/clearvla_eval_opaque_74646.png'
42:47.378  render           | Saved: '/tmp/clearvla_eval_opaque_74646.png'
42:48.229  render           | Saved: '/tmp/clearvla_eval_opaque_74646.png'
42:48.605  render           | Saved: '/tmp/clearvla_eval_opaque_74646.png'
42:49.031  render           | Saved: '/tmp/clearvla_eval_opaque_74646.png'
42:49.431  render           | Saved: '/tmp/clearvla_eval_opaque_74646.png'
42:49.827  render           | Saved: '/tmp/clearvla_eval_opaque_74646.png'
42:50.223  render           | Saved: '/tmp/clearvla_eval_opaque_74646.png'
42:50.618  render           | Saved: '/tmp/clearvla_eval_opaque_74646.png'
42:50.984  render           | Saved: '/tmp/clearvla_eval_opaque_74646.png'
42:51.385  render           | Saved: '/tmp/clearvla_eval_opaque_74646.png'
42:51.768  render           | Saved: '/tmp/clearvla_eval_opaque_74646.png'
42:52.177  render           | Saved: '/tmp/clearvla_eval_opaque_74646.png'
42:52.581  render           | Saved: '/tmp/clearvla_eval_opaque_74646.png'
42:52.981  render           | Saved: '/tmp/clearvla_eval_opaque_74646.png'
42:53.368  render           | Saved: '/tmp/clearvla_eval_opaque_74646.png'
42:53.764  render           | Saved: '/tmp/clearvla_eval_opaque_74646.png'
42:54.128  render           | Saved: '/tmp/clearvla_eval_opaque_74646.png'
42:54.542  render           | Saved: '/tmp/clearvla_eval_opaque_74646.png'
42:54.945  render           | Saved: '/tmp/clearvla_eval_opaque_74646.png'
42:55.338  render           | Saved: '/tmp/clearvla_eval_opaque_74646.png'
42:55.701  render           | Saved: '/tmp/clearvla_eval_opaque_74646.png'
42:56.114  render           | Saved: '/tmp/clearvla_eval_opaque_74646.png'
42:56.494  render           | Saved: '/tmp/clearvla_eval_opaque_74646.png'
42:56.907  render           | Saved: '/tmp/clearvla_eval_opaque_74646.png'
42:57.291  render           | Saved: '/tmp/clearvla_eval_opaque_74646.png'
42:57.702  render           | Saved: '/tmp/clearvla_eval_opaque_74646.png'
42:58.062  render           | Saved: '/tmp/clearvla_eval_opaque_74646.png'
42:58.501  render           | Saved: '/tmp/clearvla_eval_opaque_74646.png'
42:58.839  render           | Saved: '/tmp/clearvla_eval_opaque_74646.png'
42:59.302  render           | Saved: '/tmp/clearvla_eval_opaque_74646.png'
42:59.630  render           | Saved: '/tmp/clearvla_eval_opaque_74646.png'
43:00.067  render           | Saved: '/tmp/clearvla_eval_opaque_74646.png'
43:00.394  render           | Saved: '/tmp/clearvla_eval_opaque_74646.png'
43:00.820  render           | Saved: '/tmp/clearvla_eval_opaque_74646.png'
43:01.150  render           | Saved: '/tmp/clearvla_eval_opaque_74646.png'
43:01.602  render           | Saved: '/tmp/clearvla_eval_opaque_74646.png'
43:01.940  render           | Saved: '/tmp/clearvla_eval_opaque_74646.png'
43:02.382  render           | Saved: '/tmp/clearvla_eval_opaque_74646.png'
43:02.731  render           | Saved: '/tmp/clearvla_eval_opaque_74646.png'
43:03.143  render           | Saved: '/tmp/clearvla_eval_opaque_74646.png'
43:03.485  render           | Saved: '/tmp/clearvla_eval_opaque_74646.png'
43:03.883  render           | Saved: '/tmp/clearvla_eval_opaque_74646.png'
43:04.235  render           | Saved: '/tmp/clearvla_eval_opaque_74646.png'
43:04.633  render           | Saved: '/tmp/clearvla_eval_opaque_74646.png'
43:04.988  render           | Saved: '/tmp/clearvla_eval_opaque_74646.png'
43:05.425  render           | Saved: '/tmp/clearvla_eval_opaque_74646.png'
43:05.802  render           | Saved: '/tmp/clearvla_eval_opaque_74646.png'
43:06.285  render           | Saved: '/tmp/clearvla_eval_opaque_74646.png'
43:06.669  render           | Saved: '/tmp/clearvla_eval_opaque_74646.png'
43:07.148  render           | Saved: '/tmp/clearvla_eval_opaque_74646.png'
43:07.545  render           | Saved: '/tmp/clearvla_eval_opaque_74646.png'
43:08.027  render           | Saved: '/tmp/clearvla_eval_opaque_74646.png'
43:08.397  render           | Saved: '/tmp/clearvla_eval_opaque_74646.png'
43:08.867  render           | Saved: '/tmp/clearvla_eval_opaque_74646.png'
43:09.245  render           | Saved: '/tmp/clearvla_eval_opaque_74646.png'
43:09.720  render           | Saved: '/tmp/clearvla_eval_opaque_74646.png'
43:10.100  render           | Saved: '/tmp/clearvla_eval_opaque_74646.png'
43:10.571  render           | Saved: '/tmp/clearvla_eval_opaque_74646.png'
43:10.937  render           | Saved: '/tmp/clearvla_eval_opaque_74646.png'
43:11.396  render           | Saved: '/tmp/clearvla_eval_opaque_74646.png'
43:11.775  render           | Saved: '/tmp/clearvla_eval_opaque_74646.png'
43:12.236  render           | Saved: '/tmp/clearvla_eval_opaque_74646.png'
43:12.622  render           | Saved: '/tmp/clearvla_eval_opaque_74646.png'
43:13.121  render           | Saved: '/tmp/clearvla_eval_opaque_74646.png'
43:13.488  render           | Saved: '/tmp/clearvla_eval_opaque_74646.png'
43:13.928  render           | Saved: '/tmp/clearvla_eval_opaque_74646.png'
43:14.299  render           | Saved: '/tmp/clearvla_eval_opaque_74646.png'
43:14.760  render           | Saved: '/tmp/clearvla_eval_opaque_74646.png'
43:15.134  render           | Saved: '/tmp/clearvla_eval_opaque_74646.png'
43:15.592  render           | Saved: '/tmp/clearvla_eval_opaque_74646.png'
43:15.988  render           | Saved: '/tmp/clearvla_eval_opaque_74646.png'
43:16.430  render           | Saved: '/tmp/clearvla_eval_opaque_74646.png'
43:16.799  render           | Saved: '/tmp/clearvla_eval_opaque_74646.png'
43:17.273  render           | Saved: '/tmp/clearvla_eval_opaque_74646.png'
43:17.647  render           | Saved: '/tmp/clearvla_eval_opaque_74646.png'
43:18.126  render           | Saved: '/tmp/clearvla_eval_opaque_74646.png'
43:18.522  render           | Saved: '/tmp/clearvla_eval_opaque_74646.png'
43:19.346  render           | Saved: '/tmp/clearvla_eval_opaque_74646.png'
43:19.668  render           | Saved: '/tmp/clearvla_eval_opaque_74646.png'
43:20.117  render           | Saved: '/tmp/clearvla_eval_opaque_74646.png'
43:20.447  render           | Saved: '/tmp/clearvla_eval_opaque_74646.png'
43:20.902  render           | Saved: '/tmp/clearvla_eval_opaque_74646.png'
43:21.222  render           | Saved: '/tmp/clearvla_eval_opaque_74646.png'
43:21.678  render           | Saved: '/tmp/clearvla_eval_opaque_74646.png'
43:22.007  render           | Saved: '/tmp/clearvla_eval_opaque_74646.png'
43:22.446  render           | Saved: '/tmp/clearvla_eval_opaque_74646.png'
43:22.783  render           | Saved: '/tmp/clearvla_eval_opaque_74646.png'
43:23.234  render           | Saved: '/tmp/clearvla_eval_opaque_74646.png'
43:23.573  render           | Saved: '/tmp/clearvla_eval_opaque_74646.png'
43:24.034  render           | Saved: '/tmp/clearvla_eval_opaque_74646.png'
43:24.364  render           | Saved: '/tmp/clearvla_eval_opaque_74646.png'
43:24.805  render           | Saved: '/tmp/clearvla_eval_opaque_74646.png'
43:25.137  render           | Saved: '/tmp/clearvla_eval_opaque_74646.png'
43:25.579  render           | Saved: '/tmp/clearvla_eval_opaque_74646.png'
43:25.915  render           | Saved: '/tmp/clearvla_eval_opaque_74646.png'
43:26.357  render           | Saved: '/tmp/clearvla_eval_opaque_74646.png'
43:26.687  render           | Saved: '/tmp/clearvla_eval_opaque_74646.png'
43:27.156  render           | Saved: '/tmp/clearvla_eval_opaque_74646.png'
43:27.487  render           | Saved: '/tmp/clearvla_eval_opaque_74646.png'
43:27.958  render           | Saved: '/tmp/clearvla_eval_opaque_74646.png'
43:28.278  render           | Saved: '/tmp/clearvla_eval_opaque_74646.png'
43:28.736  render           | Saved: '/tmp/clearvla_eval_opaque_74646.png'
43:29.066  render           | Saved: '/tmp/clearvla_eval_opaque_74646.png'
43:29.515  render           | Saved: '/tmp/clearvla_eval_opaque_74646.png'
43:29.846  render           | Saved: '/tmp/clearvla_eval_opaque_74646.png'
43:30.304  render           | Saved: '/tmp/clearvla_eval_opaque_74646.png'
43:30.636  render           | Saved: '/tmp/clearvla_eval_opaque_74646.png'
43:31.090  render           | Saved: '/tmp/clearvla_eval_opaque_74646.png'
43:31.423  render           | Saved: '/tmp/clearvla_eval_opaque_74646.png'
43:31.888  render           | Saved: '/tmp/clearvla_eval_opaque_74646.png'
43:32.218  render           | Saved: '/tmp/clearvla_eval_opaque_74646.png'
43:32.670  render           | Saved: '/tmp/clearvla_eval_opaque_74646.png'
43:33.006  render           | Saved: '/tmp/clearvla_eval_opaque_74646.png'
43:33.432  render           | Saved: '/tmp/clearvla_eval_opaque_74646.png'
43:33.760  render           | Saved: '/tmp/clearvla_eval_opaque_74646.png'
43:34.165  render           | Saved: '/tmp/clearvla_eval_opaque_74646.png'
43:34.518  render           | Saved: '/tmp/clearvla_eval_opaque_74646.png'
43:34.925  render           | Saved: '/tmp/clearvla_eval_opaque_74646.png'
43:35.276  render           | Saved: '/tmp/clearvla_eval_opaque_74646.png'
43:35.698  render           | Saved: '/tmp/clearvla_eval_opaque_74646.png'
43:36.044  render           | Saved: '/tmp/clearvla_eval_opaque_74646.png'
43:36.453  render           | Saved: '/tmp/clearvla_eval_opaque_74646.png'
43:36.799  render           | Saved: '/tmp/clearvla_eval_opaque_74646.png'
43:37.194  render           | Saved: '/tmp/clearvla_eval_opaque_74646.png'
43:37.542  render           | Saved: '/tmp/clearvla_eval_opaque_74646.png'
43:37.935  render           | Saved: '/tmp/clearvla_eval_opaque_74646.png'
43:38.294  render           | Saved: '/tmp/clearvla_eval_opaque_74646.png'
43:38.714  render           | Saved: '/tmp/clearvla_eval_opaque_74646.png'
43:39.078  render           | Saved: '/tmp/clearvla_eval_opaque_74646.png'
43:39.535  render           | Saved: '/tmp/clearvla_eval_opaque_74646.png'
43:39.908  render           | Saved: '/tmp/clearvla_eval_opaque_74646.png'
43:40.360  render           | Saved: '/tmp/clearvla_eval_opaque_74646.png'
43:40.733  render           | Saved: '/tmp/clearvla_eval_opaque_74646.png'
43:41.191  render           | Saved: '/tmp/clearvla_eval_opaque_74646.png'
43:41.558  render           | Saved: '/tmp/clearvla_eval_opaque_74646.png'
43:42.015  render           | Saved: '/tmp/clearvla_eval_opaque_74646.png'
43:42.393  render           | Saved: '/tmp/clearvla_eval_opaque_74646.png'
43:42.870  render           | Saved: '/tmp/clearvla_eval_opaque_74646.png'
43:43.244  render           | Saved: '/tmp/clearvla_eval_opaque_74646.png'
43:43.704  render           | Saved: '/tmp/clearvla_eval_opaque_74646.png'
43:44.079  render           | Saved: '/tmp/clearvla_eval_opaque_74646.png'
43:44.537  render           | Saved: '/tmp/clearvla_eval_opaque_74646.png'
43:44.933  render           | Saved: '/tmp/clearvla_eval_opaque_74646.png'
43:45.398  render           | Saved: '/tmp/clearvla_eval_opaque_74646.png'
43:45.770  render           | Saved: '/tmp/clearvla_eval_opaque_74646.png'
43:46.228  render           | Saved: '/tmp/clearvla_eval_opaque_74646.png'
43:46.600  render           | Saved: '/tmp/clearvla_eval_opaque_74646.png'
43:47.048  render           | Saved: '/tmp/clearvla_eval_opaque_74646.png'
43:47.424  render           | Saved: '/tmp/clearvla_eval_opaque_74646.png'
43:47.891  render           | Saved: '/tmp/clearvla_eval_opaque_74646.png'
43:48.253  render           | Saved: '/tmp/clearvla_eval_opaque_74646.png'
43:48.713  render           | Saved: '/tmp/clearvla_eval_opaque_74646.png'
43:49.092  render           | Saved: '/tmp/clearvla_eval_opaque_74646.png'
43:49.952  render           | Saved: '/tmp/clearvla_eval_opaque_74646.png'
43:50.316  render           | Saved: '/tmp/clearvla_eval_opaque_74646.png'
43:50.731  render           | Saved: '/tmp/clearvla_eval_opaque_74646.png'
43:51.069  render           | Saved: '/tmp/clearvla_eval_opaque_74646.png'
43:51.498  render           | Saved: '/tmp/clearvla_eval_opaque_74646.png'
43:51.824  render           | Saved: '/tmp/clearvla_eval_opaque_74646.png'
43:52.280  render           | Saved: '/tmp/clearvla_eval_opaque_74646.png'
43:52.611  render           | Saved: '/tmp/clearvla_eval_opaque_74646.png'
43:53.055  render           | Saved: '/tmp/clearvla_eval_opaque_74646.png'
43:53.386  render           | Saved: '/tmp/clearvla_eval_opaque_74646.png'
43:53.829  render           | Saved: '/tmp/clearvla_eval_opaque_74646.png'
43:54.156  render           | Saved: '/tmp/clearvla_eval_opaque_74646.png'
43:54.606  render           | Saved: '/tmp/clearvla_eval_opaque_74646.png'
43:54.931  render           | Saved: '/tmp/clearvla_eval_opaque_74646.png'
43:55.386  render           | Saved: '/tmp/clearvla_eval_opaque_74646.png'
43:55.714  render           | Saved: '/tmp/clearvla_eval_opaque_74646.png'
43:56.164  render           | Saved: '/tmp/clearvla_eval_opaque_74646.png'
43:56.494  render           | Saved: '/tmp/clearvla_eval_opaque_74646.png'
43:56.937  render           | Saved: '/tmp/clearvla_eval_opaque_74646.png'
43:57.265  render           | Saved: '/tmp/clearvla_eval_opaque_74646.png'
43:57.697  render           | Saved: '/tmp/clearvla_eval_opaque_74646.png'
43:58.021  render           | Saved: '/tmp/clearvla_eval_opaque_74646.png'
43:58.462  render           | Saved: '/tmp/clearvla_eval_opaque_74646.png'
43:58.788  render           | Saved: '/tmp/clearvla_eval_opaque_74646.png'
43:59.228  render           | Saved: '/tmp/clearvla_eval_opaque_74646.png'
43:59.557  render           | Saved: '/tmp/clearvla_eval_opaque_74646.png'
43:59.999  render           | Saved: '/tmp/clearvla_eval_opaque_74646.png'
44:00.327  render           | Saved: '/tmp/clearvla_eval_opaque_74646.png'
44:00.773  render           | Saved: '/tmp/clearvla_eval_opaque_74646.png'
44:01.100  render           | Saved: '/tmp/clearvla_eval_opaque_74646.png'
44:01.560  render           | Saved: '/tmp/clearvla_eval_opaque_74646.png'
44:01.884  render           | Saved: '/tmp/clearvla_eval_opaque_74646.png'
44:02.328  render           | Saved: '/tmp/clearvla_eval_opaque_74646.png'
44:02.657  render           | Saved: '/tmp/clearvla_eval_opaque_74646.png'
44:03.105  render           | Saved: '/tmp/clearvla_eval_opaque_74646.png'
44:03.438  render           | Saved: '/tmp/clearvla_eval_opaque_74646.png'
44:03.872  render           | Saved: '/tmp/clearvla_eval_opaque_74646.png'
44:04.215  render           | Saved: '/tmp/clearvla_eval_opaque_74646.png'
44:04.614  render           | Saved: '/tmp/clearvla_eval_opaque_74646.png'
44:04.955  render           | Saved: '/tmp/clearvla_eval_opaque_74646.png'
44:05.354  render           | Saved: '/tmp/clearvla_eval_opaque_74646.png'
44:05.710  render           | Saved: '/tmp/clearvla_eval_opaque_74646.png'
44:06.113  render           | Saved: '/tmp/clearvla_eval_opaque_74646.png'
44:06.447  render           | Saved: '/tmp/clearvla_eval_opaque_74646.png'
44:06.845  render           | Saved: '/tmp/clearvla_eval_opaque_74646.png'
44:07.193  render           | Saved: '/tmp/clearvla_eval_opaque_74646.png'
44:07.593  render           | Saved: '/tmp/clearvla_eval_opaque_74646.png'
44:07.940  render           | Saved: '/tmp/clearvla_eval_opaque_74646.png'
44:08.338  render           | Saved: '/tmp/clearvla_eval_opaque_74646.png'
44:08.683  render           | Saved: '/tmp/clearvla_eval_opaque_74646.png'
44:09.074  render           | Saved: '/tmp/clearvla_eval_opaque_74646.png'
44:09.421  render           | Saved: '/tmp/clearvla_eval_opaque_74646.png'
44:09.820  render           | Saved: '/tmp/clearvla_eval_opaque_74646.png'
44:10.180  render           | Saved: '/tmp/clearvla_eval_opaque_74646.png'
44:10.639  render           | Saved: '/tmp/clearvla_eval_opaque_74646.png'
44:11.030  render           | Saved: '/tmp/clearvla_eval_opaque_74646.png'
44:11.510  render           | Saved: '/tmp/clearvla_eval_opaque_74646.png'
44:11.885  render           | Saved: '/tmp/clearvla_eval_opaque_74646.png'
44:12.351  render           | Saved: '/tmp/clearvla_eval_opaque_74646.png'
44:12.722  render           | Saved: '/tmp/clearvla_eval_opaque_74646.png'
44:13.188  render           | Saved: '/tmp/clearvla_eval_opaque_74646.png'
44:13.574  render           | Saved: '/tmp/clearvla_eval_opaque_74646.png'
44:14.044  render           | Saved: '/tmp/clearvla_eval_opaque_74646.png'
44:14.408  render           | Saved: '/tmp/clearvla_eval_opaque_74646.png'
44:14.859  render           | Saved: '/tmp/clearvla_eval_opaque_74646.png'
44:15.228  render           | Saved: '/tmp/clearvla_eval_opaque_74646.png'
44:15.688  render           | Saved: '/tmp/clearvla_eval_opaque_74646.png'
44:16.045  render           | Saved: '/tmp/clearvla_eval_opaque_74646.png'
44:16.523  render           | Saved: '/tmp/clearvla_eval_opaque_74646.png'
44:16.912  render           | Saved: '/tmp/clearvla_eval_opaque_74646.png'
44:17.339  render           | Saved: '/tmp/clearvla_eval_opaque_74646.png'
44:17.699  render           | Saved: '/tmp/clearvla_eval_opaque_74646.png'
44:18.168  render           | Saved: '/tmp/clearvla_eval_opaque_74646.png'
44:18.528  render           | Saved: '/tmp/clearvla_eval_opaque_74646.png'
44:18.985  render           | Saved: '/tmp/clearvla_eval_opaque_74646.png'
44:19.363  render           | Saved: '/tmp/clearvla_eval_opaque_74646.png'
44:20.208  render           | Saved: '/tmp/clearvla_eval_opaque_74646.png'
44:20.530  render           | Saved: '/tmp/clearvla_eval_opaque_74646.png'
44:21.014  render           | Saved: '/tmp/clearvla_eval_opaque_74646.png'
44:21.334  render           | Saved: '/tmp/clearvla_eval_opaque_74646.png'
44:21.794  render           | Saved: '/tmp/clearvla_eval_opaque_74646.png'
44:22.116  render           | Saved: '/tmp/clearvla_eval_opaque_74646.png'
44:22.546  render           | Saved: '/tmp/clearvla_eval_opaque_74646.png'
44:22.880  render           | Saved: '/tmp/clearvla_eval_opaque_74646.png'
44:23.318  render           | Saved: '/tmp/clearvla_eval_opaque_74646.png'
44:23.653  render           | Saved: '/tmp/clearvla_eval_opaque_74646.png'
44:24.088  render           | Saved: '/tmp/clearvla_eval_opaque_74646.png'
44:24.423  render           | Saved: '/tmp/clearvla_eval_opaque_74646.png'
44:24.837  render           | Saved: '/tmp/clearvla_eval_opaque_74646.png'
44:25.169  render           | Saved: '/tmp/clearvla_eval_opaque_74646.png'
44:25.583  render           | Saved: '/tmp/clearvla_eval_opaque_74646.png'
44:25.917  render           | Saved: '/tmp/clearvla_eval_opaque_74646.png'
44:26.356  render           | Saved: '/tmp/clearvla_eval_opaque_74646.png'
44:26.691  render           | Saved: '/tmp/clearvla_eval_opaque_74646.png'
44:27.120  render           | Saved: '/tmp/clearvla_eval_opaque_74646.png'
44:27.461  render           | Saved: '/tmp/clearvla_eval_opaque_74646.png'
44:27.897  render           | Saved: '/tmp/clearvla_eval_opaque_74646.png'
44:28.230  render           | Saved: '/tmp/clearvla_eval_opaque_74646.png'
44:28.674  render           | Saved: '/tmp/clearvla_eval_opaque_74646.png'
44:29.011  render           | Saved: '/tmp/clearvla_eval_opaque_74646.png'
44:29.458  render           | Saved: '/tmp/clearvla_eval_opaque_74646.png'
44:29.783  render           | Saved: '/tmp/clearvla_eval_opaque_74646.png'
44:30.223  render           | Saved: '/tmp/clearvla_eval_opaque_74646.png'
44:30.554  render           | Saved: '/tmp/clearvla_eval_opaque_74646.png'
44:31.018  render           | Saved: '/tmp/clearvla_eval_opaque_74646.png'
44:31.343  render           | Saved: '/tmp/clearvla_eval_opaque_74646.png'
44:31.802  render           | Saved: '/tmp/clearvla_eval_opaque_74646.png'
44:32.125  render           | Saved: '/tmp/clearvla_eval_opaque_74646.png'
44:32.578  render           | Saved: '/tmp/clearvla_eval_opaque_74646.png'
44:32.906  render           | Saved: '/tmp/clearvla_eval_opaque_74646.png'
44:33.369  render           | Saved: '/tmp/clearvla_eval_opaque_74646.png'
44:33.697  render           | Saved: '/tmp/clearvla_eval_opaque_74646.png'
44:34.140  render           | Saved: '/tmp/clearvla_eval_opaque_74646.png'
44:34.508  render           | Saved: '/tmp/clearvla_eval_opaque_74646.png'
44:34.965  render           | Saved: '/tmp/clearvla_eval_opaque_74646.png'
44:35.343  render           | Saved: '/tmp/clearvla_eval_opaque_74646.png'
44:35.810  render           | Saved: '/tmp/clearvla_eval_opaque_74646.png'
44:36.192  render           | Saved: '/tmp/clearvla_eval_opaque_74646.png'
44:36.648  render           | Saved: '/tmp/clearvla_eval_opaque_74646.png'
44:37.029  render           | Saved: '/tmp/clearvla_eval_opaque_74646.png'
44:37.502  render           | Saved: '/tmp/clearvla_eval_opaque_74646.png'
44:37.879  render           | Saved: '/tmp/clearvla_eval_opaque_74646.png'
44:38.335  render           | Saved: '/tmp/clearvla_eval_opaque_74646.png'
44:38.702  render           | Saved: '/tmp/clearvla_eval_opaque_74646.png'
44:39.166  render           | Saved: '/tmp/clearvla_eval_opaque_74646.png'
44:39.530  render           | Saved: '/tmp/clearvla_eval_opaque_74646.png'
44:39.992  render           | Saved: '/tmp/clearvla_eval_opaque_74646.png'
44:40.377  render           | Saved: '/tmp/clearvla_eval_opaque_74646.png'
44:40.845  render           | Saved: '/tmp/clearvla_eval_opaque_74646.png'
44:41.215  render           | Saved: '/tmp/clearvla_eval_opaque_74646.png'
44:41.673  render           | Saved: '/tmp/clearvla_eval_opaque_74646.png'
44:42.071  render           | Saved: '/tmp/clearvla_eval_opaque_74646.png'
44:42.579  render           | Saved: '/tmp/clearvla_eval_opaque_74646.png'
44:42.952  render           | Saved: '/tmp/clearvla_eval_opaque_74646.png'
44:43.446  render           | Saved: '/tmp/clearvla_eval_opaque_74646.png'
44:43.839  render           | Saved: '/tmp/clearvla_eval_opaque_74646.png'
44:44.311  render           | Saved: '/tmp/clearvla_eval_opaque_74646.png'
44:44.691  render           | Saved: '/tmp/clearvla_eval_opaque_74646.png'
44:45.153  render           | Saved: '/tmp/clearvla_eval_opaque_74646.png'
44:45.514  render           | Saved: '/tmp/clearvla_eval_opaque_74646.png'
44:45.956  render           | Saved: '/tmp/clearvla_eval_opaque_74646.png'
44:46.316  render           | Saved: '/tmp/clearvla_eval_opaque_74646.png'
44:46.770  render           | Saved: '/tmp/clearvla_eval_opaque_74646.png'
44:47.145  render           | Saved: '/tmp/clearvla_eval_opaque_74646.png'
44:47.593  render           | Saved: '/tmp/clearvla_eval_opaque_74646.png'
44:47.952  render           | Saved: '/tmp/clearvla_eval_opaque_74646.png'
44:48.414  render           | Saved: '/tmp/clearvla_eval_opaque_74646.png'
44:48.791  render           | Saved: '/tmp/clearvla_eval_opaque_74646.png'
44:49.252  render           | Saved: '/tmp/clearvla_eval_opaque_74646.png'
44:49.626  render           | Saved: '/tmp/clearvla_eval_opaque_74646.png'
44:50.082  render           | Saved: '/tmp/clearvla_eval_opaque_74646.png'
44:50.441  render           | Saved: '/tmp/clearvla_eval_opaque_74646.png'
44:51.292  render           | Saved: '/tmp/clearvla_eval_opaque_74646.png'
44:51.626  render           | Saved: '/tmp/clearvla_eval_opaque_74646.png'
44:52.076  render           | Saved: '/tmp/clearvla_eval_opaque_74646.png'
44:52.408  render           | Saved: '/tmp/clearvla_eval_opaque_74646.png'
44:52.853  render           | Saved: '/tmp/clearvla_eval_opaque_74646.png'
44:53.185  render           | Saved: '/tmp/clearvla_eval_opaque_74646.png'
44:53.636  render           | Saved: '/tmp/clearvla_eval_opaque_74646.png'
44:53.965  render           | Saved: '/tmp/clearvla_eval_opaque_74646.png'
44:54.406  render           | Saved: '/tmp/clearvla_eval_opaque_74646.png'
44:54.743  render           | Saved: '/tmp/clearvla_eval_opaque_74646.png'
44:55.208  render           | Saved: '/tmp/clearvla_eval_opaque_74646.png'
44:55.533  render           | Saved: '/tmp/clearvla_eval_opaque_74646.png'
44:55.994  render           | Saved: '/tmp/clearvla_eval_opaque_74646.png'
44:56.324  render           | Saved: '/tmp/clearvla_eval_opaque_74646.png'
44:56.775  render           | Saved: '/tmp/clearvla_eval_opaque_74646.png'
44:57.106  render           | Saved: '/tmp/clearvla_eval_opaque_74646.png'
44:57.558  render           | Saved: '/tmp/clearvla_eval_opaque_74646.png'
44:57.892  render           | Saved: '/tmp/clearvla_eval_opaque_74646.png'
44:58.349  render           | Saved: '/tmp/clearvla_eval_opaque_74646.png'
44:58.685  render           | Saved: '/tmp/clearvla_eval_opaque_74646.png'
44:59.143  render           | Saved: '/tmp/clearvla_eval_opaque_74646.png'
44:59.472  render           | Saved: '/tmp/clearvla_eval_opaque_74646.png'
44:59.922  render           | Saved: '/tmp/clearvla_eval_opaque_74646.png'
45:00.249  render           | Saved: '/tmp/clearvla_eval_opaque_74646.png'
45:00.697  render           | Saved: '/tmp/clearvla_eval_opaque_74646.png'
45:01.024  render           | Saved: '/tmp/clearvla_eval_opaque_74646.png'
45:01.462  render           | Saved: '/tmp/clearvla_eval_opaque_74646.png'
45:01.792  render           | Saved: '/tmp/clearvla_eval_opaque_74646.png'
45:02.205  render           | Saved: '/tmp/clearvla_eval_opaque_74646.png'
45:02.538  render           | Saved: '/tmp/clearvla_eval_opaque_74646.png'
45:02.972  render           | Saved: '/tmp/clearvla_eval_opaque_74646.png'
45:03.306  render           | Saved: '/tmp/clearvla_eval_opaque_74646.png'
45:03.750  render           | Saved: '/tmp/clearvla_eval_opaque_74646.png'
45:04.080  render           | Saved: '/tmp/clearvla_eval_opaque_74646.png'
45:04.515  render           | Saved: '/tmp/clearvla_eval_opaque_74646.png'
45:04.843  render           | Saved: '/tmp/clearvla_eval_opaque_74646.png'
45:05.272  render           | Saved: '/tmp/clearvla_eval_opaque_74646.png'
45:05.617  render           | Saved: '/tmp/clearvla_eval_opaque_74646.png'
45:06.016  render           | Saved: '/tmp/clearvla_eval_opaque_74646.png'
45:06.362  render           | Saved: '/tmp/clearvla_eval_opaque_74646.png'
45:06.761  render           | Saved: '/tmp/clearvla_eval_opaque_74646.png'
45:07.115  render           | Saved: '/tmp/clearvla_eval_opaque_74646.png'
45:07.534  render           | Saved: '/tmp/clearvla_eval_opaque_74646.png'
45:07.898  render           | Saved: '/tmp/clearvla_eval_opaque_74646.png'
45:08.350  render           | Saved: '/tmp/clearvla_eval_opaque_74646.png'
45:08.727  render           | Saved: '/tmp/clearvla_eval_opaque_74646.png'
45:09.187  render           | Saved: '/tmp/clearvla_eval_opaque_74646.png'
45:09.570  render           | Saved: '/tmp/clearvla_eval_opaque_74646.png'
45:10.051  render           | Saved: '/tmp/clearvla_eval_opaque_74646.png'
45:10.433  render           | Saved: '/tmp/clearvla_eval_opaque_74646.png'
45:10.906  render           | Saved: '/tmp/clearvla_eval_opaque_74646.png'
45:11.291  render           | Saved: '/tmp/clearvla_eval_opaque_74646.png'
45:11.760  render           | Saved: '/tmp/clearvla_eval_opaque_74646.png'
45:12.147  render           | Saved: '/tmp/clearvla_eval_opaque_74646.png'
45:12.633  render           | Saved: '/tmp/clearvla_eval_opaque_74646.png'
45:13.010  render           | Saved: '/tmp/clearvla_eval_opaque_74646.png'
45:13.482  render           | Saved: '/tmp/clearvla_eval_opaque_74646.png'
45:13.849  render           | Saved: '/tmp/clearvla_eval_opaque_74646.png'
45:14.319  render           | Saved: '/tmp/clearvla_eval_opaque_74646.png'
45:14.688  render           | Saved: '/tmp/clearvla_eval_opaque_74646.png'
45:15.099  render           | Saved: '/tmp/clearvla_eval_opaque_74646.png'
45:15.460  render           | Saved: '/tmp/clearvla_eval_opaque_74646.png'
45:15.889  render           | Saved: '/tmp/clearvla_eval_opaque_74646.png'
45:16.261  render           | Saved: '/tmp/clearvla_eval_opaque_74646.png'
45:16.716  render           | Saved: '/tmp/clearvla_eval_opaque_74646.png'
45:17.086  render           | Saved: '/tmp/clearvla_eval_opaque_74646.png'
45:17.545  render           | Saved: '/tmp/clearvla_eval_opaque_74646.png'
45:17.939  render           | Saved: '/tmp/clearvla_eval_opaque_74646.png'
45:18.412  render           | Saved: '/tmp/clearvla_eval_opaque_74646.png'
45:18.783  render           | Saved: '/tmp/clearvla_eval_opaque_74646.png'
45:19.247  render           | Saved: '/tmp/clearvla_eval_opaque_74646.png'
45:19.644  render           | Saved: '/tmp/clearvla_eval_opaque_74646.png'
45:20.132  render           | Saved: '/tmp/clearvla_eval_opaque_74646.png'
45:20.502  render           | Saved: '/tmp/clearvla_eval_opaque_74646.png'
45:21.000  render           | Saved: '/tmp/clearvla_eval_opaque_74646.png'
45:21.351  render           | Saved: '/tmp/clearvla_eval_opaque_74646.png'
[cache25/opaque] pour: 0/40  (45.3 min, 30.5 s/ep)
45:22.216  render           | Saved: '/tmp/clearvla_eval_opaque_74646.png'
45:22.564  render           | Saved: '/tmp/clearvla_eval_opaque_74646.png'
45:22.996  render           | Saved: '/tmp/clearvla_eval_opaque_74646.png'
45:23.337  render           | Saved: '/tmp/clearvla_eval_opaque_74646.png'
45:23.786  render           | Saved: '/tmp/clearvla_eval_opaque_74646.png'
45:24.114  render           | Saved: '/tmp/clearvla_eval_opaque_74646.png'
45:24.559  render           | Saved: '/tmp/clearvla_eval_opaque_74646.png'
45:24.897  render           | Saved: '/tmp/clearvla_eval_opaque_74646.png'
45:25.355  render           | Saved: '/tmp/clearvla_eval_opaque_74646.png'
45:25.681  render           | Saved: '/tmp/clearvla_eval_opaque_74646.png'
45:26.125  render           | Saved: '/tmp/clearvla_eval_opaque_74646.png'
45:26.451  render           | Saved: '/tmp/clearvla_eval_opaque_74646.png'
45:26.897  render           | Saved: '/tmp/clearvla_eval_opaque_74646.png'
45:27.230  render           | Saved: '/tmp/clearvla_eval_opaque_74646.png'
45:27.675  render           | Saved: '/tmp/clearvla_eval_opaque_74646.png'
45:28.004  render           | Saved: '/tmp/clearvla_eval_opaque_74646.png'
45:28.458  render           | Saved: '/tmp/clearvla_eval_opaque_74646.png'
45:28.781  render           | Saved: '/tmp/clearvla_eval_opaque_74646.png'
45:29.220  render           | Saved: '/tmp/clearvla_eval_opaque_74646.png'
45:29.556  render           | Saved: '/tmp/clearvla_eval_opaque_74646.png'
45:30.000  render           | Saved: '/tmp/clearvla_eval_opaque_74646.png'
45:30.331  render           | Saved: '/tmp/clearvla_eval_opaque_74646.png'
45:30.787  render           | Saved: '/tmp/clearvla_eval_opaque_74646.png'
45:31.116  render           | Saved: '/tmp/clearvla_eval_opaque_74646.png'
45:31.572  render           | Saved: '/tmp/clearvla_eval_opaque_74646.png'
45:31.899  render           | Saved: '/tmp/clearvla_eval_opaque_74646.png'
45:32.358  render           | Saved: '/tmp/clearvla_eval_opaque_74646.png'
45:32.690  render           | Saved: '/tmp/clearvla_eval_opaque_74646.png'
45:33.139  render           | Saved: '/tmp/clearvla_eval_opaque_74646.png'
45:33.470  render           | Saved: '/tmp/clearvla_eval_opaque_74646.png'
45:33.916  render           | Saved: '/tmp/clearvla_eval_opaque_74646.png'
45:34.244  render           | Saved: '/tmp/clearvla_eval_opaque_74646.png'
45:34.698  render           | Saved: '/tmp/clearvla_eval_opaque_74646.png'
45:35.029  render           | Saved: '/tmp/clearvla_eval_opaque_74646.png'
45:35.476  render           | Saved: '/tmp/clearvla_eval_opaque_74646.png'
45:35.813  render           | Saved: '/tmp/clearvla_eval_opaque_74646.png'
45:36.240  render           | Saved: '/tmp/clearvla_eval_opaque_74646.png'
45:36.586  render           | Saved: '/tmp/clearvla_eval_opaque_74646.png'
45:36.984  render           | Saved: '/tmp/clearvla_eval_opaque_74646.png'
45:37.325  render           | Saved: '/tmp/clearvla_eval_opaque_74646.png'
45:37.727  render           | Saved: '/tmp/clearvla_eval_opaque_74646.png'
45:38.065  render           | Saved: '/tmp/clearvla_eval_opaque_74646.png'
45:38.464  render           | Saved: '/tmp/clearvla_eval_opaque_74646.png'
45:38.802  render           | Saved: '/tmp/clearvla_eval_opaque_74646.png'
45:39.199  render           | Saved: '/tmp/clearvla_eval_opaque_74646.png'
45:39.544  render           | Saved: '/tmp/clearvla_eval_opaque_74646.png'
45:39.942  render           | Saved: '/tmp/clearvla_eval_opaque_74646.png'
45:40.302  render           | Saved: '/tmp/clearvla_eval_opaque_74646.png'
45:40.715  render           | Saved: '/tmp/clearvla_eval_opaque_74646.png'
45:41.076  render           | Saved: '/tmp/clearvla_eval_opaque_74646.png'
45:41.507  render           | Saved: '/tmp/clearvla_eval_opaque_74646.png'
45:41.886  render           | Saved: '/tmp/clearvla_eval_opaque_74646.png'
45:42.365  render           | Saved: '/tmp/clearvla_eval_opaque_74646.png'
45:42.740  render           | Saved: '/tmp/clearvla_eval_opaque_74646.png'
45:43.205  render           | Saved: '/tmp/clearvla_eval_opaque_74646.png'
45:43.579  render           | Saved: '/tmp/clearvla_eval_opaque_74646.png'
45:44.038  render           | Saved: '/tmp/clearvla_eval_opaque_74646.png'
45:44.409  render           | Saved: '/tmp/clearvla_eval_opaque_74646.png'
45:44.875  render           | Saved: '/tmp/clearvla_eval_opaque_74646.png'
45:45.255  render           | Saved: '/tmp/clearvla_eval_opaque_74646.png'
45:45.720  render           | Saved: '/tmp/clearvla_eval_opaque_74646.png'
45:46.089  render           | Saved: '/tmp/clearvla_eval_opaque_74646.png'
45:46.547  render           | Saved: '/tmp/clearvla_eval_opaque_74646.png'
45:46.936  render           | Saved: '/tmp/clearvla_eval_opaque_74646.png'
45:47.409  render           | Saved: '/tmp/clearvla_eval_opaque_74646.png'
45:47.768  render           | Saved: '/tmp/clearvla_eval_opaque_74646.png'
45:48.238  render           | Saved: '/tmp/clearvla_eval_opaque_74646.png'
45:48.616  render           | Saved: '/tmp/clearvla_eval_opaque_74646.png'
45:49.084  render           | Saved: '/tmp/clearvla_eval_opaque_74646.png'
45:49.480  render           | Saved: '/tmp/clearvla_eval_opaque_74646.png'
45:49.926  render           | Saved: '/tmp/clearvla_eval_opaque_74646.png'
45:50.294  render           | Saved: '/tmp/clearvla_eval_opaque_74646.png'
45:50.763  render           | Saved: '/tmp/clearvla_eval_opaque_74646.png'
45:51.134  render           | Saved: '/tmp/clearvla_eval_opaque_74646.png'
45:51.601  render           | Saved: '/tmp/clearvla_eval_opaque_74646.png'
45:51.984  render           | Saved: '/tmp/clearvla_eval_opaque_74646.png'
45:52.822  render           | Saved: '/tmp/clearvla_eval_opaque_74646.png'
45:53.145  render           | Saved: '/tmp/clearvla_eval_opaque_74646.png'
45:53.602  render           | Saved: '/tmp/clearvla_eval_opaque_74646.png'
45:53.933  render           | Saved: '/tmp/clearvla_eval_opaque_74646.png'
45:54.403  render           | Saved: '/tmp/clearvla_eval_opaque_74646.png'
45:54.732  render           | Saved: '/tmp/clearvla_eval_opaque_74646.png'
45:55.211  render           | Saved: '/tmp/clearvla_eval_opaque_74646.png'
45:55.536  render           | Saved: '/tmp/clearvla_eval_opaque_74646.png'
45:55.985  render           | Saved: '/tmp/clearvla_eval_opaque_74646.png'
45:56.324  render           | Saved: '/tmp/clearvla_eval_opaque_74646.png'
45:56.782  render           | Saved: '/tmp/clearvla_eval_opaque_74646.png'
45:57.126  render           | Saved: '/tmp/clearvla_eval_opaque_74646.png'
45:57.547  render           | Saved: '/tmp/clearvla_eval_opaque_74646.png'
45:57.875  render           | Saved: '/tmp/clearvla_eval_opaque_74646.png'
45:58.339  render           | Saved: '/tmp/clearvla_eval_opaque_74646.png'
45:58.667  render           | Saved: '/tmp/clearvla_eval_opaque_74646.png'
45:59.128  render           | Saved: '/tmp/clearvla_eval_opaque_74646.png'
45:59.450  render           | Saved: '/tmp/clearvla_eval_opaque_74646.png'
45:59.900  render           | Saved: '/tmp/clearvla_eval_opaque_74646.png'
46:00.231  render           | Saved: '/tmp/clearvla_eval_opaque_74646.png'
46:00.677  render           | Saved: '/tmp/clearvla_eval_opaque_74646.png'
46:01.005  render           | Saved: '/tmp/clearvla_eval_opaque_74646.png'
46:01.449  render           | Saved: '/tmp/clearvla_eval_opaque_74646.png'
46:01.780  render           | Saved: '/tmp/clearvla_eval_opaque_74646.png'
46:02.235  render           | Saved: '/tmp/clearvla_eval_opaque_74646.png'
46:02.565  render           | Saved: '/tmp/clearvla_eval_opaque_74646.png'
46:03.010  render           | Saved: '/tmp/clearvla_eval_opaque_74646.png'
46:03.340  render           | Saved: '/tmp/clearvla_eval_opaque_74646.png'
46:03.804  render           | Saved: '/tmp/clearvla_eval_opaque_74646.png'
46:04.127  render           | Saved: '/tmp/clearvla_eval_opaque_74646.png'
46:04.580  render           | Saved: '/tmp/clearvla_eval_opaque_74646.png'
46:04.911  render           | Saved: '/tmp/clearvla_eval_opaque_74646.png'
46:05.353  render           | Saved: '/tmp/clearvla_eval_opaque_74646.png'
46:05.682  render           | Saved: '/tmp/clearvla_eval_opaque_74646.png'
46:06.132  render           | Saved: '/tmp/clearvla_eval_opaque_74646.png'
46:06.462  render           | Saved: '/tmp/clearvla_eval_opaque_74646.png'
46:06.882  render           | Saved: '/tmp/clearvla_eval_opaque_74646.png'
46:07.218  render           | Saved: '/tmp/clearvla_eval_opaque_74646.png'
46:07.621  render           | Saved: '/tmp/clearvla_eval_opaque_74646.png'
46:07.966  render           | Saved: '/tmp/clearvla_eval_opaque_74646.png'
46:08.357  render           | Saved: '/tmp/clearvla_eval_opaque_74646.png'
46:08.708  render           | Saved: '/tmp/clearvla_eval_opaque_74646.png'
46:09.107  render           | Saved: '/tmp/clearvla_eval_opaque_74646.png'
46:09.455  render           | Saved: '/tmp/clearvla_eval_opaque_74646.png'
46:09.881  render           | Saved: '/tmp/clearvla_eval_opaque_74646.png'
46:10.257  render           | Saved: '/tmp/clearvla_eval_opaque_74646.png'
46:10.718  render           | Saved: '/tmp/clearvla_eval_opaque_74646.png'
46:11.097  render           | Saved: '/tmp/clearvla_eval_opaque_74646.png'
46:11.560  render           | Saved: '/tmp/clearvla_eval_opaque_74646.png'
46:11.931  render           | Saved: '/tmp/clearvla_eval_opaque_74646.png'
46:12.383  render           | Saved: '/tmp/clearvla_eval_opaque_74646.png'
46:12.736  render           | Saved: '/tmp/clearvla_eval_opaque_74646.png'
46:13.199  render           | Saved: '/tmp/clearvla_eval_opaque_74646.png'
46:13.581  render           | Saved: '/tmp/clearvla_eval_opaque_74646.png'
46:14.080  render           | Saved: '/tmp/clearvla_eval_opaque_74646.png'
46:14.459  render           | Saved: '/tmp/clearvla_eval_opaque_74646.png'
46:14.920  render           | Saved: '/tmp/clearvla_eval_opaque_74646.png'
46:15.288  render           | Saved: '/tmp/clearvla_eval_opaque_74646.png'
46:15.749  render           | Saved: '/tmp/clearvla_eval_opaque_74646.png'
46:16.121  render           | Saved: '/tmp/clearvla_eval_opaque_74646.png'
46:16.570  render           | Saved: '/tmp/clearvla_eval_opaque_74646.png'
46:16.947  render           | Saved: '/tmp/clearvla_eval_opaque_74646.png'
46:17.409  render           | Saved: '/tmp/clearvla_eval_opaque_74646.png'
46:17.789  render           | Saved: '/tmp/clearvla_eval_opaque_74646.png'
46:18.251  render           | Saved: '/tmp/clearvla_eval_opaque_74646.png'
46:18.627  render           | Saved: '/tmp/clearvla_eval_opaque_74646.png'
46:19.091  render           | Saved: '/tmp/clearvla_eval_opaque_74646.png'
46:19.483  render           | Saved: '/tmp/clearvla_eval_opaque_74646.png'
46:19.984  render           | Saved: '/tmp/clearvla_eval_opaque_74646.png'
46:20.401  render           | Saved: '/tmp/clearvla_eval_opaque_74646.png'
46:20.880  render           | Saved: '/tmp/clearvla_eval_opaque_74646.png'
46:21.259  render           | Saved: '/tmp/clearvla_eval_opaque_74646.png'
46:21.739  render           | Saved: '/tmp/clearvla_eval_opaque_74646.png'
46:22.116  render           | Saved: '/tmp/clearvla_eval_opaque_74646.png'
46:22.575  render           | Saved: '/tmp/clearvla_eval_opaque_74646.png'
46:22.952  render           | Saved: '/tmp/clearvla_eval_opaque_74646.png'
46:23.785  render           | Saved: '/tmp/clearvla_eval_opaque_74646.png'
46:24.117  render           | Saved: '/tmp/clearvla_eval_opaque_74646.png'
46:24.579  render           | Saved: '/tmp/clearvla_eval_opaque_74646.png'
46:24.904  render           | Saved: '/tmp/clearvla_eval_opaque_74646.png'
46:25.364  render           | Saved: '/tmp/clearvla_eval_opaque_74646.png'
46:25.706  render           | Saved: '/tmp/clearvla_eval_opaque_74646.png'
46:26.164  render           | Saved: '/tmp/clearvla_eval_opaque_74646.png'
46:26.508  render           | Saved: '/tmp/clearvla_eval_opaque_74646.png'
46:26.940  render           | Saved: '/tmp/clearvla_eval_opaque_74646.png'
46:27.275  render           | Saved: '/tmp/clearvla_eval_opaque_74646.png'
46:27.708  render           | Saved: '/tmp/clearvla_eval_opaque_74646.png'
46:28.044  render           | Saved: '/tmp/clearvla_eval_opaque_74646.png'
46:28.509  render           | Saved: '/tmp/clearvla_eval_opaque_74646.png'
46:28.828  render           | Saved: '/tmp/clearvla_eval_opaque_74646.png'
46:29.291  render           | Saved: '/tmp/clearvla_eval_opaque_74646.png'
46:29.617  render           | Saved: '/tmp/clearvla_eval_opaque_74646.png'
46:30.058  render           | Saved: '/tmp/clearvla_eval_opaque_74646.png'
46:30.387  render           | Saved: '/tmp/clearvla_eval_opaque_74646.png'
46:30.852  render           | Saved: '/tmp/clearvla_eval_opaque_74646.png'
46:31.196  render           | Saved: '/tmp/clearvla_eval_opaque_74646.png'
46:31.619  render           | Saved: '/tmp/clearvla_eval_opaque_74646.png'
46:31.958  render           | Saved: '/tmp/clearvla_eval_opaque_74646.png'
46:32.405  render           | Saved: '/tmp/clearvla_eval_opaque_74646.png'
46:32.732  render           | Saved: '/tmp/clearvla_eval_opaque_74646.png'
46:33.191  render           | Saved: '/tmp/clearvla_eval_opaque_74646.png'
46:33.521  render           | Saved: '/tmp/clearvla_eval_opaque_74646.png'
46:33.987  render           | Saved: '/tmp/clearvla_eval_opaque_74646.png'
46:34.334  render           | Saved: '/tmp/clearvla_eval_opaque_74646.png'
46:34.768  render           | Saved: '/tmp/clearvla_eval_opaque_74646.png'
46:35.096  render           | Saved: '/tmp/clearvla_eval_opaque_74646.png'
46:35.562  render           | Saved: '/tmp/clearvla_eval_opaque_74646.png'
46:35.888  render           | Saved: '/tmp/clearvla_eval_opaque_74646.png'
46:36.354  render           | Saved: '/tmp/clearvla_eval_opaque_74646.png'
46:36.686  render           | Saved: '/tmp/clearvla_eval_opaque_74646.png'
46:37.134  render           | Saved: '/tmp/clearvla_eval_opaque_74646.png'
46:37.469  render           | Saved: '/tmp/clearvla_eval_opaque_74646.png'
46:37.909  render           | Saved: '/tmp/clearvla_eval_opaque_74646.png'
46:38.270  render           | Saved: '/tmp/clearvla_eval_opaque_74646.png'
46:38.699  render           | Saved: '/tmp/clearvla_eval_opaque_74646.png'
46:39.073  render           | Saved: '/tmp/clearvla_eval_opaque_74646.png'
46:39.538  render           | Saved: '/tmp/clearvla_eval_opaque_74646.png'
46:39.909  render           | Saved: '/tmp/clearvla_eval_opaque_74646.png'
46:40.360  render           | Saved: '/tmp/clearvla_eval_opaque_74646.png'
46:40.737  render           | Saved: '/tmp/clearvla_eval_opaque_74646.png'
46:41.201  render           | Saved: '/tmp/clearvla_eval_opaque_74646.png'
46:41.583  render           | Saved: '/tmp/clearvla_eval_opaque_74646.png'
46:42.054  render           | Saved: '/tmp/clearvla_eval_opaque_74646.png'
46:42.435  render           | Saved: '/tmp/clearvla_eval_opaque_74646.png'
46:42.899  render           | Saved: '/tmp/clearvla_eval_opaque_74646.png'
46:43.275  render           | Saved: '/tmp/clearvla_eval_opaque_74646.png'
46:43.733  render           | Saved: '/tmp/clearvla_eval_opaque_74646.png'
46:44.102  render           | Saved: '/tmp/clearvla_eval_opaque_74646.png'
46:44.561  render           | Saved: '/tmp/clearvla_eval_opaque_74646.png'
46:44.939  render           | Saved: '/tmp/clearvla_eval_opaque_74646.png'
46:45.398  render           | Saved: '/tmp/clearvla_eval_opaque_74646.png'
46:45.770  render           | Saved: '/tmp/clearvla_eval_opaque_74646.png'
46:46.239  render           | Saved: '/tmp/clearvla_eval_opaque_74646.png'
46:46.617  render           | Saved: '/tmp/clearvla_eval_opaque_74646.png'
46:47.080  render           | Saved: '/tmp/clearvla_eval_opaque_74646.png'
46:47.470  render           | Saved: '/tmp/clearvla_eval_opaque_74646.png'
46:47.943  render           | Saved: '/tmp/clearvla_eval_opaque_74646.png'
46:48.309  render           | Saved: '/tmp/clearvla_eval_opaque_74646.png'
46:48.775  render           | Saved: '/tmp/clearvla_eval_opaque_74646.png'
46:49.147  render           | Saved: '/tmp/clearvla_eval_opaque_74646.png'
46:49.618  render           | Saved: '/tmp/clearvla_eval_opaque_74646.png'
46:49.992  render           | Saved: '/tmp/clearvla_eval_opaque_74646.png'
46:50.454  render           | Saved: '/tmp/clearvla_eval_opaque_74646.png'
46:50.824  render           | Saved: '/tmp/clearvla_eval_opaque_74646.png'
46:51.302  render           | Saved: '/tmp/clearvla_eval_opaque_74646.png'
46:51.708  render           | Saved: '/tmp/clearvla_eval_opaque_74646.png'
46:52.204  render           | Saved: '/tmp/clearvla_eval_opaque_74646.png'
46:52.589  render           | Saved: '/tmp/clearvla_eval_opaque_74646.png'
46:53.051  render           | Saved: '/tmp/clearvla_eval_opaque_74646.png'
46:53.425  render           | Saved: '/tmp/clearvla_eval_opaque_74646.png'
46:53.889  render           | Saved: '/tmp/clearvla_eval_opaque_74646.png'
46:54.258  render           | Saved: '/tmp/clearvla_eval_opaque_74646.png'
46:55.097  render           | Saved: '/tmp/clearvla_eval_opaque_74646.png'
46:55.421  render           | Saved: '/tmp/clearvla_eval_opaque_74646.png'
46:55.866  render           | Saved: '/tmp/clearvla_eval_opaque_74646.png'
46:56.195  render           | Saved: '/tmp/clearvla_eval_opaque_74646.png'
46:56.638  render           | Saved: '/tmp/clearvla_eval_opaque_74646.png'
46:56.969  render           | Saved: '/tmp/clearvla_eval_opaque_74646.png'
46:57.412  render           | Saved: '/tmp/clearvla_eval_opaque_74646.png'
46:57.741  render           | Saved: '/tmp/clearvla_eval_opaque_74646.png'
46:58.191  render           | Saved: '/tmp/clearvla_eval_opaque_74646.png'
46:58.516  render           | Saved: '/tmp/clearvla_eval_opaque_74646.png'
46:58.955  render           | Saved: '/tmp/clearvla_eval_opaque_74646.png'
46:59.293  render           | Saved: '/tmp/clearvla_eval_opaque_74646.png'
46:59.753  render           | Saved: '/tmp/clearvla_eval_opaque_74646.png'
47:00.100  render           | Saved: '/tmp/clearvla_eval_opaque_74646.png'
47:00.521  render           | Saved: '/tmp/clearvla_eval_opaque_74646.png'
47:00.851  render           | Saved: '/tmp/clearvla_eval_opaque_74646.png'
47:01.316  render           | Saved: '/tmp/clearvla_eval_opaque_74646.png'
47:01.660  render           | Saved: '/tmp/clearvla_eval_opaque_74646.png'
47:02.103  render           | Saved: '/tmp/clearvla_eval_opaque_74646.png'
47:02.433  render           | Saved: '/tmp/clearvla_eval_opaque_74646.png'
47:02.888  render           | Saved: '/tmp/clearvla_eval_opaque_74646.png'
47:03.214  render           | Saved: '/tmp/clearvla_eval_opaque_74646.png'
47:03.663  render           | Saved: '/tmp/clearvla_eval_opaque_74646.png'
47:03.988  render           | Saved: '/tmp/clearvla_eval_opaque_74646.png'
47:04.451  render           | Saved: '/tmp/clearvla_eval_opaque_74646.png'
47:04.777  render           | Saved: '/tmp/clearvla_eval_opaque_74646.png'
47:05.227  render           | Saved: '/tmp/clearvla_eval_opaque_74646.png'
47:05.564  render           | Saved: '/tmp/clearvla_eval_opaque_74646.png'
47:06.026  render           | Saved: '/tmp/clearvla_eval_opaque_74646.png'
47:06.349  render           | Saved: '/tmp/clearvla_eval_opaque_74646.png'
47:06.806  render           | Saved: '/tmp/clearvla_eval_opaque_74646.png'
47:07.131  render           | Saved: '/tmp/clearvla_eval_opaque_74646.png'
47:07.574  render           | Saved: '/tmp/clearvla_eval_opaque_74646.png'
47:07.905  render           | Saved: '/tmp/clearvla_eval_opaque_74646.png'
47:08.352  render           | Saved: '/tmp/clearvla_eval_opaque_74646.png'
47:08.681  render           | Saved: '/tmp/clearvla_eval_opaque_74646.png'
47:09.105  render           | Saved: '/tmp/clearvla_eval_opaque_74646.png'
47:09.467  render           | Saved: '/tmp/clearvla_eval_opaque_74646.png'
47:09.927  render           | Saved: '/tmp/clearvla_eval_opaque_74646.png'
47:10.303  render           | Saved: '/tmp/clearvla_eval_opaque_74646.png'
47:10.761  render           | Saved: '/tmp/clearvla_eval_opaque_74646.png'
47:11.131  render           | Saved: '/tmp/clearvla_eval_opaque_74646.png'
47:11.595  render           | Saved: '/tmp/clearvla_eval_opaque_74646.png'
47:11.973  render           | Saved: '/tmp/clearvla_eval_opaque_74646.png'
47:12.433  render           | Saved: '/tmp/clearvla_eval_opaque_74646.png'
47:12.813  render           | Saved: '/tmp/clearvla_eval_opaque_74646.png'
47:13.271  render           | Saved: '/tmp/clearvla_eval_opaque_74646.png'
47:13.642  render           | Saved: '/tmp/clearvla_eval_opaque_74646.png'
47:14.106  render           | Saved: '/tmp/clearvla_eval_opaque_74646.png'
47:14.503  render           | Saved: '/tmp/clearvla_eval_opaque_74646.png'
47:14.986  render           | Saved: '/tmp/clearvla_eval_opaque_74646.png'
47:15.367  render           | Saved: '/tmp/clearvla_eval_opaque_74646.png'
47:15.826  render           | Saved: '/tmp/clearvla_eval_opaque_74646.png'
47:16.197  render           | Saved: '/tmp/clearvla_eval_opaque_74646.png'
47:16.663  render           | Saved: '/tmp/clearvla_eval_opaque_74646.png'
47:17.051  render           | Saved: '/tmp/clearvla_eval_opaque_74646.png'
47:17.519  render           | Saved: '/tmp/clearvla_eval_opaque_74646.png'
47:17.912  render           | Saved: '/tmp/clearvla_eval_opaque_74646.png'
47:18.358  render           | Saved: '/tmp/clearvla_eval_opaque_74646.png'
47:18.723  render           | Saved: '/tmp/clearvla_eval_opaque_74646.png'
47:19.196  render           | Saved: '/tmp/clearvla_eval_opaque_74646.png'
47:19.576  render           | Saved: '/tmp/clearvla_eval_opaque_74646.png'
47:20.040  render           | Saved: '/tmp/clearvla_eval_opaque_74646.png'
47:20.411  render           | Saved: '/tmp/clearvla_eval_opaque_74646.png'
47:20.897  render           | Saved: '/tmp/clearvla_eval_opaque_74646.png'
47:21.263  render           | Saved: '/tmp/clearvla_eval_opaque_74646.png'
47:21.703  render           | Saved: '/tmp/clearvla_eval_opaque_74646.png'
47:22.096  render           | Saved: '/tmp/clearvla_eval_opaque_74646.png'
47:22.578  render           | Saved: '/tmp/clearvla_eval_opaque_74646.png'
47:22.969  render           | Saved: '/tmp/clearvla_eval_opaque_74646.png'
47:23.449  render           | Saved: '/tmp/clearvla_eval_opaque_74646.png'
47:23.840  render           | Saved: '/tmp/clearvla_eval_opaque_74646.png'
47:24.286  render           | Saved: '/tmp/clearvla_eval_opaque_74646.png'
47:24.658  render           | Saved: '/tmp/clearvla_eval_opaque_74646.png'
47:25.114  render           | Saved: '/tmp/clearvla_eval_opaque_74646.png'
47:25.484  render           | Saved: '/tmp/clearvla_eval_opaque_74646.png'
47:26.329  render           | Saved: '/tmp/clearvla_eval_opaque_74646.png'
47:26.658  render           | Saved: '/tmp/clearvla_eval_opaque_74646.png'
47:27.121  render           | Saved: '/tmp/clearvla_eval_opaque_74646.png'
47:27.454  render           | Saved: '/tmp/clearvla_eval_opaque_74646.png'
47:27.897  render           | Saved: '/tmp/clearvla_eval_opaque_74646.png'
47:28.227  render           | Saved: '/tmp/clearvla_eval_opaque_74646.png'
47:28.652  render           | Saved: '/tmp/clearvla_eval_opaque_74646.png'
47:28.981  render           | Saved: '/tmp/clearvla_eval_opaque_74646.png'
47:29.427  render           | Saved: '/tmp/clearvla_eval_opaque_74646.png'
47:29.762  render           | Saved: '/tmp/clearvla_eval_opaque_74646.png'
47:30.221  render           | Saved: '/tmp/clearvla_eval_opaque_74646.png'
47:30.549  render           | Saved: '/tmp/clearvla_eval_opaque_74646.png'
47:31.009  render           | Saved: '/tmp/clearvla_eval_opaque_74646.png'
47:31.355  render           | Saved: '/tmp/clearvla_eval_opaque_74646.png'
47:31.788  render           | Saved: '/tmp/clearvla_eval_opaque_74646.png'
47:32.113  render           | Saved: '/tmp/clearvla_eval_opaque_74646.png'
47:32.591  render           | Saved: '/tmp/clearvla_eval_opaque_74646.png'
47:32.917  render           | Saved: '/tmp/clearvla_eval_opaque_74646.png'
47:33.400  render           | Saved: '/tmp/clearvla_eval_opaque_74646.png'
47:33.718  render           | Saved: '/tmp/clearvla_eval_opaque_74646.png'
47:34.158  render           | Saved: '/tmp/clearvla_eval_opaque_74646.png'
47:34.487  render           | Saved: '/tmp/clearvla_eval_opaque_74646.png'
47:34.931  render           | Saved: '/tmp/clearvla_eval_opaque_74646.png'
47:35.259  render           | Saved: '/tmp/clearvla_eval_opaque_74646.png'
47:35.703  render           | Saved: '/tmp/clearvla_eval_opaque_74646.png'
47:36.033  render           | Saved: '/tmp/clearvla_eval_opaque_74646.png'
47:36.496  render           | Saved: '/tmp/clearvla_eval_opaque_74646.png'
47:36.819  render           | Saved: '/tmp/clearvla_eval_opaque_74646.png'
47:37.279  render           | Saved: '/tmp/clearvla_eval_opaque_74646.png'
47:37.606  render           | Saved: '/tmp/clearvla_eval_opaque_74646.png'
47:38.035  render           | Saved: '/tmp/clearvla_eval_opaque_74646.png'
47:38.373  render           | Saved: '/tmp/clearvla_eval_opaque_74646.png'
47:38.814  render           | Saved: '/tmp/clearvla_eval_opaque_74646.png'
47:39.138  render           | Saved: '/tmp/clearvla_eval_opaque_74646.png'
47:39.582  render           | Saved: '/tmp/clearvla_eval_opaque_74646.png'
47:39.907  render           | Saved: '/tmp/clearvla_eval_opaque_74646.png'
47:40.327  render           | Saved: '/tmp/clearvla_eval_opaque_74646.png'
47:40.671  render           | Saved: '/tmp/clearvla_eval_opaque_74646.png'
47:41.060  render           | Saved: '/tmp/clearvla_eval_opaque_74646.png'
47:41.407  render           | Saved: '/tmp/clearvla_eval_opaque_74646.png'
47:41.806  render           | Saved: '/tmp/clearvla_eval_opaque_74646.png'
47:42.166  render           | Saved: '/tmp/clearvla_eval_opaque_74646.png'
47:42.589  render           | Saved: '/tmp/clearvla_eval_opaque_74646.png'
47:42.960  render           | Saved: '/tmp/clearvla_eval_opaque_74646.png'
47:43.418  render           | Saved: '/tmp/clearvla_eval_opaque_74646.png'
47:43.788  render           | Saved: '/tmp/clearvla_eval_opaque_74646.png'
47:44.243  render           | Saved: '/tmp/clearvla_eval_opaque_74646.png'
47:44.612  render           | Saved: '/tmp/clearvla_eval_opaque_74646.png'
47:45.057  render           | Saved: '/tmp/clearvla_eval_opaque_74646.png'
47:45.433  render           | Saved: '/tmp/clearvla_eval_opaque_74646.png'
47:45.895  render           | Saved: '/tmp/clearvla_eval_opaque_74646.png'
47:46.263  render           | Saved: '/tmp/clearvla_eval_opaque_74646.png'
47:46.726  render           | Saved: '/tmp/clearvla_eval_opaque_74646.png'
47:47.096  render           | Saved: '/tmp/clearvla_eval_opaque_74646.png'
47:47.554  render           | Saved: '/tmp/clearvla_eval_opaque_74646.png'
47:47.933  render           | Saved: '/tmp/clearvla_eval_opaque_74646.png'
47:48.402  render           | Saved: '/tmp/clearvla_eval_opaque_74646.png'
47:48.770  render           | Saved: '/tmp/clearvla_eval_opaque_74646.png'
47:49.233  render           | Saved: '/tmp/clearvla_eval_opaque_74646.png'
47:49.618  render           | Saved: '/tmp/clearvla_eval_opaque_74646.png'
47:50.052  render           | Saved: '/tmp/clearvla_eval_opaque_74646.png'
47:50.429  render           | Saved: '/tmp/clearvla_eval_opaque_74646.png'
47:50.890  render           | Saved: '/tmp/clearvla_eval_opaque_74646.png'
47:51.282  render           | Saved: '/tmp/clearvla_eval_opaque_74646.png'
47:51.728  render           | Saved: '/tmp/clearvla_eval_opaque_74646.png'
47:52.106  render           | Saved: '/tmp/clearvla_eval_opaque_74646.png'
47:52.578  render           | Saved: '/tmp/clearvla_eval_opaque_74646.png'
47:52.970  render           | Saved: '/tmp/clearvla_eval_opaque_74646.png'
47:53.437  render           | Saved: '/tmp/clearvla_eval_opaque_74646.png'
47:53.828  render           | Saved: '/tmp/clearvla_eval_opaque_74646.png'
47:54.291  render           | Saved: '/tmp/clearvla_eval_opaque_74646.png'
47:54.689  render           | Saved: '/tmp/clearvla_eval_opaque_74646.png'
47:55.160  render           | Saved: '/tmp/clearvla_eval_opaque_74646.png'
47:55.526  render           | Saved: '/tmp/clearvla_eval_opaque_74646.png'
47:55.999  render           | Saved: '/tmp/clearvla_eval_opaque_74646.png'
47:56.373  render           | Saved: '/tmp/clearvla_eval_opaque_74646.png'
47:57.198  render           | Saved: '/tmp/clearvla_eval_opaque_74646.png'
47:57.521  render           | Saved: '/tmp/clearvla_eval_opaque_74646.png'
47:57.964  render           | Saved: '/tmp/clearvla_eval_opaque_74646.png'
47:58.293  render           | Saved: '/tmp/clearvla_eval_opaque_74646.png'
47:58.734  render           | Saved: '/tmp/clearvla_eval_opaque_74646.png'
47:59.061  render           | Saved: '/tmp/clearvla_eval_opaque_74646.png'
47:59.506  render           | Saved: '/tmp/clearvla_eval_opaque_74646.png'
47:59.830  render           | Saved: '/tmp/clearvla_eval_opaque_74646.png'
48:00.284  render           | Saved: '/tmp/clearvla_eval_opaque_74646.png'
48:00.609  render           | Saved: '/tmp/clearvla_eval_opaque_74646.png'
48:01.057  render           | Saved: '/tmp/clearvla_eval_opaque_74646.png'
48:01.393  render           | Saved: '/tmp/clearvla_eval_opaque_74646.png'
48:01.841  render           | Saved: '/tmp/clearvla_eval_opaque_74646.png'
48:02.165  render           | Saved: '/tmp/clearvla_eval_opaque_74646.png'
48:02.606  render           | Saved: '/tmp/clearvla_eval_opaque_74646.png'
48:02.933  render           | Saved: '/tmp/clearvla_eval_opaque_74646.png'
48:03.375  render           | Saved: '/tmp/clearvla_eval_opaque_74646.png'
48:03.701  render           | Saved: '/tmp/clearvla_eval_opaque_74646.png'
48:04.162  render           | Saved: '/tmp/clearvla_eval_opaque_74646.png'
48:04.484  render           | Saved: '/tmp/clearvla_eval_opaque_74646.png'
48:04.947  render           | Saved: '/tmp/clearvla_eval_opaque_74646.png'
48:05.275  render           | Saved: '/tmp/clearvla_eval_opaque_74646.png'
48:05.717  render           | Saved: '/tmp/clearvla_eval_opaque_74646.png'
48:06.051  render           | Saved: '/tmp/clearvla_eval_opaque_74646.png'
48:06.493  render           | Saved: '/tmp/clearvla_eval_opaque_74646.png'
48:06.820  render           | Saved: '/tmp/clearvla_eval_opaque_74646.png'
48:07.285  render           | Saved: '/tmp/clearvla_eval_opaque_74646.png'
48:07.612  render           | Saved: '/tmp/clearvla_eval_opaque_74646.png'
48:08.088  render           | Saved: '/tmp/clearvla_eval_opaque_74646.png'
48:08.410  render           | Saved: '/tmp/clearvla_eval_opaque_74646.png'
48:08.870  render           | Saved: '/tmp/clearvla_eval_opaque_74646.png'
48:09.193  render           | Saved: '/tmp/clearvla_eval_opaque_74646.png'
48:09.641  render           | Saved: '/tmp/clearvla_eval_opaque_74646.png'
48:09.975  render           | Saved: '/tmp/clearvla_eval_opaque_74646.png'
48:10.420  render           | Saved: '/tmp/clearvla_eval_opaque_74646.png'
48:10.749  render           | Saved: '/tmp/clearvla_eval_opaque_74646.png'
48:11.179  render           | Saved: '/tmp/clearvla_eval_opaque_74646.png'
48:11.527  render           | Saved: '/tmp/clearvla_eval_opaque_74646.png'
48:11.920  render           | Saved: '/tmp/clearvla_eval_opaque_74646.png'
48:12.261  render           | Saved: '/tmp/clearvla_eval_opaque_74646.png'
48:12.675  render           | Saved: '/tmp/clearvla_eval_opaque_74646.png'
48:13.023  render           | Saved: '/tmp/clearvla_eval_opaque_74646.png'
48:13.424  render           | Saved: '/tmp/clearvla_eval_opaque_74646.png'
48:13.764  render           | Saved: '/tmp/clearvla_eval_opaque_74646.png'
48:14.154  render           | Saved: '/tmp/clearvla_eval_opaque_74646.png'
48:14.500  render           | Saved: '/tmp/clearvla_eval_opaque_74646.png'
48:14.895  render           | Saved: '/tmp/clearvla_eval_opaque_74646.png'
48:15.240  render           | Saved: '/tmp/clearvla_eval_opaque_74646.png'
48:15.630  render           | Saved: '/tmp/clearvla_eval_opaque_74646.png'
48:15.972  render           | Saved: '/tmp/clearvla_eval_opaque_74646.png'
48:16.364  render           | Saved: '/tmp/clearvla_eval_opaque_74646.png'
48:16.717  render           | Saved: '/tmp/clearvla_eval_opaque_74646.png'
48:17.127  render           | Saved: '/tmp/clearvla_eval_opaque_74646.png'
48:17.482  render           | Saved: '/tmp/clearvla_eval_opaque_74646.png'
48:17.946  render           | Saved: '/tmp/clearvla_eval_opaque_74646.png'
48:18.331  render           | Saved: '/tmp/clearvla_eval_opaque_74646.png'
48:18.793  render           | Saved: '/tmp/clearvla_eval_opaque_74646.png'
48:19.174  render           | Saved: '/tmp/clearvla_eval_opaque_74646.png'
48:19.651  render           | Saved: '/tmp/clearvla_eval_opaque_74646.png'
48:20.029  render           | Saved: '/tmp/clearvla_eval_opaque_74646.png'
48:20.467  render           | Saved: '/tmp/clearvla_eval_opaque_74646.png'
48:20.855  render           | Saved: '/tmp/clearvla_eval_opaque_74646.png'
48:21.314  render           | Saved: '/tmp/clearvla_eval_opaque_74646.png'
48:21.707  render           | Saved: '/tmp/clearvla_eval_opaque_74646.png'
48:22.180  render           | Saved: '/tmp/clearvla_eval_opaque_74646.png'
48:22.548  render           | Saved: '/tmp/clearvla_eval_opaque_74646.png'
48:23.022  render           | Saved: '/tmp/clearvla_eval_opaque_74646.png'
48:23.380  render           | Saved: '/tmp/clearvla_eval_opaque_74646.png'
48:23.837  render           | Saved: '/tmp/clearvla_eval_opaque_74646.png'
48:24.206  render           | Saved: '/tmp/clearvla_eval_opaque_74646.png'
48:24.665  render           | Saved: '/tmp/clearvla_eval_opaque_74646.png'
48:25.056  render           | Saved: '/tmp/clearvla_eval_opaque_74646.png'
48:25.533  render           | Saved: '/tmp/clearvla_eval_opaque_74646.png'
48:25.911  render           | Saved: '/tmp/clearvla_eval_opaque_74646.png'
48:26.367  render           | Saved: '/tmp/clearvla_eval_opaque_74646.png'
48:26.726  render           | Saved: '/tmp/clearvla_eval_opaque_74646.png'
48:27.575  render           | Saved: '/tmp/clearvla_eval_opaque_74646.png'
48:27.902  render           | Saved: '/tmp/clearvla_eval_opaque_74646.png'
48:28.370  render           | Saved: '/tmp/clearvla_eval_opaque_74646.png'
48:28.696  render           | Saved: '/tmp/clearvla_eval_opaque_74646.png'
48:29.164  render           | Saved: '/tmp/clearvla_eval_opaque_74646.png'
48:29.492  render           | Saved: '/tmp/clearvla_eval_opaque_74646.png'
48:29.971  render           | Saved: '/tmp/clearvla_eval_opaque_74646.png'
48:30.293  render           | Saved: '/tmp/clearvla_eval_opaque_74646.png'
48:30.760  render           | Saved: '/tmp/clearvla_eval_opaque_74646.png'
48:31.085  render           | Saved: '/tmp/clearvla_eval_opaque_74646.png'
48:31.527  render           | Saved: '/tmp/clearvla_eval_opaque_74646.png'
48:31.862  render           | Saved: '/tmp/clearvla_eval_opaque_74646.png'
48:32.278  render           | Saved: '/tmp/clearvla_eval_opaque_74646.png'
48:32.611  render           | Saved: '/tmp/clearvla_eval_opaque_74646.png'
48:33.042  render           | Saved: '/tmp/clearvla_eval_opaque_74646.png'
48:33.388  render           | Saved: '/tmp/clearvla_eval_opaque_74646.png'
48:33.828  render           | Saved: '/tmp/clearvla_eval_opaque_74646.png'
48:34.158  render           | Saved: '/tmp/clearvla_eval_opaque_74646.png'
48:34.571  render           | Saved: '/tmp/clearvla_eval_opaque_74646.png'
48:34.900  render           | Saved: '/tmp/clearvla_eval_opaque_74646.png'
48:35.321  render           | Saved: '/tmp/clearvla_eval_opaque_74646.png'
48:35.651  render           | Saved: '/tmp/clearvla_eval_opaque_74646.png'
48:36.079  render           | Saved: '/tmp/clearvla_eval_opaque_74646.png'
48:36.411  render           | Saved: '/tmp/clearvla_eval_opaque_74646.png'
48:36.841  render           | Saved: '/tmp/clearvla_eval_opaque_74646.png'
48:37.174  render           | Saved: '/tmp/clearvla_eval_opaque_74646.png'
48:37.613  render           | Saved: '/tmp/clearvla_eval_opaque_74646.png'
48:37.941  render           | Saved: '/tmp/clearvla_eval_opaque_74646.png'
48:38.373  render           | Saved: '/tmp/clearvla_eval_opaque_74646.png'
48:38.702  render           | Saved: '/tmp/clearvla_eval_opaque_74646.png'
48:39.130  render           | Saved: '/tmp/clearvla_eval_opaque_74646.png'
48:39.467  render           | Saved: '/tmp/clearvla_eval_opaque_74646.png'
48:39.910  render           | Saved: '/tmp/clearvla_eval_opaque_74646.png'
48:40.239  render           | Saved: '/tmp/clearvla_eval_opaque_74646.png'
48:40.685  render           | Saved: '/tmp/clearvla_eval_opaque_74646.png'
48:41.014  render           | Saved: '/tmp/clearvla_eval_opaque_74646.png'
48:41.432  render           | Saved: '/tmp/clearvla_eval_opaque_74646.png'
48:41.778  render           | Saved: '/tmp/clearvla_eval_opaque_74646.png'
48:42.170  render           | Saved: '/tmp/clearvla_eval_opaque_74646.png'
48:42.514  render           | Saved: '/tmp/clearvla_eval_opaque_74646.png'
48:42.905  render           | Saved: '/tmp/clearvla_eval_opaque_74646.png'
48:43.249  render           | Saved: '/tmp/clearvla_eval_opaque_74646.png'
48:43.640  render           | Saved: '/tmp/clearvla_eval_opaque_74646.png'
48:43.984  render           | Saved: '/tmp/clearvla_eval_opaque_74646.png'
48:44.381  render           | Saved: '/tmp/clearvla_eval_opaque_74646.png'
48:44.720  render           | Saved: '/tmp/clearvla_eval_opaque_74646.png'
48:45.117  render           | Saved: '/tmp/clearvla_eval_opaque_74646.png'
48:45.467  render           | Saved: '/tmp/clearvla_eval_opaque_74646.png'
48:45.881  render           | Saved: '/tmp/clearvla_eval_opaque_74646.png'
48:46.235  render           | Saved: '/tmp/clearvla_eval_opaque_74646.png'
48:46.655  render           | Saved: '/tmp/clearvla_eval_opaque_74646.png'
48:47.016  render           | Saved: '/tmp/clearvla_eval_opaque_74646.png'
48:47.470  render           | Saved: '/tmp/clearvla_eval_opaque_74646.png'
48:47.839  render           | Saved: '/tmp/clearvla_eval_opaque_74646.png'
48:48.300  render           | Saved: '/tmp/clearvla_eval_opaque_74646.png'
48:48.689  render           | Saved: '/tmp/clearvla_eval_opaque_74646.png'
48:49.168  render           | Saved: '/tmp/clearvla_eval_opaque_74646.png'
48:49.539  render           | Saved: '/tmp/clearvla_eval_opaque_74646.png'
48:50.010  render           | Saved: '/tmp/clearvla_eval_opaque_74646.png'
48:50.376  render           | Saved: '/tmp/clearvla_eval_opaque_74646.png'
48:50.819  render           | Saved: '/tmp/clearvla_eval_opaque_74646.png'
48:51.195  render           | Saved: '/tmp/clearvla_eval_opaque_74646.png'
48:51.659  render           | Saved: '/tmp/clearvla_eval_opaque_74646.png'
48:52.030  render           | Saved: '/tmp/clearvla_eval_opaque_74646.png'
48:52.497  render           | Saved: '/tmp/clearvla_eval_opaque_74646.png'
48:52.866  render           | Saved: '/tmp/clearvla_eval_opaque_74646.png'
48:53.331  render           | Saved: '/tmp/clearvla_eval_opaque_74646.png'
48:53.695  render           | Saved: '/tmp/clearvla_eval_opaque_74646.png'
48:54.175  render           | Saved: '/tmp/clearvla_eval_opaque_74646.png'
48:54.558  render           | Saved: '/tmp/clearvla_eval_opaque_74646.png'
48:55.003  render           | Saved: '/tmp/clearvla_eval_opaque_74646.png'
48:55.373  render           | Saved: '/tmp/clearvla_eval_opaque_74646.png'
48:55.842  render           | Saved: '/tmp/clearvla_eval_opaque_74646.png'
48:56.224  render           | Saved: '/tmp/clearvla_eval_opaque_74646.png'
48:56.713  render           | Saved: '/tmp/clearvla_eval_opaque_74646.png'
48:57.106  render           | Saved: '/tmp/clearvla_eval_opaque_74646.png'
48:57.937  render           | Saved: '/tmp/clearvla_eval_opaque_74646.png'
48:58.263  render           | Saved: '/tmp/clearvla_eval_opaque_74646.png'
48:58.723  render           | Saved: '/tmp/clearvla_eval_opaque_74646.png'
48:59.052  render           | Saved: '/tmp/clearvla_eval_opaque_74646.png'
48:59.510  render           | Saved: '/tmp/clearvla_eval_opaque_74646.png'
48:59.838  render           | Saved: '/tmp/clearvla_eval_opaque_74646.png'
49:00.305  render           | Saved: '/tmp/clearvla_eval_opaque_74646.png'
49:00.630  render           | Saved: '/tmp/clearvla_eval_opaque_74646.png'
49:01.069  render           | Saved: '/tmp/clearvla_eval_opaque_74646.png'
49:01.401  render           | Saved: '/tmp/clearvla_eval_opaque_74646.png'
49:01.852  render           | Saved: '/tmp/clearvla_eval_opaque_74646.png'
49:02.183  render           | Saved: '/tmp/clearvla_eval_opaque_74646.png'
49:02.640  render           | Saved: '/tmp/clearvla_eval_opaque_74646.png'
49:02.966  render           | Saved: '/tmp/clearvla_eval_opaque_74646.png'
49:03.435  render           | Saved: '/tmp/clearvla_eval_opaque_74646.png'
49:03.756  render           | Saved: '/tmp/clearvla_eval_opaque_74646.png'
49:04.216  render           | Saved: '/tmp/clearvla_eval_opaque_74646.png'
49:04.546  render           | Saved: '/tmp/clearvla_eval_opaque_74646.png'
49:05.007  render           | Saved: '/tmp/clearvla_eval_opaque_74646.png'
49:05.334  render           | Saved: '/tmp/clearvla_eval_opaque_74646.png'
49:05.800  render           | Saved: '/tmp/clearvla_eval_opaque_74646.png'
49:06.127  render           | Saved: '/tmp/clearvla_eval_opaque_74646.png'
49:06.603  render           | Saved: '/tmp/clearvla_eval_opaque_74646.png'
49:06.921  render           | Saved: '/tmp/clearvla_eval_opaque_74646.png'
49:07.360  render           | Saved: '/tmp/clearvla_eval_opaque_74646.png'
49:07.686  render           | Saved: '/tmp/clearvla_eval_opaque_74646.png'
49:08.145  render           | Saved: '/tmp/clearvla_eval_opaque_74646.png'
49:08.470  render           | Saved: '/tmp/clearvla_eval_opaque_74646.png'
49:08.929  render           | Saved: '/tmp/clearvla_eval_opaque_74646.png'
49:09.256  render           | Saved: '/tmp/clearvla_eval_opaque_74646.png'
49:09.698  render           | Saved: '/tmp/clearvla_eval_opaque_74646.png'
49:10.024  render           | Saved: '/tmp/clearvla_eval_opaque_74646.png'
49:10.468  render           | Saved: '/tmp/clearvla_eval_opaque_74646.png'
49:10.799  render           | Saved: '/tmp/clearvla_eval_opaque_74646.png'
49:11.240  render           | Saved: '/tmp/clearvla_eval_opaque_74646.png'
49:11.569  render           | Saved: '/tmp/clearvla_eval_opaque_74646.png'
49:12.006  render           | Saved: '/tmp/clearvla_eval_opaque_74646.png'
49:12.353  render           | Saved: '/tmp/clearvla_eval_opaque_74646.png'
49:12.762  render           | Saved: '/tmp/clearvla_eval_opaque_74646.png'
49:13.104  render           | Saved: '/tmp/clearvla_eval_opaque_74646.png'
49:13.503  render           | Saved: '/tmp/clearvla_eval_opaque_74646.png'
49:13.835  render           | Saved: '/tmp/clearvla_eval_opaque_74646.png'
49:14.231  render           | Saved: '/tmp/clearvla_eval_opaque_74646.png'
49:14.573  render           | Saved: '/tmp/clearvla_eval_opaque_74646.png'
49:14.965  render           | Saved: '/tmp/clearvla_eval_opaque_74646.png'
49:15.302  render           | Saved: '/tmp/clearvla_eval_opaque_74646.png'
49:15.700  render           | Saved: '/tmp/clearvla_eval_opaque_74646.png'
49:16.040  render           | Saved: '/tmp/clearvla_eval_opaque_74646.png'
49:16.444  render           | Saved: '/tmp/clearvla_eval_opaque_74646.png'
49:16.789  render           | Saved: '/tmp/clearvla_eval_opaque_74646.png'
49:17.187  render           | Saved: '/tmp/clearvla_eval_opaque_74646.png'
49:17.546  render           | Saved: '/tmp/clearvla_eval_opaque_74646.png'
49:17.970  render           | Saved: '/tmp/clearvla_eval_opaque_74646.png'
49:18.347  render           | Saved: '/tmp/clearvla_eval_opaque_74646.png'
49:18.807  render           | Saved: '/tmp/clearvla_eval_opaque_74646.png'
49:19.185  render           | Saved: '/tmp/clearvla_eval_opaque_74646.png'
49:19.641  render           | Saved: '/tmp/clearvla_eval_opaque_74646.png'
49:20.021  render           | Saved: '/tmp/clearvla_eval_opaque_74646.png'
49:20.479  render           | Saved: '/tmp/clearvla_eval_opaque_74646.png'
49:20.853  render           | Saved: '/tmp/clearvla_eval_opaque_74646.png'
49:21.327  render           | Saved: '/tmp/clearvla_eval_opaque_74646.png'
49:21.700  render           | Saved: '/tmp/clearvla_eval_opaque_74646.png'
49:22.154  render           | Saved: '/tmp/clearvla_eval_opaque_74646.png'
49:22.533  render           | Saved: '/tmp/clearvla_eval_opaque_74646.png'
49:22.992  render           | Saved: '/tmp/clearvla_eval_opaque_74646.png'
49:23.367  render           | Saved: '/tmp/clearvla_eval_opaque_74646.png'
49:23.832  render           | Saved: '/tmp/clearvla_eval_opaque_74646.png'
49:24.204  render           | Saved: '/tmp/clearvla_eval_opaque_74646.png'
49:24.668  render           | Saved: '/tmp/clearvla_eval_opaque_74646.png'
49:25.038  render           | Saved: '/tmp/clearvla_eval_opaque_74646.png'
49:25.494  render           | Saved: '/tmp/clearvla_eval_opaque_74646.png'
49:25.879  render           | Saved: '/tmp/clearvla_eval_opaque_74646.png'
49:26.352  render           | Saved: '/tmp/clearvla_eval_opaque_74646.png'
49:26.735  render           | Saved: '/tmp/clearvla_eval_opaque_74646.png'
49:27.197  render           | Saved: '/tmp/clearvla_eval_opaque_74646.png'
49:27.580  render           | Saved: '/tmp/clearvla_eval_opaque_74646.png'
49:28.418  render           | Saved: '/tmp/clearvla_eval_opaque_74646.png'
49:28.740  render           | Saved: '/tmp/clearvla_eval_opaque_74646.png'
49:29.213  render           | Saved: '/tmp/clearvla_eval_opaque_74646.png'
49:29.540  render           | Saved: '/tmp/clearvla_eval_opaque_74646.png'
49:29.985  render           | Saved: '/tmp/clearvla_eval_opaque_74646.png'
49:30.317  render           | Saved: '/tmp/clearvla_eval_opaque_74646.png'
49:30.758  render           | Saved: '/tmp/clearvla_eval_opaque_74646.png'
49:31.090  render           | Saved: '/tmp/clearvla_eval_opaque_74646.png'
49:31.531  render           | Saved: '/tmp/clearvla_eval_opaque_74646.png'
49:31.862  render           | Saved: '/tmp/clearvla_eval_opaque_74646.png'
49:32.308  render           | Saved: '/tmp/clearvla_eval_opaque_74646.png'
49:32.643  render           | Saved: '/tmp/clearvla_eval_opaque_74646.png'
49:33.096  render           | Saved: '/tmp/clearvla_eval_opaque_74646.png'
49:33.427  render           | Saved: '/tmp/clearvla_eval_opaque_74646.png'
49:33.867  render           | Saved: '/tmp/clearvla_eval_opaque_74646.png'
49:34.198  render           | Saved: '/tmp/clearvla_eval_opaque_74646.png'
49:34.642  render           | Saved: '/tmp/clearvla_eval_opaque_74646.png'
49:34.973  render           | Saved: '/tmp/clearvla_eval_opaque_74646.png'
49:35.420  render           | Saved: '/tmp/clearvla_eval_opaque_74646.png'
49:35.749  render           | Saved: '/tmp/clearvla_eval_opaque_74646.png'
49:36.180  render           | Saved: '/tmp/clearvla_eval_opaque_74646.png'
49:36.505  render           | Saved: '/tmp/clearvla_eval_opaque_74646.png'
49:36.953  render           | Saved: '/tmp/clearvla_eval_opaque_74646.png'
49:37.278  render           | Saved: '/tmp/clearvla_eval_opaque_74646.png'
49:37.725  render           | Saved: '/tmp/clearvla_eval_opaque_74646.png'
49:38.052  render           | Saved: '/tmp/clearvla_eval_opaque_74646.png'
49:38.494  render           | Saved: '/tmp/clearvla_eval_opaque_74646.png'
49:38.821  render           | Saved: '/tmp/clearvla_eval_opaque_74646.png'
49:39.288  render           | Saved: '/tmp/clearvla_eval_opaque_74646.png'
49:39.609  render           | Saved: '/tmp/clearvla_eval_opaque_74646.png'
49:40.065  render           | Saved: '/tmp/clearvla_eval_opaque_74646.png'
49:40.393  render           | Saved: '/tmp/clearvla_eval_opaque_74646.png'
49:40.839  render           | Saved: '/tmp/clearvla_eval_opaque_74646.png'
49:41.167  render           | Saved: '/tmp/clearvla_eval_opaque_74646.png'
49:41.634  render           | Saved: '/tmp/clearvla_eval_opaque_74646.png'
49:41.964  render           | Saved: '/tmp/clearvla_eval_opaque_74646.png'
49:42.396  render           | Saved: '/tmp/clearvla_eval_opaque_74646.png'
49:42.742  render           | Saved: '/tmp/clearvla_eval_opaque_74646.png'
49:43.141  render           | Saved: '/tmp/clearvla_eval_opaque_74646.png'
49:43.490  render           | Saved: '/tmp/clearvla_eval_opaque_74646.png'
49:43.888  render           | Saved: '/tmp/clearvla_eval_opaque_74646.png'
49:44.233  render           | Saved: '/tmp/clearvla_eval_opaque_74646.png'
49:44.630  render           | Saved: '/tmp/clearvla_eval_opaque_74646.png'
49:44.980  render           | Saved: '/tmp/clearvla_eval_opaque_74646.png'
49:45.379  render           | Saved: '/tmp/clearvla_eval_opaque_74646.png'
49:45.725  render           | Saved: '/tmp/clearvla_eval_opaque_74646.png'
49:46.120  render           | Saved: '/tmp/clearvla_eval_opaque_74646.png'
49:46.465  render           | Saved: '/tmp/clearvla_eval_opaque_74646.png'
49:46.853  render           | Saved: '/tmp/clearvla_eval_opaque_74646.png'
49:47.193  render           | Saved: '/tmp/clearvla_eval_opaque_74646.png'
49:47.593  render           | Saved: '/tmp/clearvla_eval_opaque_74646.png'
49:47.936  render           | Saved: '/tmp/clearvla_eval_opaque_74646.png'
49:48.334  render           | Saved: '/tmp/clearvla_eval_opaque_74646.png'
49:48.684  render           | Saved: '/tmp/clearvla_eval_opaque_74646.png'
49:49.088  render           | Saved: '/tmp/clearvla_eval_opaque_74646.png'
49:49.445  render           | Saved: '/tmp/clearvla_eval_opaque_74646.png'
49:49.897  render           | Saved: '/tmp/clearvla_eval_opaque_74646.png'
49:50.289  render           | Saved: '/tmp/clearvla_eval_opaque_74646.png'
49:50.754  render           | Saved: '/tmp/clearvla_eval_opaque_74646.png'
49:51.124  render           | Saved: '/tmp/clearvla_eval_opaque_74646.png'
49:51.582  render           | Saved: '/tmp/clearvla_eval_opaque_74646.png'
49:51.956  render           | Saved: '/tmp/clearvla_eval_opaque_74646.png'
49:52.421  render           | Saved: '/tmp/clearvla_eval_opaque_74646.png'
49:52.792  render           | Saved: '/tmp/clearvla_eval_opaque_74646.png'
49:53.243  render           | Saved: '/tmp/clearvla_eval_opaque_74646.png'
49:53.619  render           | Saved: '/tmp/clearvla_eval_opaque_74646.png'
49:54.078  render           | Saved: '/tmp/clearvla_eval_opaque_74646.png'
49:54.453  render           | Saved: '/tmp/clearvla_eval_opaque_74646.png'
49:54.908  render           | Saved: '/tmp/clearvla_eval_opaque_74646.png'
49:55.283  render           | Saved: '/tmp/clearvla_eval_opaque_74646.png'
49:55.739  render           | Saved: '/tmp/clearvla_eval_opaque_74646.png'
49:56.110  render           | Saved: '/tmp/clearvla_eval_opaque_74646.png'
49:56.566  render           | Saved: '/tmp/clearvla_eval_opaque_74646.png'
49:56.942  render           | Saved: '/tmp/clearvla_eval_opaque_74646.png'
49:57.400  render           | Saved: '/tmp/clearvla_eval_opaque_74646.png'
49:57.775  render           | Saved: '/tmp/clearvla_eval_opaque_74646.png'
49:58.623  render           | Saved: '/tmp/clearvla_eval_opaque_74646.png'
49:58.961  render           | Saved: '/tmp/clearvla_eval_opaque_74646.png'
49:59.377  render           | Saved: '/tmp/clearvla_eval_opaque_74646.png'
49:59.721  render           | Saved: '/tmp/clearvla_eval_opaque_74646.png'
50:00.139  render           | Saved: '/tmp/clearvla_eval_opaque_74646.png'
50:00.476  render           | Saved: '/tmp/clearvla_eval_opaque_74646.png'
50:00.897  render           | Saved: '/tmp/clearvla_eval_opaque_74646.png'
50:01.255  render           | Saved: '/tmp/clearvla_eval_opaque_74646.png'
50:01.662  render           | Saved: '/tmp/clearvla_eval_opaque_74646.png'
50:02.045  render           | Saved: '/tmp/clearvla_eval_opaque_74646.png'
50:02.450  render           | Saved: '/tmp/clearvla_eval_opaque_74646.png'
50:02.831  render           | Saved: '/tmp/clearvla_eval_opaque_74646.png'
50:03.238  render           | Saved: '/tmp/clearvla_eval_opaque_74646.png'
50:03.610  render           | Saved: '/tmp/clearvla_eval_opaque_74646.png'
50:04.016  render           | Saved: '/tmp/clearvla_eval_opaque_74646.png'
50:04.391  render           | Saved: '/tmp/clearvla_eval_opaque_74646.png'
50:04.797  render           | Saved: '/tmp/clearvla_eval_opaque_74646.png'
50:05.135  render           | Saved: '/tmp/clearvla_eval_opaque_74646.png'
50:05.570  render           | Saved: '/tmp/clearvla_eval_opaque_74646.png'
50:05.894  render           | Saved: '/tmp/clearvla_eval_opaque_74646.png'
50:06.347  render           | Saved: '/tmp/clearvla_eval_opaque_74646.png'
50:06.670  render           | Saved: '/tmp/clearvla_eval_opaque_74646.png'
50:07.124  render           | Saved: '/tmp/clearvla_eval_opaque_74646.png'
50:07.455  render           | Saved: '/tmp/clearvla_eval_opaque_74646.png'
50:07.929  render           | Saved: '/tmp/clearvla_eval_opaque_74646.png'
50:08.252  render           | Saved: '/tmp/clearvla_eval_opaque_74646.png'
50:08.699  render           | Saved: '/tmp/clearvla_eval_opaque_74646.png'
50:09.028  render           | Saved: '/tmp/clearvla_eval_opaque_74646.png'
50:09.500  render           | Saved: '/tmp/clearvla_eval_opaque_74646.png'
50:09.826  render           | Saved: '/tmp/clearvla_eval_opaque_74646.png'
50:10.282  render           | Saved: '/tmp/clearvla_eval_opaque_74646.png'
50:10.608  render           | Saved: '/tmp/clearvla_eval_opaque_74646.png'
50:11.094  render           | Saved: '/tmp/clearvla_eval_opaque_74646.png'
50:11.417  render           | Saved: '/tmp/clearvla_eval_opaque_74646.png'
50:11.866  render           | Saved: '/tmp/clearvla_eval_opaque_74646.png'
50:12.201  render           | Saved: '/tmp/clearvla_eval_opaque_74646.png'
50:12.635  render           | Saved: '/tmp/clearvla_eval_opaque_74646.png'
50:12.981  render           | Saved: '/tmp/clearvla_eval_opaque_74646.png'
50:13.389  render           | Saved: '/tmp/clearvla_eval_opaque_74646.png'
50:13.730  render           | Saved: '/tmp/clearvla_eval_opaque_74646.png'
50:14.130  render           | Saved: '/tmp/clearvla_eval_opaque_74646.png'
50:14.485  render           | Saved: '/tmp/clearvla_eval_opaque_74646.png'
50:14.908  render           | Saved: '/tmp/clearvla_eval_opaque_74646.png'
50:15.245  render           | Saved: '/tmp/clearvla_eval_opaque_74646.png'
50:15.659  render           | Saved: '/tmp/clearvla_eval_opaque_74646.png'
50:16.019  render           | Saved: '/tmp/clearvla_eval_opaque_74646.png'
50:16.478  render           | Saved: '/tmp/clearvla_eval_opaque_74646.png'
50:16.857  render           | Saved: '/tmp/clearvla_eval_opaque_74646.png'
50:17.320  render           | Saved: '/tmp/clearvla_eval_opaque_74646.png'
50:17.699  render           | Saved: '/tmp/clearvla_eval_opaque_74646.png'
50:18.150  render           | Saved: '/tmp/clearvla_eval_opaque_74646.png'
50:18.532  render           | Saved: '/tmp/clearvla_eval_opaque_74646.png'
50:18.995  render           | Saved: '/tmp/clearvla_eval_opaque_74646.png'
50:19.366  render           | Saved: '/tmp/clearvla_eval_opaque_74646.png'
50:19.834  render           | Saved: '/tmp/clearvla_eval_opaque_74646.png'
50:20.206  render           | Saved: '/tmp/clearvla_eval_opaque_74646.png'
50:20.667  render           | Saved: '/tmp/clearvla_eval_opaque_74646.png'
50:21.043  render           | Saved: '/tmp/clearvla_eval_opaque_74646.png'
50:21.501  render           | Saved: '/tmp/clearvla_eval_opaque_74646.png'
50:21.887  render           | Saved: '/tmp/clearvla_eval_opaque_74646.png'
50:22.351  render           | Saved: '/tmp/clearvla_eval_opaque_74646.png'
50:22.728  render           | Saved: '/tmp/clearvla_eval_opaque_74646.png'
50:23.193  render           | Saved: '/tmp/clearvla_eval_opaque_74646.png'
50:23.576  render           | Saved: '/tmp/clearvla_eval_opaque_74646.png'
50:24.042  render           | Saved: '/tmp/clearvla_eval_opaque_74646.png'
50:24.425  render           | Saved: '/tmp/clearvla_eval_opaque_74646.png'
50:24.909  render           | Saved: '/tmp/clearvla_eval_opaque_74646.png'
50:25.281  render           | Saved: '/tmp/clearvla_eval_opaque_74646.png'
50:25.745  render           | Saved: '/tmp/clearvla_eval_opaque_74646.png'
50:26.135  render           | Saved: '/tmp/clearvla_eval_opaque_74646.png'
50:26.615  render           | Saved: '/tmp/clearvla_eval_opaque_74646.png'
50:26.989  render           | Saved: '/tmp/clearvla_eval_opaque_74646.png'
50:27.465  render           | Saved: '/tmp/clearvla_eval_opaque_74646.png'
50:27.841  render           | Saved: '/tmp/clearvla_eval_opaque_74646.png'
50:28.315  render           | Saved: '/tmp/clearvla_eval_opaque_74646.png'
50:28.690  render           | Saved: '/tmp/clearvla_eval_opaque_74646.png'
[cache25/opaque] pour: 0/50  (50.4 min, 30.5 s/ep)
50:29.530  render           | Saved: '/tmp/clearvla_eval_opaque_74646.png'
50:29.856  render           | Saved: '/tmp/clearvla_eval_opaque_74646.png'
50:30.315  render           | Saved: '/tmp/clearvla_eval_opaque_74646.png'
50:30.638  render           | Saved: '/tmp/clearvla_eval_opaque_74646.png'
50:31.088  render           | Saved: '/tmp/clearvla_eval_opaque_74646.png'
50:31.413  render           | Saved: '/tmp/clearvla_eval_opaque_74646.png'
50:31.828  render           | Saved: '/tmp/clearvla_eval_opaque_74646.png'
50:32.160  render           | Saved: '/tmp/clearvla_eval_opaque_74646.png'
50:32.589  render           | Saved: '/tmp/clearvla_eval_opaque_74646.png'
50:32.919  render           | Saved: '/tmp/clearvla_eval_opaque_74646.png'
50:33.350  render           | Saved: '/tmp/clearvla_eval_opaque_74646.png'
50:33.683  render           | Saved: '/tmp/clearvla_eval_opaque_74646.png'
50:34.112  render           | Saved: '/tmp/clearvla_eval_opaque_74646.png'
50:34.445  render           | Saved: '/tmp/clearvla_eval_opaque_74646.png'
50:34.882  render           | Saved: '/tmp/clearvla_eval_opaque_74646.png'
50:35.217  render           | Saved: '/tmp/clearvla_eval_opaque_74646.png'
50:35.653  render           | Saved: '/tmp/clearvla_eval_opaque_74646.png'
50:35.984  render           | Saved: '/tmp/clearvla_eval_opaque_74646.png'
50:36.423  render           | Saved: '/tmp/clearvla_eval_opaque_74646.png'
50:36.752  render           | Saved: '/tmp/clearvla_eval_opaque_74646.png'
50:37.176  render           | Saved: '/tmp/clearvla_eval_opaque_74646.png'
50:37.515  render           | Saved: '/tmp/clearvla_eval_opaque_74646.png'
50:37.931  render           | Saved: '/tmp/clearvla_eval_opaque_74646.png'
50:38.277  render           | Saved: '/tmp/clearvla_eval_opaque_74646.png'
50:38.711  render           | Saved: '/tmp/clearvla_eval_opaque_74646.png'
50:39.046  render           | Saved: '/tmp/clearvla_eval_opaque_74646.png'
50:39.472  render           | Saved: '/tmp/clearvla_eval_opaque_74646.png'
50:39.810  render           | Saved: '/tmp/clearvla_eval_opaque_74646.png'
50:40.216  render           | Saved: '/tmp/clearvla_eval_opaque_74646.png'
50:40.539  render           | Saved: '/tmp/clearvla_eval_opaque_74646.png'
50:40.960  render           | Saved: '/tmp/clearvla_eval_opaque_74646.png'
50:41.318  render           | Saved: '/tmp/clearvla_eval_opaque_74646.png'
50:41.750  render           | Saved: '/tmp/clearvla_eval_opaque_74646.png'
50:42.098  render           | Saved: '/tmp/clearvla_eval_opaque_74646.png'
50:42.539  render           | Saved: '/tmp/clearvla_eval_opaque_74646.png'
50:42.874  render           | Saved: '/tmp/clearvla_eval_opaque_74646.png'
50:43.291  render           | Saved: '/tmp/clearvla_eval_opaque_74646.png'
50:43.626  render           | Saved: '/tmp/clearvla_eval_opaque_74646.png'
50:44.044  render           | Saved: '/tmp/clearvla_eval_opaque_74646.png'
50:44.373  render           | Saved: '/tmp/clearvla_eval_opaque_74646.png'
50:44.792  render           | Saved: '/tmp/clearvla_eval_opaque_74646.png'
50:45.143  render           | Saved: '/tmp/clearvla_eval_opaque_74646.png'
50:45.566  render           | Saved: '/tmp/clearvla_eval_opaque_74646.png'
50:45.932  render           | Saved: '/tmp/clearvla_eval_opaque_74646.png'
50:46.349  render           | Saved: '/tmp/clearvla_eval_opaque_74646.png'
50:46.699  render           | Saved: '/tmp/clearvla_eval_opaque_74646.png'
50:47.105  render           | Saved: '/tmp/clearvla_eval_opaque_74646.png'
50:47.453  render           | Saved: '/tmp/clearvla_eval_opaque_74646.png'
50:47.848  render           | Saved: '/tmp/clearvla_eval_opaque_74646.png'
50:48.190  render           | Saved: '/tmp/clearvla_eval_opaque_74646.png'
50:48.592  render           | Saved: '/tmp/clearvla_eval_opaque_74646.png'
50:48.955  render           | Saved: '/tmp/clearvla_eval_opaque_74646.png'
50:49.378  render           | Saved: '/tmp/clearvla_eval_opaque_74646.png'
50:49.735  render           | Saved: '/tmp/clearvla_eval_opaque_74646.png'
50:50.130  render           | Saved: '/tmp/clearvla_eval_opaque_74646.png'
50:50.476  render           | Saved: '/tmp/clearvla_eval_opaque_74646.png'
50:50.868  render           | Saved: '/tmp/clearvla_eval_opaque_74646.png'
50:51.204  render           | Saved: '/tmp/clearvla_eval_opaque_74646.png'
50:51.589  render           | Saved: '/tmp/clearvla_eval_opaque_74646.png'
50:51.941  render           | Saved: '/tmp/clearvla_eval_opaque_74646.png'
50:52.362  render           | Saved: '/tmp/clearvla_eval_opaque_74646.png'
50:52.735  render           | Saved: '/tmp/clearvla_eval_opaque_74646.png'
50:53.194  render           | Saved: '/tmp/clearvla_eval_opaque_74646.png'
50:53.573  render           | Saved: '/tmp/clearvla_eval_opaque_74646.png'
50:54.031  render           | Saved: '/tmp/clearvla_eval_opaque_74646.png'
50:54.410  render           | Saved: '/tmp/clearvla_eval_opaque_74646.png'
50:54.860  render           | Saved: '/tmp/clearvla_eval_opaque_74646.png'
50:55.245  render           | Saved: '/tmp/clearvla_eval_opaque_74646.png'
50:55.721  render           | Saved: '/tmp/clearvla_eval_opaque_74646.png'
50:56.110  render           | Saved: '/tmp/clearvla_eval_opaque_74646.png'
50:56.591  render           | Saved: '/tmp/clearvla_eval_opaque_74646.png'
50:56.977  render           | Saved: '/tmp/clearvla_eval_opaque_74646.png'
50:57.447  render           | Saved: '/tmp/clearvla_eval_opaque_74646.png'
50:57.811  render           | Saved: '/tmp/clearvla_eval_opaque_74646.png'
50:58.268  render           | Saved: '/tmp/clearvla_eval_opaque_74646.png'
50:58.652  render           | Saved: '/tmp/clearvla_eval_opaque_74646.png'
50:59.500  render           | Saved: '/tmp/clearvla_eval_opaque_74646.png'
50:59.887  render           | Saved: '/tmp/clearvla_eval_opaque_74646.png'
51:00.299  render           | Saved: '/tmp/clearvla_eval_opaque_74646.png'
51:00.668  render           | Saved: '/tmp/clearvla_eval_opaque_74646.png'
51:01.077  render           | Saved: '/tmp/clearvla_eval_opaque_74646.png'
51:01.444  render           | Saved: '/tmp/clearvla_eval_opaque_74646.png'
51:01.852  render           | Saved: '/tmp/clearvla_eval_opaque_74646.png'
51:02.240  render           | Saved: '/tmp/clearvla_eval_opaque_74646.png'
51:02.642  render           | Saved: '/tmp/clearvla_eval_opaque_74646.png'
51:03.050  render           | Saved: '/tmp/clearvla_eval_opaque_74646.png'
51:03.459  render           | Saved: '/tmp/clearvla_eval_opaque_74646.png'
51:03.850  render           | Saved: '/tmp/clearvla_eval_opaque_74646.png'
51:04.287  render           | Saved: '/tmp/clearvla_eval_opaque_74646.png'
51:04.678  render           | Saved: '/tmp/clearvla_eval_opaque_74646.png'
51:05.087  render           | Saved: '/tmp/clearvla_eval_opaque_74646.png'
51:05.449  render           | Saved: '/tmp/clearvla_eval_opaque_74646.png'
51:05.864  render           | Saved: '/tmp/clearvla_eval_opaque_74646.png'
51:06.240  render           | Saved: '/tmp/clearvla_eval_opaque_74646.png'
51:06.648  render           | Saved: '/tmp/clearvla_eval_opaque_74646.png'
51:07.012  render           | Saved: '/tmp/clearvla_eval_opaque_74646.png'
51:07.421  render           | Saved: '/tmp/clearvla_eval_opaque_74646.png'
51:07.800  render           | Saved: '/tmp/clearvla_eval_opaque_74646.png'
51:08.208  render           | Saved: '/tmp/clearvla_eval_opaque_74646.png'
51:08.583  render           | Saved: '/tmp/clearvla_eval_opaque_74646.png'
51:08.989  render           | Saved: '/tmp/clearvla_eval_opaque_74646.png'
51:09.338  render           | Saved: '/tmp/clearvla_eval_opaque_74646.png'
51:09.769  render           | Saved: '/tmp/clearvla_eval_opaque_74646.png'
51:10.113  render           | Saved: '/tmp/clearvla_eval_opaque_74646.png'
51:10.534  render           | Saved: '/tmp/clearvla_eval_opaque_74646.png'
51:10.866  render           | Saved: '/tmp/clearvla_eval_opaque_74646.png'
51:11.766  render           | Saved: '/tmp/clearvla_eval_opaque_74646.png'
51:12.125  render           | Saved: '/tmp/clearvla_eval_opaque_74646.png'
51:12.631  render           | Saved: '/tmp/clearvla_eval_opaque_74646.png'
51:12.985  render           | Saved: '/tmp/clearvla_eval_opaque_74646.png'
51:13.425  render           | Saved: '/tmp/clearvla_eval_opaque_74646.png'
51:13.784  render           | Saved: '/tmp/clearvla_eval_opaque_74646.png'
51:14.220  render           | Saved: '/tmp/clearvla_eval_opaque_74646.png'
51:14.549  render           | Saved: '/tmp/clearvla_eval_opaque_74646.png'
51:14.989  render           | Saved: '/tmp/clearvla_eval_opaque_74646.png'
51:15.326  render           | Saved: '/tmp/clearvla_eval_opaque_74646.png'
51:15.800  render           | Saved: '/tmp/clearvla_eval_opaque_74646.png'
51:16.130  render           | Saved: '/tmp/clearvla_eval_opaque_74646.png'
51:16.579  render           | Saved: '/tmp/clearvla_eval_opaque_74646.png'
51:16.915  render           | Saved: '/tmp/clearvla_eval_opaque_74646.png'
51:17.351  render           | Saved: '/tmp/clearvla_eval_opaque_74646.png'
51:17.684  render           | Saved: '/tmp/clearvla_eval_opaque_74646.png'
51:18.125  render           | Saved: '/tmp/clearvla_eval_opaque_74646.png'
51:18.462  render           | Saved: '/tmp/clearvla_eval_opaque_74646.png'
51:18.891  render           | Saved: '/tmp/clearvla_eval_opaque_74646.png'
51:19.232  render           | Saved: '/tmp/clearvla_eval_opaque_74646.png'
51:19.658  render           | Saved: '/tmp/clearvla_eval_opaque_74646.png'
51:20.018  render           | Saved: '/tmp/clearvla_eval_opaque_74646.png'
51:20.443  render           | Saved: '/tmp/clearvla_eval_opaque_74646.png'
51:20.806  render           | Saved: '/tmp/clearvla_eval_opaque_74646.png'
51:21.239  render           | Saved: '/tmp/clearvla_eval_opaque_74646.png'
51:21.587  render           | Saved: '/tmp/clearvla_eval_opaque_74646.png'
51:22.015  render           | Saved: '/tmp/clearvla_eval_opaque_74646.png'
51:22.355  render           | Saved: '/tmp/clearvla_eval_opaque_74646.png'
51:22.784  render           | Saved: '/tmp/clearvla_eval_opaque_74646.png'
51:23.114  render           | Saved: '/tmp/clearvla_eval_opaque_74646.png'
51:23.546  render           | Saved: '/tmp/clearvla_eval_opaque_74646.png'
51:23.896  render           | Saved: '/tmp/clearvla_eval_opaque_74646.png'
51:24.302  render           | Saved: '/tmp/clearvla_eval_opaque_74646.png'
51:24.652  render           | Saved: '/tmp/clearvla_eval_opaque_74646.png'
51:25.057  render           | Saved: '/tmp/clearvla_eval_opaque_74646.png'
51:25.403  render           | Saved: '/tmp/clearvla_eval_opaque_74646.png'
51:25.822  render           | Saved: '/tmp/clearvla_eval_opaque_74646.png'
51:26.185  render           | Saved: '/tmp/clearvla_eval_opaque_74646.png'
51:26.641  render           | Saved: '/tmp/clearvla_eval_opaque_74646.png'
51:27.017  render           | Saved: '/tmp/clearvla_eval_opaque_74646.png'
51:27.483  render           | Saved: '/tmp/clearvla_eval_opaque_74646.png'
51:27.866  render           | Saved: '/tmp/clearvla_eval_opaque_74646.png'
51:28.348  render           | Saved: '/tmp/clearvla_eval_opaque_74646.png'
51:28.722  render           | Saved: '/tmp/clearvla_eval_opaque_74646.png'
51:29.182  render           | Saved: '/tmp/clearvla_eval_opaque_74646.png'
51:29.566  render           | Saved: '/tmp/clearvla_eval_opaque_74646.png'
51:30.026  render           | Saved: '/tmp/clearvla_eval_opaque_74646.png'
51:30.414  render           | Saved: '/tmp/clearvla_eval_opaque_74646.png'
51:30.876  render           | Saved: '/tmp/clearvla_eval_opaque_74646.png'
51:31.285  render           | Saved: '/tmp/clearvla_eval_opaque_74646.png'
51:31.767  render           | Saved: '/tmp/clearvla_eval_opaque_74646.png'
51:32.152  render           | Saved: '/tmp/clearvla_eval_opaque_74646.png'
51:32.618  render           | Saved: '/tmp/clearvla_eval_opaque_74646.png'
51:33.020  render           | Saved: '/tmp/clearvla_eval_opaque_74646.png'
51:33.508  render           | Saved: '/tmp/clearvla_eval_opaque_74646.png'
51:33.886  render           | Saved: '/tmp/clearvla_eval_opaque_74646.png'
51:34.342  render           | Saved: '/tmp/clearvla_eval_opaque_74646.png'
51:34.720  render           | Saved: '/tmp/clearvla_eval_opaque_74646.png'
51:35.180  render           | Saved: '/tmp/clearvla_eval_opaque_74646.png'
51:35.553  render           | Saved: '/tmp/clearvla_eval_opaque_74646.png'
51:36.006  render           | Saved: '/tmp/clearvla_eval_opaque_74646.png'
51:36.385  render           | Saved: '/tmp/clearvla_eval_opaque_74646.png'
51:36.837  render           | Saved: '/tmp/clearvla_eval_opaque_74646.png'
51:37.214  render           | Saved: '/tmp/clearvla_eval_opaque_74646.png'
51:37.688  render           | Saved: '/tmp/clearvla_eval_opaque_74646.png'
51:38.071  render           | Saved: '/tmp/clearvla_eval_opaque_74646.png'
51:38.533  render           | Saved: '/tmp/clearvla_eval_opaque_74646.png'
51:38.927  render           | Saved: '/tmp/clearvla_eval_opaque_74646.png'
51:39.404  render           | Saved: '/tmp/clearvla_eval_opaque_74646.png'
51:39.803  render           | Saved: '/tmp/clearvla_eval_opaque_74646.png'
51:40.227  render           | Saved: '/tmp/clearvla_eval_opaque_74646.png'
51:40.600  render           | Saved: '/tmp/clearvla_eval_opaque_74646.png'
51:41.064  render           | Saved: '/tmp/clearvla_eval_opaque_74646.png'
51:41.461  render           | Saved: '/tmp/clearvla_eval_opaque_74646.png'
51:41.919  render           | Saved: '/tmp/clearvla_eval_opaque_74646.png'
51:42.280  render           | Saved: '/tmp/clearvla_eval_opaque_74646.png'
51:43.172  render           | Saved: '/tmp/clearvla_eval_opaque_74646.png'
51:43.539  render           | Saved: '/tmp/clearvla_eval_opaque_74646.png'
51:43.974  render           | Saved: '/tmp/clearvla_eval_opaque_74646.png'
51:44.317  render           | Saved: '/tmp/clearvla_eval_opaque_74646.png'
51:44.718  render           | Saved: '/tmp/clearvla_eval_opaque_74646.png'
51:45.084  render           | Saved: '/tmp/clearvla_eval_opaque_74646.png'
51:45.484  render           | Saved: '/tmp/clearvla_eval_opaque_74646.png'
51:45.865  render           | Saved: '/tmp/clearvla_eval_opaque_74646.png'
51:46.268  render           | Saved: '/tmp/clearvla_eval_opaque_74646.png'
51:46.625  render           | Saved: '/tmp/clearvla_eval_opaque_74646.png'
51:47.026  render           | Saved: '/tmp/clearvla_eval_opaque_74646.png'
51:47.388  render           | Saved: '/tmp/clearvla_eval_opaque_74646.png'
51:47.809  render           | Saved: '/tmp/clearvla_eval_opaque_74646.png'
51:48.150  render           | Saved: '/tmp/clearvla_eval_opaque_74646.png'
51:48.578  render           | Saved: '/tmp/clearvla_eval_opaque_74646.png'
51:48.921  render           | Saved: '/tmp/clearvla_eval_opaque_74646.png'
51:49.355  render           | Saved: '/tmp/clearvla_eval_opaque_74646.png'
51:49.689  render           | Saved: '/tmp/clearvla_eval_opaque_74646.png'
51:50.146  render           | Saved: '/tmp/clearvla_eval_opaque_74646.png'
51:50.477  render           | Saved: '/tmp/clearvla_eval_opaque_74646.png'
51:50.920  render           | Saved: '/tmp/clearvla_eval_opaque_74646.png'
51:51.257  render           | Saved: '/tmp/clearvla_eval_opaque_74646.png'
51:51.704  render           | Saved: '/tmp/clearvla_eval_opaque_74646.png'
51:52.041  render           | Saved: '/tmp/clearvla_eval_opaque_74646.png'
51:52.487  render           | Saved: '/tmp/clearvla_eval_opaque_74646.png'
51:52.823  render           | Saved: '/tmp/clearvla_eval_opaque_74646.png'
51:53.268  render           | Saved: '/tmp/clearvla_eval_opaque_74646.png'
51:53.601  render           | Saved: '/tmp/clearvla_eval_opaque_74646.png'
51:54.071  render           | Saved: '/tmp/clearvla_eval_opaque_74646.png'
51:54.407  render           | Saved: '/tmp/clearvla_eval_opaque_74646.png'
51:54.836  render           | Saved: '/tmp/clearvla_eval_opaque_74646.png'
51:55.185  render           | Saved: '/tmp/clearvla_eval_opaque_74646.png'
51:55.578  render           | Saved: '/tmp/clearvla_eval_opaque_74646.png'
51:55.921  render           | Saved: '/tmp/clearvla_eval_opaque_74646.png'
51:56.316  render           | Saved: '/tmp/clearvla_eval_opaque_74646.png'
51:56.659  render           | Saved: '/tmp/clearvla_eval_opaque_74646.png'
51:57.055  render           | Saved: '/tmp/clearvla_eval_opaque_74646.png'
51:57.401  render           | Saved: '/tmp/clearvla_eval_opaque_74646.png'
51:57.796  render           | Saved: '/tmp/clearvla_eval_opaque_74646.png'
51:58.142  render           | Saved: '/tmp/clearvla_eval_opaque_74646.png'
51:58.534  render           | Saved: '/tmp/clearvla_eval_opaque_74646.png'
51:58.871  render           | Saved: '/tmp/clearvla_eval_opaque_74646.png'
51:59.276  render           | Saved: '/tmp/clearvla_eval_opaque_74646.png'
51:59.625  render           | Saved: '/tmp/clearvla_eval_opaque_74646.png'
52:00.017  render           | Saved: '/tmp/clearvla_eval_opaque_74646.png'
52:00.367  render           | Saved: '/tmp/clearvla_eval_opaque_74646.png'
52:00.759  render           | Saved: '/tmp/clearvla_eval_opaque_74646.png'
52:01.108  render           | Saved: '/tmp/clearvla_eval_opaque_74646.png'
52:01.498  render           | Saved: '/tmp/clearvla_eval_opaque_74646.png'
52:01.846  render           | Saved: '/tmp/clearvla_eval_opaque_74646.png'
52:02.237  render           | Saved: '/tmp/clearvla_eval_opaque_74646.png'
52:02.585  render           | Saved: '/tmp/clearvla_eval_opaque_74646.png'
52:02.974  render           | Saved: '/tmp/clearvla_eval_opaque_74646.png'
52:03.321  render           | Saved: '/tmp/clearvla_eval_opaque_74646.png'
52:03.709  render           | Saved: '/tmp/clearvla_eval_opaque_74646.png'
52:04.048  render           | Saved: '/tmp/clearvla_eval_opaque_74646.png'
52:04.440  render           | Saved: '/tmp/clearvla_eval_opaque_74646.png'
52:04.781  render           | Saved: '/tmp/clearvla_eval_opaque_74646.png'
52:05.184  render           | Saved: '/tmp/clearvla_eval_opaque_74646.png'
52:05.538  render           | Saved: '/tmp/clearvla_eval_opaque_74646.png'
52:05.964  render           | Saved: '/tmp/clearvla_eval_opaque_74646.png'
52:06.326  render           | Saved: '/tmp/clearvla_eval_opaque_74646.png'
52:06.771  render           | Saved: '/tmp/clearvla_eval_opaque_74646.png'
52:07.138  render           | Saved: '/tmp/clearvla_eval_opaque_74646.png'
52:07.593  render           | Saved: '/tmp/clearvla_eval_opaque_74646.png'
52:07.971  render           | Saved: '/tmp/clearvla_eval_opaque_74646.png'
52:08.428  render           | Saved: '/tmp/clearvla_eval_opaque_74646.png'
52:08.809  render           | Saved: '/tmp/clearvla_eval_opaque_74646.png'
52:09.266  render           | Saved: '/tmp/clearvla_eval_opaque_74646.png'
52:09.643  render           | Saved: '/tmp/clearvla_eval_opaque_74646.png'
52:10.098  render           | Saved: '/tmp/clearvla_eval_opaque_74646.png'
52:10.472  render           | Saved: '/tmp/clearvla_eval_opaque_74646.png'
52:10.931  render           | Saved: '/tmp/clearvla_eval_opaque_74646.png'
52:11.299  render           | Saved: '/tmp/clearvla_eval_opaque_74646.png'
52:11.750  render           | Saved: '/tmp/clearvla_eval_opaque_74646.png'
52:12.137  render           | Saved: '/tmp/clearvla_eval_opaque_74646.png'
52:12.994  render           | Saved: '/tmp/clearvla_eval_opaque_74646.png'
52:13.322  render           | Saved: '/tmp/clearvla_eval_opaque_74646.png'
52:13.783  render           | Saved: '/tmp/clearvla_eval_opaque_74646.png'
52:14.112  render           | Saved: '/tmp/clearvla_eval_opaque_74646.png'
52:14.564  render           | Saved: '/tmp/clearvla_eval_opaque_74646.png'
52:14.895  render           | Saved: '/tmp/clearvla_eval_opaque_74646.png'
52:15.349  render           | Saved: '/tmp/clearvla_eval_opaque_74646.png'
52:15.680  render           | Saved: '/tmp/clearvla_eval_opaque_74646.png'
52:16.132  render           | Saved: '/tmp/clearvla_eval_opaque_74646.png'
52:16.457  render           | Saved: '/tmp/clearvla_eval_opaque_74646.png'
52:16.908  render           | Saved: '/tmp/clearvla_eval_opaque_74646.png'
52:17.238  render           | Saved: '/tmp/clearvla_eval_opaque_74646.png'
52:17.687  render           | Saved: '/tmp/clearvla_eval_opaque_74646.png'
52:18.023  render           | Saved: '/tmp/clearvla_eval_opaque_74646.png'
52:18.490  render           | Saved: '/tmp/clearvla_eval_opaque_74646.png'
52:18.822  render           | Saved: '/tmp/clearvla_eval_opaque_74646.png'
52:19.269  render           | Saved: '/tmp/clearvla_eval_opaque_74646.png'
52:19.605  render           | Saved: '/tmp/clearvla_eval_opaque_74646.png'
52:20.048  render           | Saved: '/tmp/clearvla_eval_opaque_74646.png'
52:20.378  render           | Saved: '/tmp/clearvla_eval_opaque_74646.png'
52:20.824  render           | Saved: '/tmp/clearvla_eval_opaque_74646.png'
52:21.157  render           | Saved: '/tmp/clearvla_eval_opaque_74646.png'
52:21.598  render           | Saved: '/tmp/clearvla_eval_opaque_74646.png'
52:21.933  render           | Saved: '/tmp/clearvla_eval_opaque_74646.png'
52:22.396  render           | Saved: '/tmp/clearvla_eval_opaque_74646.png'
52:22.728  render           | Saved: '/tmp/clearvla_eval_opaque_74646.png'
52:23.176  render           | Saved: '/tmp/clearvla_eval_opaque_74646.png'
52:23.505  render           | Saved: '/tmp/clearvla_eval_opaque_74646.png'
52:23.928  render           | Saved: '/tmp/clearvla_eval_opaque_74646.png'
52:24.276  render           | Saved: '/tmp/clearvla_eval_opaque_74646.png'
52:24.705  render           | Saved: '/tmp/clearvla_eval_opaque_74646.png'
52:25.053  render           | Saved: '/tmp/clearvla_eval_opaque_74646.png'
52:25.443  render           | Saved: '/tmp/clearvla_eval_opaque_74646.png'
52:25.787  render           | Saved: '/tmp/clearvla_eval_opaque_74646.png'
52:26.179  render           | Saved: '/tmp/clearvla_eval_opaque_74646.png'
52:26.531  render           | Saved: '/tmp/clearvla_eval_opaque_74646.png'
52:26.922  render           | Saved: '/tmp/clearvla_eval_opaque_74646.png'
52:27.272  render           | Saved: '/tmp/clearvla_eval_opaque_74646.png'
52:27.676  render           | Saved: '/tmp/clearvla_eval_opaque_74646.png'
52:28.023  render           | Saved: '/tmp/clearvla_eval_opaque_74646.png'
52:28.430  render           | Saved: '/tmp/clearvla_eval_opaque_74646.png'
52:28.795  render           | Saved: '/tmp/clearvla_eval_opaque_74646.png'
52:29.243  render           | Saved: '/tmp/clearvla_eval_opaque_74646.png'
52:29.632  render           | Saved: '/tmp/clearvla_eval_opaque_74646.png'
52:30.080  render           | Saved: '/tmp/clearvla_eval_opaque_74646.png'
52:30.456  render           | Saved: '/tmp/clearvla_eval_opaque_74646.png'
52:30.912  render           | Saved: '/tmp/clearvla_eval_opaque_74646.png'
52:31.290  render           | Saved: '/tmp/clearvla_eval_opaque_74646.png'
52:31.705  render           | Saved: '/tmp/clearvla_eval_opaque_74646.png'
52:32.049  render           | Saved: '/tmp/clearvla_eval_opaque_74646.png'
52:32.494  render           | Saved: '/tmp/clearvla_eval_opaque_74646.png'
52:32.836  render           | Saved: '/tmp/clearvla_eval_opaque_74646.png'
52:33.262  render           | Saved: '/tmp/clearvla_eval_opaque_74646.png'
52:33.612  render           | Saved: '/tmp/clearvla_eval_opaque_74646.png'
52:34.038  render           | Saved: '/tmp/clearvla_eval_opaque_74646.png'
52:34.397  render           | Saved: '/tmp/clearvla_eval_opaque_74646.png'
52:34.821  render           | Saved: '/tmp/clearvla_eval_opaque_74646.png'
52:35.178  render           | Saved: '/tmp/clearvla_eval_opaque_74646.png'
52:35.605  render           | Saved: '/tmp/clearvla_eval_opaque_74646.png'
52:35.945  render           | Saved: '/tmp/clearvla_eval_opaque_74646.png'
52:36.366  render           | Saved: '/tmp/clearvla_eval_opaque_74646.png'
52:36.700  render           | Saved: '/tmp/clearvla_eval_opaque_74646.png'
52:37.131  render           | Saved: '/tmp/clearvla_eval_opaque_74646.png'
52:37.487  render           | Saved: '/tmp/clearvla_eval_opaque_74646.png'
52:37.908  render           | Saved: '/tmp/clearvla_eval_opaque_74646.png'
52:38.268  render           | Saved: '/tmp/clearvla_eval_opaque_74646.png'
52:38.691  render           | Saved: '/tmp/clearvla_eval_opaque_74646.png'
52:39.031  render           | Saved: '/tmp/clearvla_eval_opaque_74646.png'
52:39.456  render           | Saved: '/tmp/clearvla_eval_opaque_74646.png'
52:39.797  render           | Saved: '/tmp/clearvla_eval_opaque_74646.png'
52:40.231  render           | Saved: '/tmp/clearvla_eval_opaque_74646.png'
52:40.569  render           | Saved: '/tmp/clearvla_eval_opaque_74646.png'
52:41.005  render           | Saved: '/tmp/clearvla_eval_opaque_74646.png'
52:41.337  render           | Saved: '/tmp/clearvla_eval_opaque_74646.png'
52:41.779  render           | Saved: '/tmp/clearvla_eval_opaque_74646.png'
52:42.113  render           | Saved: '/tmp/clearvla_eval_opaque_74646.png'
52:42.992  render           | Saved: '/tmp/clearvla_eval_opaque_74646.png'
52:43.366  render           | Saved: '/tmp/clearvla_eval_opaque_74646.png'
52:43.874  render           | Saved: '/tmp/clearvla_eval_opaque_74646.png'
52:44.245  render           | Saved: '/tmp/clearvla_eval_opaque_74646.png'
52:44.686  render           | Saved: '/tmp/clearvla_eval_opaque_74646.png'
52:45.092  render           | Saved: '/tmp/clearvla_eval_opaque_74646.png'
52:45.624  render           | Saved: '/tmp/clearvla_eval_opaque_74646.png'
52:45.963  render           | Saved: '/tmp/clearvla_eval_opaque_74646.png'
52:46.391  render           | Saved: '/tmp/clearvla_eval_opaque_74646.png'
52:46.778  render           | Saved: '/tmp/clearvla_eval_opaque_74646.png'
52:47.230  render           | Saved: '/tmp/clearvla_eval_opaque_74646.png'
52:47.592  render           | Saved: '/tmp/clearvla_eval_opaque_74646.png'
52:48.034  render           | Saved: '/tmp/clearvla_eval_opaque_74646.png'
52:48.375  render           | Saved: '/tmp/clearvla_eval_opaque_74646.png'
52:48.788  render           | Saved: '/tmp/clearvla_eval_opaque_74646.png'
52:49.147  render           | Saved: '/tmp/clearvla_eval_opaque_74646.png'
52:49.557  render           | Saved: '/tmp/clearvla_eval_opaque_74646.png'
52:49.890  render           | Saved: '/tmp/clearvla_eval_opaque_74646.png'
52:50.280  render           | Saved: '/tmp/clearvla_eval_opaque_74646.png'
52:50.608  render           | Saved: '/tmp/clearvla_eval_opaque_74646.png'
52:51.005  render           | Saved: '/tmp/clearvla_eval_opaque_74646.png'
52:51.344  render           | Saved: '/tmp/clearvla_eval_opaque_74646.png'
52:51.741  render           | Saved: '/tmp/clearvla_eval_opaque_74646.png'
52:52.091  render           | Saved: '/tmp/clearvla_eval_opaque_74646.png'
52:52.549  render           | Saved: '/tmp/clearvla_eval_opaque_74646.png'
52:52.913  render           | Saved: '/tmp/clearvla_eval_opaque_74646.png'
52:53.369  render           | Saved: '/tmp/clearvla_eval_opaque_74646.png'
52:53.741  render           | Saved: '/tmp/clearvla_eval_opaque_74646.png'
52:54.192  render           | Saved: '/tmp/clearvla_eval_opaque_74646.png'
52:54.589  render           | Saved: '/tmp/clearvla_eval_opaque_74646.png'
52:55.051  render           | Saved: '/tmp/clearvla_eval_opaque_74646.png'
52:55.434  render           | Saved: '/tmp/clearvla_eval_opaque_74646.png'
52:55.893  render           | Saved: '/tmp/clearvla_eval_opaque_74646.png'
52:56.268  render           | Saved: '/tmp/clearvla_eval_opaque_74646.png'
52:56.726  render           | Saved: '/tmp/clearvla_eval_opaque_74646.png'
52:57.102  render           | Saved: '/tmp/clearvla_eval_opaque_74646.png'
52:57.557  render           | Saved: '/tmp/clearvla_eval_opaque_74646.png'
52:57.951  render           | Saved: '/tmp/clearvla_eval_opaque_74646.png'
52:58.411  render           | Saved: '/tmp/clearvla_eval_opaque_74646.png'
52:58.769  render           | Saved: '/tmp/clearvla_eval_opaque_74646.png'
52:59.231  render           | Saved: '/tmp/clearvla_eval_opaque_74646.png'
52:59.619  render           | Saved: '/tmp/clearvla_eval_opaque_74646.png'
53:00.074  render           | Saved: '/tmp/clearvla_eval_opaque_74646.png'
53:00.455  render           | Saved: '/tmp/clearvla_eval_opaque_74646.png'
53:00.881  render           | Saved: '/tmp/clearvla_eval_opaque_74646.png'
53:01.257  render           | Saved: '/tmp/clearvla_eval_opaque_74646.png'
53:01.710  render           | Saved: '/tmp/clearvla_eval_opaque_74646.png'
53:02.087  render           | Saved: '/tmp/clearvla_eval_opaque_74646.png'
53:02.513  render           | Saved: '/tmp/clearvla_eval_opaque_74646.png'
53:02.869  render           | Saved: '/tmp/clearvla_eval_opaque_74646.png'
53:03.292  render           | Saved: '/tmp/clearvla_eval_opaque_74646.png'
53:03.626  render           | Saved: '/tmp/clearvla_eval_opaque_74646.png'
53:04.045  render           | Saved: '/tmp/clearvla_eval_opaque_74646.png'
53:04.376  render           | Saved: '/tmp/clearvla_eval_opaque_74646.png'
53:04.797  render           | Saved: '/tmp/clearvla_eval_opaque_74646.png'
53:05.145  render           | Saved: '/tmp/clearvla_eval_opaque_74646.png'
53:05.563  render           | Saved: '/tmp/clearvla_eval_opaque_74646.png'
53:05.910  render           | Saved: '/tmp/clearvla_eval_opaque_74646.png'
53:06.332  render           | Saved: '/tmp/clearvla_eval_opaque_74646.png'
53:06.683  render           | Saved: '/tmp/clearvla_eval_opaque_74646.png'
53:07.099  render           | Saved: '/tmp/clearvla_eval_opaque_74646.png'
53:07.449  render           | Saved: '/tmp/clearvla_eval_opaque_74646.png'
53:07.876  render           | Saved: '/tmp/clearvla_eval_opaque_74646.png'
53:08.203  render           | Saved: '/tmp/clearvla_eval_opaque_74646.png'
53:08.623  render           | Saved: '/tmp/clearvla_eval_opaque_74646.png'
53:08.957  render           | Saved: '/tmp/clearvla_eval_opaque_74646.png'
53:09.379  render           | Saved: '/tmp/clearvla_eval_opaque_74646.png'
53:09.709  render           | Saved: '/tmp/clearvla_eval_opaque_74646.png'
53:10.111  render           | Saved: '/tmp/clearvla_eval_opaque_74646.png'
53:10.444  render           | Saved: '/tmp/clearvla_eval_opaque_74646.png'
53:10.865  render           | Saved: '/tmp/clearvla_eval_opaque_74646.png'
53:11.213  render           | Saved: '/tmp/clearvla_eval_opaque_74646.png'
53:11.616  render           | Saved: '/tmp/clearvla_eval_opaque_74646.png'
53:11.949  render           | Saved: '/tmp/clearvla_eval_opaque_74646.png'
53:12.367  render           | Saved: '/tmp/clearvla_eval_opaque_74646.png'
53:12.700  render           | Saved: '/tmp/clearvla_eval_opaque_74646.png'
53:13.611  render           | Saved: '/tmp/clearvla_eval_opaque_74646.png'
53:13.996  render           | Saved: '/tmp/clearvla_eval_opaque_74646.png'
53:14.485  render           | Saved: '/tmp/clearvla_eval_opaque_74646.png'
53:14.865  render           | Saved: '/tmp/clearvla_eval_opaque_74646.png'
53:15.310  render           | Saved: '/tmp/clearvla_eval_opaque_74646.png'
53:15.681  render           | Saved: '/tmp/clearvla_eval_opaque_74646.png'
53:16.177  render           | Saved: '/tmp/clearvla_eval_opaque_74646.png'
53:16.574  render           | Saved: '/tmp/clearvla_eval_opaque_74646.png'
53:17.002  render           | Saved: '/tmp/clearvla_eval_opaque_74646.png'
53:17.399  render           | Saved: '/tmp/clearvla_eval_opaque_74646.png'
53:17.873  render           | Saved: '/tmp/clearvla_eval_opaque_74646.png'
53:18.244  render           | Saved: '/tmp/clearvla_eval_opaque_74646.png'
53:18.708  render           | Saved: '/tmp/clearvla_eval_opaque_74646.png'
53:19.092  render           | Saved: '/tmp/clearvla_eval_opaque_74646.png'
53:19.560  render           | Saved: '/tmp/clearvla_eval_opaque_74646.png'
53:19.960  render           | Saved: '/tmp/clearvla_eval_opaque_74646.png'
53:20.439  render           | Saved: '/tmp/clearvla_eval_opaque_74646.png'
53:20.806  render           | Saved: '/tmp/clearvla_eval_opaque_74646.png'
53:21.263  render           | Saved: '/tmp/clearvla_eval_opaque_74646.png'
53:21.642  render           | Saved: '/tmp/clearvla_eval_opaque_74646.png'
53:22.098  render           | Saved: '/tmp/clearvla_eval_opaque_74646.png'
53:22.480  render           | Saved: '/tmp/clearvla_eval_opaque_74646.png'
53:22.948  render           | Saved: '/tmp/clearvla_eval_opaque_74646.png'
53:23.327  render           | Saved: '/tmp/clearvla_eval_opaque_74646.png'
53:23.804  render           | Saved: '/tmp/clearvla_eval_opaque_74646.png'
53:24.179  render           | Saved: '/tmp/clearvla_eval_opaque_74646.png'
53:24.638  render           | Saved: '/tmp/clearvla_eval_opaque_74646.png'
53:25.019  render           | Saved: '/tmp/clearvla_eval_opaque_74646.png'
53:25.478  render           | Saved: '/tmp/clearvla_eval_opaque_74646.png'
53:25.860  render           | Saved: '/tmp/clearvla_eval_opaque_74646.png'
53:26.305  render           | Saved: '/tmp/clearvla_eval_opaque_74646.png'
53:26.686  render           | Saved: '/tmp/clearvla_eval_opaque_74646.png'
53:27.160  render           | Saved: '/tmp/clearvla_eval_opaque_74646.png'
53:27.546  render           | Saved: '/tmp/clearvla_eval_opaque_74646.png'
53:27.999  render           | Saved: '/tmp/clearvla_eval_opaque_74646.png'
53:28.391  render           | Saved: '/tmp/clearvla_eval_opaque_74646.png'
53:28.857  render           | Saved: '/tmp/clearvla_eval_opaque_74646.png'
53:29.237  render           | Saved: '/tmp/clearvla_eval_opaque_74646.png'
53:29.687  render           | Saved: '/tmp/clearvla_eval_opaque_74646.png'
53:30.081  render           | Saved: '/tmp/clearvla_eval_opaque_74646.png'
53:30.560  render           | Saved: '/tmp/clearvla_eval_opaque_74646.png'
53:30.910  render           | Saved: '/tmp/clearvla_eval_opaque_74646.png'
53:31.361  render           | Saved: '/tmp/clearvla_eval_opaque_74646.png'
53:31.743  render           | Saved: '/tmp/clearvla_eval_opaque_74646.png'
53:32.210  render           | Saved: '/tmp/clearvla_eval_opaque_74646.png'
53:32.609  render           | Saved: '/tmp/clearvla_eval_opaque_74646.png'
53:33.091  render           | Saved: '/tmp/clearvla_eval_opaque_74646.png'
53:33.482  render           | Saved: '/tmp/clearvla_eval_opaque_74646.png'
53:33.908  render           | Saved: '/tmp/clearvla_eval_opaque_74646.png'
53:34.249  render           | Saved: '/tmp/clearvla_eval_opaque_74646.png'
53:34.692  render           | Saved: '/tmp/clearvla_eval_opaque_74646.png'
53:35.027  render           | Saved: '/tmp/clearvla_eval_opaque_74646.png'
53:35.460  render           | Saved: '/tmp/clearvla_eval_opaque_74646.png'
53:35.814  render           | Saved: '/tmp/clearvla_eval_opaque_74646.png'
53:36.226  render           | Saved: '/tmp/clearvla_eval_opaque_74646.png'
53:36.561  render           | Saved: '/tmp/clearvla_eval_opaque_74646.png'
53:36.978  render           | Saved: '/tmp/clearvla_eval_opaque_74646.png'
53:37.308  render           | Saved: '/tmp/clearvla_eval_opaque_74646.png'
53:37.732  render           | Saved: '/tmp/clearvla_eval_opaque_74646.png'
53:38.074  render           | Saved: '/tmp/clearvla_eval_opaque_74646.png'
53:38.495  render           | Saved: '/tmp/clearvla_eval_opaque_74646.png'
53:38.833  render           | Saved: '/tmp/clearvla_eval_opaque_74646.png'
53:39.262  render           | Saved: '/tmp/clearvla_eval_opaque_74646.png'
53:39.611  render           | Saved: '/tmp/clearvla_eval_opaque_74646.png'
53:40.009  render           | Saved: '/tmp/clearvla_eval_opaque_74646.png'
53:40.347  render           | Saved: '/tmp/clearvla_eval_opaque_74646.png'
53:40.771  render           | Saved: '/tmp/clearvla_eval_opaque_74646.png'
53:41.111  render           | Saved: '/tmp/clearvla_eval_opaque_74646.png'
53:41.535  render           | Saved: '/tmp/clearvla_eval_opaque_74646.png'
53:41.886  render           | Saved: '/tmp/clearvla_eval_opaque_74646.png'
53:42.316  render           | Saved: '/tmp/clearvla_eval_opaque_74646.png'
53:42.647  render           | Saved: '/tmp/clearvla_eval_opaque_74646.png'
53:43.074  render           | Saved: '/tmp/clearvla_eval_opaque_74646.png'
53:43.406  render           | Saved: '/tmp/clearvla_eval_opaque_74646.png'
53:43.836  render           | Saved: '/tmp/clearvla_eval_opaque_74646.png'
53:44.192  render           | Saved: '/tmp/clearvla_eval_opaque_74646.png'
53:44.998  render           | Saved: '/tmp/clearvla_eval_opaque_74646.png'
53:45.338  render           | Saved: '/tmp/clearvla_eval_opaque_74646.png'
53:45.735  render           | Saved: '/tmp/clearvla_eval_opaque_74646.png'
53:46.078  render           | Saved: '/tmp/clearvla_eval_opaque_74646.png'
53:46.476  render           | Saved: '/tmp/clearvla_eval_opaque_74646.png'
53:46.820  render           | Saved: '/tmp/clearvla_eval_opaque_74646.png'
53:47.222  render           | Saved: '/tmp/clearvla_eval_opaque_74646.png'
53:47.570  render           | Saved: '/tmp/clearvla_eval_opaque_74646.png'
53:47.971  render           | Saved: '/tmp/clearvla_eval_opaque_74646.png'
53:48.318  render           | Saved: '/tmp/clearvla_eval_opaque_74646.png'
53:48.743  render           | Saved: '/tmp/clearvla_eval_opaque_74646.png'
53:49.104  render           | Saved: '/tmp/clearvla_eval_opaque_74646.png'
53:49.566  render           | Saved: '/tmp/clearvla_eval_opaque_74646.png'
53:49.946  render           | Saved: '/tmp/clearvla_eval_opaque_74646.png'
53:50.412  render           | Saved: '/tmp/clearvla_eval_opaque_74646.png'
53:50.789  render           | Saved: '/tmp/clearvla_eval_opaque_74646.png'
53:51.246  render           | Saved: '/tmp/clearvla_eval_opaque_74646.png'
53:51.619  render           | Saved: '/tmp/clearvla_eval_opaque_74646.png'
53:52.055  render           | Saved: '/tmp/clearvla_eval_opaque_74646.png'
53:52.400  render           | Saved: '/tmp/clearvla_eval_opaque_74646.png'
53:52.804  render           | Saved: '/tmp/clearvla_eval_opaque_74646.png'
53:53.185  render           | Saved: '/tmp/clearvla_eval_opaque_74646.png'
53:53.645  render           | Saved: '/tmp/clearvla_eval_opaque_74646.png'
53:54.021  render           | Saved: '/tmp/clearvla_eval_opaque_74646.png'
53:54.491  render           | Saved: '/tmp/clearvla_eval_opaque_74646.png'
53:54.866  render           | Saved: '/tmp/clearvla_eval_opaque_74646.png'
53:55.324  render           | Saved: '/tmp/clearvla_eval_opaque_74646.png'
53:55.696  render           | Saved: '/tmp/clearvla_eval_opaque_74646.png'
53:56.149  render           | Saved: '/tmp/clearvla_eval_opaque_74646.png'
53:56.528  render           | Saved: '/tmp/clearvla_eval_opaque_74646.png'
53:56.981  render           | Saved: '/tmp/clearvla_eval_opaque_74646.png'
53:57.354  render           | Saved: '/tmp/clearvla_eval_opaque_74646.png'
53:57.808  render           | Saved: '/tmp/clearvla_eval_opaque_74646.png'
53:58.179  render           | Saved: '/tmp/clearvla_eval_opaque_74646.png'
53:58.632  render           | Saved: '/tmp/clearvla_eval_opaque_74646.png'
53:59.023  render           | Saved: '/tmp/clearvla_eval_opaque_74646.png'
53:59.478  render           | Saved: '/tmp/clearvla_eval_opaque_74646.png'
53:59.853  render           | Saved: '/tmp/clearvla_eval_opaque_74646.png'
54:00.309  render           | Saved: '/tmp/clearvla_eval_opaque_74646.png'
54:00.688  render           | Saved: '/tmp/clearvla_eval_opaque_74646.png'
54:01.144  render           | Saved: '/tmp/clearvla_eval_opaque_74646.png'
54:01.518  render           | Saved: '/tmp/clearvla_eval_opaque_74646.png'
54:01.979  render           | Saved: '/tmp/clearvla_eval_opaque_74646.png'
54:02.342  render           | Saved: '/tmp/clearvla_eval_opaque_74646.png'
54:02.787  render           | Saved: '/tmp/clearvla_eval_opaque_74646.png'
54:03.154  render           | Saved: '/tmp/clearvla_eval_opaque_74646.png'
54:03.610  render           | Saved: '/tmp/clearvla_eval_opaque_74646.png'
54:03.979  render           | Saved: '/tmp/clearvla_eval_opaque_74646.png'
54:04.402  render           | Saved: '/tmp/clearvla_eval_opaque_74646.png'
54:04.746  render           | Saved: '/tmp/clearvla_eval_opaque_74646.png'
54:05.209  render           | Saved: '/tmp/clearvla_eval_opaque_74646.png'
54:05.542  render           | Saved: '/tmp/clearvla_eval_opaque_74646.png'
54:05.989  render           | Saved: '/tmp/clearvla_eval_opaque_74646.png'
54:06.322  render           | Saved: '/tmp/clearvla_eval_opaque_74646.png'
54:06.747  render           | Saved: '/tmp/clearvla_eval_opaque_74646.png'
54:07.077  render           | Saved: '/tmp/clearvla_eval_opaque_74646.png'
54:07.517  render           | Saved: '/tmp/clearvla_eval_opaque_74646.png'
54:07.851  render           | Saved: '/tmp/clearvla_eval_opaque_74646.png'
54:08.296  render           | Saved: '/tmp/clearvla_eval_opaque_74646.png'
54:08.630  render           | Saved: '/tmp/clearvla_eval_opaque_74646.png'
54:09.039  render           | Saved: '/tmp/clearvla_eval_opaque_74646.png'
54:09.372  render           | Saved: '/tmp/clearvla_eval_opaque_74646.png'
54:09.798  render           | Saved: '/tmp/clearvla_eval_opaque_74646.png'
54:10.130  render           | Saved: '/tmp/clearvla_eval_opaque_74646.png'
54:10.546  render           | Saved: '/tmp/clearvla_eval_opaque_74646.png'
54:10.898  render           | Saved: '/tmp/clearvla_eval_opaque_74646.png'
54:11.313  render           | Saved: '/tmp/clearvla_eval_opaque_74646.png'
54:11.646  render           | Saved: '/tmp/clearvla_eval_opaque_74646.png'
54:12.070  render           | Saved: '/tmp/clearvla_eval_opaque_74646.png'
54:12.398  render           | Saved: '/tmp/clearvla_eval_opaque_74646.png'
54:12.826  render           | Saved: '/tmp/clearvla_eval_opaque_74646.png'
54:13.161  render           | Saved: '/tmp/clearvla_eval_opaque_74646.png'
54:13.647  render           | Saved: '/tmp/clearvla_eval_opaque_74646.png'
54:14.046  render           | Saved: '/tmp/clearvla_eval_opaque_74646.png'
54:14.469  render           | Saved: '/tmp/clearvla_eval_opaque_74646.png'
54:14.803  render           | Saved: '/tmp/clearvla_eval_opaque_74646.png'
54:15.644  render           | Saved: '/tmp/clearvla_eval_opaque_74646.png'
54:15.974  render           | Saved: '/tmp/clearvla_eval_opaque_74646.png'
54:16.390  render           | Saved: '/tmp/clearvla_eval_opaque_74646.png'
54:16.720  render           | Saved: '/tmp/clearvla_eval_opaque_74646.png'
54:17.130  render           | Saved: '/tmp/clearvla_eval_opaque_74646.png'
54:17.460  render           | Saved: '/tmp/clearvla_eval_opaque_74646.png'
54:17.870  render           | Saved: '/tmp/clearvla_eval_opaque_74646.png'
54:18.206  render           | Saved: '/tmp/clearvla_eval_opaque_74646.png'
54:18.614  render           | Saved: '/tmp/clearvla_eval_opaque_74646.png'
54:18.947  render           | Saved: '/tmp/clearvla_eval_opaque_74646.png'
54:19.353  render           | Saved: '/tmp/clearvla_eval_opaque_74646.png'
54:19.689  render           | Saved: '/tmp/clearvla_eval_opaque_74646.png'
54:20.109  render           | Saved: '/tmp/clearvla_eval_opaque_74646.png'
54:20.449  render           | Saved: '/tmp/clearvla_eval_opaque_74646.png'
54:20.854  render           | Saved: '/tmp/clearvla_eval_opaque_74646.png'
54:21.190  render           | Saved: '/tmp/clearvla_eval_opaque_74646.png'
54:21.590  render           | Saved: '/tmp/clearvla_eval_opaque_74646.png'
54:21.926  render           | Saved: '/tmp/clearvla_eval_opaque_74646.png'
54:22.330  render           | Saved: '/tmp/clearvla_eval_opaque_74646.png'
54:22.664  render           | Saved: '/tmp/clearvla_eval_opaque_74646.png'
54:23.071  render           | Saved: '/tmp/clearvla_eval_opaque_74646.png'
54:23.407  render           | Saved: '/tmp/clearvla_eval_opaque_74646.png'
54:23.809  render           | Saved: '/tmp/clearvla_eval_opaque_74646.png'
54:24.156  render           | Saved: '/tmp/clearvla_eval_opaque_74646.png'
54:24.554  render           | Saved: '/tmp/clearvla_eval_opaque_74646.png'
54:24.889  render           | Saved: '/tmp/clearvla_eval_opaque_74646.png'
54:25.278  render           | Saved: '/tmp/clearvla_eval_opaque_74646.png'
54:25.603  render           | Saved: '/tmp/clearvla_eval_opaque_74646.png'
54:25.996  render           | Saved: '/tmp/clearvla_eval_opaque_74646.png'
54:26.350  render           | Saved: '/tmp/clearvla_eval_opaque_74646.png'
54:26.742  render           | Saved: '/tmp/clearvla_eval_opaque_74646.png'
54:27.130  render           | Saved: '/tmp/clearvla_eval_opaque_74646.png'
54:27.540  render           | Saved: '/tmp/clearvla_eval_opaque_74646.png'
54:27.898  render           | Saved: '/tmp/clearvla_eval_opaque_74646.png'
54:28.310  render           | Saved: '/tmp/clearvla_eval_opaque_74646.png'
54:28.655  render           | Saved: '/tmp/clearvla_eval_opaque_74646.png'
54:29.101  render           | Saved: '/tmp/clearvla_eval_opaque_74646.png'
54:29.448  render           | Saved: '/tmp/clearvla_eval_opaque_74646.png'
54:29.873  render           | Saved: '/tmp/clearvla_eval_opaque_74646.png'
54:30.213  render           | Saved: '/tmp/clearvla_eval_opaque_74646.png'
54:30.667  render           | Saved: '/tmp/clearvla_eval_opaque_74646.png'
54:30.999  render           | Saved: '/tmp/clearvla_eval_opaque_74646.png'
54:31.427  render           | Saved: '/tmp/clearvla_eval_opaque_74646.png'
54:31.755  render           | Saved: '/tmp/clearvla_eval_opaque_74646.png'
54:32.184  render           | Saved: '/tmp/clearvla_eval_opaque_74646.png'
54:32.511  render           | Saved: '/tmp/clearvla_eval_opaque_74646.png'
54:32.940  render           | Saved: '/tmp/clearvla_eval_opaque_74646.png'
54:33.270  render           | Saved: '/tmp/clearvla_eval_opaque_74646.png'
54:33.700  render           | Saved: '/tmp/clearvla_eval_opaque_74646.png'
54:34.036  render           | Saved: '/tmp/clearvla_eval_opaque_74646.png'
54:34.439  render           | Saved: '/tmp/clearvla_eval_opaque_74646.png'
54:34.785  render           | Saved: '/tmp/clearvla_eval_opaque_74646.png'
54:35.210  render           | Saved: '/tmp/clearvla_eval_opaque_74646.png'
54:35.557  render           | Saved: '/tmp/clearvla_eval_opaque_74646.png'
54:35.961  render           | Saved: '/tmp/clearvla_eval_opaque_74646.png'
54:36.303  render           | Saved: '/tmp/clearvla_eval_opaque_74646.png'
54:36.708  render           | Saved: '/tmp/clearvla_eval_opaque_74646.png'
54:37.045  render           | Saved: '/tmp/clearvla_eval_opaque_74646.png'
54:37.450  render           | Saved: '/tmp/clearvla_eval_opaque_74646.png'
54:37.786  render           | Saved: '/tmp/clearvla_eval_opaque_74646.png'
54:38.183  render           | Saved: '/tmp/clearvla_eval_opaque_74646.png'
54:38.519  render           | Saved: '/tmp/clearvla_eval_opaque_74646.png'
54:38.923  render           | Saved: '/tmp/clearvla_eval_opaque_74646.png'
54:39.254  render           | Saved: '/tmp/clearvla_eval_opaque_74646.png'
54:39.652  render           | Saved: '/tmp/clearvla_eval_opaque_74646.png'
54:39.985  render           | Saved: '/tmp/clearvla_eval_opaque_74646.png'
54:40.391  render           | Saved: '/tmp/clearvla_eval_opaque_74646.png'
54:40.720  render           | Saved: '/tmp/clearvla_eval_opaque_74646.png'
54:41.110  render           | Saved: '/tmp/clearvla_eval_opaque_74646.png'
54:41.447  render           | Saved: '/tmp/clearvla_eval_opaque_74646.png'
54:41.841  render           | Saved: '/tmp/clearvla_eval_opaque_74646.png'
54:42.173  render           | Saved: '/tmp/clearvla_eval_opaque_74646.png'
54:42.569  render           | Saved: '/tmp/clearvla_eval_opaque_74646.png'
54:42.904  render           | Saved: '/tmp/clearvla_eval_opaque_74646.png'
54:43.298  render           | Saved: '/tmp/clearvla_eval_opaque_74646.png'
54:43.626  render           | Saved: '/tmp/clearvla_eval_opaque_74646.png'
54:44.481  render           | Saved: '/tmp/clearvla_eval_opaque_74646.png'
54:44.802  render           | Saved: '/tmp/clearvla_eval_opaque_74646.png'
54:45.259  render           | Saved: '/tmp/clearvla_eval_opaque_74646.png'
54:45.589  render           | Saved: '/tmp/clearvla_eval_opaque_74646.png'
54:46.045  render           | Saved: '/tmp/clearvla_eval_opaque_74646.png'
54:46.371  render           | Saved: '/tmp/clearvla_eval_opaque_74646.png'
54:46.792  render           | Saved: '/tmp/clearvla_eval_opaque_74646.png'
54:47.129  render           | Saved: '/tmp/clearvla_eval_opaque_74646.png'
54:47.534  render           | Saved: '/tmp/clearvla_eval_opaque_74646.png'
54:47.871  render           | Saved: '/tmp/clearvla_eval_opaque_74646.png'
54:48.300  render           | Saved: '/tmp/clearvla_eval_opaque_74646.png'
54:48.649  render           | Saved: '/tmp/clearvla_eval_opaque_74646.png'
54:49.072  render           | Saved: '/tmp/clearvla_eval_opaque_74646.png'
54:49.413  render           | Saved: '/tmp/clearvla_eval_opaque_74646.png'
54:49.830  render           | Saved: '/tmp/clearvla_eval_opaque_74646.png'
54:50.166  render           | Saved: '/tmp/clearvla_eval_opaque_74646.png'
54:50.580  render           | Saved: '/tmp/clearvla_eval_opaque_74646.png'
54:50.919  render           | Saved: '/tmp/clearvla_eval_opaque_74646.png'
54:51.352  render           | Saved: '/tmp/clearvla_eval_opaque_74646.png'
54:51.682  render           | Saved: '/tmp/clearvla_eval_opaque_74646.png'
54:52.116  render           | Saved: '/tmp/clearvla_eval_opaque_74646.png'
54:52.447  render           | Saved: '/tmp/clearvla_eval_opaque_74646.png'
54:52.878  render           | Saved: '/tmp/clearvla_eval_opaque_74646.png'
54:53.204  render           | Saved: '/tmp/clearvla_eval_opaque_74646.png'
54:53.629  render           | Saved: '/tmp/clearvla_eval_opaque_74646.png'
54:53.965  render           | Saved: '/tmp/clearvla_eval_opaque_74646.png'
54:54.381  render           | Saved: '/tmp/clearvla_eval_opaque_74646.png'
54:54.714  render           | Saved: '/tmp/clearvla_eval_opaque_74646.png'
54:55.131  render           | Saved: '/tmp/clearvla_eval_opaque_74646.png'
54:55.469  render           | Saved: '/tmp/clearvla_eval_opaque_74646.png'
54:55.879  render           | Saved: '/tmp/clearvla_eval_opaque_74646.png'
54:56.222  render           | Saved: '/tmp/clearvla_eval_opaque_74646.png'
54:56.641  render           | Saved: '/tmp/clearvla_eval_opaque_74646.png'
54:56.983  render           | Saved: '/tmp/clearvla_eval_opaque_74646.png'
54:57.398  render           | Saved: '/tmp/clearvla_eval_opaque_74646.png'
54:57.740  render           | Saved: '/tmp/clearvla_eval_opaque_74646.png'
54:58.150  render           | Saved: '/tmp/clearvla_eval_opaque_74646.png'
54:58.495  render           | Saved: '/tmp/clearvla_eval_opaque_74646.png'
54:58.901  render           | Saved: '/tmp/clearvla_eval_opaque_74646.png'
54:59.236  render           | Saved: '/tmp/clearvla_eval_opaque_74646.png'
54:59.638  render           | Saved: '/tmp/clearvla_eval_opaque_74646.png'
54:59.968  render           | Saved: '/tmp/clearvla_eval_opaque_74646.png'
55:00.374  render           | Saved: '/tmp/clearvla_eval_opaque_74646.png'
55:00.698  render           | Saved: '/tmp/clearvla_eval_opaque_74646.png'
55:01.110  render           | Saved: '/tmp/clearvla_eval_opaque_74646.png'
55:01.439  render           | Saved: '/tmp/clearvla_eval_opaque_74646.png'
55:01.849  render           | Saved: '/tmp/clearvla_eval_opaque_74646.png'
55:02.176  render           | Saved: '/tmp/clearvla_eval_opaque_74646.png'
55:02.589  render           | Saved: '/tmp/clearvla_eval_opaque_74646.png'
55:02.918  render           | Saved: '/tmp/clearvla_eval_opaque_74646.png'
55:03.309  render           | Saved: '/tmp/clearvla_eval_opaque_74646.png'
55:03.637  render           | Saved: '/tmp/clearvla_eval_opaque_74646.png'
55:04.031  render           | Saved: '/tmp/clearvla_eval_opaque_74646.png'
55:04.366  render           | Saved: '/tmp/clearvla_eval_opaque_74646.png'
55:04.763  render           | Saved: '/tmp/clearvla_eval_opaque_74646.png'
55:05.124  render           | Saved: '/tmp/clearvla_eval_opaque_74646.png'
55:05.515  render           | Saved: '/tmp/clearvla_eval_opaque_74646.png'
55:05.879  render           | Saved: '/tmp/clearvla_eval_opaque_74646.png'
55:06.288  render           | Saved: '/tmp/clearvla_eval_opaque_74646.png'
55:06.631  render           | Saved: '/tmp/clearvla_eval_opaque_74646.png'
55:07.048  render           | Saved: '/tmp/clearvla_eval_opaque_74646.png'
55:07.383  render           | Saved: '/tmp/clearvla_eval_opaque_74646.png'
55:07.799  render           | Saved: '/tmp/clearvla_eval_opaque_74646.png'
55:08.142  render           | Saved: '/tmp/clearvla_eval_opaque_74646.png'
55:08.557  render           | Saved: '/tmp/clearvla_eval_opaque_74646.png'
55:08.908  render           | Saved: '/tmp/clearvla_eval_opaque_74646.png'
55:09.339  render           | Saved: '/tmp/clearvla_eval_opaque_74646.png'
55:09.669  render           | Saved: '/tmp/clearvla_eval_opaque_74646.png'
55:10.104  render           | Saved: '/tmp/clearvla_eval_opaque_74646.png'
55:10.435  render           | Saved: '/tmp/clearvla_eval_opaque_74646.png'
55:10.870  render           | Saved: '/tmp/clearvla_eval_opaque_74646.png'
55:11.198  render           | Saved: '/tmp/clearvla_eval_opaque_74646.png'
55:11.626  render           | Saved: '/tmp/clearvla_eval_opaque_74646.png'
55:11.957  render           | Saved: '/tmp/clearvla_eval_opaque_74646.png'
55:12.365  render           | Saved: '/tmp/clearvla_eval_opaque_74646.png'
55:12.712  render           | Saved: '/tmp/clearvla_eval_opaque_74646.png'
[cache25/opaque] insert: 1/10  (55.1 min, 28.7 s/ep)
55:13.544  render           | Saved: '/tmp/clearvla_eval_opaque_74646.png'
55:13.874  render           | Saved: '/tmp/clearvla_eval_opaque_74646.png'
55:14.306  render           | Saved: '/tmp/clearvla_eval_opaque_74646.png'
55:14.646  render           | Saved: '/tmp/clearvla_eval_opaque_74646.png'
55:15.068  render           | Saved: '/tmp/clearvla_eval_opaque_74646.png'
55:15.404  render           | Saved: '/tmp/clearvla_eval_opaque_74646.png'
55:15.828  render           | Saved: '/tmp/clearvla_eval_opaque_74646.png'
55:16.164  render           | Saved: '/tmp/clearvla_eval_opaque_74646.png'
55:16.576  render           | Saved: '/tmp/clearvla_eval_opaque_74646.png'
55:16.920  render           | Saved: '/tmp/clearvla_eval_opaque_74646.png'
55:17.341  render           | Saved: '/tmp/clearvla_eval_opaque_74646.png'
55:17.675  render           | Saved: '/tmp/clearvla_eval_opaque_74646.png'
55:18.096  render           | Saved: '/tmp/clearvla_eval_opaque_74646.png'
55:18.421  render           | Saved: '/tmp/clearvla_eval_opaque_74646.png'
55:18.839  render           | Saved: '/tmp/clearvla_eval_opaque_74646.png'
55:19.171  render           | Saved: '/tmp/clearvla_eval_opaque_74646.png'
55:19.583  render           | Saved: '/tmp/clearvla_eval_opaque_74646.png'
55:19.923  render           | Saved: '/tmp/clearvla_eval_opaque_74646.png'
55:20.333  render           | Saved: '/tmp/clearvla_eval_opaque_74646.png'
55:20.662  render           | Saved: '/tmp/clearvla_eval_opaque_74646.png'
55:21.067  render           | Saved: '/tmp/clearvla_eval_opaque_74646.png'
55:21.398  render           | Saved: '/tmp/clearvla_eval_opaque_74646.png'
55:21.805  render           | Saved: '/tmp/clearvla_eval_opaque_74646.png'
55:22.136  render           | Saved: '/tmp/clearvla_eval_opaque_74646.png'
55:22.545  render           | Saved: '/tmp/clearvla_eval_opaque_74646.png'
55:22.901  render           | Saved: '/tmp/clearvla_eval_opaque_74646.png'
55:23.316  render           | Saved: '/tmp/clearvla_eval_opaque_74646.png'
55:23.658  render           | Saved: '/tmp/clearvla_eval_opaque_74646.png'
55:24.073  render           | Saved: '/tmp/clearvla_eval_opaque_74646.png'
55:24.411  render           | Saved: '/tmp/clearvla_eval_opaque_74646.png'
55:24.821  render           | Saved: '/tmp/clearvla_eval_opaque_74646.png'
55:25.158  render           | Saved: '/tmp/clearvla_eval_opaque_74646.png'
55:25.569  render           | Saved: '/tmp/clearvla_eval_opaque_74646.png'
55:25.909  render           | Saved: '/tmp/clearvla_eval_opaque_74646.png'
55:26.324  render           | Saved: '/tmp/clearvla_eval_opaque_74646.png'
55:26.665  render           | Saved: '/tmp/clearvla_eval_opaque_74646.png'
55:27.091  render           | Saved: '/tmp/clearvla_eval_opaque_74646.png'
55:27.428  render           | Saved: '/tmp/clearvla_eval_opaque_74646.png'
55:27.856  render           | Saved: '/tmp/clearvla_eval_opaque_74646.png'
55:28.190  render           | Saved: '/tmp/clearvla_eval_opaque_74646.png'
55:28.621  render           | Saved: '/tmp/clearvla_eval_opaque_74646.png'
55:28.953  render           | Saved: '/tmp/clearvla_eval_opaque_74646.png'
55:29.381  render           | Saved: '/tmp/clearvla_eval_opaque_74646.png'
55:29.714  render           | Saved: '/tmp/clearvla_eval_opaque_74646.png'
55:30.145  render           | Saved: '/tmp/clearvla_eval_opaque_74646.png'
55:30.473  render           | Saved: '/tmp/clearvla_eval_opaque_74646.png'
55:30.906  render           | Saved: '/tmp/clearvla_eval_opaque_74646.png'
55:31.236  render           | Saved: '/tmp/clearvla_eval_opaque_74646.png'
55:31.661  render           | Saved: '/tmp/clearvla_eval_opaque_74646.png'
55:31.998  render           | Saved: '/tmp/clearvla_eval_opaque_74646.png'
55:32.425  render           | Saved: '/tmp/clearvla_eval_opaque_74646.png'
55:32.756  render           | Saved: '/tmp/clearvla_eval_opaque_74646.png'
55:33.189  render           | Saved: '/tmp/clearvla_eval_opaque_74646.png'
55:33.523  render           | Saved: '/tmp/clearvla_eval_opaque_74646.png'
55:33.956  render           | Saved: '/tmp/clearvla_eval_opaque_74646.png'
55:34.288  render           | Saved: '/tmp/clearvla_eval_opaque_74646.png'
55:34.696  render           | Saved: '/tmp/clearvla_eval_opaque_74646.png'
55:35.034  render           | Saved: '/tmp/clearvla_eval_opaque_74646.png'
55:35.442  render           | Saved: '/tmp/clearvla_eval_opaque_74646.png'
55:35.795  render           | Saved: '/tmp/clearvla_eval_opaque_74646.png'
55:36.224  render           | Saved: '/tmp/clearvla_eval_opaque_74646.png'
55:36.555  render           | Saved: '/tmp/clearvla_eval_opaque_74646.png'
55:36.986  render           | Saved: '/tmp/clearvla_eval_opaque_74646.png'
55:37.316  render           | Saved: '/tmp/clearvla_eval_opaque_74646.png'
55:37.742  render           | Saved: '/tmp/clearvla_eval_opaque_74646.png'
55:38.077  render           | Saved: '/tmp/clearvla_eval_opaque_74646.png'
55:38.496  render           | Saved: '/tmp/clearvla_eval_opaque_74646.png'
55:38.833  render           | Saved: '/tmp/clearvla_eval_opaque_74646.png'
55:39.247  render           | Saved: '/tmp/clearvla_eval_opaque_74646.png'
55:39.580  render           | Saved: '/tmp/clearvla_eval_opaque_74646.png'
55:39.976  render           | Saved: '/tmp/clearvla_eval_opaque_74646.png'
55:40.313  render           | Saved: '/tmp/clearvla_eval_opaque_74646.png'
55:40.716  render           | Saved: '/tmp/clearvla_eval_opaque_74646.png'
55:41.044  render           | Saved: '/tmp/clearvla_eval_opaque_74646.png'
55:41.440  render           | Saved: '/tmp/clearvla_eval_opaque_74646.png'
55:41.769  render           | Saved: '/tmp/clearvla_eval_opaque_74646.png'
55:42.642  render           | Saved: '/tmp/clearvla_eval_opaque_74646.png'
55:42.969  render           | Saved: '/tmp/clearvla_eval_opaque_74646.png'
55:43.402  render           | Saved: '/tmp/clearvla_eval_opaque_74646.png'
55:43.735  render           | Saved: '/tmp/clearvla_eval_opaque_74646.png'
55:44.149  render           | Saved: '/tmp/clearvla_eval_opaque_74646.png'
55:44.473  render           | Saved: '/tmp/clearvla_eval_opaque_74646.png'
55:44.893  render           | Saved: '/tmp/clearvla_eval_opaque_74646.png'
55:45.221  render           | Saved: '/tmp/clearvla_eval_opaque_74646.png'
55:45.636  render           | Saved: '/tmp/clearvla_eval_opaque_74646.png'
55:45.960  render           | Saved: '/tmp/clearvla_eval_opaque_74646.png'
55:46.377  render           | Saved: '/tmp/clearvla_eval_opaque_74646.png'
55:46.714  render           | Saved: '/tmp/clearvla_eval_opaque_74646.png'
55:47.150  render           | Saved: '/tmp/clearvla_eval_opaque_74646.png'
55:47.478  render           | Saved: '/tmp/clearvla_eval_opaque_74646.png'
55:47.898  render           | Saved: '/tmp/clearvla_eval_opaque_74646.png'
55:48.228  render           | Saved: '/tmp/clearvla_eval_opaque_74646.png'
55:48.638  render           | Saved: '/tmp/clearvla_eval_opaque_74646.png'
55:48.976  render           | Saved: '/tmp/clearvla_eval_opaque_74646.png'
55:49.386  render           | Saved: '/tmp/clearvla_eval_opaque_74646.png'
55:49.719  render           | Saved: '/tmp/clearvla_eval_opaque_74646.png'
55:50.143  render           | Saved: '/tmp/clearvla_eval_opaque_74646.png'
55:50.474  render           | Saved: '/tmp/clearvla_eval_opaque_74646.png'
55:50.897  render           | Saved: '/tmp/clearvla_eval_opaque_74646.png'
55:51.233  render           | Saved: '/tmp/clearvla_eval_opaque_74646.png'
55:51.642  render           | Saved: '/tmp/clearvla_eval_opaque_74646.png'
55:51.976  render           | Saved: '/tmp/clearvla_eval_opaque_74646.png'
55:52.393  render           | Saved: '/tmp/clearvla_eval_opaque_74646.png'
55:52.729  render           | Saved: '/tmp/clearvla_eval_opaque_74646.png'
55:53.137  render           | Saved: '/tmp/clearvla_eval_opaque_74646.png'
55:53.467  render           | Saved: '/tmp/clearvla_eval_opaque_74646.png'
55:53.879  render           | Saved: '/tmp/clearvla_eval_opaque_74646.png'
55:54.215  render           | Saved: '/tmp/clearvla_eval_opaque_74646.png'
55:54.625  render           | Saved: '/tmp/clearvla_eval_opaque_74646.png'
55:54.954  render           | Saved: '/tmp/clearvla_eval_opaque_74646.png'
55:55.362  render           | Saved: '/tmp/clearvla_eval_opaque_74646.png'
55:55.699  render           | Saved: '/tmp/clearvla_eval_opaque_74646.png'
55:56.107  render           | Saved: '/tmp/clearvla_eval_opaque_74646.png'
55:56.443  render           | Saved: '/tmp/clearvla_eval_opaque_74646.png'
55:56.862  render           | Saved: '/tmp/clearvla_eval_opaque_74646.png'
55:57.194  render           | Saved: '/tmp/clearvla_eval_opaque_74646.png'
55:57.601  render           | Saved: '/tmp/clearvla_eval_opaque_74646.png'
55:57.935  render           | Saved: '/tmp/clearvla_eval_opaque_74646.png'
55:58.355  render           | Saved: '/tmp/clearvla_eval_opaque_74646.png'
55:58.691  render           | Saved: '/tmp/clearvla_eval_opaque_74646.png'
55:59.099  render           | Saved: '/tmp/clearvla_eval_opaque_74646.png'
55:59.429  render           | Saved: '/tmp/clearvla_eval_opaque_74646.png'
55:59.838  render           | Saved: '/tmp/clearvla_eval_opaque_74646.png'
56:00.174  render           | Saved: '/tmp/clearvla_eval_opaque_74646.png'
56:00.587  render           | Saved: '/tmp/clearvla_eval_opaque_74646.png'
56:00.918  render           | Saved: '/tmp/clearvla_eval_opaque_74646.png'
56:01.329  render           | Saved: '/tmp/clearvla_eval_opaque_74646.png'
56:01.661  render           | Saved: '/tmp/clearvla_eval_opaque_74646.png'
56:02.070  render           | Saved: '/tmp/clearvla_eval_opaque_74646.png'
56:02.403  render           | Saved: '/tmp/clearvla_eval_opaque_74646.png'
56:02.810  render           | Saved: '/tmp/clearvla_eval_opaque_74646.png'
56:03.148  render           | Saved: '/tmp/clearvla_eval_opaque_74646.png'
56:03.563  render           | Saved: '/tmp/clearvla_eval_opaque_74646.png'
56:03.896  render           | Saved: '/tmp/clearvla_eval_opaque_74646.png'
56:04.313  render           | Saved: '/tmp/clearvla_eval_opaque_74646.png'
56:04.638  render           | Saved: '/tmp/clearvla_eval_opaque_74646.png'
56:05.052  render           | Saved: '/tmp/clearvla_eval_opaque_74646.png'
56:05.383  render           | Saved: '/tmp/clearvla_eval_opaque_74646.png'
56:05.795  render           | Saved: '/tmp/clearvla_eval_opaque_74646.png'
56:06.127  render           | Saved: '/tmp/clearvla_eval_opaque_74646.png'
56:06.535  render           | Saved: '/tmp/clearvla_eval_opaque_74646.png'
56:06.865  render           | Saved: '/tmp/clearvla_eval_opaque_74646.png'
56:07.272  render           | Saved: '/tmp/clearvla_eval_opaque_74646.png'
56:07.598  render           | Saved: '/tmp/clearvla_eval_opaque_74646.png'
56:08.008  render           | Saved: '/tmp/clearvla_eval_opaque_74646.png'
56:08.338  render           | Saved: '/tmp/clearvla_eval_opaque_74646.png'
56:08.746  render           | Saved: '/tmp/clearvla_eval_opaque_74646.png'
56:09.081  render           | Saved: '/tmp/clearvla_eval_opaque_74646.png'
56:09.490  render           | Saved: '/tmp/clearvla_eval_opaque_74646.png'
56:09.821  render           | Saved: '/tmp/clearvla_eval_opaque_74646.png'
56:10.225  render           | Saved: '/tmp/clearvla_eval_opaque_74646.png'
56:10.564  render           | Saved: '/tmp/clearvla_eval_opaque_74646.png'
56:11.377  render           | Saved: '/tmp/clearvla_eval_opaque_74646.png'
56:11.701  render           | Saved: '/tmp/clearvla_eval_opaque_74646.png'
56:12.116  render           | Saved: '/tmp/clearvla_eval_opaque_74646.png'
56:12.444  render           | Saved: '/tmp/clearvla_eval_opaque_74646.png'
56:12.854  render           | Saved: '/tmp/clearvla_eval_opaque_74646.png'
56:13.188  render           | Saved: '/tmp/clearvla_eval_opaque_74646.png'
56:13.615  render           | Saved: '/tmp/clearvla_eval_opaque_74646.png'
56:13.977  render           | Saved: '/tmp/clearvla_eval_opaque_74646.png'
56:14.407  render           | Saved: '/tmp/clearvla_eval_opaque_74646.png'
56:14.768  render           | Saved: '/tmp/clearvla_eval_opaque_74646.png'
56:15.206  render           | Saved: '/tmp/clearvla_eval_opaque_74646.png'
56:15.569  render           | Saved: '/tmp/clearvla_eval_opaque_74646.png'
56:16.014  render           | Saved: '/tmp/clearvla_eval_opaque_74646.png'
56:16.379  render           | Saved: '/tmp/clearvla_eval_opaque_74646.png'
56:16.825  render           | Saved: '/tmp/clearvla_eval_opaque_74646.png'
56:17.192  render           | Saved: '/tmp/clearvla_eval_opaque_74646.png'
56:17.652  render           | Saved: '/tmp/clearvla_eval_opaque_74646.png'
56:17.998  render           | Saved: '/tmp/clearvla_eval_opaque_74646.png'
56:18.827  render           | Saved: '/tmp/clearvla_eval_opaque_74646.png'
56:19.173  render           | Saved: '/tmp/clearvla_eval_opaque_74646.png'
56:19.620  render           | Saved: '/tmp/clearvla_eval_opaque_74646.png'
56:19.955  render           | Saved: '/tmp/clearvla_eval_opaque_74646.png'
56:20.390  render           | Saved: '/tmp/clearvla_eval_opaque_74646.png'
56:20.723  render           | Saved: '/tmp/clearvla_eval_opaque_74646.png'
56:21.236  render           | Saved: '/tmp/clearvla_eval_opaque_74646.png'
56:21.587  render           | Saved: '/tmp/clearvla_eval_opaque_74646.png'
56:22.025  render           | Saved: '/tmp/clearvla_eval_opaque_74646.png'
56:22.360  render           | Saved: '/tmp/clearvla_eval_opaque_74646.png'
56:22.798  render           | Saved: '/tmp/clearvla_eval_opaque_74646.png'
56:23.127  render           | Saved: '/tmp/clearvla_eval_opaque_74646.png'
56:23.572  render           | Saved: '/tmp/clearvla_eval_opaque_74646.png'
56:23.900  render           | Saved: '/tmp/clearvla_eval_opaque_74646.png'
56:24.342  render           | Saved: '/tmp/clearvla_eval_opaque_74646.png'
56:24.678  render           | Saved: '/tmp/clearvla_eval_opaque_74646.png'
56:25.136  render           | Saved: '/tmp/clearvla_eval_opaque_74646.png'
56:25.472  render           | Saved: '/tmp/clearvla_eval_opaque_74646.png'
56:26.326  render           | Saved: '/tmp/clearvla_eval_opaque_74646.png'
56:26.680  render           | Saved: '/tmp/clearvla_eval_opaque_74646.png'
56:27.118  render           | Saved: '/tmp/clearvla_eval_opaque_74646.png'
56:27.462  render           | Saved: '/tmp/clearvla_eval_opaque_74646.png'
56:27.886  render           | Saved: '/tmp/clearvla_eval_opaque_74646.png'
56:28.231  render           | Saved: '/tmp/clearvla_eval_opaque_74646.png'
56:28.649  render           | Saved: '/tmp/clearvla_eval_opaque_74646.png'
56:29.001  render           | Saved: '/tmp/clearvla_eval_opaque_74646.png'
56:29.415  render           | Saved: '/tmp/clearvla_eval_opaque_74646.png'
56:29.763  render           | Saved: '/tmp/clearvla_eval_opaque_74646.png'
56:30.181  render           | Saved: '/tmp/clearvla_eval_opaque_74646.png'
56:30.529  render           | Saved: '/tmp/clearvla_eval_opaque_74646.png'
56:30.947  render           | Saved: '/tmp/clearvla_eval_opaque_74646.png'
56:31.296  render           | Saved: '/tmp/clearvla_eval_opaque_74646.png'
56:31.707  render           | Saved: '/tmp/clearvla_eval_opaque_74646.png'
56:32.065  render           | Saved: '/tmp/clearvla_eval_opaque_74646.png'
56:32.493  render           | Saved: '/tmp/clearvla_eval_opaque_74646.png'
56:32.859  render           | Saved: '/tmp/clearvla_eval_opaque_74646.png'
56:33.274  render           | Saved: '/tmp/clearvla_eval_opaque_74646.png'
56:33.620  render           | Saved: '/tmp/clearvla_eval_opaque_74646.png'
56:34.041  render           | Saved: '/tmp/clearvla_eval_opaque_74646.png'
56:34.410  render           | Saved: '/tmp/clearvla_eval_opaque_74646.png'
56:34.842  render           | Saved: '/tmp/clearvla_eval_opaque_74646.png'
56:35.205  render           | Saved: '/tmp/clearvla_eval_opaque_74646.png'
56:35.623  render           | Saved: '/tmp/clearvla_eval_opaque_74646.png'
56:35.970  render           | Saved: '/tmp/clearvla_eval_opaque_74646.png'
56:36.384  render           | Saved: '/tmp/clearvla_eval_opaque_74646.png'
56:36.733  render           | Saved: '/tmp/clearvla_eval_opaque_74646.png'
56:37.143  render           | Saved: '/tmp/clearvla_eval_opaque_74646.png'
56:37.496  render           | Saved: '/tmp/clearvla_eval_opaque_74646.png'
56:37.904  render           | Saved: '/tmp/clearvla_eval_opaque_74646.png'
56:38.254  render           | Saved: '/tmp/clearvla_eval_opaque_74646.png'
56:38.667  render           | Saved: '/tmp/clearvla_eval_opaque_74646.png'
56:39.014  render           | Saved: '/tmp/clearvla_eval_opaque_74646.png'
56:39.427  render           | Saved: '/tmp/clearvla_eval_opaque_74646.png'
56:39.776  render           | Saved: '/tmp/clearvla_eval_opaque_74646.png'
56:40.172  render           | Saved: '/tmp/clearvla_eval_opaque_74646.png'
56:40.517  render           | Saved: '/tmp/clearvla_eval_opaque_74646.png'
56:40.931  render           | Saved: '/tmp/clearvla_eval_opaque_74646.png'
56:41.270  render           | Saved: '/tmp/clearvla_eval_opaque_74646.png'
56:41.688  render           | Saved: '/tmp/clearvla_eval_opaque_74646.png'
56:42.026  render           | Saved: '/tmp/clearvla_eval_opaque_74646.png'
56:42.439  render           | Saved: '/tmp/clearvla_eval_opaque_74646.png'
56:42.774  render           | Saved: '/tmp/clearvla_eval_opaque_74646.png'
56:43.183  render           | Saved: '/tmp/clearvla_eval_opaque_74646.png'
56:43.514  render           | Saved: '/tmp/clearvla_eval_opaque_74646.png'
56:43.918  render           | Saved: '/tmp/clearvla_eval_opaque_74646.png'
56:44.244  render           | Saved: '/tmp/clearvla_eval_opaque_74646.png'
56:44.648  render           | Saved: '/tmp/clearvla_eval_opaque_74646.png'
56:44.981  render           | Saved: '/tmp/clearvla_eval_opaque_74646.png'
56:45.396  render           | Saved: '/tmp/clearvla_eval_opaque_74646.png'
56:45.723  render           | Saved: '/tmp/clearvla_eval_opaque_74646.png'
56:46.133  render           | Saved: '/tmp/clearvla_eval_opaque_74646.png'
56:46.461  render           | Saved: '/tmp/clearvla_eval_opaque_74646.png'
56:46.874  render           | Saved: '/tmp/clearvla_eval_opaque_74646.png'
56:47.202  render           | Saved: '/tmp/clearvla_eval_opaque_74646.png'
56:47.630  render           | Saved: '/tmp/clearvla_eval_opaque_74646.png'
56:47.958  render           | Saved: '/tmp/clearvla_eval_opaque_74646.png'
56:48.370  render           | Saved: '/tmp/clearvla_eval_opaque_74646.png'
56:48.696  render           | Saved: '/tmp/clearvla_eval_opaque_74646.png'
56:49.104  render           | Saved: '/tmp/clearvla_eval_opaque_74646.png'
56:49.430  render           | Saved: '/tmp/clearvla_eval_opaque_74646.png'
56:49.840  render           | Saved: '/tmp/clearvla_eval_opaque_74646.png'
56:50.168  render           | Saved: '/tmp/clearvla_eval_opaque_74646.png'
56:50.576  render           | Saved: '/tmp/clearvla_eval_opaque_74646.png'
56:50.901  render           | Saved: '/tmp/clearvla_eval_opaque_74646.png'
56:51.306  render           | Saved: '/tmp/clearvla_eval_opaque_74646.png'
56:51.629  render           | Saved: '/tmp/clearvla_eval_opaque_74646.png'
56:52.039  render           | Saved: '/tmp/clearvla_eval_opaque_74646.png'
56:52.366  render           | Saved: '/tmp/clearvla_eval_opaque_74646.png'
56:52.768  render           | Saved: '/tmp/clearvla_eval_opaque_74646.png'
56:53.097  render           | Saved: '/tmp/clearvla_eval_opaque_74646.png'
56:53.503  render           | Saved: '/tmp/clearvla_eval_opaque_74646.png'
56:53.827  render           | Saved: '/tmp/clearvla_eval_opaque_74646.png'
56:54.229  render           | Saved: '/tmp/clearvla_eval_opaque_74646.png'
56:54.558  render           | Saved: '/tmp/clearvla_eval_opaque_74646.png'
56:55.422  render           | Saved: '/tmp/clearvla_eval_opaque_74646.png'
56:55.768  render           | Saved: '/tmp/clearvla_eval_opaque_74646.png'
56:56.212  render           | Saved: '/tmp/clearvla_eval_opaque_74646.png'
56:56.559  render           | Saved: '/tmp/clearvla_eval_opaque_74646.png'
56:56.994  render           | Saved: '/tmp/clearvla_eval_opaque_74646.png'
56:57.356  render           | Saved: '/tmp/clearvla_eval_opaque_74646.png'
56:57.812  render           | Saved: '/tmp/clearvla_eval_opaque_74646.png'
56:58.163  render           | Saved: '/tmp/clearvla_eval_opaque_74646.png'
56:58.596  render           | Saved: '/tmp/clearvla_eval_opaque_74646.png'
56:58.958  render           | Saved: '/tmp/clearvla_eval_opaque_74646.png'
56:59.411  render           | Saved: '/tmp/clearvla_eval_opaque_74646.png'
56:59.772  render           | Saved: '/tmp/clearvla_eval_opaque_74646.png'
57:00.229  render           | Saved: '/tmp/clearvla_eval_opaque_74646.png'
57:00.635  render           | Saved: '/tmp/clearvla_eval_opaque_74646.png'
57:01.077  render           | Saved: '/tmp/clearvla_eval_opaque_74646.png'
57:01.446  render           | Saved: '/tmp/clearvla_eval_opaque_74646.png'
57:01.886  render           | Saved: '/tmp/clearvla_eval_opaque_74646.png'
57:02.256  render           | Saved: '/tmp/clearvla_eval_opaque_74646.png'
57:02.695  render           | Saved: '/tmp/clearvla_eval_opaque_74646.png'
57:03.059  render           | Saved: '/tmp/clearvla_eval_opaque_74646.png'
57:03.496  render           | Saved: '/tmp/clearvla_eval_opaque_74646.png'
57:03.849  render           | Saved: '/tmp/clearvla_eval_opaque_74646.png'
57:04.279  render           | Saved: '/tmp/clearvla_eval_opaque_74646.png'
57:04.642  render           | Saved: '/tmp/clearvla_eval_opaque_74646.png'
57:05.458  render           | Saved: '/tmp/clearvla_eval_opaque_74646.png'
57:05.801  render           | Saved: '/tmp/clearvla_eval_opaque_74646.png'
57:06.227  render           | Saved: '/tmp/clearvla_eval_opaque_74646.png'
57:06.570  render           | Saved: '/tmp/clearvla_eval_opaque_74646.png'
57:06.992  render           | Saved: '/tmp/clearvla_eval_opaque_74646.png'
57:07.338  render           | Saved: '/tmp/clearvla_eval_opaque_74646.png'
57:07.770  render           | Saved: '/tmp/clearvla_eval_opaque_74646.png'
57:08.113  render           | Saved: '/tmp/clearvla_eval_opaque_74646.png'
57:08.537  render           | Saved: '/tmp/clearvla_eval_opaque_74646.png'
57:08.882  render           | Saved: '/tmp/clearvla_eval_opaque_74646.png'
57:09.308  render           | Saved: '/tmp/clearvla_eval_opaque_74646.png'
57:09.642  render           | Saved: '/tmp/clearvla_eval_opaque_74646.png'
57:10.048  render           | Saved: '/tmp/clearvla_eval_opaque_74646.png'
57:10.388  render           | Saved: '/tmp/clearvla_eval_opaque_74646.png'
57:10.787  render           | Saved: '/tmp/clearvla_eval_opaque_74646.png'
57:11.128  render           | Saved: '/tmp/clearvla_eval_opaque_74646.png'
57:11.532  render           | Saved: '/tmp/clearvla_eval_opaque_74646.png'
57:11.872  render           | Saved: '/tmp/clearvla_eval_opaque_74646.png'
57:12.747  render           | Saved: '/tmp/clearvla_eval_opaque_74646.png'
57:13.079  render           | Saved: '/tmp/clearvla_eval_opaque_74646.png'
57:13.548  render           | Saved: '/tmp/clearvla_eval_opaque_74646.png'
57:13.877  render           | Saved: '/tmp/clearvla_eval_opaque_74646.png'
57:14.312  render           | Saved: '/tmp/clearvla_eval_opaque_74646.png'
57:14.649  render           | Saved: '/tmp/clearvla_eval_opaque_74646.png'
57:15.101  render           | Saved: '/tmp/clearvla_eval_opaque_74646.png'
57:15.430  render           | Saved: '/tmp/clearvla_eval_opaque_74646.png'
57:15.866  render           | Saved: '/tmp/clearvla_eval_opaque_74646.png'
57:16.195  render           | Saved: '/tmp/clearvla_eval_opaque_74646.png'
57:16.635  render           | Saved: '/tmp/clearvla_eval_opaque_74646.png'
57:16.968  render           | Saved: '/tmp/clearvla_eval_opaque_74646.png'
57:17.425  render           | Saved: '/tmp/clearvla_eval_opaque_74646.png'
57:17.761  render           | Saved: '/tmp/clearvla_eval_opaque_74646.png'
57:18.207  render           | Saved: '/tmp/clearvla_eval_opaque_74646.png'
57:18.547  render           | Saved: '/tmp/clearvla_eval_opaque_74646.png'
57:18.953  render           | Saved: '/tmp/clearvla_eval_opaque_74646.png'
57:19.300  render           | Saved: '/tmp/clearvla_eval_opaque_74646.png'
57:19.699  render           | Saved: '/tmp/clearvla_eval_opaque_74646.png'
57:20.044  render           | Saved: '/tmp/clearvla_eval_opaque_74646.png'
57:20.432  render           | Saved: '/tmp/clearvla_eval_opaque_74646.png'
57:20.769  render           | Saved: '/tmp/clearvla_eval_opaque_74646.png'
57:21.168  render           | Saved: '/tmp/clearvla_eval_opaque_74646.png'
57:21.506  render           | Saved: '/tmp/clearvla_eval_opaque_74646.png'
57:21.910  render           | Saved: '/tmp/clearvla_eval_opaque_74646.png'
57:22.245  render           | Saved: '/tmp/clearvla_eval_opaque_74646.png'
57:22.649  render           | Saved: '/tmp/clearvla_eval_opaque_74646.png'
57:22.977  render           | Saved: '/tmp/clearvla_eval_opaque_74646.png'
57:23.372  render           | Saved: '/tmp/clearvla_eval_opaque_74646.png'
57:23.708  render           | Saved: '/tmp/clearvla_eval_opaque_74646.png'
57:24.100  render           | Saved: '/tmp/clearvla_eval_opaque_74646.png'
57:24.428  render           | Saved: '/tmp/clearvla_eval_opaque_74646.png'
57:24.820  render           | Saved: '/tmp/clearvla_eval_opaque_74646.png'
57:25.158  render           | Saved: '/tmp/clearvla_eval_opaque_74646.png'
57:25.546  render           | Saved: '/tmp/clearvla_eval_opaque_74646.png'
57:25.929  render           | Saved: '/tmp/clearvla_eval_opaque_74646.png'
57:26.324  render           | Saved: '/tmp/clearvla_eval_opaque_74646.png'
57:26.724  render           | Saved: '/tmp/clearvla_eval_opaque_74646.png'
57:27.115  render           | Saved: '/tmp/clearvla_eval_opaque_74646.png'
57:27.491  render           | Saved: '/tmp/clearvla_eval_opaque_74646.png'
57:27.902  render           | Saved: '/tmp/clearvla_eval_opaque_74646.png'
57:28.254  render           | Saved: '/tmp/clearvla_eval_opaque_74646.png'
57:28.683  render           | Saved: '/tmp/clearvla_eval_opaque_74646.png'
57:29.025  render           | Saved: '/tmp/clearvla_eval_opaque_74646.png'
57:29.450  render           | Saved: '/tmp/clearvla_eval_opaque_74646.png'
57:29.817  render           | Saved: '/tmp/clearvla_eval_opaque_74646.png'
57:30.248  render           | Saved: '/tmp/clearvla_eval_opaque_74646.png'
57:30.596  render           | Saved: '/tmp/clearvla_eval_opaque_74646.png'
57:31.026  render           | Saved: '/tmp/clearvla_eval_opaque_74646.png'
57:31.358  render           | Saved: '/tmp/clearvla_eval_opaque_74646.png'
57:31.822  render           | Saved: '/tmp/clearvla_eval_opaque_74646.png'
57:32.155  render           | Saved: '/tmp/clearvla_eval_opaque_74646.png'
57:32.586  render           | Saved: '/tmp/clearvla_eval_opaque_74646.png'
57:32.917  render           | Saved: '/tmp/clearvla_eval_opaque_74646.png'
57:33.342  render           | Saved: '/tmp/clearvla_eval_opaque_74646.png'
57:33.668  render           | Saved: '/tmp/clearvla_eval_opaque_74646.png'
57:34.096  render           | Saved: '/tmp/clearvla_eval_opaque_74646.png'
57:34.424  render           | Saved: '/tmp/clearvla_eval_opaque_74646.png'
57:34.856  render           | Saved: '/tmp/clearvla_eval_opaque_74646.png'
57:35.181  render           | Saved: '/tmp/clearvla_eval_opaque_74646.png'
57:35.609  render           | Saved: '/tmp/clearvla_eval_opaque_74646.png'
57:35.936  render           | Saved: '/tmp/clearvla_eval_opaque_74646.png'
57:36.367  render           | Saved: '/tmp/clearvla_eval_opaque_74646.png'
57:36.699  render           | Saved: '/tmp/clearvla_eval_opaque_74646.png'
57:37.134  render           | Saved: '/tmp/clearvla_eval_opaque_74646.png'
57:37.464  render           | Saved: '/tmp/clearvla_eval_opaque_74646.png'
57:37.886  render           | Saved: '/tmp/clearvla_eval_opaque_74646.png'
57:38.216  render           | Saved: '/tmp/clearvla_eval_opaque_74646.png'
57:38.647  render           | Saved: '/tmp/clearvla_eval_opaque_74646.png'
57:38.975  render           | Saved: '/tmp/clearvla_eval_opaque_74646.png'
57:39.405  render           | Saved: '/tmp/clearvla_eval_opaque_74646.png'
57:39.732  render           | Saved: '/tmp/clearvla_eval_opaque_74646.png'
57:40.162  render           | Saved: '/tmp/clearvla_eval_opaque_74646.png'
57:40.490  render           | Saved: '/tmp/clearvla_eval_opaque_74646.png'
57:40.916  render           | Saved: '/tmp/clearvla_eval_opaque_74646.png'
57:41.244  render           | Saved: '/tmp/clearvla_eval_opaque_74646.png'
57:42.118  render           | Saved: '/tmp/clearvla_eval_opaque_74646.png'
57:42.461  render           | Saved: '/tmp/clearvla_eval_opaque_74646.png'
57:42.909  render           | Saved: '/tmp/clearvla_eval_opaque_74646.png'
57:43.269  render           | Saved: '/tmp/clearvla_eval_opaque_74646.png'
57:43.716  render           | Saved: '/tmp/clearvla_eval_opaque_74646.png'
57:44.061  render           | Saved: '/tmp/clearvla_eval_opaque_74646.png'
57:44.493  render           | Saved: '/tmp/clearvla_eval_opaque_74646.png'
57:44.847  render           | Saved: '/tmp/clearvla_eval_opaque_74646.png'
57:45.267  render           | Saved: '/tmp/clearvla_eval_opaque_74646.png'
57:45.613  render           | Saved: '/tmp/clearvla_eval_opaque_74646.png'
57:46.028  render           | Saved: '/tmp/clearvla_eval_opaque_74646.png'
57:46.376  render           | Saved: '/tmp/clearvla_eval_opaque_74646.png'
57:46.798  render           | Saved: '/tmp/clearvla_eval_opaque_74646.png'
57:47.147  render           | Saved: '/tmp/clearvla_eval_opaque_74646.png'
57:47.567  render           | Saved: '/tmp/clearvla_eval_opaque_74646.png'
57:47.911  render           | Saved: '/tmp/clearvla_eval_opaque_74646.png'
57:48.312  render           | Saved: '/tmp/clearvla_eval_opaque_74646.png'
57:48.654  render           | Saved: '/tmp/clearvla_eval_opaque_74646.png'
57:49.069  render           | Saved: '/tmp/clearvla_eval_opaque_74646.png'
57:49.411  render           | Saved: '/tmp/clearvla_eval_opaque_74646.png'
57:49.824  render           | Saved: '/tmp/clearvla_eval_opaque_74646.png'
57:50.165  render           | Saved: '/tmp/clearvla_eval_opaque_74646.png'
57:50.572  render           | Saved: '/tmp/clearvla_eval_opaque_74646.png'
57:50.897  render           | Saved: '/tmp/clearvla_eval_opaque_74646.png'
57:51.304  render           | Saved: '/tmp/clearvla_eval_opaque_74646.png'
57:51.634  render           | Saved: '/tmp/clearvla_eval_opaque_74646.png'
57:52.039  render           | Saved: '/tmp/clearvla_eval_opaque_74646.png'
57:52.363  render           | Saved: '/tmp/clearvla_eval_opaque_74646.png'
57:52.771  render           | Saved: '/tmp/clearvla_eval_opaque_74646.png'
57:53.099  render           | Saved: '/tmp/clearvla_eval_opaque_74646.png'
57:53.506  render           | Saved: '/tmp/clearvla_eval_opaque_74646.png'
57:53.830  render           | Saved: '/tmp/clearvla_eval_opaque_74646.png'
57:54.241  render           | Saved: '/tmp/clearvla_eval_opaque_74646.png'
57:54.568  render           | Saved: '/tmp/clearvla_eval_opaque_74646.png'
57:54.975  render           | Saved: '/tmp/clearvla_eval_opaque_74646.png'
57:55.303  render           | Saved: '/tmp/clearvla_eval_opaque_74646.png'
57:55.704  render           | Saved: '/tmp/clearvla_eval_opaque_74646.png'
57:56.028  render           | Saved: '/tmp/clearvla_eval_opaque_74646.png'
57:56.421  render           | Saved: '/tmp/clearvla_eval_opaque_74646.png'
57:56.762  render           | Saved: '/tmp/clearvla_eval_opaque_74646.png'
57:57.150  render           | Saved: '/tmp/clearvla_eval_opaque_74646.png'
57:57.509  render           | Saved: '/tmp/clearvla_eval_opaque_74646.png'
57:57.899  render           | Saved: '/tmp/clearvla_eval_opaque_74646.png'
57:58.292  render           | Saved: '/tmp/clearvla_eval_opaque_74646.png'
57:58.690  render           | Saved: '/tmp/clearvla_eval_opaque_74646.png'
57:59.056  render           | Saved: '/tmp/clearvla_eval_opaque_74646.png'
57:59.468  render           | Saved: '/tmp/clearvla_eval_opaque_74646.png'
57:59.807  render           | Saved: '/tmp/clearvla_eval_opaque_74646.png'
58:00.255  render           | Saved: '/tmp/clearvla_eval_opaque_74646.png'
58:00.589  render           | Saved: '/tmp/clearvla_eval_opaque_74646.png'
58:01.008  render           | Saved: '/tmp/clearvla_eval_opaque_74646.png'
58:01.349  render           | Saved: '/tmp/clearvla_eval_opaque_74646.png'
58:01.766  render           | Saved: '/tmp/clearvla_eval_opaque_74646.png'
58:02.102  render           | Saved: '/tmp/clearvla_eval_opaque_74646.png'
58:02.513  render           | Saved: '/tmp/clearvla_eval_opaque_74646.png'
58:02.855  render           | Saved: '/tmp/clearvla_eval_opaque_74646.png'
58:03.284  render           | Saved: '/tmp/clearvla_eval_opaque_74646.png'
58:03.617  render           | Saved: '/tmp/clearvla_eval_opaque_74646.png'
58:04.039  render           | Saved: '/tmp/clearvla_eval_opaque_74646.png'
58:04.375  render           | Saved: '/tmp/clearvla_eval_opaque_74646.png'
58:04.809  render           | Saved: '/tmp/clearvla_eval_opaque_74646.png'
58:05.144  render           | Saved: '/tmp/clearvla_eval_opaque_74646.png'
58:05.604  render           | Saved: '/tmp/clearvla_eval_opaque_74646.png'
58:05.955  render           | Saved: '/tmp/clearvla_eval_opaque_74646.png'
58:06.376  render           | Saved: '/tmp/clearvla_eval_opaque_74646.png'
58:06.711  render           | Saved: '/tmp/clearvla_eval_opaque_74646.png'
58:07.154  render           | Saved: '/tmp/clearvla_eval_opaque_74646.png'
58:07.488  render           | Saved: '/tmp/clearvla_eval_opaque_74646.png'
58:07.918  render           | Saved: '/tmp/clearvla_eval_opaque_74646.png'
58:08.254  render           | Saved: '/tmp/clearvla_eval_opaque_74646.png'
58:08.688  render           | Saved: '/tmp/clearvla_eval_opaque_74646.png'
58:09.014  render           | Saved: '/tmp/clearvla_eval_opaque_74646.png'
58:09.440  render           | Saved: '/tmp/clearvla_eval_opaque_74646.png'
58:09.767  render           | Saved: '/tmp/clearvla_eval_opaque_74646.png'
58:10.197  render           | Saved: '/tmp/clearvla_eval_opaque_74646.png'
58:10.526  render           | Saved: '/tmp/clearvla_eval_opaque_74646.png'
58:11.396  render           | Saved: '/tmp/clearvla_eval_opaque_74646.png'
58:11.750  render           | Saved: '/tmp/clearvla_eval_opaque_74646.png'
58:12.179  render           | Saved: '/tmp/clearvla_eval_opaque_74646.png'
58:12.517  render           | Saved: '/tmp/clearvla_eval_opaque_74646.png'
58:12.958  render           | Saved: '/tmp/clearvla_eval_opaque_74646.png'
58:13.312  render           | Saved: '/tmp/clearvla_eval_opaque_74646.png'
58:13.776  render           | Saved: '/tmp/clearvla_eval_opaque_74646.png'
58:14.136  render           | Saved: '/tmp/clearvla_eval_opaque_74646.png'
58:14.586  render           | Saved: '/tmp/clearvla_eval_opaque_74646.png'
58:14.947  render           | Saved: '/tmp/clearvla_eval_opaque_74646.png'
58:15.388  render           | Saved: '/tmp/clearvla_eval_opaque_74646.png'
58:15.755  render           | Saved: '/tmp/clearvla_eval_opaque_74646.png'
58:16.195  render           | Saved: '/tmp/clearvla_eval_opaque_74646.png'
58:16.562  render           | Saved: '/tmp/clearvla_eval_opaque_74646.png'
58:17.022  render           | Saved: '/tmp/clearvla_eval_opaque_74646.png'
58:17.392  render           | Saved: '/tmp/clearvla_eval_opaque_74646.png'
58:17.814  render           | Saved: '/tmp/clearvla_eval_opaque_74646.png'
58:18.178  render           | Saved: '/tmp/clearvla_eval_opaque_74646.png'
[cache25/opaque] insert: 6/20  (58.2 min, 7.2 s/ep)
58:18.989  render           | Saved: '/tmp/clearvla_eval_opaque_74646.png'
58:19.357  render           | Saved: '/tmp/clearvla_eval_opaque_74646.png'
58:19.767  render           | Saved: '/tmp/clearvla_eval_opaque_74646.png'
58:20.125  render           | Saved: '/tmp/clearvla_eval_opaque_74646.png'
58:20.538  render           | Saved: '/tmp/clearvla_eval_opaque_74646.png'
58:20.899  render           | Saved: '/tmp/clearvla_eval_opaque_74646.png'
58:21.304  render           | Saved: '/tmp/clearvla_eval_opaque_74646.png'
58:21.644  render           | Saved: '/tmp/clearvla_eval_opaque_74646.png'
58:22.068  render           | Saved: '/tmp/clearvla_eval_opaque_74646.png'
58:22.410  render           | Saved: '/tmp/clearvla_eval_opaque_74646.png'
58:22.830  render           | Saved: '/tmp/clearvla_eval_opaque_74646.png'
58:23.170  render           | Saved: '/tmp/clearvla_eval_opaque_74646.png'
58:23.608  render           | Saved: '/tmp/clearvla_eval_opaque_74646.png'
58:23.953  render           | Saved: '/tmp/clearvla_eval_opaque_74646.png'
58:24.377  render           | Saved: '/tmp/clearvla_eval_opaque_74646.png'
58:24.718  render           | Saved: '/tmp/clearvla_eval_opaque_74646.png'
58:25.151  render           | Saved: '/tmp/clearvla_eval_opaque_74646.png'
58:25.488  render           | Saved: '/tmp/clearvla_eval_opaque_74646.png'
58:25.889  render           | Saved: '/tmp/clearvla_eval_opaque_74646.png'
58:26.220  render           | Saved: '/tmp/clearvla_eval_opaque_74646.png'
58:27.076  render           | Saved: '/tmp/clearvla_eval_opaque_74646.png'
58:27.408  render           | Saved: '/tmp/clearvla_eval_opaque_74646.png'
58:27.831  render           | Saved: '/tmp/clearvla_eval_opaque_74646.png'
58:28.161  render           | Saved: '/tmp/clearvla_eval_opaque_74646.png'
58:28.572  render           | Saved: '/tmp/clearvla_eval_opaque_74646.png'
58:28.899  render           | Saved: '/tmp/clearvla_eval_opaque_74646.png'
58:29.311  render           | Saved: '/tmp/clearvla_eval_opaque_74646.png'
58:29.639  render           | Saved: '/tmp/clearvla_eval_opaque_74646.png'
58:30.051  render           | Saved: '/tmp/clearvla_eval_opaque_74646.png'
58:30.375  render           | Saved: '/tmp/clearvla_eval_opaque_74646.png'
58:30.788  render           | Saved: '/tmp/clearvla_eval_opaque_74646.png'
58:31.115  render           | Saved: '/tmp/clearvla_eval_opaque_74646.png'
58:31.526  render           | Saved: '/tmp/clearvla_eval_opaque_74646.png'
58:31.849  render           | Saved: '/tmp/clearvla_eval_opaque_74646.png'
58:32.258  render           | Saved: '/tmp/clearvla_eval_opaque_74646.png'
58:32.591  render           | Saved: '/tmp/clearvla_eval_opaque_74646.png'
58:32.995  render           | Saved: '/tmp/clearvla_eval_opaque_74646.png'
58:33.321  render           | Saved: '/tmp/clearvla_eval_opaque_74646.png'
58:33.728  render           | Saved: '/tmp/clearvla_eval_opaque_74646.png'
58:34.051  render           | Saved: '/tmp/clearvla_eval_opaque_74646.png'
58:34.455  render           | Saved: '/tmp/clearvla_eval_opaque_74646.png'
58:34.781  render           | Saved: '/tmp/clearvla_eval_opaque_74646.png'
58:35.185  render           | Saved: '/tmp/clearvla_eval_opaque_74646.png'
58:35.520  render           | Saved: '/tmp/clearvla_eval_opaque_74646.png'
58:35.926  render           | Saved: '/tmp/clearvla_eval_opaque_74646.png'
58:36.253  render           | Saved: '/tmp/clearvla_eval_opaque_74646.png'
58:36.656  render           | Saved: '/tmp/clearvla_eval_opaque_74646.png'
58:36.980  render           | Saved: '/tmp/clearvla_eval_opaque_74646.png'
58:37.385  render           | Saved: '/tmp/clearvla_eval_opaque_74646.png'
58:37.713  render           | Saved: '/tmp/clearvla_eval_opaque_74646.png'
58:38.119  render           | Saved: '/tmp/clearvla_eval_opaque_74646.png'
58:38.448  render           | Saved: '/tmp/clearvla_eval_opaque_74646.png'
58:38.854  render           | Saved: '/tmp/clearvla_eval_opaque_74646.png'
58:39.179  render           | Saved: '/tmp/clearvla_eval_opaque_74646.png'
58:39.587  render           | Saved: '/tmp/clearvla_eval_opaque_74646.png'
58:39.916  render           | Saved: '/tmp/clearvla_eval_opaque_74646.png'
58:40.321  render           | Saved: '/tmp/clearvla_eval_opaque_74646.png'
58:40.649  render           | Saved: '/tmp/clearvla_eval_opaque_74646.png'
58:41.050  render           | Saved: '/tmp/clearvla_eval_opaque_74646.png'
58:41.377  render           | Saved: '/tmp/clearvla_eval_opaque_74646.png'
58:41.779  render           | Saved: '/tmp/clearvla_eval_opaque_74646.png'
58:42.106  render           | Saved: '/tmp/clearvla_eval_opaque_74646.png'
58:42.510  render           | Saved: '/tmp/clearvla_eval_opaque_74646.png'
58:42.838  render           | Saved: '/tmp/clearvla_eval_opaque_74646.png'
58:43.252  render           | Saved: '/tmp/clearvla_eval_opaque_74646.png'
58:43.582  render           | Saved: '/tmp/clearvla_eval_opaque_74646.png'
58:43.984  render           | Saved: '/tmp/clearvla_eval_opaque_74646.png'
58:44.334  render           | Saved: '/tmp/clearvla_eval_opaque_74646.png'
58:44.742  render           | Saved: '/tmp/clearvla_eval_opaque_74646.png'
58:45.096  render           | Saved: '/tmp/clearvla_eval_opaque_74646.png'
58:45.502  render           | Saved: '/tmp/clearvla_eval_opaque_74646.png'
58:45.843  render           | Saved: '/tmp/clearvla_eval_opaque_74646.png'
58:46.252  render           | Saved: '/tmp/clearvla_eval_opaque_74646.png'
58:46.603  render           | Saved: '/tmp/clearvla_eval_opaque_74646.png'
58:47.015  render           | Saved: '/tmp/clearvla_eval_opaque_74646.png'
58:47.349  render           | Saved: '/tmp/clearvla_eval_opaque_74646.png'
58:47.750  render           | Saved: '/tmp/clearvla_eval_opaque_74646.png'
58:48.082  render           | Saved: '/tmp/clearvla_eval_opaque_74646.png'
58:48.488  render           | Saved: '/tmp/clearvla_eval_opaque_74646.png'
58:48.810  render           | Saved: '/tmp/clearvla_eval_opaque_74646.png'
58:49.213  render           | Saved: '/tmp/clearvla_eval_opaque_74646.png'
58:49.541  render           | Saved: '/tmp/clearvla_eval_opaque_74646.png'
58:49.948  render           | Saved: '/tmp/clearvla_eval_opaque_74646.png'
58:50.274  render           | Saved: '/tmp/clearvla_eval_opaque_74646.png'
58:50.678  render           | Saved: '/tmp/clearvla_eval_opaque_74646.png'
58:51.005  render           | Saved: '/tmp/clearvla_eval_opaque_74646.png'
58:51.413  render           | Saved: '/tmp/clearvla_eval_opaque_74646.png'
58:51.742  render           | Saved: '/tmp/clearvla_eval_opaque_74646.png'
58:52.144  render           | Saved: '/tmp/clearvla_eval_opaque_74646.png'
58:52.469  render           | Saved: '/tmp/clearvla_eval_opaque_74646.png'
58:52.872  render           | Saved: '/tmp/clearvla_eval_opaque_74646.png'
58:53.225  render           | Saved: '/tmp/clearvla_eval_opaque_74646.png'
58:53.633  render           | Saved: '/tmp/clearvla_eval_opaque_74646.png'
58:53.963  render           | Saved: '/tmp/clearvla_eval_opaque_74646.png'
58:54.367  render           | Saved: '/tmp/clearvla_eval_opaque_74646.png'
58:54.718  render           | Saved: '/tmp/clearvla_eval_opaque_74646.png'
58:55.539  render           | Saved: '/tmp/clearvla_eval_opaque_74646.png'
58:55.875  render           | Saved: '/tmp/clearvla_eval_opaque_74646.png'
58:56.300  render           | Saved: '/tmp/clearvla_eval_opaque_74646.png'
58:56.645  render           | Saved: '/tmp/clearvla_eval_opaque_74646.png'
58:57.062  render           | Saved: '/tmp/clearvla_eval_opaque_74646.png'
58:57.384  render           | Saved: '/tmp/clearvla_eval_opaque_74646.png'
58:57.798  render           | Saved: '/tmp/clearvla_eval_opaque_74646.png'
58:58.120  render           | Saved: '/tmp/clearvla_eval_opaque_74646.png'
58:58.533  render           | Saved: '/tmp/clearvla_eval_opaque_74646.png'
58:58.858  render           | Saved: '/tmp/clearvla_eval_opaque_74646.png'
58:59.276  render           | Saved: '/tmp/clearvla_eval_opaque_74646.png'
58:59.599  render           | Saved: '/tmp/clearvla_eval_opaque_74646.png'
59:00.009  render           | Saved: '/tmp/clearvla_eval_opaque_74646.png'
59:00.334  render           | Saved: '/tmp/clearvla_eval_opaque_74646.png'
59:00.745  render           | Saved: '/tmp/clearvla_eval_opaque_74646.png'
59:01.073  render           | Saved: '/tmp/clearvla_eval_opaque_74646.png'
59:01.489  render           | Saved: '/tmp/clearvla_eval_opaque_74646.png'
59:01.813  render           | Saved: '/tmp/clearvla_eval_opaque_74646.png'
59:02.219  render           | Saved: '/tmp/clearvla_eval_opaque_74646.png'
59:02.540  render           | Saved: '/tmp/clearvla_eval_opaque_74646.png'
59:02.948  render           | Saved: '/tmp/clearvla_eval_opaque_74646.png'
59:03.274  render           | Saved: '/tmp/clearvla_eval_opaque_74646.png'
59:03.684  render           | Saved: '/tmp/clearvla_eval_opaque_74646.png'
59:04.008  render           | Saved: '/tmp/clearvla_eval_opaque_74646.png'
59:04.413  render           | Saved: '/tmp/clearvla_eval_opaque_74646.png'
59:04.741  render           | Saved: '/tmp/clearvla_eval_opaque_74646.png'
59:05.152  render           | Saved: '/tmp/clearvla_eval_opaque_74646.png'
59:05.485  render           | Saved: '/tmp/clearvla_eval_opaque_74646.png'
59:05.915  render           | Saved: '/tmp/clearvla_eval_opaque_74646.png'
59:06.239  render           | Saved: '/tmp/clearvla_eval_opaque_74646.png'
59:06.647  render           | Saved: '/tmp/clearvla_eval_opaque_74646.png'
59:06.971  render           | Saved: '/tmp/clearvla_eval_opaque_74646.png'
59:07.378  render           | Saved: '/tmp/clearvla_eval_opaque_74646.png'
59:07.700  render           | Saved: '/tmp/clearvla_eval_opaque_74646.png'
59:08.115  render           | Saved: '/tmp/clearvla_eval_opaque_74646.png'
59:08.439  render           | Saved: '/tmp/clearvla_eval_opaque_74646.png'
59:08.847  render           | Saved: '/tmp/clearvla_eval_opaque_74646.png'
59:09.191  render           | Saved: '/tmp/clearvla_eval_opaque_74646.png'
59:09.595  render           | Saved: '/tmp/clearvla_eval_opaque_74646.png'
59:09.920  render           | Saved: '/tmp/clearvla_eval_opaque_74646.png'
59:10.325  render           | Saved: '/tmp/clearvla_eval_opaque_74646.png'
59:10.650  render           | Saved: '/tmp/clearvla_eval_opaque_74646.png'
59:11.059  render           | Saved: '/tmp/clearvla_eval_opaque_74646.png'
59:11.387  render           | Saved: '/tmp/clearvla_eval_opaque_74646.png'
59:11.797  render           | Saved: '/tmp/clearvla_eval_opaque_74646.png'
59:12.125  render           | Saved: '/tmp/clearvla_eval_opaque_74646.png'
59:12.528  render           | Saved: '/tmp/clearvla_eval_opaque_74646.png'
59:12.855  render           | Saved: '/tmp/clearvla_eval_opaque_74646.png'
59:13.265  render           | Saved: '/tmp/clearvla_eval_opaque_74646.png'
59:13.589  render           | Saved: '/tmp/clearvla_eval_opaque_74646.png'
59:14.005  render           | Saved: '/tmp/clearvla_eval_opaque_74646.png'
59:14.332  render           | Saved: '/tmp/clearvla_eval_opaque_74646.png'
59:14.736  render           | Saved: '/tmp/clearvla_eval_opaque_74646.png'
59:15.062  render           | Saved: '/tmp/clearvla_eval_opaque_74646.png'
59:15.468  render           | Saved: '/tmp/clearvla_eval_opaque_74646.png'
59:15.793  render           | Saved: '/tmp/clearvla_eval_opaque_74646.png'
59:16.210  render           | Saved: '/tmp/clearvla_eval_opaque_74646.png'
59:16.537  render           | Saved: '/tmp/clearvla_eval_opaque_74646.png'
59:16.945  render           | Saved: '/tmp/clearvla_eval_opaque_74646.png'
59:17.272  render           | Saved: '/tmp/clearvla_eval_opaque_74646.png'
59:17.682  render           | Saved: '/tmp/clearvla_eval_opaque_74646.png'
59:18.001  render           | Saved: '/tmp/clearvla_eval_opaque_74646.png'
59:18.406  render           | Saved: '/tmp/clearvla_eval_opaque_74646.png'
59:18.735  render           | Saved: '/tmp/clearvla_eval_opaque_74646.png'
59:19.148  render           | Saved: '/tmp/clearvla_eval_opaque_74646.png'
59:19.493  render           | Saved: '/tmp/clearvla_eval_opaque_74646.png'
59:19.900  render           | Saved: '/tmp/clearvla_eval_opaque_74646.png'
59:20.227  render           | Saved: '/tmp/clearvla_eval_opaque_74646.png'
59:20.632  render           | Saved: '/tmp/clearvla_eval_opaque_74646.png'
59:20.957  render           | Saved: '/tmp/clearvla_eval_opaque_74646.png'
59:21.362  render           | Saved: '/tmp/clearvla_eval_opaque_74646.png'
59:21.690  render           | Saved: '/tmp/clearvla_eval_opaque_74646.png'
59:22.102  render           | Saved: '/tmp/clearvla_eval_opaque_74646.png'
59:22.431  render           | Saved: '/tmp/clearvla_eval_opaque_74646.png'
59:22.833  render           | Saved: '/tmp/clearvla_eval_opaque_74646.png'
59:23.161  render           | Saved: '/tmp/clearvla_eval_opaque_74646.png'
59:23.974  render           | Saved: '/tmp/clearvla_eval_opaque_74646.png'
59:24.302  render           | Saved: '/tmp/clearvla_eval_opaque_74646.png'
59:24.719  render           | Saved: '/tmp/clearvla_eval_opaque_74646.png'
59:25.047  render           | Saved: '/tmp/clearvla_eval_opaque_74646.png'
59:25.445  render           | Saved: '/tmp/clearvla_eval_opaque_74646.png'
59:25.766  render           | Saved: '/tmp/clearvla_eval_opaque_74646.png'
59:26.185  render           | Saved: '/tmp/clearvla_eval_opaque_74646.png'
59:26.511  render           | Saved: '/tmp/clearvla_eval_opaque_74646.png'
59:26.908  render           | Saved: '/tmp/clearvla_eval_opaque_74646.png'
59:27.238  render           | Saved: '/tmp/clearvla_eval_opaque_74646.png'
59:27.653  render           | Saved: '/tmp/clearvla_eval_opaque_74646.png'
59:28.021  render           | Saved: '/tmp/clearvla_eval_opaque_74646.png'
59:28.456  render           | Saved: '/tmp/clearvla_eval_opaque_74646.png'
59:28.811  render           | Saved: '/tmp/clearvla_eval_opaque_74646.png'
59:29.233  render           | Saved: '/tmp/clearvla_eval_opaque_74646.png'
59:29.605  render           | Saved: '/tmp/clearvla_eval_opaque_74646.png'
59:30.010  render           | Saved: '/tmp/clearvla_eval_opaque_74646.png'
59:30.352  render           | Saved: '/tmp/clearvla_eval_opaque_74646.png'
59:30.758  render           | Saved: '/tmp/clearvla_eval_opaque_74646.png'
59:31.106  render           | Saved: '/tmp/clearvla_eval_opaque_74646.png'
59:31.517  render           | Saved: '/tmp/clearvla_eval_opaque_74646.png'
59:31.849  render           | Saved: '/tmp/clearvla_eval_opaque_74646.png'
59:32.254  render           | Saved: '/tmp/clearvla_eval_opaque_74646.png'
59:32.578  render           | Saved: '/tmp/clearvla_eval_opaque_74646.png'
59:32.988  render           | Saved: '/tmp/clearvla_eval_opaque_74646.png'
59:33.314  render           | Saved: '/tmp/clearvla_eval_opaque_74646.png'
59:33.721  render           | Saved: '/tmp/clearvla_eval_opaque_74646.png'
59:34.046  render           | Saved: '/tmp/clearvla_eval_opaque_74646.png'
59:34.456  render           | Saved: '/tmp/clearvla_eval_opaque_74646.png'
59:34.783  render           | Saved: '/tmp/clearvla_eval_opaque_74646.png'
59:35.195  render           | Saved: '/tmp/clearvla_eval_opaque_74646.png'
59:35.521  render           | Saved: '/tmp/clearvla_eval_opaque_74646.png'
59:35.934  render           | Saved: '/tmp/clearvla_eval_opaque_74646.png'
59:36.267  render           | Saved: '/tmp/clearvla_eval_opaque_74646.png'
59:36.677  render           | Saved: '/tmp/clearvla_eval_opaque_74646.png'
59:37.004  render           | Saved: '/tmp/clearvla_eval_opaque_74646.png'
59:37.420  render           | Saved: '/tmp/clearvla_eval_opaque_74646.png'
59:37.747  render           | Saved: '/tmp/clearvla_eval_opaque_74646.png'
59:38.162  render           | Saved: '/tmp/clearvla_eval_opaque_74646.png'
59:38.491  render           | Saved: '/tmp/clearvla_eval_opaque_74646.png'
59:38.901  render           | Saved: '/tmp/clearvla_eval_opaque_74646.png'
59:39.229  render           | Saved: '/tmp/clearvla_eval_opaque_74646.png'
59:39.647  render           | Saved: '/tmp/clearvla_eval_opaque_74646.png'
59:39.976  render           | Saved: '/tmp/clearvla_eval_opaque_74646.png'
59:40.376  render           | Saved: '/tmp/clearvla_eval_opaque_74646.png'
59:40.698  render           | Saved: '/tmp/clearvla_eval_opaque_74646.png'
59:41.102  render           | Saved: '/tmp/clearvla_eval_opaque_74646.png'
59:41.426  render           | Saved: '/tmp/clearvla_eval_opaque_74646.png'
59:41.830  render           | Saved: '/tmp/clearvla_eval_opaque_74646.png'
59:42.154  render           | Saved: '/tmp/clearvla_eval_opaque_74646.png'
59:42.561  render           | Saved: '/tmp/clearvla_eval_opaque_74646.png'
59:42.884  render           | Saved: '/tmp/clearvla_eval_opaque_74646.png'
59:43.292  render           | Saved: '/tmp/clearvla_eval_opaque_74646.png'
59:43.619  render           | Saved: '/tmp/clearvla_eval_opaque_74646.png'
59:44.025  render           | Saved: '/tmp/clearvla_eval_opaque_74646.png'
59:44.352  render           | Saved: '/tmp/clearvla_eval_opaque_74646.png'
59:44.752  render           | Saved: '/tmp/clearvla_eval_opaque_74646.png'
59:45.075  render           | Saved: '/tmp/clearvla_eval_opaque_74646.png'
59:45.478  render           | Saved: '/tmp/clearvla_eval_opaque_74646.png'
59:45.808  render           | Saved: '/tmp/clearvla_eval_opaque_74646.png'
59:46.216  render           | Saved: '/tmp/clearvla_eval_opaque_74646.png'
59:46.541  render           | Saved: '/tmp/clearvla_eval_opaque_74646.png'
59:46.947  render           | Saved: '/tmp/clearvla_eval_opaque_74646.png'
59:47.271  render           | Saved: '/tmp/clearvla_eval_opaque_74646.png'
59:47.669  render           | Saved: '/tmp/clearvla_eval_opaque_74646.png'
59:47.996  render           | Saved: '/tmp/clearvla_eval_opaque_74646.png'
59:48.426  render           | Saved: '/tmp/clearvla_eval_opaque_74646.png'
59:48.757  render           | Saved: '/tmp/clearvla_eval_opaque_74646.png'
59:49.156  render           | Saved: '/tmp/clearvla_eval_opaque_74646.png'
59:49.482  render           | Saved: '/tmp/clearvla_eval_opaque_74646.png'
59:49.891  render           | Saved: '/tmp/clearvla_eval_opaque_74646.png'
59:50.232  render           | Saved: '/tmp/clearvla_eval_opaque_74646.png'
59:50.644  render           | Saved: '/tmp/clearvla_eval_opaque_74646.png'
59:50.966  render           | Saved: '/tmp/clearvla_eval_opaque_74646.png'
59:51.380  render           | Saved: '/tmp/clearvla_eval_opaque_74646.png'
59:51.707  render           | Saved: '/tmp/clearvla_eval_opaque_74646.png'
59:52.535  render           | Saved: '/tmp/clearvla_eval_opaque_74646.png'
59:52.864  render           | Saved: '/tmp/clearvla_eval_opaque_74646.png'
59:53.272  render           | Saved: '/tmp/clearvla_eval_opaque_74646.png'
59:53.604  render           | Saved: '/tmp/clearvla_eval_opaque_74646.png'
59:54.013  render           | Saved: '/tmp/clearvla_eval_opaque_74646.png'
59:54.347  render           | Saved: '/tmp/clearvla_eval_opaque_74646.png'
59:54.752  render           | Saved: '/tmp/clearvla_eval_opaque_74646.png'
59:55.081  render           | Saved: '/tmp/clearvla_eval_opaque_74646.png'
59:55.479  render           | Saved: '/tmp/clearvla_eval_opaque_74646.png'
59:55.809  render           | Saved: '/tmp/clearvla_eval_opaque_74646.png'
59:56.212  render           | Saved: '/tmp/clearvla_eval_opaque_74646.png'
59:56.548  render           | Saved: '/tmp/clearvla_eval_opaque_74646.png'
59:56.951  render           | Saved: '/tmp/clearvla_eval_opaque_74646.png'
59:57.286  render           | Saved: '/tmp/clearvla_eval_opaque_74646.png'
59:57.679  render           | Saved: '/tmp/clearvla_eval_opaque_74646.png'
59:58.014  render           | Saved: '/tmp/clearvla_eval_opaque_74646.png'
59:58.410  render           | Saved: '/tmp/clearvla_eval_opaque_74646.png'
59:58.743  render           | Saved: '/tmp/clearvla_eval_opaque_74646.png'
59:59.150  render           | Saved: '/tmp/clearvla_eval_opaque_74646.png'
59:59.477  render           | Saved: '/tmp/clearvla_eval_opaque_74646.png'
59:59.888  render           | Saved: '/tmp/clearvla_eval_opaque_74646.png'
01:00:00.218  render           | Saved: '/tmp/clearvla_eval_opaque_74646.png'
01:00:00.629  render           | Saved: '/tmp/clearvla_eval_opaque_74646.png'
01:00:00.961  render           | Saved: '/tmp/clearvla_eval_opaque_74646.png'
01:00:01.369  render           | Saved: '/tmp/clearvla_eval_opaque_74646.png'
01:00:01.700  render           | Saved: '/tmp/clearvla_eval_opaque_74646.png'
01:00:02.106  render           | Saved: '/tmp/clearvla_eval_opaque_74646.png'
01:00:02.432  render           | Saved: '/tmp/clearvla_eval_opaque_74646.png'
01:00:02.844  render           | Saved: '/tmp/clearvla_eval_opaque_74646.png'
01:00:03.171  render           | Saved: '/tmp/clearvla_eval_opaque_74646.png'
01:00:03.588  render           | Saved: '/tmp/clearvla_eval_opaque_74646.png'
01:00:03.915  render           | Saved: '/tmp/clearvla_eval_opaque_74646.png'
01:00:04.326  render           | Saved: '/tmp/clearvla_eval_opaque_74646.png'
01:00:04.653  render           | Saved: '/tmp/clearvla_eval_opaque_74646.png'
01:00:05.061  render           | Saved: '/tmp/clearvla_eval_opaque_74646.png'
01:00:05.389  render           | Saved: '/tmp/clearvla_eval_opaque_74646.png'
01:00:05.800  render           | Saved: '/tmp/clearvla_eval_opaque_74646.png'
01:00:06.128  render           | Saved: '/tmp/clearvla_eval_opaque_74646.png'
01:00:06.518  render           | Saved: '/tmp/clearvla_eval_opaque_74646.png'
01:00:06.848  render           | Saved: '/tmp/clearvla_eval_opaque_74646.png'
01:00:07.244  render           | Saved: '/tmp/clearvla_eval_opaque_74646.png'
01:00:07.562  render           | Saved: '/tmp/clearvla_eval_opaque_74646.png'
01:00:07.954  render           | Saved: '/tmp/clearvla_eval_opaque_74646.png'
01:00:08.283  render           | Saved: '/tmp/clearvla_eval_opaque_74646.png'
01:00:08.705  render           | Saved: '/tmp/clearvla_eval_opaque_74646.png'
01:00:09.067  render           | Saved: '/tmp/clearvla_eval_opaque_74646.png'
01:00:09.506  render           | Saved: '/tmp/clearvla_eval_opaque_74646.png'
01:00:09.870  render           | Saved: '/tmp/clearvla_eval_opaque_74646.png'
01:00:10.284  render           | Saved: '/tmp/clearvla_eval_opaque_74646.png'
01:00:10.616  render           | Saved: '/tmp/clearvla_eval_opaque_74646.png'
01:00:11.013  render           | Saved: '/tmp/clearvla_eval_opaque_74646.png'
01:00:11.345  render           | Saved: '/tmp/clearvla_eval_opaque_74646.png'
01:00:11.738  render           | Saved: '/tmp/clearvla_eval_opaque_74646.png'
01:00:12.066  render           | Saved: '/tmp/clearvla_eval_opaque_74646.png'
01:00:12.457  render           | Saved: '/tmp/clearvla_eval_opaque_74646.png'
01:00:12.789  render           | Saved: '/tmp/clearvla_eval_opaque_74646.png'
01:00:13.187  render           | Saved: '/tmp/clearvla_eval_opaque_74646.png'
01:00:13.517  render           | Saved: '/tmp/clearvla_eval_opaque_74646.png'
01:00:13.910  render           | Saved: '/tmp/clearvla_eval_opaque_74646.png'
01:00:14.244  render           | Saved: '/tmp/clearvla_eval_opaque_74646.png'
01:00:14.644  render           | Saved: '/tmp/clearvla_eval_opaque_74646.png'
01:00:14.978  render           | Saved: '/tmp/clearvla_eval_opaque_74646.png'
01:00:15.380  render           | Saved: '/tmp/clearvla_eval_opaque_74646.png'
01:00:15.710  render           | Saved: '/tmp/clearvla_eval_opaque_74646.png'
01:00:16.101  render           | Saved: '/tmp/clearvla_eval_opaque_74646.png'
01:00:16.430  render           | Saved: '/tmp/clearvla_eval_opaque_74646.png'
01:00:16.828  render           | Saved: '/tmp/clearvla_eval_opaque_74646.png'
01:00:17.154  render           | Saved: '/tmp/clearvla_eval_opaque_74646.png'
01:00:17.553  render           | Saved: '/tmp/clearvla_eval_opaque_74646.png'
01:00:17.885  render           | Saved: '/tmp/clearvla_eval_opaque_74646.png'
01:00:18.284  render           | Saved: '/tmp/clearvla_eval_opaque_74646.png'
01:00:18.617  render           | Saved: '/tmp/clearvla_eval_opaque_74646.png'
01:00:19.015  render           | Saved: '/tmp/clearvla_eval_opaque_74646.png'
01:00:19.355  render           | Saved: '/tmp/clearvla_eval_opaque_74646.png'
01:00:19.754  render           | Saved: '/tmp/clearvla_eval_opaque_74646.png'
01:00:20.086  render           | Saved: '/tmp/clearvla_eval_opaque_74646.png'
01:00:20.937  render           | Saved: '/tmp/clearvla_eval_opaque_74646.png'
01:00:21.265  render           | Saved: '/tmp/clearvla_eval_opaque_74646.png'
01:00:21.703  render           | Saved: '/tmp/clearvla_eval_opaque_74646.png'
01:00:22.035  render           | Saved: '/tmp/clearvla_eval_opaque_74646.png'
01:00:22.451  render           | Saved: '/tmp/clearvla_eval_opaque_74646.png'
01:00:22.787  render           | Saved: '/tmp/clearvla_eval_opaque_74646.png'
01:00:23.203  render           | Saved: '/tmp/clearvla_eval_opaque_74646.png'
01:00:23.534  render           | Saved: '/tmp/clearvla_eval_opaque_74646.png'
01:00:23.939  render           | Saved: '/tmp/clearvla_eval_opaque_74646.png'
01:00:24.292  render           | Saved: '/tmp/clearvla_eval_opaque_74646.png'
01:00:24.718  render           | Saved: '/tmp/clearvla_eval_opaque_74646.png'
01:00:25.058  render           | Saved: '/tmp/clearvla_eval_opaque_74646.png'
01:00:25.480  render           | Saved: '/tmp/clearvla_eval_opaque_74646.png'
01:00:25.821  render           | Saved: '/tmp/clearvla_eval_opaque_74646.png'
01:00:26.247  render           | Saved: '/tmp/clearvla_eval_opaque_74646.png'
01:00:26.583  render           | Saved: '/tmp/clearvla_eval_opaque_74646.png'
01:00:27.003  render           | Saved: '/tmp/clearvla_eval_opaque_74646.png'
01:00:27.336  render           | Saved: '/tmp/clearvla_eval_opaque_74646.png'
01:00:27.740  render           | Saved: '/tmp/clearvla_eval_opaque_74646.png'
01:00:28.089  render           | Saved: '/tmp/clearvla_eval_opaque_74646.png'
01:00:28.476  render           | Saved: '/tmp/clearvla_eval_opaque_74646.png'
01:00:28.806  render           | Saved: '/tmp/clearvla_eval_opaque_74646.png'
01:00:29.196  render           | Saved: '/tmp/clearvla_eval_opaque_74646.png'
01:00:29.537  render           | Saved: '/tmp/clearvla_eval_opaque_74646.png'
01:00:29.925  render           | Saved: '/tmp/clearvla_eval_opaque_74646.png'
01:00:30.260  render           | Saved: '/tmp/clearvla_eval_opaque_74646.png'
01:00:30.642  render           | Saved: '/tmp/clearvla_eval_opaque_74646.png'
01:00:31.020  render           | Saved: '/tmp/clearvla_eval_opaque_74646.png'
01:00:31.430  render           | Saved: '/tmp/clearvla_eval_opaque_74646.png'
01:00:31.775  render           | Saved: '/tmp/clearvla_eval_opaque_74646.png'
01:00:32.206  render           | Saved: '/tmp/clearvla_eval_opaque_74646.png'
01:00:32.539  render           | Saved: '/tmp/clearvla_eval_opaque_74646.png'
01:00:33.017  render           | Saved: '/tmp/clearvla_eval_opaque_74646.png'
01:00:33.364  render           | Saved: '/tmp/clearvla_eval_opaque_74646.png'
01:00:33.801  render           | Saved: '/tmp/clearvla_eval_opaque_74646.png'
01:00:34.142  render           | Saved: '/tmp/clearvla_eval_opaque_74646.png'
01:00:34.576  render           | Saved: '/tmp/clearvla_eval_opaque_74646.png'
01:00:34.906  render           | Saved: '/tmp/clearvla_eval_opaque_74646.png'
01:00:35.325  render           | Saved: '/tmp/clearvla_eval_opaque_74646.png'
01:00:35.662  render           | Saved: '/tmp/clearvla_eval_opaque_74646.png'
01:00:36.090  render           | Saved: '/tmp/clearvla_eval_opaque_74646.png'
01:00:36.420  render           | Saved: '/tmp/clearvla_eval_opaque_74646.png'
01:00:36.864  render           | Saved: '/tmp/clearvla_eval_opaque_74646.png'
01:00:37.193  render           | Saved: '/tmp/clearvla_eval_opaque_74646.png'
01:00:37.601  render           | Saved: '/tmp/clearvla_eval_opaque_74646.png'
01:00:37.936  render           | Saved: '/tmp/clearvla_eval_opaque_74646.png'
01:00:38.333  render           | Saved: '/tmp/clearvla_eval_opaque_74646.png'
01:00:38.671  render           | Saved: '/tmp/clearvla_eval_opaque_74646.png'
01:00:39.071  render           | Saved: '/tmp/clearvla_eval_opaque_74646.png'
01:00:39.396  render           | Saved: '/tmp/clearvla_eval_opaque_74646.png'
01:00:39.815  render           | Saved: '/tmp/clearvla_eval_opaque_74646.png'
01:00:40.141  render           | Saved: '/tmp/clearvla_eval_opaque_74646.png'
01:00:40.546  render           | Saved: '/tmp/clearvla_eval_opaque_74646.png'
01:00:40.877  render           | Saved: '/tmp/clearvla_eval_opaque_74646.png'
01:00:41.297  render           | Saved: '/tmp/clearvla_eval_opaque_74646.png'
01:00:41.621  render           | Saved: '/tmp/clearvla_eval_opaque_74646.png'
01:00:42.029  render           | Saved: '/tmp/clearvla_eval_opaque_74646.png'
01:00:42.354  render           | Saved: '/tmp/clearvla_eval_opaque_74646.png'
01:00:42.762  render           | Saved: '/tmp/clearvla_eval_opaque_74646.png'
01:00:43.093  render           | Saved: '/tmp/clearvla_eval_opaque_74646.png'
01:00:43.503  render           | Saved: '/tmp/clearvla_eval_opaque_74646.png'
01:00:43.830  render           | Saved: '/tmp/clearvla_eval_opaque_74646.png'
01:00:44.237  render           | Saved: '/tmp/clearvla_eval_opaque_74646.png'
01:00:44.562  render           | Saved: '/tmp/clearvla_eval_opaque_74646.png'
01:00:44.969  render           | Saved: '/tmp/clearvla_eval_opaque_74646.png'
01:00:45.297  render           | Saved: '/tmp/clearvla_eval_opaque_74646.png'
01:00:45.701  render           | Saved: '/tmp/clearvla_eval_opaque_74646.png'
01:00:46.030  render           | Saved: '/tmp/clearvla_eval_opaque_74646.png'
01:00:46.436  render           | Saved: '/tmp/clearvla_eval_opaque_74646.png'
01:00:46.782  render           | Saved: '/tmp/clearvla_eval_opaque_74646.png'
01:00:47.187  render           | Saved: '/tmp/clearvla_eval_opaque_74646.png'
01:00:47.507  render           | Saved: '/tmp/clearvla_eval_opaque_74646.png'
01:00:47.913  render           | Saved: '/tmp/clearvla_eval_opaque_74646.png'
01:00:48.237  render           | Saved: '/tmp/clearvla_eval_opaque_74646.png'
01:00:48.647  render           | Saved: '/tmp/clearvla_eval_opaque_74646.png'
01:00:48.998  render           | Saved: '/tmp/clearvla_eval_opaque_74646.png'
01:00:49.828  render           | Saved: '/tmp/clearvla_eval_opaque_74646.png'
01:00:50.172  render           | Saved: '/tmp/clearvla_eval_opaque_74646.png'
01:00:50.599  render           | Saved: '/tmp/clearvla_eval_opaque_74646.png'
01:00:50.942  render           | Saved: '/tmp/clearvla_eval_opaque_74646.png'
01:00:51.378  render           | Saved: '/tmp/clearvla_eval_opaque_74646.png'
01:00:51.720  render           | Saved: '/tmp/clearvla_eval_opaque_74646.png'
01:00:52.133  render           | Saved: '/tmp/clearvla_eval_opaque_74646.png'
01:00:52.472  render           | Saved: '/tmp/clearvla_eval_opaque_74646.png'
01:00:52.883  render           | Saved: '/tmp/clearvla_eval_opaque_74646.png'
01:00:53.224  render           | Saved: '/tmp/clearvla_eval_opaque_74646.png'
01:00:53.643  render           | Saved: '/tmp/clearvla_eval_opaque_74646.png'
01:00:53.989  render           | Saved: '/tmp/clearvla_eval_opaque_74646.png'
01:00:54.401  render           | Saved: '/tmp/clearvla_eval_opaque_74646.png'
01:00:54.745  render           | Saved: '/tmp/clearvla_eval_opaque_74646.png'
01:00:55.159  render           | Saved: '/tmp/clearvla_eval_opaque_74646.png'
01:00:55.505  render           | Saved: '/tmp/clearvla_eval_opaque_74646.png'
01:00:55.912  render           | Saved: '/tmp/clearvla_eval_opaque_74646.png'
01:00:56.255  render           | Saved: '/tmp/clearvla_eval_opaque_74646.png'
01:00:56.650  render           | Saved: '/tmp/clearvla_eval_opaque_74646.png'
01:00:56.991  render           | Saved: '/tmp/clearvla_eval_opaque_74646.png'
01:00:57.400  render           | Saved: '/tmp/clearvla_eval_opaque_74646.png'
01:00:57.732  render           | Saved: '/tmp/clearvla_eval_opaque_74646.png'
01:00:58.129  render           | Saved: '/tmp/clearvla_eval_opaque_74646.png'
01:00:58.454  render           | Saved: '/tmp/clearvla_eval_opaque_74646.png'
01:00:58.858  render           | Saved: '/tmp/clearvla_eval_opaque_74646.png'
01:00:59.188  render           | Saved: '/tmp/clearvla_eval_opaque_74646.png'
01:00:59.591  render           | Saved: '/tmp/clearvla_eval_opaque_74646.png'
01:00:59.917  render           | Saved: '/tmp/clearvla_eval_opaque_74646.png'
01:01:00.322  render           | Saved: '/tmp/clearvla_eval_opaque_74646.png'
01:01:00.649  render           | Saved: '/tmp/clearvla_eval_opaque_74646.png'
01:01:01.052  render           | Saved: '/tmp/clearvla_eval_opaque_74646.png'
01:01:01.373  render           | Saved: '/tmp/clearvla_eval_opaque_74646.png'
01:01:01.804  render           | Saved: '/tmp/clearvla_eval_opaque_74646.png'
01:01:02.136  render           | Saved: '/tmp/clearvla_eval_opaque_74646.png'
01:01:02.547  render           | Saved: '/tmp/clearvla_eval_opaque_74646.png'
01:01:02.880  render           | Saved: '/tmp/clearvla_eval_opaque_74646.png'
01:01:03.282  render           | Saved: '/tmp/clearvla_eval_opaque_74646.png'
01:01:03.615  render           | Saved: '/tmp/clearvla_eval_opaque_74646.png'
01:01:03.997  render           | Saved: '/tmp/clearvla_eval_opaque_74646.png'
01:01:04.318  render           | Saved: '/tmp/clearvla_eval_opaque_74646.png'
01:01:04.701  render           | Saved: '/tmp/clearvla_eval_opaque_74646.png'
01:01:05.031  render           | Saved: '/tmp/clearvla_eval_opaque_74646.png'
01:01:05.442  render           | Saved: '/tmp/clearvla_eval_opaque_74646.png'
01:01:05.816  render           | Saved: '/tmp/clearvla_eval_opaque_74646.png'
01:01:06.252  render           | Saved: '/tmp/clearvla_eval_opaque_74646.png'
01:01:06.614  render           | Saved: '/tmp/clearvla_eval_opaque_74646.png'
01:01:07.094  render           | Saved: '/tmp/clearvla_eval_opaque_74646.png'
01:01:07.492  render           | Saved: '/tmp/clearvla_eval_opaque_74646.png'
01:01:07.944  render           | Saved: '/tmp/clearvla_eval_opaque_74646.png'
01:01:08.293  render           | Saved: '/tmp/clearvla_eval_opaque_74646.png'
01:01:08.703  render           | Saved: '/tmp/clearvla_eval_opaque_74646.png'
01:01:09.049  render           | Saved: '/tmp/clearvla_eval_opaque_74646.png'
01:01:09.461  render           | Saved: '/tmp/clearvla_eval_opaque_74646.png'
01:01:09.808  render           | Saved: '/tmp/clearvla_eval_opaque_74646.png'
01:01:10.218  render           | Saved: '/tmp/clearvla_eval_opaque_74646.png'
01:01:10.565  render           | Saved: '/tmp/clearvla_eval_opaque_74646.png'
01:01:10.972  render           | Saved: '/tmp/clearvla_eval_opaque_74646.png'
01:01:11.319  render           | Saved: '/tmp/clearvla_eval_opaque_74646.png'
01:01:11.729  render           | Saved: '/tmp/clearvla_eval_opaque_74646.png'
01:01:12.071  render           | Saved: '/tmp/clearvla_eval_opaque_74646.png'
01:01:12.478  render           | Saved: '/tmp/clearvla_eval_opaque_74646.png'
01:01:12.826  render           | Saved: '/tmp/clearvla_eval_opaque_74646.png'
01:01:13.234  render           | Saved: '/tmp/clearvla_eval_opaque_74646.png'
01:01:13.577  render           | Saved: '/tmp/clearvla_eval_opaque_74646.png'
01:01:13.978  render           | Saved: '/tmp/clearvla_eval_opaque_74646.png'
01:01:14.312  render           | Saved: '/tmp/clearvla_eval_opaque_74646.png'
01:01:14.708  render           | Saved: '/tmp/clearvla_eval_opaque_74646.png'
01:01:15.045  render           | Saved: '/tmp/clearvla_eval_opaque_74646.png'
01:01:15.442  render           | Saved: '/tmp/clearvla_eval_opaque_74646.png'
01:01:15.780  render           | Saved: '/tmp/clearvla_eval_opaque_74646.png'
01:01:16.179  render           | Saved: '/tmp/clearvla_eval_opaque_74646.png'
01:01:16.513  render           | Saved: '/tmp/clearvla_eval_opaque_74646.png'
01:01:16.905  render           | Saved: '/tmp/clearvla_eval_opaque_74646.png'
01:01:17.239  render           | Saved: '/tmp/clearvla_eval_opaque_74646.png'
01:01:17.630  render           | Saved: '/tmp/clearvla_eval_opaque_74646.png'
01:01:17.959  render           | Saved: '/tmp/clearvla_eval_opaque_74646.png'
01:01:18.835  render           | Saved: '/tmp/clearvla_eval_opaque_74646.png'
01:01:19.161  render           | Saved: '/tmp/clearvla_eval_opaque_74646.png'
01:01:19.620  render           | Saved: '/tmp/clearvla_eval_opaque_74646.png'
01:01:19.949  render           | Saved: '/tmp/clearvla_eval_opaque_74646.png'
01:01:20.387  render           | Saved: '/tmp/clearvla_eval_opaque_74646.png'
01:01:20.715  render           | Saved: '/tmp/clearvla_eval_opaque_74646.png'
01:01:21.146  render           | Saved: '/tmp/clearvla_eval_opaque_74646.png'
01:01:21.483  render           | Saved: '/tmp/clearvla_eval_opaque_74646.png'
01:01:21.903  render           | Saved: '/tmp/clearvla_eval_opaque_74646.png'
01:01:22.243  render           | Saved: '/tmp/clearvla_eval_opaque_74646.png'
01:01:22.679  render           | Saved: '/tmp/clearvla_eval_opaque_74646.png'
01:01:23.006  render           | Saved: '/tmp/clearvla_eval_opaque_74646.png'
01:01:23.441  render           | Saved: '/tmp/clearvla_eval_opaque_74646.png'
01:01:23.773  render           | Saved: '/tmp/clearvla_eval_opaque_74646.png'
01:01:24.185  render           | Saved: '/tmp/clearvla_eval_opaque_74646.png'
01:01:24.526  render           | Saved: '/tmp/clearvla_eval_opaque_74646.png'
01:01:24.956  render           | Saved: '/tmp/clearvla_eval_opaque_74646.png'
01:01:25.289  render           | Saved: '/tmp/clearvla_eval_opaque_74646.png'
01:01:25.700  render           | Saved: '/tmp/clearvla_eval_opaque_74646.png'
01:01:26.034  render           | Saved: '/tmp/clearvla_eval_opaque_74646.png'
01:01:26.434  render           | Saved: '/tmp/clearvla_eval_opaque_74646.png'
01:01:26.765  render           | Saved: '/tmp/clearvla_eval_opaque_74646.png'
01:01:27.155  render           | Saved: '/tmp/clearvla_eval_opaque_74646.png'
01:01:27.486  render           | Saved: '/tmp/clearvla_eval_opaque_74646.png'
01:01:27.876  render           | Saved: '/tmp/clearvla_eval_opaque_74646.png'
01:01:28.199  render           | Saved: '/tmp/clearvla_eval_opaque_74646.png'
01:01:28.595  render           | Saved: '/tmp/clearvla_eval_opaque_74646.png'
01:01:28.944  render           | Saved: '/tmp/clearvla_eval_opaque_74646.png'
01:01:29.334  render           | Saved: '/tmp/clearvla_eval_opaque_74646.png'
01:01:29.709  render           | Saved: '/tmp/clearvla_eval_opaque_74646.png'
01:01:30.113  render           | Saved: '/tmp/clearvla_eval_opaque_74646.png'
01:01:30.447  render           | Saved: '/tmp/clearvla_eval_opaque_74646.png'
01:01:30.905  render           | Saved: '/tmp/clearvla_eval_opaque_74646.png'
01:01:31.234  render           | Saved: '/tmp/clearvla_eval_opaque_74646.png'
01:01:31.666  render           | Saved: '/tmp/clearvla_eval_opaque_74646.png'
01:01:31.994  render           | Saved: '/tmp/clearvla_eval_opaque_74646.png'
01:01:32.403  render           | Saved: '/tmp/clearvla_eval_opaque_74646.png'
01:01:32.741  render           | Saved: '/tmp/clearvla_eval_opaque_74646.png'
01:01:33.138  render           | Saved: '/tmp/clearvla_eval_opaque_74646.png'
01:01:33.467  render           | Saved: '/tmp/clearvla_eval_opaque_74646.png'
01:01:33.865  render           | Saved: '/tmp/clearvla_eval_opaque_74646.png'
01:01:34.200  render           | Saved: '/tmp/clearvla_eval_opaque_74646.png'
01:01:34.603  render           | Saved: '/tmp/clearvla_eval_opaque_74646.png'
01:01:34.927  render           | Saved: '/tmp/clearvla_eval_opaque_74646.png'
01:01:35.313  render           | Saved: '/tmp/clearvla_eval_opaque_74646.png'
01:01:35.637  render           | Saved: '/tmp/clearvla_eval_opaque_74646.png'
01:01:36.031  render           | Saved: '/tmp/clearvla_eval_opaque_74646.png'
01:01:36.390  render           | Saved: '/tmp/clearvla_eval_opaque_74646.png'
01:01:36.783  render           | Saved: '/tmp/clearvla_eval_opaque_74646.png'
01:01:37.168  render           | Saved: '/tmp/clearvla_eval_opaque_74646.png'
01:01:37.574  render           | Saved: '/tmp/clearvla_eval_opaque_74646.png'
01:01:37.912  render           | Saved: '/tmp/clearvla_eval_opaque_74646.png'
01:01:38.359  render           | Saved: '/tmp/clearvla_eval_opaque_74646.png'
01:01:38.693  render           | Saved: '/tmp/clearvla_eval_opaque_74646.png'
01:01:39.109  render           | Saved: '/tmp/clearvla_eval_opaque_74646.png'
01:01:39.444  render           | Saved: '/tmp/clearvla_eval_opaque_74646.png'
01:01:39.855  render           | Saved: '/tmp/clearvla_eval_opaque_74646.png'
01:01:40.193  render           | Saved: '/tmp/clearvla_eval_opaque_74646.png'
01:01:40.602  render           | Saved: '/tmp/clearvla_eval_opaque_74646.png'
01:01:40.941  render           | Saved: '/tmp/clearvla_eval_opaque_74646.png'
01:01:41.372  render           | Saved: '/tmp/clearvla_eval_opaque_74646.png'
01:01:41.704  render           | Saved: '/tmp/clearvla_eval_opaque_74646.png'
01:01:42.115  render           | Saved: '/tmp/clearvla_eval_opaque_74646.png'
01:01:42.454  render           | Saved: '/tmp/clearvla_eval_opaque_74646.png'
01:01:42.865  render           | Saved: '/tmp/clearvla_eval_opaque_74646.png'
01:01:43.200  render           | Saved: '/tmp/clearvla_eval_opaque_74646.png'
01:01:43.609  render           | Saved: '/tmp/clearvla_eval_opaque_74646.png'
01:01:43.945  render           | Saved: '/tmp/clearvla_eval_opaque_74646.png'
01:01:44.357  render           | Saved: '/tmp/clearvla_eval_opaque_74646.png'
01:01:44.694  render           | Saved: '/tmp/clearvla_eval_opaque_74646.png'
01:01:45.119  render           | Saved: '/tmp/clearvla_eval_opaque_74646.png'
01:01:45.448  render           | Saved: '/tmp/clearvla_eval_opaque_74646.png'
01:01:45.883  render           | Saved: '/tmp/clearvla_eval_opaque_74646.png'
01:01:46.214  render           | Saved: '/tmp/clearvla_eval_opaque_74646.png'
01:01:46.642  render           | Saved: '/tmp/clearvla_eval_opaque_74646.png'
01:01:46.972  render           | Saved: '/tmp/clearvla_eval_opaque_74646.png'
01:01:47.841  render           | Saved: '/tmp/clearvla_eval_opaque_74646.png'
01:01:48.193  render           | Saved: '/tmp/clearvla_eval_opaque_74646.png'
01:01:48.654  render           | Saved: '/tmp/clearvla_eval_opaque_74646.png'
01:01:48.995  render           | Saved: '/tmp/clearvla_eval_opaque_74646.png'
01:01:49.409  render           | Saved: '/tmp/clearvla_eval_opaque_74646.png'
01:01:49.758  render           | Saved: '/tmp/clearvla_eval_opaque_74646.png'
01:01:50.196  render           | Saved: '/tmp/clearvla_eval_opaque_74646.png'
01:01:50.557  render           | Saved: '/tmp/clearvla_eval_opaque_74646.png'
01:01:50.995  render           | Saved: '/tmp/clearvla_eval_opaque_74646.png'
01:01:51.358  render           | Saved: '/tmp/clearvla_eval_opaque_74646.png'
01:01:51.828  render           | Saved: '/tmp/clearvla_eval_opaque_74646.png'
01:01:52.197  render           | Saved: '/tmp/clearvla_eval_opaque_74646.png'
01:01:52.637  render           | Saved: '/tmp/clearvla_eval_opaque_74646.png'
01:01:53.004  render           | Saved: '/tmp/clearvla_eval_opaque_74646.png'
01:01:53.441  render           | Saved: '/tmp/clearvla_eval_opaque_74646.png'
01:01:53.805  render           | Saved: '/tmp/clearvla_eval_opaque_74646.png'
01:01:54.225  render           | Saved: '/tmp/clearvla_eval_opaque_74646.png'
01:01:54.592  render           | Saved: '/tmp/clearvla_eval_opaque_74646.png'
01:01:55.026  render           | Saved: '/tmp/clearvla_eval_opaque_74646.png'
01:01:55.385  render           | Saved: '/tmp/clearvla_eval_opaque_74646.png'
01:01:55.813  render           | Saved: '/tmp/clearvla_eval_opaque_74646.png'
01:01:56.176  render           | Saved: '/tmp/clearvla_eval_opaque_74646.png'
01:01:56.608  render           | Saved: '/tmp/clearvla_eval_opaque_74646.png'
01:01:56.978  render           | Saved: '/tmp/clearvla_eval_opaque_74646.png'
01:01:57.440  render           | Saved: '/tmp/clearvla_eval_opaque_74646.png'
01:01:57.834  render           | Saved: '/tmp/clearvla_eval_opaque_74646.png'
01:01:58.285  render           | Saved: '/tmp/clearvla_eval_opaque_74646.png'
01:01:58.641  render           | Saved: '/tmp/clearvla_eval_opaque_74646.png'
01:01:59.059  render           | Saved: '/tmp/clearvla_eval_opaque_74646.png'
01:01:59.411  render           | Saved: '/tmp/clearvla_eval_opaque_74646.png'
01:01:59.818  render           | Saved: '/tmp/clearvla_eval_opaque_74646.png'
01:02:00.161  render           | Saved: '/tmp/clearvla_eval_opaque_74646.png'
01:02:00.564  render           | Saved: '/tmp/clearvla_eval_opaque_74646.png'
01:02:00.907  render           | Saved: '/tmp/clearvla_eval_opaque_74646.png'
01:02:01.317  render           | Saved: '/tmp/clearvla_eval_opaque_74646.png'
01:02:01.691  render           | Saved: '/tmp/clearvla_eval_opaque_74646.png'
01:02:02.119  render           | Saved: '/tmp/clearvla_eval_opaque_74646.png'
01:02:02.480  render           | Saved: '/tmp/clearvla_eval_opaque_74646.png'
01:02:02.916  render           | Saved: '/tmp/clearvla_eval_opaque_74646.png'
01:02:03.267  render           | Saved: '/tmp/clearvla_eval_opaque_74646.png'
01:02:03.667  render           | Saved: '/tmp/clearvla_eval_opaque_74646.png'
01:02:04.008  render           | Saved: '/tmp/clearvla_eval_opaque_74646.png'
01:02:04.417  render           | Saved: '/tmp/clearvla_eval_opaque_74646.png'
01:02:04.756  render           | Saved: '/tmp/clearvla_eval_opaque_74646.png'
01:02:05.163  render           | Saved: '/tmp/clearvla_eval_opaque_74646.png'
01:02:05.501  render           | Saved: '/tmp/clearvla_eval_opaque_74646.png'
01:02:05.903  render           | Saved: '/tmp/clearvla_eval_opaque_74646.png'
01:02:06.240  render           | Saved: '/tmp/clearvla_eval_opaque_74646.png'
01:02:06.642  render           | Saved: '/tmp/clearvla_eval_opaque_74646.png'
01:02:06.968  render           | Saved: '/tmp/clearvla_eval_opaque_74646.png'
01:02:07.375  render           | Saved: '/tmp/clearvla_eval_opaque_74646.png'
01:02:07.699  render           | Saved: '/tmp/clearvla_eval_opaque_74646.png'
01:02:08.104  render           | Saved: '/tmp/clearvla_eval_opaque_74646.png'
01:02:08.430  render           | Saved: '/tmp/clearvla_eval_opaque_74646.png'
01:02:08.842  render           | Saved: '/tmp/clearvla_eval_opaque_74646.png'
01:02:09.169  render           | Saved: '/tmp/clearvla_eval_opaque_74646.png'
01:02:09.575  render           | Saved: '/tmp/clearvla_eval_opaque_74646.png'
01:02:09.902  render           | Saved: '/tmp/clearvla_eval_opaque_74646.png'
01:02:10.304  render           | Saved: '/tmp/clearvla_eval_opaque_74646.png'
01:02:10.631  render           | Saved: '/tmp/clearvla_eval_opaque_74646.png'
01:02:11.042  render           | Saved: '/tmp/clearvla_eval_opaque_74646.png'
01:02:11.369  render           | Saved: '/tmp/clearvla_eval_opaque_74646.png'
01:02:11.778  render           | Saved: '/tmp/clearvla_eval_opaque_74646.png'
01:02:12.104  render           | Saved: '/tmp/clearvla_eval_opaque_74646.png'
01:02:12.506  render           | Saved: '/tmp/clearvla_eval_opaque_74646.png'
01:02:12.831  render           | Saved: '/tmp/clearvla_eval_opaque_74646.png'
01:02:13.240  render           | Saved: '/tmp/clearvla_eval_opaque_74646.png'
01:02:13.566  render           | Saved: '/tmp/clearvla_eval_opaque_74646.png'
01:02:13.974  render           | Saved: '/tmp/clearvla_eval_opaque_74646.png'
01:02:14.299  render           | Saved: '/tmp/clearvla_eval_opaque_74646.png'
01:02:14.706  render           | Saved: '/tmp/clearvla_eval_opaque_74646.png'
01:02:15.035  render           | Saved: '/tmp/clearvla_eval_opaque_74646.png'
01:02:15.441  render           | Saved: '/tmp/clearvla_eval_opaque_74646.png'
01:02:15.768  render           | Saved: '/tmp/clearvla_eval_opaque_74646.png'
01:02:16.170  render           | Saved: '/tmp/clearvla_eval_opaque_74646.png'
01:02:16.496  render           | Saved: '/tmp/clearvla_eval_opaque_74646.png'
01:02:17.322  render           | Saved: '/tmp/clearvla_eval_opaque_74646.png'
01:02:17.654  render           | Saved: '/tmp/clearvla_eval_opaque_74646.png'
01:02:18.064  render           | Saved: '/tmp/clearvla_eval_opaque_74646.png'
01:02:18.404  render           | Saved: '/tmp/clearvla_eval_opaque_74646.png'
01:02:18.809  render           | Saved: '/tmp/clearvla_eval_opaque_74646.png'
01:02:19.143  render           | Saved: '/tmp/clearvla_eval_opaque_74646.png'
01:02:19.549  render           | Saved: '/tmp/clearvla_eval_opaque_74646.png'
01:02:19.877  render           | Saved: '/tmp/clearvla_eval_opaque_74646.png'
01:02:20.280  render           | Saved: '/tmp/clearvla_eval_opaque_74646.png'
01:02:20.612  render           | Saved: '/tmp/clearvla_eval_opaque_74646.png'
01:02:21.018  render           | Saved: '/tmp/clearvla_eval_opaque_74646.png'
01:02:21.351  render           | Saved: '/tmp/clearvla_eval_opaque_74646.png'
01:02:21.755  render           | Saved: '/tmp/clearvla_eval_opaque_74646.png'
01:02:22.088  render           | Saved: '/tmp/clearvla_eval_opaque_74646.png'
01:02:22.488  render           | Saved: '/tmp/clearvla_eval_opaque_74646.png'
01:02:22.828  render           | Saved: '/tmp/clearvla_eval_opaque_74646.png'
01:02:23.227  render           | Saved: '/tmp/clearvla_eval_opaque_74646.png'
01:02:23.569  render           | Saved: '/tmp/clearvla_eval_opaque_74646.png'
[cache25/opaque] insert: 8/30  (62.3 min, 6.6 s/ep)
01:02:24.425  render           | Saved: '/tmp/clearvla_eval_opaque_74646.png'
01:02:24.753  render           | Saved: '/tmp/clearvla_eval_opaque_74646.png'
01:02:25.229  render           | Saved: '/tmp/clearvla_eval_opaque_74646.png'
01:02:25.553  render           | Saved: '/tmp/clearvla_eval_opaque_74646.png'
01:02:26.020  render           | Saved: '/tmp/clearvla_eval_opaque_74646.png'
01:02:26.353  render           | Saved: '/tmp/clearvla_eval_opaque_74646.png'
01:02:26.800  render           | Saved: '/tmp/clearvla_eval_opaque_74646.png'
01:02:27.127  render           | Saved: '/tmp/clearvla_eval_opaque_74646.png'
01:02:27.560  render           | Saved: '/tmp/clearvla_eval_opaque_74646.png'
01:02:27.887  render           | Saved: '/tmp/clearvla_eval_opaque_74646.png'
01:02:28.320  render           | Saved: '/tmp/clearvla_eval_opaque_74646.png'
01:02:28.652  render           | Saved: '/tmp/clearvla_eval_opaque_74646.png'
01:02:29.089  render           | Saved: '/tmp/clearvla_eval_opaque_74646.png'
01:02:29.419  render           | Saved: '/tmp/clearvla_eval_opaque_74646.png'
01:02:29.853  render           | Saved: '/tmp/clearvla_eval_opaque_74646.png'
01:02:30.187  render           | Saved: '/tmp/clearvla_eval_opaque_74646.png'
01:02:31.038  render           | Saved: '/tmp/clearvla_eval_opaque_74646.png'
01:02:31.393  render           | Saved: '/tmp/clearvla_eval_opaque_74646.png'
01:02:31.874  render           | Saved: '/tmp/clearvla_eval_opaque_74646.png'
01:02:32.254  render           | Saved: '/tmp/clearvla_eval_opaque_74646.png'
01:02:32.666  render           | Saved: '/tmp/clearvla_eval_opaque_74646.png'
01:02:33.000  render           | Saved: '/tmp/clearvla_eval_opaque_74646.png'
01:02:33.439  render           | Saved: '/tmp/clearvla_eval_opaque_74646.png'
01:02:33.771  render           | Saved: '/tmp/clearvla_eval_opaque_74646.png'
01:02:34.185  render           | Saved: '/tmp/clearvla_eval_opaque_74646.png'
01:02:34.525  render           | Saved: '/tmp/clearvla_eval_opaque_74646.png'
01:02:34.942  render           | Saved: '/tmp/clearvla_eval_opaque_74646.png'
01:02:35.279  render           | Saved: '/tmp/clearvla_eval_opaque_74646.png'
01:02:35.688  render           | Saved: '/tmp/clearvla_eval_opaque_74646.png'
01:02:36.029  render           | Saved: '/tmp/clearvla_eval_opaque_74646.png'
01:02:36.431  render           | Saved: '/tmp/clearvla_eval_opaque_74646.png'
01:02:36.760  render           | Saved: '/tmp/clearvla_eval_opaque_74646.png'
01:02:37.167  render           | Saved: '/tmp/clearvla_eval_opaque_74646.png'
01:02:37.499  render           | Saved: '/tmp/clearvla_eval_opaque_74646.png'
01:02:37.906  render           | Saved: '/tmp/clearvla_eval_opaque_74646.png'
01:02:38.238  render           | Saved: '/tmp/clearvla_eval_opaque_74646.png'
01:02:38.650  render           | Saved: '/tmp/clearvla_eval_opaque_74646.png'
01:02:38.978  render           | Saved: '/tmp/clearvla_eval_opaque_74646.png'
01:02:39.393  render           | Saved: '/tmp/clearvla_eval_opaque_74646.png'
01:02:39.720  render           | Saved: '/tmp/clearvla_eval_opaque_74646.png'
01:02:40.128  render           | Saved: '/tmp/clearvla_eval_opaque_74646.png'
01:02:40.451  render           | Saved: '/tmp/clearvla_eval_opaque_74646.png'
01:02:40.855  render           | Saved: '/tmp/clearvla_eval_opaque_74646.png'
01:02:41.180  render           | Saved: '/tmp/clearvla_eval_opaque_74646.png'
01:02:41.594  render           | Saved: '/tmp/clearvla_eval_opaque_74646.png'
01:02:41.921  render           | Saved: '/tmp/clearvla_eval_opaque_74646.png'
01:02:42.336  render           | Saved: '/tmp/clearvla_eval_opaque_74646.png'
01:02:42.668  render           | Saved: '/tmp/clearvla_eval_opaque_74646.png'
01:02:43.098  render           | Saved: '/tmp/clearvla_eval_opaque_74646.png'
01:02:43.452  render           | Saved: '/tmp/clearvla_eval_opaque_74646.png'
01:02:43.856  render           | Saved: '/tmp/clearvla_eval_opaque_74646.png'
01:02:44.192  render           | Saved: '/tmp/clearvla_eval_opaque_74646.png'
01:02:44.605  render           | Saved: '/tmp/clearvla_eval_opaque_74646.png'
01:02:44.942  render           | Saved: '/tmp/clearvla_eval_opaque_74646.png'
01:02:45.352  render           | Saved: '/tmp/clearvla_eval_opaque_74646.png'
01:02:45.683  render           | Saved: '/tmp/clearvla_eval_opaque_74646.png'
01:02:46.118  render           | Saved: '/tmp/clearvla_eval_opaque_74646.png'
01:02:46.446  render           | Saved: '/tmp/clearvla_eval_opaque_74646.png'
01:02:46.876  render           | Saved: '/tmp/clearvla_eval_opaque_74646.png'
01:02:47.206  render           | Saved: '/tmp/clearvla_eval_opaque_74646.png'
01:02:47.629  render           | Saved: '/tmp/clearvla_eval_opaque_74646.png'
01:02:47.963  render           | Saved: '/tmp/clearvla_eval_opaque_74646.png'
01:02:48.398  render           | Saved: '/tmp/clearvla_eval_opaque_74646.png'
01:02:48.727  render           | Saved: '/tmp/clearvla_eval_opaque_74646.png'
01:02:49.151  render           | Saved: '/tmp/clearvla_eval_opaque_74646.png'
01:02:49.479  render           | Saved: '/tmp/clearvla_eval_opaque_74646.png'
01:02:49.903  render           | Saved: '/tmp/clearvla_eval_opaque_74646.png'
01:02:50.236  render           | Saved: '/tmp/clearvla_eval_opaque_74646.png'
01:02:50.654  render           | Saved: '/tmp/clearvla_eval_opaque_74646.png'
01:02:50.987  render           | Saved: '/tmp/clearvla_eval_opaque_74646.png'
01:02:51.414  render           | Saved: '/tmp/clearvla_eval_opaque_74646.png'
01:02:51.743  render           | Saved: '/tmp/clearvla_eval_opaque_74646.png'
01:02:52.184  render           | Saved: '/tmp/clearvla_eval_opaque_74646.png'
01:02:52.512  render           | Saved: '/tmp/clearvla_eval_opaque_74646.png'
01:02:52.962  render           | Saved: '/tmp/clearvla_eval_opaque_74646.png'
01:02:53.294  render           | Saved: '/tmp/clearvla_eval_opaque_74646.png'
01:02:53.738  render           | Saved: '/tmp/clearvla_eval_opaque_74646.png'
01:02:54.063  render           | Saved: '/tmp/clearvla_eval_opaque_74646.png'
01:02:54.489  render           | Saved: '/tmp/clearvla_eval_opaque_74646.png'
01:02:54.818  render           | Saved: '/tmp/clearvla_eval_opaque_74646.png'
01:02:55.245  render           | Saved: '/tmp/clearvla_eval_opaque_74646.png'
01:02:55.576  render           | Saved: '/tmp/clearvla_eval_opaque_74646.png'
01:02:56.005  render           | Saved: '/tmp/clearvla_eval_opaque_74646.png'
01:02:56.331  render           | Saved: '/tmp/clearvla_eval_opaque_74646.png'
01:02:56.792  render           | Saved: '/tmp/clearvla_eval_opaque_74646.png'
01:02:57.136  render           | Saved: '/tmp/clearvla_eval_opaque_74646.png'
01:02:57.557  render           | Saved: '/tmp/clearvla_eval_opaque_74646.png'
01:02:57.902  render           | Saved: '/tmp/clearvla_eval_opaque_74646.png'
01:02:58.323  render           | Saved: '/tmp/clearvla_eval_opaque_74646.png'
01:02:58.665  render           | Saved: '/tmp/clearvla_eval_opaque_74646.png'
01:02:59.092  render           | Saved: '/tmp/clearvla_eval_opaque_74646.png'
01:02:59.421  render           | Saved: '/tmp/clearvla_eval_opaque_74646.png'
01:03:00.273  render           | Saved: '/tmp/clearvla_eval_opaque_74646.png'
01:03:00.631  render           | Saved: '/tmp/clearvla_eval_opaque_74646.png'
01:03:01.081  render           | Saved: '/tmp/clearvla_eval_opaque_74646.png'
01:03:01.454  render           | Saved: '/tmp/clearvla_eval_opaque_74646.png'
01:03:01.869  render           | Saved: '/tmp/clearvla_eval_opaque_74646.png'
01:03:02.198  render           | Saved: '/tmp/clearvla_eval_opaque_74646.png'
01:03:02.674  render           | Saved: '/tmp/clearvla_eval_opaque_74646.png'
01:03:02.999  render           | Saved: '/tmp/clearvla_eval_opaque_74646.png'
01:03:03.455  render           | Saved: '/tmp/clearvla_eval_opaque_74646.png'
01:03:03.788  render           | Saved: '/tmp/clearvla_eval_opaque_74646.png'
01:03:04.220  render           | Saved: '/tmp/clearvla_eval_opaque_74646.png'
01:03:04.556  render           | Saved: '/tmp/clearvla_eval_opaque_74646.png'
01:03:04.993  render           | Saved: '/tmp/clearvla_eval_opaque_74646.png'
01:03:05.334  render           | Saved: '/tmp/clearvla_eval_opaque_74646.png'
01:03:05.754  render           | Saved: '/tmp/clearvla_eval_opaque_74646.png'
01:03:06.098  render           | Saved: '/tmp/clearvla_eval_opaque_74646.png'
01:03:06.510  render           | Saved: '/tmp/clearvla_eval_opaque_74646.png'
01:03:06.854  render           | Saved: '/tmp/clearvla_eval_opaque_74646.png'
01:03:07.261  render           | Saved: '/tmp/clearvla_eval_opaque_74646.png'
01:03:07.597  render           | Saved: '/tmp/clearvla_eval_opaque_74646.png'
01:03:08.007  render           | Saved: '/tmp/clearvla_eval_opaque_74646.png'
01:03:08.336  render           | Saved: '/tmp/clearvla_eval_opaque_74646.png'
01:03:08.733  render           | Saved: '/tmp/clearvla_eval_opaque_74646.png'
01:03:09.069  render           | Saved: '/tmp/clearvla_eval_opaque_74646.png'
01:03:09.471  render           | Saved: '/tmp/clearvla_eval_opaque_74646.png'
01:03:09.794  render           | Saved: '/tmp/clearvla_eval_opaque_74646.png'
01:03:10.191  render           | Saved: '/tmp/clearvla_eval_opaque_74646.png'
01:03:10.513  render           | Saved: '/tmp/clearvla_eval_opaque_74646.png'
01:03:10.903  render           | Saved: '/tmp/clearvla_eval_opaque_74646.png'
01:03:11.233  render           | Saved: '/tmp/clearvla_eval_opaque_74646.png'
01:03:11.619  render           | Saved: '/tmp/clearvla_eval_opaque_74646.png'
01:03:11.981  render           | Saved: '/tmp/clearvla_eval_opaque_74646.png'
01:03:12.376  render           | Saved: '/tmp/clearvla_eval_opaque_74646.png'
01:03:12.761  render           | Saved: '/tmp/clearvla_eval_opaque_74646.png'
01:03:13.167  render           | Saved: '/tmp/clearvla_eval_opaque_74646.png'
01:03:13.520  render           | Saved: '/tmp/clearvla_eval_opaque_74646.png'
01:03:13.933  render           | Saved: '/tmp/clearvla_eval_opaque_74646.png'
01:03:14.282  render           | Saved: '/tmp/clearvla_eval_opaque_74646.png'
01:03:14.711  render           | Saved: '/tmp/clearvla_eval_opaque_74646.png'
01:03:15.057  render           | Saved: '/tmp/clearvla_eval_opaque_74646.png'
01:03:15.479  render           | Saved: '/tmp/clearvla_eval_opaque_74646.png'
01:03:15.827  render           | Saved: '/tmp/clearvla_eval_opaque_74646.png'
01:03:16.256  render           | Saved: '/tmp/clearvla_eval_opaque_74646.png'
01:03:16.604  render           | Saved: '/tmp/clearvla_eval_opaque_74646.png'
01:03:17.018  render           | Saved: '/tmp/clearvla_eval_opaque_74646.png'
01:03:17.347  render           | Saved: '/tmp/clearvla_eval_opaque_74646.png'
01:03:17.799  render           | Saved: '/tmp/clearvla_eval_opaque_74646.png'
01:03:18.133  render           | Saved: '/tmp/clearvla_eval_opaque_74646.png'
01:03:18.589  render           | Saved: '/tmp/clearvla_eval_opaque_74646.png'
01:03:18.918  render           | Saved: '/tmp/clearvla_eval_opaque_74646.png'
01:03:19.345  render           | Saved: '/tmp/clearvla_eval_opaque_74646.png'
01:03:19.675  render           | Saved: '/tmp/clearvla_eval_opaque_74646.png'
01:03:20.116  render           | Saved: '/tmp/clearvla_eval_opaque_74646.png'
01:03:20.448  render           | Saved: '/tmp/clearvla_eval_opaque_74646.png'
01:03:20.874  render           | Saved: '/tmp/clearvla_eval_opaque_74646.png'
01:03:21.203  render           | Saved: '/tmp/clearvla_eval_opaque_74646.png'
01:03:21.628  render           | Saved: '/tmp/clearvla_eval_opaque_74646.png'
01:03:21.962  render           | Saved: '/tmp/clearvla_eval_opaque_74646.png'
01:03:22.391  render           | Saved: '/tmp/clearvla_eval_opaque_74646.png'
01:03:22.717  render           | Saved: '/tmp/clearvla_eval_opaque_74646.png'
01:03:23.146  render           | Saved: '/tmp/clearvla_eval_opaque_74646.png'
01:03:23.475  render           | Saved: '/tmp/clearvla_eval_opaque_74646.png'
01:03:23.901  render           | Saved: '/tmp/clearvla_eval_opaque_74646.png'
01:03:24.232  render           | Saved: '/tmp/clearvla_eval_opaque_74646.png'
01:03:24.661  render           | Saved: '/tmp/clearvla_eval_opaque_74646.png'
01:03:24.990  render           | Saved: '/tmp/clearvla_eval_opaque_74646.png'
01:03:25.402  render           | Saved: '/tmp/clearvla_eval_opaque_74646.png'
01:03:25.741  render           | Saved: '/tmp/clearvla_eval_opaque_74646.png'
01:03:26.183  render           | Saved: '/tmp/clearvla_eval_opaque_74646.png'
01:03:26.532  render           | Saved: '/tmp/clearvla_eval_opaque_74646.png'
01:03:26.962  render           | Saved: '/tmp/clearvla_eval_opaque_74646.png'
01:03:27.308  render           | Saved: '/tmp/clearvla_eval_opaque_74646.png'
01:03:27.735  render           | Saved: '/tmp/clearvla_eval_opaque_74646.png'
01:03:28.079  render           | Saved: '/tmp/clearvla_eval_opaque_74646.png'
01:03:28.512  render           | Saved: '/tmp/clearvla_eval_opaque_74646.png'
01:03:28.859  render           | Saved: '/tmp/clearvla_eval_opaque_74646.png'
01:03:29.676  render           | Saved: '/tmp/clearvla_eval_opaque_74646.png'
01:03:30.040  render           | Saved: '/tmp/clearvla_eval_opaque_74646.png'
01:03:30.469  render           | Saved: '/tmp/clearvla_eval_opaque_74646.png'
01:03:30.817  render           | Saved: '/tmp/clearvla_eval_opaque_74646.png'
01:03:31.254  render           | Saved: '/tmp/clearvla_eval_opaque_74646.png'
01:03:31.614  render           | Saved: '/tmp/clearvla_eval_opaque_74646.png'
01:03:32.088  render           | Saved: '/tmp/clearvla_eval_opaque_74646.png'
01:03:32.459  render           | Saved: '/tmp/clearvla_eval_opaque_74646.png'
01:03:32.917  render           | Saved: '/tmp/clearvla_eval_opaque_74646.png'
01:03:33.280  render           | Saved: '/tmp/clearvla_eval_opaque_74646.png'
01:03:33.721  render           | Saved: '/tmp/clearvla_eval_opaque_74646.png'
01:03:34.095  render           | Saved: '/tmp/clearvla_eval_opaque_74646.png'
01:03:34.525  render           | Saved: '/tmp/clearvla_eval_opaque_74646.png'
01:03:34.900  render           | Saved: '/tmp/clearvla_eval_opaque_74646.png'
01:03:35.332  render           | Saved: '/tmp/clearvla_eval_opaque_74646.png'
01:03:35.704  render           | Saved: '/tmp/clearvla_eval_opaque_74646.png'
01:03:36.167  render           | Saved: '/tmp/clearvla_eval_opaque_74646.png'
01:03:36.533  render           | Saved: '/tmp/clearvla_eval_opaque_74646.png'
01:03:36.993  render           | Saved: '/tmp/clearvla_eval_opaque_74646.png'
01:03:37.358  render           | Saved: '/tmp/clearvla_eval_opaque_74646.png'
01:03:37.796  render           | Saved: '/tmp/clearvla_eval_opaque_74646.png'
01:03:38.158  render           | Saved: '/tmp/clearvla_eval_opaque_74646.png'
01:03:38.574  render           | Saved: '/tmp/clearvla_eval_opaque_74646.png'
01:03:38.912  render           | Saved: '/tmp/clearvla_eval_opaque_74646.png'
01:03:39.344  render           | Saved: '/tmp/clearvla_eval_opaque_74646.png'
01:03:39.675  render           | Saved: '/tmp/clearvla_eval_opaque_74646.png'
01:03:40.078  render           | Saved: '/tmp/clearvla_eval_opaque_74646.png'
01:03:40.407  render           | Saved: '/tmp/clearvla_eval_opaque_74646.png'
01:03:40.805  render           | Saved: '/tmp/clearvla_eval_opaque_74646.png'
01:03:41.131  render           | Saved: '/tmp/clearvla_eval_opaque_74646.png'
01:03:41.536  render           | Saved: '/tmp/clearvla_eval_opaque_74646.png'
01:03:41.863  render           | Saved: '/tmp/clearvla_eval_opaque_74646.png'
01:03:42.271  render           | Saved: '/tmp/clearvla_eval_opaque_74646.png'
01:03:42.596  render           | Saved: '/tmp/clearvla_eval_opaque_74646.png'
01:03:43.007  render           | Saved: '/tmp/clearvla_eval_opaque_74646.png'
01:03:43.334  render           | Saved: '/tmp/clearvla_eval_opaque_74646.png'
01:03:43.745  render           | Saved: '/tmp/clearvla_eval_opaque_74646.png'
01:03:44.072  render           | Saved: '/tmp/clearvla_eval_opaque_74646.png'
01:03:44.481  render           | Saved: '/tmp/clearvla_eval_opaque_74646.png'
01:03:44.807  render           | Saved: '/tmp/clearvla_eval_opaque_74646.png'
01:03:45.212  render           | Saved: '/tmp/clearvla_eval_opaque_74646.png'
01:03:45.539  render           | Saved: '/tmp/clearvla_eval_opaque_74646.png'
01:03:45.943  render           | Saved: '/tmp/clearvla_eval_opaque_74646.png'
01:03:46.273  render           | Saved: '/tmp/clearvla_eval_opaque_74646.png'
01:03:46.688  render           | Saved: '/tmp/clearvla_eval_opaque_74646.png'
01:03:47.013  render           | Saved: '/tmp/clearvla_eval_opaque_74646.png'
01:03:47.419  render           | Saved: '/tmp/clearvla_eval_opaque_74646.png'
01:03:47.742  render           | Saved: '/tmp/clearvla_eval_opaque_74646.png'
01:03:48.152  render           | Saved: '/tmp/clearvla_eval_opaque_74646.png'
01:03:48.478  render           | Saved: '/tmp/clearvla_eval_opaque_74646.png'
01:03:48.880  render           | Saved: '/tmp/clearvla_eval_opaque_74646.png'
01:03:49.207  render           | Saved: '/tmp/clearvla_eval_opaque_74646.png'
01:03:49.610  render           | Saved: '/tmp/clearvla_eval_opaque_74646.png'
01:03:49.935  render           | Saved: '/tmp/clearvla_eval_opaque_74646.png'
01:03:50.341  render           | Saved: '/tmp/clearvla_eval_opaque_74646.png'
01:03:50.664  render           | Saved: '/tmp/clearvla_eval_opaque_74646.png'
01:03:51.068  render           | Saved: '/tmp/clearvla_eval_opaque_74646.png'
01:03:51.393  render           | Saved: '/tmp/clearvla_eval_opaque_74646.png'
01:03:51.799  render           | Saved: '/tmp/clearvla_eval_opaque_74646.png'
01:03:52.124  render           | Saved: '/tmp/clearvla_eval_opaque_74646.png'
01:03:52.528  render           | Saved: '/tmp/clearvla_eval_opaque_74646.png'
01:03:52.852  render           | Saved: '/tmp/clearvla_eval_opaque_74646.png'
01:03:53.257  render           | Saved: '/tmp/clearvla_eval_opaque_74646.png'
01:03:53.582  render           | Saved: '/tmp/clearvla_eval_opaque_74646.png'
01:03:53.986  render           | Saved: '/tmp/clearvla_eval_opaque_74646.png'
01:03:54.310  render           | Saved: '/tmp/clearvla_eval_opaque_74646.png'
01:03:54.713  render           | Saved: '/tmp/clearvla_eval_opaque_74646.png'
01:03:55.040  render           | Saved: '/tmp/clearvla_eval_opaque_74646.png'
01:03:55.446  render           | Saved: '/tmp/clearvla_eval_opaque_74646.png'
01:03:55.773  render           | Saved: '/tmp/clearvla_eval_opaque_74646.png'
01:03:56.179  render           | Saved: '/tmp/clearvla_eval_opaque_74646.png'
01:03:56.505  render           | Saved: '/tmp/clearvla_eval_opaque_74646.png'
01:03:56.908  render           | Saved: '/tmp/clearvla_eval_opaque_74646.png'
01:03:57.234  render           | Saved: '/tmp/clearvla_eval_opaque_74646.png'
01:03:57.646  render           | Saved: '/tmp/clearvla_eval_opaque_74646.png'
01:03:57.972  render           | Saved: '/tmp/clearvla_eval_opaque_74646.png'
01:03:58.804  render           | Saved: '/tmp/clearvla_eval_opaque_74646.png'
01:03:59.137  render           | Saved: '/tmp/clearvla_eval_opaque_74646.png'
01:03:59.550  render           | Saved: '/tmp/clearvla_eval_opaque_74646.png'
01:03:59.886  render           | Saved: '/tmp/clearvla_eval_opaque_74646.png'
01:04:00.306  render           | Saved: '/tmp/clearvla_eval_opaque_74646.png'
01:04:00.650  render           | Saved: '/tmp/clearvla_eval_opaque_74646.png'
01:04:01.080  render           | Saved: '/tmp/clearvla_eval_opaque_74646.png'
01:04:01.440  render           | Saved: '/tmp/clearvla_eval_opaque_74646.png'
01:04:01.879  render           | Saved: '/tmp/clearvla_eval_opaque_74646.png'
01:04:02.242  render           | Saved: '/tmp/clearvla_eval_opaque_74646.png'
01:04:02.675  render           | Saved: '/tmp/clearvla_eval_opaque_74646.png'
01:04:03.049  render           | Saved: '/tmp/clearvla_eval_opaque_74646.png'
01:04:03.507  render           | Saved: '/tmp/clearvla_eval_opaque_74646.png'
01:04:03.873  render           | Saved: '/tmp/clearvla_eval_opaque_74646.png'
01:04:04.309  render           | Saved: '/tmp/clearvla_eval_opaque_74646.png'
01:04:04.672  render           | Saved: '/tmp/clearvla_eval_opaque_74646.png'
01:04:05.098  render           | Saved: '/tmp/clearvla_eval_opaque_74646.png'
01:04:05.442  render           | Saved: '/tmp/clearvla_eval_opaque_74646.png'
01:04:05.867  render           | Saved: '/tmp/clearvla_eval_opaque_74646.png'
01:04:06.230  render           | Saved: '/tmp/clearvla_eval_opaque_74646.png'
01:04:06.659  render           | Saved: '/tmp/clearvla_eval_opaque_74646.png'
01:04:07.020  render           | Saved: '/tmp/clearvla_eval_opaque_74646.png'
01:04:07.429  render           | Saved: '/tmp/clearvla_eval_opaque_74646.png'
01:04:07.770  render           | Saved: '/tmp/clearvla_eval_opaque_74646.png'
01:04:08.186  render           | Saved: '/tmp/clearvla_eval_opaque_74646.png'
01:04:08.521  render           | Saved: '/tmp/clearvla_eval_opaque_74646.png'
01:04:08.921  render           | Saved: '/tmp/clearvla_eval_opaque_74646.png'
01:04:09.246  render           | Saved: '/tmp/clearvla_eval_opaque_74646.png'
01:04:09.652  render           | Saved: '/tmp/clearvla_eval_opaque_74646.png'
01:04:09.982  render           | Saved: '/tmp/clearvla_eval_opaque_74646.png'
01:04:10.392  render           | Saved: '/tmp/clearvla_eval_opaque_74646.png'
01:04:10.716  render           | Saved: '/tmp/clearvla_eval_opaque_74646.png'
01:04:11.126  render           | Saved: '/tmp/clearvla_eval_opaque_74646.png'
01:04:11.451  render           | Saved: '/tmp/clearvla_eval_opaque_74646.png'
01:04:11.857  render           | Saved: '/tmp/clearvla_eval_opaque_74646.png'
01:04:12.182  render           | Saved: '/tmp/clearvla_eval_opaque_74646.png'
01:04:12.590  render           | Saved: '/tmp/clearvla_eval_opaque_74646.png'
01:04:12.917  render           | Saved: '/tmp/clearvla_eval_opaque_74646.png'
01:04:13.325  render           | Saved: '/tmp/clearvla_eval_opaque_74646.png'
01:04:13.650  render           | Saved: '/tmp/clearvla_eval_opaque_74646.png'
01:04:14.056  render           | Saved: '/tmp/clearvla_eval_opaque_74646.png'
01:04:14.381  render           | Saved: '/tmp/clearvla_eval_opaque_74646.png'
01:04:14.790  render           | Saved: '/tmp/clearvla_eval_opaque_74646.png'
01:04:15.114  render           | Saved: '/tmp/clearvla_eval_opaque_74646.png'
01:04:15.521  render           | Saved: '/tmp/clearvla_eval_opaque_74646.png'
01:04:15.847  render           | Saved: '/tmp/clearvla_eval_opaque_74646.png'
01:04:16.252  render           | Saved: '/tmp/clearvla_eval_opaque_74646.png'
01:04:16.581  render           | Saved: '/tmp/clearvla_eval_opaque_74646.png'
01:04:16.992  render           | Saved: '/tmp/clearvla_eval_opaque_74646.png'
01:04:17.316  render           | Saved: '/tmp/clearvla_eval_opaque_74646.png'
01:04:17.723  render           | Saved: '/tmp/clearvla_eval_opaque_74646.png'
01:04:18.049  render           | Saved: '/tmp/clearvla_eval_opaque_74646.png'
01:04:18.449  render           | Saved: '/tmp/clearvla_eval_opaque_74646.png'
01:04:18.780  render           | Saved: '/tmp/clearvla_eval_opaque_74646.png'
01:04:19.185  render           | Saved: '/tmp/clearvla_eval_opaque_74646.png'
01:04:19.513  render           | Saved: '/tmp/clearvla_eval_opaque_74646.png'
01:04:19.920  render           | Saved: '/tmp/clearvla_eval_opaque_74646.png'
01:04:20.248  render           | Saved: '/tmp/clearvla_eval_opaque_74646.png'
01:04:20.665  render           | Saved: '/tmp/clearvla_eval_opaque_74646.png'
01:04:20.995  render           | Saved: '/tmp/clearvla_eval_opaque_74646.png'
01:04:21.396  render           | Saved: '/tmp/clearvla_eval_opaque_74646.png'
01:04:21.724  render           | Saved: '/tmp/clearvla_eval_opaque_74646.png'
01:04:22.127  render           | Saved: '/tmp/clearvla_eval_opaque_74646.png'
01:04:22.457  render           | Saved: '/tmp/clearvla_eval_opaque_74646.png'
01:04:22.870  render           | Saved: '/tmp/clearvla_eval_opaque_74646.png'
01:04:23.193  render           | Saved: '/tmp/clearvla_eval_opaque_74646.png'
01:04:23.602  render           | Saved: '/tmp/clearvla_eval_opaque_74646.png'
01:04:23.927  render           | Saved: '/tmp/clearvla_eval_opaque_74646.png'
01:04:24.333  render           | Saved: '/tmp/clearvla_eval_opaque_74646.png'
01:04:24.660  render           | Saved: '/tmp/clearvla_eval_opaque_74646.png'
01:04:25.072  render           | Saved: '/tmp/clearvla_eval_opaque_74646.png'
01:04:25.418  render           | Saved: '/tmp/clearvla_eval_opaque_74646.png'
01:04:25.819  render           | Saved: '/tmp/clearvla_eval_opaque_74646.png'
01:04:26.156  render           | Saved: '/tmp/clearvla_eval_opaque_74646.png'
01:04:26.566  render           | Saved: '/tmp/clearvla_eval_opaque_74646.png'
01:04:26.901  render           | Saved: '/tmp/clearvla_eval_opaque_74646.png'
01:04:27.748  render           | Saved: '/tmp/clearvla_eval_opaque_74646.png'
01:04:28.091  render           | Saved: '/tmp/clearvla_eval_opaque_74646.png'
01:04:28.525  render           | Saved: '/tmp/clearvla_eval_opaque_74646.png'
01:04:28.888  render           | Saved: '/tmp/clearvla_eval_opaque_74646.png'
01:04:29.323  render           | Saved: '/tmp/clearvla_eval_opaque_74646.png'
01:04:29.688  render           | Saved: '/tmp/clearvla_eval_opaque_74646.png'
01:04:30.128  render           | Saved: '/tmp/clearvla_eval_opaque_74646.png'
01:04:30.489  render           | Saved: '/tmp/clearvla_eval_opaque_74646.png'
01:04:30.926  render           | Saved: '/tmp/clearvla_eval_opaque_74646.png'
01:04:31.280  render           | Saved: '/tmp/clearvla_eval_opaque_74646.png'
01:04:31.715  render           | Saved: '/tmp/clearvla_eval_opaque_74646.png'
01:04:32.096  render           | Saved: '/tmp/clearvla_eval_opaque_74646.png'
01:04:32.533  render           | Saved: '/tmp/clearvla_eval_opaque_74646.png'
01:04:32.897  render           | Saved: '/tmp/clearvla_eval_opaque_74646.png'
01:04:33.329  render           | Saved: '/tmp/clearvla_eval_opaque_74646.png'
01:04:33.682  render           | Saved: '/tmp/clearvla_eval_opaque_74646.png'
01:04:34.101  render           | Saved: '/tmp/clearvla_eval_opaque_74646.png'
01:04:34.445  render           | Saved: '/tmp/clearvla_eval_opaque_74646.png'
01:04:34.854  render           | Saved: '/tmp/clearvla_eval_opaque_74646.png'
01:04:35.202  render           | Saved: '/tmp/clearvla_eval_opaque_74646.png'
01:04:35.614  render           | Saved: '/tmp/clearvla_eval_opaque_74646.png'
01:04:35.959  render           | Saved: '/tmp/clearvla_eval_opaque_74646.png'
01:04:36.358  render           | Saved: '/tmp/clearvla_eval_opaque_74646.png'
01:04:36.700  render           | Saved: '/tmp/clearvla_eval_opaque_74646.png'
01:04:37.114  render           | Saved: '/tmp/clearvla_eval_opaque_74646.png'
01:04:37.448  render           | Saved: '/tmp/clearvla_eval_opaque_74646.png'
01:04:37.858  render           | Saved: '/tmp/clearvla_eval_opaque_74646.png'
01:04:38.187  render           | Saved: '/tmp/clearvla_eval_opaque_74646.png'
01:04:38.591  render           | Saved: '/tmp/clearvla_eval_opaque_74646.png'
01:04:38.919  render           | Saved: '/tmp/clearvla_eval_opaque_74646.png'
01:04:39.330  render           | Saved: '/tmp/clearvla_eval_opaque_74646.png'
01:04:39.655  render           | Saved: '/tmp/clearvla_eval_opaque_74646.png'
01:04:40.067  render           | Saved: '/tmp/clearvla_eval_opaque_74646.png'
01:04:40.395  render           | Saved: '/tmp/clearvla_eval_opaque_74646.png'
01:04:40.796  render           | Saved: '/tmp/clearvla_eval_opaque_74646.png'
01:04:41.123  render           | Saved: '/tmp/clearvla_eval_opaque_74646.png'
01:04:41.530  render           | Saved: '/tmp/clearvla_eval_opaque_74646.png'
01:04:41.856  render           | Saved: '/tmp/clearvla_eval_opaque_74646.png'
01:04:42.253  render           | Saved: '/tmp/clearvla_eval_opaque_74646.png'
01:04:42.582  render           | Saved: '/tmp/clearvla_eval_opaque_74646.png'
01:04:42.969  render           | Saved: '/tmp/clearvla_eval_opaque_74646.png'
01:04:43.299  render           | Saved: '/tmp/clearvla_eval_opaque_74646.png'
01:04:43.688  render           | Saved: '/tmp/clearvla_eval_opaque_74646.png'
01:04:44.009  render           | Saved: '/tmp/clearvla_eval_opaque_74646.png'
01:04:44.397  render           | Saved: '/tmp/clearvla_eval_opaque_74646.png'
01:04:44.740  render           | Saved: '/tmp/clearvla_eval_opaque_74646.png'
01:04:45.145  render           | Saved: '/tmp/clearvla_eval_opaque_74646.png'
01:04:45.518  render           | Saved: '/tmp/clearvla_eval_opaque_74646.png'
01:04:45.954  render           | Saved: '/tmp/clearvla_eval_opaque_74646.png'
01:04:46.319  render           | Saved: '/tmp/clearvla_eval_opaque_74646.png'
01:04:46.756  render           | Saved: '/tmp/clearvla_eval_opaque_74646.png'
01:04:47.126  render           | Saved: '/tmp/clearvla_eval_opaque_74646.png'
01:04:47.542  render           | Saved: '/tmp/clearvla_eval_opaque_74646.png'
01:04:47.904  render           | Saved: '/tmp/clearvla_eval_opaque_74646.png'
01:04:48.338  render           | Saved: '/tmp/clearvla_eval_opaque_74646.png'
01:04:48.686  render           | Saved: '/tmp/clearvla_eval_opaque_74646.png'
01:04:49.090  render           | Saved: '/tmp/clearvla_eval_opaque_74646.png'
01:04:49.437  render           | Saved: '/tmp/clearvla_eval_opaque_74646.png'
01:04:49.842  render           | Saved: '/tmp/clearvla_eval_opaque_74646.png'
01:04:50.185  render           | Saved: '/tmp/clearvla_eval_opaque_74646.png'
01:04:50.594  render           | Saved: '/tmp/clearvla_eval_opaque_74646.png'
01:04:50.939  render           | Saved: '/tmp/clearvla_eval_opaque_74646.png'
01:04:51.350  render           | Saved: '/tmp/clearvla_eval_opaque_74646.png'
01:04:51.695  render           | Saved: '/tmp/clearvla_eval_opaque_74646.png'
01:04:52.112  render           | Saved: '/tmp/clearvla_eval_opaque_74646.png'
01:04:52.454  render           | Saved: '/tmp/clearvla_eval_opaque_74646.png'
01:04:52.865  render           | Saved: '/tmp/clearvla_eval_opaque_74646.png'
01:04:53.207  render           | Saved: '/tmp/clearvla_eval_opaque_74646.png'
01:04:53.619  render           | Saved: '/tmp/clearvla_eval_opaque_74646.png'
01:04:53.963  render           | Saved: '/tmp/clearvla_eval_opaque_74646.png'
01:04:54.369  render           | Saved: '/tmp/clearvla_eval_opaque_74646.png'
01:04:54.714  render           | Saved: '/tmp/clearvla_eval_opaque_74646.png'
01:04:55.124  render           | Saved: '/tmp/clearvla_eval_opaque_74646.png'
01:04:55.465  render           | Saved: '/tmp/clearvla_eval_opaque_74646.png'
01:04:55.873  render           | Saved: '/tmp/clearvla_eval_opaque_74646.png'
01:04:56.217  render           | Saved: '/tmp/clearvla_eval_opaque_74646.png'
01:04:57.057  render           | Saved: '/tmp/clearvla_eval_opaque_74646.png'
01:04:57.394  render           | Saved: '/tmp/clearvla_eval_opaque_74646.png'
01:04:57.835  render           | Saved: '/tmp/clearvla_eval_opaque_74646.png'
01:04:58.165  render           | Saved: '/tmp/clearvla_eval_opaque_74646.png'
01:04:58.637  render           | Saved: '/tmp/clearvla_eval_opaque_74646.png'
01:04:58.981  render           | Saved: '/tmp/clearvla_eval_opaque_74646.png'
01:04:59.412  render           | Saved: '/tmp/clearvla_eval_opaque_74646.png'
01:04:59.754  render           | Saved: '/tmp/clearvla_eval_opaque_74646.png'
01:05:00.182  render           | Saved: '/tmp/clearvla_eval_opaque_74646.png'
01:05:00.530  render           | Saved: '/tmp/clearvla_eval_opaque_74646.png'
01:05:00.959  render           | Saved: '/tmp/clearvla_eval_opaque_74646.png'
01:05:01.307  render           | Saved: '/tmp/clearvla_eval_opaque_74646.png'
01:05:01.735  render           | Saved: '/tmp/clearvla_eval_opaque_74646.png'
01:05:02.084  render           | Saved: '/tmp/clearvla_eval_opaque_74646.png'
01:05:02.522  render           | Saved: '/tmp/clearvla_eval_opaque_74646.png'
01:05:02.869  render           | Saved: '/tmp/clearvla_eval_opaque_74646.png'
01:05:03.292  render           | Saved: '/tmp/clearvla_eval_opaque_74646.png'
01:05:03.647  render           | Saved: '/tmp/clearvla_eval_opaque_74646.png'
01:05:04.079  render           | Saved: '/tmp/clearvla_eval_opaque_74646.png'
01:05:04.430  render           | Saved: '/tmp/clearvla_eval_opaque_74646.png'
01:05:04.854  render           | Saved: '/tmp/clearvla_eval_opaque_74646.png'
01:05:05.202  render           | Saved: '/tmp/clearvla_eval_opaque_74646.png'
01:05:05.628  render           | Saved: '/tmp/clearvla_eval_opaque_74646.png'
01:05:05.962  render           | Saved: '/tmp/clearvla_eval_opaque_74646.png'
01:05:06.371  render           | Saved: '/tmp/clearvla_eval_opaque_74646.png'
01:05:06.707  render           | Saved: '/tmp/clearvla_eval_opaque_74646.png'
01:05:07.104  render           | Saved: '/tmp/clearvla_eval_opaque_74646.png'
01:05:07.439  render           | Saved: '/tmp/clearvla_eval_opaque_74646.png'
01:05:07.833  render           | Saved: '/tmp/clearvla_eval_opaque_74646.png'
01:05:08.161  render           | Saved: '/tmp/clearvla_eval_opaque_74646.png'
01:05:08.561  render           | Saved: '/tmp/clearvla_eval_opaque_74646.png'
01:05:08.892  render           | Saved: '/tmp/clearvla_eval_opaque_74646.png'
01:05:09.295  render           | Saved: '/tmp/clearvla_eval_opaque_74646.png'
01:05:09.625  render           | Saved: '/tmp/clearvla_eval_opaque_74646.png'
01:05:10.031  render           | Saved: '/tmp/clearvla_eval_opaque_74646.png'
01:05:10.364  render           | Saved: '/tmp/clearvla_eval_opaque_74646.png'
01:05:10.765  render           | Saved: '/tmp/clearvla_eval_opaque_74646.png'
01:05:11.098  render           | Saved: '/tmp/clearvla_eval_opaque_74646.png'
01:05:11.496  render           | Saved: '/tmp/clearvla_eval_opaque_74646.png'
01:05:11.824  render           | Saved: '/tmp/clearvla_eval_opaque_74646.png'
01:05:12.227  render           | Saved: '/tmp/clearvla_eval_opaque_74646.png'
01:05:12.558  render           | Saved: '/tmp/clearvla_eval_opaque_74646.png'
01:05:12.962  render           | Saved: '/tmp/clearvla_eval_opaque_74646.png'
01:05:13.298  render           | Saved: '/tmp/clearvla_eval_opaque_74646.png'
01:05:13.711  render           | Saved: '/tmp/clearvla_eval_opaque_74646.png'
01:05:14.036  render           | Saved: '/tmp/clearvla_eval_opaque_74646.png'
01:05:14.446  render           | Saved: '/tmp/clearvla_eval_opaque_74646.png'
01:05:14.772  render           | Saved: '/tmp/clearvla_eval_opaque_74646.png'
01:05:15.182  render           | Saved: '/tmp/clearvla_eval_opaque_74646.png'
01:05:15.509  render           | Saved: '/tmp/clearvla_eval_opaque_74646.png'
01:05:15.922  render           | Saved: '/tmp/clearvla_eval_opaque_74646.png'
01:05:16.248  render           | Saved: '/tmp/clearvla_eval_opaque_74646.png'
01:05:16.662  render           | Saved: '/tmp/clearvla_eval_opaque_74646.png'
01:05:16.994  render           | Saved: '/tmp/clearvla_eval_opaque_74646.png'
01:05:17.415  render           | Saved: '/tmp/clearvla_eval_opaque_74646.png'
01:05:17.744  render           | Saved: '/tmp/clearvla_eval_opaque_74646.png'
01:05:18.156  render           | Saved: '/tmp/clearvla_eval_opaque_74646.png'
01:05:18.479  render           | Saved: '/tmp/clearvla_eval_opaque_74646.png'
01:05:18.897  render           | Saved: '/tmp/clearvla_eval_opaque_74646.png'
01:05:19.220  render           | Saved: '/tmp/clearvla_eval_opaque_74646.png'
01:05:19.635  render           | Saved: '/tmp/clearvla_eval_opaque_74646.png'
01:05:19.989  render           | Saved: '/tmp/clearvla_eval_opaque_74646.png'
01:05:20.401  render           | Saved: '/tmp/clearvla_eval_opaque_74646.png'
01:05:20.727  render           | Saved: '/tmp/clearvla_eval_opaque_74646.png'
01:05:21.143  render           | Saved: '/tmp/clearvla_eval_opaque_74646.png'
01:05:21.476  render           | Saved: '/tmp/clearvla_eval_opaque_74646.png'
01:05:21.882  render           | Saved: '/tmp/clearvla_eval_opaque_74646.png'
01:05:22.214  render           | Saved: '/tmp/clearvla_eval_opaque_74646.png'
01:05:22.623  render           | Saved: '/tmp/clearvla_eval_opaque_74646.png'
01:05:22.957  render           | Saved: '/tmp/clearvla_eval_opaque_74646.png'
01:05:23.363  render           | Saved: '/tmp/clearvla_eval_opaque_74646.png'
01:05:23.693  render           | Saved: '/tmp/clearvla_eval_opaque_74646.png'
01:05:24.104  render           | Saved: '/tmp/clearvla_eval_opaque_74646.png'
01:05:24.440  render           | Saved: '/tmp/clearvla_eval_opaque_74646.png'
01:05:24.851  render           | Saved: '/tmp/clearvla_eval_opaque_74646.png'
01:05:25.178  render           | Saved: '/tmp/clearvla_eval_opaque_74646.png'
01:05:26.009  render           | Saved: '/tmp/clearvla_eval_opaque_74646.png'
01:05:26.328  render           | Saved: '/tmp/clearvla_eval_opaque_74646.png'
01:05:26.742  render           | Saved: '/tmp/clearvla_eval_opaque_74646.png'
01:05:27.078  render           | Saved: '/tmp/clearvla_eval_opaque_74646.png'
01:05:27.506  render           | Saved: '/tmp/clearvla_eval_opaque_74646.png'
01:05:27.828  render           | Saved: '/tmp/clearvla_eval_opaque_74646.png'
01:05:28.247  render           | Saved: '/tmp/clearvla_eval_opaque_74646.png'
01:05:28.574  render           | Saved: '/tmp/clearvla_eval_opaque_74646.png'
01:05:28.984  render           | Saved: '/tmp/clearvla_eval_opaque_74646.png'
01:05:29.310  render           | Saved: '/tmp/clearvla_eval_opaque_74646.png'
01:05:29.725  render           | Saved: '/tmp/clearvla_eval_opaque_74646.png'
01:05:30.048  render           | Saved: '/tmp/clearvla_eval_opaque_74646.png'
01:05:30.468  render           | Saved: '/tmp/clearvla_eval_opaque_74646.png'
01:05:30.822  render           | Saved: '/tmp/clearvla_eval_opaque_74646.png'
01:05:31.244  render           | Saved: '/tmp/clearvla_eval_opaque_74646.png'
01:05:31.578  render           | Saved: '/tmp/clearvla_eval_opaque_74646.png'
01:05:31.993  render           | Saved: '/tmp/clearvla_eval_opaque_74646.png'
01:05:32.332  render           | Saved: '/tmp/clearvla_eval_opaque_74646.png'
01:05:32.740  render           | Saved: '/tmp/clearvla_eval_opaque_74646.png'
01:05:33.079  render           | Saved: '/tmp/clearvla_eval_opaque_74646.png'
01:05:33.483  render           | Saved: '/tmp/clearvla_eval_opaque_74646.png'
01:05:33.824  render           | Saved: '/tmp/clearvla_eval_opaque_74646.png'
01:05:34.227  render           | Saved: '/tmp/clearvla_eval_opaque_74646.png'
01:05:34.555  render           | Saved: '/tmp/clearvla_eval_opaque_74646.png'
01:05:34.965  render           | Saved: '/tmp/clearvla_eval_opaque_74646.png'
01:05:35.286  render           | Saved: '/tmp/clearvla_eval_opaque_74646.png'
01:05:35.692  render           | Saved: '/tmp/clearvla_eval_opaque_74646.png'
01:05:36.020  render           | Saved: '/tmp/clearvla_eval_opaque_74646.png'
01:05:36.426  render           | Saved: '/tmp/clearvla_eval_opaque_74646.png'
01:05:36.774  render           | Saved: '/tmp/clearvla_eval_opaque_74646.png'
01:05:37.174  render           | Saved: '/tmp/clearvla_eval_opaque_74646.png'
01:05:37.504  render           | Saved: '/tmp/clearvla_eval_opaque_74646.png'
01:05:37.910  render           | Saved: '/tmp/clearvla_eval_opaque_74646.png'
01:05:38.233  render           | Saved: '/tmp/clearvla_eval_opaque_74646.png'
01:05:38.640  render           | Saved: '/tmp/clearvla_eval_opaque_74646.png'
01:05:38.965  render           | Saved: '/tmp/clearvla_eval_opaque_74646.png'
01:05:39.370  render           | Saved: '/tmp/clearvla_eval_opaque_74646.png'
01:05:39.692  render           | Saved: '/tmp/clearvla_eval_opaque_74646.png'
01:05:40.097  render           | Saved: '/tmp/clearvla_eval_opaque_74646.png'
01:05:40.423  render           | Saved: '/tmp/clearvla_eval_opaque_74646.png'
01:05:40.836  render           | Saved: '/tmp/clearvla_eval_opaque_74646.png'
01:05:41.162  render           | Saved: '/tmp/clearvla_eval_opaque_74646.png'
01:05:41.572  render           | Saved: '/tmp/clearvla_eval_opaque_74646.png'
01:05:41.898  render           | Saved: '/tmp/clearvla_eval_opaque_74646.png'
01:05:42.305  render           | Saved: '/tmp/clearvla_eval_opaque_74646.png'
01:05:42.632  render           | Saved: '/tmp/clearvla_eval_opaque_74646.png'
01:05:43.039  render           | Saved: '/tmp/clearvla_eval_opaque_74646.png'
01:05:43.366  render           | Saved: '/tmp/clearvla_eval_opaque_74646.png'
01:05:43.772  render           | Saved: '/tmp/clearvla_eval_opaque_74646.png'
01:05:44.102  render           | Saved: '/tmp/clearvla_eval_opaque_74646.png'
01:05:44.508  render           | Saved: '/tmp/clearvla_eval_opaque_74646.png'
01:05:44.833  render           | Saved: '/tmp/clearvla_eval_opaque_74646.png'
01:05:45.242  render           | Saved: '/tmp/clearvla_eval_opaque_74646.png'
01:05:45.569  render           | Saved: '/tmp/clearvla_eval_opaque_74646.png'
01:05:45.972  render           | Saved: '/tmp/clearvla_eval_opaque_74646.png'
01:05:46.300  render           | Saved: '/tmp/clearvla_eval_opaque_74646.png'
01:05:46.703  render           | Saved: '/tmp/clearvla_eval_opaque_74646.png'
01:05:47.032  render           | Saved: '/tmp/clearvla_eval_opaque_74646.png'
01:05:47.439  render           | Saved: '/tmp/clearvla_eval_opaque_74646.png'
01:05:47.771  render           | Saved: '/tmp/clearvla_eval_opaque_74646.png'
01:05:48.179  render           | Saved: '/tmp/clearvla_eval_opaque_74646.png'
01:05:48.506  render           | Saved: '/tmp/clearvla_eval_opaque_74646.png'
01:05:48.914  render           | Saved: '/tmp/clearvla_eval_opaque_74646.png'
01:05:49.239  render           | Saved: '/tmp/clearvla_eval_opaque_74646.png'
01:05:49.645  render           | Saved: '/tmp/clearvla_eval_opaque_74646.png'
01:05:49.980  render           | Saved: '/tmp/clearvla_eval_opaque_74646.png'
01:05:50.379  render           | Saved: '/tmp/clearvla_eval_opaque_74646.png'
01:05:50.714  render           | Saved: '/tmp/clearvla_eval_opaque_74646.png'
01:05:51.123  render           | Saved: '/tmp/clearvla_eval_opaque_74646.png'
01:05:51.454  render           | Saved: '/tmp/clearvla_eval_opaque_74646.png'
01:05:51.849  render           | Saved: '/tmp/clearvla_eval_opaque_74646.png'
01:05:52.176  render           | Saved: '/tmp/clearvla_eval_opaque_74646.png'
01:05:52.564  render           | Saved: '/tmp/clearvla_eval_opaque_74646.png'
01:05:52.879  render           | Saved: '/tmp/clearvla_eval_opaque_74646.png'
01:05:53.270  render           | Saved: '/tmp/clearvla_eval_opaque_74646.png'
01:05:53.608  render           | Saved: '/tmp/clearvla_eval_opaque_74646.png'
01:05:54.416  render           | Saved: '/tmp/clearvla_eval_opaque_74646.png'
01:05:54.743  render           | Saved: '/tmp/clearvla_eval_opaque_74646.png'
01:05:55.165  render           | Saved: '/tmp/clearvla_eval_opaque_74646.png'
01:05:55.530  render           | Saved: '/tmp/clearvla_eval_opaque_74646.png'
01:05:55.969  render           | Saved: '/tmp/clearvla_eval_opaque_74646.png'
01:05:56.311  render           | Saved: '/tmp/clearvla_eval_opaque_74646.png'
01:05:56.746  render           | Saved: '/tmp/clearvla_eval_opaque_74646.png'
01:05:57.107  render           | Saved: '/tmp/clearvla_eval_opaque_74646.png'
01:05:57.539  render           | Saved: '/tmp/clearvla_eval_opaque_74646.png'
01:05:57.904  render           | Saved: '/tmp/clearvla_eval_opaque_74646.png'
01:05:58.343  render           | Saved: '/tmp/clearvla_eval_opaque_74646.png'
01:05:58.714  render           | Saved: '/tmp/clearvla_eval_opaque_74646.png'
01:05:59.187  render           | Saved: '/tmp/clearvla_eval_opaque_74646.png'
01:05:59.552  render           | Saved: '/tmp/clearvla_eval_opaque_74646.png'
01:05:59.991  render           | Saved: '/tmp/clearvla_eval_opaque_74646.png'
01:06:00.360  render           | Saved: '/tmp/clearvla_eval_opaque_74646.png'
01:06:00.848  render           | Saved: '/tmp/clearvla_eval_opaque_74646.png'
01:06:01.215  render           | Saved: '/tmp/clearvla_eval_opaque_74646.png'
01:06:01.645  render           | Saved: '/tmp/clearvla_eval_opaque_74646.png'
01:06:02.010  render           | Saved: '/tmp/clearvla_eval_opaque_74646.png'
01:06:02.471  render           | Saved: '/tmp/clearvla_eval_opaque_74646.png'
01:06:02.839  render           | Saved: '/tmp/clearvla_eval_opaque_74646.png'
01:06:03.274  render           | Saved: '/tmp/clearvla_eval_opaque_74646.png'
01:06:03.640  render           | Saved: '/tmp/clearvla_eval_opaque_74646.png'
01:06:04.058  render           | Saved: '/tmp/clearvla_eval_opaque_74646.png'
01:06:04.421  render           | Saved: '/tmp/clearvla_eval_opaque_74646.png'
01:06:04.857  render           | Saved: '/tmp/clearvla_eval_opaque_74646.png'
01:06:05.222  render           | Saved: '/tmp/clearvla_eval_opaque_74646.png'
01:06:05.651  render           | Saved: '/tmp/clearvla_eval_opaque_74646.png'
01:06:06.015  render           | Saved: '/tmp/clearvla_eval_opaque_74646.png'
01:06:06.441  render           | Saved: '/tmp/clearvla_eval_opaque_74646.png'
01:06:06.800  render           | Saved: '/tmp/clearvla_eval_opaque_74646.png'
01:06:07.232  render           | Saved: '/tmp/clearvla_eval_opaque_74646.png'
01:06:07.597  render           | Saved: '/tmp/clearvla_eval_opaque_74646.png'
01:06:08.027  render           | Saved: '/tmp/clearvla_eval_opaque_74646.png'
01:06:08.390  render           | Saved: '/tmp/clearvla_eval_opaque_74646.png'
01:06:08.817  render           | Saved: '/tmp/clearvla_eval_opaque_74646.png'
01:06:09.184  render           | Saved: '/tmp/clearvla_eval_opaque_74646.png'
01:06:09.615  render           | Saved: '/tmp/clearvla_eval_opaque_74646.png'
01:06:09.973  render           | Saved: '/tmp/clearvla_eval_opaque_74646.png'
01:06:10.400  render           | Saved: '/tmp/clearvla_eval_opaque_74646.png'
01:06:10.763  render           | Saved: '/tmp/clearvla_eval_opaque_74646.png'
01:06:11.183  render           | Saved: '/tmp/clearvla_eval_opaque_74646.png'
01:06:11.529  render           | Saved: '/tmp/clearvla_eval_opaque_74646.png'
01:06:11.940  render           | Saved: '/tmp/clearvla_eval_opaque_74646.png'
01:06:12.298  render           | Saved: '/tmp/clearvla_eval_opaque_74646.png'
01:06:12.727  render           | Saved: '/tmp/clearvla_eval_opaque_74646.png'
01:06:13.072  render           | Saved: '/tmp/clearvla_eval_opaque_74646.png'
01:06:13.484  render           | Saved: '/tmp/clearvla_eval_opaque_74646.png'
01:06:13.846  render           | Saved: '/tmp/clearvla_eval_opaque_74646.png'
01:06:14.278  render           | Saved: '/tmp/clearvla_eval_opaque_74646.png'
01:06:14.629  render           | Saved: '/tmp/clearvla_eval_opaque_74646.png'
01:06:15.056  render           | Saved: '/tmp/clearvla_eval_opaque_74646.png'
01:06:15.423  render           | Saved: '/tmp/clearvla_eval_opaque_74646.png'
01:06:15.855  render           | Saved: '/tmp/clearvla_eval_opaque_74646.png'
01:06:16.217  render           | Saved: '/tmp/clearvla_eval_opaque_74646.png'
01:06:16.652  render           | Saved: '/tmp/clearvla_eval_opaque_74646.png'
01:06:17.005  render           | Saved: '/tmp/clearvla_eval_opaque_74646.png'
01:06:17.438  render           | Saved: '/tmp/clearvla_eval_opaque_74646.png'
01:06:17.793  render           | Saved: '/tmp/clearvla_eval_opaque_74646.png'
01:06:18.212  render           | Saved: '/tmp/clearvla_eval_opaque_74646.png'
01:06:18.576  render           | Saved: '/tmp/clearvla_eval_opaque_74646.png'
01:06:19.004  render           | Saved: '/tmp/clearvla_eval_opaque_74646.png'
01:06:19.375  render           | Saved: '/tmp/clearvla_eval_opaque_74646.png'
01:06:19.800  render           | Saved: '/tmp/clearvla_eval_opaque_74646.png'
01:06:20.149  render           | Saved: '/tmp/clearvla_eval_opaque_74646.png'
01:06:20.543  render           | Saved: '/tmp/clearvla_eval_opaque_74646.png'
01:06:20.879  render           | Saved: '/tmp/clearvla_eval_opaque_74646.png'
01:06:21.279  render           | Saved: '/tmp/clearvla_eval_opaque_74646.png'
01:06:21.604  render           | Saved: '/tmp/clearvla_eval_opaque_74646.png'
01:06:22.004  render           | Saved: '/tmp/clearvla_eval_opaque_74646.png'
01:06:22.326  render           | Saved: '/tmp/clearvla_eval_opaque_74646.png'
01:06:22.730  render           | Saved: '/tmp/clearvla_eval_opaque_74646.png'
01:06:23.055  render           | Saved: '/tmp/clearvla_eval_opaque_74646.png'
01:06:23.436  render           | Saved: '/tmp/clearvla_eval_opaque_74646.png'
01:06:23.773  render           | Saved: '/tmp/clearvla_eval_opaque_74646.png'
01:06:24.588  render           | Saved: '/tmp/clearvla_eval_opaque_74646.png'
01:06:24.909  render           | Saved: '/tmp/clearvla_eval_opaque_74646.png'
01:06:25.311  render           | Saved: '/tmp/clearvla_eval_opaque_74646.png'
01:06:25.640  render           | Saved: '/tmp/clearvla_eval_opaque_74646.png'
01:06:26.033  render           | Saved: '/tmp/clearvla_eval_opaque_74646.png'
01:06:26.360  render           | Saved: '/tmp/clearvla_eval_opaque_74646.png'
01:06:26.752  render           | Saved: '/tmp/clearvla_eval_opaque_74646.png'
01:06:27.088  render           | Saved: '/tmp/clearvla_eval_opaque_74646.png'
01:06:27.482  render           | Saved: '/tmp/clearvla_eval_opaque_74646.png'
01:06:27.842  render           | Saved: '/tmp/clearvla_eval_opaque_74646.png'
01:06:28.240  render           | Saved: '/tmp/clearvla_eval_opaque_74646.png'
01:06:28.608  render           | Saved: '/tmp/clearvla_eval_opaque_74646.png'
01:06:29.000  render           | Saved: '/tmp/clearvla_eval_opaque_74646.png'
01:06:29.330  render           | Saved: '/tmp/clearvla_eval_opaque_74646.png'
01:06:29.764  render           | Saved: '/tmp/clearvla_eval_opaque_74646.png'
01:06:30.111  render           | Saved: '/tmp/clearvla_eval_opaque_74646.png'
01:06:30.525  render           | Saved: '/tmp/clearvla_eval_opaque_74646.png'
01:06:30.869  render           | Saved: '/tmp/clearvla_eval_opaque_74646.png'
[cache25/opaque] insert: 10/40  (66.4 min, 6.7 s/ep)
01:06:31.730  render           | Saved: '/tmp/clearvla_eval_opaque_74646.png'
01:06:32.053  render           | Saved: '/tmp/clearvla_eval_opaque_74646.png'
01:06:32.497  render           | Saved: '/tmp/clearvla_eval_opaque_74646.png'
01:06:32.819  render           | Saved: '/tmp/clearvla_eval_opaque_74646.png'
01:06:33.235  render           | Saved: '/tmp/clearvla_eval_opaque_74646.png'
01:06:33.569  render           | Saved: '/tmp/clearvla_eval_opaque_74646.png'
01:06:33.983  render           | Saved: '/tmp/clearvla_eval_opaque_74646.png'
01:06:34.320  render           | Saved: '/tmp/clearvla_eval_opaque_74646.png'
01:06:34.756  render           | Saved: '/tmp/clearvla_eval_opaque_74646.png'
01:06:35.094  render           | Saved: '/tmp/clearvla_eval_opaque_74646.png'
01:06:35.504  render           | Saved: '/tmp/clearvla_eval_opaque_74646.png'
01:06:35.862  render           | Saved: '/tmp/clearvla_eval_opaque_74646.png'
01:06:36.267  render           | Saved: '/tmp/clearvla_eval_opaque_74646.png'
01:06:36.618  render           | Saved: '/tmp/clearvla_eval_opaque_74646.png'
01:06:37.034  render           | Saved: '/tmp/clearvla_eval_opaque_74646.png'
01:06:37.365  render           | Saved: '/tmp/clearvla_eval_opaque_74646.png'
01:06:37.767  render           | Saved: '/tmp/clearvla_eval_opaque_74646.png'
01:06:38.117  render           | Saved: '/tmp/clearvla_eval_opaque_74646.png'
01:06:38.520  render           | Saved: '/tmp/clearvla_eval_opaque_74646.png'
01:06:38.848  render           | Saved: '/tmp/clearvla_eval_opaque_74646.png'
01:06:39.252  render           | Saved: '/tmp/clearvla_eval_opaque_74646.png'
01:06:39.581  render           | Saved: '/tmp/clearvla_eval_opaque_74646.png'
01:06:39.989  render           | Saved: '/tmp/clearvla_eval_opaque_74646.png'
01:06:40.320  render           | Saved: '/tmp/clearvla_eval_opaque_74646.png'
01:06:40.736  render           | Saved: '/tmp/clearvla_eval_opaque_74646.png'
01:06:41.067  render           | Saved: '/tmp/clearvla_eval_opaque_74646.png'
01:06:41.477  render           | Saved: '/tmp/clearvla_eval_opaque_74646.png'
01:06:41.812  render           | Saved: '/tmp/clearvla_eval_opaque_74646.png'
01:06:42.227  render           | Saved: '/tmp/clearvla_eval_opaque_74646.png'
01:06:42.561  render           | Saved: '/tmp/clearvla_eval_opaque_74646.png'
01:06:42.969  render           | Saved: '/tmp/clearvla_eval_opaque_74646.png'
01:06:43.289  render           | Saved: '/tmp/clearvla_eval_opaque_74646.png'
01:06:43.704  render           | Saved: '/tmp/clearvla_eval_opaque_74646.png'
01:06:44.030  render           | Saved: '/tmp/clearvla_eval_opaque_74646.png'
01:06:44.441  render           | Saved: '/tmp/clearvla_eval_opaque_74646.png'
01:06:44.768  render           | Saved: '/tmp/clearvla_eval_opaque_74646.png'
01:06:45.183  render           | Saved: '/tmp/clearvla_eval_opaque_74646.png'
01:06:45.523  render           | Saved: '/tmp/clearvla_eval_opaque_74646.png'
01:06:45.935  render           | Saved: '/tmp/clearvla_eval_opaque_74646.png'
01:06:46.271  render           | Saved: '/tmp/clearvla_eval_opaque_74646.png'
01:06:46.705  render           | Saved: '/tmp/clearvla_eval_opaque_74646.png'
01:06:47.045  render           | Saved: '/tmp/clearvla_eval_opaque_74646.png'
01:06:47.457  render           | Saved: '/tmp/clearvla_eval_opaque_74646.png'
01:06:47.796  render           | Saved: '/tmp/clearvla_eval_opaque_74646.png'
01:06:48.202  render           | Saved: '/tmp/clearvla_eval_opaque_74646.png'
01:06:48.535  render           | Saved: '/tmp/clearvla_eval_opaque_74646.png'
01:06:48.927  render           | Saved: '/tmp/clearvla_eval_opaque_74646.png'
01:06:49.255  render           | Saved: '/tmp/clearvla_eval_opaque_74646.png'
01:06:49.652  render           | Saved: '/tmp/clearvla_eval_opaque_74646.png'
01:06:49.980  render           | Saved: '/tmp/clearvla_eval_opaque_74646.png'
01:06:50.369  render           | Saved: '/tmp/clearvla_eval_opaque_74646.png'
01:06:50.697  render           | Saved: '/tmp/clearvla_eval_opaque_74646.png'
01:06:51.109  render           | Saved: '/tmp/clearvla_eval_opaque_74646.png'
01:06:51.476  render           | Saved: '/tmp/clearvla_eval_opaque_74646.png'
01:06:51.898  render           | Saved: '/tmp/clearvla_eval_opaque_74646.png'
01:06:52.263  render           | Saved: '/tmp/clearvla_eval_opaque_74646.png'
01:06:52.678  render           | Saved: '/tmp/clearvla_eval_opaque_74646.png'
01:06:53.036  render           | Saved: '/tmp/clearvla_eval_opaque_74646.png'
01:06:53.470  render           | Saved: '/tmp/clearvla_eval_opaque_74646.png'
01:06:53.838  render           | Saved: '/tmp/clearvla_eval_opaque_74646.png'
01:06:54.290  render           | Saved: '/tmp/clearvla_eval_opaque_74646.png'
01:06:54.630  render           | Saved: '/tmp/clearvla_eval_opaque_74646.png'
01:06:55.039  render           | Saved: '/tmp/clearvla_eval_opaque_74646.png'
01:06:55.388  render           | Saved: '/tmp/clearvla_eval_opaque_74646.png'
01:06:55.812  render           | Saved: '/tmp/clearvla_eval_opaque_74646.png'
01:06:56.159  render           | Saved: '/tmp/clearvla_eval_opaque_74646.png'
01:06:56.573  render           | Saved: '/tmp/clearvla_eval_opaque_74646.png'
01:06:56.921  render           | Saved: '/tmp/clearvla_eval_opaque_74646.png'
01:06:57.331  render           | Saved: '/tmp/clearvla_eval_opaque_74646.png'
01:06:57.681  render           | Saved: '/tmp/clearvla_eval_opaque_74646.png'
01:06:58.092  render           | Saved: '/tmp/clearvla_eval_opaque_74646.png'
01:06:58.438  render           | Saved: '/tmp/clearvla_eval_opaque_74646.png'
01:06:58.842  render           | Saved: '/tmp/clearvla_eval_opaque_74646.png'
01:06:59.183  render           | Saved: '/tmp/clearvla_eval_opaque_74646.png'
01:06:59.596  render           | Saved: '/tmp/clearvla_eval_opaque_74646.png'
01:06:59.933  render           | Saved: '/tmp/clearvla_eval_opaque_74646.png'
01:07:00.798  render           | Saved: '/tmp/clearvla_eval_opaque_74646.png'
01:07:01.141  render           | Saved: '/tmp/clearvla_eval_opaque_74646.png'
01:07:01.564  render           | Saved: '/tmp/clearvla_eval_opaque_74646.png'
01:07:01.900  render           | Saved: '/tmp/clearvla_eval_opaque_74646.png'
01:07:02.308  render           | Saved: '/tmp/clearvla_eval_opaque_74646.png'
01:07:02.649  render           | Saved: '/tmp/clearvla_eval_opaque_74646.png'
01:07:03.051  render           | Saved: '/tmp/clearvla_eval_opaque_74646.png'
01:07:03.383  render           | Saved: '/tmp/clearvla_eval_opaque_74646.png'
01:07:03.784  render           | Saved: '/tmp/clearvla_eval_opaque_74646.png'
01:07:04.121  render           | Saved: '/tmp/clearvla_eval_opaque_74646.png'
01:07:04.527  render           | Saved: '/tmp/clearvla_eval_opaque_74646.png'
01:07:04.871  render           | Saved: '/tmp/clearvla_eval_opaque_74646.png'
01:07:05.274  render           | Saved: '/tmp/clearvla_eval_opaque_74646.png'
01:07:05.605  render           | Saved: '/tmp/clearvla_eval_opaque_74646.png'
01:07:06.013  render           | Saved: '/tmp/clearvla_eval_opaque_74646.png'
01:07:06.346  render           | Saved: '/tmp/clearvla_eval_opaque_74646.png'
01:07:06.759  render           | Saved: '/tmp/clearvla_eval_opaque_74646.png'
01:07:07.089  render           | Saved: '/tmp/clearvla_eval_opaque_74646.png'
01:07:07.910  render           | Saved: '/tmp/clearvla_eval_opaque_74646.png'
01:07:08.256  render           | Saved: '/tmp/clearvla_eval_opaque_74646.png'
01:07:08.674  render           | Saved: '/tmp/clearvla_eval_opaque_74646.png'
01:07:09.016  render           | Saved: '/tmp/clearvla_eval_opaque_74646.png'
01:07:09.427  render           | Saved: '/tmp/clearvla_eval_opaque_74646.png'
01:07:09.764  render           | Saved: '/tmp/clearvla_eval_opaque_74646.png'
01:07:10.171  render           | Saved: '/tmp/clearvla_eval_opaque_74646.png'
01:07:10.503  render           | Saved: '/tmp/clearvla_eval_opaque_74646.png'
01:07:10.905  render           | Saved: '/tmp/clearvla_eval_opaque_74646.png'
01:07:11.235  render           | Saved: '/tmp/clearvla_eval_opaque_74646.png'
01:07:11.638  render           | Saved: '/tmp/clearvla_eval_opaque_74646.png'
01:07:11.972  render           | Saved: '/tmp/clearvla_eval_opaque_74646.png'
01:07:12.372  render           | Saved: '/tmp/clearvla_eval_opaque_74646.png'
01:07:12.704  render           | Saved: '/tmp/clearvla_eval_opaque_74646.png'
01:07:13.103  render           | Saved: '/tmp/clearvla_eval_opaque_74646.png'
01:07:13.444  render           | Saved: '/tmp/clearvla_eval_opaque_74646.png'
01:07:13.852  render           | Saved: '/tmp/clearvla_eval_opaque_74646.png'
01:07:14.189  render           | Saved: '/tmp/clearvla_eval_opaque_74646.png'
01:07:14.583  render           | Saved: '/tmp/clearvla_eval_opaque_74646.png'
01:07:14.928  render           | Saved: '/tmp/clearvla_eval_opaque_74646.png'
01:07:15.325  render           | Saved: '/tmp/clearvla_eval_opaque_74646.png'
01:07:15.658  render           | Saved: '/tmp/clearvla_eval_opaque_74646.png'
01:07:16.060  render           | Saved: '/tmp/clearvla_eval_opaque_74646.png'
01:07:16.393  render           | Saved: '/tmp/clearvla_eval_opaque_74646.png'
01:07:16.797  render           | Saved: '/tmp/clearvla_eval_opaque_74646.png'
01:07:17.131  render           | Saved: '/tmp/clearvla_eval_opaque_74646.png'
01:07:17.532  render           | Saved: '/tmp/clearvla_eval_opaque_74646.png'
01:07:17.867  render           | Saved: '/tmp/clearvla_eval_opaque_74646.png'
01:07:18.267  render           | Saved: '/tmp/clearvla_eval_opaque_74646.png'
01:07:18.593  render           | Saved: '/tmp/clearvla_eval_opaque_74646.png'
01:07:18.995  render           | Saved: '/tmp/clearvla_eval_opaque_74646.png'
01:07:19.330  render           | Saved: '/tmp/clearvla_eval_opaque_74646.png'
01:07:19.741  render           | Saved: '/tmp/clearvla_eval_opaque_74646.png'
01:07:20.077  render           | Saved: '/tmp/clearvla_eval_opaque_74646.png'
01:07:20.483  render           | Saved: '/tmp/clearvla_eval_opaque_74646.png'
01:07:20.835  render           | Saved: '/tmp/clearvla_eval_opaque_74646.png'
01:07:21.257  render           | Saved: '/tmp/clearvla_eval_opaque_74646.png'
01:07:21.605  render           | Saved: '/tmp/clearvla_eval_opaque_74646.png'
01:07:22.023  render           | Saved: '/tmp/clearvla_eval_opaque_74646.png'
01:07:22.366  render           | Saved: '/tmp/clearvla_eval_opaque_74646.png'
01:07:22.777  render           | Saved: '/tmp/clearvla_eval_opaque_74646.png'
01:07:23.126  render           | Saved: '/tmp/clearvla_eval_opaque_74646.png'
01:07:23.543  render           | Saved: '/tmp/clearvla_eval_opaque_74646.png'
01:07:23.888  render           | Saved: '/tmp/clearvla_eval_opaque_74646.png'
01:07:24.316  render           | Saved: '/tmp/clearvla_eval_opaque_74646.png'
01:07:24.672  render           | Saved: '/tmp/clearvla_eval_opaque_74646.png'
01:07:25.101  render           | Saved: '/tmp/clearvla_eval_opaque_74646.png'
01:07:25.449  render           | Saved: '/tmp/clearvla_eval_opaque_74646.png'
01:07:25.882  render           | Saved: '/tmp/clearvla_eval_opaque_74646.png'
01:07:26.233  render           | Saved: '/tmp/clearvla_eval_opaque_74646.png'
01:07:26.651  render           | Saved: '/tmp/clearvla_eval_opaque_74646.png'
01:07:26.994  render           | Saved: '/tmp/clearvla_eval_opaque_74646.png'
01:07:27.412  render           | Saved: '/tmp/clearvla_eval_opaque_74646.png'
01:07:27.752  render           | Saved: '/tmp/clearvla_eval_opaque_74646.png'
01:07:28.168  render           | Saved: '/tmp/clearvla_eval_opaque_74646.png'
01:07:28.503  render           | Saved: '/tmp/clearvla_eval_opaque_74646.png'
01:07:28.923  render           | Saved: '/tmp/clearvla_eval_opaque_74646.png'
01:07:29.272  render           | Saved: '/tmp/clearvla_eval_opaque_74646.png'
01:07:29.700  render           | Saved: '/tmp/clearvla_eval_opaque_74646.png'
01:07:30.054  render           | Saved: '/tmp/clearvla_eval_opaque_74646.png'
01:07:30.487  render           | Saved: '/tmp/clearvla_eval_opaque_74646.png'
01:07:30.853  render           | Saved: '/tmp/clearvla_eval_opaque_74646.png'
01:07:31.293  render           | Saved: '/tmp/clearvla_eval_opaque_74646.png'
01:07:31.653  render           | Saved: '/tmp/clearvla_eval_opaque_74646.png'
01:07:32.096  render           | Saved: '/tmp/clearvla_eval_opaque_74646.png'
01:07:32.456  render           | Saved: '/tmp/clearvla_eval_opaque_74646.png'
01:07:32.898  render           | Saved: '/tmp/clearvla_eval_opaque_74646.png'
01:07:33.240  render           | Saved: '/tmp/clearvla_eval_opaque_74646.png'
01:07:33.658  render           | Saved: '/tmp/clearvla_eval_opaque_74646.png'
01:07:34.010  render           | Saved: '/tmp/clearvla_eval_opaque_74646.png'
01:07:34.441  render           | Saved: '/tmp/clearvla_eval_opaque_74646.png'
01:07:34.787  render           | Saved: '/tmp/clearvla_eval_opaque_74646.png'
01:07:35.198  render           | Saved: '/tmp/clearvla_eval_opaque_74646.png'
01:07:35.541  render           | Saved: '/tmp/clearvla_eval_opaque_74646.png'
01:07:35.962  render           | Saved: '/tmp/clearvla_eval_opaque_74646.png'
01:07:36.296  render           | Saved: '/tmp/clearvla_eval_opaque_74646.png'
01:07:37.131  render           | Saved: '/tmp/clearvla_eval_opaque_74646.png'
01:07:37.472  render           | Saved: '/tmp/clearvla_eval_opaque_74646.png'
01:07:37.886  render           | Saved: '/tmp/clearvla_eval_opaque_74646.png'
01:07:38.222  render           | Saved: '/tmp/clearvla_eval_opaque_74646.png'
01:07:38.627  render           | Saved: '/tmp/clearvla_eval_opaque_74646.png'
01:07:38.959  render           | Saved: '/tmp/clearvla_eval_opaque_74646.png'
01:07:39.354  render           | Saved: '/tmp/clearvla_eval_opaque_74646.png'
01:07:39.686  render           | Saved: '/tmp/clearvla_eval_opaque_74646.png'
01:07:40.080  render           | Saved: '/tmp/clearvla_eval_opaque_74646.png'
01:07:40.409  render           | Saved: '/tmp/clearvla_eval_opaque_74646.png'
01:07:40.810  render           | Saved: '/tmp/clearvla_eval_opaque_74646.png'
01:07:41.143  render           | Saved: '/tmp/clearvla_eval_opaque_74646.png'
01:07:41.548  render           | Saved: '/tmp/clearvla_eval_opaque_74646.png'
01:07:41.883  render           | Saved: '/tmp/clearvla_eval_opaque_74646.png'
01:07:42.280  render           | Saved: '/tmp/clearvla_eval_opaque_74646.png'
01:07:42.611  render           | Saved: '/tmp/clearvla_eval_opaque_74646.png'
01:07:43.003  render           | Saved: '/tmp/clearvla_eval_opaque_74646.png'
01:07:43.338  render           | Saved: '/tmp/clearvla_eval_opaque_74646.png'
01:07:43.734  render           | Saved: '/tmp/clearvla_eval_opaque_74646.png'
01:07:44.065  render           | Saved: '/tmp/clearvla_eval_opaque_74646.png'
01:07:44.463  render           | Saved: '/tmp/clearvla_eval_opaque_74646.png'
01:07:44.796  render           | Saved: '/tmp/clearvla_eval_opaque_74646.png'
01:07:45.188  render           | Saved: '/tmp/clearvla_eval_opaque_74646.png'
01:07:45.528  render           | Saved: '/tmp/clearvla_eval_opaque_74646.png'
01:07:45.924  render           | Saved: '/tmp/clearvla_eval_opaque_74646.png'
01:07:46.259  render           | Saved: '/tmp/clearvla_eval_opaque_74646.png'
01:07:46.651  render           | Saved: '/tmp/clearvla_eval_opaque_74646.png'
01:07:46.985  render           | Saved: '/tmp/clearvla_eval_opaque_74646.png'
01:07:47.379  render           | Saved: '/tmp/clearvla_eval_opaque_74646.png'
01:07:47.714  render           | Saved: '/tmp/clearvla_eval_opaque_74646.png'
01:07:48.111  render           | Saved: '/tmp/clearvla_eval_opaque_74646.png'
01:07:48.441  render           | Saved: '/tmp/clearvla_eval_opaque_74646.png'
01:07:48.844  render           | Saved: '/tmp/clearvla_eval_opaque_74646.png'
01:07:49.179  render           | Saved: '/tmp/clearvla_eval_opaque_74646.png'
01:07:49.577  render           | Saved: '/tmp/clearvla_eval_opaque_74646.png'
01:07:49.910  render           | Saved: '/tmp/clearvla_eval_opaque_74646.png'
01:07:50.311  render           | Saved: '/tmp/clearvla_eval_opaque_74646.png'
01:07:50.645  render           | Saved: '/tmp/clearvla_eval_opaque_74646.png'
01:07:51.042  render           | Saved: '/tmp/clearvla_eval_opaque_74646.png'
01:07:51.376  render           | Saved: '/tmp/clearvla_eval_opaque_74646.png'
01:07:51.769  render           | Saved: '/tmp/clearvla_eval_opaque_74646.png'
01:07:52.111  render           | Saved: '/tmp/clearvla_eval_opaque_74646.png'
01:07:52.510  render           | Saved: '/tmp/clearvla_eval_opaque_74646.png'
01:07:52.845  render           | Saved: '/tmp/clearvla_eval_opaque_74646.png'
01:07:53.242  render           | Saved: '/tmp/clearvla_eval_opaque_74646.png'
01:07:53.570  render           | Saved: '/tmp/clearvla_eval_opaque_74646.png'
01:07:53.968  render           | Saved: '/tmp/clearvla_eval_opaque_74646.png'
01:07:54.300  render           | Saved: '/tmp/clearvla_eval_opaque_74646.png'
01:07:54.691  render           | Saved: '/tmp/clearvla_eval_opaque_74646.png'
01:07:55.028  render           | Saved: '/tmp/clearvla_eval_opaque_74646.png'
01:07:55.422  render           | Saved: '/tmp/clearvla_eval_opaque_74646.png'
01:07:55.756  render           | Saved: '/tmp/clearvla_eval_opaque_74646.png'
01:07:56.152  render           | Saved: '/tmp/clearvla_eval_opaque_74646.png'
01:07:56.484  render           | Saved: '/tmp/clearvla_eval_opaque_74646.png'
01:07:56.884  render           | Saved: '/tmp/clearvla_eval_opaque_74646.png'
01:07:57.221  render           | Saved: '/tmp/clearvla_eval_opaque_74646.png'
01:07:57.619  render           | Saved: '/tmp/clearvla_eval_opaque_74646.png'
01:07:57.947  render           | Saved: '/tmp/clearvla_eval_opaque_74646.png'
01:07:58.343  render           | Saved: '/tmp/clearvla_eval_opaque_74646.png'
01:07:58.684  render           | Saved: '/tmp/clearvla_eval_opaque_74646.png'
01:07:59.078  render           | Saved: '/tmp/clearvla_eval_opaque_74646.png'
01:07:59.420  render           | Saved: '/tmp/clearvla_eval_opaque_74646.png'
01:07:59.819  render           | Saved: '/tmp/clearvla_eval_opaque_74646.png'
01:08:00.154  render           | Saved: '/tmp/clearvla_eval_opaque_74646.png'
01:08:00.552  render           | Saved: '/tmp/clearvla_eval_opaque_74646.png'
01:08:00.883  render           | Saved: '/tmp/clearvla_eval_opaque_74646.png'
01:08:01.272  render           | Saved: '/tmp/clearvla_eval_opaque_74646.png'
01:08:01.602  render           | Saved: '/tmp/clearvla_eval_opaque_74646.png'
01:08:02.000  render           | Saved: '/tmp/clearvla_eval_opaque_74646.png'
01:08:02.337  render           | Saved: '/tmp/clearvla_eval_opaque_74646.png'
01:08:02.736  render           | Saved: '/tmp/clearvla_eval_opaque_74646.png'
01:08:03.068  render           | Saved: '/tmp/clearvla_eval_opaque_74646.png'
01:08:03.470  render           | Saved: '/tmp/clearvla_eval_opaque_74646.png'
01:08:03.804  render           | Saved: '/tmp/clearvla_eval_opaque_74646.png'
01:08:04.212  render           | Saved: '/tmp/clearvla_eval_opaque_74646.png'
01:08:04.539  render           | Saved: '/tmp/clearvla_eval_opaque_74646.png'
01:08:05.354  render           | Saved: '/tmp/clearvla_eval_opaque_74646.png'
01:08:05.692  render           | Saved: '/tmp/clearvla_eval_opaque_74646.png'
01:08:06.109  render           | Saved: '/tmp/clearvla_eval_opaque_74646.png'
01:08:06.451  render           | Saved: '/tmp/clearvla_eval_opaque_74646.png'
01:08:06.864  render           | Saved: '/tmp/clearvla_eval_opaque_74646.png'
01:08:07.209  render           | Saved: '/tmp/clearvla_eval_opaque_74646.png'
01:08:07.621  render           | Saved: '/tmp/clearvla_eval_opaque_74646.png'
01:08:07.965  render           | Saved: '/tmp/clearvla_eval_opaque_74646.png'
01:08:08.371  render           | Saved: '/tmp/clearvla_eval_opaque_74646.png'
01:08:08.714  render           | Saved: '/tmp/clearvla_eval_opaque_74646.png'
01:08:09.137  render           | Saved: '/tmp/clearvla_eval_opaque_74646.png'
01:08:09.477  render           | Saved: '/tmp/clearvla_eval_opaque_74646.png'
01:08:09.895  render           | Saved: '/tmp/clearvla_eval_opaque_74646.png'
01:08:10.229  render           | Saved: '/tmp/clearvla_eval_opaque_74646.png'
01:08:10.621  render           | Saved: '/tmp/clearvla_eval_opaque_74646.png'
01:08:10.955  render           | Saved: '/tmp/clearvla_eval_opaque_74646.png'
01:08:11.351  render           | Saved: '/tmp/clearvla_eval_opaque_74646.png'
01:08:11.688  render           | Saved: '/tmp/clearvla_eval_opaque_74646.png'
01:08:12.086  render           | Saved: '/tmp/clearvla_eval_opaque_74646.png'
01:08:12.413  render           | Saved: '/tmp/clearvla_eval_opaque_74646.png'
01:08:12.813  render           | Saved: '/tmp/clearvla_eval_opaque_74646.png'
01:08:13.147  render           | Saved: '/tmp/clearvla_eval_opaque_74646.png'
01:08:13.543  render           | Saved: '/tmp/clearvla_eval_opaque_74646.png'
01:08:13.877  render           | Saved: '/tmp/clearvla_eval_opaque_74646.png'
01:08:14.275  render           | Saved: '/tmp/clearvla_eval_opaque_74646.png'
01:08:14.613  render           | Saved: '/tmp/clearvla_eval_opaque_74646.png'
01:08:15.004  render           | Saved: '/tmp/clearvla_eval_opaque_74646.png'
01:08:15.342  render           | Saved: '/tmp/clearvla_eval_opaque_74646.png'
01:08:15.736  render           | Saved: '/tmp/clearvla_eval_opaque_74646.png'
01:08:16.071  render           | Saved: '/tmp/clearvla_eval_opaque_74646.png'
01:08:16.468  render           | Saved: '/tmp/clearvla_eval_opaque_74646.png'
01:08:16.801  render           | Saved: '/tmp/clearvla_eval_opaque_74646.png'
01:08:17.197  render           | Saved: '/tmp/clearvla_eval_opaque_74646.png'
01:08:17.532  render           | Saved: '/tmp/clearvla_eval_opaque_74646.png'
01:08:17.932  render           | Saved: '/tmp/clearvla_eval_opaque_74646.png'
01:08:18.266  render           | Saved: '/tmp/clearvla_eval_opaque_74646.png'
01:08:18.664  render           | Saved: '/tmp/clearvla_eval_opaque_74646.png'
01:08:19.001  render           | Saved: '/tmp/clearvla_eval_opaque_74646.png'
01:08:19.405  render           | Saved: '/tmp/clearvla_eval_opaque_74646.png'
01:08:19.740  render           | Saved: '/tmp/clearvla_eval_opaque_74646.png'
01:08:20.135  render           | Saved: '/tmp/clearvla_eval_opaque_74646.png'
01:08:20.474  render           | Saved: '/tmp/clearvla_eval_opaque_74646.png'
01:08:20.869  render           | Saved: '/tmp/clearvla_eval_opaque_74646.png'
01:08:21.202  render           | Saved: '/tmp/clearvla_eval_opaque_74646.png'
01:08:21.602  render           | Saved: '/tmp/clearvla_eval_opaque_74646.png'
01:08:21.932  render           | Saved: '/tmp/clearvla_eval_opaque_74646.png'
01:08:22.328  render           | Saved: '/tmp/clearvla_eval_opaque_74646.png'
01:08:22.664  render           | Saved: '/tmp/clearvla_eval_opaque_74646.png'
01:08:23.056  render           | Saved: '/tmp/clearvla_eval_opaque_74646.png'
01:08:23.393  render           | Saved: '/tmp/clearvla_eval_opaque_74646.png'
01:08:23.785  render           | Saved: '/tmp/clearvla_eval_opaque_74646.png'
01:08:24.121  render           | Saved: '/tmp/clearvla_eval_opaque_74646.png'
01:08:24.517  render           | Saved: '/tmp/clearvla_eval_opaque_74646.png'
01:08:24.850  render           | Saved: '/tmp/clearvla_eval_opaque_74646.png'
01:08:25.244  render           | Saved: '/tmp/clearvla_eval_opaque_74646.png'
01:08:25.581  render           | Saved: '/tmp/clearvla_eval_opaque_74646.png'
01:08:25.964  render           | Saved: '/tmp/clearvla_eval_opaque_74646.png'
01:08:26.301  render           | Saved: '/tmp/clearvla_eval_opaque_74646.png'
01:08:26.694  render           | Saved: '/tmp/clearvla_eval_opaque_74646.png'
01:08:27.030  render           | Saved: '/tmp/clearvla_eval_opaque_74646.png'
01:08:27.422  render           | Saved: '/tmp/clearvla_eval_opaque_74646.png'
01:08:27.751  render           | Saved: '/tmp/clearvla_eval_opaque_74646.png'
01:08:28.142  render           | Saved: '/tmp/clearvla_eval_opaque_74646.png'
01:08:28.475  render           | Saved: '/tmp/clearvla_eval_opaque_74646.png'
01:08:28.874  render           | Saved: '/tmp/clearvla_eval_opaque_74646.png'
01:08:29.213  render           | Saved: '/tmp/clearvla_eval_opaque_74646.png'
01:08:29.622  render           | Saved: '/tmp/clearvla_eval_opaque_74646.png'
01:08:29.968  render           | Saved: '/tmp/clearvla_eval_opaque_74646.png'
01:08:30.373  render           | Saved: '/tmp/clearvla_eval_opaque_74646.png'
01:08:30.719  render           | Saved: '/tmp/clearvla_eval_opaque_74646.png'
01:08:31.129  render           | Saved: '/tmp/clearvla_eval_opaque_74646.png'
01:08:31.472  render           | Saved: '/tmp/clearvla_eval_opaque_74646.png'
01:08:31.878  render           | Saved: '/tmp/clearvla_eval_opaque_74646.png'
01:08:32.223  render           | Saved: '/tmp/clearvla_eval_opaque_74646.png'
01:08:32.637  render           | Saved: '/tmp/clearvla_eval_opaque_74646.png'
01:08:32.973  render           | Saved: '/tmp/clearvla_eval_opaque_74646.png'
01:08:33.795  render           | Saved: '/tmp/clearvla_eval_opaque_74646.png'
01:08:34.125  render           | Saved: '/tmp/clearvla_eval_opaque_74646.png'
01:08:34.539  render           | Saved: '/tmp/clearvla_eval_opaque_74646.png'
01:08:34.867  render           | Saved: '/tmp/clearvla_eval_opaque_74646.png'
01:08:35.267  render           | Saved: '/tmp/clearvla_eval_opaque_74646.png'
01:08:35.595  render           | Saved: '/tmp/clearvla_eval_opaque_74646.png'
01:08:36.001  render           | Saved: '/tmp/clearvla_eval_opaque_74646.png'
01:08:36.354  render           | Saved: '/tmp/clearvla_eval_opaque_74646.png'
01:08:36.758  render           | Saved: '/tmp/clearvla_eval_opaque_74646.png'
01:08:37.093  render           | Saved: '/tmp/clearvla_eval_opaque_74646.png'
01:08:37.514  render           | Saved: '/tmp/clearvla_eval_opaque_74646.png'
01:08:37.866  render           | Saved: '/tmp/clearvla_eval_opaque_74646.png'
01:08:38.280  render           | Saved: '/tmp/clearvla_eval_opaque_74646.png'
01:08:38.628  render           | Saved: '/tmp/clearvla_eval_opaque_74646.png'
01:08:39.065  render           | Saved: '/tmp/clearvla_eval_opaque_74646.png'
01:08:39.433  render           | Saved: '/tmp/clearvla_eval_opaque_74646.png'
01:08:39.867  render           | Saved: '/tmp/clearvla_eval_opaque_74646.png'
01:08:40.235  render           | Saved: '/tmp/clearvla_eval_opaque_74646.png'
01:08:40.678  render           | Saved: '/tmp/clearvla_eval_opaque_74646.png'
01:08:41.046  render           | Saved: '/tmp/clearvla_eval_opaque_74646.png'
01:08:41.492  render           | Saved: '/tmp/clearvla_eval_opaque_74646.png'
01:08:41.852  render           | Saved: '/tmp/clearvla_eval_opaque_74646.png'
01:08:42.293  render           | Saved: '/tmp/clearvla_eval_opaque_74646.png'
01:08:42.648  render           | Saved: '/tmp/clearvla_eval_opaque_74646.png'
01:08:43.083  render           | Saved: '/tmp/clearvla_eval_opaque_74646.png'
01:08:43.445  render           | Saved: '/tmp/clearvla_eval_opaque_74646.png'
01:08:43.881  render           | Saved: '/tmp/clearvla_eval_opaque_74646.png'
01:08:44.248  render           | Saved: '/tmp/clearvla_eval_opaque_74646.png'
01:08:44.718  render           | Saved: '/tmp/clearvla_eval_opaque_74646.png'
01:08:45.089  render           | Saved: '/tmp/clearvla_eval_opaque_74646.png'
01:08:45.536  render           | Saved: '/tmp/clearvla_eval_opaque_74646.png'
01:08:45.903  render           | Saved: '/tmp/clearvla_eval_opaque_74646.png'
01:08:46.337  render           | Saved: '/tmp/clearvla_eval_opaque_74646.png'
01:08:46.696  render           | Saved: '/tmp/clearvla_eval_opaque_74646.png'
01:08:47.123  render           | Saved: '/tmp/clearvla_eval_opaque_74646.png'
01:08:47.484  render           | Saved: '/tmp/clearvla_eval_opaque_74646.png'
01:08:47.919  render           | Saved: '/tmp/clearvla_eval_opaque_74646.png'
01:08:48.277  render           | Saved: '/tmp/clearvla_eval_opaque_74646.png'
01:08:48.711  render           | Saved: '/tmp/clearvla_eval_opaque_74646.png'
01:08:49.078  render           | Saved: '/tmp/clearvla_eval_opaque_74646.png'
01:08:49.507  render           | Saved: '/tmp/clearvla_eval_opaque_74646.png'
01:08:49.870  render           | Saved: '/tmp/clearvla_eval_opaque_74646.png'
01:08:50.296  render           | Saved: '/tmp/clearvla_eval_opaque_74646.png'
01:08:50.638  render           | Saved: '/tmp/clearvla_eval_opaque_74646.png'
01:08:51.043  render           | Saved: '/tmp/clearvla_eval_opaque_74646.png'
01:08:51.394  render           | Saved: '/tmp/clearvla_eval_opaque_74646.png'
01:08:51.822  render           | Saved: '/tmp/clearvla_eval_opaque_74646.png'
01:08:52.176  render           | Saved: '/tmp/clearvla_eval_opaque_74646.png'
01:08:52.607  render           | Saved: '/tmp/clearvla_eval_opaque_74646.png'
01:08:52.982  render           | Saved: '/tmp/clearvla_eval_opaque_74646.png'
01:08:53.408  render           | Saved: '/tmp/clearvla_eval_opaque_74646.png'
01:08:53.756  render           | Saved: '/tmp/clearvla_eval_opaque_74646.png'
01:08:54.163  render           | Saved: '/tmp/clearvla_eval_opaque_74646.png'
01:08:54.508  render           | Saved: '/tmp/clearvla_eval_opaque_74646.png'
01:08:54.917  render           | Saved: '/tmp/clearvla_eval_opaque_74646.png'
01:08:55.261  render           | Saved: '/tmp/clearvla_eval_opaque_74646.png'
01:08:55.670  render           | Saved: '/tmp/clearvla_eval_opaque_74646.png'
01:08:56.014  render           | Saved: '/tmp/clearvla_eval_opaque_74646.png'
01:08:56.422  render           | Saved: '/tmp/clearvla_eval_opaque_74646.png'
01:08:56.768  render           | Saved: '/tmp/clearvla_eval_opaque_74646.png'
01:08:57.178  render           | Saved: '/tmp/clearvla_eval_opaque_74646.png'
01:08:57.521  render           | Saved: '/tmp/clearvla_eval_opaque_74646.png'
01:08:57.928  render           | Saved: '/tmp/clearvla_eval_opaque_74646.png'
01:08:58.270  render           | Saved: '/tmp/clearvla_eval_opaque_74646.png'
01:08:58.687  render           | Saved: '/tmp/clearvla_eval_opaque_74646.png'
01:08:59.032  render           | Saved: '/tmp/clearvla_eval_opaque_74646.png'
01:08:59.440  render           | Saved: '/tmp/clearvla_eval_opaque_74646.png'
01:08:59.783  render           | Saved: '/tmp/clearvla_eval_opaque_74646.png'
01:09:00.193  render           | Saved: '/tmp/clearvla_eval_opaque_74646.png'
01:09:00.537  render           | Saved: '/tmp/clearvla_eval_opaque_74646.png'
01:09:00.947  render           | Saved: '/tmp/clearvla_eval_opaque_74646.png'
01:09:01.292  render           | Saved: '/tmp/clearvla_eval_opaque_74646.png'
01:09:01.692  render           | Saved: '/tmp/clearvla_eval_opaque_74646.png'
01:09:02.036  render           | Saved: '/tmp/clearvla_eval_opaque_74646.png'
01:09:02.445  render           | Saved: '/tmp/clearvla_eval_opaque_74646.png'
01:09:02.781  render           | Saved: '/tmp/clearvla_eval_opaque_74646.png'
01:09:03.618  render           | Saved: '/tmp/clearvla_eval_opaque_74646.png'
01:09:03.964  render           | Saved: '/tmp/clearvla_eval_opaque_74646.png'
01:09:04.385  render           | Saved: '/tmp/clearvla_eval_opaque_74646.png'
01:09:04.727  render           | Saved: '/tmp/clearvla_eval_opaque_74646.png'
01:09:05.149  render           | Saved: '/tmp/clearvla_eval_opaque_74646.png'
01:09:05.506  render           | Saved: '/tmp/clearvla_eval_opaque_74646.png'
01:09:05.920  render           | Saved: '/tmp/clearvla_eval_opaque_74646.png'
01:09:06.269  render           | Saved: '/tmp/clearvla_eval_opaque_74646.png'
01:09:06.682  render           | Saved: '/tmp/clearvla_eval_opaque_74646.png'
01:09:07.025  render           | Saved: '/tmp/clearvla_eval_opaque_74646.png'
01:09:07.453  render           | Saved: '/tmp/clearvla_eval_opaque_74646.png'
01:09:07.808  render           | Saved: '/tmp/clearvla_eval_opaque_74646.png'
01:09:08.228  render           | Saved: '/tmp/clearvla_eval_opaque_74646.png'
01:09:08.573  render           | Saved: '/tmp/clearvla_eval_opaque_74646.png'
01:09:08.991  render           | Saved: '/tmp/clearvla_eval_opaque_74646.png'
01:09:09.338  render           | Saved: '/tmp/clearvla_eval_opaque_74646.png'
01:09:09.749  render           | Saved: '/tmp/clearvla_eval_opaque_74646.png'
01:09:10.093  render           | Saved: '/tmp/clearvla_eval_opaque_74646.png'
01:09:10.506  render           | Saved: '/tmp/clearvla_eval_opaque_74646.png'
01:09:10.852  render           | Saved: '/tmp/clearvla_eval_opaque_74646.png'
01:09:11.266  render           | Saved: '/tmp/clearvla_eval_opaque_74646.png'
01:09:11.620  render           | Saved: '/tmp/clearvla_eval_opaque_74646.png'
01:09:12.029  render           | Saved: '/tmp/clearvla_eval_opaque_74646.png'
01:09:12.378  render           | Saved: '/tmp/clearvla_eval_opaque_74646.png'
01:09:12.787  render           | Saved: '/tmp/clearvla_eval_opaque_74646.png'
01:09:13.134  render           | Saved: '/tmp/clearvla_eval_opaque_74646.png'
01:09:13.544  render           | Saved: '/tmp/clearvla_eval_opaque_74646.png'
01:09:13.891  render           | Saved: '/tmp/clearvla_eval_opaque_74646.png'
01:09:14.298  render           | Saved: '/tmp/clearvla_eval_opaque_74646.png'
01:09:14.649  render           | Saved: '/tmp/clearvla_eval_opaque_74646.png'
01:09:15.059  render           | Saved: '/tmp/clearvla_eval_opaque_74646.png'
01:09:15.407  render           | Saved: '/tmp/clearvla_eval_opaque_74646.png'
01:09:15.819  render           | Saved: '/tmp/clearvla_eval_opaque_74646.png'
01:09:16.165  render           | Saved: '/tmp/clearvla_eval_opaque_74646.png'
01:09:16.575  render           | Saved: '/tmp/clearvla_eval_opaque_74646.png'
01:09:16.919  render           | Saved: '/tmp/clearvla_eval_opaque_74646.png'
01:09:17.332  render           | Saved: '/tmp/clearvla_eval_opaque_74646.png'
01:09:17.679  render           | Saved: '/tmp/clearvla_eval_opaque_74646.png'
01:09:18.086  render           | Saved: '/tmp/clearvla_eval_opaque_74646.png'
01:09:18.430  render           | Saved: '/tmp/clearvla_eval_opaque_74646.png'
01:09:18.846  render           | Saved: '/tmp/clearvla_eval_opaque_74646.png'
01:09:19.190  render           | Saved: '/tmp/clearvla_eval_opaque_74646.png'
01:09:19.601  render           | Saved: '/tmp/clearvla_eval_opaque_74646.png'
01:09:19.945  render           | Saved: '/tmp/clearvla_eval_opaque_74646.png'
01:09:20.360  render           | Saved: '/tmp/clearvla_eval_opaque_74646.png'
01:09:20.707  render           | Saved: '/tmp/clearvla_eval_opaque_74646.png'
01:09:21.117  render           | Saved: '/tmp/clearvla_eval_opaque_74646.png'
01:09:21.461  render           | Saved: '/tmp/clearvla_eval_opaque_74646.png'
01:09:21.870  render           | Saved: '/tmp/clearvla_eval_opaque_74646.png'
01:09:22.216  render           | Saved: '/tmp/clearvla_eval_opaque_74646.png'
01:09:22.626  render           | Saved: '/tmp/clearvla_eval_opaque_74646.png'
01:09:22.975  render           | Saved: '/tmp/clearvla_eval_opaque_74646.png'
01:09:23.393  render           | Saved: '/tmp/clearvla_eval_opaque_74646.png'
01:09:23.751  render           | Saved: '/tmp/clearvla_eval_opaque_74646.png'
01:09:24.182  render           | Saved: '/tmp/clearvla_eval_opaque_74646.png'
01:09:24.535  render           | Saved: '/tmp/clearvla_eval_opaque_74646.png'
01:09:24.940  render           | Saved: '/tmp/clearvla_eval_opaque_74646.png'
01:09:25.288  render           | Saved: '/tmp/clearvla_eval_opaque_74646.png'
01:09:25.698  render           | Saved: '/tmp/clearvla_eval_opaque_74646.png'
01:09:26.044  render           | Saved: '/tmp/clearvla_eval_opaque_74646.png'
01:09:26.452  render           | Saved: '/tmp/clearvla_eval_opaque_74646.png'
01:09:26.803  render           | Saved: '/tmp/clearvla_eval_opaque_74646.png'
01:09:27.213  render           | Saved: '/tmp/clearvla_eval_opaque_74646.png'
01:09:27.558  render           | Saved: '/tmp/clearvla_eval_opaque_74646.png'
01:09:27.966  render           | Saved: '/tmp/clearvla_eval_opaque_74646.png'
01:09:28.317  render           | Saved: '/tmp/clearvla_eval_opaque_74646.png'
01:09:28.729  render           | Saved: '/tmp/clearvla_eval_opaque_74646.png'
01:09:29.075  render           | Saved: '/tmp/clearvla_eval_opaque_74646.png'
01:09:29.480  render           | Saved: '/tmp/clearvla_eval_opaque_74646.png'
01:09:29.824  render           | Saved: '/tmp/clearvla_eval_opaque_74646.png'
01:09:30.227  render           | Saved: '/tmp/clearvla_eval_opaque_74646.png'
01:09:30.579  render           | Saved: '/tmp/clearvla_eval_opaque_74646.png'
01:09:30.982  render           | Saved: '/tmp/clearvla_eval_opaque_74646.png'
01:09:31.331  render           | Saved: '/tmp/clearvla_eval_opaque_74646.png'
01:09:31.738  render           | Saved: '/tmp/clearvla_eval_opaque_74646.png'
01:09:32.089  render           | Saved: '/tmp/clearvla_eval_opaque_74646.png'
01:09:32.973  render           | Saved: '/tmp/clearvla_eval_opaque_74646.png'
01:09:33.318  render           | Saved: '/tmp/clearvla_eval_opaque_74646.png'
01:09:33.743  render           | Saved: '/tmp/clearvla_eval_opaque_74646.png'
01:09:34.076  render           | Saved: '/tmp/clearvla_eval_opaque_74646.png'
01:09:34.484  render           | Saved: '/tmp/clearvla_eval_opaque_74646.png'
01:09:34.835  render           | Saved: '/tmp/clearvla_eval_opaque_74646.png'
01:09:35.251  render           | Saved: '/tmp/clearvla_eval_opaque_74646.png'
01:09:35.591  render           | Saved: '/tmp/clearvla_eval_opaque_74646.png'
01:09:36.009  render           | Saved: '/tmp/clearvla_eval_opaque_74646.png'
01:09:36.331  render           | Saved: '/tmp/clearvla_eval_opaque_74646.png'
01:09:36.732  render           | Saved: '/tmp/clearvla_eval_opaque_74646.png'
01:09:37.067  render           | Saved: '/tmp/clearvla_eval_opaque_74646.png'
01:09:37.464  render           | Saved: '/tmp/clearvla_eval_opaque_74646.png'
01:09:37.803  render           | Saved: '/tmp/clearvla_eval_opaque_74646.png'
01:09:38.199  render           | Saved: '/tmp/clearvla_eval_opaque_74646.png'
01:09:38.550  render           | Saved: '/tmp/clearvla_eval_opaque_74646.png'
01:09:38.958  render           | Saved: '/tmp/clearvla_eval_opaque_74646.png'
01:09:39.292  render           | Saved: '/tmp/clearvla_eval_opaque_74646.png'
01:09:39.720  render           | Saved: '/tmp/clearvla_eval_opaque_74646.png'
01:09:40.113  render           | Saved: '/tmp/clearvla_eval_opaque_74646.png'
01:09:40.517  render           | Saved: '/tmp/clearvla_eval_opaque_74646.png'
01:09:40.850  render           | Saved: '/tmp/clearvla_eval_opaque_74646.png'
01:09:41.281  render           | Saved: '/tmp/clearvla_eval_opaque_74646.png'
01:09:41.631  render           | Saved: '/tmp/clearvla_eval_opaque_74646.png'
01:09:42.052  render           | Saved: '/tmp/clearvla_eval_opaque_74646.png'
01:09:42.401  render           | Saved: '/tmp/clearvla_eval_opaque_74646.png'
01:09:42.813  render           | Saved: '/tmp/clearvla_eval_opaque_74646.png'
01:09:43.168  render           | Saved: '/tmp/clearvla_eval_opaque_74646.png'
01:09:43.589  render           | Saved: '/tmp/clearvla_eval_opaque_74646.png'
01:09:43.923  render           | Saved: '/tmp/clearvla_eval_opaque_74646.png'
01:09:44.321  render           | Saved: '/tmp/clearvla_eval_opaque_74646.png'
01:09:44.684  render           | Saved: '/tmp/clearvla_eval_opaque_74646.png'
01:09:45.094  render           | Saved: '/tmp/clearvla_eval_opaque_74646.png'
01:09:45.430  render           | Saved: '/tmp/clearvla_eval_opaque_74646.png'
01:09:45.833  render           | Saved: '/tmp/clearvla_eval_opaque_74646.png'
01:09:46.181  render           | Saved: '/tmp/clearvla_eval_opaque_74646.png'
01:09:46.587  render           | Saved: '/tmp/clearvla_eval_opaque_74646.png'
01:09:46.931  render           | Saved: '/tmp/clearvla_eval_opaque_74646.png'
01:09:47.334  render           | Saved: '/tmp/clearvla_eval_opaque_74646.png'
01:09:47.695  render           | Saved: '/tmp/clearvla_eval_opaque_74646.png'
01:09:48.115  render           | Saved: '/tmp/clearvla_eval_opaque_74646.png'
01:09:48.476  render           | Saved: '/tmp/clearvla_eval_opaque_74646.png'
01:09:48.874  render           | Saved: '/tmp/clearvla_eval_opaque_74646.png'
01:09:49.218  render           | Saved: '/tmp/clearvla_eval_opaque_74646.png'
01:09:49.626  render           | Saved: '/tmp/clearvla_eval_opaque_74646.png'
01:09:49.970  render           | Saved: '/tmp/clearvla_eval_opaque_74646.png'
01:09:50.367  render           | Saved: '/tmp/clearvla_eval_opaque_74646.png'
01:09:50.736  render           | Saved: '/tmp/clearvla_eval_opaque_74646.png'
01:09:51.150  render           | Saved: '/tmp/clearvla_eval_opaque_74646.png'
01:09:51.491  render           | Saved: '/tmp/clearvla_eval_opaque_74646.png'
01:09:51.899  render           | Saved: '/tmp/clearvla_eval_opaque_74646.png'
01:09:52.237  render           | Saved: '/tmp/clearvla_eval_opaque_74646.png'
01:09:52.644  render           | Saved: '/tmp/clearvla_eval_opaque_74646.png'
01:09:52.970  render           | Saved: '/tmp/clearvla_eval_opaque_74646.png'
01:09:53.367  render           | Saved: '/tmp/clearvla_eval_opaque_74646.png'
01:09:53.717  render           | Saved: '/tmp/clearvla_eval_opaque_74646.png'
01:09:54.107  render           | Saved: '/tmp/clearvla_eval_opaque_74646.png'
01:09:54.432  render           | Saved: '/tmp/clearvla_eval_opaque_74646.png'
01:09:54.828  render           | Saved: '/tmp/clearvla_eval_opaque_74646.png'
01:09:55.160  render           | Saved: '/tmp/clearvla_eval_opaque_74646.png'
01:09:55.564  render           | Saved: '/tmp/clearvla_eval_opaque_74646.png'
01:09:55.910  render           | Saved: '/tmp/clearvla_eval_opaque_74646.png'
01:09:56.291  render           | Saved: '/tmp/clearvla_eval_opaque_74646.png'
01:09:56.663  render           | Saved: '/tmp/clearvla_eval_opaque_74646.png'
01:09:57.048  render           | Saved: '/tmp/clearvla_eval_opaque_74646.png'
01:09:57.397  render           | Saved: '/tmp/clearvla_eval_opaque_74646.png'
01:09:57.798  render           | Saved: '/tmp/clearvla_eval_opaque_74646.png'
01:09:58.157  render           | Saved: '/tmp/clearvla_eval_opaque_74646.png'
01:09:58.564  render           | Saved: '/tmp/clearvla_eval_opaque_74646.png'
01:09:58.911  render           | Saved: '/tmp/clearvla_eval_opaque_74646.png'
01:09:59.323  render           | Saved: '/tmp/clearvla_eval_opaque_74646.png'
01:09:59.671  render           | Saved: '/tmp/clearvla_eval_opaque_74646.png'
01:10:00.098  render           | Saved: '/tmp/clearvla_eval_opaque_74646.png'
01:10:00.442  render           | Saved: '/tmp/clearvla_eval_opaque_74646.png'
01:10:00.858  render           | Saved: '/tmp/clearvla_eval_opaque_74646.png'
01:10:01.195  render           | Saved: '/tmp/clearvla_eval_opaque_74646.png'
01:10:02.089  render           | Saved: '/tmp/clearvla_eval_opaque_74646.png'
01:10:02.407  render           | Saved: '/tmp/clearvla_eval_opaque_74646.png'
01:10:02.809  render           | Saved: '/tmp/clearvla_eval_opaque_74646.png'
01:10:03.133  render           | Saved: '/tmp/clearvla_eval_opaque_74646.png'
01:10:03.527  render           | Saved: '/tmp/clearvla_eval_opaque_74646.png'
01:10:03.853  render           | Saved: '/tmp/clearvla_eval_opaque_74646.png'
01:10:04.249  render           | Saved: '/tmp/clearvla_eval_opaque_74646.png'
01:10:04.577  render           | Saved: '/tmp/clearvla_eval_opaque_74646.png'
01:10:04.973  render           | Saved: '/tmp/clearvla_eval_opaque_74646.png'
01:10:05.300  render           | Saved: '/tmp/clearvla_eval_opaque_74646.png'
01:10:05.698  render           | Saved: '/tmp/clearvla_eval_opaque_74646.png'
01:10:06.026  render           | Saved: '/tmp/clearvla_eval_opaque_74646.png'
01:10:06.420  render           | Saved: '/tmp/clearvla_eval_opaque_74646.png'
01:10:06.747  render           | Saved: '/tmp/clearvla_eval_opaque_74646.png'
01:10:07.143  render           | Saved: '/tmp/clearvla_eval_opaque_74646.png'
01:10:07.475  render           | Saved: '/tmp/clearvla_eval_opaque_74646.png'
01:10:07.889  render           | Saved: '/tmp/clearvla_eval_opaque_74646.png'
01:10:08.224  render           | Saved: '/tmp/clearvla_eval_opaque_74646.png'
01:10:08.628  render           | Saved: '/tmp/clearvla_eval_opaque_74646.png'
01:10:08.961  render           | Saved: '/tmp/clearvla_eval_opaque_74646.png'
01:10:09.358  render           | Saved: '/tmp/clearvla_eval_opaque_74646.png'
01:10:09.696  render           | Saved: '/tmp/clearvla_eval_opaque_74646.png'
01:10:10.125  render           | Saved: '/tmp/clearvla_eval_opaque_74646.png'
01:10:10.456  render           | Saved: '/tmp/clearvla_eval_opaque_74646.png'
01:10:10.885  render           | Saved: '/tmp/clearvla_eval_opaque_74646.png'
01:10:11.214  render           | Saved: '/tmp/clearvla_eval_opaque_74646.png'
01:10:11.635  render           | Saved: '/tmp/clearvla_eval_opaque_74646.png'
01:10:11.961  render           | Saved: '/tmp/clearvla_eval_opaque_74646.png'
01:10:12.386  render           | Saved: '/tmp/clearvla_eval_opaque_74646.png'
01:10:12.713  render           | Saved: '/tmp/clearvla_eval_opaque_74646.png'
01:10:13.138  render           | Saved: '/tmp/clearvla_eval_opaque_74646.png'
01:10:13.465  render           | Saved: '/tmp/clearvla_eval_opaque_74646.png'
01:10:13.882  render           | Saved: '/tmp/clearvla_eval_opaque_74646.png'
01:10:14.213  render           | Saved: '/tmp/clearvla_eval_opaque_74646.png'
01:10:14.639  render           | Saved: '/tmp/clearvla_eval_opaque_74646.png'
01:10:14.967  render           | Saved: '/tmp/clearvla_eval_opaque_74646.png'
01:10:15.390  render           | Saved: '/tmp/clearvla_eval_opaque_74646.png'
01:10:15.716  render           | Saved: '/tmp/clearvla_eval_opaque_74646.png'
01:10:16.139  render           | Saved: '/tmp/clearvla_eval_opaque_74646.png'
01:10:16.470  render           | Saved: '/tmp/clearvla_eval_opaque_74646.png'
01:10:16.895  render           | Saved: '/tmp/clearvla_eval_opaque_74646.png'
01:10:17.224  render           | Saved: '/tmp/clearvla_eval_opaque_74646.png'
01:10:17.652  render           | Saved: '/tmp/clearvla_eval_opaque_74646.png'
01:10:17.985  render           | Saved: '/tmp/clearvla_eval_opaque_74646.png'
01:10:18.409  render           | Saved: '/tmp/clearvla_eval_opaque_74646.png'
01:10:18.737  render           | Saved: '/tmp/clearvla_eval_opaque_74646.png'
01:10:19.170  render           | Saved: '/tmp/clearvla_eval_opaque_74646.png'
01:10:19.497  render           | Saved: '/tmp/clearvla_eval_opaque_74646.png'
01:10:19.918  render           | Saved: '/tmp/clearvla_eval_opaque_74646.png'
01:10:20.243  render           | Saved: '/tmp/clearvla_eval_opaque_74646.png'
01:10:20.667  render           | Saved: '/tmp/clearvla_eval_opaque_74646.png'
01:10:21.000  render           | Saved: '/tmp/clearvla_eval_opaque_74646.png'
01:10:21.424  render           | Saved: '/tmp/clearvla_eval_opaque_74646.png'
01:10:21.751  render           | Saved: '/tmp/clearvla_eval_opaque_74646.png'
01:10:22.181  render           | Saved: '/tmp/clearvla_eval_opaque_74646.png'
01:10:22.509  render           | Saved: '/tmp/clearvla_eval_opaque_74646.png'
01:10:22.937  render           | Saved: '/tmp/clearvla_eval_opaque_74646.png'
01:10:23.269  render           | Saved: '/tmp/clearvla_eval_opaque_74646.png'
01:10:23.705  render           | Saved: '/tmp/clearvla_eval_opaque_74646.png'
01:10:24.032  render           | Saved: '/tmp/clearvla_eval_opaque_74646.png'
01:10:24.456  render           | Saved: '/tmp/clearvla_eval_opaque_74646.png'
01:10:24.784  render           | Saved: '/tmp/clearvla_eval_opaque_74646.png'
01:10:25.218  render           | Saved: '/tmp/clearvla_eval_opaque_74646.png'
01:10:25.542  render           | Saved: '/tmp/clearvla_eval_opaque_74646.png'
01:10:25.964  render           | Saved: '/tmp/clearvla_eval_opaque_74646.png'
01:10:26.294  render           | Saved: '/tmp/clearvla_eval_opaque_74646.png'
01:10:26.699  render           | Saved: '/tmp/clearvla_eval_opaque_74646.png'
01:10:27.036  render           | Saved: '/tmp/clearvla_eval_opaque_74646.png'
01:10:27.439  render           | Saved: '/tmp/clearvla_eval_opaque_74646.png'
01:10:27.795  render           | Saved: '/tmp/clearvla_eval_opaque_74646.png'
01:10:28.206  render           | Saved: '/tmp/clearvla_eval_opaque_74646.png'
01:10:28.540  render           | Saved: '/tmp/clearvla_eval_opaque_74646.png'
01:10:28.953  render           | Saved: '/tmp/clearvla_eval_opaque_74646.png'
01:10:29.289  render           | Saved: '/tmp/clearvla_eval_opaque_74646.png'
01:10:29.702  render           | Saved: '/tmp/clearvla_eval_opaque_74646.png'
01:10:30.040  render           | Saved: '/tmp/clearvla_eval_opaque_74646.png'
01:10:30.919  render           | Saved: '/tmp/clearvla_eval_opaque_74646.png'
01:10:31.270  render           | Saved: '/tmp/clearvla_eval_opaque_74646.png'
01:10:31.709  render           | Saved: '/tmp/clearvla_eval_opaque_74646.png'
01:10:32.070  render           | Saved: '/tmp/clearvla_eval_opaque_74646.png'
01:10:32.519  render           | Saved: '/tmp/clearvla_eval_opaque_74646.png'
01:10:32.867  render           | Saved: '/tmp/clearvla_eval_opaque_74646.png'
01:10:33.281  render           | Saved: '/tmp/clearvla_eval_opaque_74646.png'
01:10:33.623  render           | Saved: '/tmp/clearvla_eval_opaque_74646.png'
01:10:34.034  render           | Saved: '/tmp/clearvla_eval_opaque_74646.png'
01:10:34.375  render           | Saved: '/tmp/clearvla_eval_opaque_74646.png'
01:10:34.791  render           | Saved: '/tmp/clearvla_eval_opaque_74646.png'
01:10:35.131  render           | Saved: '/tmp/clearvla_eval_opaque_74646.png'
01:10:35.557  render           | Saved: '/tmp/clearvla_eval_opaque_74646.png'
01:10:35.917  render           | Saved: '/tmp/clearvla_eval_opaque_74646.png'
01:10:36.373  render           | Saved: '/tmp/clearvla_eval_opaque_74646.png'
01:10:36.752  render           | Saved: '/tmp/clearvla_eval_opaque_74646.png'
01:10:37.198  render           | Saved: '/tmp/clearvla_eval_opaque_74646.png'
01:10:37.582  render           | Saved: '/tmp/clearvla_eval_opaque_74646.png'
01:10:38.003  render           | Saved: '/tmp/clearvla_eval_opaque_74646.png'
01:10:38.360  render           | Saved: '/tmp/clearvla_eval_opaque_74646.png'
01:10:38.768  render           | Saved: '/tmp/clearvla_eval_opaque_74646.png'
01:10:39.109  render           | Saved: '/tmp/clearvla_eval_opaque_74646.png'
01:10:39.523  render           | Saved: '/tmp/clearvla_eval_opaque_74646.png'
01:10:39.860  render           | Saved: '/tmp/clearvla_eval_opaque_74646.png'
01:10:40.265  render           | Saved: '/tmp/clearvla_eval_opaque_74646.png'
01:10:40.596  render           | Saved: '/tmp/clearvla_eval_opaque_74646.png'
01:10:41.008  render           | Saved: '/tmp/clearvla_eval_opaque_74646.png'
01:10:41.342  render           | Saved: '/tmp/clearvla_eval_opaque_74646.png'
01:10:41.759  render           | Saved: '/tmp/clearvla_eval_opaque_74646.png'
01:10:42.096  render           | Saved: '/tmp/clearvla_eval_opaque_74646.png'
01:10:42.511  render           | Saved: '/tmp/clearvla_eval_opaque_74646.png'
01:10:42.854  render           | Saved: '/tmp/clearvla_eval_opaque_74646.png'
01:10:43.259  render           | Saved: '/tmp/clearvla_eval_opaque_74646.png'
01:10:43.594  render           | Saved: '/tmp/clearvla_eval_opaque_74646.png'
01:10:44.005  render           | Saved: '/tmp/clearvla_eval_opaque_74646.png'
01:10:44.344  render           | Saved: '/tmp/clearvla_eval_opaque_74646.png'
01:10:44.754  render           | Saved: '/tmp/clearvla_eval_opaque_74646.png'
01:10:45.089  render           | Saved: '/tmp/clearvla_eval_opaque_74646.png'
01:10:45.501  render           | Saved: '/tmp/clearvla_eval_opaque_74646.png'
01:10:45.840  render           | Saved: '/tmp/clearvla_eval_opaque_74646.png'
01:10:46.252  render           | Saved: '/tmp/clearvla_eval_opaque_74646.png'
01:10:46.588  render           | Saved: '/tmp/clearvla_eval_opaque_74646.png'
01:10:47.000  render           | Saved: '/tmp/clearvla_eval_opaque_74646.png'
01:10:47.337  render           | Saved: '/tmp/clearvla_eval_opaque_74646.png'
01:10:47.745  render           | Saved: '/tmp/clearvla_eval_opaque_74646.png'
01:10:48.085  render           | Saved: '/tmp/clearvla_eval_opaque_74646.png'
01:10:48.517  render           | Saved: '/tmp/clearvla_eval_opaque_74646.png'
01:10:48.850  render           | Saved: '/tmp/clearvla_eval_opaque_74646.png'
01:10:49.296  render           | Saved: '/tmp/clearvla_eval_opaque_74646.png'
01:10:49.642  render           | Saved: '/tmp/clearvla_eval_opaque_74646.png'
01:10:50.050  render           | Saved: '/tmp/clearvla_eval_opaque_74646.png'
01:10:50.389  render           | Saved: '/tmp/clearvla_eval_opaque_74646.png'
01:10:50.810  render           | Saved: '/tmp/clearvla_eval_opaque_74646.png'
01:10:51.142  render           | Saved: '/tmp/clearvla_eval_opaque_74646.png'
01:10:51.568  render           | Saved: '/tmp/clearvla_eval_opaque_74646.png'
01:10:51.901  render           | Saved: '/tmp/clearvla_eval_opaque_74646.png'
01:10:52.325  render           | Saved: '/tmp/clearvla_eval_opaque_74646.png'
01:10:52.658  render           | Saved: '/tmp/clearvla_eval_opaque_74646.png'
01:10:53.098  render           | Saved: '/tmp/clearvla_eval_opaque_74646.png'
01:10:53.435  render           | Saved: '/tmp/clearvla_eval_opaque_74646.png'
01:10:53.904  render           | Saved: '/tmp/clearvla_eval_opaque_74646.png'
01:10:54.233  render           | Saved: '/tmp/clearvla_eval_opaque_74646.png'
01:10:54.701  render           | Saved: '/tmp/clearvla_eval_opaque_74646.png'
01:10:55.050  render           | Saved: '/tmp/clearvla_eval_opaque_74646.png'
01:10:55.470  render           | Saved: '/tmp/clearvla_eval_opaque_74646.png'
01:10:55.819  render           | Saved: '/tmp/clearvla_eval_opaque_74646.png'
01:10:56.238  render           | Saved: '/tmp/clearvla_eval_opaque_74646.png'
01:10:56.582  render           | Saved: '/tmp/clearvla_eval_opaque_74646.png'
01:10:57.001  render           | Saved: '/tmp/clearvla_eval_opaque_74646.png'
01:10:57.350  render           | Saved: '/tmp/clearvla_eval_opaque_74646.png'
01:10:57.763  render           | Saved: '/tmp/clearvla_eval_opaque_74646.png'
01:10:58.106  render           | Saved: '/tmp/clearvla_eval_opaque_74646.png'
01:10:58.527  render           | Saved: '/tmp/clearvla_eval_opaque_74646.png'
01:10:58.869  render           | Saved: '/tmp/clearvla_eval_opaque_74646.png'
01:10:59.289  render           | Saved: '/tmp/clearvla_eval_opaque_74646.png'
01:10:59.637  render           | Saved: '/tmp/clearvla_eval_opaque_74646.png'
[cache25/opaque] insert: 11/50  (70.9 min, 29.2 s/ep)
done 150 new episodes in 70.9 min -> /Users/yogyamehrotra/Desktop/ClearVLA/results/week5/cache25_opaque.jsonl
