[transformers] Model config: bos_token_id must be `None` or an integer within the vocabulary (between 0 and 31999), got 49406. This may result in unexpected behavior.
[transformers] Model config: eos_token_id must be `None` or an integer within the vocabulary (between 0 and 31999), got 49407. This may result in unexpected behavior.
Loading weights:   0%|          | 0/408 [00:00<?, ?it/s]Loading weights: 100%|██████████| 408/408 [00:00<00:00, 9993.67it/s]
00:12.050  render           | Saved: '/tmp/clearvla_eval_opaque_39348.png'
00:13.185  render           | Saved: '/tmp/clearvla_eval_opaque_39348.png'
/Users/yogyamehrotra/miniconda3/envs/clearvla/lib/python3.11/site-packages/transformers/image_processing_backends.py:135: UserWarning: The given NumPy array is not writable, and PyTorch does not support non-writable tensors. This means writing to this tensor will result in undefined behavior. You may want to copy the array to protect its data or make it writable before converting it to a tensor. This type of warning will be suppressed for the rest of this program. (Triggered internally at /Users/runner/work/pytorch/pytorch/torch/csrc/utils/tensor_numpy.cpp:219.)
  image = torch.from_numpy(image).contiguous()
00:15.160  render           | Saved: '/tmp/clearvla_eval_opaque_39348.png'
00:15.613  render           | Saved: '/tmp/clearvla_eval_opaque_39348.png'
00:16.230  render           | Saved: '/tmp/clearvla_eval_opaque_39348.png'
00:17.444  render           | Saved: '/tmp/clearvla_eval_opaque_39348.png'
00:19.449  render           | Saved: '/tmp/clearvla_eval_opaque_39348.png'
00:20.048  render           | Saved: '/tmp/clearvla_eval_opaque_39348.png'
00:21.466  render           | Saved: '/tmp/clearvla_eval_opaque_39348.png'
00:21.962  render           | Saved: '/tmp/clearvla_eval_opaque_39348.png'
00:26.203  render           | Saved: '/tmp/clearvla_eval_opaque_39348.png'
00:26.799  render           | Saved: '/tmp/clearvla_eval_opaque_39348.png'
00:27.564  render           | Saved: '/tmp/clearvla_eval_opaque_39348.png'
00:28.040  render           | Saved: '/tmp/clearvla_eval_opaque_39348.png'
00:28.559  render           | Saved: '/tmp/clearvla_eval_opaque_39348.png'
00:28.982  render           | Saved: '/tmp/clearvla_eval_opaque_39348.png'
00:29.512  render           | Saved: '/tmp/clearvla_eval_opaque_39348.png'
00:29.961  render           | Saved: '/tmp/clearvla_eval_opaque_39348.png'
00:30.757  render           | Saved: '/tmp/clearvla_eval_opaque_39348.png'
00:31.658  render           | Saved: '/tmp/clearvla_eval_opaque_39348.png'
00:32.530  render           | Saved: '/tmp/clearvla_eval_opaque_39348.png'
00:32.961  render           | Saved: '/tmp/clearvla_eval_opaque_39348.png'
00:33.473  render           | Saved: '/tmp/clearvla_eval_opaque_39348.png'
00:33.919  render           | Saved: '/tmp/clearvla_eval_opaque_39348.png'
00:34.405  render           | Saved: '/tmp/clearvla_eval_opaque_39348.png'
00:35.701  render           | Saved: '/tmp/clearvla_eval_opaque_39348.png'
00:37.442  render           | Saved: '/tmp/clearvla_eval_opaque_39348.png'
00:37.987  render           | Saved: '/tmp/clearvla_eval_opaque_39348.png'
00:39.224  render           | Saved: '/tmp/clearvla_eval_opaque_39348.png'
00:39.846  render           | Saved: '/tmp/clearvla_eval_opaque_39348.png'
00:40.521  render           | Saved: '/tmp/clearvla_eval_opaque_39348.png'
00:40.964  render           | Saved: '/tmp/clearvla_eval_opaque_39348.png'
00:41.576  render           | Saved: '/tmp/clearvla_eval_opaque_39348.png'
00:42.184  render           | Saved: '/tmp/clearvla_eval_opaque_39348.png'
00:42.843  render           | Saved: '/tmp/clearvla_eval_opaque_39348.png'
00:43.886  render           | Saved: '/tmp/clearvla_eval_opaque_39348.png'
00:45.401  render           | Saved: '/tmp/clearvla_eval_opaque_39348.png'
00:46.188  render           | Saved: '/tmp/clearvla_eval_opaque_39348.png'
00:46.886  render           | Saved: '/tmp/clearvla_eval_opaque_39348.png'
00:47.328  render           | Saved: '/tmp/clearvla_eval_opaque_39348.png'
00:48.215  render           | Saved: '/tmp/clearvla_eval_opaque_39348.png'
00:49.167  render           | Saved: '/tmp/clearvla_eval_opaque_39348.png'
00:50.520  render           | Saved: '/tmp/clearvla_eval_opaque_39348.png'
00:51.409  render           | Saved: '/tmp/clearvla_eval_opaque_39348.png'
00:53.396  render           | Saved: '/tmp/clearvla_eval_opaque_39348.png'
00:54.105  render           | Saved: '/tmp/clearvla_eval_opaque_39348.png'
00:54.801  render           | Saved: '/tmp/clearvla_eval_opaque_39348.png'
00:55.315  render           | Saved: '/tmp/clearvla_eval_opaque_39348.png'
00:56.392  render           | Saved: '/tmp/clearvla_eval_opaque_39348.png'
00:56.920  render           | Saved: '/tmp/clearvla_eval_opaque_39348.png'
00:57.615  render           | Saved: '/tmp/clearvla_eval_opaque_39348.png'
00:58.069  render           | Saved: '/tmp/clearvla_eval_opaque_39348.png'
00:58.563  render           | Saved: '/tmp/clearvla_eval_opaque_39348.png'
00:59.308  render           | Saved: '/tmp/clearvla_eval_opaque_39348.png'
01:00.042  render           | Saved: '/tmp/clearvla_eval_opaque_39348.png'
01:00.630  render           | Saved: '/tmp/clearvla_eval_opaque_39348.png'
01:01.327  render           | Saved: '/tmp/clearvla_eval_opaque_39348.png'
01:01.909  render           | Saved: '/tmp/clearvla_eval_opaque_39348.png'
01:02.637  render           | Saved: '/tmp/clearvla_eval_opaque_39348.png'
01:03.637  render           | Saved: '/tmp/clearvla_eval_opaque_39348.png'
01:06.550  render           | Saved: '/tmp/clearvla_eval_opaque_39348.png'
01:07.324  render           | Saved: '/tmp/clearvla_eval_opaque_39348.png'
01:10.668  render           | Saved: '/tmp/clearvla_eval_opaque_39348.png'
01:11.517  render           | Saved: '/tmp/clearvla_eval_opaque_39348.png'
01:13.906  render           | Saved: '/tmp/clearvla_eval_opaque_39348.png'
01:14.463  render           | Saved: '/tmp/clearvla_eval_opaque_39348.png'
01:16.919  render           | Saved: '/tmp/clearvla_eval_opaque_39348.png'
01:17.674  render           | Saved: '/tmp/clearvla_eval_opaque_39348.png'
01:19.154  render           | Saved: '/tmp/clearvla_eval_opaque_39348.png'
01:19.655  render           | Saved: '/tmp/clearvla_eval_opaque_39348.png'
01:20.401  render           | Saved: '/tmp/clearvla_eval_opaque_39348.png'
01:20.833  render           | Saved: '/tmp/clearvla_eval_opaque_39348.png'
01:21.397  render           | Saved: '/tmp/clearvla_eval_opaque_39348.png'
01:22.423  render           | Saved: '/tmp/clearvla_eval_opaque_39348.png'
01:23.744  render           | Saved: '/tmp/clearvla_eval_opaque_39348.png'
01:24.408  render           | Saved: '/tmp/clearvla_eval_opaque_39348.png'
01:27.648  render           | Saved: '/tmp/clearvla_eval_opaque_39348.png'
01:28.246  render           | Saved: '/tmp/clearvla_eval_opaque_39348.png'
01:30.638  render           | Saved: '/tmp/clearvla_eval_opaque_39348.png'
01:31.295  render           | Saved: '/tmp/clearvla_eval_opaque_39348.png'
01:32.629  render           | Saved: '/tmp/clearvla_eval_opaque_39348.png'
01:33.193  render           | Saved: '/tmp/clearvla_eval_opaque_39348.png'
01:33.882  render           | Saved: '/tmp/clearvla_eval_opaque_39348.png'
01:34.535  render           | Saved: '/tmp/clearvla_eval_opaque_39348.png'
01:35.633  render           | Saved: '/tmp/clearvla_eval_opaque_39348.png'
01:36.116  render           | Saved: '/tmp/clearvla_eval_opaque_39348.png'
01:37.439  render           | Saved: '/tmp/clearvla_eval_opaque_39348.png'
01:38.136  render           | Saved: '/tmp/clearvla_eval_opaque_39348.png'
01:38.820  render           | Saved: '/tmp/clearvla_eval_opaque_39348.png'
01:39.247  render           | Saved: '/tmp/clearvla_eval_opaque_39348.png'
01:39.834  render           | Saved: '/tmp/clearvla_eval_opaque_39348.png'
01:40.400  render           | Saved: '/tmp/clearvla_eval_opaque_39348.png'
01:41.210  render           | Saved: '/tmp/clearvla_eval_opaque_39348.png'
01:41.896  render           | Saved: '/tmp/clearvla_eval_opaque_39348.png'
01:42.712  render           | Saved: '/tmp/clearvla_eval_opaque_39348.png'
01:43.896  render           | Saved: '/tmp/clearvla_eval_opaque_39348.png'
01:46.623  render           | Saved: '/tmp/clearvla_eval_opaque_39348.png'
01:47.645  render           | Saved: '/tmp/clearvla_eval_opaque_39348.png'
01:49.692  render           | Saved: '/tmp/clearvla_eval_opaque_39348.png'
01:50.202  render           | Saved: '/tmp/clearvla_eval_opaque_39348.png'
01:50.904  render           | Saved: '/tmp/clearvla_eval_opaque_39348.png'
01:51.355  render           | Saved: '/tmp/clearvla_eval_opaque_39348.png'
01:51.892  render           | Saved: '/tmp/clearvla_eval_opaque_39348.png'
01:52.371  render           | Saved: '/tmp/clearvla_eval_opaque_39348.png'
01:53.360  render           | Saved: '/tmp/clearvla_eval_opaque_39348.png'
01:53.842  render           | Saved: '/tmp/clearvla_eval_opaque_39348.png'
01:56.220  render           | Saved: '/tmp/clearvla_eval_opaque_39348.png'
01:56.806  render           | Saved: '/tmp/clearvla_eval_opaque_39348.png'
01:57.990  render           | Saved: '/tmp/clearvla_eval_opaque_39348.png'
01:58.584  render           | Saved: '/tmp/clearvla_eval_opaque_39348.png'
01:59.294  render           | Saved: '/tmp/clearvla_eval_opaque_39348.png'
01:59.806  render           | Saved: '/tmp/clearvla_eval_opaque_39348.png'
02:01.518  render           | Saved: '/tmp/clearvla_eval_opaque_39348.png'
02:02.095  render           | Saved: '/tmp/clearvla_eval_opaque_39348.png'
02:04.573  render           | Saved: '/tmp/clearvla_eval_opaque_39348.png'
02:05.271  render           | Saved: '/tmp/clearvla_eval_opaque_39348.png'
02:06.649  render           | Saved: '/tmp/clearvla_eval_opaque_39348.png'
02:07.103  render           | Saved: '/tmp/clearvla_eval_opaque_39348.png'
02:07.605  render           | Saved: '/tmp/clearvla_eval_opaque_39348.png'
02:08.159  render           | Saved: '/tmp/clearvla_eval_opaque_39348.png'
02:09.159  render           | Saved: '/tmp/clearvla_eval_opaque_39348.png'
02:09.741  render           | Saved: '/tmp/clearvla_eval_opaque_39348.png'
02:10.391  render           | Saved: '/tmp/clearvla_eval_opaque_39348.png'
02:10.848  render           | Saved: '/tmp/clearvla_eval_opaque_39348.png'
02:11.325  render           | Saved: '/tmp/clearvla_eval_opaque_39348.png'
02:11.705  render           | Saved: '/tmp/clearvla_eval_opaque_39348.png'
02:12.227  render           | Saved: '/tmp/clearvla_eval_opaque_39348.png'
02:12.661  render           | Saved: '/tmp/clearvla_eval_opaque_39348.png'
02:13.176  render           | Saved: '/tmp/clearvla_eval_opaque_39348.png'
02:13.999  render           | Saved: '/tmp/clearvla_eval_opaque_39348.png'
02:14.839  render           | Saved: '/tmp/clearvla_eval_opaque_39348.png'
02:15.408  render           | Saved: '/tmp/clearvla_eval_opaque_39348.png'
02:16.082  render           | Saved: '/tmp/clearvla_eval_opaque_39348.png'
02:17.045  render           | Saved: '/tmp/clearvla_eval_opaque_39348.png'
02:18.521  render           | Saved: '/tmp/clearvla_eval_opaque_39348.png'
02:19.208  render           | Saved: '/tmp/clearvla_eval_opaque_39348.png'
02:19.767  render           | Saved: '/tmp/clearvla_eval_opaque_39348.png'
02:20.196  render           | Saved: '/tmp/clearvla_eval_opaque_39348.png'
02:20.685  render           | Saved: '/tmp/clearvla_eval_opaque_39348.png'
02:21.111  render           | Saved: '/tmp/clearvla_eval_opaque_39348.png'
02:22.136  render           | Saved: '/tmp/clearvla_eval_opaque_39348.png'
02:22.724  render           | Saved: '/tmp/clearvla_eval_opaque_39348.png'
02:23.438  render           | Saved: '/tmp/clearvla_eval_opaque_39348.png'
02:23.901  render           | Saved: '/tmp/clearvla_eval_opaque_39348.png'
02:24.391  render           | Saved: '/tmp/clearvla_eval_opaque_39348.png'
02:24.851  render           | Saved: '/tmp/clearvla_eval_opaque_39348.png'
02:25.929  render           | Saved: '/tmp/clearvla_eval_opaque_39348.png'
02:26.545  render           | Saved: '/tmp/clearvla_eval_opaque_39348.png'
02:30.730  render           | Saved: '/tmp/clearvla_eval_opaque_39348.png'
02:31.276  render           | Saved: '/tmp/clearvla_eval_opaque_39348.png'
02:31.968  render           | Saved: '/tmp/clearvla_eval_opaque_39348.png'
02:32.432  render           | Saved: '/tmp/clearvla_eval_opaque_39348.png'
02:33.451  render           | Saved: '/tmp/clearvla_eval_opaque_39348.png'
02:34.284  render           | Saved: '/tmp/clearvla_eval_opaque_39348.png'
02:37.891  render           | Saved: '/tmp/clearvla_eval_opaque_39348.png'
02:38.862  render           | Saved: '/tmp/clearvla_eval_opaque_39348.png'
02:39.973  render           | Saved: '/tmp/clearvla_eval_opaque_39348.png'
02:40.619  render           | Saved: '/tmp/clearvla_eval_opaque_39348.png'
02:42.327  render           | Saved: '/tmp/clearvla_eval_opaque_39348.png'
02:43.923  render           | Saved: '/tmp/clearvla_eval_opaque_39348.png'
02:46.086  render           | Saved: '/tmp/clearvla_eval_opaque_39348.png'
02:46.697  render           | Saved: '/tmp/clearvla_eval_opaque_39348.png'
02:47.401  render           | Saved: '/tmp/clearvla_eval_opaque_39348.png'
02:48.275  render           | Saved: '/tmp/clearvla_eval_opaque_39348.png'
02:49.085  render           | Saved: '/tmp/clearvla_eval_opaque_39348.png'
02:49.525  render           | Saved: '/tmp/clearvla_eval_opaque_39348.png'
02:50.090  render           | Saved: '/tmp/clearvla_eval_opaque_39348.png'
02:50.538  render           | Saved: '/tmp/clearvla_eval_opaque_39348.png'
02:51.701  render           | Saved: '/tmp/clearvla_eval_opaque_39348.png'
02:52.346  render           | Saved: '/tmp/clearvla_eval_opaque_39348.png'
02:53.113  render           | Saved: '/tmp/clearvla_eval_opaque_39348.png'
02:53.574  render           | Saved: '/tmp/clearvla_eval_opaque_39348.png'
02:54.056  render           | Saved: '/tmp/clearvla_eval_opaque_39348.png'
02:54.503  render           | Saved: '/tmp/clearvla_eval_opaque_39348.png'
02:55.008  render           | Saved: '/tmp/clearvla_eval_opaque_39348.png'
02:55.473  render           | Saved: '/tmp/clearvla_eval_opaque_39348.png'
02:56.595  render           | Saved: '/tmp/clearvla_eval_opaque_39348.png'
02:57.246  render           | Saved: '/tmp/clearvla_eval_opaque_39348.png'
02:57.951  render           | Saved: '/tmp/clearvla_eval_opaque_39348.png'
02:58.384  render           | Saved: '/tmp/clearvla_eval_opaque_39348.png'
02:58.877  render           | Saved: '/tmp/clearvla_eval_opaque_39348.png'
02:59.321  render           | Saved: '/tmp/clearvla_eval_opaque_39348.png'
03:01.636  render           | Saved: '/tmp/clearvla_eval_opaque_39348.png'
03:02.370  render           | Saved: '/tmp/clearvla_eval_opaque_39348.png'
03:04.021  render           | Saved: '/tmp/clearvla_eval_opaque_39348.png'
03:05.178  render           | Saved: '/tmp/clearvla_eval_opaque_39348.png'
03:09.158  render           | Saved: '/tmp/clearvla_eval_opaque_39348.png'
03:09.815  render           | Saved: '/tmp/clearvla_eval_opaque_39348.png'
03:13.137  render           | Saved: '/tmp/clearvla_eval_opaque_39348.png'
03:13.682  render           | Saved: '/tmp/clearvla_eval_opaque_39348.png'
03:14.385  render           | Saved: '/tmp/clearvla_eval_opaque_39348.png'
03:14.830  render           | Saved: '/tmp/clearvla_eval_opaque_39348.png'
03:15.333  render           | Saved: '/tmp/clearvla_eval_opaque_39348.png'
03:15.791  render           | Saved: '/tmp/clearvla_eval_opaque_39348.png'
03:16.956  render           | Saved: '/tmp/clearvla_eval_opaque_39348.png'
03:17.597  render           | Saved: '/tmp/clearvla_eval_opaque_39348.png'
03:19.568  render           | Saved: '/tmp/clearvla_eval_opaque_39348.png'
03:20.012  render           | Saved: '/tmp/clearvla_eval_opaque_39348.png'
03:20.459  render           | Saved: '/tmp/clearvla_eval_opaque_39348.png'
03:20.924  render           | Saved: '/tmp/clearvla_eval_opaque_39348.png'
03:21.549  render           | Saved: '/tmp/clearvla_eval_opaque_39348.png'
03:22.233  render           | Saved: '/tmp/clearvla_eval_opaque_39348.png'
03:23.428  render           | Saved: '/tmp/clearvla_eval_opaque_39348.png'
03:24.082  render           | Saved: '/tmp/clearvla_eval_opaque_39348.png'
03:25.379  render           | Saved: '/tmp/clearvla_eval_opaque_39348.png'
03:26.542  render           | Saved: '/tmp/clearvla_eval_opaque_39348.png'
03:29.360  render           | Saved: '/tmp/clearvla_eval_opaque_39348.png'
03:30.250  render           | Saved: '/tmp/clearvla_eval_opaque_39348.png'
03:31.615  render           | Saved: '/tmp/clearvla_eval_opaque_39348.png'
03:32.207  render           | Saved: '/tmp/clearvla_eval_opaque_39348.png'
03:32.952  render           | Saved: '/tmp/clearvla_eval_opaque_39348.png'
03:33.417  render           | Saved: '/tmp/clearvla_eval_opaque_39348.png'
03:33.939  render           | Saved: '/tmp/clearvla_eval_opaque_39348.png'
03:34.431  render           | Saved: '/tmp/clearvla_eval_opaque_39348.png'
03:34.900  render           | Saved: '/tmp/clearvla_eval_opaque_39348.png'
03:35.243  render           | Saved: '/tmp/clearvla_eval_opaque_39348.png'
03:35.761  render           | Saved: '/tmp/clearvla_eval_opaque_39348.png'
03:36.841  render           | Saved: '/tmp/clearvla_eval_opaque_39348.png'
03:38.708  render           | Saved: '/tmp/clearvla_eval_opaque_39348.png'
03:39.557  render           | Saved: '/tmp/clearvla_eval_opaque_39348.png'
03:40.787  render           | Saved: '/tmp/clearvla_eval_opaque_39348.png'
03:41.553  render           | Saved: '/tmp/clearvla_eval_opaque_39348.png'
03:42.345  render           | Saved: '/tmp/clearvla_eval_opaque_39348.png'
03:42.930  render           | Saved: '/tmp/clearvla_eval_opaque_39348.png'
03:43.696  render           | Saved: '/tmp/clearvla_eval_opaque_39348.png'
03:44.236  render           | Saved: '/tmp/clearvla_eval_opaque_39348.png'
03:45.155  render           | Saved: '/tmp/clearvla_eval_opaque_39348.png'
03:46.063  render           | Saved: '/tmp/clearvla_eval_opaque_39348.png'
03:46.864  render           | Saved: '/tmp/clearvla_eval_opaque_39348.png'
03:47.297  render           | Saved: '/tmp/clearvla_eval_opaque_39348.png'
03:47.881  render           | Saved: '/tmp/clearvla_eval_opaque_39348.png'
03:49.116  render           | Saved: '/tmp/clearvla_eval_opaque_39348.png'
03:54.288  render           | Saved: '/tmp/clearvla_eval_opaque_39348.png'
03:54.869  render           | Saved: '/tmp/clearvla_eval_opaque_39348.png'
03:55.584  render           | Saved: '/tmp/clearvla_eval_opaque_39348.png'
03:56.049  render           | Saved: '/tmp/clearvla_eval_opaque_39348.png'
03:57.138  render           | Saved: '/tmp/clearvla_eval_opaque_39348.png'
03:57.828  render           | Saved: '/tmp/clearvla_eval_opaque_39348.png'
04:00.587  render           | Saved: '/tmp/clearvla_eval_opaque_39348.png'
04:01.182  render           | Saved: '/tmp/clearvla_eval_opaque_39348.png'
04:01.912  render           | Saved: '/tmp/clearvla_eval_opaque_39348.png'
04:02.441  render           | Saved: '/tmp/clearvla_eval_opaque_39348.png'
04:02.942  render           | Saved: '/tmp/clearvla_eval_opaque_39348.png'
04:03.396  render           | Saved: '/tmp/clearvla_eval_opaque_39348.png'
04:03.905  render           | Saved: '/tmp/clearvla_eval_opaque_39348.png'
04:04.375  render           | Saved: '/tmp/clearvla_eval_opaque_39348.png'
04:04.925  render           | Saved: '/tmp/clearvla_eval_opaque_39348.png'
04:06.151  render           | Saved: '/tmp/clearvla_eval_opaque_39348.png'
04:08.840  render           | Saved: '/tmp/clearvla_eval_opaque_39348.png'
04:09.380  render           | Saved: '/tmp/clearvla_eval_opaque_39348.png'
04:10.537  render           | Saved: '/tmp/clearvla_eval_opaque_39348.png'
04:11.115  render           | Saved: '/tmp/clearvla_eval_opaque_39348.png'
04:11.925  render           | Saved: '/tmp/clearvla_eval_opaque_39348.png'
04:12.398  render           | Saved: '/tmp/clearvla_eval_opaque_39348.png'
04:12.957  render           | Saved: '/tmp/clearvla_eval_opaque_39348.png'
04:14.340  render           | Saved: '/tmp/clearvla_eval_opaque_39348.png'
04:15.345  render           | Saved: '/tmp/clearvla_eval_opaque_39348.png'
04:15.841  render           | Saved: '/tmp/clearvla_eval_opaque_39348.png'
04:18.808  render           | Saved: '/tmp/clearvla_eval_opaque_39348.png'
04:19.565  render           | Saved: '/tmp/clearvla_eval_opaque_39348.png'
04:24.271  render           | Saved: '/tmp/clearvla_eval_opaque_39348.png'
04:25.097  render           | Saved: '/tmp/clearvla_eval_opaque_39348.png'
04:29.181  render           | Saved: '/tmp/clearvla_eval_opaque_39348.png'
04:29.835  render           | Saved: '/tmp/clearvla_eval_opaque_39348.png'
04:30.602  render           | Saved: '/tmp/clearvla_eval_opaque_39348.png'
04:31.076  render           | Saved: '/tmp/clearvla_eval_opaque_39348.png'
04:31.613  render           | Saved: '/tmp/clearvla_eval_opaque_39348.png'
04:32.126  render           | Saved: '/tmp/clearvla_eval_opaque_39348.png'
04:33.585  render           | Saved: '/tmp/clearvla_eval_opaque_39348.png'
04:34.406  render           | Saved: '/tmp/clearvla_eval_opaque_39348.png'
04:35.586  render           | Saved: '/tmp/clearvla_eval_opaque_39348.png'
04:36.101  render           | Saved: '/tmp/clearvla_eval_opaque_39348.png'
04:36.656  render           | Saved: '/tmp/clearvla_eval_opaque_39348.png'
04:37.151  render           | Saved: '/tmp/clearvla_eval_opaque_39348.png'
04:39.046  render           | Saved: '/tmp/clearvla_eval_opaque_39348.png'
04:39.758  render           | Saved: '/tmp/clearvla_eval_opaque_39348.png'
04:40.454  render           | Saved: '/tmp/clearvla_eval_opaque_39348.png'
04:41.642  render           | Saved: '/tmp/clearvla_eval_opaque_39348.png'
04:44.049  render           | Saved: '/tmp/clearvla_eval_opaque_39348.png'
04:44.815  render           | Saved: '/tmp/clearvla_eval_opaque_39348.png'
04:45.950  render           | Saved: '/tmp/clearvla_eval_opaque_39348.png'
04:46.460  render           | Saved: '/tmp/clearvla_eval_opaque_39348.png'
04:47.029  render           | Saved: '/tmp/clearvla_eval_opaque_39348.png'
04:48.436  render           | Saved: '/tmp/clearvla_eval_opaque_39348.png'
04:52.650  render           | Saved: '/tmp/clearvla_eval_opaque_39348.png'
04:53.799  render           | Saved: '/tmp/clearvla_eval_opaque_39348.png'
04:55.721  render           | Saved: '/tmp/clearvla_eval_opaque_39348.png'
04:56.777  render           | Saved: '/tmp/clearvla_eval_opaque_39348.png'
04:58.384  render           | Saved: '/tmp/clearvla_eval_opaque_39348.png'
04:59.071  render           | Saved: '/tmp/clearvla_eval_opaque_39348.png'
05:03.284  render           | Saved: '/tmp/clearvla_eval_opaque_39348.png'
05:03.836  render           | Saved: '/tmp/clearvla_eval_opaque_39348.png'
05:09.132  render           | Saved: '/tmp/clearvla_eval_opaque_39348.png'
05:09.715  render           | Saved: '/tmp/clearvla_eval_opaque_39348.png'
05:10.352  render           | Saved: '/tmp/clearvla_eval_opaque_39348.png'
05:10.786  render           | Saved: '/tmp/clearvla_eval_opaque_39348.png'
05:12.080  render           | Saved: '/tmp/clearvla_eval_opaque_39348.png'
05:12.712  render           | Saved: '/tmp/clearvla_eval_opaque_39348.png'
05:14.038  render           | Saved: '/tmp/clearvla_eval_opaque_39348.png'
05:14.487  render           | Saved: '/tmp/clearvla_eval_opaque_39348.png'
05:14.995  render           | Saved: '/tmp/clearvla_eval_opaque_39348.png'
05:15.441  render           | Saved: '/tmp/clearvla_eval_opaque_39348.png'
05:16.000  render           | Saved: '/tmp/clearvla_eval_opaque_39348.png'
05:17.363  render           | Saved: '/tmp/clearvla_eval_opaque_39348.png'
05:19.113  render           | Saved: '/tmp/clearvla_eval_opaque_39348.png'
05:19.710  render           | Saved: '/tmp/clearvla_eval_opaque_39348.png'
05:20.396  render           | Saved: '/tmp/clearvla_eval_opaque_39348.png'
05:20.850  render           | Saved: '/tmp/clearvla_eval_opaque_39348.png'
05:21.345  render           | Saved: '/tmp/clearvla_eval_opaque_39348.png'
05:22.040  render           | Saved: '/tmp/clearvla_eval_opaque_39348.png'
05:23.164  render           | Saved: '/tmp/clearvla_eval_opaque_39348.png'
05:23.711  render           | Saved: '/tmp/clearvla_eval_opaque_39348.png'
05:24.486  render           | Saved: '/tmp/clearvla_eval_opaque_39348.png'
05:25.091  render           | Saved: '/tmp/clearvla_eval_opaque_39348.png'
05:25.799  render           | Saved: '/tmp/clearvla_eval_opaque_39348.png'
05:27.048  render           | Saved: '/tmp/clearvla_eval_opaque_39348.png'
05:30.241  render           | Saved: '/tmp/clearvla_eval_opaque_39348.png'
05:30.788  render           | Saved: '/tmp/clearvla_eval_opaque_39348.png'
05:31.498  render           | Saved: '/tmp/clearvla_eval_opaque_39348.png'
05:31.949  render           | Saved: '/tmp/clearvla_eval_opaque_39348.png'
05:35.006  render           | Saved: '/tmp/clearvla_eval_opaque_39348.png'
05:35.593  render           | Saved: '/tmp/clearvla_eval_opaque_39348.png'
05:37.124  render           | Saved: '/tmp/clearvla_eval_opaque_39348.png'
05:37.790  render           | Saved: '/tmp/clearvla_eval_opaque_39348.png'
05:38.524  render           | Saved: '/tmp/clearvla_eval_opaque_39348.png'
05:39.608  render           | Saved: '/tmp/clearvla_eval_opaque_39348.png'
05:42.220  render           | Saved: '/tmp/clearvla_eval_opaque_39348.png'
05:42.913  render           | Saved: '/tmp/clearvla_eval_opaque_39348.png'
05:46.822  render           | Saved: '/tmp/clearvla_eval_opaque_39348.png'
05:47.360  render           | Saved: '/tmp/clearvla_eval_opaque_39348.png'
05:48.047  render           | Saved: '/tmp/clearvla_eval_opaque_39348.png'
05:48.529  render           | Saved: '/tmp/clearvla_eval_opaque_39348.png'
05:49.823  render           | Saved: '/tmp/clearvla_eval_opaque_39348.png'
05:50.443  render           | Saved: '/tmp/clearvla_eval_opaque_39348.png'
05:51.185  render           | Saved: '/tmp/clearvla_eval_opaque_39348.png'
05:51.673  render           | Saved: '/tmp/clearvla_eval_opaque_39348.png'
05:52.890  render           | Saved: '/tmp/clearvla_eval_opaque_39348.png'
05:53.697  render           | Saved: '/tmp/clearvla_eval_opaque_39348.png'
05:54.569  render           | Saved: '/tmp/clearvla_eval_opaque_39348.png'
05:55.005  render           | Saved: '/tmp/clearvla_eval_opaque_39348.png'
05:55.590  render           | Saved: '/tmp/clearvla_eval_opaque_39348.png'
05:56.055  render           | Saved: '/tmp/clearvla_eval_opaque_39348.png'
05:56.702  render           | Saved: '/tmp/clearvla_eval_opaque_39348.png'
05:57.334  render           | Saved: '/tmp/clearvla_eval_opaque_39348.png'
05:58.101  render           | Saved: '/tmp/clearvla_eval_opaque_39348.png'
05:58.914  render           | Saved: '/tmp/clearvla_eval_opaque_39348.png'
05:59.758  render           | Saved: '/tmp/clearvla_eval_opaque_39348.png'
06:00.485  render           | Saved: '/tmp/clearvla_eval_opaque_39348.png'
06:01.201  render           | Saved: '/tmp/clearvla_eval_opaque_39348.png'
06:01.794  render           | Saved: '/tmp/clearvla_eval_opaque_39348.png'
06:02.509  render           | Saved: '/tmp/clearvla_eval_opaque_39348.png'
06:03.042  render           | Saved: '/tmp/clearvla_eval_opaque_39348.png'
06:03.783  render           | Saved: '/tmp/clearvla_eval_opaque_39348.png'
06:04.797  render           | Saved: '/tmp/clearvla_eval_opaque_39348.png'
06:05.921  render           | Saved: '/tmp/clearvla_eval_opaque_39348.png'
06:06.550  render           | Saved: '/tmp/clearvla_eval_opaque_39348.png'
06:07.313  render           | Saved: '/tmp/clearvla_eval_opaque_39348.png'
06:07.828  render           | Saved: '/tmp/clearvla_eval_opaque_39348.png'
06:08.532  render           | Saved: '/tmp/clearvla_eval_opaque_39348.png'
06:09.367  render           | Saved: '/tmp/clearvla_eval_opaque_39348.png'
06:10.261  render           | Saved: '/tmp/clearvla_eval_opaque_39348.png'
06:10.816  render           | Saved: '/tmp/clearvla_eval_opaque_39348.png'
06:11.447  render           | Saved: '/tmp/clearvla_eval_opaque_39348.png'
06:12.673  render           | Saved: '/tmp/clearvla_eval_opaque_39348.png'
06:13.632  render           | Saved: '/tmp/clearvla_eval_opaque_39348.png'
06:14.097  render           | Saved: '/tmp/clearvla_eval_opaque_39348.png'
06:14.742  render           | Saved: '/tmp/clearvla_eval_opaque_39348.png'
06:15.218  render           | Saved: '/tmp/clearvla_eval_opaque_39348.png'
06:16.187  render           | Saved: '/tmp/clearvla_eval_opaque_39348.png'
06:16.970  render           | Saved: '/tmp/clearvla_eval_opaque_39348.png'
06:20.574  render           | Saved: '/tmp/clearvla_eval_opaque_39348.png'
06:21.156  render           | Saved: '/tmp/clearvla_eval_opaque_39348.png'
06:23.210  render           | Saved: '/tmp/clearvla_eval_opaque_39348.png'
06:24.506  render           | Saved: '/tmp/clearvla_eval_opaque_39348.png'
06:27.622  render           | Saved: '/tmp/clearvla_eval_opaque_39348.png'
06:28.953  render           | Saved: '/tmp/clearvla_eval_opaque_39348.png'
06:31.730  render           | Saved: '/tmp/clearvla_eval_opaque_39348.png'
06:32.668  render           | Saved: '/tmp/clearvla_eval_opaque_39348.png'
06:34.629  render           | Saved: '/tmp/clearvla_eval_opaque_39348.png'
06:36.686  render           | Saved: '/tmp/clearvla_eval_opaque_39348.png'
06:39.690  render           | Saved: '/tmp/clearvla_eval_opaque_39348.png'
06:41.014  render           | Saved: '/tmp/clearvla_eval_opaque_39348.png'
06:43.750  render           | Saved: '/tmp/clearvla_eval_opaque_39348.png'
06:44.393  render           | Saved: '/tmp/clearvla_eval_opaque_39348.png'
06:45.803  render           | Saved: '/tmp/clearvla_eval_opaque_39348.png'
06:46.451  render           | Saved: '/tmp/clearvla_eval_opaque_39348.png'
06:47.257  render           | Saved: '/tmp/clearvla_eval_opaque_39348.png'
06:48.404  render           | Saved: '/tmp/clearvla_eval_opaque_39348.png'
06:51.532  render           | Saved: '/tmp/clearvla_eval_opaque_39348.png'
06:52.198  render           | Saved: '/tmp/clearvla_eval_opaque_39348.png'
06:52.930  render           | Saved: '/tmp/clearvla_eval_opaque_39348.png'
06:53.359  render           | Saved: '/tmp/clearvla_eval_opaque_39348.png'
06:53.883  render           | Saved: '/tmp/clearvla_eval_opaque_39348.png'
06:54.317  render           | Saved: '/tmp/clearvla_eval_opaque_39348.png'
06:54.791  render           | Saved: '/tmp/clearvla_eval_opaque_39348.png'
06:55.255  render           | Saved: '/tmp/clearvla_eval_opaque_39348.png'
06:57.660  render           | Saved: '/tmp/clearvla_eval_opaque_39348.png'
06:58.523  render           | Saved: '/tmp/clearvla_eval_opaque_39348.png'
07:00.615  render           | Saved: '/tmp/clearvla_eval_opaque_39348.png'
07:01.232  render           | Saved: '/tmp/clearvla_eval_opaque_39348.png'
07:02.320  render           | Saved: '/tmp/clearvla_eval_opaque_39348.png'
07:02.864  render           | Saved: '/tmp/clearvla_eval_opaque_39348.png'
07:04.013  render           | Saved: '/tmp/clearvla_eval_opaque_39348.png'
07:04.641  render           | Saved: '/tmp/clearvla_eval_opaque_39348.png'
07:06.181  render           | Saved: '/tmp/clearvla_eval_opaque_39348.png'
07:06.835  render           | Saved: '/tmp/clearvla_eval_opaque_39348.png'
07:08.196  render           | Saved: '/tmp/clearvla_eval_opaque_39348.png'
07:08.645  render           | Saved: '/tmp/clearvla_eval_opaque_39348.png'
07:09.165  render           | Saved: '/tmp/clearvla_eval_opaque_39348.png'
07:09.669  render           | Saved: '/tmp/clearvla_eval_opaque_39348.png'
07:10.237  render           | Saved: '/tmp/clearvla_eval_opaque_39348.png'
07:10.668  render           | Saved: '/tmp/clearvla_eval_opaque_39348.png'
07:11.980  render           | Saved: '/tmp/clearvla_eval_opaque_39348.png'
07:12.493  render           | Saved: '/tmp/clearvla_eval_opaque_39348.png'
07:13.161  render           | Saved: '/tmp/clearvla_eval_opaque_39348.png'
07:13.587  render           | Saved: '/tmp/clearvla_eval_opaque_39348.png'
07:14.058  render           | Saved: '/tmp/clearvla_eval_opaque_39348.png'
07:14.505  render           | Saved: '/tmp/clearvla_eval_opaque_39348.png'
07:15.129  render           | Saved: '/tmp/clearvla_eval_opaque_39348.png'
07:15.715  render           | Saved: '/tmp/clearvla_eval_opaque_39348.png'
07:16.490  render           | Saved: '/tmp/clearvla_eval_opaque_39348.png'
07:17.842  render           | Saved: '/tmp/clearvla_eval_opaque_39348.png'
07:20.503  render           | Saved: '/tmp/clearvla_eval_opaque_39348.png'
07:21.162  render           | Saved: '/tmp/clearvla_eval_opaque_39348.png'
07:26.441  render           | Saved: '/tmp/clearvla_eval_opaque_39348.png'
07:27.216  render           | Saved: '/tmp/clearvla_eval_opaque_39348.png'
07:31.045  render           | Saved: '/tmp/clearvla_eval_opaque_39348.png'
07:31.581  render           | Saved: '/tmp/clearvla_eval_opaque_39348.png'
07:32.819  render           | Saved: '/tmp/clearvla_eval_opaque_39348.png'
07:33.813  render           | Saved: '/tmp/clearvla_eval_opaque_39348.png'
07:34.542  render           | Saved: '/tmp/clearvla_eval_opaque_39348.png'
07:35.001  render           | Saved: '/tmp/clearvla_eval_opaque_39348.png'
07:35.491  render           | Saved: '/tmp/clearvla_eval_opaque_39348.png'
07:35.931  render           | Saved: '/tmp/clearvla_eval_opaque_39348.png'
07:36.443  render           | Saved: '/tmp/clearvla_eval_opaque_39348.png'
07:36.911  render           | Saved: '/tmp/clearvla_eval_opaque_39348.png'
07:37.442  render           | Saved: '/tmp/clearvla_eval_opaque_39348.png'
07:38.600  render           | Saved: '/tmp/clearvla_eval_opaque_39348.png'
07:40.619  render           | Saved: '/tmp/clearvla_eval_opaque_39348.png'
07:41.837  render           | Saved: '/tmp/clearvla_eval_opaque_39348.png'
07:45.162  render           | Saved: '/tmp/clearvla_eval_opaque_39348.png'
07:45.727  render           | Saved: '/tmp/clearvla_eval_opaque_39348.png'
07:47.352  render           | Saved: '/tmp/clearvla_eval_opaque_39348.png'
07:48.047  render           | Saved: '/tmp/clearvla_eval_opaque_39348.png'
07:49.267  render           | Saved: '/tmp/clearvla_eval_opaque_39348.png'
07:50.013  render           | Saved: '/tmp/clearvla_eval_opaque_39348.png'
07:51.335  render           | Saved: '/tmp/clearvla_eval_opaque_39348.png'
07:51.973  render           | Saved: '/tmp/clearvla_eval_opaque_39348.png'
07:53.035  render           | Saved: '/tmp/clearvla_eval_opaque_39348.png'
07:53.912  render           | Saved: '/tmp/clearvla_eval_opaque_39348.png'
07:55.829  render           | Saved: '/tmp/clearvla_eval_opaque_39348.png'
07:56.500  render           | Saved: '/tmp/clearvla_eval_opaque_39348.png'
07:59.792  render           | Saved: '/tmp/clearvla_eval_opaque_39348.png'
08:00.187  render           | Saved: '/tmp/clearvla_eval_opaque_39348.png'
08:00.964  render           | Saved: '/tmp/clearvla_eval_opaque_39348.png'
08:01.517  render           | Saved: '/tmp/clearvla_eval_opaque_39348.png'
08:02.778  render           | Saved: '/tmp/clearvla_eval_opaque_39348.png'
08:03.683  render           | Saved: '/tmp/clearvla_eval_opaque_39348.png'
08:04.947  render           | Saved: '/tmp/clearvla_eval_opaque_39348.png'
08:05.366  render           | Saved: '/tmp/clearvla_eval_opaque_39348.png'
08:05.868  render           | Saved: '/tmp/clearvla_eval_opaque_39348.png'
08:06.994  render           | Saved: '/tmp/clearvla_eval_opaque_39348.png'
08:10.290  render           | Saved: '/tmp/clearvla_eval_opaque_39348.png'
08:10.954  render           | Saved: '/tmp/clearvla_eval_opaque_39348.png'
08:11.971  render           | Saved: '/tmp/clearvla_eval_opaque_39348.png'
08:12.976  render           | Saved: '/tmp/clearvla_eval_opaque_39348.png'
08:16.158  render           | Saved: '/tmp/clearvla_eval_opaque_39348.png'
08:17.397  render           | Saved: '/tmp/clearvla_eval_opaque_39348.png'
08:19.986  render           | Saved: '/tmp/clearvla_eval_opaque_39348.png'
08:20.520  render           | Saved: '/tmp/clearvla_eval_opaque_39348.png'
08:22.066  render           | Saved: '/tmp/clearvla_eval_opaque_39348.png'
08:23.067  render           | Saved: '/tmp/clearvla_eval_opaque_39348.png'
08:23.819  render           | Saved: '/tmp/clearvla_eval_opaque_39348.png'
08:24.295  render           | Saved: '/tmp/clearvla_eval_opaque_39348.png'
08:24.795  render           | Saved: '/tmp/clearvla_eval_opaque_39348.png'
08:25.256  render           | Saved: '/tmp/clearvla_eval_opaque_39348.png'
08:25.798  render           | Saved: '/tmp/clearvla_eval_opaque_39348.png'
08:26.696  render           | Saved: '/tmp/clearvla_eval_opaque_39348.png'
08:29.143  render           | Saved: '/tmp/clearvla_eval_opaque_39348.png'
08:29.689  render           | Saved: '/tmp/clearvla_eval_opaque_39348.png'
08:30.369  render           | Saved: '/tmp/clearvla_eval_opaque_39348.png'
08:30.825  render           | Saved: '/tmp/clearvla_eval_opaque_39348.png'
08:31.657  render           | Saved: '/tmp/clearvla_eval_opaque_39348.png'
08:32.431  render           | Saved: '/tmp/clearvla_eval_opaque_39348.png'
08:33.518  render           | Saved: '/tmp/clearvla_eval_opaque_39348.png'
08:33.951  render           | Saved: '/tmp/clearvla_eval_opaque_39348.png'
08:34.443  render           | Saved: '/tmp/clearvla_eval_opaque_39348.png'
08:34.881  render           | Saved: '/tmp/clearvla_eval_opaque_39348.png'
08:35.399  render           | Saved: '/tmp/clearvla_eval_opaque_39348.png'
08:36.467  render           | Saved: '/tmp/clearvla_eval_opaque_39348.png'
08:41.211  render           | Saved: '/tmp/clearvla_eval_opaque_39348.png'
08:41.854  render           | Saved: '/tmp/clearvla_eval_opaque_39348.png'
08:42.589  render           | Saved: '/tmp/clearvla_eval_opaque_39348.png'
08:43.035  render           | Saved: '/tmp/clearvla_eval_opaque_39348.png'
08:43.538  render           | Saved: '/tmp/clearvla_eval_opaque_39348.png'
08:44.049  render           | Saved: '/tmp/clearvla_eval_opaque_39348.png'
08:44.844  render           | Saved: '/tmp/clearvla_eval_opaque_39348.png'
08:45.594  render           | Saved: '/tmp/clearvla_eval_opaque_39348.png'
08:46.785  render           | Saved: '/tmp/clearvla_eval_opaque_39348.png'
08:47.435  render           | Saved: '/tmp/clearvla_eval_opaque_39348.png'
08:50.798  render           | Saved: '/tmp/clearvla_eval_opaque_39348.png'
08:51.587  render           | Saved: '/tmp/clearvla_eval_opaque_39348.png'
08:55.681  render           | Saved: '/tmp/clearvla_eval_opaque_39348.png'
08:56.248  render           | Saved: '/tmp/clearvla_eval_opaque_39348.png'
08:56.823  render           | Saved: '/tmp/clearvla_eval_opaque_39348.png'
08:57.915  render           | Saved: '/tmp/clearvla_eval_opaque_39348.png'
08:59.812  render           | Saved: '/tmp/clearvla_eval_opaque_39348.png'
09:00.243  render           | Saved: '/tmp/clearvla_eval_opaque_39348.png'
09:00.740  render           | Saved: '/tmp/clearvla_eval_opaque_39348.png'
09:01.188  render           | Saved: '/tmp/clearvla_eval_opaque_39348.png'
09:02.123  render           | Saved: '/tmp/clearvla_eval_opaque_39348.png'
09:02.896  render           | Saved: '/tmp/clearvla_eval_opaque_39348.png'
09:03.759  render           | Saved: '/tmp/clearvla_eval_opaque_39348.png'
09:04.183  render           | Saved: '/tmp/clearvla_eval_opaque_39348.png'
09:04.770  render           | Saved: '/tmp/clearvla_eval_opaque_39348.png'
09:05.313  render           | Saved: '/tmp/clearvla_eval_opaque_39348.png'
09:06.031  render           | Saved: '/tmp/clearvla_eval_opaque_39348.png'
09:06.683  render           | Saved: '/tmp/clearvla_eval_opaque_39348.png'
09:07.879  render           | Saved: '/tmp/clearvla_eval_opaque_39348.png'
09:08.541  render           | Saved: '/tmp/clearvla_eval_opaque_39348.png'
09:09.446  render           | Saved: '/tmp/clearvla_eval_opaque_39348.png'
09:09.936  render           | Saved: '/tmp/clearvla_eval_opaque_39348.png'
09:10.484  render           | Saved: '/tmp/clearvla_eval_opaque_39348.png'
09:11.510  render           | Saved: '/tmp/clearvla_eval_opaque_39348.png'
09:14.035  render           | Saved: '/tmp/clearvla_eval_opaque_39348.png'
09:14.576  render           | Saved: '/tmp/clearvla_eval_opaque_39348.png'
09:15.429  render           | Saved: '/tmp/clearvla_eval_opaque_39348.png'
09:16.114  render           | Saved: '/tmp/clearvla_eval_opaque_39348.png'
09:17.201  render           | Saved: '/tmp/clearvla_eval_opaque_39348.png'
09:17.862  render           | Saved: '/tmp/clearvla_eval_opaque_39348.png'
09:19.064  render           | Saved: '/tmp/clearvla_eval_opaque_39348.png'
09:19.656  render           | Saved: '/tmp/clearvla_eval_opaque_39348.png'
09:21.174  render           | Saved: '/tmp/clearvla_eval_opaque_39348.png'
09:21.797  render           | Saved: '/tmp/clearvla_eval_opaque_39348.png'
09:22.543  render           | Saved: '/tmp/clearvla_eval_opaque_39348.png'
09:23.379  render           | Saved: '/tmp/clearvla_eval_opaque_39348.png'
09:24.240  render           | Saved: '/tmp/clearvla_eval_opaque_39348.png'
09:25.205  render           | Saved: '/tmp/clearvla_eval_opaque_39348.png'
09:26.070  render           | Saved: '/tmp/clearvla_eval_opaque_39348.png'
09:26.668  render           | Saved: '/tmp/clearvla_eval_opaque_39348.png'
09:27.426  render           | Saved: '/tmp/clearvla_eval_opaque_39348.png'
09:28.160  render           | Saved: '/tmp/clearvla_eval_opaque_39348.png'
09:28.975  render           | Saved: '/tmp/clearvla_eval_opaque_39348.png'
09:29.599  render           | Saved: '/tmp/clearvla_eval_opaque_39348.png'
09:30.647  render           | Saved: '/tmp/clearvla_eval_opaque_39348.png'
09:31.310  render           | Saved: '/tmp/clearvla_eval_opaque_39348.png'
09:32.136  render           | Saved: '/tmp/clearvla_eval_opaque_39348.png'
09:33.158  render           | Saved: '/tmp/clearvla_eval_opaque_39348.png'
09:34.025  render           | Saved: '/tmp/clearvla_eval_opaque_39348.png'
09:34.992  render           | Saved: '/tmp/clearvla_eval_opaque_39348.png'
09:35.881  render           | Saved: '/tmp/clearvla_eval_opaque_39348.png'
09:37.161  render           | Saved: '/tmp/clearvla_eval_opaque_39348.png'
09:39.479  render           | Saved: '/tmp/clearvla_eval_opaque_39348.png'
09:40.031  render           | Saved: '/tmp/clearvla_eval_opaque_39348.png'
09:40.779  render           | Saved: '/tmp/clearvla_eval_opaque_39348.png'
09:41.186  render           | Saved: '/tmp/clearvla_eval_opaque_39348.png'
09:41.695  render           | Saved: '/tmp/clearvla_eval_opaque_39348.png'
09:42.540  render           | Saved: '/tmp/clearvla_eval_opaque_39348.png'
09:44.555  render           | Saved: '/tmp/clearvla_eval_opaque_39348.png'
09:45.101  render           | Saved: '/tmp/clearvla_eval_opaque_39348.png'
09:46.225  render           | Saved: '/tmp/clearvla_eval_opaque_39348.png'
09:46.949  render           | Saved: '/tmp/clearvla_eval_opaque_39348.png'
09:47.777  render           | Saved: '/tmp/clearvla_eval_opaque_39348.png'
09:48.356  render           | Saved: '/tmp/clearvla_eval_opaque_39348.png'
09:49.139  render           | Saved: '/tmp/clearvla_eval_opaque_39348.png'
09:49.828  render           | Saved: '/tmp/clearvla_eval_opaque_39348.png'
09:50.587  render           | Saved: '/tmp/clearvla_eval_opaque_39348.png'
09:51.568  render           | Saved: '/tmp/clearvla_eval_opaque_39348.png'
09:53.173  render           | Saved: '/tmp/clearvla_eval_opaque_39348.png'
09:53.736  render           | Saved: '/tmp/clearvla_eval_opaque_39348.png'
09:55.040  render           | Saved: '/tmp/clearvla_eval_opaque_39348.png'
09:55.628  render           | Saved: '/tmp/clearvla_eval_opaque_39348.png'
09:57.052  render           | Saved: '/tmp/clearvla_eval_opaque_39348.png'
09:57.717  render           | Saved: '/tmp/clearvla_eval_opaque_39348.png'
10:00.749  render           | Saved: '/tmp/clearvla_eval_opaque_39348.png'
10:01.581  render           | Saved: '/tmp/clearvla_eval_opaque_39348.png'
[full/opaque] grasp: 4/10  (9.9 min, 73.9 s/ep)
10:06.326  render           | Saved: '/tmp/clearvla_eval_opaque_39348.png'
10:07.167  render           | Saved: '/tmp/clearvla_eval_opaque_39348.png'
10:10.359  render           | Saved: '/tmp/clearvla_eval_opaque_39348.png'
10:11.088  render           | Saved: '/tmp/clearvla_eval_opaque_39348.png'
10:11.999  render           | Saved: '/tmp/clearvla_eval_opaque_39348.png'
10:12.514  render           | Saved: '/tmp/clearvla_eval_opaque_39348.png'
10:14.553  render           | Saved: '/tmp/clearvla_eval_opaque_39348.png'
10:15.590  render           | Saved: '/tmp/clearvla_eval_opaque_39348.png'
10:18.122  render           | Saved: '/tmp/clearvla_eval_opaque_39348.png'
10:19.447  render           | Saved: '/tmp/clearvla_eval_opaque_39348.png'
10:24.906  render           | Saved: '/tmp/clearvla_eval_opaque_39348.png'
10:25.582  render           | Saved: '/tmp/clearvla_eval_opaque_39348.png'
10:26.304  render           | Saved: '/tmp/clearvla_eval_opaque_39348.png'
10:26.775  render           | Saved: '/tmp/clearvla_eval_opaque_39348.png'
10:27.334  render           | Saved: '/tmp/clearvla_eval_opaque_39348.png'
10:27.829  render           | Saved: '/tmp/clearvla_eval_opaque_39348.png'
10:29.423  render           | Saved: '/tmp/clearvla_eval_opaque_39348.png'
10:30.311  render           | Saved: '/tmp/clearvla_eval_opaque_39348.png'
10:33.494  render           | Saved: '/tmp/clearvla_eval_opaque_39348.png'
10:33.971  render           | Saved: '/tmp/clearvla_eval_opaque_39348.png'
10:34.527  render           | Saved: '/tmp/clearvla_eval_opaque_39348.png'
10:35.002  render           | Saved: '/tmp/clearvla_eval_opaque_39348.png'
10:36.030  render           | Saved: '/tmp/clearvla_eval_opaque_39348.png'
10:37.042  render           | Saved: '/tmp/clearvla_eval_opaque_39348.png'
10:39.120  render           | Saved: '/tmp/clearvla_eval_opaque_39348.png'
10:40.013  render           | Saved: '/tmp/clearvla_eval_opaque_39348.png'
10:40.861  render           | Saved: '/tmp/clearvla_eval_opaque_39348.png'
10:41.700  render           | Saved: '/tmp/clearvla_eval_opaque_39348.png'
10:42.526  render           | Saved: '/tmp/clearvla_eval_opaque_39348.png'
10:43.608  render           | Saved: '/tmp/clearvla_eval_opaque_39348.png'
10:45.161  render           | Saved: '/tmp/clearvla_eval_opaque_39348.png'
10:45.818  render           | Saved: '/tmp/clearvla_eval_opaque_39348.png'
10:46.766  render           | Saved: '/tmp/clearvla_eval_opaque_39348.png'
10:47.356  render           | Saved: '/tmp/clearvla_eval_opaque_39348.png'
10:48.450  render           | Saved: '/tmp/clearvla_eval_opaque_39348.png'
10:48.978  render           | Saved: '/tmp/clearvla_eval_opaque_39348.png'
10:49.927  render           | Saved: '/tmp/clearvla_eval_opaque_39348.png'
10:50.565  render           | Saved: '/tmp/clearvla_eval_opaque_39348.png'
10:51.850  render           | Saved: '/tmp/clearvla_eval_opaque_39348.png'
10:52.502  render           | Saved: '/tmp/clearvla_eval_opaque_39348.png'
10:53.320  render           | Saved: '/tmp/clearvla_eval_opaque_39348.png'
10:53.757  render           | Saved: '/tmp/clearvla_eval_opaque_39348.png'
10:54.268  render           | Saved: '/tmp/clearvla_eval_opaque_39348.png'
10:54.736  render           | Saved: '/tmp/clearvla_eval_opaque_39348.png'
10:55.859  render           | Saved: '/tmp/clearvla_eval_opaque_39348.png'
10:56.592  render           | Saved: '/tmp/clearvla_eval_opaque_39348.png'
10:59.211  render           | Saved: '/tmp/clearvla_eval_opaque_39348.png'
10:59.792  render           | Saved: '/tmp/clearvla_eval_opaque_39348.png'
11:00.377  render           | Saved: '/tmp/clearvla_eval_opaque_39348.png'
11:00.850  render           | Saved: '/tmp/clearvla_eval_opaque_39348.png'
11:01.385  render           | Saved: '/tmp/clearvla_eval_opaque_39348.png'
11:01.885  render           | Saved: '/tmp/clearvla_eval_opaque_39348.png'
11:02.783  render           | Saved: '/tmp/clearvla_eval_opaque_39348.png'
11:03.364  render           | Saved: '/tmp/clearvla_eval_opaque_39348.png'
11:04.695  render           | Saved: '/tmp/clearvla_eval_opaque_39348.png'
11:05.383  render           | Saved: '/tmp/clearvla_eval_opaque_39348.png'
11:09.328  render           | Saved: '/tmp/clearvla_eval_opaque_39348.png'
11:10.091  render           | Saved: '/tmp/clearvla_eval_opaque_39348.png'
11:11.372  render           | Saved: '/tmp/clearvla_eval_opaque_39348.png'
11:11.958  render           | Saved: '/tmp/clearvla_eval_opaque_39348.png'
11:12.808  render           | Saved: '/tmp/clearvla_eval_opaque_39348.png'
11:13.857  render           | Saved: '/tmp/clearvla_eval_opaque_39348.png'
11:14.773  render           | Saved: '/tmp/clearvla_eval_opaque_39348.png'
11:15.674  render           | Saved: '/tmp/clearvla_eval_opaque_39348.png'
11:16.696  render           | Saved: '/tmp/clearvla_eval_opaque_39348.png'
11:17.440  render           | Saved: '/tmp/clearvla_eval_opaque_39348.png'
11:18.252  render           | Saved: '/tmp/clearvla_eval_opaque_39348.png'
11:19.346  render           | Saved: '/tmp/clearvla_eval_opaque_39348.png'
11:20.193  render           | Saved: '/tmp/clearvla_eval_opaque_39348.png'
11:21.265  render           | Saved: '/tmp/clearvla_eval_opaque_39348.png'
11:23.406  render           | Saved: '/tmp/clearvla_eval_opaque_39348.png'
11:23.985  render           | Saved: '/tmp/clearvla_eval_opaque_39348.png'
11:24.712  render           | Saved: '/tmp/clearvla_eval_opaque_39348.png'
11:25.191  render           | Saved: '/tmp/clearvla_eval_opaque_39348.png'
11:25.821  render           | Saved: '/tmp/clearvla_eval_opaque_39348.png'
11:26.944  render           | Saved: '/tmp/clearvla_eval_opaque_39348.png'
11:30.424  render           | Saved: '/tmp/clearvla_eval_opaque_39348.png'
11:31.023  render           | Saved: '/tmp/clearvla_eval_opaque_39348.png'
11:34.870  render           | Saved: '/tmp/clearvla_eval_opaque_39348.png'
11:35.571  render           | Saved: '/tmp/clearvla_eval_opaque_39348.png'
11:36.257  render           | Saved: '/tmp/clearvla_eval_opaque_39348.png'
11:36.647  render           | Saved: '/tmp/clearvla_eval_opaque_39348.png'
11:37.220  render           | Saved: '/tmp/clearvla_eval_opaque_39348.png'
11:37.603  render           | Saved: '/tmp/clearvla_eval_opaque_39348.png'
11:38.173  render           | Saved: '/tmp/clearvla_eval_opaque_39348.png'
11:38.894  render           | Saved: '/tmp/clearvla_eval_opaque_39348.png'
11:39.778  render           | Saved: '/tmp/clearvla_eval_opaque_39348.png'
11:40.363  render           | Saved: '/tmp/clearvla_eval_opaque_39348.png'
11:41.049  render           | Saved: '/tmp/clearvla_eval_opaque_39348.png'
11:42.285  render           | Saved: '/tmp/clearvla_eval_opaque_39348.png'
11:43.904  render           | Saved: '/tmp/clearvla_eval_opaque_39348.png'
11:44.491  render           | Saved: '/tmp/clearvla_eval_opaque_39348.png'
11:45.294  render           | Saved: '/tmp/clearvla_eval_opaque_39348.png'
11:46.036  render           | Saved: '/tmp/clearvla_eval_opaque_39348.png'
11:47.055  render           | Saved: '/tmp/clearvla_eval_opaque_39348.png'
11:47.837  render           | Saved: '/tmp/clearvla_eval_opaque_39348.png'
11:48.644  render           | Saved: '/tmp/clearvla_eval_opaque_39348.png'
11:49.088  render           | Saved: '/tmp/clearvla_eval_opaque_39348.png'
11:49.875  render           | Saved: '/tmp/clearvla_eval_opaque_39348.png'
11:50.344  render           | Saved: '/tmp/clearvla_eval_opaque_39348.png'
11:51.347  render           | Saved: '/tmp/clearvla_eval_opaque_39348.png'
11:51.904  render           | Saved: '/tmp/clearvla_eval_opaque_39348.png'
11:52.526  render           | Saved: '/tmp/clearvla_eval_opaque_39348.png'
11:53.179  render           | Saved: '/tmp/clearvla_eval_opaque_39348.png'
11:53.892  render           | Saved: '/tmp/clearvla_eval_opaque_39348.png'
11:54.635  render           | Saved: '/tmp/clearvla_eval_opaque_39348.png'
11:57.599  render           | Saved: '/tmp/clearvla_eval_opaque_39348.png'
11:58.515  render           | Saved: '/tmp/clearvla_eval_opaque_39348.png'
12:02.700  render           | Saved: '/tmp/clearvla_eval_opaque_39348.png'
12:03.707  render           | Saved: '/tmp/clearvla_eval_opaque_39348.png'
12:07.715  render           | Saved: '/tmp/clearvla_eval_opaque_39348.png'
12:08.422  render           | Saved: '/tmp/clearvla_eval_opaque_39348.png'
12:09.055  render           | Saved: '/tmp/clearvla_eval_opaque_39348.png'
12:09.481  render           | Saved: '/tmp/clearvla_eval_opaque_39348.png'
12:10.357  render           | Saved: '/tmp/clearvla_eval_opaque_39348.png'
12:10.908  render           | Saved: '/tmp/clearvla_eval_opaque_39348.png'
12:11.666  render           | Saved: '/tmp/clearvla_eval_opaque_39348.png'
12:12.178  render           | Saved: '/tmp/clearvla_eval_opaque_39348.png'
12:13.419  render           | Saved: '/tmp/clearvla_eval_opaque_39348.png'
12:14.122  render           | Saved: '/tmp/clearvla_eval_opaque_39348.png'
12:14.974  render           | Saved: '/tmp/clearvla_eval_opaque_39348.png'
12:15.425  render           | Saved: '/tmp/clearvla_eval_opaque_39348.png'
12:15.936  render           | Saved: '/tmp/clearvla_eval_opaque_39348.png'
12:16.347  render           | Saved: '/tmp/clearvla_eval_opaque_39348.png'
12:16.876  render           | Saved: '/tmp/clearvla_eval_opaque_39348.png'
12:17.277  render           | Saved: '/tmp/clearvla_eval_opaque_39348.png'
12:17.848  render           | Saved: '/tmp/clearvla_eval_opaque_39348.png'
12:18.991  render           | Saved: '/tmp/clearvla_eval_opaque_39348.png'
12:19.825  render           | Saved: '/tmp/clearvla_eval_opaque_39348.png'
12:20.586  render           | Saved: '/tmp/clearvla_eval_opaque_39348.png'
12:21.321  render           | Saved: '/tmp/clearvla_eval_opaque_39348.png'
12:22.475  render           | Saved: '/tmp/clearvla_eval_opaque_39348.png'
12:25.565  render           | Saved: '/tmp/clearvla_eval_opaque_39348.png'
12:26.237  render           | Saved: '/tmp/clearvla_eval_opaque_39348.png'
12:31.727  render           | Saved: '/tmp/clearvla_eval_opaque_39348.png'
12:32.386  render           | Saved: '/tmp/clearvla_eval_opaque_39348.png'
12:36.530  render           | Saved: '/tmp/clearvla_eval_opaque_39348.png'
12:37.184  render           | Saved: '/tmp/clearvla_eval_opaque_39348.png'
12:38.484  render           | Saved: '/tmp/clearvla_eval_opaque_39348.png'
12:39.047  render           | Saved: '/tmp/clearvla_eval_opaque_39348.png'
12:39.679  render           | Saved: '/tmp/clearvla_eval_opaque_39348.png'
12:40.626  render           | Saved: '/tmp/clearvla_eval_opaque_39348.png'
12:43.242  render           | Saved: '/tmp/clearvla_eval_opaque_39348.png'
12:43.771  render           | Saved: '/tmp/clearvla_eval_opaque_39348.png'
12:44.404  render           | Saved: '/tmp/clearvla_eval_opaque_39348.png'
12:45.053  render           | Saved: '/tmp/clearvla_eval_opaque_39348.png'
12:45.773  render           | Saved: '/tmp/clearvla_eval_opaque_39348.png'
12:46.554  render           | Saved: '/tmp/clearvla_eval_opaque_39348.png'
12:47.730  render           | Saved: '/tmp/clearvla_eval_opaque_39348.png'
12:48.347  render           | Saved: '/tmp/clearvla_eval_opaque_39348.png'
12:49.114  render           | Saved: '/tmp/clearvla_eval_opaque_39348.png'
12:49.820  render           | Saved: '/tmp/clearvla_eval_opaque_39348.png'
12:50.607  render           | Saved: '/tmp/clearvla_eval_opaque_39348.png'
12:51.422  render           | Saved: '/tmp/clearvla_eval_opaque_39348.png'
12:52.305  render           | Saved: '/tmp/clearvla_eval_opaque_39348.png'
12:52.983  render           | Saved: '/tmp/clearvla_eval_opaque_39348.png'
12:53.696  render           | Saved: '/tmp/clearvla_eval_opaque_39348.png'
12:54.715  render           | Saved: '/tmp/clearvla_eval_opaque_39348.png'
12:55.592  render           | Saved: '/tmp/clearvla_eval_opaque_39348.png'
12:56.467  render           | Saved: '/tmp/clearvla_eval_opaque_39348.png'
12:57.241  render           | Saved: '/tmp/clearvla_eval_opaque_39348.png'
12:58.249  render           | Saved: '/tmp/clearvla_eval_opaque_39348.png'
13:01.050  render           | Saved: '/tmp/clearvla_eval_opaque_39348.png'
13:01.596  render           | Saved: '/tmp/clearvla_eval_opaque_39348.png'
13:02.786  render           | Saved: '/tmp/clearvla_eval_opaque_39348.png'
13:03.426  render           | Saved: '/tmp/clearvla_eval_opaque_39348.png'
13:04.461  render           | Saved: '/tmp/clearvla_eval_opaque_39348.png'
13:05.177  render           | Saved: '/tmp/clearvla_eval_opaque_39348.png'
13:06.168  render           | Saved: '/tmp/clearvla_eval_opaque_39348.png'
13:06.974  render           | Saved: '/tmp/clearvla_eval_opaque_39348.png'
13:08.230  render           | Saved: '/tmp/clearvla_eval_opaque_39348.png'
13:09.023  render           | Saved: '/tmp/clearvla_eval_opaque_39348.png'
13:11.670  render           | Saved: '/tmp/clearvla_eval_opaque_39348.png'
13:12.840  render           | Saved: '/tmp/clearvla_eval_opaque_39348.png'
13:16.308  render           | Saved: '/tmp/clearvla_eval_opaque_39348.png'
13:16.975  render           | Saved: '/tmp/clearvla_eval_opaque_39348.png'
13:20.345  render           | Saved: '/tmp/clearvla_eval_opaque_39348.png'
13:20.897  render           | Saved: '/tmp/clearvla_eval_opaque_39348.png'
13:21.559  render           | Saved: '/tmp/clearvla_eval_opaque_39348.png'
13:22.000  render           | Saved: '/tmp/clearvla_eval_opaque_39348.png'
13:22.492  render           | Saved: '/tmp/clearvla_eval_opaque_39348.png'
13:23.467  render           | Saved: '/tmp/clearvla_eval_opaque_39348.png'
13:24.983  render           | Saved: '/tmp/clearvla_eval_opaque_39348.png'
13:25.469  render           | Saved: '/tmp/clearvla_eval_opaque_39348.png'
13:26.719  render           | Saved: '/tmp/clearvla_eval_opaque_39348.png'
13:27.329  render           | Saved: '/tmp/clearvla_eval_opaque_39348.png'
13:27.977  render           | Saved: '/tmp/clearvla_eval_opaque_39348.png'
13:28.474  render           | Saved: '/tmp/clearvla_eval_opaque_39348.png'
13:29.049  render           | Saved: '/tmp/clearvla_eval_opaque_39348.png'
13:29.807  render           | Saved: '/tmp/clearvla_eval_opaque_39348.png'
13:31.566  render           | Saved: '/tmp/clearvla_eval_opaque_39348.png'
13:32.116  render           | Saved: '/tmp/clearvla_eval_opaque_39348.png'
13:33.093  render           | Saved: '/tmp/clearvla_eval_opaque_39348.png'
13:33.757  render           | Saved: '/tmp/clearvla_eval_opaque_39348.png'
13:34.629  render           | Saved: '/tmp/clearvla_eval_opaque_39348.png'
13:35.187  render           | Saved: '/tmp/clearvla_eval_opaque_39348.png'
13:36.308  render           | Saved: '/tmp/clearvla_eval_opaque_39348.png'
13:36.890  render           | Saved: '/tmp/clearvla_eval_opaque_39348.png'
13:37.602  render           | Saved: '/tmp/clearvla_eval_opaque_39348.png'
13:38.070  render           | Saved: '/tmp/clearvla_eval_opaque_39348.png'
13:38.600  render           | Saved: '/tmp/clearvla_eval_opaque_39348.png'
13:39.214  render           | Saved: '/tmp/clearvla_eval_opaque_39348.png'
13:40.035  render           | Saved: '/tmp/clearvla_eval_opaque_39348.png'
13:40.589  render           | Saved: '/tmp/clearvla_eval_opaque_39348.png'
13:41.298  render           | Saved: '/tmp/clearvla_eval_opaque_39348.png'
13:42.483  render           | Saved: '/tmp/clearvla_eval_opaque_39348.png'
13:43.949  render           | Saved: '/tmp/clearvla_eval_opaque_39348.png'
13:44.637  render           | Saved: '/tmp/clearvla_eval_opaque_39348.png'
13:45.452  render           | Saved: '/tmp/clearvla_eval_opaque_39348.png'
13:46.609  render           | Saved: '/tmp/clearvla_eval_opaque_39348.png'
13:51.106  render           | Saved: '/tmp/clearvla_eval_opaque_39348.png'
13:51.926  render           | Saved: '/tmp/clearvla_eval_opaque_39348.png'
13:55.112  render           | Saved: '/tmp/clearvla_eval_opaque_39348.png'
13:55.824  render           | Saved: '/tmp/clearvla_eval_opaque_39348.png'
13:57.101  render           | Saved: '/tmp/clearvla_eval_opaque_39348.png'
13:57.814  render           | Saved: '/tmp/clearvla_eval_opaque_39348.png'
13:58.846  render           | Saved: '/tmp/clearvla_eval_opaque_39348.png'
13:59.292  render           | Saved: '/tmp/clearvla_eval_opaque_39348.png'
13:59.938  render           | Saved: '/tmp/clearvla_eval_opaque_39348.png'
14:00.421  render           | Saved: '/tmp/clearvla_eval_opaque_39348.png'
14:00.952  render           | Saved: '/tmp/clearvla_eval_opaque_39348.png'
14:01.711  render           | Saved: '/tmp/clearvla_eval_opaque_39348.png'
14:02.806  render           | Saved: '/tmp/clearvla_eval_opaque_39348.png'
14:03.374  render           | Saved: '/tmp/clearvla_eval_opaque_39348.png'
14:04.141  render           | Saved: '/tmp/clearvla_eval_opaque_39348.png'
14:04.979  render           | Saved: '/tmp/clearvla_eval_opaque_39348.png'
14:06.739  render           | Saved: '/tmp/clearvla_eval_opaque_39348.png'
14:07.271  render           | Saved: '/tmp/clearvla_eval_opaque_39348.png'
14:08.256  render           | Saved: '/tmp/clearvla_eval_opaque_39348.png'
14:08.835  render           | Saved: '/tmp/clearvla_eval_opaque_39348.png'
14:09.680  render           | Saved: '/tmp/clearvla_eval_opaque_39348.png'
14:10.187  render           | Saved: '/tmp/clearvla_eval_opaque_39348.png'
14:10.849  render           | Saved: '/tmp/clearvla_eval_opaque_39348.png'
14:11.645  render           | Saved: '/tmp/clearvla_eval_opaque_39348.png'
14:12.969  render           | Saved: '/tmp/clearvla_eval_opaque_39348.png'
14:13.528  render           | Saved: '/tmp/clearvla_eval_opaque_39348.png'
14:15.338  render           | Saved: '/tmp/clearvla_eval_opaque_39348.png'
14:15.985  render           | Saved: '/tmp/clearvla_eval_opaque_39348.png'
14:17.240  render           | Saved: '/tmp/clearvla_eval_opaque_39348.png'
14:17.747  render           | Saved: '/tmp/clearvla_eval_opaque_39348.png'
14:18.254  render           | Saved: '/tmp/clearvla_eval_opaque_39348.png'
14:18.736  render           | Saved: '/tmp/clearvla_eval_opaque_39348.png'
14:19.828  render           | Saved: '/tmp/clearvla_eval_opaque_39348.png'
14:20.387  render           | Saved: '/tmp/clearvla_eval_opaque_39348.png'
14:21.086  render           | Saved: '/tmp/clearvla_eval_opaque_39348.png'
14:22.009  render           | Saved: '/tmp/clearvla_eval_opaque_39348.png'
14:24.219  render           | Saved: '/tmp/clearvla_eval_opaque_39348.png'
14:24.899  render           | Saved: '/tmp/clearvla_eval_opaque_39348.png'
14:25.737  render           | Saved: '/tmp/clearvla_eval_opaque_39348.png'
14:26.254  render           | Saved: '/tmp/clearvla_eval_opaque_39348.png'
14:26.990  render           | Saved: '/tmp/clearvla_eval_opaque_39348.png'
14:27.756  render           | Saved: '/tmp/clearvla_eval_opaque_39348.png'
14:28.716  render           | Saved: '/tmp/clearvla_eval_opaque_39348.png'
14:29.295  render           | Saved: '/tmp/clearvla_eval_opaque_39348.png'
14:30.067  render           | Saved: '/tmp/clearvla_eval_opaque_39348.png'
14:31.011  render           | Saved: '/tmp/clearvla_eval_opaque_39348.png'
14:31.883  render           | Saved: '/tmp/clearvla_eval_opaque_39348.png'
14:32.781  render           | Saved: '/tmp/clearvla_eval_opaque_39348.png'
14:33.641  render           | Saved: '/tmp/clearvla_eval_opaque_39348.png'
14:34.099  render           | Saved: '/tmp/clearvla_eval_opaque_39348.png'
14:34.694  render           | Saved: '/tmp/clearvla_eval_opaque_39348.png'
14:35.878  render           | Saved: '/tmp/clearvla_eval_opaque_39348.png'
14:37.014  render           | Saved: '/tmp/clearvla_eval_opaque_39348.png'
14:37.487  render           | Saved: '/tmp/clearvla_eval_opaque_39348.png'
14:38.158  render           | Saved: '/tmp/clearvla_eval_opaque_39348.png'
14:38.542  render           | Saved: '/tmp/clearvla_eval_opaque_39348.png'
14:39.029  render           | Saved: '/tmp/clearvla_eval_opaque_39348.png'
14:39.435  render           | Saved: '/tmp/clearvla_eval_opaque_39348.png'
14:39.964  render           | Saved: '/tmp/clearvla_eval_opaque_39348.png'
14:40.833  render           | Saved: '/tmp/clearvla_eval_opaque_39348.png'
14:41.912  render           | Saved: '/tmp/clearvla_eval_opaque_39348.png'
14:42.540  render           | Saved: '/tmp/clearvla_eval_opaque_39348.png'
14:43.715  render           | Saved: '/tmp/clearvla_eval_opaque_39348.png'
14:44.415  render           | Saved: '/tmp/clearvla_eval_opaque_39348.png'
14:46.745  render           | Saved: '/tmp/clearvla_eval_opaque_39348.png'
14:47.435  render           | Saved: '/tmp/clearvla_eval_opaque_39348.png'
14:48.461  render           | Saved: '/tmp/clearvla_eval_opaque_39348.png'
14:49.033  render           | Saved: '/tmp/clearvla_eval_opaque_39348.png'
14:49.883  render           | Saved: '/tmp/clearvla_eval_opaque_39348.png'
14:50.590  render           | Saved: '/tmp/clearvla_eval_opaque_39348.png'
14:51.913  render           | Saved: '/tmp/clearvla_eval_opaque_39348.png'
14:52.533  render           | Saved: '/tmp/clearvla_eval_opaque_39348.png'
14:53.177  render           | Saved: '/tmp/clearvla_eval_opaque_39348.png'
14:53.639  render           | Saved: '/tmp/clearvla_eval_opaque_39348.png'
14:54.496  render           | Saved: '/tmp/clearvla_eval_opaque_39348.png'
14:54.978  render           | Saved: '/tmp/clearvla_eval_opaque_39348.png'
14:58.841  render           | Saved: '/tmp/clearvla_eval_opaque_39348.png'
14:59.346  render           | Saved: '/tmp/clearvla_eval_opaque_39348.png'
15:01.486  render           | Saved: '/tmp/clearvla_eval_opaque_39348.png'
15:02.330  render           | Saved: '/tmp/clearvla_eval_opaque_39348.png'
15:03.275  render           | Saved: '/tmp/clearvla_eval_opaque_39348.png'
15:03.992  render           | Saved: '/tmp/clearvla_eval_opaque_39348.png'
15:06.012  render           | Saved: '/tmp/clearvla_eval_opaque_39348.png'
15:07.014  render           | Saved: '/tmp/clearvla_eval_opaque_39348.png'
15:08.874  render           | Saved: '/tmp/clearvla_eval_opaque_39348.png'
15:09.830  render           | Saved: '/tmp/clearvla_eval_opaque_39348.png'
15:10.639  render           | Saved: '/tmp/clearvla_eval_opaque_39348.png'
15:11.288  render           | Saved: '/tmp/clearvla_eval_opaque_39348.png'
15:11.986  render           | Saved: '/tmp/clearvla_eval_opaque_39348.png'
15:13.177  render           | Saved: '/tmp/clearvla_eval_opaque_39348.png'
15:15.092  render           | Saved: '/tmp/clearvla_eval_opaque_39348.png'
15:15.913  render           | Saved: '/tmp/clearvla_eval_opaque_39348.png'
15:16.632  render           | Saved: '/tmp/clearvla_eval_opaque_39348.png'
15:17.056  render           | Saved: '/tmp/clearvla_eval_opaque_39348.png'
15:17.895  render           | Saved: '/tmp/clearvla_eval_opaque_39348.png'
15:18.432  render           | Saved: '/tmp/clearvla_eval_opaque_39348.png'
15:19.480  render           | Saved: '/tmp/clearvla_eval_opaque_39348.png'
15:19.881  render           | Saved: '/tmp/clearvla_eval_opaque_39348.png'
15:21.019  render           | Saved: '/tmp/clearvla_eval_opaque_39348.png'
15:21.610  render           | Saved: '/tmp/clearvla_eval_opaque_39348.png'
15:22.674  render           | Saved: '/tmp/clearvla_eval_opaque_39348.png'
15:23.254  render           | Saved: '/tmp/clearvla_eval_opaque_39348.png'
15:23.927  render           | Saved: '/tmp/clearvla_eval_opaque_39348.png'
15:24.805  render           | Saved: '/tmp/clearvla_eval_opaque_39348.png'
15:26.194  render           | Saved: '/tmp/clearvla_eval_opaque_39348.png'
15:26.797  render           | Saved: '/tmp/clearvla_eval_opaque_39348.png'
15:27.700  render           | Saved: '/tmp/clearvla_eval_opaque_39348.png'
15:28.298  render           | Saved: '/tmp/clearvla_eval_opaque_39348.png'
15:29.744  render           | Saved: '/tmp/clearvla_eval_opaque_39348.png'
15:30.389  render           | Saved: '/tmp/clearvla_eval_opaque_39348.png'
15:31.210  render           | Saved: '/tmp/clearvla_eval_opaque_39348.png'
15:31.823  render           | Saved: '/tmp/clearvla_eval_opaque_39348.png'
15:32.334  render           | Saved: '/tmp/clearvla_eval_opaque_39348.png'
15:32.794  render           | Saved: '/tmp/clearvla_eval_opaque_39348.png'
15:33.577  render           | Saved: '/tmp/clearvla_eval_opaque_39348.png'
15:34.123  render           | Saved: '/tmp/clearvla_eval_opaque_39348.png'
15:35.006  render           | Saved: '/tmp/clearvla_eval_opaque_39348.png'
15:35.863  render           | Saved: '/tmp/clearvla_eval_opaque_39348.png'
15:36.770  render           | Saved: '/tmp/clearvla_eval_opaque_39348.png'
15:37.330  render           | Saved: '/tmp/clearvla_eval_opaque_39348.png'
15:38.117  render           | Saved: '/tmp/clearvla_eval_opaque_39348.png'
15:38.744  render           | Saved: '/tmp/clearvla_eval_opaque_39348.png'
15:39.623  render           | Saved: '/tmp/clearvla_eval_opaque_39348.png'
15:40.165  render           | Saved: '/tmp/clearvla_eval_opaque_39348.png'
15:41.187  render           | Saved: '/tmp/clearvla_eval_opaque_39348.png'
15:41.764  render           | Saved: '/tmp/clearvla_eval_opaque_39348.png'
15:43.026  render           | Saved: '/tmp/clearvla_eval_opaque_39348.png'
15:43.685  render           | Saved: '/tmp/clearvla_eval_opaque_39348.png'
15:45.052  render           | Saved: '/tmp/clearvla_eval_opaque_39348.png'
15:45.520  render           | Saved: '/tmp/clearvla_eval_opaque_39348.png'
15:46.407  render           | Saved: '/tmp/clearvla_eval_opaque_39348.png'
15:47.082  render           | Saved: '/tmp/clearvla_eval_opaque_39348.png'
15:47.770  render           | Saved: '/tmp/clearvla_eval_opaque_39348.png'
15:48.318  render           | Saved: '/tmp/clearvla_eval_opaque_39348.png'
15:49.054  render           | Saved: '/tmp/clearvla_eval_opaque_39348.png'
15:49.734  render           | Saved: '/tmp/clearvla_eval_opaque_39348.png'
15:51.237  render           | Saved: '/tmp/clearvla_eval_opaque_39348.png'
15:51.936  render           | Saved: '/tmp/clearvla_eval_opaque_39348.png'
15:55.171  render           | Saved: '/tmp/clearvla_eval_opaque_39348.png'
15:55.784  render           | Saved: '/tmp/clearvla_eval_opaque_39348.png'
15:56.863  render           | Saved: '/tmp/clearvla_eval_opaque_39348.png'
15:57.322  render           | Saved: '/tmp/clearvla_eval_opaque_39348.png'
15:58.405  render           | Saved: '/tmp/clearvla_eval_opaque_39348.png'
15:59.093  render           | Saved: '/tmp/clearvla_eval_opaque_39348.png'
16:00.271  render           | Saved: '/tmp/clearvla_eval_opaque_39348.png'
16:00.726  render           | Saved: '/tmp/clearvla_eval_opaque_39348.png'
16:01.300  render           | Saved: '/tmp/clearvla_eval_opaque_39348.png'
16:01.966  render           | Saved: '/tmp/clearvla_eval_opaque_39348.png'
16:03.054  render           | Saved: '/tmp/clearvla_eval_opaque_39348.png'
16:03.606  render           | Saved: '/tmp/clearvla_eval_opaque_39348.png'
16:04.775  render           | Saved: '/tmp/clearvla_eval_opaque_39348.png'
16:05.444  render           | Saved: '/tmp/clearvla_eval_opaque_39348.png'
16:09.530  render           | Saved: '/tmp/clearvla_eval_opaque_39348.png'
16:10.251  render           | Saved: '/tmp/clearvla_eval_opaque_39348.png'
16:11.681  render           | Saved: '/tmp/clearvla_eval_opaque_39348.png'
16:12.427  render           | Saved: '/tmp/clearvla_eval_opaque_39348.png'
16:13.285  render           | Saved: '/tmp/clearvla_eval_opaque_39348.png'
16:13.680  render           | Saved: '/tmp/clearvla_eval_opaque_39348.png'
16:14.279  render           | Saved: '/tmp/clearvla_eval_opaque_39348.png'
16:15.144  render           | Saved: '/tmp/clearvla_eval_opaque_39348.png'
16:16.654  render           | Saved: '/tmp/clearvla_eval_opaque_39348.png'
16:17.151  render           | Saved: '/tmp/clearvla_eval_opaque_39348.png'
16:17.868  render           | Saved: '/tmp/clearvla_eval_opaque_39348.png'
16:18.710  render           | Saved: '/tmp/clearvla_eval_opaque_39348.png'
16:21.308  render           | Saved: '/tmp/clearvla_eval_opaque_39348.png'
16:21.808  render           | Saved: '/tmp/clearvla_eval_opaque_39348.png'
16:22.649  render           | Saved: '/tmp/clearvla_eval_opaque_39348.png'
16:23.406  render           | Saved: '/tmp/clearvla_eval_opaque_39348.png'
16:24.482  render           | Saved: '/tmp/clearvla_eval_opaque_39348.png'
16:25.062  render           | Saved: '/tmp/clearvla_eval_opaque_39348.png'
16:25.785  render           | Saved: '/tmp/clearvla_eval_opaque_39348.png'
16:26.443  render           | Saved: '/tmp/clearvla_eval_opaque_39348.png'
16:27.615  render           | Saved: '/tmp/clearvla_eval_opaque_39348.png'
16:28.200  render           | Saved: '/tmp/clearvla_eval_opaque_39348.png'
16:29.225  render           | Saved: '/tmp/clearvla_eval_opaque_39348.png'
16:29.754  render           | Saved: '/tmp/clearvla_eval_opaque_39348.png'
16:30.628  render           | Saved: '/tmp/clearvla_eval_opaque_39348.png'
16:31.289  render           | Saved: '/tmp/clearvla_eval_opaque_39348.png'
16:32.366  render           | Saved: '/tmp/clearvla_eval_opaque_39348.png'
16:32.946  render           | Saved: '/tmp/clearvla_eval_opaque_39348.png'
16:33.923  render           | Saved: '/tmp/clearvla_eval_opaque_39348.png'
16:35.020  render           | Saved: '/tmp/clearvla_eval_opaque_39348.png'
16:35.820  render           | Saved: '/tmp/clearvla_eval_opaque_39348.png'
16:36.971  render           | Saved: '/tmp/clearvla_eval_opaque_39348.png'
16:41.396  render           | Saved: '/tmp/clearvla_eval_opaque_39348.png'
16:42.025  render           | Saved: '/tmp/clearvla_eval_opaque_39348.png'
16:44.350  render           | Saved: '/tmp/clearvla_eval_opaque_39348.png'
16:45.293  render           | Saved: '/tmp/clearvla_eval_opaque_39348.png'
16:46.058  render           | Saved: '/tmp/clearvla_eval_opaque_39348.png'
16:46.754  render           | Saved: '/tmp/clearvla_eval_opaque_39348.png'
16:47.517  render           | Saved: '/tmp/clearvla_eval_opaque_39348.png'
16:48.168  render           | Saved: '/tmp/clearvla_eval_opaque_39348.png'
16:48.862  render           | Saved: '/tmp/clearvla_eval_opaque_39348.png'
16:49.920  render           | Saved: '/tmp/clearvla_eval_opaque_39348.png'
16:50.970  render           | Saved: '/tmp/clearvla_eval_opaque_39348.png'
16:51.451  render           | Saved: '/tmp/clearvla_eval_opaque_39348.png'
16:52.049  render           | Saved: '/tmp/clearvla_eval_opaque_39348.png'
16:53.131  render           | Saved: '/tmp/clearvla_eval_opaque_39348.png'
16:54.418  render           | Saved: '/tmp/clearvla_eval_opaque_39348.png'
16:54.857  render           | Saved: '/tmp/clearvla_eval_opaque_39348.png'
16:55.379  render           | Saved: '/tmp/clearvla_eval_opaque_39348.png'
16:56.667  render           | Saved: '/tmp/clearvla_eval_opaque_39348.png'
16:57.618  render           | Saved: '/tmp/clearvla_eval_opaque_39348.png'
16:58.068  render           | Saved: '/tmp/clearvla_eval_opaque_39348.png'
16:58.677  render           | Saved: '/tmp/clearvla_eval_opaque_39348.png'
16:59.155  render           | Saved: '/tmp/clearvla_eval_opaque_39348.png'
16:59.664  render           | Saved: '/tmp/clearvla_eval_opaque_39348.png'
17:00.134  render           | Saved: '/tmp/clearvla_eval_opaque_39348.png'
17:00.656  render           | Saved: '/tmp/clearvla_eval_opaque_39348.png'
17:01.162  render           | Saved: '/tmp/clearvla_eval_opaque_39348.png'
17:02.646  render           | Saved: '/tmp/clearvla_eval_opaque_39348.png'
17:03.261  render           | Saved: '/tmp/clearvla_eval_opaque_39348.png'
17:04.725  render           | Saved: '/tmp/clearvla_eval_opaque_39348.png'
17:05.788  render           | Saved: '/tmp/clearvla_eval_opaque_39348.png'
17:06.701  render           | Saved: '/tmp/clearvla_eval_opaque_39348.png'
17:07.215  render           | Saved: '/tmp/clearvla_eval_opaque_39348.png'
17:08.350  render           | Saved: '/tmp/clearvla_eval_opaque_39348.png'
17:08.940  render           | Saved: '/tmp/clearvla_eval_opaque_39348.png'
17:09.642  render           | Saved: '/tmp/clearvla_eval_opaque_39348.png'
17:11.120  render           | Saved: '/tmp/clearvla_eval_opaque_39348.png'
17:13.940  render           | Saved: '/tmp/clearvla_eval_opaque_39348.png'
17:14.863  render           | Saved: '/tmp/clearvla_eval_opaque_39348.png'
17:15.797  render           | Saved: '/tmp/clearvla_eval_opaque_39348.png'
17:17.116  render           | Saved: '/tmp/clearvla_eval_opaque_39348.png'
17:21.123  render           | Saved: '/tmp/clearvla_eval_opaque_39348.png'
17:21.762  render           | Saved: '/tmp/clearvla_eval_opaque_39348.png'
17:22.431  render           | Saved: '/tmp/clearvla_eval_opaque_39348.png'
17:23.123  render           | Saved: '/tmp/clearvla_eval_opaque_39348.png'
17:24.252  render           | Saved: '/tmp/clearvla_eval_opaque_39348.png'
17:25.207  render           | Saved: '/tmp/clearvla_eval_opaque_39348.png'
17:27.195  render           | Saved: '/tmp/clearvla_eval_opaque_39348.png'
17:27.923  render           | Saved: '/tmp/clearvla_eval_opaque_39348.png'
17:28.814  render           | Saved: '/tmp/clearvla_eval_opaque_39348.png'
17:29.279  render           | Saved: '/tmp/clearvla_eval_opaque_39348.png'
17:29.755  render           | Saved: '/tmp/clearvla_eval_opaque_39348.png'
17:30.176  render           | Saved: '/tmp/clearvla_eval_opaque_39348.png'
17:30.699  render           | Saved: '/tmp/clearvla_eval_opaque_39348.png'
17:31.981  render           | Saved: '/tmp/clearvla_eval_opaque_39348.png'
17:35.665  render           | Saved: '/tmp/clearvla_eval_opaque_39348.png'
17:36.274  render           | Saved: '/tmp/clearvla_eval_opaque_39348.png'
17:36.942  render           | Saved: '/tmp/clearvla_eval_opaque_39348.png'
17:37.328  render           | Saved: '/tmp/clearvla_eval_opaque_39348.png'
17:37.830  render           | Saved: '/tmp/clearvla_eval_opaque_39348.png'
17:38.233  render           | Saved: '/tmp/clearvla_eval_opaque_39348.png'
17:39.123  render           | Saved: '/tmp/clearvla_eval_opaque_39348.png'
17:39.744  render           | Saved: '/tmp/clearvla_eval_opaque_39348.png'
17:40.779  render           | Saved: '/tmp/clearvla_eval_opaque_39348.png'
17:42.101  render           | Saved: '/tmp/clearvla_eval_opaque_39348.png'
17:42.953  render           | Saved: '/tmp/clearvla_eval_opaque_39348.png'
17:43.469  render           | Saved: '/tmp/clearvla_eval_opaque_39348.png'
17:43.985  render           | Saved: '/tmp/clearvla_eval_opaque_39348.png'
17:44.390  render           | Saved: '/tmp/clearvla_eval_opaque_39348.png'
17:44.914  render           | Saved: '/tmp/clearvla_eval_opaque_39348.png'
17:45.581  render           | Saved: '/tmp/clearvla_eval_opaque_39348.png'
17:46.585  render           | Saved: '/tmp/clearvla_eval_opaque_39348.png'
17:47.496  render           | Saved: '/tmp/clearvla_eval_opaque_39348.png'
17:48.571  render           | Saved: '/tmp/clearvla_eval_opaque_39348.png'
17:49.238  render           | Saved: '/tmp/clearvla_eval_opaque_39348.png'
17:50.996  render           | Saved: '/tmp/clearvla_eval_opaque_39348.png'
17:51.847  render           | Saved: '/tmp/clearvla_eval_opaque_39348.png'
17:56.831  render           | Saved: '/tmp/clearvla_eval_opaque_39348.png'
17:57.781  render           | Saved: '/tmp/clearvla_eval_opaque_39348.png'
17:58.718  render           | Saved: '/tmp/clearvla_eval_opaque_39348.png'
17:59.373  render           | Saved: '/tmp/clearvla_eval_opaque_39348.png'
18:00.313  render           | Saved: '/tmp/clearvla_eval_opaque_39348.png'
18:01.378  render           | Saved: '/tmp/clearvla_eval_opaque_39348.png'
18:04.238  render           | Saved: '/tmp/clearvla_eval_opaque_39348.png'
18:05.225  render           | Saved: '/tmp/clearvla_eval_opaque_39348.png'
18:08.822  render           | Saved: '/tmp/clearvla_eval_opaque_39348.png'
18:09.421  render           | Saved: '/tmp/clearvla_eval_opaque_39348.png'
18:10.286  render           | Saved: '/tmp/clearvla_eval_opaque_39348.png'
18:11.036  render           | Saved: '/tmp/clearvla_eval_opaque_39348.png'
18:12.760  render           | Saved: '/tmp/clearvla_eval_opaque_39348.png'
18:13.331  render           | Saved: '/tmp/clearvla_eval_opaque_39348.png'
18:14.058  render           | Saved: '/tmp/clearvla_eval_opaque_39348.png'
18:14.577  render           | Saved: '/tmp/clearvla_eval_opaque_39348.png'
18:15.177  render           | Saved: '/tmp/clearvla_eval_opaque_39348.png'
18:15.627  render           | Saved: '/tmp/clearvla_eval_opaque_39348.png'
18:16.243  render           | Saved: '/tmp/clearvla_eval_opaque_39348.png'
18:17.120  render           | Saved: '/tmp/clearvla_eval_opaque_39348.png'
18:18.311  render           | Saved: '/tmp/clearvla_eval_opaque_39348.png'
18:18.815  render           | Saved: '/tmp/clearvla_eval_opaque_39348.png'
18:19.478  render           | Saved: '/tmp/clearvla_eval_opaque_39348.png'
18:20.968  render           | Saved: '/tmp/clearvla_eval_opaque_39348.png'
18:21.738  render           | Saved: '/tmp/clearvla_eval_opaque_39348.png'
18:22.192  render           | Saved: '/tmp/clearvla_eval_opaque_39348.png'
18:22.827  render           | Saved: '/tmp/clearvla_eval_opaque_39348.png'
18:23.583  render           | Saved: '/tmp/clearvla_eval_opaque_39348.png'
18:24.828  render           | Saved: '/tmp/clearvla_eval_opaque_39348.png'
18:25.838  render           | Saved: '/tmp/clearvla_eval_opaque_39348.png'
18:28.943  render           | Saved: '/tmp/clearvla_eval_opaque_39348.png'
18:29.664  render           | Saved: '/tmp/clearvla_eval_opaque_39348.png'
18:30.571  render           | Saved: '/tmp/clearvla_eval_opaque_39348.png'
18:31.570  render           | Saved: '/tmp/clearvla_eval_opaque_39348.png'
18:32.486  render           | Saved: '/tmp/clearvla_eval_opaque_39348.png'
18:33.641  render           | Saved: '/tmp/clearvla_eval_opaque_39348.png'
18:34.504  render           | Saved: '/tmp/clearvla_eval_opaque_39348.png'
18:35.331  render           | Saved: '/tmp/clearvla_eval_opaque_39348.png'
18:36.225  render           | Saved: '/tmp/clearvla_eval_opaque_39348.png'
18:37.486  render           | Saved: '/tmp/clearvla_eval_opaque_39348.png'
18:39.151  render           | Saved: '/tmp/clearvla_eval_opaque_39348.png'
18:39.866  render           | Saved: '/tmp/clearvla_eval_opaque_39348.png'
18:41.476  render           | Saved: '/tmp/clearvla_eval_opaque_39348.png'
18:42.622  render           | Saved: '/tmp/clearvla_eval_opaque_39348.png'
18:48.443  render           | Saved: '/tmp/clearvla_eval_opaque_39348.png'
18:49.267  render           | Saved: '/tmp/clearvla_eval_opaque_39348.png'
18:50.312  render           | Saved: '/tmp/clearvla_eval_opaque_39348.png'
18:50.760  render           | Saved: '/tmp/clearvla_eval_opaque_39348.png'
18:51.306  render           | Saved: '/tmp/clearvla_eval_opaque_39348.png'
18:51.734  render           | Saved: '/tmp/clearvla_eval_opaque_39348.png'
18:53.113  render           | Saved: '/tmp/clearvla_eval_opaque_39348.png'
18:53.777  render           | Saved: '/tmp/clearvla_eval_opaque_39348.png'
18:55.136  render           | Saved: '/tmp/clearvla_eval_opaque_39348.png'
18:55.580  render           | Saved: '/tmp/clearvla_eval_opaque_39348.png'
18:56.081  render           | Saved: '/tmp/clearvla_eval_opaque_39348.png'
18:56.684  render           | Saved: '/tmp/clearvla_eval_opaque_39348.png'
18:58.269  render           | Saved: '/tmp/clearvla_eval_opaque_39348.png'
18:58.872  render           | Saved: '/tmp/clearvla_eval_opaque_39348.png'
18:59.522  render           | Saved: '/tmp/clearvla_eval_opaque_39348.png'
18:59.941  render           | Saved: '/tmp/clearvla_eval_opaque_39348.png'
19:00.431  render           | Saved: '/tmp/clearvla_eval_opaque_39348.png'
19:00.872  render           | Saved: '/tmp/clearvla_eval_opaque_39348.png'
19:01.447  render           | Saved: '/tmp/clearvla_eval_opaque_39348.png'
19:02.322  render           | Saved: '/tmp/clearvla_eval_opaque_39348.png'
19:03.236  render           | Saved: '/tmp/clearvla_eval_opaque_39348.png'
19:03.679  render           | Saved: '/tmp/clearvla_eval_opaque_39348.png'
19:04.615  render           | Saved: '/tmp/clearvla_eval_opaque_39348.png'
19:05.206  render           | Saved: '/tmp/clearvla_eval_opaque_39348.png'
19:05.964  render           | Saved: '/tmp/clearvla_eval_opaque_39348.png'
19:06.616  render           | Saved: '/tmp/clearvla_eval_opaque_39348.png'
19:08.071  render           | Saved: '/tmp/clearvla_eval_opaque_39348.png'
19:08.571  render           | Saved: '/tmp/clearvla_eval_opaque_39348.png'
19:09.254  render           | Saved: '/tmp/clearvla_eval_opaque_39348.png'
19:09.700  render           | Saved: '/tmp/clearvla_eval_opaque_39348.png'
19:10.193  render           | Saved: '/tmp/clearvla_eval_opaque_39348.png'
19:10.649  render           | Saved: '/tmp/clearvla_eval_opaque_39348.png'
19:12.908  render           | Saved: '/tmp/clearvla_eval_opaque_39348.png'
19:13.710  render           | Saved: '/tmp/clearvla_eval_opaque_39348.png'
19:15.099  render           | Saved: '/tmp/clearvla_eval_opaque_39348.png'
19:15.838  render           | Saved: '/tmp/clearvla_eval_opaque_39348.png'
19:18.556  render           | Saved: '/tmp/clearvla_eval_opaque_39348.png'
19:19.771  render           | Saved: '/tmp/clearvla_eval_opaque_39348.png'
19:21.771  render           | Saved: '/tmp/clearvla_eval_opaque_39348.png'
19:22.295  render           | Saved: '/tmp/clearvla_eval_opaque_39348.png'
19:23.111  render           | Saved: '/tmp/clearvla_eval_opaque_39348.png'
19:23.554  render           | Saved: '/tmp/clearvla_eval_opaque_39348.png'
19:24.074  render           | Saved: '/tmp/clearvla_eval_opaque_39348.png'
19:25.428  render           | Saved: '/tmp/clearvla_eval_opaque_39348.png'
19:28.530  render           | Saved: '/tmp/clearvla_eval_opaque_39348.png'
19:29.087  render           | Saved: '/tmp/clearvla_eval_opaque_39348.png'
19:30.321  render           | Saved: '/tmp/clearvla_eval_opaque_39348.png'
19:30.829  render           | Saved: '/tmp/clearvla_eval_opaque_39348.png'
19:33.531  render           | Saved: '/tmp/clearvla_eval_opaque_39348.png'
19:34.100  render           | Saved: '/tmp/clearvla_eval_opaque_39348.png'
19:34.796  render           | Saved: '/tmp/clearvla_eval_opaque_39348.png'
19:35.258  render           | Saved: '/tmp/clearvla_eval_opaque_39348.png'
19:35.751  render           | Saved: '/tmp/clearvla_eval_opaque_39348.png'
19:36.197  render           | Saved: '/tmp/clearvla_eval_opaque_39348.png'
19:36.713  render           | Saved: '/tmp/clearvla_eval_opaque_39348.png'
19:37.636  render           | Saved: '/tmp/clearvla_eval_opaque_39348.png'
19:41.364  render           | Saved: '/tmp/clearvla_eval_opaque_39348.png'
19:41.857  render           | Saved: '/tmp/clearvla_eval_opaque_39348.png'
19:42.619  render           | Saved: '/tmp/clearvla_eval_opaque_39348.png'
19:43.237  render           | Saved: '/tmp/clearvla_eval_opaque_39348.png'
19:44.042  render           | Saved: '/tmp/clearvla_eval_opaque_39348.png'
19:45.011  render           | Saved: '/tmp/clearvla_eval_opaque_39348.png'
19:45.905  render           | Saved: '/tmp/clearvla_eval_opaque_39348.png'
19:46.502  render           | Saved: '/tmp/clearvla_eval_opaque_39348.png'
19:48.005  render           | Saved: '/tmp/clearvla_eval_opaque_39348.png'
19:48.855  render           | Saved: '/tmp/clearvla_eval_opaque_39348.png'
19:53.076  render           | Saved: '/tmp/clearvla_eval_opaque_39348.png'
19:53.792  render           | Saved: '/tmp/clearvla_eval_opaque_39348.png'
19:57.330  render           | Saved: '/tmp/clearvla_eval_opaque_39348.png'
19:58.416  render           | Saved: '/tmp/clearvla_eval_opaque_39348.png'
19:59.860  render           | Saved: '/tmp/clearvla_eval_opaque_39348.png'
20:00.480  render           | Saved: '/tmp/clearvla_eval_opaque_39348.png'
20:02.173  render           | Saved: '/tmp/clearvla_eval_opaque_39348.png'
20:02.708  render           | Saved: '/tmp/clearvla_eval_opaque_39348.png'
20:03.337  render           | Saved: '/tmp/clearvla_eval_opaque_39348.png'
20:03.753  render           | Saved: '/tmp/clearvla_eval_opaque_39348.png'
20:04.255  render           | Saved: '/tmp/clearvla_eval_opaque_39348.png'
20:04.696  render           | Saved: '/tmp/clearvla_eval_opaque_39348.png'
20:05.234  render           | Saved: '/tmp/clearvla_eval_opaque_39348.png'
20:05.651  render           | Saved: '/tmp/clearvla_eval_opaque_39348.png'
20:06.198  render           | Saved: '/tmp/clearvla_eval_opaque_39348.png'
20:07.468  render           | Saved: '/tmp/clearvla_eval_opaque_39348.png'
20:08.237  render           | Saved: '/tmp/clearvla_eval_opaque_39348.png'
20:08.641  render           | Saved: '/tmp/clearvla_eval_opaque_39348.png'
20:09.137  render           | Saved: '/tmp/clearvla_eval_opaque_39348.png'
20:09.557  render           | Saved: '/tmp/clearvla_eval_opaque_39348.png'
20:10.092  render           | Saved: '/tmp/clearvla_eval_opaque_39348.png'
20:11.421  render           | Saved: '/tmp/clearvla_eval_opaque_39348.png'
20:14.456  render           | Saved: '/tmp/clearvla_eval_opaque_39348.png'
20:15.224  render           | Saved: '/tmp/clearvla_eval_opaque_39348.png'
20:16.550  render           | Saved: '/tmp/clearvla_eval_opaque_39348.png'
20:17.347  render           | Saved: '/tmp/clearvla_eval_opaque_39348.png'
20:21.422  render           | Saved: '/tmp/clearvla_eval_opaque_39348.png'
20:22.413  render           | Saved: '/tmp/clearvla_eval_opaque_39348.png'
20:24.680  render           | Saved: '/tmp/clearvla_eval_opaque_39348.png'
20:25.358  render           | Saved: '/tmp/clearvla_eval_opaque_39348.png'
20:26.176  render           | Saved: '/tmp/clearvla_eval_opaque_39348.png'
20:27.141  render           | Saved: '/tmp/clearvla_eval_opaque_39348.png'
20:27.972  render           | Saved: '/tmp/clearvla_eval_opaque_39348.png'
20:28.774  render           | Saved: '/tmp/clearvla_eval_opaque_39348.png'
20:29.753  render           | Saved: '/tmp/clearvla_eval_opaque_39348.png'
20:30.402  render           | Saved: '/tmp/clearvla_eval_opaque_39348.png'
20:31.923  render           | Saved: '/tmp/clearvla_eval_opaque_39348.png'
20:32.952  render           | Saved: '/tmp/clearvla_eval_opaque_39348.png'
20:35.700  render           | Saved: '/tmp/clearvla_eval_opaque_39348.png'
20:36.130  render           | Saved: '/tmp/clearvla_eval_opaque_39348.png'
20:36.656  render           | Saved: '/tmp/clearvla_eval_opaque_39348.png'
20:37.800  render           | Saved: '/tmp/clearvla_eval_opaque_39348.png'
[full/opaque] grasp: 7/20  (20.5 min, 87.7 s/ep)
20:42.534  render           | Saved: '/tmp/clearvla_eval_opaque_39348.png'
20:43.164  render           | Saved: '/tmp/clearvla_eval_opaque_39348.png'
20:44.512  render           | Saved: '/tmp/clearvla_eval_opaque_39348.png'
20:45.186  render           | Saved: '/tmp/clearvla_eval_opaque_39348.png'
20:45.856  render           | Saved: '/tmp/clearvla_eval_opaque_39348.png'
20:46.760  render           | Saved: '/tmp/clearvla_eval_opaque_39348.png'
20:47.882  render           | Saved: '/tmp/clearvla_eval_opaque_39348.png'
20:48.360  render           | Saved: '/tmp/clearvla_eval_opaque_39348.png'
20:49.011  render           | Saved: '/tmp/clearvla_eval_opaque_39348.png'
20:49.447  render           | Saved: '/tmp/clearvla_eval_opaque_39348.png'
20:50.292  render           | Saved: '/tmp/clearvla_eval_opaque_39348.png'
20:50.900  render           | Saved: '/tmp/clearvla_eval_opaque_39348.png'
20:51.880  render           | Saved: '/tmp/clearvla_eval_opaque_39348.png'
20:52.444  render           | Saved: '/tmp/clearvla_eval_opaque_39348.png'
20:53.229  render           | Saved: '/tmp/clearvla_eval_opaque_39348.png'
20:53.912  render           | Saved: '/tmp/clearvla_eval_opaque_39348.png'
20:54.708  render           | Saved: '/tmp/clearvla_eval_opaque_39348.png'
20:55.336  render           | Saved: '/tmp/clearvla_eval_opaque_39348.png'
20:56.375  render           | Saved: '/tmp/clearvla_eval_opaque_39348.png'
20:56.868  render           | Saved: '/tmp/clearvla_eval_opaque_39348.png'
20:57.868  render           | Saved: '/tmp/clearvla_eval_opaque_39348.png'
20:58.451  render           | Saved: '/tmp/clearvla_eval_opaque_39348.png'
20:59.561  render           | Saved: '/tmp/clearvla_eval_opaque_39348.png'
21:00.144  render           | Saved: '/tmp/clearvla_eval_opaque_39348.png'
21:01.147  render           | Saved: '/tmp/clearvla_eval_opaque_39348.png'
21:01.716  render           | Saved: '/tmp/clearvla_eval_opaque_39348.png'
21:02.405  render           | Saved: '/tmp/clearvla_eval_opaque_39348.png'
21:03.353  render           | Saved: '/tmp/clearvla_eval_opaque_39348.png'
21:04.600  render           | Saved: '/tmp/clearvla_eval_opaque_39348.png'
21:05.347  render           | Saved: '/tmp/clearvla_eval_opaque_39348.png'
21:07.570  render           | Saved: '/tmp/clearvla_eval_opaque_39348.png'
21:08.201  render           | Saved: '/tmp/clearvla_eval_opaque_39348.png'
21:09.145  render           | Saved: '/tmp/clearvla_eval_opaque_39348.png'
21:10.133  render           | Saved: '/tmp/clearvla_eval_opaque_39348.png'
21:10.639  render           | Saved: '/tmp/clearvla_eval_opaque_39348.png'
21:11.026  render           | Saved: '/tmp/clearvla_eval_opaque_39348.png'
21:12.254  render           | Saved: '/tmp/clearvla_eval_opaque_39348.png'
21:12.919  render           | Saved: '/tmp/clearvla_eval_opaque_39348.png'
21:15.723  render           | Saved: '/tmp/clearvla_eval_opaque_39348.png'
21:16.285  render           | Saved: '/tmp/clearvla_eval_opaque_39348.png'
21:17.111  render           | Saved: '/tmp/clearvla_eval_opaque_39348.png'
21:17.546  render           | Saved: '/tmp/clearvla_eval_opaque_39348.png'
21:18.065  render           | Saved: '/tmp/clearvla_eval_opaque_39348.png'
21:18.535  render           | Saved: '/tmp/clearvla_eval_opaque_39348.png'
21:19.558  render           | Saved: '/tmp/clearvla_eval_opaque_39348.png'
21:20.142  render           | Saved: '/tmp/clearvla_eval_opaque_39348.png'
21:23.973  render           | Saved: '/tmp/clearvla_eval_opaque_39348.png'
21:24.649  render           | Saved: '/tmp/clearvla_eval_opaque_39348.png'
21:25.344  render           | Saved: '/tmp/clearvla_eval_opaque_39348.png'
21:25.763  render           | Saved: '/tmp/clearvla_eval_opaque_39348.png'
21:26.301  render           | Saved: '/tmp/clearvla_eval_opaque_39348.png'
21:26.718  render           | Saved: '/tmp/clearvla_eval_opaque_39348.png'
21:27.556  render           | Saved: '/tmp/clearvla_eval_opaque_39348.png'
21:28.018  render           | Saved: '/tmp/clearvla_eval_opaque_39348.png'
21:28.914  render           | Saved: '/tmp/clearvla_eval_opaque_39348.png'
21:29.646  render           | Saved: '/tmp/clearvla_eval_opaque_39348.png'
21:30.963  render           | Saved: '/tmp/clearvla_eval_opaque_39348.png'
21:31.526  render           | Saved: '/tmp/clearvla_eval_opaque_39348.png'
21:32.774  render           | Saved: '/tmp/clearvla_eval_opaque_39348.png'
21:33.372  render           | Saved: '/tmp/clearvla_eval_opaque_39348.png'
21:33.931  render           | Saved: '/tmp/clearvla_eval_opaque_39348.png'
21:34.898  render           | Saved: '/tmp/clearvla_eval_opaque_39348.png'
21:38.227  render           | Saved: '/tmp/clearvla_eval_opaque_39348.png'
21:38.765  render           | Saved: '/tmp/clearvla_eval_opaque_39348.png'
21:39.424  render           | Saved: '/tmp/clearvla_eval_opaque_39348.png'
21:40.539  render           | Saved: '/tmp/clearvla_eval_opaque_39348.png'
21:42.546  render           | Saved: '/tmp/clearvla_eval_opaque_39348.png'
21:43.136  render           | Saved: '/tmp/clearvla_eval_opaque_39348.png'
21:44.084  render           | Saved: '/tmp/clearvla_eval_opaque_39348.png'
21:44.584  render           | Saved: '/tmp/clearvla_eval_opaque_39348.png'
21:45.385  render           | Saved: '/tmp/clearvla_eval_opaque_39348.png'
21:46.228  render           | Saved: '/tmp/clearvla_eval_opaque_39348.png'
21:47.285  render           | Saved: '/tmp/clearvla_eval_opaque_39348.png'
21:47.847  render           | Saved: '/tmp/clearvla_eval_opaque_39348.png'
21:48.872  render           | Saved: '/tmp/clearvla_eval_opaque_39348.png'
21:49.446  render           | Saved: '/tmp/clearvla_eval_opaque_39348.png'
21:51.733  render           | Saved: '/tmp/clearvla_eval_opaque_39348.png'
21:52.249  render           | Saved: '/tmp/clearvla_eval_opaque_39348.png'
21:53.270  render           | Saved: '/tmp/clearvla_eval_opaque_39348.png'
21:53.832  render           | Saved: '/tmp/clearvla_eval_opaque_39348.png'
21:54.807  render           | Saved: '/tmp/clearvla_eval_opaque_39348.png'
21:56.048  render           | Saved: '/tmp/clearvla_eval_opaque_39348.png'
21:57.467  render           | Saved: '/tmp/clearvla_eval_opaque_39348.png'
21:58.196  render           | Saved: '/tmp/clearvla_eval_opaque_39348.png'
22:00.879  render           | Saved: '/tmp/clearvla_eval_opaque_39348.png'
22:01.603  render           | Saved: '/tmp/clearvla_eval_opaque_39348.png'
22:02.819  render           | Saved: '/tmp/clearvla_eval_opaque_39348.png'
22:03.401  render           | Saved: '/tmp/clearvla_eval_opaque_39348.png'
22:04.226  render           | Saved: '/tmp/clearvla_eval_opaque_39348.png'
22:05.661  render           | Saved: '/tmp/clearvla_eval_opaque_39348.png'
22:06.767  render           | Saved: '/tmp/clearvla_eval_opaque_39348.png'
22:07.326  render           | Saved: '/tmp/clearvla_eval_opaque_39348.png'
22:08.053  render           | Saved: '/tmp/clearvla_eval_opaque_39348.png'
22:08.971  render           | Saved: '/tmp/clearvla_eval_opaque_39348.png'
22:10.039  render           | Saved: '/tmp/clearvla_eval_opaque_39348.png'
22:10.652  render           | Saved: '/tmp/clearvla_eval_opaque_39348.png'
22:11.579  render           | Saved: '/tmp/clearvla_eval_opaque_39348.png'
22:12.216  render           | Saved: '/tmp/clearvla_eval_opaque_39348.png'
22:13.297  render           | Saved: '/tmp/clearvla_eval_opaque_39348.png'
22:14.405  render           | Saved: '/tmp/clearvla_eval_opaque_39348.png'
22:15.757  render           | Saved: '/tmp/clearvla_eval_opaque_39348.png'
22:16.768  render           | Saved: '/tmp/clearvla_eval_opaque_39348.png'
22:17.491  render           | Saved: '/tmp/clearvla_eval_opaque_39348.png'
22:17.890  render           | Saved: '/tmp/clearvla_eval_opaque_39348.png'
22:19.099  render           | Saved: '/tmp/clearvla_eval_opaque_39348.png'
22:19.871  render           | Saved: '/tmp/clearvla_eval_opaque_39348.png'
22:21.520  render           | Saved: '/tmp/clearvla_eval_opaque_39348.png'
22:21.947  render           | Saved: '/tmp/clearvla_eval_opaque_39348.png'
22:22.421  render           | Saved: '/tmp/clearvla_eval_opaque_39348.png'
22:22.887  render           | Saved: '/tmp/clearvla_eval_opaque_39348.png'
22:23.409  render           | Saved: '/tmp/clearvla_eval_opaque_39348.png'
22:23.987  render           | Saved: '/tmp/clearvla_eval_opaque_39348.png'
22:25.166  render           | Saved: '/tmp/clearvla_eval_opaque_39348.png'
22:25.675  render           | Saved: '/tmp/clearvla_eval_opaque_39348.png'
22:27.017  render           | Saved: '/tmp/clearvla_eval_opaque_39348.png'
22:27.696  render           | Saved: '/tmp/clearvla_eval_opaque_39348.png'
22:28.396  render           | Saved: '/tmp/clearvla_eval_opaque_39348.png'
22:28.788  render           | Saved: '/tmp/clearvla_eval_opaque_39348.png'
22:29.288  render           | Saved: '/tmp/clearvla_eval_opaque_39348.png'
22:29.692  render           | Saved: '/tmp/clearvla_eval_opaque_39348.png'
22:30.215  render           | Saved: '/tmp/clearvla_eval_opaque_39348.png'
22:30.914  render           | Saved: '/tmp/clearvla_eval_opaque_39348.png'
22:32.182  render           | Saved: '/tmp/clearvla_eval_opaque_39348.png'
22:32.682  render           | Saved: '/tmp/clearvla_eval_opaque_39348.png'
22:33.417  render           | Saved: '/tmp/clearvla_eval_opaque_39348.png'
22:33.943  render           | Saved: '/tmp/clearvla_eval_opaque_39348.png'
22:34.592  render           | Saved: '/tmp/clearvla_eval_opaque_39348.png'
22:35.653  render           | Saved: '/tmp/clearvla_eval_opaque_39348.png'
22:38.598  render           | Saved: '/tmp/clearvla_eval_opaque_39348.png'
22:39.148  render           | Saved: '/tmp/clearvla_eval_opaque_39348.png'
22:39.742  render           | Saved: '/tmp/clearvla_eval_opaque_39348.png'
22:40.207  render           | Saved: '/tmp/clearvla_eval_opaque_39348.png'
22:41.847  render           | Saved: '/tmp/clearvla_eval_opaque_39348.png'
22:42.322  render           | Saved: '/tmp/clearvla_eval_opaque_39348.png'
22:43.224  render           | Saved: '/tmp/clearvla_eval_opaque_39348.png'
22:43.648  render           | Saved: '/tmp/clearvla_eval_opaque_39348.png'
22:44.137  render           | Saved: '/tmp/clearvla_eval_opaque_39348.png'
22:44.597  render           | Saved: '/tmp/clearvla_eval_opaque_39348.png'
22:45.326  render           | Saved: '/tmp/clearvla_eval_opaque_39348.png'
22:45.909  render           | Saved: '/tmp/clearvla_eval_opaque_39348.png'
22:46.718  render           | Saved: '/tmp/clearvla_eval_opaque_39348.png'
22:47.308  render           | Saved: '/tmp/clearvla_eval_opaque_39348.png'
22:48.178  render           | Saved: '/tmp/clearvla_eval_opaque_39348.png'
22:48.762  render           | Saved: '/tmp/clearvla_eval_opaque_39348.png'
22:49.476  render           | Saved: '/tmp/clearvla_eval_opaque_39348.png'
22:50.514  render           | Saved: '/tmp/clearvla_eval_opaque_39348.png'
22:52.261  render           | Saved: '/tmp/clearvla_eval_opaque_39348.png'
22:52.756  render           | Saved: '/tmp/clearvla_eval_opaque_39348.png'
22:53.464  render           | Saved: '/tmp/clearvla_eval_opaque_39348.png'
22:53.872  render           | Saved: '/tmp/clearvla_eval_opaque_39348.png'
22:54.408  render           | Saved: '/tmp/clearvla_eval_opaque_39348.png'
22:54.835  render           | Saved: '/tmp/clearvla_eval_opaque_39348.png'
22:57.754  render           | Saved: '/tmp/clearvla_eval_opaque_39348.png'
22:58.636  render           | Saved: '/tmp/clearvla_eval_opaque_39348.png'
23:03.699  render           | Saved: '/tmp/clearvla_eval_opaque_39348.png'
23:04.711  render           | Saved: '/tmp/clearvla_eval_opaque_39348.png'
23:06.817  render           | Saved: '/tmp/clearvla_eval_opaque_39348.png'
23:07.324  render           | Saved: '/tmp/clearvla_eval_opaque_39348.png'
23:07.938  render           | Saved: '/tmp/clearvla_eval_opaque_39348.png'
23:09.034  render           | Saved: '/tmp/clearvla_eval_opaque_39348.png'
23:10.243  render           | Saved: '/tmp/clearvla_eval_opaque_39348.png'
23:10.693  render           | Saved: '/tmp/clearvla_eval_opaque_39348.png'
23:11.209  render           | Saved: '/tmp/clearvla_eval_opaque_39348.png'
23:12.393  render           | Saved: '/tmp/clearvla_eval_opaque_39348.png'
23:13.448  render           | Saved: '/tmp/clearvla_eval_opaque_39348.png'
23:13.917  render           | Saved: '/tmp/clearvla_eval_opaque_39348.png'
23:14.562  render           | Saved: '/tmp/clearvla_eval_opaque_39348.png'
23:15.007  render           | Saved: '/tmp/clearvla_eval_opaque_39348.png'
23:15.535  render           | Saved: '/tmp/clearvla_eval_opaque_39348.png'
23:15.976  render           | Saved: '/tmp/clearvla_eval_opaque_39348.png'
23:16.472  render           | Saved: '/tmp/clearvla_eval_opaque_39348.png'
23:17.738  render           | Saved: '/tmp/clearvla_eval_opaque_39348.png'
23:20.875  render           | Saved: '/tmp/clearvla_eval_opaque_39348.png'
23:21.713  render           | Saved: '/tmp/clearvla_eval_opaque_39348.png'
23:25.342  render           | Saved: '/tmp/clearvla_eval_opaque_39348.png'
23:26.080  render           | Saved: '/tmp/clearvla_eval_opaque_39348.png'
23:26.744  render           | Saved: '/tmp/clearvla_eval_opaque_39348.png'
23:27.207  render           | Saved: '/tmp/clearvla_eval_opaque_39348.png'
23:27.713  render           | Saved: '/tmp/clearvla_eval_opaque_39348.png'
23:28.880  render           | Saved: '/tmp/clearvla_eval_opaque_39348.png'
23:30.837  render           | Saved: '/tmp/clearvla_eval_opaque_39348.png'
23:31.590  render           | Saved: '/tmp/clearvla_eval_opaque_39348.png'
23:32.256  render           | Saved: '/tmp/clearvla_eval_opaque_39348.png'
23:32.870  render           | Saved: '/tmp/clearvla_eval_opaque_39348.png'
23:33.614  render           | Saved: '/tmp/clearvla_eval_opaque_39348.png'
23:34.200  render           | Saved: '/tmp/clearvla_eval_opaque_39348.png'
23:34.826  render           | Saved: '/tmp/clearvla_eval_opaque_39348.png'
23:35.743  render           | Saved: '/tmp/clearvla_eval_opaque_39348.png'
23:36.536  render           | Saved: '/tmp/clearvla_eval_opaque_39348.png'
23:37.221  render           | Saved: '/tmp/clearvla_eval_opaque_39348.png'
23:37.887  render           | Saved: '/tmp/clearvla_eval_opaque_39348.png'
23:38.769  render           | Saved: '/tmp/clearvla_eval_opaque_39348.png'
23:39.739  render           | Saved: '/tmp/clearvla_eval_opaque_39348.png'
23:40.256  render           | Saved: '/tmp/clearvla_eval_opaque_39348.png'
23:41.061  render           | Saved: '/tmp/clearvla_eval_opaque_39348.png'
23:41.688  render           | Saved: '/tmp/clearvla_eval_opaque_39348.png'
23:42.586  render           | Saved: '/tmp/clearvla_eval_opaque_39348.png'
23:43.056  render           | Saved: '/tmp/clearvla_eval_opaque_39348.png'
23:43.755  render           | Saved: '/tmp/clearvla_eval_opaque_39348.png'
23:45.050  render           | Saved: '/tmp/clearvla_eval_opaque_39348.png'
23:47.151  render           | Saved: '/tmp/clearvla_eval_opaque_39348.png'
23:47.789  render           | Saved: '/tmp/clearvla_eval_opaque_39348.png'
23:48.859  render           | Saved: '/tmp/clearvla_eval_opaque_39348.png'
23:49.399  render           | Saved: '/tmp/clearvla_eval_opaque_39348.png'
23:50.170  render           | Saved: '/tmp/clearvla_eval_opaque_39348.png'
23:50.876  render           | Saved: '/tmp/clearvla_eval_opaque_39348.png'
23:51.930  render           | Saved: '/tmp/clearvla_eval_opaque_39348.png'
23:52.442  render           | Saved: '/tmp/clearvla_eval_opaque_39348.png'
23:53.581  render           | Saved: '/tmp/clearvla_eval_opaque_39348.png'
23:54.137  render           | Saved: '/tmp/clearvla_eval_opaque_39348.png'
23:55.186  render           | Saved: '/tmp/clearvla_eval_opaque_39348.png'
23:55.683  render           | Saved: '/tmp/clearvla_eval_opaque_39348.png'
23:57.676  render           | Saved: '/tmp/clearvla_eval_opaque_39348.png'
23:58.643  render           | Saved: '/tmp/clearvla_eval_opaque_39348.png'
24:01.111  render           | Saved: '/tmp/clearvla_eval_opaque_39348.png'
24:01.547  render           | Saved: '/tmp/clearvla_eval_opaque_39348.png'
24:02.204  render           | Saved: '/tmp/clearvla_eval_opaque_39348.png'
24:03.042  render           | Saved: '/tmp/clearvla_eval_opaque_39348.png'
24:04.112  render           | Saved: '/tmp/clearvla_eval_opaque_39348.png'
24:04.569  render           | Saved: '/tmp/clearvla_eval_opaque_39348.png'
24:05.154  render           | Saved: '/tmp/clearvla_eval_opaque_39348.png'
24:05.554  render           | Saved: '/tmp/clearvla_eval_opaque_39348.png'
24:06.250  render           | Saved: '/tmp/clearvla_eval_opaque_39348.png'
24:06.813  render           | Saved: '/tmp/clearvla_eval_opaque_39348.png'
24:07.566  render           | Saved: '/tmp/clearvla_eval_opaque_39348.png'
24:08.068  render           | Saved: '/tmp/clearvla_eval_opaque_39348.png'
24:08.764  render           | Saved: '/tmp/clearvla_eval_opaque_39348.png'
24:09.683  render           | Saved: '/tmp/clearvla_eval_opaque_39348.png'
24:12.512  render           | Saved: '/tmp/clearvla_eval_opaque_39348.png'
24:13.245  render           | Saved: '/tmp/clearvla_eval_opaque_39348.png'
24:14.096  render           | Saved: '/tmp/clearvla_eval_opaque_39348.png'
24:14.665  render           | Saved: '/tmp/clearvla_eval_opaque_39348.png'
24:15.377  render           | Saved: '/tmp/clearvla_eval_opaque_39348.png'
24:16.368  render           | Saved: '/tmp/clearvla_eval_opaque_39348.png'
24:18.225  render           | Saved: '/tmp/clearvla_eval_opaque_39348.png'
24:18.673  render           | Saved: '/tmp/clearvla_eval_opaque_39348.png'
24:19.195  render           | Saved: '/tmp/clearvla_eval_opaque_39348.png'
24:19.627  render           | Saved: '/tmp/clearvla_eval_opaque_39348.png'
24:20.178  render           | Saved: '/tmp/clearvla_eval_opaque_39348.png'
24:20.668  render           | Saved: '/tmp/clearvla_eval_opaque_39348.png'
24:21.207  render           | Saved: '/tmp/clearvla_eval_opaque_39348.png'
24:21.651  render           | Saved: '/tmp/clearvla_eval_opaque_39348.png'
24:22.753  render           | Saved: '/tmp/clearvla_eval_opaque_39348.png'
24:23.517  render           | Saved: '/tmp/clearvla_eval_opaque_39348.png'
24:24.438  render           | Saved: '/tmp/clearvla_eval_opaque_39348.png'
24:24.887  render           | Saved: '/tmp/clearvla_eval_opaque_39348.png'
24:25.289  render           | Saved: '/tmp/clearvla_eval_opaque_39348.png'
24:25.717  render           | Saved: '/tmp/clearvla_eval_opaque_39348.png'
24:26.179  render           | Saved: '/tmp/clearvla_eval_opaque_39348.png'
24:26.525  render           | Saved: '/tmp/clearvla_eval_opaque_39348.png'
24:26.940  render           | Saved: '/tmp/clearvla_eval_opaque_39348.png'
24:27.293  render           | Saved: '/tmp/clearvla_eval_opaque_39348.png'
24:27.787  render           | Saved: '/tmp/clearvla_eval_opaque_39348.png'
24:28.156  render           | Saved: '/tmp/clearvla_eval_opaque_39348.png'
24:28.652  render           | Saved: '/tmp/clearvla_eval_opaque_39348.png'
24:29.003  render           | Saved: '/tmp/clearvla_eval_opaque_39348.png'
24:29.487  render           | Saved: '/tmp/clearvla_eval_opaque_39348.png'
24:29.882  render           | Saved: '/tmp/clearvla_eval_opaque_39348.png'
24:30.355  render           | Saved: '/tmp/clearvla_eval_opaque_39348.png'
24:30.766  render           | Saved: '/tmp/clearvla_eval_opaque_39348.png'
24:31.275  render           | Saved: '/tmp/clearvla_eval_opaque_39348.png'
24:32.472  render           | Saved: '/tmp/clearvla_eval_opaque_39348.png'
24:34.889  render           | Saved: '/tmp/clearvla_eval_opaque_39348.png'
24:35.416  render           | Saved: '/tmp/clearvla_eval_opaque_39348.png'
24:36.969  render           | Saved: '/tmp/clearvla_eval_opaque_39348.png'
24:37.688  render           | Saved: '/tmp/clearvla_eval_opaque_39348.png'
24:38.579  render           | Saved: '/tmp/clearvla_eval_opaque_39348.png'
24:39.156  render           | Saved: '/tmp/clearvla_eval_opaque_39348.png'
24:39.939  render           | Saved: '/tmp/clearvla_eval_opaque_39348.png'
24:41.252  render           | Saved: '/tmp/clearvla_eval_opaque_39348.png'
24:44.225  render           | Saved: '/tmp/clearvla_eval_opaque_39348.png'
24:44.977  render           | Saved: '/tmp/clearvla_eval_opaque_39348.png'
24:50.574  render           | Saved: '/tmp/clearvla_eval_opaque_39348.png'
24:51.206  render           | Saved: '/tmp/clearvla_eval_opaque_39348.png'
24:52.569  render           | Saved: '/tmp/clearvla_eval_opaque_39348.png'
24:53.091  render           | Saved: '/tmp/clearvla_eval_opaque_39348.png'
24:53.724  render           | Saved: '/tmp/clearvla_eval_opaque_39348.png'
24:54.191  render           | Saved: '/tmp/clearvla_eval_opaque_39348.png'
24:54.684  render           | Saved: '/tmp/clearvla_eval_opaque_39348.png'
24:55.121  render           | Saved: '/tmp/clearvla_eval_opaque_39348.png'
24:56.013  render           | Saved: '/tmp/clearvla_eval_opaque_39348.png'
24:56.572  render           | Saved: '/tmp/clearvla_eval_opaque_39348.png'
24:57.276  render           | Saved: '/tmp/clearvla_eval_opaque_39348.png'
24:57.685  render           | Saved: '/tmp/clearvla_eval_opaque_39348.png'
24:58.796  render           | Saved: '/tmp/clearvla_eval_opaque_39348.png'
24:59.441  render           | Saved: '/tmp/clearvla_eval_opaque_39348.png'
25:00.204  render           | Saved: '/tmp/clearvla_eval_opaque_39348.png'
25:00.918  render           | Saved: '/tmp/clearvla_eval_opaque_39348.png'
25:01.458  render           | Saved: '/tmp/clearvla_eval_opaque_39348.png'
25:01.832  render           | Saved: '/tmp/clearvla_eval_opaque_39348.png'
25:02.332  render           | Saved: '/tmp/clearvla_eval_opaque_39348.png'
25:03.141  render           | Saved: '/tmp/clearvla_eval_opaque_39348.png'
25:03.950  render           | Saved: '/tmp/clearvla_eval_opaque_39348.png'
25:04.669  render           | Saved: '/tmp/clearvla_eval_opaque_39348.png'
25:05.405  render           | Saved: '/tmp/clearvla_eval_opaque_39348.png'
25:06.223  render           | Saved: '/tmp/clearvla_eval_opaque_39348.png'
25:07.392  render           | Saved: '/tmp/clearvla_eval_opaque_39348.png'
25:08.216  render           | Saved: '/tmp/clearvla_eval_opaque_39348.png'
25:09.573  render           | Saved: '/tmp/clearvla_eval_opaque_39348.png'
25:10.465  render           | Saved: '/tmp/clearvla_eval_opaque_39348.png'
25:11.588  render           | Saved: '/tmp/clearvla_eval_opaque_39348.png'
25:12.105  render           | Saved: '/tmp/clearvla_eval_opaque_39348.png'
25:12.815  render           | Saved: '/tmp/clearvla_eval_opaque_39348.png'
25:13.503  render           | Saved: '/tmp/clearvla_eval_opaque_39348.png'
25:15.888  render           | Saved: '/tmp/clearvla_eval_opaque_39348.png'
25:16.643  render           | Saved: '/tmp/clearvla_eval_opaque_39348.png'
25:18.026  render           | Saved: '/tmp/clearvla_eval_opaque_39348.png'
25:19.206  render           | Saved: '/tmp/clearvla_eval_opaque_39348.png'
25:20.106  render           | Saved: '/tmp/clearvla_eval_opaque_39348.png'
25:21.352  render           | Saved: '/tmp/clearvla_eval_opaque_39348.png'
25:24.806  render           | Saved: '/tmp/clearvla_eval_opaque_39348.png'
25:25.467  render           | Saved: '/tmp/clearvla_eval_opaque_39348.png'
25:26.327  render           | Saved: '/tmp/clearvla_eval_opaque_39348.png'
25:26.716  render           | Saved: '/tmp/clearvla_eval_opaque_39348.png'
25:27.204  render           | Saved: '/tmp/clearvla_eval_opaque_39348.png'
25:27.617  render           | Saved: '/tmp/clearvla_eval_opaque_39348.png'
25:29.238  render           | Saved: '/tmp/clearvla_eval_opaque_39348.png'
25:29.776  render           | Saved: '/tmp/clearvla_eval_opaque_39348.png'
25:30.469  render           | Saved: '/tmp/clearvla_eval_opaque_39348.png'
25:30.848  render           | Saved: '/tmp/clearvla_eval_opaque_39348.png'
25:31.358  render           | Saved: '/tmp/clearvla_eval_opaque_39348.png'
25:31.760  render           | Saved: '/tmp/clearvla_eval_opaque_39348.png'
25:32.861  render           | Saved: '/tmp/clearvla_eval_opaque_39348.png'
25:33.434  render           | Saved: '/tmp/clearvla_eval_opaque_39348.png'
25:34.264  render           | Saved: '/tmp/clearvla_eval_opaque_39348.png'
25:35.060  render           | Saved: '/tmp/clearvla_eval_opaque_39348.png'
25:35.881  render           | Saved: '/tmp/clearvla_eval_opaque_39348.png'
25:36.554  render           | Saved: '/tmp/clearvla_eval_opaque_39348.png'
25:37.404  render           | Saved: '/tmp/clearvla_eval_opaque_39348.png'
25:38.286  render           | Saved: '/tmp/clearvla_eval_opaque_39348.png'
25:38.966  render           | Saved: '/tmp/clearvla_eval_opaque_39348.png'
25:39.419  render           | Saved: '/tmp/clearvla_eval_opaque_39348.png'
25:39.904  render           | Saved: '/tmp/clearvla_eval_opaque_39348.png'
25:40.331  render           | Saved: '/tmp/clearvla_eval_opaque_39348.png'
25:40.852  render           | Saved: '/tmp/clearvla_eval_opaque_39348.png'
25:41.905  render           | Saved: '/tmp/clearvla_eval_opaque_39348.png'
25:45.621  render           | Saved: '/tmp/clearvla_eval_opaque_39348.png'
25:46.413  render           | Saved: '/tmp/clearvla_eval_opaque_39348.png'
25:47.158  render           | Saved: '/tmp/clearvla_eval_opaque_39348.png'
25:47.558  render           | Saved: '/tmp/clearvla_eval_opaque_39348.png'
25:48.066  render           | Saved: '/tmp/clearvla_eval_opaque_39348.png'
25:48.469  render           | Saved: '/tmp/clearvla_eval_opaque_39348.png'
25:49.007  render           | Saved: '/tmp/clearvla_eval_opaque_39348.png'
25:49.437  render           | Saved: '/tmp/clearvla_eval_opaque_39348.png'
25:50.232  render           | Saved: '/tmp/clearvla_eval_opaque_39348.png'
25:50.758  render           | Saved: '/tmp/clearvla_eval_opaque_39348.png'
25:51.546  render           | Saved: '/tmp/clearvla_eval_opaque_39348.png'
25:52.200  render           | Saved: '/tmp/clearvla_eval_opaque_39348.png'
25:53.057  render           | Saved: '/tmp/clearvla_eval_opaque_39348.png'
25:53.644  render           | Saved: '/tmp/clearvla_eval_opaque_39348.png'
25:54.637  render           | Saved: '/tmp/clearvla_eval_opaque_39348.png'
25:55.300  render           | Saved: '/tmp/clearvla_eval_opaque_39348.png'
25:56.410  render           | Saved: '/tmp/clearvla_eval_opaque_39348.png'
25:57.036  render           | Saved: '/tmp/clearvla_eval_opaque_39348.png'
25:57.962  render           | Saved: '/tmp/clearvla_eval_opaque_39348.png'
25:58.682  render           | Saved: '/tmp/clearvla_eval_opaque_39348.png'
25:59.814  render           | Saved: '/tmp/clearvla_eval_opaque_39348.png'
26:00.415  render           | Saved: '/tmp/clearvla_eval_opaque_39348.png'
26:02.095  render           | Saved: '/tmp/clearvla_eval_opaque_39348.png'
26:03.305  render           | Saved: '/tmp/clearvla_eval_opaque_39348.png'
26:07.248  render           | Saved: '/tmp/clearvla_eval_opaque_39348.png'
26:08.165  render           | Saved: '/tmp/clearvla_eval_opaque_39348.png'
26:09.513  render           | Saved: '/tmp/clearvla_eval_opaque_39348.png'
26:10.285  render           | Saved: '/tmp/clearvla_eval_opaque_39348.png'
26:11.049  render           | Saved: '/tmp/clearvla_eval_opaque_39348.png'
26:12.055  render           | Saved: '/tmp/clearvla_eval_opaque_39348.png'
26:14.719  render           | Saved: '/tmp/clearvla_eval_opaque_39348.png'
26:15.233  render           | Saved: '/tmp/clearvla_eval_opaque_39348.png'
26:17.284  render           | Saved: '/tmp/clearvla_eval_opaque_39348.png'
26:17.931  render           | Saved: '/tmp/clearvla_eval_opaque_39348.png'
26:21.010  render           | Saved: '/tmp/clearvla_eval_opaque_39348.png'
26:21.588  render           | Saved: '/tmp/clearvla_eval_opaque_39348.png'
26:23.271  render           | Saved: '/tmp/clearvla_eval_opaque_39348.png'
26:23.716  render           | Saved: '/tmp/clearvla_eval_opaque_39348.png'
26:24.574  render           | Saved: '/tmp/clearvla_eval_opaque_39348.png'
26:24.999  render           | Saved: '/tmp/clearvla_eval_opaque_39348.png'
26:25.512  render           | Saved: '/tmp/clearvla_eval_opaque_39348.png'
26:26.742  render           | Saved: '/tmp/clearvla_eval_opaque_39348.png'
26:29.469  render           | Saved: '/tmp/clearvla_eval_opaque_39348.png'
26:30.022  render           | Saved: '/tmp/clearvla_eval_opaque_39348.png'
26:33.259  render           | Saved: '/tmp/clearvla_eval_opaque_39348.png'
26:33.898  render           | Saved: '/tmp/clearvla_eval_opaque_39348.png'
26:38.523  render           | Saved: '/tmp/clearvla_eval_opaque_39348.png'
26:39.067  render           | Saved: '/tmp/clearvla_eval_opaque_39348.png'
26:39.596  render           | Saved: '/tmp/clearvla_eval_opaque_39348.png'
26:40.589  render           | Saved: '/tmp/clearvla_eval_opaque_39348.png'
26:42.282  render           | Saved: '/tmp/clearvla_eval_opaque_39348.png'
26:42.783  render           | Saved: '/tmp/clearvla_eval_opaque_39348.png'
26:43.752  render           | Saved: '/tmp/clearvla_eval_opaque_39348.png'
26:44.408  render           | Saved: '/tmp/clearvla_eval_opaque_39348.png'
26:45.077  render           | Saved: '/tmp/clearvla_eval_opaque_39348.png'
26:45.553  render           | Saved: '/tmp/clearvla_eval_opaque_39348.png'
26:46.739  render           | Saved: '/tmp/clearvla_eval_opaque_39348.png'
26:47.312  render           | Saved: '/tmp/clearvla_eval_opaque_39348.png'
26:48.505  render           | Saved: '/tmp/clearvla_eval_opaque_39348.png'
26:48.949  render           | Saved: '/tmp/clearvla_eval_opaque_39348.png'
26:49.427  render           | Saved: '/tmp/clearvla_eval_opaque_39348.png'
26:49.864  render           | Saved: '/tmp/clearvla_eval_opaque_39348.png'
26:50.629  render           | Saved: '/tmp/clearvla_eval_opaque_39348.png'
26:51.165  render           | Saved: '/tmp/clearvla_eval_opaque_39348.png'
26:52.254  render           | Saved: '/tmp/clearvla_eval_opaque_39348.png'
26:52.762  render           | Saved: '/tmp/clearvla_eval_opaque_39348.png'
26:53.455  render           | Saved: '/tmp/clearvla_eval_opaque_39348.png'
26:53.856  render           | Saved: '/tmp/clearvla_eval_opaque_39348.png'
26:54.415  render           | Saved: '/tmp/clearvla_eval_opaque_39348.png'
26:54.830  render           | Saved: '/tmp/clearvla_eval_opaque_39348.png'
26:55.370  render           | Saved: '/tmp/clearvla_eval_opaque_39348.png'
26:55.814  render           | Saved: '/tmp/clearvla_eval_opaque_39348.png'
26:56.910  render           | Saved: '/tmp/clearvla_eval_opaque_39348.png'
26:57.766  render           | Saved: '/tmp/clearvla_eval_opaque_39348.png'
26:58.453  render           | Saved: '/tmp/clearvla_eval_opaque_39348.png'
26:58.839  render           | Saved: '/tmp/clearvla_eval_opaque_39348.png'
26:59.344  render           | Saved: '/tmp/clearvla_eval_opaque_39348.png'
26:59.752  render           | Saved: '/tmp/clearvla_eval_opaque_39348.png'
27:00.250  render           | Saved: '/tmp/clearvla_eval_opaque_39348.png'
27:00.876  render           | Saved: '/tmp/clearvla_eval_opaque_39348.png'
27:02.099  render           | Saved: '/tmp/clearvla_eval_opaque_39348.png'
27:02.670  render           | Saved: '/tmp/clearvla_eval_opaque_39348.png'
27:03.399  render           | Saved: '/tmp/clearvla_eval_opaque_39348.png'
27:05.311  render           | Saved: '/tmp/clearvla_eval_opaque_39348.png'
27:08.557  render           | Saved: '/tmp/clearvla_eval_opaque_39348.png'
27:09.209  render           | Saved: '/tmp/clearvla_eval_opaque_39348.png'
27:10.070  render           | Saved: '/tmp/clearvla_eval_opaque_39348.png'
27:10.578  render           | Saved: '/tmp/clearvla_eval_opaque_39348.png'
27:11.388  render           | Saved: '/tmp/clearvla_eval_opaque_39348.png'
27:12.001  render           | Saved: '/tmp/clearvla_eval_opaque_39348.png'
27:12.678  render           | Saved: '/tmp/clearvla_eval_opaque_39348.png'
27:13.482  render           | Saved: '/tmp/clearvla_eval_opaque_39348.png'
27:14.379  render           | Saved: '/tmp/clearvla_eval_opaque_39348.png'
27:14.903  render           | Saved: '/tmp/clearvla_eval_opaque_39348.png'
27:15.489  render           | Saved: '/tmp/clearvla_eval_opaque_39348.png'
27:16.673  render           | Saved: '/tmp/clearvla_eval_opaque_39348.png'
27:18.784  render           | Saved: '/tmp/clearvla_eval_opaque_39348.png'
27:19.853  render           | Saved: '/tmp/clearvla_eval_opaque_39348.png'
27:22.582  render           | Saved: '/tmp/clearvla_eval_opaque_39348.png'
27:23.039  render           | Saved: '/tmp/clearvla_eval_opaque_39348.png'
27:23.936  render           | Saved: '/tmp/clearvla_eval_opaque_39348.png'
27:24.594  render           | Saved: '/tmp/clearvla_eval_opaque_39348.png'
27:25.876  render           | Saved: '/tmp/clearvla_eval_opaque_39348.png'
27:26.437  render           | Saved: '/tmp/clearvla_eval_opaque_39348.png'
27:27.102  render           | Saved: '/tmp/clearvla_eval_opaque_39348.png'
27:28.267  render           | Saved: '/tmp/clearvla_eval_opaque_39348.png'
27:30.667  render           | Saved: '/tmp/clearvla_eval_opaque_39348.png'
27:31.151  render           | Saved: '/tmp/clearvla_eval_opaque_39348.png'
27:31.801  render           | Saved: '/tmp/clearvla_eval_opaque_39348.png'
27:32.410  render           | Saved: '/tmp/clearvla_eval_opaque_39348.png'
27:33.251  render           | Saved: '/tmp/clearvla_eval_opaque_39348.png'
27:33.863  render           | Saved: '/tmp/clearvla_eval_opaque_39348.png'
27:34.975  render           | Saved: '/tmp/clearvla_eval_opaque_39348.png'
27:35.606  render           | Saved: '/tmp/clearvla_eval_opaque_39348.png'
27:36.296  render           | Saved: '/tmp/clearvla_eval_opaque_39348.png'
27:37.078  render           | Saved: '/tmp/clearvla_eval_opaque_39348.png'
27:37.916  render           | Saved: '/tmp/clearvla_eval_opaque_39348.png'
27:38.496  render           | Saved: '/tmp/clearvla_eval_opaque_39348.png'
27:39.263  render           | Saved: '/tmp/clearvla_eval_opaque_39348.png'
27:40.168  render           | Saved: '/tmp/clearvla_eval_opaque_39348.png'
27:42.931  render           | Saved: '/tmp/clearvla_eval_opaque_39348.png'
27:43.527  render           | Saved: '/tmp/clearvla_eval_opaque_39348.png'
27:45.015  render           | Saved: '/tmp/clearvla_eval_opaque_39348.png'
27:45.708  render           | Saved: '/tmp/clearvla_eval_opaque_39348.png'
27:46.426  render           | Saved: '/tmp/clearvla_eval_opaque_39348.png'
27:46.863  render           | Saved: '/tmp/clearvla_eval_opaque_39348.png'
27:48.242  render           | Saved: '/tmp/clearvla_eval_opaque_39348.png'
27:48.936  render           | Saved: '/tmp/clearvla_eval_opaque_39348.png'
27:49.610  render           | Saved: '/tmp/clearvla_eval_opaque_39348.png'
27:50.031  render           | Saved: '/tmp/clearvla_eval_opaque_39348.png'
27:50.522  render           | Saved: '/tmp/clearvla_eval_opaque_39348.png'
27:50.934  render           | Saved: '/tmp/clearvla_eval_opaque_39348.png'
27:51.466  render           | Saved: '/tmp/clearvla_eval_opaque_39348.png'
27:52.488  render           | Saved: '/tmp/clearvla_eval_opaque_39348.png'
27:53.333  render           | Saved: '/tmp/clearvla_eval_opaque_39348.png'
27:54.494  render           | Saved: '/tmp/clearvla_eval_opaque_39348.png'
27:57.793  render           | Saved: '/tmp/clearvla_eval_opaque_39348.png'
27:58.387  render           | Saved: '/tmp/clearvla_eval_opaque_39348.png'
27:59.941  render           | Saved: '/tmp/clearvla_eval_opaque_39348.png'
28:00.546  render           | Saved: '/tmp/clearvla_eval_opaque_39348.png'
28:02.466  render           | Saved: '/tmp/clearvla_eval_opaque_39348.png'
28:02.898  render           | Saved: '/tmp/clearvla_eval_opaque_39348.png'
28:03.471  render           | Saved: '/tmp/clearvla_eval_opaque_39348.png'
28:04.624  render           | Saved: '/tmp/clearvla_eval_opaque_39348.png'
28:05.514  render           | Saved: '/tmp/clearvla_eval_opaque_39348.png'
28:06.106  render           | Saved: '/tmp/clearvla_eval_opaque_39348.png'
28:06.746  render           | Saved: '/tmp/clearvla_eval_opaque_39348.png'
28:07.169  render           | Saved: '/tmp/clearvla_eval_opaque_39348.png'
28:07.683  render           | Saved: '/tmp/clearvla_eval_opaque_39348.png'
28:08.170  render           | Saved: '/tmp/clearvla_eval_opaque_39348.png'
28:08.698  render           | Saved: '/tmp/clearvla_eval_opaque_39348.png'
28:09.087  render           | Saved: '/tmp/clearvla_eval_opaque_39348.png'
28:10.099  render           | Saved: '/tmp/clearvla_eval_opaque_39348.png'
28:10.803  render           | Saved: '/tmp/clearvla_eval_opaque_39348.png'
28:12.770  render           | Saved: '/tmp/clearvla_eval_opaque_39348.png'
28:13.372  render           | Saved: '/tmp/clearvla_eval_opaque_39348.png'
28:14.168  render           | Saved: '/tmp/clearvla_eval_opaque_39348.png'
28:14.707  render           | Saved: '/tmp/clearvla_eval_opaque_39348.png'
28:15.460  render           | Saved: '/tmp/clearvla_eval_opaque_39348.png'
28:16.042  render           | Saved: '/tmp/clearvla_eval_opaque_39348.png'
28:16.822  render           | Saved: '/tmp/clearvla_eval_opaque_39348.png'
28:17.542  render           | Saved: '/tmp/clearvla_eval_opaque_39348.png'
28:18.493  render           | Saved: '/tmp/clearvla_eval_opaque_39348.png'
28:19.689  render           | Saved: '/tmp/clearvla_eval_opaque_39348.png'
28:21.725  render           | Saved: '/tmp/clearvla_eval_opaque_39348.png'
28:22.647  render           | Saved: '/tmp/clearvla_eval_opaque_39348.png'
28:23.428  render           | Saved: '/tmp/clearvla_eval_opaque_39348.png'
28:23.883  render           | Saved: '/tmp/clearvla_eval_opaque_39348.png'
28:25.002  render           | Saved: '/tmp/clearvla_eval_opaque_39348.png'
28:25.554  render           | Saved: '/tmp/clearvla_eval_opaque_39348.png'
28:26.998  render           | Saved: '/tmp/clearvla_eval_opaque_39348.png'
28:27.686  render           | Saved: '/tmp/clearvla_eval_opaque_39348.png'
28:28.733  render           | Saved: '/tmp/clearvla_eval_opaque_39348.png'
28:29.286  render           | Saved: '/tmp/clearvla_eval_opaque_39348.png'
28:30.001  render           | Saved: '/tmp/clearvla_eval_opaque_39348.png'
28:30.670  render           | Saved: '/tmp/clearvla_eval_opaque_39348.png'
28:32.327  render           | Saved: '/tmp/clearvla_eval_opaque_39348.png'
28:32.849  render           | Saved: '/tmp/clearvla_eval_opaque_39348.png'
28:33.528  render           | Saved: '/tmp/clearvla_eval_opaque_39348.png'
28:33.988  render           | Saved: '/tmp/clearvla_eval_opaque_39348.png'
28:34.827  render           | Saved: '/tmp/clearvla_eval_opaque_39348.png'
28:35.398  render           | Saved: '/tmp/clearvla_eval_opaque_39348.png'
28:36.094  render           | Saved: '/tmp/clearvla_eval_opaque_39348.png'
28:36.645  render           | Saved: '/tmp/clearvla_eval_opaque_39348.png'
28:37.288  render           | Saved: '/tmp/clearvla_eval_opaque_39348.png'
28:38.125  render           | Saved: '/tmp/clearvla_eval_opaque_39348.png'
28:39.988  render           | Saved: '/tmp/clearvla_eval_opaque_39348.png'
28:41.259  render           | Saved: '/tmp/clearvla_eval_opaque_39348.png'
28:42.129  render           | Saved: '/tmp/clearvla_eval_opaque_39348.png'
28:42.595  render           | Saved: '/tmp/clearvla_eval_opaque_39348.png'
28:43.288  render           | Saved: '/tmp/clearvla_eval_opaque_39348.png'
28:44.157  render           | Saved: '/tmp/clearvla_eval_opaque_39348.png'
28:45.082  render           | Saved: '/tmp/clearvla_eval_opaque_39348.png'
28:45.622  render           | Saved: '/tmp/clearvla_eval_opaque_39348.png'
28:46.262  render           | Saved: '/tmp/clearvla_eval_opaque_39348.png'
28:47.662  render           | Saved: '/tmp/clearvla_eval_opaque_39348.png'
28:52.260  render           | Saved: '/tmp/clearvla_eval_opaque_39348.png'
28:52.960  render           | Saved: '/tmp/clearvla_eval_opaque_39348.png'
28:53.970  render           | Saved: '/tmp/clearvla_eval_opaque_39348.png'
28:54.543  render           | Saved: '/tmp/clearvla_eval_opaque_39348.png'
28:55.529  render           | Saved: '/tmp/clearvla_eval_opaque_39348.png'
28:56.234  render           | Saved: '/tmp/clearvla_eval_opaque_39348.png'
28:56.995  render           | Saved: '/tmp/clearvla_eval_opaque_39348.png'
28:57.401  render           | Saved: '/tmp/clearvla_eval_opaque_39348.png'
28:58.536  render           | Saved: '/tmp/clearvla_eval_opaque_39348.png'
28:59.276  render           | Saved: '/tmp/clearvla_eval_opaque_39348.png'
29:02.462  render           | Saved: '/tmp/clearvla_eval_opaque_39348.png'
29:03.025  render           | Saved: '/tmp/clearvla_eval_opaque_39348.png'
29:03.641  render           | Saved: '/tmp/clearvla_eval_opaque_39348.png'
29:04.900  render           | Saved: '/tmp/clearvla_eval_opaque_39348.png'
29:07.998  render           | Saved: '/tmp/clearvla_eval_opaque_39348.png'
29:09.058  render           | Saved: '/tmp/clearvla_eval_opaque_39348.png'
29:11.794  render           | Saved: '/tmp/clearvla_eval_opaque_39348.png'
29:12.292  render           | Saved: '/tmp/clearvla_eval_opaque_39348.png'
29:15.274  render           | Saved: '/tmp/clearvla_eval_opaque_39348.png'
29:16.026  render           | Saved: '/tmp/clearvla_eval_opaque_39348.png'
29:17.701  render           | Saved: '/tmp/clearvla_eval_opaque_39348.png'
29:18.130  render           | Saved: '/tmp/clearvla_eval_opaque_39348.png'
29:18.658  render           | Saved: '/tmp/clearvla_eval_opaque_39348.png'
29:19.061  render           | Saved: '/tmp/clearvla_eval_opaque_39348.png'
29:20.046  render           | Saved: '/tmp/clearvla_eval_opaque_39348.png'
29:20.612  render           | Saved: '/tmp/clearvla_eval_opaque_39348.png'
29:21.535  render           | Saved: '/tmp/clearvla_eval_opaque_39348.png'
29:22.232  render           | Saved: '/tmp/clearvla_eval_opaque_39348.png'
29:25.248  render           | Saved: '/tmp/clearvla_eval_opaque_39348.png'
29:26.001  render           | Saved: '/tmp/clearvla_eval_opaque_39348.png'
29:27.143  render           | Saved: '/tmp/clearvla_eval_opaque_39348.png'
29:27.566  render           | Saved: '/tmp/clearvla_eval_opaque_39348.png'
29:28.089  render           | Saved: '/tmp/clearvla_eval_opaque_39348.png'
29:29.114  render           | Saved: '/tmp/clearvla_eval_opaque_39348.png'
29:31.464  render           | Saved: '/tmp/clearvla_eval_opaque_39348.png'
29:32.003  render           | Saved: '/tmp/clearvla_eval_opaque_39348.png'
29:32.611  render           | Saved: '/tmp/clearvla_eval_opaque_39348.png'
29:33.042  render           | Saved: '/tmp/clearvla_eval_opaque_39348.png'
29:34.243  render           | Saved: '/tmp/clearvla_eval_opaque_39348.png'
29:34.770  render           | Saved: '/tmp/clearvla_eval_opaque_39348.png'
29:35.831  render           | Saved: '/tmp/clearvla_eval_opaque_39348.png'
29:36.180  render           | Saved: '/tmp/clearvla_eval_opaque_39348.png'
29:37.405  render           | Saved: '/tmp/clearvla_eval_opaque_39348.png'
29:38.014  render           | Saved: '/tmp/clearvla_eval_opaque_39348.png'
29:38.927  render           | Saved: '/tmp/clearvla_eval_opaque_39348.png'
29:39.287  render           | Saved: '/tmp/clearvla_eval_opaque_39348.png'
29:39.798  render           | Saved: '/tmp/clearvla_eval_opaque_39348.png'
29:40.467  render           | Saved: '/tmp/clearvla_eval_opaque_39348.png'
29:41.567  render           | Saved: '/tmp/clearvla_eval_opaque_39348.png'
29:42.099  render           | Saved: '/tmp/clearvla_eval_opaque_39348.png'
29:44.194  render           | Saved: '/tmp/clearvla_eval_opaque_39348.png'
29:44.740  render           | Saved: '/tmp/clearvla_eval_opaque_39348.png'
29:45.523  render           | Saved: '/tmp/clearvla_eval_opaque_39348.png'
29:46.642  render           | Saved: '/tmp/clearvla_eval_opaque_39348.png'
29:47.998  render           | Saved: '/tmp/clearvla_eval_opaque_39348.png'
29:48.924  render           | Saved: '/tmp/clearvla_eval_opaque_39348.png'
29:49.774  render           | Saved: '/tmp/clearvla_eval_opaque_39348.png'
29:50.184  render           | Saved: '/tmp/clearvla_eval_opaque_39348.png'
29:50.723  render           | Saved: '/tmp/clearvla_eval_opaque_39348.png'
29:51.164  render           | Saved: '/tmp/clearvla_eval_opaque_39348.png'
29:52.058  render           | Saved: '/tmp/clearvla_eval_opaque_39348.png'
29:52.703  render           | Saved: '/tmp/clearvla_eval_opaque_39348.png'
29:53.330  render           | Saved: '/tmp/clearvla_eval_opaque_39348.png'
29:53.974  render           | Saved: '/tmp/clearvla_eval_opaque_39348.png'
29:54.832  render           | Saved: '/tmp/clearvla_eval_opaque_39348.png'
29:55.401  render           | Saved: '/tmp/clearvla_eval_opaque_39348.png'
29:57.149  render           | Saved: '/tmp/clearvla_eval_opaque_39348.png'
29:57.972  render           | Saved: '/tmp/clearvla_eval_opaque_39348.png'
29:58.764  render           | Saved: '/tmp/clearvla_eval_opaque_39348.png'
30:00.053  render           | Saved: '/tmp/clearvla_eval_opaque_39348.png'
30:02.239  render           | Saved: '/tmp/clearvla_eval_opaque_39348.png'
30:02.973  render           | Saved: '/tmp/clearvla_eval_opaque_39348.png'
30:03.725  render           | Saved: '/tmp/clearvla_eval_opaque_39348.png'
30:04.201  render           | Saved: '/tmp/clearvla_eval_opaque_39348.png'
30:05.880  render           | Saved: '/tmp/clearvla_eval_opaque_39348.png'
30:06.788  render           | Saved: '/tmp/clearvla_eval_opaque_39348.png'
30:11.528  render           | Saved: '/tmp/clearvla_eval_opaque_39348.png'
30:12.184  render           | Saved: '/tmp/clearvla_eval_opaque_39348.png'
30:14.255  render           | Saved: '/tmp/clearvla_eval_opaque_39348.png'
30:14.752  render           | Saved: '/tmp/clearvla_eval_opaque_39348.png'
30:16.087  render           | Saved: '/tmp/clearvla_eval_opaque_39348.png'
30:17.054  render           | Saved: '/tmp/clearvla_eval_opaque_39348.png'
30:18.064  render           | Saved: '/tmp/clearvla_eval_opaque_39348.png'
30:18.512  render           | Saved: '/tmp/clearvla_eval_opaque_39348.png'
30:19.034  render           | Saved: '/tmp/clearvla_eval_opaque_39348.png'
30:19.484  render           | Saved: '/tmp/clearvla_eval_opaque_39348.png'
30:19.983  render           | Saved: '/tmp/clearvla_eval_opaque_39348.png'
30:20.430  render           | Saved: '/tmp/clearvla_eval_opaque_39348.png'
30:20.957  render           | Saved: '/tmp/clearvla_eval_opaque_39348.png'
30:21.452  render           | Saved: '/tmp/clearvla_eval_opaque_39348.png'
30:22.324  render           | Saved: '/tmp/clearvla_eval_opaque_39348.png'
30:23.199  render           | Saved: '/tmp/clearvla_eval_opaque_39348.png'
30:24.097  render           | Saved: '/tmp/clearvla_eval_opaque_39348.png'
30:24.545  render           | Saved: '/tmp/clearvla_eval_opaque_39348.png'
30:25.618  render           | Saved: '/tmp/clearvla_eval_opaque_39348.png'
30:26.589  render           | Saved: '/tmp/clearvla_eval_opaque_39348.png'
30:31.009  render           | Saved: '/tmp/clearvla_eval_opaque_39348.png'
30:31.664  render           | Saved: '/tmp/clearvla_eval_opaque_39348.png'
30:32.293  render           | Saved: '/tmp/clearvla_eval_opaque_39348.png'
30:32.677  render           | Saved: '/tmp/clearvla_eval_opaque_39348.png'
30:33.289  render           | Saved: '/tmp/clearvla_eval_opaque_39348.png'
30:34.101  render           | Saved: '/tmp/clearvla_eval_opaque_39348.png'
30:34.905  render           | Saved: '/tmp/clearvla_eval_opaque_39348.png'
30:36.157  render           | Saved: '/tmp/clearvla_eval_opaque_39348.png'
30:38.822  render           | Saved: '/tmp/clearvla_eval_opaque_39348.png'
30:40.670  render           | Saved: '/tmp/clearvla_eval_opaque_39348.png'
30:46.459  render           | Saved: '/tmp/clearvla_eval_opaque_39348.png'
30:47.218  render           | Saved: '/tmp/clearvla_eval_opaque_39348.png'
30:47.985  render           | Saved: '/tmp/clearvla_eval_opaque_39348.png'
30:48.412  render           | Saved: '/tmp/clearvla_eval_opaque_39348.png'
30:49.751  render           | Saved: '/tmp/clearvla_eval_opaque_39348.png'
30:50.454  render           | Saved: '/tmp/clearvla_eval_opaque_39348.png'
30:51.141  render           | Saved: '/tmp/clearvla_eval_opaque_39348.png'
30:51.626  render           | Saved: '/tmp/clearvla_eval_opaque_39348.png'
30:53.463  render           | Saved: '/tmp/clearvla_eval_opaque_39348.png'
30:54.441  render           | Saved: '/tmp/clearvla_eval_opaque_39348.png'
30:57.562  render           | Saved: '/tmp/clearvla_eval_opaque_39348.png'
30:58.464  render           | Saved: '/tmp/clearvla_eval_opaque_39348.png'
30:59.422  render           | Saved: '/tmp/clearvla_eval_opaque_39348.png'
31:00.452  render           | Saved: '/tmp/clearvla_eval_opaque_39348.png'
31:04.169  render           | Saved: '/tmp/clearvla_eval_opaque_39348.png'
31:05.022  render           | Saved: '/tmp/clearvla_eval_opaque_39348.png'
31:09.341  render           | Saved: '/tmp/clearvla_eval_opaque_39348.png'
31:09.940  render           | Saved: '/tmp/clearvla_eval_opaque_39348.png'
31:11.480  render           | Saved: '/tmp/clearvla_eval_opaque_39348.png'
31:12.989  render           | Saved: '/tmp/clearvla_eval_opaque_39348.png'
31:13.633  render           | Saved: '/tmp/clearvla_eval_opaque_39348.png'
31:14.065  render           | Saved: '/tmp/clearvla_eval_opaque_39348.png'
31:14.530  render           | Saved: '/tmp/clearvla_eval_opaque_39348.png'
31:14.955  render           | Saved: '/tmp/clearvla_eval_opaque_39348.png'
31:16.136  render           | Saved: '/tmp/clearvla_eval_opaque_39348.png'
31:16.949  render           | Saved: '/tmp/clearvla_eval_opaque_39348.png'
31:17.673  render           | Saved: '/tmp/clearvla_eval_opaque_39348.png'
31:18.065  render           | Saved: '/tmp/clearvla_eval_opaque_39348.png'
31:18.562  render           | Saved: '/tmp/clearvla_eval_opaque_39348.png'
31:19.002  render           | Saved: '/tmp/clearvla_eval_opaque_39348.png'
31:20.466  render           | Saved: '/tmp/clearvla_eval_opaque_39348.png'
31:21.060  render           | Saved: '/tmp/clearvla_eval_opaque_39348.png'
31:21.807  render           | Saved: '/tmp/clearvla_eval_opaque_39348.png'
31:22.785  render           | Saved: '/tmp/clearvla_eval_opaque_39348.png'
31:24.971  render           | Saved: '/tmp/clearvla_eval_opaque_39348.png'
31:25.918  render           | Saved: '/tmp/clearvla_eval_opaque_39348.png'
31:26.940  render           | Saved: '/tmp/clearvla_eval_opaque_39348.png'
31:28.109  render           | Saved: '/tmp/clearvla_eval_opaque_39348.png'
31:32.219  render           | Saved: '/tmp/clearvla_eval_opaque_39348.png'
31:32.791  render           | Saved: '/tmp/clearvla_eval_opaque_39348.png'
31:33.630  render           | Saved: '/tmp/clearvla_eval_opaque_39348.png'
31:34.008  render           | Saved: '/tmp/clearvla_eval_opaque_39348.png'
31:35.433  render           | Saved: '/tmp/clearvla_eval_opaque_39348.png'
31:36.035  render           | Saved: '/tmp/clearvla_eval_opaque_39348.png'
31:36.745  render           | Saved: '/tmp/clearvla_eval_opaque_39348.png'
31:37.192  render           | Saved: '/tmp/clearvla_eval_opaque_39348.png'
31:40.278  render           | Saved: '/tmp/clearvla_eval_opaque_39348.png'
31:40.987  render           | Saved: '/tmp/clearvla_eval_opaque_39348.png'
31:44.632  render           | Saved: '/tmp/clearvla_eval_opaque_39348.png'
31:45.261  render           | Saved: '/tmp/clearvla_eval_opaque_39348.png'
31:45.964  render           | Saved: '/tmp/clearvla_eval_opaque_39348.png'
31:47.678  render           | Saved: '/tmp/clearvla_eval_opaque_39348.png'
31:52.839  render           | Saved: '/tmp/clearvla_eval_opaque_39348.png'
31:53.453  render           | Saved: '/tmp/clearvla_eval_opaque_39348.png'
31:54.829  render           | Saved: '/tmp/clearvla_eval_opaque_39348.png'
31:55.596  render           | Saved: '/tmp/clearvla_eval_opaque_39348.png'
31:56.619  render           | Saved: '/tmp/clearvla_eval_opaque_39348.png'
31:57.492  render           | Saved: '/tmp/clearvla_eval_opaque_39348.png'
31:59.604  render           | Saved: '/tmp/clearvla_eval_opaque_39348.png'
32:01.067  render           | Saved: '/tmp/clearvla_eval_opaque_39348.png'
32:03.104  render           | Saved: '/tmp/clearvla_eval_opaque_39348.png'
32:04.144  render           | Saved: '/tmp/clearvla_eval_opaque_39348.png'
32:06.542  render           | Saved: '/tmp/clearvla_eval_opaque_39348.png'
32:08.419  render           | Saved: '/tmp/clearvla_eval_opaque_39348.png'
32:11.738  render           | Saved: '/tmp/clearvla_eval_opaque_39348.png'
32:12.326  render           | Saved: '/tmp/clearvla_eval_opaque_39348.png'
32:13.692  render           | Saved: '/tmp/clearvla_eval_opaque_39348.png'
32:14.236  render           | Saved: '/tmp/clearvla_eval_opaque_39348.png'
32:14.924  render           | Saved: '/tmp/clearvla_eval_opaque_39348.png'
32:15.385  render           | Saved: '/tmp/clearvla_eval_opaque_39348.png'
32:15.995  render           | Saved: '/tmp/clearvla_eval_opaque_39348.png'
32:16.705  render           | Saved: '/tmp/clearvla_eval_opaque_39348.png'
32:18.070  render           | Saved: '/tmp/clearvla_eval_opaque_39348.png'
32:18.946  render           | Saved: '/tmp/clearvla_eval_opaque_39348.png'
32:23.583  render           | Saved: '/tmp/clearvla_eval_opaque_39348.png'
32:24.795  render           | Saved: '/tmp/clearvla_eval_opaque_39348.png'
32:25.512  render           | Saved: '/tmp/clearvla_eval_opaque_39348.png'
32:25.883  render           | Saved: '/tmp/clearvla_eval_opaque_39348.png'
32:26.359  render           | Saved: '/tmp/clearvla_eval_opaque_39348.png'
32:26.737  render           | Saved: '/tmp/clearvla_eval_opaque_39348.png'
32:27.274  render           | Saved: '/tmp/clearvla_eval_opaque_39348.png'
32:28.151  render           | Saved: '/tmp/clearvla_eval_opaque_39348.png'
32:30.215  render           | Saved: '/tmp/clearvla_eval_opaque_39348.png'
32:30.910  render           | Saved: '/tmp/clearvla_eval_opaque_39348.png'
32:31.582  render           | Saved: '/tmp/clearvla_eval_opaque_39348.png'
32:32.035  render           | Saved: '/tmp/clearvla_eval_opaque_39348.png'
32:32.527  render           | Saved: '/tmp/clearvla_eval_opaque_39348.png'
32:32.987  render           | Saved: '/tmp/clearvla_eval_opaque_39348.png'
32:33.525  render           | Saved: '/tmp/clearvla_eval_opaque_39348.png'
32:35.148  render           | Saved: '/tmp/clearvla_eval_opaque_39348.png'
32:38.226  render           | Saved: '/tmp/clearvla_eval_opaque_39348.png'
32:38.886  render           | Saved: '/tmp/clearvla_eval_opaque_39348.png'
32:39.801  render           | Saved: '/tmp/clearvla_eval_opaque_39348.png'
32:40.845  render           | Saved: '/tmp/clearvla_eval_opaque_39348.png'
32:44.666  render           | Saved: '/tmp/clearvla_eval_opaque_39348.png'
32:45.507  render           | Saved: '/tmp/clearvla_eval_opaque_39348.png'
32:46.548  render           | Saved: '/tmp/clearvla_eval_opaque_39348.png'
32:47.062  render           | Saved: '/tmp/clearvla_eval_opaque_39348.png'
32:47.902  render           | Saved: '/tmp/clearvla_eval_opaque_39348.png'
32:49.358  render           | Saved: '/tmp/clearvla_eval_opaque_39348.png'
32:53.200  render           | Saved: '/tmp/clearvla_eval_opaque_39348.png'
32:53.915  render           | Saved: '/tmp/clearvla_eval_opaque_39348.png'
32:54.786  render           | Saved: '/tmp/clearvla_eval_opaque_39348.png'
32:55.225  render           | Saved: '/tmp/clearvla_eval_opaque_39348.png'
32:55.723  render           | Saved: '/tmp/clearvla_eval_opaque_39348.png'
32:56.216  render           | Saved: '/tmp/clearvla_eval_opaque_39348.png'
32:56.720  render           | Saved: '/tmp/clearvla_eval_opaque_39348.png'
32:57.178  render           | Saved: '/tmp/clearvla_eval_opaque_39348.png'
32:57.680  render           | Saved: '/tmp/clearvla_eval_opaque_39348.png'
32:58.182  render           | Saved: '/tmp/clearvla_eval_opaque_39348.png'
32:58.873  render           | Saved: '/tmp/clearvla_eval_opaque_39348.png'
32:59.439  render           | Saved: '/tmp/clearvla_eval_opaque_39348.png'
33:00.715  render           | Saved: '/tmp/clearvla_eval_opaque_39348.png'
33:01.494  render           | Saved: '/tmp/clearvla_eval_opaque_39348.png'
33:02.186  render           | Saved: '/tmp/clearvla_eval_opaque_39348.png'
33:02.685  render           | Saved: '/tmp/clearvla_eval_opaque_39348.png'
33:03.170  render           | Saved: '/tmp/clearvla_eval_opaque_39348.png'
33:03.616  render           | Saved: '/tmp/clearvla_eval_opaque_39348.png'
33:04.079  render           | Saved: '/tmp/clearvla_eval_opaque_39348.png'
33:04.521  render           | Saved: '/tmp/clearvla_eval_opaque_39348.png'
33:04.982  render           | Saved: '/tmp/clearvla_eval_opaque_39348.png'
33:05.440  render           | Saved: '/tmp/clearvla_eval_opaque_39348.png'
[full/opaque] pour: 0/10  (33.0 min, 86.5 s/ep)
33:08.092  render           | Saved: '/tmp/clearvla_eval_opaque_39348.png'
33:08.855  render           | Saved: '/tmp/clearvla_eval_opaque_39348.png'
33:09.736  render           | Saved: '/tmp/clearvla_eval_opaque_39348.png'
33:10.801  render           | Saved: '/tmp/clearvla_eval_opaque_39348.png'
33:12.460  render           | Saved: '/tmp/clearvla_eval_opaque_39348.png'
33:13.118  render           | Saved: '/tmp/clearvla_eval_opaque_39348.png'
33:16.432  render           | Saved: '/tmp/clearvla_eval_opaque_39348.png'
33:17.610  render           | Saved: '/tmp/clearvla_eval_opaque_39348.png'
33:19.785  render           | Saved: '/tmp/clearvla_eval_opaque_39348.png'
33:20.565  render           | Saved: '/tmp/clearvla_eval_opaque_39348.png'
33:21.225  render           | Saved: '/tmp/clearvla_eval_opaque_39348.png'
33:22.075  render           | Saved: '/tmp/clearvla_eval_opaque_39348.png'
33:24.209  render           | Saved: '/tmp/clearvla_eval_opaque_39348.png'
33:24.846  render           | Saved: '/tmp/clearvla_eval_opaque_39348.png'
33:25.440  render           | Saved: '/tmp/clearvla_eval_opaque_39348.png'
33:25.916  render           | Saved: '/tmp/clearvla_eval_opaque_39348.png'
33:26.519  render           | Saved: '/tmp/clearvla_eval_opaque_39348.png'
33:27.291  render           | Saved: '/tmp/clearvla_eval_opaque_39348.png'
33:28.394  render           | Saved: '/tmp/clearvla_eval_opaque_39348.png'
33:28.984  render           | Saved: '/tmp/clearvla_eval_opaque_39348.png'
33:29.993  render           | Saved: '/tmp/clearvla_eval_opaque_39348.png'
33:30.839  render           | Saved: '/tmp/clearvla_eval_opaque_39348.png'
33:32.327  render           | Saved: '/tmp/clearvla_eval_opaque_39348.png'
33:32.879  render           | Saved: '/tmp/clearvla_eval_opaque_39348.png'
33:36.763  render           | Saved: '/tmp/clearvla_eval_opaque_39348.png'
33:37.727  render           | Saved: '/tmp/clearvla_eval_opaque_39348.png'
33:39.291  render           | Saved: '/tmp/clearvla_eval_opaque_39348.png'
33:40.063  render           | Saved: '/tmp/clearvla_eval_opaque_39348.png'
33:41.740  render           | Saved: '/tmp/clearvla_eval_opaque_39348.png'
33:42.187  render           | Saved: '/tmp/clearvla_eval_opaque_39348.png'
33:43.583  render           | Saved: '/tmp/clearvla_eval_opaque_39348.png'
33:44.971  render           | Saved: '/tmp/clearvla_eval_opaque_39348.png'
33:48.067  render           | Saved: '/tmp/clearvla_eval_opaque_39348.png'
33:48.840  render           | Saved: '/tmp/clearvla_eval_opaque_39348.png'
33:51.429  render           | Saved: '/tmp/clearvla_eval_opaque_39348.png'
33:52.703  render           | Saved: '/tmp/clearvla_eval_opaque_39348.png'
33:54.877  render           | Saved: '/tmp/clearvla_eval_opaque_39348.png'
33:55.857  render           | Saved: '/tmp/clearvla_eval_opaque_39348.png'
34:00.389  render           | Saved: '/tmp/clearvla_eval_opaque_39348.png'
34:00.932  render           | Saved: '/tmp/clearvla_eval_opaque_39348.png'
34:01.584  render           | Saved: '/tmp/clearvla_eval_opaque_39348.png'
34:02.689  render           | Saved: '/tmp/clearvla_eval_opaque_39348.png'
34:05.070  render           | Saved: '/tmp/clearvla_eval_opaque_39348.png'
34:05.581  render           | Saved: '/tmp/clearvla_eval_opaque_39348.png'
34:06.231  render           | Saved: '/tmp/clearvla_eval_opaque_39348.png'
34:06.681  render           | Saved: '/tmp/clearvla_eval_opaque_39348.png'
34:07.189  render           | Saved: '/tmp/clearvla_eval_opaque_39348.png'
34:07.639  render           | Saved: '/tmp/clearvla_eval_opaque_39348.png'
34:08.175  render           | Saved: '/tmp/clearvla_eval_opaque_39348.png'
34:08.940  render           | Saved: '/tmp/clearvla_eval_opaque_39348.png'
34:09.686  render           | Saved: '/tmp/clearvla_eval_opaque_39348.png'
34:10.525  render           | Saved: '/tmp/clearvla_eval_opaque_39348.png'
34:11.426  render           | Saved: '/tmp/clearvla_eval_opaque_39348.png'
34:12.254  render           | Saved: '/tmp/clearvla_eval_opaque_39348.png'
34:13.465  render           | Saved: '/tmp/clearvla_eval_opaque_39348.png'
34:14.482  render           | Saved: '/tmp/clearvla_eval_opaque_39348.png'
34:17.594  render           | Saved: '/tmp/clearvla_eval_opaque_39348.png'
34:18.429  render           | Saved: '/tmp/clearvla_eval_opaque_39348.png'
34:19.448  render           | Saved: '/tmp/clearvla_eval_opaque_39348.png'
34:20.155  render           | Saved: '/tmp/clearvla_eval_opaque_39348.png'
34:23.444  render           | Saved: '/tmp/clearvla_eval_opaque_39348.png'
34:23.996  render           | Saved: '/tmp/clearvla_eval_opaque_39348.png'
34:24.763  render           | Saved: '/tmp/clearvla_eval_opaque_39348.png'
34:25.365  render           | Saved: '/tmp/clearvla_eval_opaque_39348.png'
34:26.344  render           | Saved: '/tmp/clearvla_eval_opaque_39348.png'
34:27.217  render           | Saved: '/tmp/clearvla_eval_opaque_39348.png'
34:30.504  render           | Saved: '/tmp/clearvla_eval_opaque_39348.png'
34:31.244  render           | Saved: '/tmp/clearvla_eval_opaque_39348.png'
34:31.985  render           | Saved: '/tmp/clearvla_eval_opaque_39348.png'
34:32.824  render           | Saved: '/tmp/clearvla_eval_opaque_39348.png'
34:34.272  render           | Saved: '/tmp/clearvla_eval_opaque_39348.png'
34:34.871  render           | Saved: '/tmp/clearvla_eval_opaque_39348.png'
34:38.522  render           | Saved: '/tmp/clearvla_eval_opaque_39348.png'
34:39.135  render           | Saved: '/tmp/clearvla_eval_opaque_39348.png'
34:39.873  render           | Saved: '/tmp/clearvla_eval_opaque_39348.png'
34:40.358  render           | Saved: '/tmp/clearvla_eval_opaque_39348.png'
34:43.687  render           | Saved: '/tmp/clearvla_eval_opaque_39348.png'
34:44.397  render           | Saved: '/tmp/clearvla_eval_opaque_39348.png'
34:49.528  render           | Saved: '/tmp/clearvla_eval_opaque_39348.png'
34:50.526  render           | Saved: '/tmp/clearvla_eval_opaque_39348.png'
34:52.423  render           | Saved: '/tmp/clearvla_eval_opaque_39348.png'
34:53.590  render           | Saved: '/tmp/clearvla_eval_opaque_39348.png'
34:55.061  render           | Saved: '/tmp/clearvla_eval_opaque_39348.png'
34:55.538  render           | Saved: '/tmp/clearvla_eval_opaque_39348.png'
34:56.027  render           | Saved: '/tmp/clearvla_eval_opaque_39348.png'
34:56.486  render           | Saved: '/tmp/clearvla_eval_opaque_39348.png'
34:57.013  render           | Saved: '/tmp/clearvla_eval_opaque_39348.png'
34:58.088  render           | Saved: '/tmp/clearvla_eval_opaque_39348.png'
34:58.944  render           | Saved: '/tmp/clearvla_eval_opaque_39348.png'
35:00.171  render           | Saved: '/tmp/clearvla_eval_opaque_39348.png'
35:03.501  render           | Saved: '/tmp/clearvla_eval_opaque_39348.png'
35:04.389  render           | Saved: '/tmp/clearvla_eval_opaque_39348.png'
35:05.430  render           | Saved: '/tmp/clearvla_eval_opaque_39348.png'
35:05.986  render           | Saved: '/tmp/clearvla_eval_opaque_39348.png'
35:06.659  render           | Saved: '/tmp/clearvla_eval_opaque_39348.png'
35:08.276  render           | Saved: '/tmp/clearvla_eval_opaque_39348.png'
35:11.744  render           | Saved: '/tmp/clearvla_eval_opaque_39348.png'
35:12.656  render           | Saved: '/tmp/clearvla_eval_opaque_39348.png'
35:13.499  render           | Saved: '/tmp/clearvla_eval_opaque_39348.png'
35:14.132  render           | Saved: '/tmp/clearvla_eval_opaque_39348.png'
35:14.832  render           | Saved: '/tmp/clearvla_eval_opaque_39348.png'
35:15.905  render           | Saved: '/tmp/clearvla_eval_opaque_39348.png'
35:19.329  render           | Saved: '/tmp/clearvla_eval_opaque_39348.png'
35:20.559  render           | Saved: '/tmp/clearvla_eval_opaque_39348.png'
35:21.249  render           | Saved: '/tmp/clearvla_eval_opaque_39348.png'
35:21.696  render           | Saved: '/tmp/clearvla_eval_opaque_39348.png'
35:22.218  render           | Saved: '/tmp/clearvla_eval_opaque_39348.png'
35:23.629  render           | Saved: '/tmp/clearvla_eval_opaque_39348.png'
35:26.593  render           | Saved: '/tmp/clearvla_eval_opaque_39348.png'
35:27.509  render           | Saved: '/tmp/clearvla_eval_opaque_39348.png'
35:29.727  render           | Saved: '/tmp/clearvla_eval_opaque_39348.png'
35:30.297  render           | Saved: '/tmp/clearvla_eval_opaque_39348.png'
35:30.952  render           | Saved: '/tmp/clearvla_eval_opaque_39348.png'
35:31.439  render           | Saved: '/tmp/clearvla_eval_opaque_39348.png'
35:31.987  render           | Saved: '/tmp/clearvla_eval_opaque_39348.png'
35:33.238  render           | Saved: '/tmp/clearvla_eval_opaque_39348.png'
35:34.795  render           | Saved: '/tmp/clearvla_eval_opaque_39348.png'
35:35.374  render           | Saved: '/tmp/clearvla_eval_opaque_39348.png'
35:35.932  render           | Saved: '/tmp/clearvla_eval_opaque_39348.png'
35:36.391  render           | Saved: '/tmp/clearvla_eval_opaque_39348.png'
35:36.940  render           | Saved: '/tmp/clearvla_eval_opaque_39348.png'
35:38.544  render           | Saved: '/tmp/clearvla_eval_opaque_39348.png'
35:39.304  render           | Saved: '/tmp/clearvla_eval_opaque_39348.png'
35:39.737  render           | Saved: '/tmp/clearvla_eval_opaque_39348.png'
35:40.237  render           | Saved: '/tmp/clearvla_eval_opaque_39348.png'
35:40.666  render           | Saved: '/tmp/clearvla_eval_opaque_39348.png'
35:41.165  render           | Saved: '/tmp/clearvla_eval_opaque_39348.png'
35:41.601  render           | Saved: '/tmp/clearvla_eval_opaque_39348.png'
35:42.107  render           | Saved: '/tmp/clearvla_eval_opaque_39348.png'
35:42.545  render           | Saved: '/tmp/clearvla_eval_opaque_39348.png'
35:43.521  render           | Saved: '/tmp/clearvla_eval_opaque_39348.png'
35:44.379  render           | Saved: '/tmp/clearvla_eval_opaque_39348.png'
35:45.178  render           | Saved: '/tmp/clearvla_eval_opaque_39348.png'
35:45.554  render           | Saved: '/tmp/clearvla_eval_opaque_39348.png'
35:46.061  render           | Saved: '/tmp/clearvla_eval_opaque_39348.png'
35:46.470  render           | Saved: '/tmp/clearvla_eval_opaque_39348.png'
35:47.219  render           | Saved: '/tmp/clearvla_eval_opaque_39348.png'
35:47.786  render           | Saved: '/tmp/clearvla_eval_opaque_39348.png'
35:48.626  render           | Saved: '/tmp/clearvla_eval_opaque_39348.png'
35:49.338  render           | Saved: '/tmp/clearvla_eval_opaque_39348.png'
35:50.405  render           | Saved: '/tmp/clearvla_eval_opaque_39348.png'
35:51.117  render           | Saved: '/tmp/clearvla_eval_opaque_39348.png'
35:51.833  render           | Saved: '/tmp/clearvla_eval_opaque_39348.png'
35:52.284  render           | Saved: '/tmp/clearvla_eval_opaque_39348.png'
35:52.797  render           | Saved: '/tmp/clearvla_eval_opaque_39348.png'
35:53.299  render           | Saved: '/tmp/clearvla_eval_opaque_39348.png'
35:54.417  render           | Saved: '/tmp/clearvla_eval_opaque_39348.png'
35:54.965  render           | Saved: '/tmp/clearvla_eval_opaque_39348.png'
35:55.583  render           | Saved: '/tmp/clearvla_eval_opaque_39348.png'
35:55.954  render           | Saved: '/tmp/clearvla_eval_opaque_39348.png'
35:57.061  render           | Saved: '/tmp/clearvla_eval_opaque_39348.png'
35:57.652  render           | Saved: '/tmp/clearvla_eval_opaque_39348.png'
36:00.530  render           | Saved: '/tmp/clearvla_eval_opaque_39348.png'
36:00.968  render           | Saved: '/tmp/clearvla_eval_opaque_39348.png'
36:01.481  render           | Saved: '/tmp/clearvla_eval_opaque_39348.png'
36:03.069  render           | Saved: '/tmp/clearvla_eval_opaque_39348.png'
36:06.956  render           | Saved: '/tmp/clearvla_eval_opaque_39348.png'
36:08.140  render           | Saved: '/tmp/clearvla_eval_opaque_39348.png'
36:10.986  render           | Saved: '/tmp/clearvla_eval_opaque_39348.png'
36:11.593  render           | Saved: '/tmp/clearvla_eval_opaque_39348.png'
36:15.293  render           | Saved: '/tmp/clearvla_eval_opaque_39348.png'
36:16.320  render           | Saved: '/tmp/clearvla_eval_opaque_39348.png'
36:17.032  render           | Saved: '/tmp/clearvla_eval_opaque_39348.png'
36:17.961  render           | Saved: '/tmp/clearvla_eval_opaque_39348.png'
36:20.521  render           | Saved: '/tmp/clearvla_eval_opaque_39348.png'
36:21.217  render           | Saved: '/tmp/clearvla_eval_opaque_39348.png'
36:24.653  render           | Saved: '/tmp/clearvla_eval_opaque_39348.png'
36:25.315  render           | Saved: '/tmp/clearvla_eval_opaque_39348.png'
36:26.141  render           | Saved: '/tmp/clearvla_eval_opaque_39348.png'
36:27.108  render           | Saved: '/tmp/clearvla_eval_opaque_39348.png'
36:27.935  render           | Saved: '/tmp/clearvla_eval_opaque_39348.png'
36:28.359  render           | Saved: '/tmp/clearvla_eval_opaque_39348.png'
36:28.992  render           | Saved: '/tmp/clearvla_eval_opaque_39348.png'
36:29.612  render           | Saved: '/tmp/clearvla_eval_opaque_39348.png'
36:30.731  render           | Saved: '/tmp/clearvla_eval_opaque_39348.png'
36:31.235  render           | Saved: '/tmp/clearvla_eval_opaque_39348.png'
36:32.187  render           | Saved: '/tmp/clearvla_eval_opaque_39348.png'
36:32.722  render           | Saved: '/tmp/clearvla_eval_opaque_39348.png'
36:33.533  render           | Saved: '/tmp/clearvla_eval_opaque_39348.png'
36:34.593  render           | Saved: '/tmp/clearvla_eval_opaque_39348.png'
36:37.831  render           | Saved: '/tmp/clearvla_eval_opaque_39348.png'
36:38.407  render           | Saved: '/tmp/clearvla_eval_opaque_39348.png'
36:40.184  render           | Saved: '/tmp/clearvla_eval_opaque_39348.png'
36:41.309  render           | Saved: '/tmp/clearvla_eval_opaque_39348.png'
36:44.130  render           | Saved: '/tmp/clearvla_eval_opaque_39348.png'
36:44.679  render           | Saved: '/tmp/clearvla_eval_opaque_39348.png'
36:45.360  render           | Saved: '/tmp/clearvla_eval_opaque_39348.png'
36:45.908  render           | Saved: '/tmp/clearvla_eval_opaque_39348.png'
36:46.627  render           | Saved: '/tmp/clearvla_eval_opaque_39348.png'
36:47.299  render           | Saved: '/tmp/clearvla_eval_opaque_39348.png'
36:48.857  render           | Saved: '/tmp/clearvla_eval_opaque_39348.png'
36:49.400  render           | Saved: '/tmp/clearvla_eval_opaque_39348.png'
36:50.487  render           | Saved: '/tmp/clearvla_eval_opaque_39348.png'
36:50.933  render           | Saved: '/tmp/clearvla_eval_opaque_39348.png'
36:51.417  render           | Saved: '/tmp/clearvla_eval_opaque_39348.png'
36:51.885  render           | Saved: '/tmp/clearvla_eval_opaque_39348.png'
36:53.402  render           | Saved: '/tmp/clearvla_eval_opaque_39348.png'
36:54.057  render           | Saved: '/tmp/clearvla_eval_opaque_39348.png'
36:55.774  render           | Saved: '/tmp/clearvla_eval_opaque_39348.png'
36:56.173  render           | Saved: '/tmp/clearvla_eval_opaque_39348.png'
36:56.693  render           | Saved: '/tmp/clearvla_eval_opaque_39348.png'
36:57.111  render           | Saved: '/tmp/clearvla_eval_opaque_39348.png'
36:58.329  render           | Saved: '/tmp/clearvla_eval_opaque_39348.png'
36:58.940  render           | Saved: '/tmp/clearvla_eval_opaque_39348.png'
37:00.349  render           | Saved: '/tmp/clearvla_eval_opaque_39348.png'
37:00.955  render           | Saved: '/tmp/clearvla_eval_opaque_39348.png'
37:01.587  render           | Saved: '/tmp/clearvla_eval_opaque_39348.png'
37:01.972  render           | Saved: '/tmp/clearvla_eval_opaque_39348.png'
37:02.518  render           | Saved: '/tmp/clearvla_eval_opaque_39348.png'
37:02.958  render           | Saved: '/tmp/clearvla_eval_opaque_39348.png'
37:03.462  render           | Saved: '/tmp/clearvla_eval_opaque_39348.png'
37:03.841  render           | Saved: '/tmp/clearvla_eval_opaque_39348.png'
37:04.379  render           | Saved: '/tmp/clearvla_eval_opaque_39348.png'
37:05.393  render           | Saved: '/tmp/clearvla_eval_opaque_39348.png'
37:06.580  render           | Saved: '/tmp/clearvla_eval_opaque_39348.png'
37:07.116  render           | Saved: '/tmp/clearvla_eval_opaque_39348.png'
37:08.212  render           | Saved: '/tmp/clearvla_eval_opaque_39348.png'
37:08.679  render           | Saved: '/tmp/clearvla_eval_opaque_39348.png'
37:09.204  render           | Saved: '/tmp/clearvla_eval_opaque_39348.png'
37:09.641  render           | Saved: '/tmp/clearvla_eval_opaque_39348.png'
37:10.147  render           | Saved: '/tmp/clearvla_eval_opaque_39348.png'
37:10.593  render           | Saved: '/tmp/clearvla_eval_opaque_39348.png'
37:11.872  render           | Saved: '/tmp/clearvla_eval_opaque_39348.png'
37:12.563  render           | Saved: '/tmp/clearvla_eval_opaque_39348.png'
37:13.215  render           | Saved: '/tmp/clearvla_eval_opaque_39348.png'
37:13.658  render           | Saved: '/tmp/clearvla_eval_opaque_39348.png'
37:14.194  render           | Saved: '/tmp/clearvla_eval_opaque_39348.png'
37:15.309  render           | Saved: '/tmp/clearvla_eval_opaque_39348.png'
37:20.511  render           | Saved: '/tmp/clearvla_eval_opaque_39348.png'
37:21.175  render           | Saved: '/tmp/clearvla_eval_opaque_39348.png'
37:25.792  render           | Saved: '/tmp/clearvla_eval_opaque_39348.png'
37:26.492  render           | Saved: '/tmp/clearvla_eval_opaque_39348.png'
37:27.203  render           | Saved: '/tmp/clearvla_eval_opaque_39348.png'
37:27.643  render           | Saved: '/tmp/clearvla_eval_opaque_39348.png'
37:28.168  render           | Saved: '/tmp/clearvla_eval_opaque_39348.png'
37:29.739  render           | Saved: '/tmp/clearvla_eval_opaque_39348.png'
37:32.458  render           | Saved: '/tmp/clearvla_eval_opaque_39348.png'
37:33.361  render           | Saved: '/tmp/clearvla_eval_opaque_39348.png'
37:34.817  render           | Saved: '/tmp/clearvla_eval_opaque_39348.png'
37:36.233  render           | Saved: '/tmp/clearvla_eval_opaque_39348.png'
37:39.497  render           | Saved: '/tmp/clearvla_eval_opaque_39348.png'
37:39.967  render           | Saved: '/tmp/clearvla_eval_opaque_39348.png'
37:40.644  render           | Saved: '/tmp/clearvla_eval_opaque_39348.png'
37:41.065  render           | Saved: '/tmp/clearvla_eval_opaque_39348.png'
37:41.595  render           | Saved: '/tmp/clearvla_eval_opaque_39348.png'
37:42.017  render           | Saved: '/tmp/clearvla_eval_opaque_39348.png'
37:43.889  render           | Saved: '/tmp/clearvla_eval_opaque_39348.png'
37:44.431  render           | Saved: '/tmp/clearvla_eval_opaque_39348.png'
37:45.205  render           | Saved: '/tmp/clearvla_eval_opaque_39348.png'
37:45.628  render           | Saved: '/tmp/clearvla_eval_opaque_39348.png'
37:46.264  render           | Saved: '/tmp/clearvla_eval_opaque_39348.png'
37:47.205  render           | Saved: '/tmp/clearvla_eval_opaque_39348.png'
37:48.114  render           | Saved: '/tmp/clearvla_eval_opaque_39348.png'
37:48.870  render           | Saved: '/tmp/clearvla_eval_opaque_39348.png'
37:49.712  render           | Saved: '/tmp/clearvla_eval_opaque_39348.png'
37:51.198  render           | Saved: '/tmp/clearvla_eval_opaque_39348.png'
37:55.704  render           | Saved: '/tmp/clearvla_eval_opaque_39348.png'
37:56.634  render           | Saved: '/tmp/clearvla_eval_opaque_39348.png'
37:58.124  render           | Saved: '/tmp/clearvla_eval_opaque_39348.png'
37:58.559  render           | Saved: '/tmp/clearvla_eval_opaque_39348.png'
37:59.104  render           | Saved: '/tmp/clearvla_eval_opaque_39348.png'
37:59.757  render           | Saved: '/tmp/clearvla_eval_opaque_39348.png'
38:01.299  render           | Saved: '/tmp/clearvla_eval_opaque_39348.png'
38:01.875  render           | Saved: '/tmp/clearvla_eval_opaque_39348.png'
38:02.580  render           | Saved: '/tmp/clearvla_eval_opaque_39348.png'
38:03.053  render           | Saved: '/tmp/clearvla_eval_opaque_39348.png'
38:05.071  render           | Saved: '/tmp/clearvla_eval_opaque_39348.png'
38:05.890  render           | Saved: '/tmp/clearvla_eval_opaque_39348.png'
38:06.914  render           | Saved: '/tmp/clearvla_eval_opaque_39348.png'
38:07.304  render           | Saved: '/tmp/clearvla_eval_opaque_39348.png'
38:07.829  render           | Saved: '/tmp/clearvla_eval_opaque_39348.png'
38:08.190  render           | Saved: '/tmp/clearvla_eval_opaque_39348.png'
38:08.709  render           | Saved: '/tmp/clearvla_eval_opaque_39348.png'
38:09.469  render           | Saved: '/tmp/clearvla_eval_opaque_39348.png'
38:11.968  render           | Saved: '/tmp/clearvla_eval_opaque_39348.png'
38:12.623  render           | Saved: '/tmp/clearvla_eval_opaque_39348.png'
38:13.303  render           | Saved: '/tmp/clearvla_eval_opaque_39348.png'
38:13.789  render           | Saved: '/tmp/clearvla_eval_opaque_39348.png'
38:14.836  render           | Saved: '/tmp/clearvla_eval_opaque_39348.png'
38:15.469  render           | Saved: '/tmp/clearvla_eval_opaque_39348.png'
38:16.124  render           | Saved: '/tmp/clearvla_eval_opaque_39348.png'
38:16.570  render           | Saved: '/tmp/clearvla_eval_opaque_39348.png'
38:17.228  render           | Saved: '/tmp/clearvla_eval_opaque_39348.png'
38:17.723  render           | Saved: '/tmp/clearvla_eval_opaque_39348.png'
38:18.448  render           | Saved: '/tmp/clearvla_eval_opaque_39348.png'
38:19.731  render           | Saved: '/tmp/clearvla_eval_opaque_39348.png'
38:23.535  render           | Saved: '/tmp/clearvla_eval_opaque_39348.png'
38:24.013  render           | Saved: '/tmp/clearvla_eval_opaque_39348.png'
38:25.395  render           | Saved: '/tmp/clearvla_eval_opaque_39348.png'
38:26.325  render           | Saved: '/tmp/clearvla_eval_opaque_39348.png'
38:30.106  render           | Saved: '/tmp/clearvla_eval_opaque_39348.png'
38:30.512  render           | Saved: '/tmp/clearvla_eval_opaque_39348.png'
38:31.647  render           | Saved: '/tmp/clearvla_eval_opaque_39348.png'
38:32.331  render           | Saved: '/tmp/clearvla_eval_opaque_39348.png'
38:33.094  render           | Saved: '/tmp/clearvla_eval_opaque_39348.png'
38:33.552  render           | Saved: '/tmp/clearvla_eval_opaque_39348.png'
38:34.076  render           | Saved: '/tmp/clearvla_eval_opaque_39348.png'
38:34.528  render           | Saved: '/tmp/clearvla_eval_opaque_39348.png'
38:35.489  render           | Saved: '/tmp/clearvla_eval_opaque_39348.png'
38:35.941  render           | Saved: '/tmp/clearvla_eval_opaque_39348.png'
38:36.474  render           | Saved: '/tmp/clearvla_eval_opaque_39348.png'
38:37.642  render           | Saved: '/tmp/clearvla_eval_opaque_39348.png'
38:40.737  render           | Saved: '/tmp/clearvla_eval_opaque_39348.png'
38:41.338  render           | Saved: '/tmp/clearvla_eval_opaque_39348.png'
38:44.218  render           | Saved: '/tmp/clearvla_eval_opaque_39348.png'
38:44.881  render           | Saved: '/tmp/clearvla_eval_opaque_39348.png'
38:45.722  render           | Saved: '/tmp/clearvla_eval_opaque_39348.png'
38:46.525  render           | Saved: '/tmp/clearvla_eval_opaque_39348.png'
38:47.480  render           | Saved: '/tmp/clearvla_eval_opaque_39348.png'
38:48.573  render           | Saved: '/tmp/clearvla_eval_opaque_39348.png'
38:52.145  render           | Saved: '/tmp/clearvla_eval_opaque_39348.png'
38:52.882  render           | Saved: '/tmp/clearvla_eval_opaque_39348.png'
38:56.438  render           | Saved: '/tmp/clearvla_eval_opaque_39348.png'
38:57.330  render           | Saved: '/tmp/clearvla_eval_opaque_39348.png'
39:00.025  render           | Saved: '/tmp/clearvla_eval_opaque_39348.png'
39:00.731  render           | Saved: '/tmp/clearvla_eval_opaque_39348.png'
39:03.589  render           | Saved: '/tmp/clearvla_eval_opaque_39348.png'
39:04.781  render           | Saved: '/tmp/clearvla_eval_opaque_39348.png'
39:07.956  render           | Saved: '/tmp/clearvla_eval_opaque_39348.png'
39:08.594  render           | Saved: '/tmp/clearvla_eval_opaque_39348.png'
39:09.326  render           | Saved: '/tmp/clearvla_eval_opaque_39348.png'
39:09.766  render           | Saved: '/tmp/clearvla_eval_opaque_39348.png'
39:10.274  render           | Saved: '/tmp/clearvla_eval_opaque_39348.png'
39:10.716  render           | Saved: '/tmp/clearvla_eval_opaque_39348.png'
39:11.216  render           | Saved: '/tmp/clearvla_eval_opaque_39348.png'
39:11.657  render           | Saved: '/tmp/clearvla_eval_opaque_39348.png'
39:12.174  render           | Saved: '/tmp/clearvla_eval_opaque_39348.png'
39:12.771  render           | Saved: '/tmp/clearvla_eval_opaque_39348.png'
39:13.911  render           | Saved: '/tmp/clearvla_eval_opaque_39348.png'
39:14.479  render           | Saved: '/tmp/clearvla_eval_opaque_39348.png'
39:15.909  render           | Saved: '/tmp/clearvla_eval_opaque_39348.png'
39:16.462  render           | Saved: '/tmp/clearvla_eval_opaque_39348.png'
39:17.128  render           | Saved: '/tmp/clearvla_eval_opaque_39348.png'
39:17.577  render           | Saved: '/tmp/clearvla_eval_opaque_39348.png'
39:18.080  render           | Saved: '/tmp/clearvla_eval_opaque_39348.png'
39:18.558  render           | Saved: '/tmp/clearvla_eval_opaque_39348.png'
39:19.424  render           | Saved: '/tmp/clearvla_eval_opaque_39348.png'
39:20.163  render           | Saved: '/tmp/clearvla_eval_opaque_39348.png'
39:20.906  render           | Saved: '/tmp/clearvla_eval_opaque_39348.png'
39:21.294  render           | Saved: '/tmp/clearvla_eval_opaque_39348.png'
39:21.986  render           | Saved: '/tmp/clearvla_eval_opaque_39348.png'
39:22.523  render           | Saved: '/tmp/clearvla_eval_opaque_39348.png'
39:23.210  render           | Saved: '/tmp/clearvla_eval_opaque_39348.png'
39:23.617  render           | Saved: '/tmp/clearvla_eval_opaque_39348.png'
39:24.447  render           | Saved: '/tmp/clearvla_eval_opaque_39348.png'
39:24.963  render           | Saved: '/tmp/clearvla_eval_opaque_39348.png'
39:25.639  render           | Saved: '/tmp/clearvla_eval_opaque_39348.png'
39:26.292  render           | Saved: '/tmp/clearvla_eval_opaque_39348.png'
39:27.567  render           | Saved: '/tmp/clearvla_eval_opaque_39348.png'
39:28.353  render           | Saved: '/tmp/clearvla_eval_opaque_39348.png'
39:31.679  render           | Saved: '/tmp/clearvla_eval_opaque_39348.png'
39:32.812  render           | Saved: '/tmp/clearvla_eval_opaque_39348.png'
39:35.619  render           | Saved: '/tmp/clearvla_eval_opaque_39348.png'
39:36.244  render           | Saved: '/tmp/clearvla_eval_opaque_39348.png'
39:38.815  render           | Saved: '/tmp/clearvla_eval_opaque_39348.png'
39:39.327  render           | Saved: '/tmp/clearvla_eval_opaque_39348.png'
39:40.540  render           | Saved: '/tmp/clearvla_eval_opaque_39348.png'
39:41.279  render           | Saved: '/tmp/clearvla_eval_opaque_39348.png'
39:42.025  render           | Saved: '/tmp/clearvla_eval_opaque_39348.png'
39:42.483  render           | Saved: '/tmp/clearvla_eval_opaque_39348.png'
39:43.579  render           | Saved: '/tmp/clearvla_eval_opaque_39348.png'
39:44.291  render           | Saved: '/tmp/clearvla_eval_opaque_39348.png'
39:45.060  render           | Saved: '/tmp/clearvla_eval_opaque_39348.png'
39:45.453  render           | Saved: '/tmp/clearvla_eval_opaque_39348.png'
39:45.968  render           | Saved: '/tmp/clearvla_eval_opaque_39348.png'
39:46.338  render           | Saved: '/tmp/clearvla_eval_opaque_39348.png'
39:46.849  render           | Saved: '/tmp/clearvla_eval_opaque_39348.png'
39:47.224  render           | Saved: '/tmp/clearvla_eval_opaque_39348.png'
39:47.800  render           | Saved: '/tmp/clearvla_eval_opaque_39348.png'
39:49.025  render           | Saved: '/tmp/clearvla_eval_opaque_39348.png'
39:51.796  render           | Saved: '/tmp/clearvla_eval_opaque_39348.png'
39:52.623  render           | Saved: '/tmp/clearvla_eval_opaque_39348.png'
39:53.457  render           | Saved: '/tmp/clearvla_eval_opaque_39348.png'
39:54.553  render           | Saved: '/tmp/clearvla_eval_opaque_39348.png'
39:57.358  render           | Saved: '/tmp/clearvla_eval_opaque_39348.png'
39:57.950  render           | Saved: '/tmp/clearvla_eval_opaque_39348.png'
39:59.383  render           | Saved: '/tmp/clearvla_eval_opaque_39348.png'
39:59.780  render           | Saved: '/tmp/clearvla_eval_opaque_39348.png'
40:00.328  render           | Saved: '/tmp/clearvla_eval_opaque_39348.png'
40:01.374  render           | Saved: '/tmp/clearvla_eval_opaque_39348.png'
40:06.789  render           | Saved: '/tmp/clearvla_eval_opaque_39348.png'
40:07.697  render           | Saved: '/tmp/clearvla_eval_opaque_39348.png'
40:11.627  render           | Saved: '/tmp/clearvla_eval_opaque_39348.png'
40:13.130  render           | Saved: '/tmp/clearvla_eval_opaque_39348.png'
40:16.199  render           | Saved: '/tmp/clearvla_eval_opaque_39348.png'
40:16.768  render           | Saved: '/tmp/clearvla_eval_opaque_39348.png'
40:17.869  render           | Saved: '/tmp/clearvla_eval_opaque_39348.png'
40:18.797  render           | Saved: '/tmp/clearvla_eval_opaque_39348.png'
40:21.915  render           | Saved: '/tmp/clearvla_eval_opaque_39348.png'
40:23.011  render           | Saved: '/tmp/clearvla_eval_opaque_39348.png'
40:25.645  render           | Saved: '/tmp/clearvla_eval_opaque_39348.png'
40:26.294  render           | Saved: '/tmp/clearvla_eval_opaque_39348.png'
40:28.615  render           | Saved: '/tmp/clearvla_eval_opaque_39348.png'
40:29.315  render           | Saved: '/tmp/clearvla_eval_opaque_39348.png'
40:30.009  render           | Saved: '/tmp/clearvla_eval_opaque_39348.png'
40:31.077  render           | Saved: '/tmp/clearvla_eval_opaque_39348.png'
40:34.813  render           | Saved: '/tmp/clearvla_eval_opaque_39348.png'
40:35.869  render           | Saved: '/tmp/clearvla_eval_opaque_39348.png'
40:39.162  render           | Saved: '/tmp/clearvla_eval_opaque_39348.png'
40:39.714  render           | Saved: '/tmp/clearvla_eval_opaque_39348.png'
40:40.395  render           | Saved: '/tmp/clearvla_eval_opaque_39348.png'
40:40.849  render           | Saved: '/tmp/clearvla_eval_opaque_39348.png'
40:41.383  render           | Saved: '/tmp/clearvla_eval_opaque_39348.png'
40:41.816  render           | Saved: '/tmp/clearvla_eval_opaque_39348.png'
40:42.337  render           | Saved: '/tmp/clearvla_eval_opaque_39348.png'
40:43.333  render           | Saved: '/tmp/clearvla_eval_opaque_39348.png'
40:45.554  render           | Saved: '/tmp/clearvla_eval_opaque_39348.png'
40:46.165  render           | Saved: '/tmp/clearvla_eval_opaque_39348.png'
40:47.321  render           | Saved: '/tmp/clearvla_eval_opaque_39348.png'
40:47.846  render           | Saved: '/tmp/clearvla_eval_opaque_39348.png'
40:48.387  render           | Saved: '/tmp/clearvla_eval_opaque_39348.png'
40:49.794  render           | Saved: '/tmp/clearvla_eval_opaque_39348.png'
40:53.524  render           | Saved: '/tmp/clearvla_eval_opaque_39348.png'
40:54.101  render           | Saved: '/tmp/clearvla_eval_opaque_39348.png'
40:54.776  render           | Saved: '/tmp/clearvla_eval_opaque_39348.png'
40:55.210  render           | Saved: '/tmp/clearvla_eval_opaque_39348.png'
40:55.724  render           | Saved: '/tmp/clearvla_eval_opaque_39348.png'
40:56.136  render           | Saved: '/tmp/clearvla_eval_opaque_39348.png'
40:56.674  render           | Saved: '/tmp/clearvla_eval_opaque_39348.png'
40:57.445  render           | Saved: '/tmp/clearvla_eval_opaque_39348.png'
40:58.144  render           | Saved: '/tmp/clearvla_eval_opaque_39348.png'
40:59.393  render           | Saved: '/tmp/clearvla_eval_opaque_39348.png'
41:03.184  render           | Saved: '/tmp/clearvla_eval_opaque_39348.png'
41:04.079  render           | Saved: '/tmp/clearvla_eval_opaque_39348.png'
41:04.899  render           | Saved: '/tmp/clearvla_eval_opaque_39348.png'
41:05.341  render           | Saved: '/tmp/clearvla_eval_opaque_39348.png'
41:05.847  render           | Saved: '/tmp/clearvla_eval_opaque_39348.png'
41:06.243  render           | Saved: '/tmp/clearvla_eval_opaque_39348.png'
41:06.734  render           | Saved: '/tmp/clearvla_eval_opaque_39348.png'
41:07.180  render           | Saved: '/tmp/clearvla_eval_opaque_39348.png'
41:08.003  render           | Saved: '/tmp/clearvla_eval_opaque_39348.png'
41:08.625  render           | Saved: '/tmp/clearvla_eval_opaque_39348.png'
41:09.473  render           | Saved: '/tmp/clearvla_eval_opaque_39348.png'
41:10.442  render           | Saved: '/tmp/clearvla_eval_opaque_39348.png'
41:13.696  render           | Saved: '/tmp/clearvla_eval_opaque_39348.png'
41:14.544  render           | Saved: '/tmp/clearvla_eval_opaque_39348.png'
41:15.283  render           | Saved: '/tmp/clearvla_eval_opaque_39348.png'
41:16.504  render           | Saved: '/tmp/clearvla_eval_opaque_39348.png'
41:19.293  render           | Saved: '/tmp/clearvla_eval_opaque_39348.png'
41:19.820  render           | Saved: '/tmp/clearvla_eval_opaque_39348.png'
41:20.487  render           | Saved: '/tmp/clearvla_eval_opaque_39348.png'
41:21.298  render           | Saved: '/tmp/clearvla_eval_opaque_39348.png'
41:22.577  render           | Saved: '/tmp/clearvla_eval_opaque_39348.png'
41:23.082  render           | Saved: '/tmp/clearvla_eval_opaque_39348.png'
41:23.795  render           | Saved: '/tmp/clearvla_eval_opaque_39348.png'
41:24.254  render           | Saved: '/tmp/clearvla_eval_opaque_39348.png'
41:25.022  render           | Saved: '/tmp/clearvla_eval_opaque_39348.png'
41:25.873  render           | Saved: '/tmp/clearvla_eval_opaque_39348.png'
41:26.790  render           | Saved: '/tmp/clearvla_eval_opaque_39348.png'
41:27.220  render           | Saved: '/tmp/clearvla_eval_opaque_39348.png'
41:28.129  render           | Saved: '/tmp/clearvla_eval_opaque_39348.png'
41:28.643  render           | Saved: '/tmp/clearvla_eval_opaque_39348.png'
41:30.687  render           | Saved: '/tmp/clearvla_eval_opaque_39348.png'
41:31.354  render           | Saved: '/tmp/clearvla_eval_opaque_39348.png'
41:32.098  render           | Saved: '/tmp/clearvla_eval_opaque_39348.png'
41:32.856  render           | Saved: '/tmp/clearvla_eval_opaque_39348.png'
41:35.823  render           | Saved: '/tmp/clearvla_eval_opaque_39348.png'
41:36.473  render           | Saved: '/tmp/clearvla_eval_opaque_39348.png'
41:39.891  render           | Saved: '/tmp/clearvla_eval_opaque_39348.png'
41:40.836  render           | Saved: '/tmp/clearvla_eval_opaque_39348.png'
41:42.785  render           | Saved: '/tmp/clearvla_eval_opaque_39348.png'
41:43.407  render           | Saved: '/tmp/clearvla_eval_opaque_39348.png'
41:44.050  render           | Saved: '/tmp/clearvla_eval_opaque_39348.png'
41:45.329  render           | Saved: '/tmp/clearvla_eval_opaque_39348.png'
41:49.400  render           | Saved: '/tmp/clearvla_eval_opaque_39348.png'
41:49.975  render           | Saved: '/tmp/clearvla_eval_opaque_39348.png'
41:50.855  render           | Saved: '/tmp/clearvla_eval_opaque_39348.png'
41:51.299  render           | Saved: '/tmp/clearvla_eval_opaque_39348.png'
41:51.794  render           | Saved: '/tmp/clearvla_eval_opaque_39348.png'
41:52.240  render           | Saved: '/tmp/clearvla_eval_opaque_39348.png'
41:52.761  render           | Saved: '/tmp/clearvla_eval_opaque_39348.png'
41:53.212  render           | Saved: '/tmp/clearvla_eval_opaque_39348.png'
41:54.174  render           | Saved: '/tmp/clearvla_eval_opaque_39348.png'
41:54.734  render           | Saved: '/tmp/clearvla_eval_opaque_39348.png'
41:55.955  render           | Saved: '/tmp/clearvla_eval_opaque_39348.png'
41:56.693  render           | Saved: '/tmp/clearvla_eval_opaque_39348.png'
41:57.548  render           | Saved: '/tmp/clearvla_eval_opaque_39348.png'
41:57.953  render           | Saved: '/tmp/clearvla_eval_opaque_39348.png'
41:58.451  render           | Saved: '/tmp/clearvla_eval_opaque_39348.png'
41:58.862  render           | Saved: '/tmp/clearvla_eval_opaque_39348.png'
41:59.355  render           | Saved: '/tmp/clearvla_eval_opaque_39348.png'
42:00.805  render           | Saved: '/tmp/clearvla_eval_opaque_39348.png'
42:04.135  render           | Saved: '/tmp/clearvla_eval_opaque_39348.png'
42:04.769  render           | Saved: '/tmp/clearvla_eval_opaque_39348.png'
42:05.749  render           | Saved: '/tmp/clearvla_eval_opaque_39348.png'
42:06.522  render           | Saved: '/tmp/clearvla_eval_opaque_39348.png'
42:08.053  render           | Saved: '/tmp/clearvla_eval_opaque_39348.png'
42:08.947  render           | Saved: '/tmp/clearvla_eval_opaque_39348.png'
42:11.271  render           | Saved: '/tmp/clearvla_eval_opaque_39348.png'
42:12.488  render           | Saved: '/tmp/clearvla_eval_opaque_39348.png'
42:14.732  render           | Saved: '/tmp/clearvla_eval_opaque_39348.png'
42:15.853  render           | Saved: '/tmp/clearvla_eval_opaque_39348.png'
42:18.457  render           | Saved: '/tmp/clearvla_eval_opaque_39348.png'
42:18.881  render           | Saved: '/tmp/clearvla_eval_opaque_39348.png'
42:19.607  render           | Saved: '/tmp/clearvla_eval_opaque_39348.png'
42:20.237  render           | Saved: '/tmp/clearvla_eval_opaque_39348.png'
42:21.666  render           | Saved: '/tmp/clearvla_eval_opaque_39348.png'
42:22.278  render           | Saved: '/tmp/clearvla_eval_opaque_39348.png'
42:23.818  render           | Saved: '/tmp/clearvla_eval_opaque_39348.png'
42:24.297  render           | Saved: '/tmp/clearvla_eval_opaque_39348.png'
42:25.193  render           | Saved: '/tmp/clearvla_eval_opaque_39348.png'
42:25.705  render           | Saved: '/tmp/clearvla_eval_opaque_39348.png'
42:26.408  render           | Saved: '/tmp/clearvla_eval_opaque_39348.png'
42:27.111  render           | Saved: '/tmp/clearvla_eval_opaque_39348.png'
42:27.660  render           | Saved: '/tmp/clearvla_eval_opaque_39348.png'
42:28.101  render           | Saved: '/tmp/clearvla_eval_opaque_39348.png'
42:28.598  render           | Saved: '/tmp/clearvla_eval_opaque_39348.png'
42:29.084  render           | Saved: '/tmp/clearvla_eval_opaque_39348.png'
42:29.840  render           | Saved: '/tmp/clearvla_eval_opaque_39348.png'
42:30.757  render           | Saved: '/tmp/clearvla_eval_opaque_39348.png'
42:31.557  render           | Saved: '/tmp/clearvla_eval_opaque_39348.png'
42:31.966  render           | Saved: '/tmp/clearvla_eval_opaque_39348.png'
42:32.514  render           | Saved: '/tmp/clearvla_eval_opaque_39348.png'
42:32.923  render           | Saved: '/tmp/clearvla_eval_opaque_39348.png'
42:33.441  render           | Saved: '/tmp/clearvla_eval_opaque_39348.png'
42:33.847  render           | Saved: '/tmp/clearvla_eval_opaque_39348.png'
42:34.940  render           | Saved: '/tmp/clearvla_eval_opaque_39348.png'
42:35.587  render           | Saved: '/tmp/clearvla_eval_opaque_39348.png'
42:36.462  render           | Saved: '/tmp/clearvla_eval_opaque_39348.png'
42:37.165  render           | Saved: '/tmp/clearvla_eval_opaque_39348.png'
42:37.662  render           | Saved: '/tmp/clearvla_eval_opaque_39348.png'
42:38.077  render           | Saved: '/tmp/clearvla_eval_opaque_39348.png'
42:38.583  render           | Saved: '/tmp/clearvla_eval_opaque_39348.png'
42:39.002  render           | Saved: '/tmp/clearvla_eval_opaque_39348.png'
42:39.515  render           | Saved: '/tmp/clearvla_eval_opaque_39348.png'
42:40.870  render           | Saved: '/tmp/clearvla_eval_opaque_39348.png'
42:43.666  render           | Saved: '/tmp/clearvla_eval_opaque_39348.png'
42:44.282  render           | Saved: '/tmp/clearvla_eval_opaque_39348.png'
42:45.234  render           | Saved: '/tmp/clearvla_eval_opaque_39348.png'
42:45.635  render           | Saved: '/tmp/clearvla_eval_opaque_39348.png'
42:46.248  render           | Saved: '/tmp/clearvla_eval_opaque_39348.png'
42:46.621  render           | Saved: '/tmp/clearvla_eval_opaque_39348.png'
42:50.176  render           | Saved: '/tmp/clearvla_eval_opaque_39348.png'
42:50.953  render           | Saved: '/tmp/clearvla_eval_opaque_39348.png'
42:56.393  render           | Saved: '/tmp/clearvla_eval_opaque_39348.png'
42:56.980  render           | Saved: '/tmp/clearvla_eval_opaque_39348.png'
42:57.603  render           | Saved: '/tmp/clearvla_eval_opaque_39348.png'
42:58.035  render           | Saved: '/tmp/clearvla_eval_opaque_39348.png'
42:58.547  render           | Saved: '/tmp/clearvla_eval_opaque_39348.png'
42:58.942  render           | Saved: '/tmp/clearvla_eval_opaque_39348.png'
42:59.428  render           | Saved: '/tmp/clearvla_eval_opaque_39348.png'
43:00.240  render           | Saved: '/tmp/clearvla_eval_opaque_39348.png'
43:01.352  render           | Saved: '/tmp/clearvla_eval_opaque_39348.png'
43:02.451  render           | Saved: '/tmp/clearvla_eval_opaque_39348.png'
43:05.668  render           | Saved: '/tmp/clearvla_eval_opaque_39348.png'
43:06.372  render           | Saved: '/tmp/clearvla_eval_opaque_39348.png'
43:07.353  render           | Saved: '/tmp/clearvla_eval_opaque_39348.png'
43:07.819  render           | Saved: '/tmp/clearvla_eval_opaque_39348.png'
43:08.365  render           | Saved: '/tmp/clearvla_eval_opaque_39348.png'
43:09.764  render           | Saved: '/tmp/clearvla_eval_opaque_39348.png'
43:14.502  render           | Saved: '/tmp/clearvla_eval_opaque_39348.png'
43:15.088  render           | Saved: '/tmp/clearvla_eval_opaque_39348.png'
43:18.445  render           | Saved: '/tmp/clearvla_eval_opaque_39348.png'
43:19.161  render           | Saved: '/tmp/clearvla_eval_opaque_39348.png'
43:20.319  render           | Saved: '/tmp/clearvla_eval_opaque_39348.png'
43:21.406  render           | Saved: '/tmp/clearvla_eval_opaque_39348.png'
43:22.775  render           | Saved: '/tmp/clearvla_eval_opaque_39348.png'
43:23.161  render           | Saved: '/tmp/clearvla_eval_opaque_39348.png'
43:24.044  render           | Saved: '/tmp/clearvla_eval_opaque_39348.png'
43:24.496  render           | Saved: '/tmp/clearvla_eval_opaque_39348.png'
43:25.766  render           | Saved: '/tmp/clearvla_eval_opaque_39348.png'
43:26.467  render           | Saved: '/tmp/clearvla_eval_opaque_39348.png'
43:27.182  render           | Saved: '/tmp/clearvla_eval_opaque_39348.png'
43:27.658  render           | Saved: '/tmp/clearvla_eval_opaque_39348.png'
43:28.132  render           | Saved: '/tmp/clearvla_eval_opaque_39348.png'
43:29.097  render           | Saved: '/tmp/clearvla_eval_opaque_39348.png'
43:31.078  render           | Saved: '/tmp/clearvla_eval_opaque_39348.png'
43:31.870  render           | Saved: '/tmp/clearvla_eval_opaque_39348.png'
43:33.809  render           | Saved: '/tmp/clearvla_eval_opaque_39348.png'
43:35.073  render           | Saved: '/tmp/clearvla_eval_opaque_39348.png'
43:38.208  render           | Saved: '/tmp/clearvla_eval_opaque_39348.png'
43:39.210  render           | Saved: '/tmp/clearvla_eval_opaque_39348.png'
43:40.043  render           | Saved: '/tmp/clearvla_eval_opaque_39348.png'
43:40.460  render           | Saved: '/tmp/clearvla_eval_opaque_39348.png'
43:40.967  render           | Saved: '/tmp/clearvla_eval_opaque_39348.png'
43:41.383  render           | Saved: '/tmp/clearvla_eval_opaque_39348.png'
43:41.937  render           | Saved: '/tmp/clearvla_eval_opaque_39348.png'
43:42.334  render           | Saved: '/tmp/clearvla_eval_opaque_39348.png'
43:43.913  render           | Saved: '/tmp/clearvla_eval_opaque_39348.png'
43:44.584  render           | Saved: '/tmp/clearvla_eval_opaque_39348.png'
43:45.925  render           | Saved: '/tmp/clearvla_eval_opaque_39348.png'
43:46.382  render           | Saved: '/tmp/clearvla_eval_opaque_39348.png'
43:46.901  render           | Saved: '/tmp/clearvla_eval_opaque_39348.png'
43:48.011  render           | Saved: '/tmp/clearvla_eval_opaque_39348.png'
43:50.908  render           | Saved: '/tmp/clearvla_eval_opaque_39348.png'
43:51.767  render           | Saved: '/tmp/clearvla_eval_opaque_39348.png'
43:56.563  render           | Saved: '/tmp/clearvla_eval_opaque_39348.png'
43:57.013  render           | Saved: '/tmp/clearvla_eval_opaque_39348.png'
43:57.520  render           | Saved: '/tmp/clearvla_eval_opaque_39348.png'
43:57.957  render           | Saved: '/tmp/clearvla_eval_opaque_39348.png'
43:59.378  render           | Saved: '/tmp/clearvla_eval_opaque_39348.png'
44:00.031  render           | Saved: '/tmp/clearvla_eval_opaque_39348.png'
44:00.762  render           | Saved: '/tmp/clearvla_eval_opaque_39348.png'
44:01.166  render           | Saved: '/tmp/clearvla_eval_opaque_39348.png'
44:01.659  render           | Saved: '/tmp/clearvla_eval_opaque_39348.png'
44:02.077  render           | Saved: '/tmp/clearvla_eval_opaque_39348.png'
44:02.561  render           | Saved: '/tmp/clearvla_eval_opaque_39348.png'
44:03.019  render           | Saved: '/tmp/clearvla_eval_opaque_39348.png'
44:03.520  render           | Saved: '/tmp/clearvla_eval_opaque_39348.png'
44:05.044  render           | Saved: '/tmp/clearvla_eval_opaque_39348.png'
44:09.376  render           | Saved: '/tmp/clearvla_eval_opaque_39348.png'
44:10.013  render           | Saved: '/tmp/clearvla_eval_opaque_39348.png'
44:10.768  render           | Saved: '/tmp/clearvla_eval_opaque_39348.png'
44:12.416  render           | Saved: '/tmp/clearvla_eval_opaque_39348.png'
44:16.058  render           | Saved: '/tmp/clearvla_eval_opaque_39348.png'
44:17.006  render           | Saved: '/tmp/clearvla_eval_opaque_39348.png'
44:19.095  render           | Saved: '/tmp/clearvla_eval_opaque_39348.png'
44:19.622  render           | Saved: '/tmp/clearvla_eval_opaque_39348.png'
44:24.665  render           | Saved: '/tmp/clearvla_eval_opaque_39348.png'
44:25.368  render           | Saved: '/tmp/clearvla_eval_opaque_39348.png'
44:29.876  render           | Saved: '/tmp/clearvla_eval_opaque_39348.png'
44:30.428  render           | Saved: '/tmp/clearvla_eval_opaque_39348.png'
44:31.081  render           | Saved: '/tmp/clearvla_eval_opaque_39348.png'
44:32.406  render           | Saved: '/tmp/clearvla_eval_opaque_39348.png'
44:35.307  render           | Saved: '/tmp/clearvla_eval_opaque_39348.png'
44:36.101  render           | Saved: '/tmp/clearvla_eval_opaque_39348.png'
44:38.443  render           | Saved: '/tmp/clearvla_eval_opaque_39348.png'
44:39.039  render           | Saved: '/tmp/clearvla_eval_opaque_39348.png'
44:39.752  render           | Saved: '/tmp/clearvla_eval_opaque_39348.png'
44:40.190  render           | Saved: '/tmp/clearvla_eval_opaque_39348.png'
44:40.723  render           | Saved: '/tmp/clearvla_eval_opaque_39348.png'
44:41.160  render           | Saved: '/tmp/clearvla_eval_opaque_39348.png'
44:41.663  render           | Saved: '/tmp/clearvla_eval_opaque_39348.png'
44:42.816  render           | Saved: '/tmp/clearvla_eval_opaque_39348.png'
44:44.921  render           | Saved: '/tmp/clearvla_eval_opaque_39348.png'
44:45.930  render           | Saved: '/tmp/clearvla_eval_opaque_39348.png'
44:49.800  render           | Saved: '/tmp/clearvla_eval_opaque_39348.png'
44:50.678  render           | Saved: '/tmp/clearvla_eval_opaque_39348.png'
44:51.841  render           | Saved: '/tmp/clearvla_eval_opaque_39348.png'
44:52.308  render           | Saved: '/tmp/clearvla_eval_opaque_39348.png'
44:53.216  render           | Saved: '/tmp/clearvla_eval_opaque_39348.png'
44:53.790  render           | Saved: '/tmp/clearvla_eval_opaque_39348.png'
44:55.287  render           | Saved: '/tmp/clearvla_eval_opaque_39348.png'
44:55.995  render           | Saved: '/tmp/clearvla_eval_opaque_39348.png'
44:56.697  render           | Saved: '/tmp/clearvla_eval_opaque_39348.png'
44:57.979  render           | Saved: '/tmp/clearvla_eval_opaque_39348.png'
45:02.314  render           | Saved: '/tmp/clearvla_eval_opaque_39348.png'
45:02.885  render           | Saved: '/tmp/clearvla_eval_opaque_39348.png'
45:03.576  render           | Saved: '/tmp/clearvla_eval_opaque_39348.png'
45:04.660  render           | Saved: '/tmp/clearvla_eval_opaque_39348.png'
45:07.701  render           | Saved: '/tmp/clearvla_eval_opaque_39348.png'
45:08.500  render           | Saved: '/tmp/clearvla_eval_opaque_39348.png'
45:11.425  render           | Saved: '/tmp/clearvla_eval_opaque_39348.png'
45:11.887  render           | Saved: '/tmp/clearvla_eval_opaque_39348.png'
45:13.050  render           | Saved: '/tmp/clearvla_eval_opaque_39348.png'
45:13.640  render           | Saved: '/tmp/clearvla_eval_opaque_39348.png'
45:14.698  render           | Saved: '/tmp/clearvla_eval_opaque_39348.png'
45:15.092  render           | Saved: '/tmp/clearvla_eval_opaque_39348.png'
45:15.624  render           | Saved: '/tmp/clearvla_eval_opaque_39348.png'
45:16.035  render           | Saved: '/tmp/clearvla_eval_opaque_39348.png'
45:16.550  render           | Saved: '/tmp/clearvla_eval_opaque_39348.png'
45:16.960  render           | Saved: '/tmp/clearvla_eval_opaque_39348.png'
45:17.500  render           | Saved: '/tmp/clearvla_eval_opaque_39348.png'
45:17.910  render           | Saved: '/tmp/clearvla_eval_opaque_39348.png'
45:18.723  render           | Saved: '/tmp/clearvla_eval_opaque_39348.png'
45:19.669  render           | Saved: '/tmp/clearvla_eval_opaque_39348.png'
45:20.482  render           | Saved: '/tmp/clearvla_eval_opaque_39348.png'
45:20.871  render           | Saved: '/tmp/clearvla_eval_opaque_39348.png'
45:21.401  render           | Saved: '/tmp/clearvla_eval_opaque_39348.png'
45:21.762  render           | Saved: '/tmp/clearvla_eval_opaque_39348.png'
45:23.012  render           | Saved: '/tmp/clearvla_eval_opaque_39348.png'
45:23.751  render           | Saved: '/tmp/clearvla_eval_opaque_39348.png'
45:25.530  render           | Saved: '/tmp/clearvla_eval_opaque_39348.png'
45:25.971  render           | Saved: '/tmp/clearvla_eval_opaque_39348.png'
45:26.694  render           | Saved: '/tmp/clearvla_eval_opaque_39348.png'
45:27.406  render           | Saved: '/tmp/clearvla_eval_opaque_39348.png'
45:28.432  render           | Saved: '/tmp/clearvla_eval_opaque_39348.png'
45:29.015  render           | Saved: '/tmp/clearvla_eval_opaque_39348.png'
45:29.999  render           | Saved: '/tmp/clearvla_eval_opaque_39348.png'
45:30.604  render           | Saved: '/tmp/clearvla_eval_opaque_39348.png'
45:31.567  render           | Saved: '/tmp/clearvla_eval_opaque_39348.png'
45:32.514  render           | Saved: '/tmp/clearvla_eval_opaque_39348.png'
45:33.332  render           | Saved: '/tmp/clearvla_eval_opaque_39348.png'
45:33.745  render           | Saved: '/tmp/clearvla_eval_opaque_39348.png'
45:34.242  render           | Saved: '/tmp/clearvla_eval_opaque_39348.png'
45:34.626  render           | Saved: '/tmp/clearvla_eval_opaque_39348.png'
45:35.185  render           | Saved: '/tmp/clearvla_eval_opaque_39348.png'
45:36.140  render           | Saved: '/tmp/clearvla_eval_opaque_39348.png'
45:39.222  render           | Saved: '/tmp/clearvla_eval_opaque_39348.png'
45:39.779  render           | Saved: '/tmp/clearvla_eval_opaque_39348.png'
45:40.385  render           | Saved: '/tmp/clearvla_eval_opaque_39348.png'
45:40.820  render           | Saved: '/tmp/clearvla_eval_opaque_39348.png'
45:41.272  render           | Saved: '/tmp/clearvla_eval_opaque_39348.png'
45:41.695  render           | Saved: '/tmp/clearvla_eval_opaque_39348.png'
45:43.979  render           | Saved: '/tmp/clearvla_eval_opaque_39348.png'
45:44.728  render           | Saved: '/tmp/clearvla_eval_opaque_39348.png'
45:46.060  render           | Saved: '/tmp/clearvla_eval_opaque_39348.png'
45:46.759  render           | Saved: '/tmp/clearvla_eval_opaque_39348.png'
45:47.440  render           | Saved: '/tmp/clearvla_eval_opaque_39348.png'
45:47.881  render           | Saved: '/tmp/clearvla_eval_opaque_39348.png'
45:48.818  render           | Saved: '/tmp/clearvla_eval_opaque_39348.png'
45:49.736  render           | Saved: '/tmp/clearvla_eval_opaque_39348.png'
45:50.602  render           | Saved: '/tmp/clearvla_eval_opaque_39348.png'
45:51.036  render           | Saved: '/tmp/clearvla_eval_opaque_39348.png'
45:51.559  render           | Saved: '/tmp/clearvla_eval_opaque_39348.png'
45:52.361  render           | Saved: '/tmp/clearvla_eval_opaque_39348.png'
45:53.108  render           | Saved: '/tmp/clearvla_eval_opaque_39348.png'
45:53.836  render           | Saved: '/tmp/clearvla_eval_opaque_39348.png'
45:55.170  render           | Saved: '/tmp/clearvla_eval_opaque_39348.png'
45:55.961  render           | Saved: '/tmp/clearvla_eval_opaque_39348.png'
45:59.919  render           | Saved: '/tmp/clearvla_eval_opaque_39348.png'
46:00.605  render           | Saved: '/tmp/clearvla_eval_opaque_39348.png'
46:01.279  render           | Saved: '/tmp/clearvla_eval_opaque_39348.png'
46:02.434  render           | Saved: '/tmp/clearvla_eval_opaque_39348.png'
46:05.420  render           | Saved: '/tmp/clearvla_eval_opaque_39348.png'
46:06.608  render           | Saved: '/tmp/clearvla_eval_opaque_39348.png'
46:08.710  render           | Saved: '/tmp/clearvla_eval_opaque_39348.png'
46:09.606  render           | Saved: '/tmp/clearvla_eval_opaque_39348.png'
46:10.972  render           | Saved: '/tmp/clearvla_eval_opaque_39348.png'
46:11.493  render           | Saved: '/tmp/clearvla_eval_opaque_39348.png'
46:12.057  render           | Saved: '/tmp/clearvla_eval_opaque_39348.png'
46:12.688  render           | Saved: '/tmp/clearvla_eval_opaque_39348.png'
46:13.465  render           | Saved: '/tmp/clearvla_eval_opaque_39348.png'
46:15.324  render           | Saved: '/tmp/clearvla_eval_opaque_39348.png'
46:20.294  render           | Saved: '/tmp/clearvla_eval_opaque_39348.png'
46:20.967  render           | Saved: '/tmp/clearvla_eval_opaque_39348.png'
46:21.984  render           | Saved: '/tmp/clearvla_eval_opaque_39348.png'
46:22.446  render           | Saved: '/tmp/clearvla_eval_opaque_39348.png'
46:22.945  render           | Saved: '/tmp/clearvla_eval_opaque_39348.png'
46:23.394  render           | Saved: '/tmp/clearvla_eval_opaque_39348.png'
46:23.870  render           | Saved: '/tmp/clearvla_eval_opaque_39348.png'
46:24.299  render           | Saved: '/tmp/clearvla_eval_opaque_39348.png'
46:24.811  render           | Saved: '/tmp/clearvla_eval_opaque_39348.png'
46:26.057  render           | Saved: '/tmp/clearvla_eval_opaque_39348.png'
46:29.628  render           | Saved: '/tmp/clearvla_eval_opaque_39348.png'
46:30.154  render           | Saved: '/tmp/clearvla_eval_opaque_39348.png'
46:31.607  render           | Saved: '/tmp/clearvla_eval_opaque_39348.png'
46:32.056  render           | Saved: '/tmp/clearvla_eval_opaque_39348.png'
46:32.562  render           | Saved: '/tmp/clearvla_eval_opaque_39348.png'
46:33.510  render           | Saved: '/tmp/clearvla_eval_opaque_39348.png'
46:34.803  render           | Saved: '/tmp/clearvla_eval_opaque_39348.png'
46:35.314  render           | Saved: '/tmp/clearvla_eval_opaque_39348.png'
46:36.028  render           | Saved: '/tmp/clearvla_eval_opaque_39348.png'
46:36.519  render           | Saved: '/tmp/clearvla_eval_opaque_39348.png'
46:37.986  render           | Saved: '/tmp/clearvla_eval_opaque_39348.png'
46:38.908  render           | Saved: '/tmp/clearvla_eval_opaque_39348.png'
46:39.654  render           | Saved: '/tmp/clearvla_eval_opaque_39348.png'
46:40.113  render           | Saved: '/tmp/clearvla_eval_opaque_39348.png'
46:41.668  render           | Saved: '/tmp/clearvla_eval_opaque_39348.png'
46:42.392  render           | Saved: '/tmp/clearvla_eval_opaque_39348.png'
46:43.796  render           | Saved: '/tmp/clearvla_eval_opaque_39348.png'
46:44.245  render           | Saved: '/tmp/clearvla_eval_opaque_39348.png'
46:44.747  render           | Saved: '/tmp/clearvla_eval_opaque_39348.png'
46:45.417  render           | Saved: '/tmp/clearvla_eval_opaque_39348.png'
46:47.091  render           | Saved: '/tmp/clearvla_eval_opaque_39348.png'
46:47.645  render           | Saved: '/tmp/clearvla_eval_opaque_39348.png'
46:48.387  render           | Saved: '/tmp/clearvla_eval_opaque_39348.png'
46:49.030  render           | Saved: '/tmp/clearvla_eval_opaque_39348.png'
46:50.234  render           | Saved: '/tmp/clearvla_eval_opaque_39348.png'
46:50.805  render           | Saved: '/tmp/clearvla_eval_opaque_39348.png'
46:51.471  render           | Saved: '/tmp/clearvla_eval_opaque_39348.png'
46:51.920  render           | Saved: '/tmp/clearvla_eval_opaque_39348.png'
46:52.382  render           | Saved: '/tmp/clearvla_eval_opaque_39348.png'
46:52.798  render           | Saved: '/tmp/clearvla_eval_opaque_39348.png'
46:53.314  render           | Saved: '/tmp/clearvla_eval_opaque_39348.png'
46:53.751  render           | Saved: '/tmp/clearvla_eval_opaque_39348.png'
46:54.241  render           | Saved: '/tmp/clearvla_eval_opaque_39348.png'
46:54.675  render           | Saved: '/tmp/clearvla_eval_opaque_39348.png'
46:55.583  render           | Saved: '/tmp/clearvla_eval_opaque_39348.png'
46:56.138  render           | Saved: '/tmp/clearvla_eval_opaque_39348.png'
[full/opaque] pour: 0/20  (46.8 min, 72.9 s/ep)
done 40 new episodes in 46.8 min -> /Users/yogyamehrotra/Desktop/ClearVLA/results/week3/interim_v2/full_opaque.jsonl
