[transformers] Model config: bos_token_id must be `None` or an integer within the vocabulary (between 0 and 31999), got 49406. This may result in unexpected behavior.
[transformers] Model config: eos_token_id must be `None` or an integer within the vocabulary (between 0 and 31999), got 49407. This may result in unexpected behavior.
Loading weights:   0%|          | 0/408 [00:00<?, ?it/s]Loading weights: 100%|██████████| 408/408 [00:00<00:00, 11115.65it/s]
00:11.795  render           | Saved: '/tmp/clearvla_eval_glass_23302.png'
00:12.828  render           | Saved: '/tmp/clearvla_eval_glass_23302.png'
/Users/yogyamehrotra/miniconda3/envs/clearvla/lib/python3.11/site-packages/transformers/image_processing_backends.py:135: UserWarning: The given NumPy array is not writable, and PyTorch does not support non-writable tensors. This means writing to this tensor will result in undefined behavior. You may want to copy the array to protect its data or make it writable before converting it to a tensor. This type of warning will be suppressed for the rest of this program. (Triggered internally at /Users/runner/work/pytorch/pytorch/torch/csrc/utils/tensor_numpy.cpp:219.)
  image = torch.from_numpy(image).contiguous()
00:14.457  render           | Saved: '/tmp/clearvla_eval_glass_23302.png'
00:14.870  render           | Saved: '/tmp/clearvla_eval_glass_23302.png'
00:15.383  render           | Saved: '/tmp/clearvla_eval_glass_23302.png'
00:16.459  render           | Saved: '/tmp/clearvla_eval_glass_23302.png'
00:17.921  render           | Saved: '/tmp/clearvla_eval_glass_23302.png'
00:18.566  render           | Saved: '/tmp/clearvla_eval_glass_23302.png'
00:19.860  render           | Saved: '/tmp/clearvla_eval_glass_23302.png'
00:20.429  render           | Saved: '/tmp/clearvla_eval_glass_23302.png'
00:21.115  render           | Saved: '/tmp/clearvla_eval_glass_23302.png'
00:21.566  render           | Saved: '/tmp/clearvla_eval_glass_23302.png'
00:22.077  render           | Saved: '/tmp/clearvla_eval_glass_23302.png'
00:22.563  render           | Saved: '/tmp/clearvla_eval_glass_23302.png'
00:23.383  render           | Saved: '/tmp/clearvla_eval_glass_23302.png'
00:23.937  render           | Saved: '/tmp/clearvla_eval_glass_23302.png'
00:24.787  render           | Saved: '/tmp/clearvla_eval_glass_23302.png'
00:25.349  render           | Saved: '/tmp/clearvla_eval_glass_23302.png'
00:26.441  render           | Saved: '/tmp/clearvla_eval_glass_23302.png'
00:27.129  render           | Saved: '/tmp/clearvla_eval_glass_23302.png'
00:27.724  render           | Saved: '/tmp/clearvla_eval_glass_23302.png'
00:28.202  render           | Saved: '/tmp/clearvla_eval_glass_23302.png'
00:29.525  render           | Saved: '/tmp/clearvla_eval_glass_23302.png'
00:30.109  render           | Saved: '/tmp/clearvla_eval_glass_23302.png'
00:30.703  render           | Saved: '/tmp/clearvla_eval_glass_23302.png'
00:31.153  render           | Saved: '/tmp/clearvla_eval_glass_23302.png'
00:31.859  render           | Saved: '/tmp/clearvla_eval_glass_23302.png'
00:32.408  render           | Saved: '/tmp/clearvla_eval_glass_23302.png'
00:36.333  render           | Saved: '/tmp/clearvla_eval_glass_23302.png'
00:36.911  render           | Saved: '/tmp/clearvla_eval_glass_23302.png'
00:41.623  render           | Saved: '/tmp/clearvla_eval_glass_23302.png'
00:42.280  render           | Saved: '/tmp/clearvla_eval_glass_23302.png'
00:43.052  render           | Saved: '/tmp/clearvla_eval_glass_23302.png'
00:43.497  render           | Saved: '/tmp/clearvla_eval_glass_23302.png'
00:44.019  render           | Saved: '/tmp/clearvla_eval_glass_23302.png'
00:44.389  render           | Saved: '/tmp/clearvla_eval_glass_23302.png'
00:44.908  render           | Saved: '/tmp/clearvla_eval_glass_23302.png'
00:45.740  render           | Saved: '/tmp/clearvla_eval_glass_23302.png'
00:47.281  render           | Saved: '/tmp/clearvla_eval_glass_23302.png'
00:47.834  render           | Saved: '/tmp/clearvla_eval_glass_23302.png'
00:48.573  render           | Saved: '/tmp/clearvla_eval_glass_23302.png'
00:49.053  render           | Saved: '/tmp/clearvla_eval_glass_23302.png'
00:49.663  render           | Saved: '/tmp/clearvla_eval_glass_23302.png'
00:50.265  render           | Saved: '/tmp/clearvla_eval_glass_23302.png'
00:50.992  render           | Saved: '/tmp/clearvla_eval_glass_23302.png'
00:51.638  render           | Saved: '/tmp/clearvla_eval_glass_23302.png'
00:52.929  render           | Saved: '/tmp/clearvla_eval_glass_23302.png'
00:53.475  render           | Saved: '/tmp/clearvla_eval_glass_23302.png'
00:54.282  render           | Saved: '/tmp/clearvla_eval_glass_23302.png'
00:55.061  render           | Saved: '/tmp/clearvla_eval_glass_23302.png'
00:57.023  render           | Saved: '/tmp/clearvla_eval_glass_23302.png'
00:57.471  render           | Saved: '/tmp/clearvla_eval_glass_23302.png'
01:00.546  render           | Saved: '/tmp/clearvla_eval_glass_23302.png'
01:01.094  render           | Saved: '/tmp/clearvla_eval_glass_23302.png'
01:01.774  render           | Saved: '/tmp/clearvla_eval_glass_23302.png'
01:02.238  render           | Saved: '/tmp/clearvla_eval_glass_23302.png'
01:04.272  render           | Saved: '/tmp/clearvla_eval_glass_23302.png'
01:04.734  render           | Saved: '/tmp/clearvla_eval_glass_23302.png'
01:05.214  render           | Saved: '/tmp/clearvla_eval_glass_23302.png'
01:05.681  render           | Saved: '/tmp/clearvla_eval_glass_23302.png'
01:06.202  render           | Saved: '/tmp/clearvla_eval_glass_23302.png'
01:06.789  render           | Saved: '/tmp/clearvla_eval_glass_23302.png'
01:07.479  render           | Saved: '/tmp/clearvla_eval_glass_23302.png'
01:07.996  render           | Saved: '/tmp/clearvla_eval_glass_23302.png'
01:08.573  render           | Saved: '/tmp/clearvla_eval_glass_23302.png'
01:09.615  render           | Saved: '/tmp/clearvla_eval_glass_23302.png'
01:10.938  render           | Saved: '/tmp/clearvla_eval_glass_23302.png'
01:11.491  render           | Saved: '/tmp/clearvla_eval_glass_23302.png'
01:12.245  render           | Saved: '/tmp/clearvla_eval_glass_23302.png'
01:12.670  render           | Saved: '/tmp/clearvla_eval_glass_23302.png'
01:13.217  render           | Saved: '/tmp/clearvla_eval_glass_23302.png'
01:14.120  render           | Saved: '/tmp/clearvla_eval_glass_23302.png'
01:16.194  render           | Saved: '/tmp/clearvla_eval_glass_23302.png'
01:16.724  render           | Saved: '/tmp/clearvla_eval_glass_23302.png'
01:18.997  render           | Saved: '/tmp/clearvla_eval_glass_23302.png'
01:19.621  render           | Saved: '/tmp/clearvla_eval_glass_23302.png'
01:22.810  render           | Saved: '/tmp/clearvla_eval_glass_23302.png'
01:23.659  render           | Saved: '/tmp/clearvla_eval_glass_23302.png'
01:24.376  render           | Saved: '/tmp/clearvla_eval_glass_23302.png'
01:24.824  render           | Saved: '/tmp/clearvla_eval_glass_23302.png'
01:26.157  render           | Saved: '/tmp/clearvla_eval_glass_23302.png'
01:26.816  render           | Saved: '/tmp/clearvla_eval_glass_23302.png'
01:27.530  render           | Saved: '/tmp/clearvla_eval_glass_23302.png'
01:27.942  render           | Saved: '/tmp/clearvla_eval_glass_23302.png'
01:28.462  render           | Saved: '/tmp/clearvla_eval_glass_23302.png'
01:28.875  render           | Saved: '/tmp/clearvla_eval_glass_23302.png'
01:29.575  render           | Saved: '/tmp/clearvla_eval_glass_23302.png'
01:30.603  render           | Saved: '/tmp/clearvla_eval_glass_23302.png'
01:35.061  render           | Saved: '/tmp/clearvla_eval_glass_23302.png'
01:35.574  render           | Saved: '/tmp/clearvla_eval_glass_23302.png'
01:36.599  render           | Saved: '/tmp/clearvla_eval_glass_23302.png'
01:37.100  render           | Saved: '/tmp/clearvla_eval_glass_23302.png'
01:37.678  render           | Saved: '/tmp/clearvla_eval_glass_23302.png'
01:38.304  render           | Saved: '/tmp/clearvla_eval_glass_23302.png'
01:39.445  render           | Saved: '/tmp/clearvla_eval_glass_23302.png'
01:40.054  render           | Saved: '/tmp/clearvla_eval_glass_23302.png'
01:40.719  render           | Saved: '/tmp/clearvla_eval_glass_23302.png'
01:41.699  render           | Saved: '/tmp/clearvla_eval_glass_23302.png'
01:43.744  render           | Saved: '/tmp/clearvla_eval_glass_23302.png'
01:44.406  render           | Saved: '/tmp/clearvla_eval_glass_23302.png'
01:46.451  render           | Saved: '/tmp/clearvla_eval_glass_23302.png'
01:46.953  render           | Saved: '/tmp/clearvla_eval_glass_23302.png'
01:48.069  render           | Saved: '/tmp/clearvla_eval_glass_23302.png'
01:48.633  render           | Saved: '/tmp/clearvla_eval_glass_23302.png'
01:49.386  render           | Saved: '/tmp/clearvla_eval_glass_23302.png'
01:49.802  render           | Saved: '/tmp/clearvla_eval_glass_23302.png'
01:50.434  render           | Saved: '/tmp/clearvla_eval_glass_23302.png'
01:50.784  render           | Saved: '/tmp/clearvla_eval_glass_23302.png'
01:51.346  render           | Saved: '/tmp/clearvla_eval_glass_23302.png'
01:52.280  render           | Saved: '/tmp/clearvla_eval_glass_23302.png'
01:53.967  render           | Saved: '/tmp/clearvla_eval_glass_23302.png'
01:54.513  render           | Saved: '/tmp/clearvla_eval_glass_23302.png'
01:55.195  render           | Saved: '/tmp/clearvla_eval_glass_23302.png'
01:56.187  render           | Saved: '/tmp/clearvla_eval_glass_23302.png'
01:57.832  render           | Saved: '/tmp/clearvla_eval_glass_23302.png'
01:58.339  render           | Saved: '/tmp/clearvla_eval_glass_23302.png'
01:59.001  render           | Saved: '/tmp/clearvla_eval_glass_23302.png'
01:59.497  render           | Saved: '/tmp/clearvla_eval_glass_23302.png'
02:00.170  render           | Saved: '/tmp/clearvla_eval_glass_23302.png'
02:00.830  render           | Saved: '/tmp/clearvla_eval_glass_23302.png'
02:01.639  render           | Saved: '/tmp/clearvla_eval_glass_23302.png'
02:02.238  render           | Saved: '/tmp/clearvla_eval_glass_23302.png'
02:02.995  render           | Saved: '/tmp/clearvla_eval_glass_23302.png'
02:03.724  render           | Saved: '/tmp/clearvla_eval_glass_23302.png'
02:04.417  render           | Saved: '/tmp/clearvla_eval_glass_23302.png'
02:05.469  render           | Saved: '/tmp/clearvla_eval_glass_23302.png'
02:08.315  render           | Saved: '/tmp/clearvla_eval_glass_23302.png'
02:08.921  render           | Saved: '/tmp/clearvla_eval_glass_23302.png'
02:09.552  render           | Saved: '/tmp/clearvla_eval_glass_23302.png'
02:10.002  render           | Saved: '/tmp/clearvla_eval_glass_23302.png'
02:11.010  render           | Saved: '/tmp/clearvla_eval_glass_23302.png'
02:11.662  render           | Saved: '/tmp/clearvla_eval_glass_23302.png'
02:17.313  render           | Saved: '/tmp/clearvla_eval_glass_23302.png'
02:17.955  render           | Saved: '/tmp/clearvla_eval_glass_23302.png'
02:19.481  render           | Saved: '/tmp/clearvla_eval_glass_23302.png'
02:20.341  render           | Saved: '/tmp/clearvla_eval_glass_23302.png'
02:22.303  render           | Saved: '/tmp/clearvla_eval_glass_23302.png'
02:22.806  render           | Saved: '/tmp/clearvla_eval_glass_23302.png'
02:24.874  render           | Saved: '/tmp/clearvla_eval_glass_23302.png'
02:25.500  render           | Saved: '/tmp/clearvla_eval_glass_23302.png'
02:26.183  render           | Saved: '/tmp/clearvla_eval_glass_23302.png'
02:26.674  render           | Saved: '/tmp/clearvla_eval_glass_23302.png'
02:27.385  render           | Saved: '/tmp/clearvla_eval_glass_23302.png'
02:28.188  render           | Saved: '/tmp/clearvla_eval_glass_23302.png'
02:29.554  render           | Saved: '/tmp/clearvla_eval_glass_23302.png'
02:30.062  render           | Saved: '/tmp/clearvla_eval_glass_23302.png'
02:30.925  render           | Saved: '/tmp/clearvla_eval_glass_23302.png'
02:31.456  render           | Saved: '/tmp/clearvla_eval_glass_23302.png'
02:32.522  render           | Saved: '/tmp/clearvla_eval_glass_23302.png'
02:33.013  render           | Saved: '/tmp/clearvla_eval_glass_23302.png'
02:33.660  render           | Saved: '/tmp/clearvla_eval_glass_23302.png'
02:34.155  render           | Saved: '/tmp/clearvla_eval_glass_23302.png'
02:34.749  render           | Saved: '/tmp/clearvla_eval_glass_23302.png'
02:35.579  render           | Saved: '/tmp/clearvla_eval_glass_23302.png'
02:38.007  render           | Saved: '/tmp/clearvla_eval_glass_23302.png'
02:38.592  render           | Saved: '/tmp/clearvla_eval_glass_23302.png'
02:39.359  render           | Saved: '/tmp/clearvla_eval_glass_23302.png'
02:39.836  render           | Saved: '/tmp/clearvla_eval_glass_23302.png'
02:40.599  render           | Saved: '/tmp/clearvla_eval_glass_23302.png'
02:41.431  render           | Saved: '/tmp/clearvla_eval_glass_23302.png'
02:42.825  render           | Saved: '/tmp/clearvla_eval_glass_23302.png'
02:43.783  render           | Saved: '/tmp/clearvla_eval_glass_23302.png'
02:45.619  render           | Saved: '/tmp/clearvla_eval_glass_23302.png'
02:46.098  render           | Saved: '/tmp/clearvla_eval_glass_23302.png'
02:46.878  render           | Saved: '/tmp/clearvla_eval_glass_23302.png'
02:47.405  render           | Saved: '/tmp/clearvla_eval_glass_23302.png'
02:49.811  render           | Saved: '/tmp/clearvla_eval_glass_23302.png'
02:50.371  render           | Saved: '/tmp/clearvla_eval_glass_23302.png'
02:51.415  render           | Saved: '/tmp/clearvla_eval_glass_23302.png'
02:51.913  render           | Saved: '/tmp/clearvla_eval_glass_23302.png'
02:54.000  render           | Saved: '/tmp/clearvla_eval_glass_23302.png'
02:54.549  render           | Saved: '/tmp/clearvla_eval_glass_23302.png'
02:56.445  render           | Saved: '/tmp/clearvla_eval_glass_23302.png'
02:56.898  render           | Saved: '/tmp/clearvla_eval_glass_23302.png'
02:57.878  render           | Saved: '/tmp/clearvla_eval_glass_23302.png'
02:58.410  render           | Saved: '/tmp/clearvla_eval_glass_23302.png'
02:59.092  render           | Saved: '/tmp/clearvla_eval_glass_23302.png'
02:59.901  render           | Saved: '/tmp/clearvla_eval_glass_23302.png'
03:01.673  render           | Saved: '/tmp/clearvla_eval_glass_23302.png'
03:02.662  render           | Saved: '/tmp/clearvla_eval_glass_23302.png'
03:05.212  render           | Saved: '/tmp/clearvla_eval_glass_23302.png'
03:06.179  render           | Saved: '/tmp/clearvla_eval_glass_23302.png'
03:08.890  render           | Saved: '/tmp/clearvla_eval_glass_23302.png'
03:09.778  render           | Saved: '/tmp/clearvla_eval_glass_23302.png'
03:13.130  render           | Saved: '/tmp/clearvla_eval_glass_23302.png'
03:13.716  render           | Saved: '/tmp/clearvla_eval_glass_23302.png'
03:14.865  render           | Saved: '/tmp/clearvla_eval_glass_23302.png'
03:15.457  render           | Saved: '/tmp/clearvla_eval_glass_23302.png'
03:16.770  render           | Saved: '/tmp/clearvla_eval_glass_23302.png'
03:17.250  render           | Saved: '/tmp/clearvla_eval_glass_23302.png'
03:17.771  render           | Saved: '/tmp/clearvla_eval_glass_23302.png'
03:18.228  render           | Saved: '/tmp/clearvla_eval_glass_23302.png'
03:19.547  render           | Saved: '/tmp/clearvla_eval_glass_23302.png'
03:20.333  render           | Saved: '/tmp/clearvla_eval_glass_23302.png'
03:21.112  render           | Saved: '/tmp/clearvla_eval_glass_23302.png'
03:21.506  render           | Saved: '/tmp/clearvla_eval_glass_23302.png'
03:22.022  render           | Saved: '/tmp/clearvla_eval_glass_23302.png'
03:22.442  render           | Saved: '/tmp/clearvla_eval_glass_23302.png'
03:23.017  render           | Saved: '/tmp/clearvla_eval_glass_23302.png'
03:23.925  render           | Saved: '/tmp/clearvla_eval_glass_23302.png'
03:24.970  render           | Saved: '/tmp/clearvla_eval_glass_23302.png'
03:26.140  render           | Saved: '/tmp/clearvla_eval_glass_23302.png'
03:29.314  render           | Saved: '/tmp/clearvla_eval_glass_23302.png'
03:30.057  render           | Saved: '/tmp/clearvla_eval_glass_23302.png'
03:33.748  render           | Saved: '/tmp/clearvla_eval_glass_23302.png'
03:34.897  render           | Saved: '/tmp/clearvla_eval_glass_23302.png'
03:37.751  render           | Saved: '/tmp/clearvla_eval_glass_23302.png'
03:38.357  render           | Saved: '/tmp/clearvla_eval_glass_23302.png'
03:42.358  render           | Saved: '/tmp/clearvla_eval_glass_23302.png'
03:43.198  render           | Saved: '/tmp/clearvla_eval_glass_23302.png'
03:45.871  render           | Saved: '/tmp/clearvla_eval_glass_23302.png'
03:46.318  render           | Saved: '/tmp/clearvla_eval_glass_23302.png'
03:47.114  render           | Saved: '/tmp/clearvla_eval_glass_23302.png'
03:47.712  render           | Saved: '/tmp/clearvla_eval_glass_23302.png'
03:48.444  render           | Saved: '/tmp/clearvla_eval_glass_23302.png'
03:49.060  render           | Saved: '/tmp/clearvla_eval_glass_23302.png'
03:50.055  render           | Saved: '/tmp/clearvla_eval_glass_23302.png'
03:50.615  render           | Saved: '/tmp/clearvla_eval_glass_23302.png'
03:51.656  render           | Saved: '/tmp/clearvla_eval_glass_23302.png'
03:52.332  render           | Saved: '/tmp/clearvla_eval_glass_23302.png'
03:53.299  render           | Saved: '/tmp/clearvla_eval_glass_23302.png'
03:53.846  render           | Saved: '/tmp/clearvla_eval_glass_23302.png'
03:54.891  render           | Saved: '/tmp/clearvla_eval_glass_23302.png'
03:55.475  render           | Saved: '/tmp/clearvla_eval_glass_23302.png'
03:56.272  render           | Saved: '/tmp/clearvla_eval_glass_23302.png'
03:56.830  render           | Saved: '/tmp/clearvla_eval_glass_23302.png'
03:57.492  render           | Saved: '/tmp/clearvla_eval_glass_23302.png'
03:58.291  render           | Saved: '/tmp/clearvla_eval_glass_23302.png'
03:59.327  render           | Saved: '/tmp/clearvla_eval_glass_23302.png'
03:59.983  render           | Saved: '/tmp/clearvla_eval_glass_23302.png'
04:01.410  render           | Saved: '/tmp/clearvla_eval_glass_23302.png'
04:01.976  render           | Saved: '/tmp/clearvla_eval_glass_23302.png'
04:02.635  render           | Saved: '/tmp/clearvla_eval_glass_23302.png'
04:03.331  render           | Saved: '/tmp/clearvla_eval_glass_23302.png'
04:04.251  render           | Saved: '/tmp/clearvla_eval_glass_23302.png'
04:04.794  render           | Saved: '/tmp/clearvla_eval_glass_23302.png'
04:05.637  render           | Saved: '/tmp/clearvla_eval_glass_23302.png'
04:06.354  render           | Saved: '/tmp/clearvla_eval_glass_23302.png'
04:08.843  render           | Saved: '/tmp/clearvla_eval_glass_23302.png'
04:09.555  render           | Saved: '/tmp/clearvla_eval_glass_23302.png'
04:11.686  render           | Saved: '/tmp/clearvla_eval_glass_23302.png'
04:12.273  render           | Saved: '/tmp/clearvla_eval_glass_23302.png'
04:12.989  render           | Saved: '/tmp/clearvla_eval_glass_23302.png'
04:13.491  render           | Saved: '/tmp/clearvla_eval_glass_23302.png'
04:14.460  render           | Saved: '/tmp/clearvla_eval_glass_23302.png'
04:15.050  render           | Saved: '/tmp/clearvla_eval_glass_23302.png'
04:16.020  render           | Saved: '/tmp/clearvla_eval_glass_23302.png'
04:17.154  render           | Saved: '/tmp/clearvla_eval_glass_23302.png'
04:18.548  render           | Saved: '/tmp/clearvla_eval_glass_23302.png'
04:19.269  render           | Saved: '/tmp/clearvla_eval_glass_23302.png'
04:19.967  render           | Saved: '/tmp/clearvla_eval_glass_23302.png'
04:20.376  render           | Saved: '/tmp/clearvla_eval_glass_23302.png'
04:20.916  render           | Saved: '/tmp/clearvla_eval_glass_23302.png'
04:21.481  render           | Saved: '/tmp/clearvla_eval_glass_23302.png'
04:22.287  render           | Saved: '/tmp/clearvla_eval_glass_23302.png'
04:22.890  render           | Saved: '/tmp/clearvla_eval_glass_23302.png'
04:23.680  render           | Saved: '/tmp/clearvla_eval_glass_23302.png'
04:24.325  render           | Saved: '/tmp/clearvla_eval_glass_23302.png'
04:25.437  render           | Saved: '/tmp/clearvla_eval_glass_23302.png'
04:25.946  render           | Saved: '/tmp/clearvla_eval_glass_23302.png'
04:27.545  render           | Saved: '/tmp/clearvla_eval_glass_23302.png'
04:28.154  render           | Saved: '/tmp/clearvla_eval_glass_23302.png'
04:28.879  render           | Saved: '/tmp/clearvla_eval_glass_23302.png'
04:29.364  render           | Saved: '/tmp/clearvla_eval_glass_23302.png'
04:29.865  render           | Saved: '/tmp/clearvla_eval_glass_23302.png'
04:30.346  render           | Saved: '/tmp/clearvla_eval_glass_23302.png'
04:30.882  render           | Saved: '/tmp/clearvla_eval_glass_23302.png'
04:31.768  render           | Saved: '/tmp/clearvla_eval_glass_23302.png'
04:35.550  render           | Saved: '/tmp/clearvla_eval_glass_23302.png'
04:36.351  render           | Saved: '/tmp/clearvla_eval_glass_23302.png'
04:39.914  render           | Saved: '/tmp/clearvla_eval_glass_23302.png'
04:40.632  render           | Saved: '/tmp/clearvla_eval_glass_23302.png'
04:44.430  render           | Saved: '/tmp/clearvla_eval_glass_23302.png'
04:45.033  render           | Saved: '/tmp/clearvla_eval_glass_23302.png'
04:47.891  render           | Saved: '/tmp/clearvla_eval_glass_23302.png'
04:48.349  render           | Saved: '/tmp/clearvla_eval_glass_23302.png'
04:48.900  render           | Saved: '/tmp/clearvla_eval_glass_23302.png'
04:50.223  render           | Saved: '/tmp/clearvla_eval_glass_23302.png'
04:51.285  render           | Saved: '/tmp/clearvla_eval_glass_23302.png'
04:51.759  render           | Saved: '/tmp/clearvla_eval_glass_23302.png'
04:52.394  render           | Saved: '/tmp/clearvla_eval_glass_23302.png'
04:52.853  render           | Saved: '/tmp/clearvla_eval_glass_23302.png'
04:53.414  render           | Saved: '/tmp/clearvla_eval_glass_23302.png'
04:54.497  render           | Saved: '/tmp/clearvla_eval_glass_23302.png'
04:56.554  render           | Saved: '/tmp/clearvla_eval_glass_23302.png'
04:57.604  render           | Saved: '/tmp/clearvla_eval_glass_23302.png'
04:59.270  render           | Saved: '/tmp/clearvla_eval_glass_23302.png'
05:00.058  render           | Saved: '/tmp/clearvla_eval_glass_23302.png'
05:02.060  render           | Saved: '/tmp/clearvla_eval_glass_23302.png'
05:02.568  render           | Saved: '/tmp/clearvla_eval_glass_23302.png'
05:03.325  render           | Saved: '/tmp/clearvla_eval_glass_23302.png'
05:03.992  render           | Saved: '/tmp/clearvla_eval_glass_23302.png'
05:04.718  render           | Saved: '/tmp/clearvla_eval_glass_23302.png'
05:05.643  render           | Saved: '/tmp/clearvla_eval_glass_23302.png'
05:07.485  render           | Saved: '/tmp/clearvla_eval_glass_23302.png'
05:07.987  render           | Saved: '/tmp/clearvla_eval_glass_23302.png'
05:10.854  render           | Saved: '/tmp/clearvla_eval_glass_23302.png'
05:11.475  render           | Saved: '/tmp/clearvla_eval_glass_23302.png'
05:14.822  render           | Saved: '/tmp/clearvla_eval_glass_23302.png'
05:15.304  render           | Saved: '/tmp/clearvla_eval_glass_23302.png'
05:16.725  render           | Saved: '/tmp/clearvla_eval_glass_23302.png'
05:17.285  render           | Saved: '/tmp/clearvla_eval_glass_23302.png'
05:18.017  render           | Saved: '/tmp/clearvla_eval_glass_23302.png'
05:18.488  render           | Saved: '/tmp/clearvla_eval_glass_23302.png'
05:19.015  render           | Saved: '/tmp/clearvla_eval_glass_23302.png'
05:19.470  render           | Saved: '/tmp/clearvla_eval_glass_23302.png'
05:20.588  render           | Saved: '/tmp/clearvla_eval_glass_23302.png'
05:21.229  render           | Saved: '/tmp/clearvla_eval_glass_23302.png'
05:22.365  render           | Saved: '/tmp/clearvla_eval_glass_23302.png'
05:22.810  render           | Saved: '/tmp/clearvla_eval_glass_23302.png'
05:23.380  render           | Saved: '/tmp/clearvla_eval_glass_23302.png'
05:24.279  render           | Saved: '/tmp/clearvla_eval_glass_23302.png'
05:25.419  render           | Saved: '/tmp/clearvla_eval_glass_23302.png'
05:26.118  render           | Saved: '/tmp/clearvla_eval_glass_23302.png'
05:28.489  render           | Saved: '/tmp/clearvla_eval_glass_23302.png'
05:29.153  render           | Saved: '/tmp/clearvla_eval_glass_23302.png'
05:31.599  render           | Saved: '/tmp/clearvla_eval_glass_23302.png'
05:32.775  render           | Saved: '/tmp/clearvla_eval_glass_23302.png'
05:35.887  render           | Saved: '/tmp/clearvla_eval_glass_23302.png'
05:36.405  render           | Saved: '/tmp/clearvla_eval_glass_23302.png'
05:37.108  render           | Saved: '/tmp/clearvla_eval_glass_23302.png'
05:37.877  render           | Saved: '/tmp/clearvla_eval_glass_23302.png'
05:40.522  render           | Saved: '/tmp/clearvla_eval_glass_23302.png'
05:41.366  render           | Saved: '/tmp/clearvla_eval_glass_23302.png'
05:43.941  render           | Saved: '/tmp/clearvla_eval_glass_23302.png'
05:44.677  render           | Saved: '/tmp/clearvla_eval_glass_23302.png'
05:47.753  render           | Saved: '/tmp/clearvla_eval_glass_23302.png'
05:48.306  render           | Saved: '/tmp/clearvla_eval_glass_23302.png'
05:48.955  render           | Saved: '/tmp/clearvla_eval_glass_23302.png'
05:49.382  render           | Saved: '/tmp/clearvla_eval_glass_23302.png'
05:49.958  render           | Saved: '/tmp/clearvla_eval_glass_23302.png'
05:51.128  render           | Saved: '/tmp/clearvla_eval_glass_23302.png'
05:51.976  render           | Saved: '/tmp/clearvla_eval_glass_23302.png'
05:52.403  render           | Saved: '/tmp/clearvla_eval_glass_23302.png'
05:52.962  render           | Saved: '/tmp/clearvla_eval_glass_23302.png'
05:53.417  render           | Saved: '/tmp/clearvla_eval_glass_23302.png'
05:53.928  render           | Saved: '/tmp/clearvla_eval_glass_23302.png'
05:54.398  render           | Saved: '/tmp/clearvla_eval_glass_23302.png'
05:55.443  render           | Saved: '/tmp/clearvla_eval_glass_23302.png'
05:56.057  render           | Saved: '/tmp/clearvla_eval_glass_23302.png'
05:57.636  render           | Saved: '/tmp/clearvla_eval_glass_23302.png'
05:58.153  render           | Saved: '/tmp/clearvla_eval_glass_23302.png'
05:59.190  render           | Saved: '/tmp/clearvla_eval_glass_23302.png'
05:59.697  render           | Saved: '/tmp/clearvla_eval_glass_23302.png'
06:00.468  render           | Saved: '/tmp/clearvla_eval_glass_23302.png'
06:01.224  render           | Saved: '/tmp/clearvla_eval_glass_23302.png'
06:02.527  render           | Saved: '/tmp/clearvla_eval_glass_23302.png'
06:03.005  render           | Saved: '/tmp/clearvla_eval_glass_23302.png'
06:05.721  render           | Saved: '/tmp/clearvla_eval_glass_23302.png'
06:06.324  render           | Saved: '/tmp/clearvla_eval_glass_23302.png'
06:07.155  render           | Saved: '/tmp/clearvla_eval_glass_23302.png'
06:07.661  render           | Saved: '/tmp/clearvla_eval_glass_23302.png'
06:10.311  render           | Saved: '/tmp/clearvla_eval_glass_23302.png'
06:11.062  render           | Saved: '/tmp/clearvla_eval_glass_23302.png'
06:14.195  render           | Saved: '/tmp/clearvla_eval_glass_23302.png'
06:14.696  render           | Saved: '/tmp/clearvla_eval_glass_23302.png'
06:15.638  render           | Saved: '/tmp/clearvla_eval_glass_23302.png'
06:16.171  render           | Saved: '/tmp/clearvla_eval_glass_23302.png'
06:16.689  render           | Saved: '/tmp/clearvla_eval_glass_23302.png'
06:17.139  render           | Saved: '/tmp/clearvla_eval_glass_23302.png'
06:17.662  render           | Saved: '/tmp/clearvla_eval_glass_23302.png'
06:18.895  render           | Saved: '/tmp/clearvla_eval_glass_23302.png'
06:20.027  render           | Saved: '/tmp/clearvla_eval_glass_23302.png'
06:20.483  render           | Saved: '/tmp/clearvla_eval_glass_23302.png'
06:21.002  render           | Saved: '/tmp/clearvla_eval_glass_23302.png'
06:21.484  render           | Saved: '/tmp/clearvla_eval_glass_23302.png'
06:22.642  render           | Saved: '/tmp/clearvla_eval_glass_23302.png'
06:23.330  render           | Saved: '/tmp/clearvla_eval_glass_23302.png'
06:23.980  render           | Saved: '/tmp/clearvla_eval_glass_23302.png'
06:24.485  render           | Saved: '/tmp/clearvla_eval_glass_23302.png'
06:25.426  render           | Saved: '/tmp/clearvla_eval_glass_23302.png'
06:25.970  render           | Saved: '/tmp/clearvla_eval_glass_23302.png'
06:26.636  render           | Saved: '/tmp/clearvla_eval_glass_23302.png'
06:27.444  render           | Saved: '/tmp/clearvla_eval_glass_23302.png'
06:30.017  render           | Saved: '/tmp/clearvla_eval_glass_23302.png'
06:30.657  render           | Saved: '/tmp/clearvla_eval_glass_23302.png'
06:31.527  render           | Saved: '/tmp/clearvla_eval_glass_23302.png'
06:32.069  render           | Saved: '/tmp/clearvla_eval_glass_23302.png'
06:32.937  render           | Saved: '/tmp/clearvla_eval_glass_23302.png'
06:33.537  render           | Saved: '/tmp/clearvla_eval_glass_23302.png'
06:34.532  render           | Saved: '/tmp/clearvla_eval_glass_23302.png'
06:35.044  render           | Saved: '/tmp/clearvla_eval_glass_23302.png'
[full/glass] grasp: 8/10  (6.5 min, 26.1 s/ep)
06:37.469  render           | Saved: '/tmp/clearvla_eval_glass_23302.png'
06:38.612  render           | Saved: '/tmp/clearvla_eval_glass_23302.png'
06:41.332  render           | Saved: '/tmp/clearvla_eval_glass_23302.png'
06:41.939  render           | Saved: '/tmp/clearvla_eval_glass_23302.png'
06:42.616  render           | Saved: '/tmp/clearvla_eval_glass_23302.png'
06:43.169  render           | Saved: '/tmp/clearvla_eval_glass_23302.png'
06:44.530  render           | Saved: '/tmp/clearvla_eval_glass_23302.png'
06:45.068  render           | Saved: '/tmp/clearvla_eval_glass_23302.png'
06:47.948  render           | Saved: '/tmp/clearvla_eval_glass_23302.png'
06:48.527  render           | Saved: '/tmp/clearvla_eval_glass_23302.png'
06:49.137  render           | Saved: '/tmp/clearvla_eval_glass_23302.png'
06:50.278  render           | Saved: '/tmp/clearvla_eval_glass_23302.png'
06:52.861  render           | Saved: '/tmp/clearvla_eval_glass_23302.png'
06:53.376  render           | Saved: '/tmp/clearvla_eval_glass_23302.png'
06:54.303  render           | Saved: '/tmp/clearvla_eval_glass_23302.png'
06:54.965  render           | Saved: '/tmp/clearvla_eval_glass_23302.png'
06:55.883  render           | Saved: '/tmp/clearvla_eval_glass_23302.png'
06:56.394  render           | Saved: '/tmp/clearvla_eval_glass_23302.png'
06:57.186  render           | Saved: '/tmp/clearvla_eval_glass_23302.png'
06:57.823  render           | Saved: '/tmp/clearvla_eval_glass_23302.png'
06:58.598  render           | Saved: '/tmp/clearvla_eval_glass_23302.png'
06:59.202  render           | Saved: '/tmp/clearvla_eval_glass_23302.png'
07:00.187  render           | Saved: '/tmp/clearvla_eval_glass_23302.png'
07:00.769  render           | Saved: '/tmp/clearvla_eval_glass_23302.png'
07:01.641  render           | Saved: '/tmp/clearvla_eval_glass_23302.png'
07:02.283  render           | Saved: '/tmp/clearvla_eval_glass_23302.png'
07:03.582  render           | Saved: '/tmp/clearvla_eval_glass_23302.png'
07:04.122  render           | Saved: '/tmp/clearvla_eval_glass_23302.png'
07:08.061  render           | Saved: '/tmp/clearvla_eval_glass_23302.png'
07:08.724  render           | Saved: '/tmp/clearvla_eval_glass_23302.png'
07:10.666  render           | Saved: '/tmp/clearvla_eval_glass_23302.png'
07:11.607  render           | Saved: '/tmp/clearvla_eval_glass_23302.png'
07:13.416  render           | Saved: '/tmp/clearvla_eval_glass_23302.png'
07:13.888  render           | Saved: '/tmp/clearvla_eval_glass_23302.png'
07:14.528  render           | Saved: '/tmp/clearvla_eval_glass_23302.png'
07:15.326  render           | Saved: '/tmp/clearvla_eval_glass_23302.png'
07:16.329  render           | Saved: '/tmp/clearvla_eval_glass_23302.png'
07:16.898  render           | Saved: '/tmp/clearvla_eval_glass_23302.png'
07:18.991  render           | Saved: '/tmp/clearvla_eval_glass_23302.png'
07:19.772  render           | Saved: '/tmp/clearvla_eval_glass_23302.png'
07:22.850  render           | Saved: '/tmp/clearvla_eval_glass_23302.png'
07:23.500  render           | Saved: '/tmp/clearvla_eval_glass_23302.png'
07:25.577  render           | Saved: '/tmp/clearvla_eval_glass_23302.png'
07:25.981  render           | Saved: '/tmp/clearvla_eval_glass_23302.png'
07:26.516  render           | Saved: '/tmp/clearvla_eval_glass_23302.png'
07:27.923  render           | Saved: '/tmp/clearvla_eval_glass_23302.png'
07:28.734  render           | Saved: '/tmp/clearvla_eval_glass_23302.png'
07:29.184  render           | Saved: '/tmp/clearvla_eval_glass_23302.png'
07:29.696  render           | Saved: '/tmp/clearvla_eval_glass_23302.png'
07:30.131  render           | Saved: '/tmp/clearvla_eval_glass_23302.png'
07:30.657  render           | Saved: '/tmp/clearvla_eval_glass_23302.png'
07:31.069  render           | Saved: '/tmp/clearvla_eval_glass_23302.png'
07:32.341  render           | Saved: '/tmp/clearvla_eval_glass_23302.png'
07:33.023  render           | Saved: '/tmp/clearvla_eval_glass_23302.png'
07:34.043  render           | Saved: '/tmp/clearvla_eval_glass_23302.png'
07:34.447  render           | Saved: '/tmp/clearvla_eval_glass_23302.png'
07:34.888  render           | Saved: '/tmp/clearvla_eval_glass_23302.png'
07:35.335  render           | Saved: '/tmp/clearvla_eval_glass_23302.png'
07:35.830  render           | Saved: '/tmp/clearvla_eval_glass_23302.png'
07:36.857  render           | Saved: '/tmp/clearvla_eval_glass_23302.png'
07:38.840  render           | Saved: '/tmp/clearvla_eval_glass_23302.png'
07:39.498  render           | Saved: '/tmp/clearvla_eval_glass_23302.png'
07:40.144  render           | Saved: '/tmp/clearvla_eval_glass_23302.png'
07:40.600  render           | Saved: '/tmp/clearvla_eval_glass_23302.png'
07:41.487  render           | Saved: '/tmp/clearvla_eval_glass_23302.png'
07:41.963  render           | Saved: '/tmp/clearvla_eval_glass_23302.png'
07:42.601  render           | Saved: '/tmp/clearvla_eval_glass_23302.png'
07:43.016  render           | Saved: '/tmp/clearvla_eval_glass_23302.png'
07:44.301  render           | Saved: '/tmp/clearvla_eval_glass_23302.png'
07:44.900  render           | Saved: '/tmp/clearvla_eval_glass_23302.png'
07:45.570  render           | Saved: '/tmp/clearvla_eval_glass_23302.png'
07:46.067  render           | Saved: '/tmp/clearvla_eval_glass_23302.png'
07:46.522  render           | Saved: '/tmp/clearvla_eval_glass_23302.png'
07:46.972  render           | Saved: '/tmp/clearvla_eval_glass_23302.png'
07:47.469  render           | Saved: '/tmp/clearvla_eval_glass_23302.png'
07:47.948  render           | Saved: '/tmp/clearvla_eval_glass_23302.png'
07:49.373  render           | Saved: '/tmp/clearvla_eval_glass_23302.png'
07:49.918  render           | Saved: '/tmp/clearvla_eval_glass_23302.png'
07:50.641  render           | Saved: '/tmp/clearvla_eval_glass_23302.png'
07:51.117  render           | Saved: '/tmp/clearvla_eval_glass_23302.png'
07:52.392  render           | Saved: '/tmp/clearvla_eval_glass_23302.png'
07:53.062  render           | Saved: '/tmp/clearvla_eval_glass_23302.png'
07:54.651  render           | Saved: '/tmp/clearvla_eval_glass_23302.png'
07:55.805  render           | Saved: '/tmp/clearvla_eval_glass_23302.png'
07:56.319  render           | Saved: '/tmp/clearvla_eval_glass_23302.png'
07:56.789  render           | Saved: '/tmp/clearvla_eval_glass_23302.png'
07:57.498  render           | Saved: '/tmp/clearvla_eval_glass_23302.png'
07:58.094  render           | Saved: '/tmp/clearvla_eval_glass_23302.png'
07:58.799  render           | Saved: '/tmp/clearvla_eval_glass_23302.png'
07:59.456  render           | Saved: '/tmp/clearvla_eval_glass_23302.png'
08:00.984  render           | Saved: '/tmp/clearvla_eval_glass_23302.png'
08:01.558  render           | Saved: '/tmp/clearvla_eval_glass_23302.png'
08:02.737  render           | Saved: '/tmp/clearvla_eval_glass_23302.png'
08:03.398  render           | Saved: '/tmp/clearvla_eval_glass_23302.png'
08:06.176  render           | Saved: '/tmp/clearvla_eval_glass_23302.png'
08:06.639  render           | Saved: '/tmp/clearvla_eval_glass_23302.png'
08:07.190  render           | Saved: '/tmp/clearvla_eval_glass_23302.png'
08:07.668  render           | Saved: '/tmp/clearvla_eval_glass_23302.png'
08:09.220  render           | Saved: '/tmp/clearvla_eval_glass_23302.png'
08:09.892  render           | Saved: '/tmp/clearvla_eval_glass_23302.png'
08:11.305  render           | Saved: '/tmp/clearvla_eval_glass_23302.png'
08:11.764  render           | Saved: '/tmp/clearvla_eval_glass_23302.png'
08:13.607  render           | Saved: '/tmp/clearvla_eval_glass_23302.png'
08:14.294  render           | Saved: '/tmp/clearvla_eval_glass_23302.png'
08:18.576  render           | Saved: '/tmp/clearvla_eval_glass_23302.png'
08:19.233  render           | Saved: '/tmp/clearvla_eval_glass_23302.png'
08:22.189  render           | Saved: '/tmp/clearvla_eval_glass_23302.png'
08:22.771  render           | Saved: '/tmp/clearvla_eval_glass_23302.png'
08:23.694  render           | Saved: '/tmp/clearvla_eval_glass_23302.png'
08:24.918  render           | Saved: '/tmp/clearvla_eval_glass_23302.png'
08:26.081  render           | Saved: '/tmp/clearvla_eval_glass_23302.png'
08:26.654  render           | Saved: '/tmp/clearvla_eval_glass_23302.png'
08:29.008  render           | Saved: '/tmp/clearvla_eval_glass_23302.png'
08:29.601  render           | Saved: '/tmp/clearvla_eval_glass_23302.png'
08:32.670  render           | Saved: '/tmp/clearvla_eval_glass_23302.png'
08:33.313  render           | Saved: '/tmp/clearvla_eval_glass_23302.png'
08:33.985  render           | Saved: '/tmp/clearvla_eval_glass_23302.png'
08:35.012  render           | Saved: '/tmp/clearvla_eval_glass_23302.png'
08:37.613  render           | Saved: '/tmp/clearvla_eval_glass_23302.png'
08:38.258  render           | Saved: '/tmp/clearvla_eval_glass_23302.png'
08:39.304  render           | Saved: '/tmp/clearvla_eval_glass_23302.png'
08:39.872  render           | Saved: '/tmp/clearvla_eval_glass_23302.png'
08:40.451  render           | Saved: '/tmp/clearvla_eval_glass_23302.png'
08:41.381  render           | Saved: '/tmp/clearvla_eval_glass_23302.png'
08:42.995  render           | Saved: '/tmp/clearvla_eval_glass_23302.png'
08:43.752  render           | Saved: '/tmp/clearvla_eval_glass_23302.png'
08:44.550  render           | Saved: '/tmp/clearvla_eval_glass_23302.png'
08:45.549  render           | Saved: '/tmp/clearvla_eval_glass_23302.png'
08:48.978  render           | Saved: '/tmp/clearvla_eval_glass_23302.png'
08:49.488  render           | Saved: '/tmp/clearvla_eval_glass_23302.png'
08:50.161  render           | Saved: '/tmp/clearvla_eval_glass_23302.png'
08:51.184  render           | Saved: '/tmp/clearvla_eval_glass_23302.png'
08:54.570  render           | Saved: '/tmp/clearvla_eval_glass_23302.png'
08:55.279  render           | Saved: '/tmp/clearvla_eval_glass_23302.png'
08:58.442  render           | Saved: '/tmp/clearvla_eval_glass_23302.png'
08:59.068  render           | Saved: '/tmp/clearvla_eval_glass_23302.png'
09:00.712  render           | Saved: '/tmp/clearvla_eval_glass_23302.png'
09:01.199  render           | Saved: '/tmp/clearvla_eval_glass_23302.png'
09:01.772  render           | Saved: '/tmp/clearvla_eval_glass_23302.png'
09:02.386  render           | Saved: '/tmp/clearvla_eval_glass_23302.png'
09:03.105  render           | Saved: '/tmp/clearvla_eval_glass_23302.png'
09:03.542  render           | Saved: '/tmp/clearvla_eval_glass_23302.png'
09:04.070  render           | Saved: '/tmp/clearvla_eval_glass_23302.png'
09:05.235  render           | Saved: '/tmp/clearvla_eval_glass_23302.png'
09:06.520  render           | Saved: '/tmp/clearvla_eval_glass_23302.png'
09:06.993  render           | Saved: '/tmp/clearvla_eval_glass_23302.png'
09:07.615  render           | Saved: '/tmp/clearvla_eval_glass_23302.png'
09:08.082  render           | Saved: '/tmp/clearvla_eval_glass_23302.png'
09:08.583  render           | Saved: '/tmp/clearvla_eval_glass_23302.png'
09:09.077  render           | Saved: '/tmp/clearvla_eval_glass_23302.png'
09:09.602  render           | Saved: '/tmp/clearvla_eval_glass_23302.png'
09:10.636  render           | Saved: '/tmp/clearvla_eval_glass_23302.png'
09:13.555  render           | Saved: '/tmp/clearvla_eval_glass_23302.png'
09:14.708  render           | Saved: '/tmp/clearvla_eval_glass_23302.png'
09:17.186  render           | Saved: '/tmp/clearvla_eval_glass_23302.png'
09:17.914  render           | Saved: '/tmp/clearvla_eval_glass_23302.png'
09:18.971  render           | Saved: '/tmp/clearvla_eval_glass_23302.png'
09:20.101  render           | Saved: '/tmp/clearvla_eval_glass_23302.png'
09:23.283  render           | Saved: '/tmp/clearvla_eval_glass_23302.png'
09:24.035  render           | Saved: '/tmp/clearvla_eval_glass_23302.png'
09:24.733  render           | Saved: '/tmp/clearvla_eval_glass_23302.png'
09:25.230  render           | Saved: '/tmp/clearvla_eval_glass_23302.png'
09:27.065  render           | Saved: '/tmp/clearvla_eval_glass_23302.png'
09:28.157  render           | Saved: '/tmp/clearvla_eval_glass_23302.png'
09:30.727  render           | Saved: '/tmp/clearvla_eval_glass_23302.png'
09:31.502  render           | Saved: '/tmp/clearvla_eval_glass_23302.png'
09:33.088  render           | Saved: '/tmp/clearvla_eval_glass_23302.png'
09:33.854  render           | Saved: '/tmp/clearvla_eval_glass_23302.png'
09:35.058  render           | Saved: '/tmp/clearvla_eval_glass_23302.png'
09:35.563  render           | Saved: '/tmp/clearvla_eval_glass_23302.png'
09:36.219  render           | Saved: '/tmp/clearvla_eval_glass_23302.png'
09:36.696  render           | Saved: '/tmp/clearvla_eval_glass_23302.png'
09:37.252  render           | Saved: '/tmp/clearvla_eval_glass_23302.png'
09:37.726  render           | Saved: '/tmp/clearvla_eval_glass_23302.png'
09:38.284  render           | Saved: '/tmp/clearvla_eval_glass_23302.png'
09:38.782  render           | Saved: '/tmp/clearvla_eval_glass_23302.png'
09:40.293  render           | Saved: '/tmp/clearvla_eval_glass_23302.png'
09:41.030  render           | Saved: '/tmp/clearvla_eval_glass_23302.png'
09:42.800  render           | Saved: '/tmp/clearvla_eval_glass_23302.png'
09:43.245  render           | Saved: '/tmp/clearvla_eval_glass_23302.png'
09:43.780  render           | Saved: '/tmp/clearvla_eval_glass_23302.png'
09:44.205  render           | Saved: '/tmp/clearvla_eval_glass_23302.png'
09:44.817  render           | Saved: '/tmp/clearvla_eval_glass_23302.png'
09:46.015  render           | Saved: '/tmp/clearvla_eval_glass_23302.png'
09:48.740  render           | Saved: '/tmp/clearvla_eval_glass_23302.png'
09:49.400  render           | Saved: '/tmp/clearvla_eval_glass_23302.png'
09:52.050  render           | Saved: '/tmp/clearvla_eval_glass_23302.png'
09:52.715  render           | Saved: '/tmp/clearvla_eval_glass_23302.png'
09:57.764  render           | Saved: '/tmp/clearvla_eval_glass_23302.png'
09:58.459  render           | Saved: '/tmp/clearvla_eval_glass_23302.png'
10:02.215  render           | Saved: '/tmp/clearvla_eval_glass_23302.png'
10:03.268  render           | Saved: '/tmp/clearvla_eval_glass_23302.png'
10:05.429  render           | Saved: '/tmp/clearvla_eval_glass_23302.png'
10:06.422  render           | Saved: '/tmp/clearvla_eval_glass_23302.png'
10:08.539  render           | Saved: '/tmp/clearvla_eval_glass_23302.png'
10:08.989  render           | Saved: '/tmp/clearvla_eval_glass_23302.png'
10:09.488  render           | Saved: '/tmp/clearvla_eval_glass_23302.png'
10:09.988  render           | Saved: '/tmp/clearvla_eval_glass_23302.png'
10:11.889  render           | Saved: '/tmp/clearvla_eval_glass_23302.png'
10:12.414  render           | Saved: '/tmp/clearvla_eval_glass_23302.png'
10:13.269  render           | Saved: '/tmp/clearvla_eval_glass_23302.png'
10:13.755  render           | Saved: '/tmp/clearvla_eval_glass_23302.png'
10:14.274  render           | Saved: '/tmp/clearvla_eval_glass_23302.png'
10:14.757  render           | Saved: '/tmp/clearvla_eval_glass_23302.png'
10:15.299  render           | Saved: '/tmp/clearvla_eval_glass_23302.png'
10:16.532  render           | Saved: '/tmp/clearvla_eval_glass_23302.png'
10:19.441  render           | Saved: '/tmp/clearvla_eval_glass_23302.png'
10:20.222  render           | Saved: '/tmp/clearvla_eval_glass_23302.png'
10:25.558  render           | Saved: '/tmp/clearvla_eval_glass_23302.png'
10:26.220  render           | Saved: '/tmp/clearvla_eval_glass_23302.png'
10:30.080  render           | Saved: '/tmp/clearvla_eval_glass_23302.png'
10:30.661  render           | Saved: '/tmp/clearvla_eval_glass_23302.png'
10:31.907  render           | Saved: '/tmp/clearvla_eval_glass_23302.png'
10:32.554  render           | Saved: '/tmp/clearvla_eval_glass_23302.png'
10:33.258  render           | Saved: '/tmp/clearvla_eval_glass_23302.png'
10:34.073  render           | Saved: '/tmp/clearvla_eval_glass_23302.png'
10:34.606  render           | Saved: '/tmp/clearvla_eval_glass_23302.png'
10:35.029  render           | Saved: '/tmp/clearvla_eval_glass_23302.png'
10:36.064  render           | Saved: '/tmp/clearvla_eval_glass_23302.png'
10:36.708  render           | Saved: '/tmp/clearvla_eval_glass_23302.png'
10:39.446  render           | Saved: '/tmp/clearvla_eval_glass_23302.png'
10:39.927  render           | Saved: '/tmp/clearvla_eval_glass_23302.png'
10:40.447  render           | Saved: '/tmp/clearvla_eval_glass_23302.png'
10:41.065  render           | Saved: '/tmp/clearvla_eval_glass_23302.png'
10:41.831  render           | Saved: '/tmp/clearvla_eval_glass_23302.png'
10:42.381  render           | Saved: '/tmp/clearvla_eval_glass_23302.png'
10:43.395  render           | Saved: '/tmp/clearvla_eval_glass_23302.png'
10:43.997  render           | Saved: '/tmp/clearvla_eval_glass_23302.png'
10:45.038  render           | Saved: '/tmp/clearvla_eval_glass_23302.png'
10:45.576  render           | Saved: '/tmp/clearvla_eval_glass_23302.png'
10:47.359  render           | Saved: '/tmp/clearvla_eval_glass_23302.png'
10:47.994  render           | Saved: '/tmp/clearvla_eval_glass_23302.png'
10:48.663  render           | Saved: '/tmp/clearvla_eval_glass_23302.png'
10:49.104  render           | Saved: '/tmp/clearvla_eval_glass_23302.png'
10:49.623  render           | Saved: '/tmp/clearvla_eval_glass_23302.png'
10:50.041  render           | Saved: '/tmp/clearvla_eval_glass_23302.png'
10:50.604  render           | Saved: '/tmp/clearvla_eval_glass_23302.png'
10:51.231  render           | Saved: '/tmp/clearvla_eval_glass_23302.png'
10:52.740  render           | Saved: '/tmp/clearvla_eval_glass_23302.png'
10:53.293  render           | Saved: '/tmp/clearvla_eval_glass_23302.png'
10:53.965  render           | Saved: '/tmp/clearvla_eval_glass_23302.png'
10:54.681  render           | Saved: '/tmp/clearvla_eval_glass_23302.png'
10:55.849  render           | Saved: '/tmp/clearvla_eval_glass_23302.png'
10:56.425  render           | Saved: '/tmp/clearvla_eval_glass_23302.png'
10:57.103  render           | Saved: '/tmp/clearvla_eval_glass_23302.png'
10:57.609  render           | Saved: '/tmp/clearvla_eval_glass_23302.png'
10:58.145  render           | Saved: '/tmp/clearvla_eval_glass_23302.png'
10:58.588  render           | Saved: '/tmp/clearvla_eval_glass_23302.png'
10:59.061  render           | Saved: '/tmp/clearvla_eval_glass_23302.png'
10:59.477  render           | Saved: '/tmp/clearvla_eval_glass_23302.png'
10:59.998  render           | Saved: '/tmp/clearvla_eval_glass_23302.png'
11:00.682  render           | Saved: '/tmp/clearvla_eval_glass_23302.png'
11:01.692  render           | Saved: '/tmp/clearvla_eval_glass_23302.png'
11:02.360  render           | Saved: '/tmp/clearvla_eval_glass_23302.png'
11:05.066  render           | Saved: '/tmp/clearvla_eval_glass_23302.png'
11:06.117  render           | Saved: '/tmp/clearvla_eval_glass_23302.png'
11:07.818  render           | Saved: '/tmp/clearvla_eval_glass_23302.png'
11:08.269  render           | Saved: '/tmp/clearvla_eval_glass_23302.png'
11:09.298  render           | Saved: '/tmp/clearvla_eval_glass_23302.png'
11:09.948  render           | Saved: '/tmp/clearvla_eval_glass_23302.png'
11:10.546  render           | Saved: '/tmp/clearvla_eval_glass_23302.png'
11:11.160  render           | Saved: '/tmp/clearvla_eval_glass_23302.png'
11:11.849  render           | Saved: '/tmp/clearvla_eval_glass_23302.png'
11:12.271  render           | Saved: '/tmp/clearvla_eval_glass_23302.png'
11:14.565  render           | Saved: '/tmp/clearvla_eval_glass_23302.png'
11:15.383  render           | Saved: '/tmp/clearvla_eval_glass_23302.png'
11:16.868  render           | Saved: '/tmp/clearvla_eval_glass_23302.png'
11:17.656  render           | Saved: '/tmp/clearvla_eval_glass_23302.png'
11:22.466  render           | Saved: '/tmp/clearvla_eval_glass_23302.png'
11:23.070  render           | Saved: '/tmp/clearvla_eval_glass_23302.png'
11:26.066  render           | Saved: '/tmp/clearvla_eval_glass_23302.png'
11:26.623  render           | Saved: '/tmp/clearvla_eval_glass_23302.png'
11:28.959  render           | Saved: '/tmp/clearvla_eval_glass_23302.png'
11:30.141  render           | Saved: '/tmp/clearvla_eval_glass_23302.png'
11:34.935  render           | Saved: '/tmp/clearvla_eval_glass_23302.png'
11:35.490  render           | Saved: '/tmp/clearvla_eval_glass_23302.png'
11:36.709  render           | Saved: '/tmp/clearvla_eval_glass_23302.png'
11:37.314  render           | Saved: '/tmp/clearvla_eval_glass_23302.png'
11:38.047  render           | Saved: '/tmp/clearvla_eval_glass_23302.png'
11:39.274  render           | Saved: '/tmp/clearvla_eval_glass_23302.png'
11:42.402  render           | Saved: '/tmp/clearvla_eval_glass_23302.png'
11:43.124  render           | Saved: '/tmp/clearvla_eval_glass_23302.png'
11:45.866  render           | Saved: '/tmp/clearvla_eval_glass_23302.png'
11:46.538  render           | Saved: '/tmp/clearvla_eval_glass_23302.png'
11:47.448  render           | Saved: '/tmp/clearvla_eval_glass_23302.png'
11:48.312  render           | Saved: '/tmp/clearvla_eval_glass_23302.png'
11:50.350  render           | Saved: '/tmp/clearvla_eval_glass_23302.png'
11:51.027  render           | Saved: '/tmp/clearvla_eval_glass_23302.png'
11:54.952  render           | Saved: '/tmp/clearvla_eval_glass_23302.png'
11:55.507  render           | Saved: '/tmp/clearvla_eval_glass_23302.png'
11:56.178  render           | Saved: '/tmp/clearvla_eval_glass_23302.png'
11:57.464  render           | Saved: '/tmp/clearvla_eval_glass_23302.png'
12:02.912  render           | Saved: '/tmp/clearvla_eval_glass_23302.png'
12:03.652  render           | Saved: '/tmp/clearvla_eval_glass_23302.png'
12:06.804  render           | Saved: '/tmp/clearvla_eval_glass_23302.png'
12:07.332  render           | Saved: '/tmp/clearvla_eval_glass_23302.png'
12:08.088  render           | Saved: '/tmp/clearvla_eval_glass_23302.png'
12:08.523  render           | Saved: '/tmp/clearvla_eval_glass_23302.png'
12:09.063  render           | Saved: '/tmp/clearvla_eval_glass_23302.png'
12:10.224  render           | Saved: '/tmp/clearvla_eval_glass_23302.png'
12:13.017  render           | Saved: '/tmp/clearvla_eval_glass_23302.png'
12:13.574  render           | Saved: '/tmp/clearvla_eval_glass_23302.png'
12:15.560  render           | Saved: '/tmp/clearvla_eval_glass_23302.png'
12:16.133  render           | Saved: '/tmp/clearvla_eval_glass_23302.png'
12:18.754  render           | Saved: '/tmp/clearvla_eval_glass_23302.png'
12:19.208  render           | Saved: '/tmp/clearvla_eval_glass_23302.png'
12:19.684  render           | Saved: '/tmp/clearvla_eval_glass_23302.png'
12:21.076  render           | Saved: '/tmp/clearvla_eval_glass_23302.png'
12:21.994  render           | Saved: '/tmp/clearvla_eval_glass_23302.png'
12:22.456  render           | Saved: '/tmp/clearvla_eval_glass_23302.png'
12:23.064  render           | Saved: '/tmp/clearvla_eval_glass_23302.png'
12:23.568  render           | Saved: '/tmp/clearvla_eval_glass_23302.png'
12:24.353  render           | Saved: '/tmp/clearvla_eval_glass_23302.png'
12:24.917  render           | Saved: '/tmp/clearvla_eval_glass_23302.png'
12:26.349  render           | Saved: '/tmp/clearvla_eval_glass_23302.png'
12:27.017  render           | Saved: '/tmp/clearvla_eval_glass_23302.png'
12:28.495  render           | Saved: '/tmp/clearvla_eval_glass_23302.png'
12:29.282  render           | Saved: '/tmp/clearvla_eval_glass_23302.png'
12:31.467  render           | Saved: '/tmp/clearvla_eval_glass_23302.png'
12:32.147  render           | Saved: '/tmp/clearvla_eval_glass_23302.png'
12:37.924  render           | Saved: '/tmp/clearvla_eval_glass_23302.png'
12:38.637  render           | Saved: '/tmp/clearvla_eval_glass_23302.png'
12:43.576  render           | Saved: '/tmp/clearvla_eval_glass_23302.png'
12:44.380  render           | Saved: '/tmp/clearvla_eval_glass_23302.png'
12:45.135  render           | Saved: '/tmp/clearvla_eval_glass_23302.png'
12:45.547  render           | Saved: '/tmp/clearvla_eval_glass_23302.png'
12:46.292  render           | Saved: '/tmp/clearvla_eval_glass_23302.png'
12:46.848  render           | Saved: '/tmp/clearvla_eval_glass_23302.png'
12:47.578  render           | Saved: '/tmp/clearvla_eval_glass_23302.png'
12:48.525  render           | Saved: '/tmp/clearvla_eval_glass_23302.png'
12:50.409  render           | Saved: '/tmp/clearvla_eval_glass_23302.png'
12:51.596  render           | Saved: '/tmp/clearvla_eval_glass_23302.png'
12:55.332  render           | Saved: '/tmp/clearvla_eval_glass_23302.png'
12:55.889  render           | Saved: '/tmp/clearvla_eval_glass_23302.png'
12:56.653  render           | Saved: '/tmp/clearvla_eval_glass_23302.png'
12:57.699  render           | Saved: '/tmp/clearvla_eval_glass_23302.png'
13:00.772  render           | Saved: '/tmp/clearvla_eval_glass_23302.png'
13:01.517  render           | Saved: '/tmp/clearvla_eval_glass_23302.png'
13:05.958  render           | Saved: '/tmp/clearvla_eval_glass_23302.png'
13:06.606  render           | Saved: '/tmp/clearvla_eval_glass_23302.png'
13:08.036  render           | Saved: '/tmp/clearvla_eval_glass_23302.png'
13:08.593  render           | Saved: '/tmp/clearvla_eval_glass_23302.png'
13:09.309  render           | Saved: '/tmp/clearvla_eval_glass_23302.png'
13:09.767  render           | Saved: '/tmp/clearvla_eval_glass_23302.png'
13:10.367  render           | Saved: '/tmp/clearvla_eval_glass_23302.png'
13:10.960  render           | Saved: '/tmp/clearvla_eval_glass_23302.png'
13:11.752  render           | Saved: '/tmp/clearvla_eval_glass_23302.png'
13:12.333  render           | Saved: '/tmp/clearvla_eval_glass_23302.png'
13:15.310  render           | Saved: '/tmp/clearvla_eval_glass_23302.png'
13:16.033  render           | Saved: '/tmp/clearvla_eval_glass_23302.png'
13:18.559  render           | Saved: '/tmp/clearvla_eval_glass_23302.png'
13:19.425  render           | Saved: '/tmp/clearvla_eval_glass_23302.png'
13:21.716  render           | Saved: '/tmp/clearvla_eval_glass_23302.png'
13:22.396  render           | Saved: '/tmp/clearvla_eval_glass_23302.png'
13:23.976  render           | Saved: '/tmp/clearvla_eval_glass_23302.png'
13:24.512  render           | Saved: '/tmp/clearvla_eval_glass_23302.png'
13:25.345  render           | Saved: '/tmp/clearvla_eval_glass_23302.png'
13:25.809  render           | Saved: '/tmp/clearvla_eval_glass_23302.png'
13:26.290  render           | Saved: '/tmp/clearvla_eval_glass_23302.png'
13:26.767  render           | Saved: '/tmp/clearvla_eval_glass_23302.png'
13:27.914  render           | Saved: '/tmp/clearvla_eval_glass_23302.png'
13:28.516  render           | Saved: '/tmp/clearvla_eval_glass_23302.png'
13:29.677  render           | Saved: '/tmp/clearvla_eval_glass_23302.png'
13:30.174  render           | Saved: '/tmp/clearvla_eval_glass_23302.png'
13:31.559  render           | Saved: '/tmp/clearvla_eval_glass_23302.png'
13:32.181  render           | Saved: '/tmp/clearvla_eval_glass_23302.png'
13:32.790  render           | Saved: '/tmp/clearvla_eval_glass_23302.png'
13:33.239  render           | Saved: '/tmp/clearvla_eval_glass_23302.png'
13:33.708  render           | Saved: '/tmp/clearvla_eval_glass_23302.png'
13:34.165  render           | Saved: '/tmp/clearvla_eval_glass_23302.png'
13:34.634  render           | Saved: '/tmp/clearvla_eval_glass_23302.png'
13:35.116  render           | Saved: '/tmp/clearvla_eval_glass_23302.png'
13:36.769  render           | Saved: '/tmp/clearvla_eval_glass_23302.png'
13:37.413  render           | Saved: '/tmp/clearvla_eval_glass_23302.png'
13:38.128  render           | Saved: '/tmp/clearvla_eval_glass_23302.png'
13:38.521  render           | Saved: '/tmp/clearvla_eval_glass_23302.png'
13:39.028  render           | Saved: '/tmp/clearvla_eval_glass_23302.png'
13:39.447  render           | Saved: '/tmp/clearvla_eval_glass_23302.png'
13:40.229  render           | Saved: '/tmp/clearvla_eval_glass_23302.png'
13:40.677  render           | Saved: '/tmp/clearvla_eval_glass_23302.png'
13:41.180  render           | Saved: '/tmp/clearvla_eval_glass_23302.png'
13:41.619  render           | Saved: '/tmp/clearvla_eval_glass_23302.png'
13:42.156  render           | Saved: '/tmp/clearvla_eval_glass_23302.png'
13:42.995  render           | Saved: '/tmp/clearvla_eval_glass_23302.png'
13:44.381  render           | Saved: '/tmp/clearvla_eval_glass_23302.png'
13:45.051  render           | Saved: '/tmp/clearvla_eval_glass_23302.png'
13:45.740  render           | Saved: '/tmp/clearvla_eval_glass_23302.png'
13:46.213  render           | Saved: '/tmp/clearvla_eval_glass_23302.png'
13:46.738  render           | Saved: '/tmp/clearvla_eval_glass_23302.png'
13:47.164  render           | Saved: '/tmp/clearvla_eval_glass_23302.png'
13:47.745  render           | Saved: '/tmp/clearvla_eval_glass_23302.png'
13:48.519  render           | Saved: '/tmp/clearvla_eval_glass_23302.png'
13:50.739  render           | Saved: '/tmp/clearvla_eval_glass_23302.png'
13:51.992  render           | Saved: '/tmp/clearvla_eval_glass_23302.png'
13:54.637  render           | Saved: '/tmp/clearvla_eval_glass_23302.png'
13:55.595  render           | Saved: '/tmp/clearvla_eval_glass_23302.png'
13:57.430  render           | Saved: '/tmp/clearvla_eval_glass_23302.png'
13:57.967  render           | Saved: '/tmp/clearvla_eval_glass_23302.png'
13:59.350  render           | Saved: '/tmp/clearvla_eval_glass_23302.png'
14:00.262  render           | Saved: '/tmp/clearvla_eval_glass_23302.png'
14:02.482  render           | Saved: '/tmp/clearvla_eval_glass_23302.png'
14:03.387  render           | Saved: '/tmp/clearvla_eval_glass_23302.png'
14:04.195  render           | Saved: '/tmp/clearvla_eval_glass_23302.png'
14:04.705  render           | Saved: '/tmp/clearvla_eval_glass_23302.png'
14:05.294  render           | Saved: '/tmp/clearvla_eval_glass_23302.png'
14:05.979  render           | Saved: '/tmp/clearvla_eval_glass_23302.png'
14:06.537  render           | Saved: '/tmp/clearvla_eval_glass_23302.png'
14:07.033  render           | Saved: '/tmp/clearvla_eval_glass_23302.png'
14:07.588  render           | Saved: '/tmp/clearvla_eval_glass_23302.png'
14:09.076  render           | Saved: '/tmp/clearvla_eval_glass_23302.png'
14:10.179  render           | Saved: '/tmp/clearvla_eval_glass_23302.png'
14:10.613  render           | Saved: '/tmp/clearvla_eval_glass_23302.png'
14:11.153  render           | Saved: '/tmp/clearvla_eval_glass_23302.png'
14:11.578  render           | Saved: '/tmp/clearvla_eval_glass_23302.png'
14:12.701  render           | Saved: '/tmp/clearvla_eval_glass_23302.png'
14:13.531  render           | Saved: '/tmp/clearvla_eval_glass_23302.png'
14:18.317  render           | Saved: '/tmp/clearvla_eval_glass_23302.png'
14:18.871  render           | Saved: '/tmp/clearvla_eval_glass_23302.png'
14:19.756  render           | Saved: '/tmp/clearvla_eval_glass_23302.png'
14:20.180  render           | Saved: '/tmp/clearvla_eval_glass_23302.png'
14:20.687  render           | Saved: '/tmp/clearvla_eval_glass_23302.png'
14:21.393  render           | Saved: '/tmp/clearvla_eval_glass_23302.png'
14:22.691  render           | Saved: '/tmp/clearvla_eval_glass_23302.png'
14:23.397  render           | Saved: '/tmp/clearvla_eval_glass_23302.png'
[full/glass] grasp: 15/20  (14.3 min, 69.4 s/ep)
14:26.648  render           | Saved: '/tmp/clearvla_eval_glass_23302.png'
14:27.531  render           | Saved: '/tmp/clearvla_eval_glass_23302.png'
14:32.639  render           | Saved: '/tmp/clearvla_eval_glass_23302.png'
14:33.515  render           | Saved: '/tmp/clearvla_eval_glass_23302.png'
14:35.939  render           | Saved: '/tmp/clearvla_eval_glass_23302.png'
14:36.686  render           | Saved: '/tmp/clearvla_eval_glass_23302.png'
14:37.543  render           | Saved: '/tmp/clearvla_eval_glass_23302.png'
14:38.176  render           | Saved: '/tmp/clearvla_eval_glass_23302.png'
14:38.870  render           | Saved: '/tmp/clearvla_eval_glass_23302.png'
14:39.698  render           | Saved: '/tmp/clearvla_eval_glass_23302.png'
14:40.488  render           | Saved: '/tmp/clearvla_eval_glass_23302.png'
14:41.702  render           | Saved: '/tmp/clearvla_eval_glass_23302.png'
14:43.860  render           | Saved: '/tmp/clearvla_eval_glass_23302.png'
14:44.557  render           | Saved: '/tmp/clearvla_eval_glass_23302.png'
14:45.634  render           | Saved: '/tmp/clearvla_eval_glass_23302.png'
14:46.150  render           | Saved: '/tmp/clearvla_eval_glass_23302.png'
14:46.956  render           | Saved: '/tmp/clearvla_eval_glass_23302.png'
14:47.587  render           | Saved: '/tmp/clearvla_eval_glass_23302.png'
14:48.514  render           | Saved: '/tmp/clearvla_eval_glass_23302.png'
14:49.115  render           | Saved: '/tmp/clearvla_eval_glass_23302.png'
14:50.092  render           | Saved: '/tmp/clearvla_eval_glass_23302.png'
14:50.748  render           | Saved: '/tmp/clearvla_eval_glass_23302.png'
14:51.729  render           | Saved: '/tmp/clearvla_eval_glass_23302.png'
14:52.448  render           | Saved: '/tmp/clearvla_eval_glass_23302.png'
14:54.132  render           | Saved: '/tmp/clearvla_eval_glass_23302.png'
14:54.725  render           | Saved: '/tmp/clearvla_eval_glass_23302.png'
14:55.416  render           | Saved: '/tmp/clearvla_eval_glass_23302.png'
14:56.551  render           | Saved: '/tmp/clearvla_eval_glass_23302.png'
14:57.066  render           | Saved: '/tmp/clearvla_eval_glass_23302.png'
14:57.523  render           | Saved: '/tmp/clearvla_eval_glass_23302.png'
14:58.759  render           | Saved: '/tmp/clearvla_eval_glass_23302.png'
14:59.464  render           | Saved: '/tmp/clearvla_eval_glass_23302.png'
15:01.346  render           | Saved: '/tmp/clearvla_eval_glass_23302.png'
15:01.793  render           | Saved: '/tmp/clearvla_eval_glass_23302.png'
15:02.595  render           | Saved: '/tmp/clearvla_eval_glass_23302.png'
15:03.557  render           | Saved: '/tmp/clearvla_eval_glass_23302.png'
15:04.346  render           | Saved: '/tmp/clearvla_eval_glass_23302.png'
15:04.819  render           | Saved: '/tmp/clearvla_eval_glass_23302.png'
15:06.343  render           | Saved: '/tmp/clearvla_eval_glass_23302.png'
15:06.967  render           | Saved: '/tmp/clearvla_eval_glass_23302.png'
15:07.511  render           | Saved: '/tmp/clearvla_eval_glass_23302.png'
15:08.016  render           | Saved: '/tmp/clearvla_eval_glass_23302.png'
15:09.027  render           | Saved: '/tmp/clearvla_eval_glass_23302.png'
15:09.605  render           | Saved: '/tmp/clearvla_eval_glass_23302.png'
15:10.235  render           | Saved: '/tmp/clearvla_eval_glass_23302.png'
15:11.295  render           | Saved: '/tmp/clearvla_eval_glass_23302.png'
15:13.783  render           | Saved: '/tmp/clearvla_eval_glass_23302.png'
15:14.539  render           | Saved: '/tmp/clearvla_eval_glass_23302.png'
15:17.990  render           | Saved: '/tmp/clearvla_eval_glass_23302.png'
15:18.618  render           | Saved: '/tmp/clearvla_eval_glass_23302.png'
15:23.647  render           | Saved: '/tmp/clearvla_eval_glass_23302.png'
15:24.202  render           | Saved: '/tmp/clearvla_eval_glass_23302.png'
15:24.930  render           | Saved: '/tmp/clearvla_eval_glass_23302.png'
15:25.367  render           | Saved: '/tmp/clearvla_eval_glass_23302.png'
15:25.878  render           | Saved: '/tmp/clearvla_eval_glass_23302.png'
15:26.301  render           | Saved: '/tmp/clearvla_eval_glass_23302.png'
15:26.869  render           | Saved: '/tmp/clearvla_eval_glass_23302.png'
15:27.316  render           | Saved: '/tmp/clearvla_eval_glass_23302.png'
15:28.521  render           | Saved: '/tmp/clearvla_eval_glass_23302.png'
15:29.095  render           | Saved: '/tmp/clearvla_eval_glass_23302.png'
15:29.794  render           | Saved: '/tmp/clearvla_eval_glass_23302.png'
15:30.411  render           | Saved: '/tmp/clearvla_eval_glass_23302.png'
15:31.701  render           | Saved: '/tmp/clearvla_eval_glass_23302.png'
15:32.255  render           | Saved: '/tmp/clearvla_eval_glass_23302.png'
15:33.111  render           | Saved: '/tmp/clearvla_eval_glass_23302.png'
15:33.577  render           | Saved: '/tmp/clearvla_eval_glass_23302.png'
15:34.051  render           | Saved: '/tmp/clearvla_eval_glass_23302.png'
15:34.599  render           | Saved: '/tmp/clearvla_eval_glass_23302.png'
15:35.565  render           | Saved: '/tmp/clearvla_eval_glass_23302.png'
15:36.130  render           | Saved: '/tmp/clearvla_eval_glass_23302.png'
15:36.835  render           | Saved: '/tmp/clearvla_eval_glass_23302.png'
15:37.898  render           | Saved: '/tmp/clearvla_eval_glass_23302.png'
15:41.584  render           | Saved: '/tmp/clearvla_eval_glass_23302.png'
15:42.234  render           | Saved: '/tmp/clearvla_eval_glass_23302.png'
15:43.362  render           | Saved: '/tmp/clearvla_eval_glass_23302.png'
15:43.961  render           | Saved: '/tmp/clearvla_eval_glass_23302.png'
15:47.527  render           | Saved: '/tmp/clearvla_eval_glass_23302.png'
15:48.146  render           | Saved: '/tmp/clearvla_eval_glass_23302.png'
15:51.365  render           | Saved: '/tmp/clearvla_eval_glass_23302.png'
15:52.350  render           | Saved: '/tmp/clearvla_eval_glass_23302.png'
15:56.576  render           | Saved: '/tmp/clearvla_eval_glass_23302.png'
15:57.229  render           | Saved: '/tmp/clearvla_eval_glass_23302.png'
15:58.119  render           | Saved: '/tmp/clearvla_eval_glass_23302.png'
15:58.826  render           | Saved: '/tmp/clearvla_eval_glass_23302.png'
16:00.992  render           | Saved: '/tmp/clearvla_eval_glass_23302.png'
16:01.781  render           | Saved: '/tmp/clearvla_eval_glass_23302.png'
16:02.621  render           | Saved: '/tmp/clearvla_eval_glass_23302.png'
16:03.604  render           | Saved: '/tmp/clearvla_eval_glass_23302.png'
16:05.571  render           | Saved: '/tmp/clearvla_eval_glass_23302.png'
16:06.037  render           | Saved: '/tmp/clearvla_eval_glass_23302.png'
16:07.387  render           | Saved: '/tmp/clearvla_eval_glass_23302.png'
16:07.800  render           | Saved: '/tmp/clearvla_eval_glass_23302.png'
16:08.989  render           | Saved: '/tmp/clearvla_eval_glass_23302.png'
16:09.642  render           | Saved: '/tmp/clearvla_eval_glass_23302.png'
16:10.484  render           | Saved: '/tmp/clearvla_eval_glass_23302.png'
16:10.913  render           | Saved: '/tmp/clearvla_eval_glass_23302.png'
16:11.437  render           | Saved: '/tmp/clearvla_eval_glass_23302.png'
16:11.877  render           | Saved: '/tmp/clearvla_eval_glass_23302.png'
16:13.432  render           | Saved: '/tmp/clearvla_eval_glass_23302.png'
16:14.037  render           | Saved: '/tmp/clearvla_eval_glass_23302.png'
16:18.468  render           | Saved: '/tmp/clearvla_eval_glass_23302.png'
16:19.107  render           | Saved: '/tmp/clearvla_eval_glass_23302.png'
16:20.381  render           | Saved: '/tmp/clearvla_eval_glass_23302.png'
16:20.847  render           | Saved: '/tmp/clearvla_eval_glass_23302.png'
16:22.427  render           | Saved: '/tmp/clearvla_eval_glass_23302.png'
16:23.296  render           | Saved: '/tmp/clearvla_eval_glass_23302.png'
16:24.624  render           | Saved: '/tmp/clearvla_eval_glass_23302.png'
16:25.360  render           | Saved: '/tmp/clearvla_eval_glass_23302.png'
16:28.939  render           | Saved: '/tmp/clearvla_eval_glass_23302.png'
16:29.951  render           | Saved: '/tmp/clearvla_eval_glass_23302.png'
16:31.826  render           | Saved: '/tmp/clearvla_eval_glass_23302.png'
16:32.413  render           | Saved: '/tmp/clearvla_eval_glass_23302.png'
16:34.018  render           | Saved: '/tmp/clearvla_eval_glass_23302.png'
16:34.890  render           | Saved: '/tmp/clearvla_eval_glass_23302.png'
16:35.723  render           | Saved: '/tmp/clearvla_eval_glass_23302.png'
16:36.747  render           | Saved: '/tmp/clearvla_eval_glass_23302.png'
16:40.118  render           | Saved: '/tmp/clearvla_eval_glass_23302.png'
16:40.746  render           | Saved: '/tmp/clearvla_eval_glass_23302.png'
16:42.035  render           | Saved: '/tmp/clearvla_eval_glass_23302.png'
16:42.673  render           | Saved: '/tmp/clearvla_eval_glass_23302.png'
16:43.334  render           | Saved: '/tmp/clearvla_eval_glass_23302.png'
16:43.842  render           | Saved: '/tmp/clearvla_eval_glass_23302.png'
16:44.302  render           | Saved: '/tmp/clearvla_eval_glass_23302.png'
16:45.363  render           | Saved: '/tmp/clearvla_eval_glass_23302.png'
16:45.920  render           | Saved: '/tmp/clearvla_eval_glass_23302.png'
16:47.204  render           | Saved: '/tmp/clearvla_eval_glass_23302.png'
16:47.969  render           | Saved: '/tmp/clearvla_eval_glass_23302.png'
16:48.407  render           | Saved: '/tmp/clearvla_eval_glass_23302.png'
16:48.899  render           | Saved: '/tmp/clearvla_eval_glass_23302.png'
16:49.328  render           | Saved: '/tmp/clearvla_eval_glass_23302.png'
16:49.804  render           | Saved: '/tmp/clearvla_eval_glass_23302.png'
16:50.260  render           | Saved: '/tmp/clearvla_eval_glass_23302.png'
16:50.820  render           | Saved: '/tmp/clearvla_eval_glass_23302.png'
16:51.931  render           | Saved: '/tmp/clearvla_eval_glass_23302.png'
16:54.238  render           | Saved: '/tmp/clearvla_eval_glass_23302.png'
16:54.893  render           | Saved: '/tmp/clearvla_eval_glass_23302.png'
16:57.477  render           | Saved: '/tmp/clearvla_eval_glass_23302.png'
16:58.447  render           | Saved: '/tmp/clearvla_eval_glass_23302.png'
17:00.516  render           | Saved: '/tmp/clearvla_eval_glass_23302.png'
17:01.344  render           | Saved: '/tmp/clearvla_eval_glass_23302.png'
17:02.388  render           | Saved: '/tmp/clearvla_eval_glass_23302.png'
17:03.340  render           | Saved: '/tmp/clearvla_eval_glass_23302.png'
17:04.244  render           | Saved: '/tmp/clearvla_eval_glass_23302.png'
17:04.724  render           | Saved: '/tmp/clearvla_eval_glass_23302.png'
17:05.475  render           | Saved: '/tmp/clearvla_eval_glass_23302.png'
17:06.065  render           | Saved: '/tmp/clearvla_eval_glass_23302.png'
17:06.841  render           | Saved: '/tmp/clearvla_eval_glass_23302.png'
17:07.306  render           | Saved: '/tmp/clearvla_eval_glass_23302.png'
17:07.841  render           | Saved: '/tmp/clearvla_eval_glass_23302.png'
17:08.309  render           | Saved: '/tmp/clearvla_eval_glass_23302.png'
17:08.836  render           | Saved: '/tmp/clearvla_eval_glass_23302.png'
17:09.337  render           | Saved: '/tmp/clearvla_eval_glass_23302.png'
17:11.582  render           | Saved: '/tmp/clearvla_eval_glass_23302.png'
17:12.734  render           | Saved: '/tmp/clearvla_eval_glass_23302.png'
17:16.385  render           | Saved: '/tmp/clearvla_eval_glass_23302.png'
17:17.111  render           | Saved: '/tmp/clearvla_eval_glass_23302.png'
17:18.173  render           | Saved: '/tmp/clearvla_eval_glass_23302.png'
17:19.192  render           | Saved: '/tmp/clearvla_eval_glass_23302.png'
17:22.461  render           | Saved: '/tmp/clearvla_eval_glass_23302.png'
17:23.086  render           | Saved: '/tmp/clearvla_eval_glass_23302.png'
17:23.827  render           | Saved: '/tmp/clearvla_eval_glass_23302.png'
17:24.411  render           | Saved: '/tmp/clearvla_eval_glass_23302.png'
17:24.937  render           | Saved: '/tmp/clearvla_eval_glass_23302.png'
17:25.386  render           | Saved: '/tmp/clearvla_eval_glass_23302.png'
17:26.610  render           | Saved: '/tmp/clearvla_eval_glass_23302.png'
17:27.350  render           | Saved: '/tmp/clearvla_eval_glass_23302.png'
17:28.244  render           | Saved: '/tmp/clearvla_eval_glass_23302.png'
17:29.084  render           | Saved: '/tmp/clearvla_eval_glass_23302.png'
17:29.988  render           | Saved: '/tmp/clearvla_eval_glass_23302.png'
17:30.503  render           | Saved: '/tmp/clearvla_eval_glass_23302.png'
17:31.374  render           | Saved: '/tmp/clearvla_eval_glass_23302.png'
17:32.179  render           | Saved: '/tmp/clearvla_eval_glass_23302.png'
17:34.385  render           | Saved: '/tmp/clearvla_eval_glass_23302.png'
17:34.964  render           | Saved: '/tmp/clearvla_eval_glass_23302.png'
17:35.941  render           | Saved: '/tmp/clearvla_eval_glass_23302.png'
17:36.357  render           | Saved: '/tmp/clearvla_eval_glass_23302.png'
17:36.949  render           | Saved: '/tmp/clearvla_eval_glass_23302.png'
17:37.725  render           | Saved: '/tmp/clearvla_eval_glass_23302.png'
17:38.433  render           | Saved: '/tmp/clearvla_eval_glass_23302.png'
17:39.543  render           | Saved: '/tmp/clearvla_eval_glass_23302.png'
17:42.226  render           | Saved: '/tmp/clearvla_eval_glass_23302.png'
17:42.825  render           | Saved: '/tmp/clearvla_eval_glass_23302.png'
17:44.035  render           | Saved: '/tmp/clearvla_eval_glass_23302.png'
17:44.577  render           | Saved: '/tmp/clearvla_eval_glass_23302.png'
17:46.267  render           | Saved: '/tmp/clearvla_eval_glass_23302.png'
17:46.874  render           | Saved: '/tmp/clearvla_eval_glass_23302.png'
17:48.332  render           | Saved: '/tmp/clearvla_eval_glass_23302.png'
17:48.798  render           | Saved: '/tmp/clearvla_eval_glass_23302.png'
17:50.017  render           | Saved: '/tmp/clearvla_eval_glass_23302.png'
17:50.700  render           | Saved: '/tmp/clearvla_eval_glass_23302.png'
17:51.333  render           | Saved: '/tmp/clearvla_eval_glass_23302.png'
17:51.796  render           | Saved: '/tmp/clearvla_eval_glass_23302.png'
17:52.295  render           | Saved: '/tmp/clearvla_eval_glass_23302.png'
17:52.750  render           | Saved: '/tmp/clearvla_eval_glass_23302.png'
17:53.266  render           | Saved: '/tmp/clearvla_eval_glass_23302.png'
17:54.639  render           | Saved: '/tmp/clearvla_eval_glass_23302.png'
17:55.782  render           | Saved: '/tmp/clearvla_eval_glass_23302.png'
17:56.252  render           | Saved: '/tmp/clearvla_eval_glass_23302.png'
17:56.906  render           | Saved: '/tmp/clearvla_eval_glass_23302.png'
17:57.645  render           | Saved: '/tmp/clearvla_eval_glass_23302.png'
17:58.175  render           | Saved: '/tmp/clearvla_eval_glass_23302.png'
17:58.569  render           | Saved: '/tmp/clearvla_eval_glass_23302.png'
17:59.091  render           | Saved: '/tmp/clearvla_eval_glass_23302.png'
17:59.493  render           | Saved: '/tmp/clearvla_eval_glass_23302.png'
18:00.011  render           | Saved: '/tmp/clearvla_eval_glass_23302.png'
18:00.770  render           | Saved: '/tmp/clearvla_eval_glass_23302.png'
18:01.990  render           | Saved: '/tmp/clearvla_eval_glass_23302.png'
18:02.485  render           | Saved: '/tmp/clearvla_eval_glass_23302.png'
18:03.446  render           | Saved: '/tmp/clearvla_eval_glass_23302.png'
18:04.449  render           | Saved: '/tmp/clearvla_eval_glass_23302.png'
18:05.528  render           | Saved: '/tmp/clearvla_eval_glass_23302.png'
18:06.000  render           | Saved: '/tmp/clearvla_eval_glass_23302.png'
18:06.832  render           | Saved: '/tmp/clearvla_eval_glass_23302.png'
18:07.461  render           | Saved: '/tmp/clearvla_eval_glass_23302.png'
18:08.548  render           | Saved: '/tmp/clearvla_eval_glass_23302.png'
18:09.126  render           | Saved: '/tmp/clearvla_eval_glass_23302.png'
18:10.005  render           | Saved: '/tmp/clearvla_eval_glass_23302.png'
18:10.759  render           | Saved: '/tmp/clearvla_eval_glass_23302.png'
18:12.201  render           | Saved: '/tmp/clearvla_eval_glass_23302.png'
18:12.780  render           | Saved: '/tmp/clearvla_eval_glass_23302.png'
18:13.781  render           | Saved: '/tmp/clearvla_eval_glass_23302.png'
18:14.311  render           | Saved: '/tmp/clearvla_eval_glass_23302.png'
18:15.582  render           | Saved: '/tmp/clearvla_eval_glass_23302.png'
18:16.258  render           | Saved: '/tmp/clearvla_eval_glass_23302.png'
18:19.630  render           | Saved: '/tmp/clearvla_eval_glass_23302.png'
18:20.450  render           | Saved: '/tmp/clearvla_eval_glass_23302.png'
18:23.076  render           | Saved: '/tmp/clearvla_eval_glass_23302.png'
18:23.682  render           | Saved: '/tmp/clearvla_eval_glass_23302.png'
18:27.689  render           | Saved: '/tmp/clearvla_eval_glass_23302.png'
18:28.536  render           | Saved: '/tmp/clearvla_eval_glass_23302.png'
18:32.497  render           | Saved: '/tmp/clearvla_eval_glass_23302.png'
18:33.223  render           | Saved: '/tmp/clearvla_eval_glass_23302.png'
18:33.925  render           | Saved: '/tmp/clearvla_eval_glass_23302.png'
18:34.386  render           | Saved: '/tmp/clearvla_eval_glass_23302.png'
18:34.927  render           | Saved: '/tmp/clearvla_eval_glass_23302.png'
18:35.931  render           | Saved: '/tmp/clearvla_eval_glass_23302.png'
18:37.349  render           | Saved: '/tmp/clearvla_eval_glass_23302.png'
18:38.487  render           | Saved: '/tmp/clearvla_eval_glass_23302.png'
18:41.358  render           | Saved: '/tmp/clearvla_eval_glass_23302.png'
18:42.011  render           | Saved: '/tmp/clearvla_eval_glass_23302.png'
18:42.695  render           | Saved: '/tmp/clearvla_eval_glass_23302.png'
18:43.140  render           | Saved: '/tmp/clearvla_eval_glass_23302.png'
18:43.596  render           | Saved: '/tmp/clearvla_eval_glass_23302.png'
18:44.065  render           | Saved: '/tmp/clearvla_eval_glass_23302.png'
18:44.832  render           | Saved: '/tmp/clearvla_eval_glass_23302.png'
18:45.434  render           | Saved: '/tmp/clearvla_eval_glass_23302.png'
18:46.235  render           | Saved: '/tmp/clearvla_eval_glass_23302.png'
18:46.912  render           | Saved: '/tmp/clearvla_eval_glass_23302.png'
18:47.891  render           | Saved: '/tmp/clearvla_eval_glass_23302.png'
18:48.492  render           | Saved: '/tmp/clearvla_eval_glass_23302.png'
18:49.497  render           | Saved: '/tmp/clearvla_eval_glass_23302.png'
18:50.252  render           | Saved: '/tmp/clearvla_eval_glass_23302.png'
18:51.834  render           | Saved: '/tmp/clearvla_eval_glass_23302.png'
18:52.531  render           | Saved: '/tmp/clearvla_eval_glass_23302.png'
18:53.215  render           | Saved: '/tmp/clearvla_eval_glass_23302.png'
18:53.677  render           | Saved: '/tmp/clearvla_eval_glass_23302.png'
18:54.191  render           | Saved: '/tmp/clearvla_eval_glass_23302.png'
18:54.679  render           | Saved: '/tmp/clearvla_eval_glass_23302.png'
18:55.552  render           | Saved: '/tmp/clearvla_eval_glass_23302.png'
18:56.220  render           | Saved: '/tmp/clearvla_eval_glass_23302.png'
18:57.513  render           | Saved: '/tmp/clearvla_eval_glass_23302.png'
18:58.144  render           | Saved: '/tmp/clearvla_eval_glass_23302.png'
18:59.000  render           | Saved: '/tmp/clearvla_eval_glass_23302.png'
18:59.440  render           | Saved: '/tmp/clearvla_eval_glass_23302.png'
19:00.012  render           | Saved: '/tmp/clearvla_eval_glass_23302.png'
19:00.415  render           | Saved: '/tmp/clearvla_eval_glass_23302.png'
19:01.599  render           | Saved: '/tmp/clearvla_eval_glass_23302.png'
19:02.290  render           | Saved: '/tmp/clearvla_eval_glass_23302.png'
19:04.496  render           | Saved: '/tmp/clearvla_eval_glass_23302.png'
19:05.227  render           | Saved: '/tmp/clearvla_eval_glass_23302.png'
19:06.213  render           | Saved: '/tmp/clearvla_eval_glass_23302.png'
19:06.659  render           | Saved: '/tmp/clearvla_eval_glass_23302.png'
19:07.962  render           | Saved: '/tmp/clearvla_eval_glass_23302.png'
19:08.698  render           | Saved: '/tmp/clearvla_eval_glass_23302.png'
19:09.417  render           | Saved: '/tmp/clearvla_eval_glass_23302.png'
19:09.852  render           | Saved: '/tmp/clearvla_eval_glass_23302.png'
19:10.371  render           | Saved: '/tmp/clearvla_eval_glass_23302.png'
19:10.882  render           | Saved: '/tmp/clearvla_eval_glass_23302.png'
19:11.347  render           | Saved: '/tmp/clearvla_eval_glass_23302.png'
19:11.688  render           | Saved: '/tmp/clearvla_eval_glass_23302.png'
19:12.229  render           | Saved: '/tmp/clearvla_eval_glass_23302.png'
19:12.596  render           | Saved: '/tmp/clearvla_eval_glass_23302.png'
19:14.028  render           | Saved: '/tmp/clearvla_eval_glass_23302.png'
19:14.569  render           | Saved: '/tmp/clearvla_eval_glass_23302.png'
19:15.276  render           | Saved: '/tmp/clearvla_eval_glass_23302.png'
19:15.675  render           | Saved: '/tmp/clearvla_eval_glass_23302.png'
19:16.193  render           | Saved: '/tmp/clearvla_eval_glass_23302.png'
19:16.678  render           | Saved: '/tmp/clearvla_eval_glass_23302.png'
19:17.969  render           | Saved: '/tmp/clearvla_eval_glass_23302.png'
19:18.712  render           | Saved: '/tmp/clearvla_eval_glass_23302.png'
19:19.351  render           | Saved: '/tmp/clearvla_eval_glass_23302.png'
19:19.816  render           | Saved: '/tmp/clearvla_eval_glass_23302.png'
19:20.880  render           | Saved: '/tmp/clearvla_eval_glass_23302.png'
19:21.549  render           | Saved: '/tmp/clearvla_eval_glass_23302.png'
19:25.416  render           | Saved: '/tmp/clearvla_eval_glass_23302.png'
19:26.191  render           | Saved: '/tmp/clearvla_eval_glass_23302.png'
19:26.762  render           | Saved: '/tmp/clearvla_eval_glass_23302.png'
19:27.233  render           | Saved: '/tmp/clearvla_eval_glass_23302.png'
19:27.854  render           | Saved: '/tmp/clearvla_eval_glass_23302.png'
19:28.567  render           | Saved: '/tmp/clearvla_eval_glass_23302.png'
19:29.108  render           | Saved: '/tmp/clearvla_eval_glass_23302.png'
19:29.494  render           | Saved: '/tmp/clearvla_eval_glass_23302.png'
19:30.085  render           | Saved: '/tmp/clearvla_eval_glass_23302.png'
19:31.198  render           | Saved: '/tmp/clearvla_eval_glass_23302.png'
19:33.664  render           | Saved: '/tmp/clearvla_eval_glass_23302.png'
19:34.146  render           | Saved: '/tmp/clearvla_eval_glass_23302.png'
19:35.082  render           | Saved: '/tmp/clearvla_eval_glass_23302.png'
19:35.636  render           | Saved: '/tmp/clearvla_eval_glass_23302.png'
19:37.044  render           | Saved: '/tmp/clearvla_eval_glass_23302.png'
19:37.705  render           | Saved: '/tmp/clearvla_eval_glass_23302.png'
19:38.891  render           | Saved: '/tmp/clearvla_eval_glass_23302.png'
19:39.339  render           | Saved: '/tmp/clearvla_eval_glass_23302.png'
19:39.895  render           | Saved: '/tmp/clearvla_eval_glass_23302.png'
19:40.423  render           | Saved: '/tmp/clearvla_eval_glass_23302.png'
19:41.569  render           | Saved: '/tmp/clearvla_eval_glass_23302.png'
19:42.175  render           | Saved: '/tmp/clearvla_eval_glass_23302.png'
19:43.438  render           | Saved: '/tmp/clearvla_eval_glass_23302.png'
19:44.080  render           | Saved: '/tmp/clearvla_eval_glass_23302.png'
19:45.288  render           | Saved: '/tmp/clearvla_eval_glass_23302.png'
19:45.950  render           | Saved: '/tmp/clearvla_eval_glass_23302.png'
19:46.511  render           | Saved: '/tmp/clearvla_eval_glass_23302.png'
19:46.890  render           | Saved: '/tmp/clearvla_eval_glass_23302.png'
19:47.709  render           | Saved: '/tmp/clearvla_eval_glass_23302.png'
19:48.295  render           | Saved: '/tmp/clearvla_eval_glass_23302.png'
19:49.309  render           | Saved: '/tmp/clearvla_eval_glass_23302.png'
19:49.937  render           | Saved: '/tmp/clearvla_eval_glass_23302.png'
19:51.143  render           | Saved: '/tmp/clearvla_eval_glass_23302.png'
19:51.872  render           | Saved: '/tmp/clearvla_eval_glass_23302.png'
19:53.010  render           | Saved: '/tmp/clearvla_eval_glass_23302.png'
19:54.304  render           | Saved: '/tmp/clearvla_eval_glass_23302.png'
19:56.230  render           | Saved: '/tmp/clearvla_eval_glass_23302.png'
19:57.381  render           | Saved: '/tmp/clearvla_eval_glass_23302.png'
19:59.211  render           | Saved: '/tmp/clearvla_eval_glass_23302.png'
20:00.104  render           | Saved: '/tmp/clearvla_eval_glass_23302.png'
20:00.999  render           | Saved: '/tmp/clearvla_eval_glass_23302.png'
20:02.382  render           | Saved: '/tmp/clearvla_eval_glass_23302.png'
20:05.189  render           | Saved: '/tmp/clearvla_eval_glass_23302.png'
20:06.099  render           | Saved: '/tmp/clearvla_eval_glass_23302.png'
20:07.368  render           | Saved: '/tmp/clearvla_eval_glass_23302.png'
20:08.593  render           | Saved: '/tmp/clearvla_eval_glass_23302.png'
20:11.475  render           | Saved: '/tmp/clearvla_eval_glass_23302.png'
20:12.433  render           | Saved: '/tmp/clearvla_eval_glass_23302.png'
20:16.015  render           | Saved: '/tmp/clearvla_eval_glass_23302.png'
20:16.743  render           | Saved: '/tmp/clearvla_eval_glass_23302.png'
20:20.701  render           | Saved: '/tmp/clearvla_eval_glass_23302.png'
20:21.644  render           | Saved: '/tmp/clearvla_eval_glass_23302.png'
20:24.556  render           | Saved: '/tmp/clearvla_eval_glass_23302.png'
20:25.234  render           | Saved: '/tmp/clearvla_eval_glass_23302.png'
20:28.902  render           | Saved: '/tmp/clearvla_eval_glass_23302.png'
20:29.459  render           | Saved: '/tmp/clearvla_eval_glass_23302.png'
20:30.168  render           | Saved: '/tmp/clearvla_eval_glass_23302.png'
20:30.629  render           | Saved: '/tmp/clearvla_eval_glass_23302.png'
20:31.673  render           | Saved: '/tmp/clearvla_eval_glass_23302.png'
20:32.363  render           | Saved: '/tmp/clearvla_eval_glass_23302.png'
20:33.079  render           | Saved: '/tmp/clearvla_eval_glass_23302.png'
20:33.570  render           | Saved: '/tmp/clearvla_eval_glass_23302.png'
20:34.763  render           | Saved: '/tmp/clearvla_eval_glass_23302.png'
20:35.270  render           | Saved: '/tmp/clearvla_eval_glass_23302.png'
20:37.421  render           | Saved: '/tmp/clearvla_eval_glass_23302.png'
20:37.868  render           | Saved: '/tmp/clearvla_eval_glass_23302.png'
20:39.238  render           | Saved: '/tmp/clearvla_eval_glass_23302.png'
20:39.858  render           | Saved: '/tmp/clearvla_eval_glass_23302.png'
20:40.545  render           | Saved: '/tmp/clearvla_eval_glass_23302.png'
20:40.993  render           | Saved: '/tmp/clearvla_eval_glass_23302.png'
20:41.574  render           | Saved: '/tmp/clearvla_eval_glass_23302.png'
20:41.971  render           | Saved: '/tmp/clearvla_eval_glass_23302.png'
20:43.221  render           | Saved: '/tmp/clearvla_eval_glass_23302.png'
20:43.902  render           | Saved: '/tmp/clearvla_eval_glass_23302.png'
20:45.464  render           | Saved: '/tmp/clearvla_eval_glass_23302.png'
20:45.902  render           | Saved: '/tmp/clearvla_eval_glass_23302.png'
20:46.440  render           | Saved: '/tmp/clearvla_eval_glass_23302.png'
20:46.894  render           | Saved: '/tmp/clearvla_eval_glass_23302.png'
20:48.230  render           | Saved: '/tmp/clearvla_eval_glass_23302.png'
20:48.876  render           | Saved: '/tmp/clearvla_eval_glass_23302.png'
20:49.536  render           | Saved: '/tmp/clearvla_eval_glass_23302.png'
20:49.991  render           | Saved: '/tmp/clearvla_eval_glass_23302.png'
20:50.516  render           | Saved: '/tmp/clearvla_eval_glass_23302.png'
20:51.019  render           | Saved: '/tmp/clearvla_eval_glass_23302.png'
20:52.452  render           | Saved: '/tmp/clearvla_eval_glass_23302.png'
20:53.007  render           | Saved: '/tmp/clearvla_eval_glass_23302.png'
20:56.679  render           | Saved: '/tmp/clearvla_eval_glass_23302.png'
20:57.462  render           | Saved: '/tmp/clearvla_eval_glass_23302.png'
21:01.152  render           | Saved: '/tmp/clearvla_eval_glass_23302.png'
21:01.953  render           | Saved: '/tmp/clearvla_eval_glass_23302.png'
21:02.951  render           | Saved: '/tmp/clearvla_eval_glass_23302.png'
21:03.413  render           | Saved: '/tmp/clearvla_eval_glass_23302.png'
21:03.910  render           | Saved: '/tmp/clearvla_eval_glass_23302.png'
21:04.355  render           | Saved: '/tmp/clearvla_eval_glass_23302.png'
21:04.884  render           | Saved: '/tmp/clearvla_eval_glass_23302.png'
21:05.310  render           | Saved: '/tmp/clearvla_eval_glass_23302.png'
21:06.328  render           | Saved: '/tmp/clearvla_eval_glass_23302.png'
21:06.956  render           | Saved: '/tmp/clearvla_eval_glass_23302.png'
21:07.661  render           | Saved: '/tmp/clearvla_eval_glass_23302.png'
21:08.365  render           | Saved: '/tmp/clearvla_eval_glass_23302.png'
21:09.273  render           | Saved: '/tmp/clearvla_eval_glass_23302.png'
21:09.850  render           | Saved: '/tmp/clearvla_eval_glass_23302.png'
21:10.676  render           | Saved: '/tmp/clearvla_eval_glass_23302.png'
21:11.363  render           | Saved: '/tmp/clearvla_eval_glass_23302.png'
21:12.392  render           | Saved: '/tmp/clearvla_eval_glass_23302.png'
21:13.007  render           | Saved: '/tmp/clearvla_eval_glass_23302.png'
21:14.855  render           | Saved: '/tmp/clearvla_eval_glass_23302.png'
21:15.458  render           | Saved: '/tmp/clearvla_eval_glass_23302.png'
21:16.096  render           | Saved: '/tmp/clearvla_eval_glass_23302.png'
21:17.106  render           | Saved: '/tmp/clearvla_eval_glass_23302.png'
21:18.843  render           | Saved: '/tmp/clearvla_eval_glass_23302.png'
21:20.083  render           | Saved: '/tmp/clearvla_eval_glass_23302.png'
21:23.371  render           | Saved: '/tmp/clearvla_eval_glass_23302.png'
21:23.905  render           | Saved: '/tmp/clearvla_eval_glass_23302.png'
21:24.600  render           | Saved: '/tmp/clearvla_eval_glass_23302.png'
21:25.190  render           | Saved: '/tmp/clearvla_eval_glass_23302.png'
21:26.307  render           | Saved: '/tmp/clearvla_eval_glass_23302.png'
21:26.930  render           | Saved: '/tmp/clearvla_eval_glass_23302.png'
21:27.668  render           | Saved: '/tmp/clearvla_eval_glass_23302.png'
21:28.153  render           | Saved: '/tmp/clearvla_eval_glass_23302.png'
21:28.687  render           | Saved: '/tmp/clearvla_eval_glass_23302.png'
21:29.282  render           | Saved: '/tmp/clearvla_eval_glass_23302.png'
21:30.646  render           | Saved: '/tmp/clearvla_eval_glass_23302.png'
21:31.186  render           | Saved: '/tmp/clearvla_eval_glass_23302.png'
21:31.878  render           | Saved: '/tmp/clearvla_eval_glass_23302.png'
21:32.401  render           | Saved: '/tmp/clearvla_eval_glass_23302.png'
21:33.003  render           | Saved: '/tmp/clearvla_eval_glass_23302.png'
21:34.051  render           | Saved: '/tmp/clearvla_eval_glass_23302.png'
21:37.023  render           | Saved: '/tmp/clearvla_eval_glass_23302.png'
21:37.951  render           | Saved: '/tmp/clearvla_eval_glass_23302.png'
21:41.353  render           | Saved: '/tmp/clearvla_eval_glass_23302.png'
21:42.053  render           | Saved: '/tmp/clearvla_eval_glass_23302.png'
21:45.320  render           | Saved: '/tmp/clearvla_eval_glass_23302.png'
21:45.858  render           | Saved: '/tmp/clearvla_eval_glass_23302.png'
21:46.685  render           | Saved: '/tmp/clearvla_eval_glass_23302.png'
21:47.128  render           | Saved: '/tmp/clearvla_eval_glass_23302.png'
21:47.684  render           | Saved: '/tmp/clearvla_eval_glass_23302.png'
21:48.964  render           | Saved: '/tmp/clearvla_eval_glass_23302.png'
21:52.949  render           | Saved: '/tmp/clearvla_eval_glass_23302.png'
21:53.563  render           | Saved: '/tmp/clearvla_eval_glass_23302.png'
21:54.490  render           | Saved: '/tmp/clearvla_eval_glass_23302.png'
21:55.342  render           | Saved: '/tmp/clearvla_eval_glass_23302.png'
21:56.088  render           | Saved: '/tmp/clearvla_eval_glass_23302.png'
21:56.496  render           | Saved: '/tmp/clearvla_eval_glass_23302.png'
21:57.023  render           | Saved: '/tmp/clearvla_eval_glass_23302.png'
21:57.392  render           | Saved: '/tmp/clearvla_eval_glass_23302.png'
21:59.222  render           | Saved: '/tmp/clearvla_eval_glass_23302.png'
22:00.042  render           | Saved: '/tmp/clearvla_eval_glass_23302.png'
22:04.209  render           | Saved: '/tmp/clearvla_eval_glass_23302.png'
22:04.882  render           | Saved: '/tmp/clearvla_eval_glass_23302.png'
22:05.697  render           | Saved: '/tmp/clearvla_eval_glass_23302.png'
22:06.155  render           | Saved: '/tmp/clearvla_eval_glass_23302.png'
22:06.680  render           | Saved: '/tmp/clearvla_eval_glass_23302.png'
22:07.138  render           | Saved: '/tmp/clearvla_eval_glass_23302.png'
22:07.653  render           | Saved: '/tmp/clearvla_eval_glass_23302.png'
22:08.934  render           | Saved: '/tmp/clearvla_eval_glass_23302.png'
22:12.485  render           | Saved: '/tmp/clearvla_eval_glass_23302.png'
22:13.336  render           | Saved: '/tmp/clearvla_eval_glass_23302.png'
22:14.530  render           | Saved: '/tmp/clearvla_eval_glass_23302.png'
22:15.729  render           | Saved: '/tmp/clearvla_eval_glass_23302.png'
22:17.800  render           | Saved: '/tmp/clearvla_eval_glass_23302.png'
22:18.757  render           | Saved: '/tmp/clearvla_eval_glass_23302.png'
22:22.005  render           | Saved: '/tmp/clearvla_eval_glass_23302.png'
22:22.764  render           | Saved: '/tmp/clearvla_eval_glass_23302.png'
22:27.985  render           | Saved: '/tmp/clearvla_eval_glass_23302.png'
22:28.651  render           | Saved: '/tmp/clearvla_eval_glass_23302.png'
22:29.724  render           | Saved: '/tmp/clearvla_eval_glass_23302.png'
22:30.517  render           | Saved: '/tmp/clearvla_eval_glass_23302.png'
22:32.805  render           | Saved: '/tmp/clearvla_eval_glass_23302.png'
22:33.457  render           | Saved: '/tmp/clearvla_eval_glass_23302.png'
22:37.044  render           | Saved: '/tmp/clearvla_eval_glass_23302.png'
22:37.677  render           | Saved: '/tmp/clearvla_eval_glass_23302.png'
22:40.314  render           | Saved: '/tmp/clearvla_eval_glass_23302.png'
22:40.975  render           | Saved: '/tmp/clearvla_eval_glass_23302.png'
22:42.204  render           | Saved: '/tmp/clearvla_eval_glass_23302.png'
22:42.837  render           | Saved: '/tmp/clearvla_eval_glass_23302.png'
22:43.537  render           | Saved: '/tmp/clearvla_eval_glass_23302.png'
22:44.053  render           | Saved: '/tmp/clearvla_eval_glass_23302.png'
22:45.401  render           | Saved: '/tmp/clearvla_eval_glass_23302.png'
22:46.064  render           | Saved: '/tmp/clearvla_eval_glass_23302.png'
22:47.982  render           | Saved: '/tmp/clearvla_eval_glass_23302.png'
22:48.697  render           | Saved: '/tmp/clearvla_eval_glass_23302.png'
22:49.996  render           | Saved: '/tmp/clearvla_eval_glass_23302.png'
22:51.207  render           | Saved: '/tmp/clearvla_eval_glass_23302.png'
22:52.099  render           | Saved: '/tmp/clearvla_eval_glass_23302.png'
22:52.538  render           | Saved: '/tmp/clearvla_eval_glass_23302.png'
22:53.057  render           | Saved: '/tmp/clearvla_eval_glass_23302.png'
22:53.471  render           | Saved: '/tmp/clearvla_eval_glass_23302.png'
22:55.032  render           | Saved: '/tmp/clearvla_eval_glass_23302.png'
22:55.727  render           | Saved: '/tmp/clearvla_eval_glass_23302.png'
22:56.465  render           | Saved: '/tmp/clearvla_eval_glass_23302.png'
22:56.900  render           | Saved: '/tmp/clearvla_eval_glass_23302.png'
22:57.471  render           | Saved: '/tmp/clearvla_eval_glass_23302.png'
22:57.920  render           | Saved: '/tmp/clearvla_eval_glass_23302.png'
22:58.451  render           | Saved: '/tmp/clearvla_eval_glass_23302.png'
22:58.906  render           | Saved: '/tmp/clearvla_eval_glass_23302.png'
22:59.756  render           | Saved: '/tmp/clearvla_eval_glass_23302.png'
23:00.515  render           | Saved: '/tmp/clearvla_eval_glass_23302.png'
23:01.945  render           | Saved: '/tmp/clearvla_eval_glass_23302.png'
23:02.522  render           | Saved: '/tmp/clearvla_eval_glass_23302.png'
23:03.240  render           | Saved: '/tmp/clearvla_eval_glass_23302.png'
23:03.845  render           | Saved: '/tmp/clearvla_eval_glass_23302.png'
23:05.174  render           | Saved: '/tmp/clearvla_eval_glass_23302.png'
23:05.722  render           | Saved: '/tmp/clearvla_eval_glass_23302.png'
23:06.926  render           | Saved: '/tmp/clearvla_eval_glass_23302.png'
23:07.474  render           | Saved: '/tmp/clearvla_eval_glass_23302.png'
23:08.915  render           | Saved: '/tmp/clearvla_eval_glass_23302.png'
23:09.655  render           | Saved: '/tmp/clearvla_eval_glass_23302.png'
23:10.397  render           | Saved: '/tmp/clearvla_eval_glass_23302.png'
23:10.826  render           | Saved: '/tmp/clearvla_eval_glass_23302.png'
23:11.375  render           | Saved: '/tmp/clearvla_eval_glass_23302.png'
23:11.817  render           | Saved: '/tmp/clearvla_eval_glass_23302.png'
23:12.382  render           | Saved: '/tmp/clearvla_eval_glass_23302.png'
23:13.093  render           | Saved: '/tmp/clearvla_eval_glass_23302.png'
23:14.426  render           | Saved: '/tmp/clearvla_eval_glass_23302.png'
23:15.104  render           | Saved: '/tmp/clearvla_eval_glass_23302.png'
23:15.814  render           | Saved: '/tmp/clearvla_eval_glass_23302.png'
23:16.303  render           | Saved: '/tmp/clearvla_eval_glass_23302.png'
23:16.804  render           | Saved: '/tmp/clearvla_eval_glass_23302.png'
23:18.023  render           | Saved: '/tmp/clearvla_eval_glass_23302.png'
23:21.881  render           | Saved: '/tmp/clearvla_eval_glass_23302.png'
23:22.821  render           | Saved: '/tmp/clearvla_eval_glass_23302.png'
23:25.382  render           | Saved: '/tmp/clearvla_eval_glass_23302.png'
23:25.965  render           | Saved: '/tmp/clearvla_eval_glass_23302.png'
23:26.691  render           | Saved: '/tmp/clearvla_eval_glass_23302.png'
23:27.106  render           | Saved: '/tmp/clearvla_eval_glass_23302.png'
23:28.065  render           | Saved: '/tmp/clearvla_eval_glass_23302.png'
23:28.637  render           | Saved: '/tmp/clearvla_eval_glass_23302.png'
23:29.990  render           | Saved: '/tmp/clearvla_eval_glass_23302.png'
23:30.574  render           | Saved: '/tmp/clearvla_eval_glass_23302.png'
23:31.340  render           | Saved: '/tmp/clearvla_eval_glass_23302.png'
23:32.605  render           | Saved: '/tmp/clearvla_eval_glass_23302.png'
23:34.026  render           | Saved: '/tmp/clearvla_eval_glass_23302.png'
23:35.441  render           | Saved: '/tmp/clearvla_eval_glass_23302.png'
23:39.336  render           | Saved: '/tmp/clearvla_eval_glass_23302.png'
23:40.076  render           | Saved: '/tmp/clearvla_eval_glass_23302.png'
23:41.367  render           | Saved: '/tmp/clearvla_eval_glass_23302.png'
23:42.511  render           | Saved: '/tmp/clearvla_eval_glass_23302.png'
23:47.467  render           | Saved: '/tmp/clearvla_eval_glass_23302.png'
23:48.209  render           | Saved: '/tmp/clearvla_eval_glass_23302.png'
23:52.424  render           | Saved: '/tmp/clearvla_eval_glass_23302.png'
23:53.037  render           | Saved: '/tmp/clearvla_eval_glass_23302.png'
23:53.870  render           | Saved: '/tmp/clearvla_eval_glass_23302.png'
23:54.440  render           | Saved: '/tmp/clearvla_eval_glass_23302.png'
23:55.149  render           | Saved: '/tmp/clearvla_eval_glass_23302.png'
23:56.366  render           | Saved: '/tmp/clearvla_eval_glass_23302.png'
23:59.193  render           | Saved: '/tmp/clearvla_eval_glass_23302.png'
23:59.960  render           | Saved: '/tmp/clearvla_eval_glass_23302.png'
24:00.696  render           | Saved: '/tmp/clearvla_eval_glass_23302.png'
24:01.220  render           | Saved: '/tmp/clearvla_eval_glass_23302.png'
24:02.714  render           | Saved: '/tmp/clearvla_eval_glass_23302.png'
24:03.381  render           | Saved: '/tmp/clearvla_eval_glass_23302.png'
24:05.016  render           | Saved: '/tmp/clearvla_eval_glass_23302.png'
24:05.417  render           | Saved: '/tmp/clearvla_eval_glass_23302.png'
24:05.968  render           | Saved: '/tmp/clearvla_eval_glass_23302.png'
24:06.390  render           | Saved: '/tmp/clearvla_eval_glass_23302.png'
24:07.189  render           | Saved: '/tmp/clearvla_eval_glass_23302.png'
24:07.781  render           | Saved: '/tmp/clearvla_eval_glass_23302.png'
24:08.760  render           | Saved: '/tmp/clearvla_eval_glass_23302.png'
24:09.954  render           | Saved: '/tmp/clearvla_eval_glass_23302.png'
24:10.822  render           | Saved: '/tmp/clearvla_eval_glass_23302.png'
24:11.334  render           | Saved: '/tmp/clearvla_eval_glass_23302.png'
24:11.844  render           | Saved: '/tmp/clearvla_eval_glass_23302.png'
24:13.204  render           | Saved: '/tmp/clearvla_eval_glass_23302.png'
24:17.126  render           | Saved: '/tmp/clearvla_eval_glass_23302.png'
24:17.738  render           | Saved: '/tmp/clearvla_eval_glass_23302.png'
24:18.910  render           | Saved: '/tmp/clearvla_eval_glass_23302.png'
24:19.654  render           | Saved: '/tmp/clearvla_eval_glass_23302.png'
24:24.761  render           | Saved: '/tmp/clearvla_eval_glass_23302.png'
24:25.899  render           | Saved: '/tmp/clearvla_eval_glass_23302.png'
24:28.605  render           | Saved: '/tmp/clearvla_eval_glass_23302.png'
24:29.269  render           | Saved: '/tmp/clearvla_eval_glass_23302.png'
24:30.475  render           | Saved: '/tmp/clearvla_eval_glass_23302.png'
24:30.925  render           | Saved: '/tmp/clearvla_eval_glass_23302.png'
24:31.398  render           | Saved: '/tmp/clearvla_eval_glass_23302.png'
24:31.847  render           | Saved: '/tmp/clearvla_eval_glass_23302.png'
24:32.513  render           | Saved: '/tmp/clearvla_eval_glass_23302.png'
24:33.162  render           | Saved: '/tmp/clearvla_eval_glass_23302.png'
24:34.239  render           | Saved: '/tmp/clearvla_eval_glass_23302.png'
24:34.817  render           | Saved: '/tmp/clearvla_eval_glass_23302.png'
24:35.736  render           | Saved: '/tmp/clearvla_eval_glass_23302.png'
24:36.206  render           | Saved: '/tmp/clearvla_eval_glass_23302.png'
24:37.107  render           | Saved: '/tmp/clearvla_eval_glass_23302.png'
24:37.923  render           | Saved: '/tmp/clearvla_eval_glass_23302.png'
24:39.208  render           | Saved: '/tmp/clearvla_eval_glass_23302.png'
24:39.703  render           | Saved: '/tmp/clearvla_eval_glass_23302.png'
24:40.306  render           | Saved: '/tmp/clearvla_eval_glass_23302.png'
24:41.051  render           | Saved: '/tmp/clearvla_eval_glass_23302.png'
24:42.396  render           | Saved: '/tmp/clearvla_eval_glass_23302.png'
24:42.963  render           | Saved: '/tmp/clearvla_eval_glass_23302.png'
24:43.683  render           | Saved: '/tmp/clearvla_eval_glass_23302.png'
24:44.186  render           | Saved: '/tmp/clearvla_eval_glass_23302.png'
24:45.336  render           | Saved: '/tmp/clearvla_eval_glass_23302.png'
24:46.019  render           | Saved: '/tmp/clearvla_eval_glass_23302.png'
24:46.746  render           | Saved: '/tmp/clearvla_eval_glass_23302.png'
24:47.456  render           | Saved: '/tmp/clearvla_eval_glass_23302.png'
24:48.260  render           | Saved: '/tmp/clearvla_eval_glass_23302.png'
24:49.083  render           | Saved: '/tmp/clearvla_eval_glass_23302.png'
24:50.904  render           | Saved: '/tmp/clearvla_eval_glass_23302.png'
24:51.530  render           | Saved: '/tmp/clearvla_eval_glass_23302.png'
24:52.305  render           | Saved: '/tmp/clearvla_eval_glass_23302.png'
24:53.058  render           | Saved: '/tmp/clearvla_eval_glass_23302.png'
24:54.096  render           | Saved: '/tmp/clearvla_eval_glass_23302.png'
24:54.657  render           | Saved: '/tmp/clearvla_eval_glass_23302.png'
24:55.422  render           | Saved: '/tmp/clearvla_eval_glass_23302.png'
24:56.302  render           | Saved: '/tmp/clearvla_eval_glass_23302.png'
24:57.959  render           | Saved: '/tmp/clearvla_eval_glass_23302.png'
24:58.619  render           | Saved: '/tmp/clearvla_eval_glass_23302.png'
25:00.599  render           | Saved: '/tmp/clearvla_eval_glass_23302.png'
25:01.123  render           | Saved: '/tmp/clearvla_eval_glass_23302.png'
25:01.958  render           | Saved: '/tmp/clearvla_eval_glass_23302.png'
25:03.251  render           | Saved: '/tmp/clearvla_eval_glass_23302.png'
25:06.843  render           | Saved: '/tmp/clearvla_eval_glass_23302.png'
25:07.523  render           | Saved: '/tmp/clearvla_eval_glass_23302.png'
25:09.811  render           | Saved: '/tmp/clearvla_eval_glass_23302.png'
25:10.316  render           | Saved: '/tmp/clearvla_eval_glass_23302.png'
25:10.836  render           | Saved: '/tmp/clearvla_eval_glass_23302.png'
25:12.126  render           | Saved: '/tmp/clearvla_eval_glass_23302.png'
25:13.258  render           | Saved: '/tmp/clearvla_eval_glass_23302.png'
25:13.788  render           | Saved: '/tmp/clearvla_eval_glass_23302.png'
25:14.510  render           | Saved: '/tmp/clearvla_eval_glass_23302.png'
25:14.968  render           | Saved: '/tmp/clearvla_eval_glass_23302.png'
25:15.494  render           | Saved: '/tmp/clearvla_eval_glass_23302.png'
25:16.097  render           | Saved: '/tmp/clearvla_eval_glass_23302.png'
25:16.633  render           | Saved: '/tmp/clearvla_eval_glass_23302.png'
25:17.107  render           | Saved: '/tmp/clearvla_eval_glass_23302.png'
25:18.382  render           | Saved: '/tmp/clearvla_eval_glass_23302.png'
25:19.178  render           | Saved: '/tmp/clearvla_eval_glass_23302.png'
25:19.969  render           | Saved: '/tmp/clearvla_eval_glass_23302.png'
25:20.452  render           | Saved: '/tmp/clearvla_eval_glass_23302.png'
25:20.975  render           | Saved: '/tmp/clearvla_eval_glass_23302.png'
25:21.427  render           | Saved: '/tmp/clearvla_eval_glass_23302.png'
25:21.978  render           | Saved: '/tmp/clearvla_eval_glass_23302.png'
25:22.695  render           | Saved: '/tmp/clearvla_eval_glass_23302.png'
25:24.109  render           | Saved: '/tmp/clearvla_eval_glass_23302.png'
25:24.766  render           | Saved: '/tmp/clearvla_eval_glass_23302.png'
25:25.427  render           | Saved: '/tmp/clearvla_eval_glass_23302.png'
25:25.877  render           | Saved: '/tmp/clearvla_eval_glass_23302.png'
25:26.400  render           | Saved: '/tmp/clearvla_eval_glass_23302.png'
25:26.867  render           | Saved: '/tmp/clearvla_eval_glass_23302.png'
25:27.859  render           | Saved: '/tmp/clearvla_eval_glass_23302.png'
25:28.636  render           | Saved: '/tmp/clearvla_eval_glass_23302.png'
25:29.367  render           | Saved: '/tmp/clearvla_eval_glass_23302.png'
25:30.518  render           | Saved: '/tmp/clearvla_eval_glass_23302.png'
25:32.699  render           | Saved: '/tmp/clearvla_eval_glass_23302.png'
25:33.798  render           | Saved: '/tmp/clearvla_eval_glass_23302.png'
25:37.451  render           | Saved: '/tmp/clearvla_eval_glass_23302.png'
25:38.093  render           | Saved: '/tmp/clearvla_eval_glass_23302.png'
25:38.756  render           | Saved: '/tmp/clearvla_eval_glass_23302.png'
25:39.225  render           | Saved: '/tmp/clearvla_eval_glass_23302.png'
25:40.532  render           | Saved: '/tmp/clearvla_eval_glass_23302.png'
25:41.209  render           | Saved: '/tmp/clearvla_eval_glass_23302.png'
25:42.314  render           | Saved: '/tmp/clearvla_eval_glass_23302.png'
25:42.755  render           | Saved: '/tmp/clearvla_eval_glass_23302.png'
25:43.313  render           | Saved: '/tmp/clearvla_eval_glass_23302.png'
25:44.172  render           | Saved: '/tmp/clearvla_eval_glass_23302.png'
25:45.260  render           | Saved: '/tmp/clearvla_eval_glass_23302.png'
25:45.802  render           | Saved: '/tmp/clearvla_eval_glass_23302.png'
25:46.544  render           | Saved: '/tmp/clearvla_eval_glass_23302.png'
25:47.878  render           | Saved: '/tmp/clearvla_eval_glass_23302.png'
25:51.416  render           | Saved: '/tmp/clearvla_eval_glass_23302.png'
25:52.562  render           | Saved: '/tmp/clearvla_eval_glass_23302.png'
25:57.235  render           | Saved: '/tmp/clearvla_eval_glass_23302.png'
25:58.034  render           | Saved: '/tmp/clearvla_eval_glass_23302.png'
25:58.789  render           | Saved: '/tmp/clearvla_eval_glass_23302.png'
25:59.211  render           | Saved: '/tmp/clearvla_eval_glass_23302.png'
25:59.790  render           | Saved: '/tmp/clearvla_eval_glass_23302.png'
26:00.266  render           | Saved: '/tmp/clearvla_eval_glass_23302.png'
26:00.815  render           | Saved: '/tmp/clearvla_eval_glass_23302.png'
26:01.285  render           | Saved: '/tmp/clearvla_eval_glass_23302.png'
26:02.052  render           | Saved: '/tmp/clearvla_eval_glass_23302.png'
26:02.671  render           | Saved: '/tmp/clearvla_eval_glass_23302.png'
26:03.555  render           | Saved: '/tmp/clearvla_eval_glass_23302.png'
26:04.635  render           | Saved: '/tmp/clearvla_eval_glass_23302.png'
26:05.393  render           | Saved: '/tmp/clearvla_eval_glass_23302.png'
26:05.841  render           | Saved: '/tmp/clearvla_eval_glass_23302.png'
26:06.399  render           | Saved: '/tmp/clearvla_eval_glass_23302.png'
26:06.922  render           | Saved: '/tmp/clearvla_eval_glass_23302.png'
26:07.419  render           | Saved: '/tmp/clearvla_eval_glass_23302.png'
26:07.945  render           | Saved: '/tmp/clearvla_eval_glass_23302.png'
26:08.964  render           | Saved: '/tmp/clearvla_eval_glass_23302.png'
26:09.541  render           | Saved: '/tmp/clearvla_eval_glass_23302.png'
26:10.220  render           | Saved: '/tmp/clearvla_eval_glass_23302.png'
26:10.769  render           | Saved: '/tmp/clearvla_eval_glass_23302.png'
26:11.820  render           | Saved: '/tmp/clearvla_eval_glass_23302.png'
26:12.533  render           | Saved: '/tmp/clearvla_eval_glass_23302.png'
26:13.278  render           | Saved: '/tmp/clearvla_eval_glass_23302.png'
26:13.798  render           | Saved: '/tmp/clearvla_eval_glass_23302.png'
26:14.927  render           | Saved: '/tmp/clearvla_eval_glass_23302.png'
26:15.708  render           | Saved: '/tmp/clearvla_eval_glass_23302.png'
26:20.718  render           | Saved: '/tmp/clearvla_eval_glass_23302.png'
26:21.459  render           | Saved: '/tmp/clearvla_eval_glass_23302.png'
26:25.275  render           | Saved: '/tmp/clearvla_eval_glass_23302.png'
26:25.840  render           | Saved: '/tmp/clearvla_eval_glass_23302.png'
26:27.384  render           | Saved: '/tmp/clearvla_eval_glass_23302.png'
26:28.041  render           | Saved: '/tmp/clearvla_eval_glass_23302.png'
26:30.002  render           | Saved: '/tmp/clearvla_eval_glass_23302.png'
26:30.438  render           | Saved: '/tmp/clearvla_eval_glass_23302.png'
26:31.649  render           | Saved: '/tmp/clearvla_eval_glass_23302.png'
26:32.343  render           | Saved: '/tmp/clearvla_eval_glass_23302.png'
26:34.085  render           | Saved: '/tmp/clearvla_eval_glass_23302.png'
26:35.066  render           | Saved: '/tmp/clearvla_eval_glass_23302.png'
26:38.727  render           | Saved: '/tmp/clearvla_eval_glass_23302.png'
26:39.664  render           | Saved: '/tmp/clearvla_eval_glass_23302.png'
26:43.664  render           | Saved: '/tmp/clearvla_eval_glass_23302.png'
26:44.159  render           | Saved: '/tmp/clearvla_eval_glass_23302.png'
26:44.757  render           | Saved: '/tmp/clearvla_eval_glass_23302.png'
26:45.715  render           | Saved: '/tmp/clearvla_eval_glass_23302.png'
26:46.667  render           | Saved: '/tmp/clearvla_eval_glass_23302.png'
26:47.603  render           | Saved: '/tmp/clearvla_eval_glass_23302.png'
26:48.966  render           | Saved: '/tmp/clearvla_eval_glass_23302.png'
26:49.483  render           | Saved: '/tmp/clearvla_eval_glass_23302.png'
26:50.758  render           | Saved: '/tmp/clearvla_eval_glass_23302.png'
26:51.732  render           | Saved: '/tmp/clearvla_eval_glass_23302.png'
26:52.474  render           | Saved: '/tmp/clearvla_eval_glass_23302.png'
26:53.353  render           | Saved: '/tmp/clearvla_eval_glass_23302.png'
26:56.077  render           | Saved: '/tmp/clearvla_eval_glass_23302.png'
26:57.039  render           | Saved: '/tmp/clearvla_eval_glass_23302.png'
27:00.050  render           | Saved: '/tmp/clearvla_eval_glass_23302.png'
27:00.649  render           | Saved: '/tmp/clearvla_eval_glass_23302.png'
27:01.615  render           | Saved: '/tmp/clearvla_eval_glass_23302.png'
27:02.186  render           | Saved: '/tmp/clearvla_eval_glass_23302.png'
27:04.909  render           | Saved: '/tmp/clearvla_eval_glass_23302.png'
27:05.470  render           | Saved: '/tmp/clearvla_eval_glass_23302.png'
27:06.090  render           | Saved: '/tmp/clearvla_eval_glass_23302.png'
27:06.542  render           | Saved: '/tmp/clearvla_eval_glass_23302.png'
27:07.769  render           | Saved: '/tmp/clearvla_eval_glass_23302.png'
27:08.344  render           | Saved: '/tmp/clearvla_eval_glass_23302.png'
27:09.017  render           | Saved: '/tmp/clearvla_eval_glass_23302.png'
27:09.481  render           | Saved: '/tmp/clearvla_eval_glass_23302.png'
27:10.001  render           | Saved: '/tmp/clearvla_eval_glass_23302.png'
27:10.460  render           | Saved: '/tmp/clearvla_eval_glass_23302.png'
27:10.975  render           | Saved: '/tmp/clearvla_eval_glass_23302.png'
27:11.698  render           | Saved: '/tmp/clearvla_eval_glass_23302.png'
27:12.991  render           | Saved: '/tmp/clearvla_eval_glass_23302.png'
27:13.576  render           | Saved: '/tmp/clearvla_eval_glass_23302.png'
27:14.901  render           | Saved: '/tmp/clearvla_eval_glass_23302.png'
27:15.551  render           | Saved: '/tmp/clearvla_eval_glass_23302.png'
27:18.136  render           | Saved: '/tmp/clearvla_eval_glass_23302.png'
27:18.644  render           | Saved: '/tmp/clearvla_eval_glass_23302.png'
27:19.486  render           | Saved: '/tmp/clearvla_eval_glass_23302.png'
27:20.116  render           | Saved: '/tmp/clearvla_eval_glass_23302.png'
27:21.335  render           | Saved: '/tmp/clearvla_eval_glass_23302.png'
27:21.975  render           | Saved: '/tmp/clearvla_eval_glass_23302.png'
27:23.387  render           | Saved: '/tmp/clearvla_eval_glass_23302.png'
27:23.925  render           | Saved: '/tmp/clearvla_eval_glass_23302.png'
27:24.651  render           | Saved: '/tmp/clearvla_eval_glass_23302.png'
27:25.136  render           | Saved: '/tmp/clearvla_eval_glass_23302.png'
27:25.687  render           | Saved: '/tmp/clearvla_eval_glass_23302.png'
27:26.180  render           | Saved: '/tmp/clearvla_eval_glass_23302.png'
27:26.751  render           | Saved: '/tmp/clearvla_eval_glass_23302.png'
27:28.021  render           | Saved: '/tmp/clearvla_eval_glass_23302.png'
27:30.106  render           | Saved: '/tmp/clearvla_eval_glass_23302.png'
27:31.205  render           | Saved: '/tmp/clearvla_eval_glass_23302.png'
27:33.998  render           | Saved: '/tmp/clearvla_eval_glass_23302.png'
27:34.747  render           | Saved: '/tmp/clearvla_eval_glass_23302.png'
27:37.976  render           | Saved: '/tmp/clearvla_eval_glass_23302.png'
27:38.558  render           | Saved: '/tmp/clearvla_eval_glass_23302.png'
27:39.526  render           | Saved: '/tmp/clearvla_eval_glass_23302.png'
27:40.052  render           | Saved: '/tmp/clearvla_eval_glass_23302.png'
27:41.469  render           | Saved: '/tmp/clearvla_eval_glass_23302.png'
27:41.914  render           | Saved: '/tmp/clearvla_eval_glass_23302.png'
27:42.420  render           | Saved: '/tmp/clearvla_eval_glass_23302.png'
27:42.868  render           | Saved: '/tmp/clearvla_eval_glass_23302.png'
27:43.815  render           | Saved: '/tmp/clearvla_eval_glass_23302.png'
27:44.458  render           | Saved: '/tmp/clearvla_eval_glass_23302.png'
[full/glass] pour: 0/10  (27.6 min, 85.3 s/ep)
27:47.581  render           | Saved: '/tmp/clearvla_eval_glass_23302.png'
27:48.405  render           | Saved: '/tmp/clearvla_eval_glass_23302.png'
27:52.867  render           | Saved: '/tmp/clearvla_eval_glass_23302.png'
27:53.916  render           | Saved: '/tmp/clearvla_eval_glass_23302.png'
27:55.766  render           | Saved: '/tmp/clearvla_eval_glass_23302.png'
27:56.443  render           | Saved: '/tmp/clearvla_eval_glass_23302.png'
27:57.428  render           | Saved: '/tmp/clearvla_eval_glass_23302.png'
27:57.848  render           | Saved: '/tmp/clearvla_eval_glass_23302.png'
27:58.348  render           | Saved: '/tmp/clearvla_eval_glass_23302.png'
27:58.799  render           | Saved: '/tmp/clearvla_eval_glass_23302.png'
27:59.940  render           | Saved: '/tmp/clearvla_eval_glass_23302.png'
28:00.648  render           | Saved: '/tmp/clearvla_eval_glass_23302.png'
28:04.802  render           | Saved: '/tmp/clearvla_eval_glass_23302.png'
28:05.375  render           | Saved: '/tmp/clearvla_eval_glass_23302.png'
28:06.116  render           | Saved: '/tmp/clearvla_eval_glass_23302.png'
28:06.538  render           | Saved: '/tmp/clearvla_eval_glass_23302.png'
28:07.074  render           | Saved: '/tmp/clearvla_eval_glass_23302.png'
28:07.523  render           | Saved: '/tmp/clearvla_eval_glass_23302.png'
28:08.073  render           | Saved: '/tmp/clearvla_eval_glass_23302.png'
28:09.533  render           | Saved: '/tmp/clearvla_eval_glass_23302.png'
28:10.419  render           | Saved: '/tmp/clearvla_eval_glass_23302.png'
28:10.912  render           | Saved: '/tmp/clearvla_eval_glass_23302.png'
28:11.414  render           | Saved: '/tmp/clearvla_eval_glass_23302.png'
28:11.859  render           | Saved: '/tmp/clearvla_eval_glass_23302.png'
28:12.393  render           | Saved: '/tmp/clearvla_eval_glass_23302.png'
28:12.904  render           | Saved: '/tmp/clearvla_eval_glass_23302.png'
28:13.423  render           | Saved: '/tmp/clearvla_eval_glass_23302.png'
28:13.934  render           | Saved: '/tmp/clearvla_eval_glass_23302.png'
28:14.993  render           | Saved: '/tmp/clearvla_eval_glass_23302.png'
28:15.627  render           | Saved: '/tmp/clearvla_eval_glass_23302.png'
28:16.393  render           | Saved: '/tmp/clearvla_eval_glass_23302.png'
28:17.191  render           | Saved: '/tmp/clearvla_eval_glass_23302.png'
28:18.536  render           | Saved: '/tmp/clearvla_eval_glass_23302.png'
28:19.175  render           | Saved: '/tmp/clearvla_eval_glass_23302.png'
28:20.348  render           | Saved: '/tmp/clearvla_eval_glass_23302.png'
28:20.899  render           | Saved: '/tmp/clearvla_eval_glass_23302.png'
28:21.421  render           | Saved: '/tmp/clearvla_eval_glass_23302.png'
28:22.766  render           | Saved: '/tmp/clearvla_eval_glass_23302.png'
28:26.156  render           | Saved: '/tmp/clearvla_eval_glass_23302.png'
28:27.147  render           | Saved: '/tmp/clearvla_eval_glass_23302.png'
28:30.568  render           | Saved: '/tmp/clearvla_eval_glass_23302.png'
28:31.310  render           | Saved: '/tmp/clearvla_eval_glass_23302.png'
28:32.376  render           | Saved: '/tmp/clearvla_eval_glass_23302.png'
28:32.976  render           | Saved: '/tmp/clearvla_eval_glass_23302.png'
28:33.545  render           | Saved: '/tmp/clearvla_eval_glass_23302.png'
28:33.980  render           | Saved: '/tmp/clearvla_eval_glass_23302.png'
28:34.525  render           | Saved: '/tmp/clearvla_eval_glass_23302.png'
28:34.971  render           | Saved: '/tmp/clearvla_eval_glass_23302.png'
28:35.909  render           | Saved: '/tmp/clearvla_eval_glass_23302.png'
28:36.559  render           | Saved: '/tmp/clearvla_eval_glass_23302.png'
28:37.926  render           | Saved: '/tmp/clearvla_eval_glass_23302.png'
28:38.540  render           | Saved: '/tmp/clearvla_eval_glass_23302.png'
28:39.273  render           | Saved: '/tmp/clearvla_eval_glass_23302.png'
28:39.749  render           | Saved: '/tmp/clearvla_eval_glass_23302.png'
28:40.290  render           | Saved: '/tmp/clearvla_eval_glass_23302.png'
28:40.756  render           | Saved: '/tmp/clearvla_eval_glass_23302.png'
28:41.259  render           | Saved: '/tmp/clearvla_eval_glass_23302.png'
28:42.719  render           | Saved: '/tmp/clearvla_eval_glass_23302.png'
28:46.226  render           | Saved: '/tmp/clearvla_eval_glass_23302.png'
28:46.992  render           | Saved: '/tmp/clearvla_eval_glass_23302.png'
28:47.691  render           | Saved: '/tmp/clearvla_eval_glass_23302.png'
28:48.117  render           | Saved: '/tmp/clearvla_eval_glass_23302.png'
28:49.011  render           | Saved: '/tmp/clearvla_eval_glass_23302.png'
28:49.625  render           | Saved: '/tmp/clearvla_eval_glass_23302.png'
28:50.569  render           | Saved: '/tmp/clearvla_eval_glass_23302.png'
28:51.751  render           | Saved: '/tmp/clearvla_eval_glass_23302.png'
28:52.562  render           | Saved: '/tmp/clearvla_eval_glass_23302.png'
28:53.004  render           | Saved: '/tmp/clearvla_eval_glass_23302.png'
28:53.476  render           | Saved: '/tmp/clearvla_eval_glass_23302.png'
28:54.399  render           | Saved: '/tmp/clearvla_eval_glass_23302.png'
28:55.500  render           | Saved: '/tmp/clearvla_eval_glass_23302.png'
28:56.164  render           | Saved: '/tmp/clearvla_eval_glass_23302.png'
28:59.320  render           | Saved: '/tmp/clearvla_eval_glass_23302.png'
28:59.981  render           | Saved: '/tmp/clearvla_eval_glass_23302.png'
29:00.740  render           | Saved: '/tmp/clearvla_eval_glass_23302.png'
29:01.176  render           | Saved: '/tmp/clearvla_eval_glass_23302.png'
29:03.967  render           | Saved: '/tmp/clearvla_eval_glass_23302.png'
29:04.646  render           | Saved: '/tmp/clearvla_eval_glass_23302.png'
29:08.148  render           | Saved: '/tmp/clearvla_eval_glass_23302.png'
29:08.773  render           | Saved: '/tmp/clearvla_eval_glass_23302.png'
29:09.576  render           | Saved: '/tmp/clearvla_eval_glass_23302.png'
29:10.035  render           | Saved: '/tmp/clearvla_eval_glass_23302.png'
29:10.566  render           | Saved: '/tmp/clearvla_eval_glass_23302.png'
29:11.331  render           | Saved: '/tmp/clearvla_eval_glass_23302.png'
29:12.622  render           | Saved: '/tmp/clearvla_eval_glass_23302.png'
29:13.142  render           | Saved: '/tmp/clearvla_eval_glass_23302.png'
29:14.000  render           | Saved: '/tmp/clearvla_eval_glass_23302.png'
29:15.270  render           | Saved: '/tmp/clearvla_eval_glass_23302.png'
29:18.038  render           | Saved: '/tmp/clearvla_eval_glass_23302.png'
29:18.960  render           | Saved: '/tmp/clearvla_eval_glass_23302.png'
29:21.422  render           | Saved: '/tmp/clearvla_eval_glass_23302.png'
29:22.016  render           | Saved: '/tmp/clearvla_eval_glass_23302.png'
29:23.584  render           | Saved: '/tmp/clearvla_eval_glass_23302.png'
29:24.339  render           | Saved: '/tmp/clearvla_eval_glass_23302.png'
29:25.006  render           | Saved: '/tmp/clearvla_eval_glass_23302.png'
29:25.458  render           | Saved: '/tmp/clearvla_eval_glass_23302.png'
29:26.007  render           | Saved: '/tmp/clearvla_eval_glass_23302.png'
29:26.792  render           | Saved: '/tmp/clearvla_eval_glass_23302.png'
29:28.034  render           | Saved: '/tmp/clearvla_eval_glass_23302.png'
29:28.950  render           | Saved: '/tmp/clearvla_eval_glass_23302.png'
29:32.602  render           | Saved: '/tmp/clearvla_eval_glass_23302.png'
29:33.452  render           | Saved: '/tmp/clearvla_eval_glass_23302.png'
29:36.266  render           | Saved: '/tmp/clearvla_eval_glass_23302.png'
29:36.833  render           | Saved: '/tmp/clearvla_eval_glass_23302.png'
29:37.878  render           | Saved: '/tmp/clearvla_eval_glass_23302.png'
29:38.410  render           | Saved: '/tmp/clearvla_eval_glass_23302.png'
29:39.192  render           | Saved: '/tmp/clearvla_eval_glass_23302.png'
29:40.494  render           | Saved: '/tmp/clearvla_eval_glass_23302.png'
29:42.136  render           | Saved: '/tmp/clearvla_eval_glass_23302.png'
29:42.559  render           | Saved: '/tmp/clearvla_eval_glass_23302.png'
29:43.085  render           | Saved: '/tmp/clearvla_eval_glass_23302.png'
29:43.506  render           | Saved: '/tmp/clearvla_eval_glass_23302.png'
29:44.542  render           | Saved: '/tmp/clearvla_eval_glass_23302.png'
29:45.291  render           | Saved: '/tmp/clearvla_eval_glass_23302.png'
29:47.451  render           | Saved: '/tmp/clearvla_eval_glass_23302.png'
29:47.924  render           | Saved: '/tmp/clearvla_eval_glass_23302.png'
29:48.436  render           | Saved: '/tmp/clearvla_eval_glass_23302.png'
29:48.911  render           | Saved: '/tmp/clearvla_eval_glass_23302.png'
29:50.091  render           | Saved: '/tmp/clearvla_eval_glass_23302.png'
29:50.983  render           | Saved: '/tmp/clearvla_eval_glass_23302.png'
29:54.548  render           | Saved: '/tmp/clearvla_eval_glass_23302.png'
29:55.338  render           | Saved: '/tmp/clearvla_eval_glass_23302.png'
29:58.247  render           | Saved: '/tmp/clearvla_eval_glass_23302.png'
29:59.110  render           | Saved: '/tmp/clearvla_eval_glass_23302.png'
30:01.139  render           | Saved: '/tmp/clearvla_eval_glass_23302.png'
30:01.946  render           | Saved: '/tmp/clearvla_eval_glass_23302.png'
30:05.026  render           | Saved: '/tmp/clearvla_eval_glass_23302.png'
30:06.343  render           | Saved: '/tmp/clearvla_eval_glass_23302.png'
30:09.262  render           | Saved: '/tmp/clearvla_eval_glass_23302.png'
30:10.212  render           | Saved: '/tmp/clearvla_eval_glass_23302.png'
30:12.456  render           | Saved: '/tmp/clearvla_eval_glass_23302.png'
30:12.925  render           | Saved: '/tmp/clearvla_eval_glass_23302.png'
30:13.423  render           | Saved: '/tmp/clearvla_eval_glass_23302.png'
30:14.329  render           | Saved: '/tmp/clearvla_eval_glass_23302.png'
30:15.454  render           | Saved: '/tmp/clearvla_eval_glass_23302.png'
30:16.207  render           | Saved: '/tmp/clearvla_eval_glass_23302.png'
30:19.299  render           | Saved: '/tmp/clearvla_eval_glass_23302.png'
30:19.912  render           | Saved: '/tmp/clearvla_eval_glass_23302.png'
30:20.621  render           | Saved: '/tmp/clearvla_eval_glass_23302.png'
30:21.041  render           | Saved: '/tmp/clearvla_eval_glass_23302.png'
30:21.602  render           | Saved: '/tmp/clearvla_eval_glass_23302.png'
30:22.026  render           | Saved: '/tmp/clearvla_eval_glass_23302.png'
30:23.278  render           | Saved: '/tmp/clearvla_eval_glass_23302.png'
30:24.018  render           | Saved: '/tmp/clearvla_eval_glass_23302.png'
30:25.030  render           | Saved: '/tmp/clearvla_eval_glass_23302.png'
30:25.545  render           | Saved: '/tmp/clearvla_eval_glass_23302.png'
30:26.059  render           | Saved: '/tmp/clearvla_eval_glass_23302.png'
30:26.456  render           | Saved: '/tmp/clearvla_eval_glass_23302.png'
30:26.959  render           | Saved: '/tmp/clearvla_eval_glass_23302.png'
30:27.412  render           | Saved: '/tmp/clearvla_eval_glass_23302.png'
30:28.843  render           | Saved: '/tmp/clearvla_eval_glass_23302.png'
30:29.471  render           | Saved: '/tmp/clearvla_eval_glass_23302.png'
30:32.607  render           | Saved: '/tmp/clearvla_eval_glass_23302.png'
30:33.237  render           | Saved: '/tmp/clearvla_eval_glass_23302.png'
30:37.551  render           | Saved: '/tmp/clearvla_eval_glass_23302.png'
30:38.367  render           | Saved: '/tmp/clearvla_eval_glass_23302.png'
30:42.191  render           | Saved: '/tmp/clearvla_eval_glass_23302.png'
30:42.973  render           | Saved: '/tmp/clearvla_eval_glass_23302.png'
30:46.555  render           | Saved: '/tmp/clearvla_eval_glass_23302.png'
30:47.583  render           | Saved: '/tmp/clearvla_eval_glass_23302.png'
30:49.403  render           | Saved: '/tmp/clearvla_eval_glass_23302.png'
30:50.105  render           | Saved: '/tmp/clearvla_eval_glass_23302.png'
30:51.780  render           | Saved: '/tmp/clearvla_eval_glass_23302.png'
30:52.264  render           | Saved: '/tmp/clearvla_eval_glass_23302.png'
30:53.046  render           | Saved: '/tmp/clearvla_eval_glass_23302.png'
30:53.661  render           | Saved: '/tmp/clearvla_eval_glass_23302.png'
30:54.488  render           | Saved: '/tmp/clearvla_eval_glass_23302.png'
30:55.431  render           | Saved: '/tmp/clearvla_eval_glass_23302.png'
30:56.255  render           | Saved: '/tmp/clearvla_eval_glass_23302.png'
30:57.240  render           | Saved: '/tmp/clearvla_eval_glass_23302.png'
31:02.254  render           | Saved: '/tmp/clearvla_eval_glass_23302.png'
31:02.903  render           | Saved: '/tmp/clearvla_eval_glass_23302.png'
31:05.146  render           | Saved: '/tmp/clearvla_eval_glass_23302.png'
31:05.906  render           | Saved: '/tmp/clearvla_eval_glass_23302.png'
31:07.258  render           | Saved: '/tmp/clearvla_eval_glass_23302.png'
31:07.916  render           | Saved: '/tmp/clearvla_eval_glass_23302.png'
31:10.149  render           | Saved: '/tmp/clearvla_eval_glass_23302.png'
31:10.636  render           | Saved: '/tmp/clearvla_eval_glass_23302.png'
31:11.197  render           | Saved: '/tmp/clearvla_eval_glass_23302.png'
31:11.730  render           | Saved: '/tmp/clearvla_eval_glass_23302.png'
31:13.090  render           | Saved: '/tmp/clearvla_eval_glass_23302.png'
31:13.747  render           | Saved: '/tmp/clearvla_eval_glass_23302.png'
31:15.464  render           | Saved: '/tmp/clearvla_eval_glass_23302.png'
31:15.920  render           | Saved: '/tmp/clearvla_eval_glass_23302.png'
31:16.420  render           | Saved: '/tmp/clearvla_eval_glass_23302.png'
31:16.842  render           | Saved: '/tmp/clearvla_eval_glass_23302.png'
31:17.372  render           | Saved: '/tmp/clearvla_eval_glass_23302.png'
31:17.824  render           | Saved: '/tmp/clearvla_eval_glass_23302.png'
31:19.068  render           | Saved: '/tmp/clearvla_eval_glass_23302.png'
31:19.770  render           | Saved: '/tmp/clearvla_eval_glass_23302.png'
31:21.245  render           | Saved: '/tmp/clearvla_eval_glass_23302.png'
31:21.866  render           | Saved: '/tmp/clearvla_eval_glass_23302.png'
31:22.861  render           | Saved: '/tmp/clearvla_eval_glass_23302.png'
31:23.266  render           | Saved: '/tmp/clearvla_eval_glass_23302.png'
31:24.619  render           | Saved: '/tmp/clearvla_eval_glass_23302.png'
31:25.347  render           | Saved: '/tmp/clearvla_eval_glass_23302.png'
31:26.255  render           | Saved: '/tmp/clearvla_eval_glass_23302.png'
31:26.656  render           | Saved: '/tmp/clearvla_eval_glass_23302.png'
31:27.201  render           | Saved: '/tmp/clearvla_eval_glass_23302.png'
31:27.608  render           | Saved: '/tmp/clearvla_eval_glass_23302.png'
31:28.191  render           | Saved: '/tmp/clearvla_eval_glass_23302.png'
31:28.603  render           | Saved: '/tmp/clearvla_eval_glass_23302.png'
31:29.659  render           | Saved: '/tmp/clearvla_eval_glass_23302.png'
31:30.380  render           | Saved: '/tmp/clearvla_eval_glass_23302.png'
31:33.666  render           | Saved: '/tmp/clearvla_eval_glass_23302.png'
31:34.686  render           | Saved: '/tmp/clearvla_eval_glass_23302.png'
31:38.253  render           | Saved: '/tmp/clearvla_eval_glass_23302.png'
31:38.817  render           | Saved: '/tmp/clearvla_eval_glass_23302.png'
31:39.811  render           | Saved: '/tmp/clearvla_eval_glass_23302.png'
31:40.253  render           | Saved: '/tmp/clearvla_eval_glass_23302.png'
31:40.919  render           | Saved: '/tmp/clearvla_eval_glass_23302.png'
31:41.463  render           | Saved: '/tmp/clearvla_eval_glass_23302.png'
31:42.182  render           | Saved: '/tmp/clearvla_eval_glass_23302.png'
31:43.220  render           | Saved: '/tmp/clearvla_eval_glass_23302.png'
31:45.103  render           | Saved: '/tmp/clearvla_eval_glass_23302.png'
31:45.676  render           | Saved: '/tmp/clearvla_eval_glass_23302.png'
31:48.611  render           | Saved: '/tmp/clearvla_eval_glass_23302.png'
31:49.576  render           | Saved: '/tmp/clearvla_eval_glass_23302.png'
31:52.957  render           | Saved: '/tmp/clearvla_eval_glass_23302.png'
31:53.608  render           | Saved: '/tmp/clearvla_eval_glass_23302.png'
31:54.309  render           | Saved: '/tmp/clearvla_eval_glass_23302.png'
31:54.780  render           | Saved: '/tmp/clearvla_eval_glass_23302.png'
31:55.285  render           | Saved: '/tmp/clearvla_eval_glass_23302.png'
31:55.759  render           | Saved: '/tmp/clearvla_eval_glass_23302.png'
31:56.914  render           | Saved: '/tmp/clearvla_eval_glass_23302.png'
31:57.720  render           | Saved: '/tmp/clearvla_eval_glass_23302.png'
32:01.620  render           | Saved: '/tmp/clearvla_eval_glass_23302.png'
32:02.431  render           | Saved: '/tmp/clearvla_eval_glass_23302.png'
32:06.897  render           | Saved: '/tmp/clearvla_eval_glass_23302.png'
32:07.688  render           | Saved: '/tmp/clearvla_eval_glass_23302.png'
32:12.273  render           | Saved: '/tmp/clearvla_eval_glass_23302.png'
32:12.946  render           | Saved: '/tmp/clearvla_eval_glass_23302.png'
32:14.193  render           | Saved: '/tmp/clearvla_eval_glass_23302.png'
32:14.845  render           | Saved: '/tmp/clearvla_eval_glass_23302.png'
32:16.351  render           | Saved: '/tmp/clearvla_eval_glass_23302.png'
32:17.629  render           | Saved: '/tmp/clearvla_eval_glass_23302.png'
32:20.368  render           | Saved: '/tmp/clearvla_eval_glass_23302.png'
32:21.381  render           | Saved: '/tmp/clearvla_eval_glass_23302.png'
32:22.562  render           | Saved: '/tmp/clearvla_eval_glass_23302.png'
32:23.316  render           | Saved: '/tmp/clearvla_eval_glass_23302.png'
32:25.972  render           | Saved: '/tmp/clearvla_eval_glass_23302.png'
32:26.931  render           | Saved: '/tmp/clearvla_eval_glass_23302.png'
32:30.749  render           | Saved: '/tmp/clearvla_eval_glass_23302.png'
32:31.301  render           | Saved: '/tmp/clearvla_eval_glass_23302.png'
32:33.458  render           | Saved: '/tmp/clearvla_eval_glass_23302.png'
32:34.141  render           | Saved: '/tmp/clearvla_eval_glass_23302.png'
32:35.497  render           | Saved: '/tmp/clearvla_eval_glass_23302.png'
32:36.239  render           | Saved: '/tmp/clearvla_eval_glass_23302.png'
32:37.938  render           | Saved: '/tmp/clearvla_eval_glass_23302.png'
32:38.567  render           | Saved: '/tmp/clearvla_eval_glass_23302.png'
32:39.215  render           | Saved: '/tmp/clearvla_eval_glass_23302.png'
32:39.708  render           | Saved: '/tmp/clearvla_eval_glass_23302.png'
32:40.208  render           | Saved: '/tmp/clearvla_eval_glass_23302.png'
32:40.703  render           | Saved: '/tmp/clearvla_eval_glass_23302.png'
32:41.253  render           | Saved: '/tmp/clearvla_eval_glass_23302.png'
32:41.677  render           | Saved: '/tmp/clearvla_eval_glass_23302.png'
32:42.208  render           | Saved: '/tmp/clearvla_eval_glass_23302.png'
32:42.643  render           | Saved: '/tmp/clearvla_eval_glass_23302.png'
32:43.825  render           | Saved: '/tmp/clearvla_eval_glass_23302.png'
32:44.322  render           | Saved: '/tmp/clearvla_eval_glass_23302.png'
32:45.210  render           | Saved: '/tmp/clearvla_eval_glass_23302.png'
32:45.794  render           | Saved: '/tmp/clearvla_eval_glass_23302.png'
32:47.409  render           | Saved: '/tmp/clearvla_eval_glass_23302.png'
32:47.916  render           | Saved: '/tmp/clearvla_eval_glass_23302.png'
32:48.578  render           | Saved: '/tmp/clearvla_eval_glass_23302.png'
32:49.054  render           | Saved: '/tmp/clearvla_eval_glass_23302.png'
32:50.000  render           | Saved: '/tmp/clearvla_eval_glass_23302.png'
32:50.532  render           | Saved: '/tmp/clearvla_eval_glass_23302.png'
32:54.433  render           | Saved: '/tmp/clearvla_eval_glass_23302.png'
32:55.071  render           | Saved: '/tmp/clearvla_eval_glass_23302.png'
32:55.718  render           | Saved: '/tmp/clearvla_eval_glass_23302.png'
32:56.479  render           | Saved: '/tmp/clearvla_eval_glass_23302.png'
32:57.831  render           | Saved: '/tmp/clearvla_eval_glass_23302.png'
32:58.455  render           | Saved: '/tmp/clearvla_eval_glass_23302.png'
32:59.475  render           | Saved: '/tmp/clearvla_eval_glass_23302.png'
33:00.079  render           | Saved: '/tmp/clearvla_eval_glass_23302.png'
33:00.624  render           | Saved: '/tmp/clearvla_eval_glass_23302.png'
33:01.059  render           | Saved: '/tmp/clearvla_eval_glass_23302.png'
33:01.795  render           | Saved: '/tmp/clearvla_eval_glass_23302.png'
33:02.291  render           | Saved: '/tmp/clearvla_eval_glass_23302.png'
33:03.834  render           | Saved: '/tmp/clearvla_eval_glass_23302.png'
33:04.420  render           | Saved: '/tmp/clearvla_eval_glass_23302.png'
33:06.527  render           | Saved: '/tmp/clearvla_eval_glass_23302.png'
33:07.090  render           | Saved: '/tmp/clearvla_eval_glass_23302.png'
33:07.763  render           | Saved: '/tmp/clearvla_eval_glass_23302.png'
33:08.859  render           | Saved: '/tmp/clearvla_eval_glass_23302.png'
33:11.788  render           | Saved: '/tmp/clearvla_eval_glass_23302.png'
33:12.577  render           | Saved: '/tmp/clearvla_eval_glass_23302.png'
33:16.212  render           | Saved: '/tmp/clearvla_eval_glass_23302.png'
33:17.062  render           | Saved: '/tmp/clearvla_eval_glass_23302.png'
33:18.437  render           | Saved: '/tmp/clearvla_eval_glass_23302.png'
33:19.243  render           | Saved: '/tmp/clearvla_eval_glass_23302.png'
33:20.896  render           | Saved: '/tmp/clearvla_eval_glass_23302.png'
33:21.420  render           | Saved: '/tmp/clearvla_eval_glass_23302.png'
33:22.406  render           | Saved: '/tmp/clearvla_eval_glass_23302.png'
33:23.029  render           | Saved: '/tmp/clearvla_eval_glass_23302.png'
33:24.023  render           | Saved: '/tmp/clearvla_eval_glass_23302.png'
33:24.636  render           | Saved: '/tmp/clearvla_eval_glass_23302.png'
33:25.896  render           | Saved: '/tmp/clearvla_eval_glass_23302.png'
33:26.503  render           | Saved: '/tmp/clearvla_eval_glass_23302.png'
33:27.143  render           | Saved: '/tmp/clearvla_eval_glass_23302.png'
33:27.657  render           | Saved: '/tmp/clearvla_eval_glass_23302.png'
33:28.804  render           | Saved: '/tmp/clearvla_eval_glass_23302.png'
33:29.388  render           | Saved: '/tmp/clearvla_eval_glass_23302.png'
33:32.550  render           | Saved: '/tmp/clearvla_eval_glass_23302.png'
33:33.350  render           | Saved: '/tmp/clearvla_eval_glass_23302.png'
33:35.042  render           | Saved: '/tmp/clearvla_eval_glass_23302.png'
33:35.819  render           | Saved: '/tmp/clearvla_eval_glass_23302.png'
33:36.571  render           | Saved: '/tmp/clearvla_eval_glass_23302.png'
33:37.763  render           | Saved: '/tmp/clearvla_eval_glass_23302.png'
33:40.721  render           | Saved: '/tmp/clearvla_eval_glass_23302.png'
33:41.299  render           | Saved: '/tmp/clearvla_eval_glass_23302.png'
33:42.024  render           | Saved: '/tmp/clearvla_eval_glass_23302.png'
33:42.689  render           | Saved: '/tmp/clearvla_eval_glass_23302.png'
33:44.041  render           | Saved: '/tmp/clearvla_eval_glass_23302.png'
33:44.586  render           | Saved: '/tmp/clearvla_eval_glass_23302.png'
33:45.268  render           | Saved: '/tmp/clearvla_eval_glass_23302.png'
33:45.939  render           | Saved: '/tmp/clearvla_eval_glass_23302.png'
33:47.820  render           | Saved: '/tmp/clearvla_eval_glass_23302.png'
33:48.332  render           | Saved: '/tmp/clearvla_eval_glass_23302.png'
33:48.986  render           | Saved: '/tmp/clearvla_eval_glass_23302.png'
33:49.456  render           | Saved: '/tmp/clearvla_eval_glass_23302.png'
33:50.881  render           | Saved: '/tmp/clearvla_eval_glass_23302.png'
33:51.593  render           | Saved: '/tmp/clearvla_eval_glass_23302.png'
33:52.324  render           | Saved: '/tmp/clearvla_eval_glass_23302.png'
33:52.783  render           | Saved: '/tmp/clearvla_eval_glass_23302.png'
33:53.317  render           | Saved: '/tmp/clearvla_eval_glass_23302.png'
33:53.775  render           | Saved: '/tmp/clearvla_eval_glass_23302.png'
33:54.318  render           | Saved: '/tmp/clearvla_eval_glass_23302.png'
33:55.173  render           | Saved: '/tmp/clearvla_eval_glass_23302.png'
33:56.175  render           | Saved: '/tmp/clearvla_eval_glass_23302.png'
33:57.126  render           | Saved: '/tmp/clearvla_eval_glass_23302.png'
33:58.505  render           | Saved: '/tmp/clearvla_eval_glass_23302.png'
33:59.197  render           | Saved: '/tmp/clearvla_eval_glass_23302.png'
33:59.916  render           | Saved: '/tmp/clearvla_eval_glass_23302.png'
34:00.327  render           | Saved: '/tmp/clearvla_eval_glass_23302.png'
34:00.949  render           | Saved: '/tmp/clearvla_eval_glass_23302.png'
34:02.097  render           | Saved: '/tmp/clearvla_eval_glass_23302.png'
34:03.142  render           | Saved: '/tmp/clearvla_eval_glass_23302.png'
34:03.579  render           | Saved: '/tmp/clearvla_eval_glass_23302.png'
34:04.248  render           | Saved: '/tmp/clearvla_eval_glass_23302.png'
34:04.676  render           | Saved: '/tmp/clearvla_eval_glass_23302.png'
34:05.201  render           | Saved: '/tmp/clearvla_eval_glass_23302.png'
34:05.649  render           | Saved: '/tmp/clearvla_eval_glass_23302.png'
34:06.150  render           | Saved: '/tmp/clearvla_eval_glass_23302.png'
34:07.139  render           | Saved: '/tmp/clearvla_eval_glass_23302.png'
34:09.763  render           | Saved: '/tmp/clearvla_eval_glass_23302.png'
34:10.402  render           | Saved: '/tmp/clearvla_eval_glass_23302.png'
34:11.024  render           | Saved: '/tmp/clearvla_eval_glass_23302.png'
34:12.011  render           | Saved: '/tmp/clearvla_eval_glass_23302.png'
34:14.844  render           | Saved: '/tmp/clearvla_eval_glass_23302.png'
34:15.498  render           | Saved: '/tmp/clearvla_eval_glass_23302.png'
34:18.073  render           | Saved: '/tmp/clearvla_eval_glass_23302.png'
34:18.672  render           | Saved: '/tmp/clearvla_eval_glass_23302.png'
34:19.588  render           | Saved: '/tmp/clearvla_eval_glass_23302.png'
34:19.975  render           | Saved: '/tmp/clearvla_eval_glass_23302.png'
34:20.521  render           | Saved: '/tmp/clearvla_eval_glass_23302.png'
34:21.192  render           | Saved: '/tmp/clearvla_eval_glass_23302.png'
34:22.984  render           | Saved: '/tmp/clearvla_eval_glass_23302.png'
34:25.052  render           | Saved: '/tmp/clearvla_eval_glass_23302.png'
34:29.317  render           | Saved: '/tmp/clearvla_eval_glass_23302.png'
34:30.025  render           | Saved: '/tmp/clearvla_eval_glass_23302.png'
34:33.620  render           | Saved: '/tmp/clearvla_eval_glass_23302.png'
34:34.297  render           | Saved: '/tmp/clearvla_eval_glass_23302.png'
34:35.010  render           | Saved: '/tmp/clearvla_eval_glass_23302.png'
34:35.474  render           | Saved: '/tmp/clearvla_eval_glass_23302.png'
34:35.984  render           | Saved: '/tmp/clearvla_eval_glass_23302.png'
34:37.444  render           | Saved: '/tmp/clearvla_eval_glass_23302.png'
34:39.053  render           | Saved: '/tmp/clearvla_eval_glass_23302.png'
34:39.509  render           | Saved: '/tmp/clearvla_eval_glass_23302.png'
34:39.975  render           | Saved: '/tmp/clearvla_eval_glass_23302.png'
34:40.475  render           | Saved: '/tmp/clearvla_eval_glass_23302.png'
34:41.665  render           | Saved: '/tmp/clearvla_eval_glass_23302.png'
34:42.384  render           | Saved: '/tmp/clearvla_eval_glass_23302.png'
34:43.025  render           | Saved: '/tmp/clearvla_eval_glass_23302.png'
34:43.512  render           | Saved: '/tmp/clearvla_eval_glass_23302.png'
34:44.055  render           | Saved: '/tmp/clearvla_eval_glass_23302.png'
34:45.117  render           | Saved: '/tmp/clearvla_eval_glass_23302.png'
34:49.233  render           | Saved: '/tmp/clearvla_eval_glass_23302.png'
34:49.980  render           | Saved: '/tmp/clearvla_eval_glass_23302.png'
34:53.268  render           | Saved: '/tmp/clearvla_eval_glass_23302.png'
34:54.051  render           | Saved: '/tmp/clearvla_eval_glass_23302.png'
34:58.135  render           | Saved: '/tmp/clearvla_eval_glass_23302.png'
34:58.884  render           | Saved: '/tmp/clearvla_eval_glass_23302.png'
34:59.525  render           | Saved: '/tmp/clearvla_eval_glass_23302.png'
35:00.279  render           | Saved: '/tmp/clearvla_eval_glass_23302.png'
35:01.306  render           | Saved: '/tmp/clearvla_eval_glass_23302.png'
35:02.420  render           | Saved: '/tmp/clearvla_eval_glass_23302.png'
35:07.604  render           | Saved: '/tmp/clearvla_eval_glass_23302.png'
35:08.143  render           | Saved: '/tmp/clearvla_eval_glass_23302.png'
35:09.035  render           | Saved: '/tmp/clearvla_eval_glass_23302.png'
35:09.439  render           | Saved: '/tmp/clearvla_eval_glass_23302.png'
35:09.950  render           | Saved: '/tmp/clearvla_eval_glass_23302.png'
35:10.612  render           | Saved: '/tmp/clearvla_eval_glass_23302.png'
35:11.189  render           | Saved: '/tmp/clearvla_eval_glass_23302.png'
35:11.713  render           | Saved: '/tmp/clearvla_eval_glass_23302.png'
35:12.329  render           | Saved: '/tmp/clearvla_eval_glass_23302.png'
35:12.774  render           | Saved: '/tmp/clearvla_eval_glass_23302.png'
35:13.387  render           | Saved: '/tmp/clearvla_eval_glass_23302.png'
35:14.416  render           | Saved: '/tmp/clearvla_eval_glass_23302.png'
35:15.466  render           | Saved: '/tmp/clearvla_eval_glass_23302.png'
35:16.594  render           | Saved: '/tmp/clearvla_eval_glass_23302.png'
35:17.925  render           | Saved: '/tmp/clearvla_eval_glass_23302.png'
35:18.462  render           | Saved: '/tmp/clearvla_eval_glass_23302.png'
35:18.979  render           | Saved: '/tmp/clearvla_eval_glass_23302.png'
35:19.867  render           | Saved: '/tmp/clearvla_eval_glass_23302.png'
35:22.260  render           | Saved: '/tmp/clearvla_eval_glass_23302.png'
35:22.892  render           | Saved: '/tmp/clearvla_eval_glass_23302.png'
35:23.668  render           | Saved: '/tmp/clearvla_eval_glass_23302.png'
35:24.145  render           | Saved: '/tmp/clearvla_eval_glass_23302.png'
35:24.689  render           | Saved: '/tmp/clearvla_eval_glass_23302.png'
35:25.198  render           | Saved: '/tmp/clearvla_eval_glass_23302.png'
35:25.741  render           | Saved: '/tmp/clearvla_eval_glass_23302.png'
35:26.188  render           | Saved: '/tmp/clearvla_eval_glass_23302.png'
35:26.835  render           | Saved: '/tmp/clearvla_eval_glass_23302.png'
35:27.339  render           | Saved: '/tmp/clearvla_eval_glass_23302.png'
35:28.601  render           | Saved: '/tmp/clearvla_eval_glass_23302.png'
35:29.315  render           | Saved: '/tmp/clearvla_eval_glass_23302.png'
35:29.973  render           | Saved: '/tmp/clearvla_eval_glass_23302.png'
35:30.444  render           | Saved: '/tmp/clearvla_eval_glass_23302.png'
35:30.955  render           | Saved: '/tmp/clearvla_eval_glass_23302.png'
35:32.253  render           | Saved: '/tmp/clearvla_eval_glass_23302.png'
35:36.234  render           | Saved: '/tmp/clearvla_eval_glass_23302.png'
35:37.110  render           | Saved: '/tmp/clearvla_eval_glass_23302.png'
35:40.502  render           | Saved: '/tmp/clearvla_eval_glass_23302.png'
35:41.665  render           | Saved: '/tmp/clearvla_eval_glass_23302.png'
35:44.232  render           | Saved: '/tmp/clearvla_eval_glass_23302.png'
35:44.813  render           | Saved: '/tmp/clearvla_eval_glass_23302.png'
35:46.187  render           | Saved: '/tmp/clearvla_eval_glass_23302.png'
35:46.747  render           | Saved: '/tmp/clearvla_eval_glass_23302.png'
35:47.299  render           | Saved: '/tmp/clearvla_eval_glass_23302.png'
35:48.315  render           | Saved: '/tmp/clearvla_eval_glass_23302.png'
35:49.968  render           | Saved: '/tmp/clearvla_eval_glass_23302.png'
35:50.924  render           | Saved: '/tmp/clearvla_eval_glass_23302.png'
35:53.350  render           | Saved: '/tmp/clearvla_eval_glass_23302.png'
35:53.985  render           | Saved: '/tmp/clearvla_eval_glass_23302.png'
35:55.118  render           | Saved: '/tmp/clearvla_eval_glass_23302.png'
35:56.533  render           | Saved: '/tmp/clearvla_eval_glass_23302.png'
36:01.095  render           | Saved: '/tmp/clearvla_eval_glass_23302.png'
36:01.908  render           | Saved: '/tmp/clearvla_eval_glass_23302.png'
36:03.924  render           | Saved: '/tmp/clearvla_eval_glass_23302.png'
36:04.886  render           | Saved: '/tmp/clearvla_eval_glass_23302.png'
36:07.144  render           | Saved: '/tmp/clearvla_eval_glass_23302.png'
36:07.831  render           | Saved: '/tmp/clearvla_eval_glass_23302.png'
36:09.956  render           | Saved: '/tmp/clearvla_eval_glass_23302.png'
36:10.665  render           | Saved: '/tmp/clearvla_eval_glass_23302.png'
36:14.052  render           | Saved: '/tmp/clearvla_eval_glass_23302.png'
36:14.917  render           | Saved: '/tmp/clearvla_eval_glass_23302.png'
36:18.462  render           | Saved: '/tmp/clearvla_eval_glass_23302.png'
36:19.212  render           | Saved: '/tmp/clearvla_eval_glass_23302.png'
36:20.189  render           | Saved: '/tmp/clearvla_eval_glass_23302.png'
36:20.557  render           | Saved: '/tmp/clearvla_eval_glass_23302.png'
36:21.296  render           | Saved: '/tmp/clearvla_eval_glass_23302.png'
36:22.011  render           | Saved: '/tmp/clearvla_eval_glass_23302.png'
36:22.556  render           | Saved: '/tmp/clearvla_eval_glass_23302.png'
36:23.408  render           | Saved: '/tmp/clearvla_eval_glass_23302.png'
36:27.007  render           | Saved: '/tmp/clearvla_eval_glass_23302.png'
36:27.823  render           | Saved: '/tmp/clearvla_eval_glass_23302.png'
36:32.328  render           | Saved: '/tmp/clearvla_eval_glass_23302.png'
36:33.316  render           | Saved: '/tmp/clearvla_eval_glass_23302.png'
36:36.299  render           | Saved: '/tmp/clearvla_eval_glass_23302.png'
36:36.847  render           | Saved: '/tmp/clearvla_eval_glass_23302.png'
36:37.545  render           | Saved: '/tmp/clearvla_eval_glass_23302.png'
36:38.050  render           | Saved: '/tmp/clearvla_eval_glass_23302.png'
36:38.566  render           | Saved: '/tmp/clearvla_eval_glass_23302.png'
36:39.135  render           | Saved: '/tmp/clearvla_eval_glass_23302.png'
36:40.355  render           | Saved: '/tmp/clearvla_eval_glass_23302.png'
36:41.074  render           | Saved: '/tmp/clearvla_eval_glass_23302.png'
36:42.493  render           | Saved: '/tmp/clearvla_eval_glass_23302.png'
36:42.941  render           | Saved: '/tmp/clearvla_eval_glass_23302.png'
36:43.435  render           | Saved: '/tmp/clearvla_eval_glass_23302.png'
36:43.849  render           | Saved: '/tmp/clearvla_eval_glass_23302.png'
36:44.433  render           | Saved: '/tmp/clearvla_eval_glass_23302.png'
36:45.561  render           | Saved: '/tmp/clearvla_eval_glass_23302.png'
36:47.909  render           | Saved: '/tmp/clearvla_eval_glass_23302.png'
36:48.773  render           | Saved: '/tmp/clearvla_eval_glass_23302.png'
36:49.963  render           | Saved: '/tmp/clearvla_eval_glass_23302.png'
36:50.518  render           | Saved: '/tmp/clearvla_eval_glass_23302.png'
36:51.239  render           | Saved: '/tmp/clearvla_eval_glass_23302.png'
36:51.658  render           | Saved: '/tmp/clearvla_eval_glass_23302.png'
36:52.217  render           | Saved: '/tmp/clearvla_eval_glass_23302.png'
36:52.659  render           | Saved: '/tmp/clearvla_eval_glass_23302.png'
36:53.784  render           | Saved: '/tmp/clearvla_eval_glass_23302.png'
36:54.523  render           | Saved: '/tmp/clearvla_eval_glass_23302.png'
36:58.086  render           | Saved: '/tmp/clearvla_eval_glass_23302.png'
36:58.766  render           | Saved: '/tmp/clearvla_eval_glass_23302.png'
37:00.197  render           | Saved: '/tmp/clearvla_eval_glass_23302.png'
37:01.240  render           | Saved: '/tmp/clearvla_eval_glass_23302.png'
37:01.861  render           | Saved: '/tmp/clearvla_eval_glass_23302.png'
37:03.116  render           | Saved: '/tmp/clearvla_eval_glass_23302.png'
37:05.652  render           | Saved: '/tmp/clearvla_eval_glass_23302.png'
37:06.681  render           | Saved: '/tmp/clearvla_eval_glass_23302.png'
37:08.203  render           | Saved: '/tmp/clearvla_eval_glass_23302.png'
37:08.908  render           | Saved: '/tmp/clearvla_eval_glass_23302.png'
37:11.263  render           | Saved: '/tmp/clearvla_eval_glass_23302.png'
37:12.243  render           | Saved: '/tmp/clearvla_eval_glass_23302.png'
37:14.734  render           | Saved: '/tmp/clearvla_eval_glass_23302.png'
37:15.644  render           | Saved: '/tmp/clearvla_eval_glass_23302.png'
37:17.460  render           | Saved: '/tmp/clearvla_eval_glass_23302.png'
37:18.342  render           | Saved: '/tmp/clearvla_eval_glass_23302.png'
37:19.606  render           | Saved: '/tmp/clearvla_eval_glass_23302.png'
37:20.211  render           | Saved: '/tmp/clearvla_eval_glass_23302.png'
37:21.153  render           | Saved: '/tmp/clearvla_eval_glass_23302.png'
37:21.621  render           | Saved: '/tmp/clearvla_eval_glass_23302.png'
37:22.137  render           | Saved: '/tmp/clearvla_eval_glass_23302.png'
37:22.685  render           | Saved: '/tmp/clearvla_eval_glass_23302.png'
37:23.764  render           | Saved: '/tmp/clearvla_eval_glass_23302.png'
37:24.323  render           | Saved: '/tmp/clearvla_eval_glass_23302.png'
37:25.753  render           | Saved: '/tmp/clearvla_eval_glass_23302.png'
37:26.599  render           | Saved: '/tmp/clearvla_eval_glass_23302.png'
37:27.927  render           | Saved: '/tmp/clearvla_eval_glass_23302.png'
37:28.907  render           | Saved: '/tmp/clearvla_eval_glass_23302.png'
37:29.431  render           | Saved: '/tmp/clearvla_eval_glass_23302.png'
37:29.874  render           | Saved: '/tmp/clearvla_eval_glass_23302.png'
37:31.170  render           | Saved: '/tmp/clearvla_eval_glass_23302.png'
37:31.723  render           | Saved: '/tmp/clearvla_eval_glass_23302.png'
37:32.369  render           | Saved: '/tmp/clearvla_eval_glass_23302.png'
37:32.870  render           | Saved: '/tmp/clearvla_eval_glass_23302.png'
37:34.131  render           | Saved: '/tmp/clearvla_eval_glass_23302.png'
37:34.764  render           | Saved: '/tmp/clearvla_eval_glass_23302.png'
37:35.421  render           | Saved: '/tmp/clearvla_eval_glass_23302.png'
37:35.889  render           | Saved: '/tmp/clearvla_eval_glass_23302.png'
37:36.351  render           | Saved: '/tmp/clearvla_eval_glass_23302.png'
37:36.847  render           | Saved: '/tmp/clearvla_eval_glass_23302.png'
37:37.662  render           | Saved: '/tmp/clearvla_eval_glass_23302.png'
37:38.425  render           | Saved: '/tmp/clearvla_eval_glass_23302.png'
37:39.242  render           | Saved: '/tmp/clearvla_eval_glass_23302.png'
37:39.669  render           | Saved: '/tmp/clearvla_eval_glass_23302.png'
37:40.864  render           | Saved: '/tmp/clearvla_eval_glass_23302.png'
37:41.592  render           | Saved: '/tmp/clearvla_eval_glass_23302.png'
37:42.628  render           | Saved: '/tmp/clearvla_eval_glass_23302.png'
37:43.066  render           | Saved: '/tmp/clearvla_eval_glass_23302.png'
37:46.793  render           | Saved: '/tmp/clearvla_eval_glass_23302.png'
37:47.642  render           | Saved: '/tmp/clearvla_eval_glass_23302.png'
37:52.157  render           | Saved: '/tmp/clearvla_eval_glass_23302.png'
37:52.906  render           | Saved: '/tmp/clearvla_eval_glass_23302.png'
37:53.847  render           | Saved: '/tmp/clearvla_eval_glass_23302.png'
37:54.392  render           | Saved: '/tmp/clearvla_eval_glass_23302.png'
37:55.155  render           | Saved: '/tmp/clearvla_eval_glass_23302.png'
37:55.818  render           | Saved: '/tmp/clearvla_eval_glass_23302.png'
37:57.072  render           | Saved: '/tmp/clearvla_eval_glass_23302.png'
37:57.925  render           | Saved: '/tmp/clearvla_eval_glass_23302.png'
37:58.595  render           | Saved: '/tmp/clearvla_eval_glass_23302.png'
37:59.090  render           | Saved: '/tmp/clearvla_eval_glass_23302.png'
37:59.593  render           | Saved: '/tmp/clearvla_eval_glass_23302.png'
38:00.105  render           | Saved: '/tmp/clearvla_eval_glass_23302.png'
38:01.979  render           | Saved: '/tmp/clearvla_eval_glass_23302.png'
38:02.673  render           | Saved: '/tmp/clearvla_eval_glass_23302.png'
38:03.377  render           | Saved: '/tmp/clearvla_eval_glass_23302.png'
38:03.852  render           | Saved: '/tmp/clearvla_eval_glass_23302.png'
38:04.349  render           | Saved: '/tmp/clearvla_eval_glass_23302.png'
38:05.692  render           | Saved: '/tmp/clearvla_eval_glass_23302.png'
38:09.476  render           | Saved: '/tmp/clearvla_eval_glass_23302.png'
38:10.200  render           | Saved: '/tmp/clearvla_eval_glass_23302.png'
38:14.453  render           | Saved: '/tmp/clearvla_eval_glass_23302.png'
38:15.107  render           | Saved: '/tmp/clearvla_eval_glass_23302.png'
38:15.858  render           | Saved: '/tmp/clearvla_eval_glass_23302.png'
38:16.847  render           | Saved: '/tmp/clearvla_eval_glass_23302.png'
38:19.095  render           | Saved: '/tmp/clearvla_eval_glass_23302.png'
38:19.767  render           | Saved: '/tmp/clearvla_eval_glass_23302.png'
38:20.478  render           | Saved: '/tmp/clearvla_eval_glass_23302.png'
38:20.947  render           | Saved: '/tmp/clearvla_eval_glass_23302.png'
38:21.515  render           | Saved: '/tmp/clearvla_eval_glass_23302.png'
38:22.014  render           | Saved: '/tmp/clearvla_eval_glass_23302.png'
38:22.553  render           | Saved: '/tmp/clearvla_eval_glass_23302.png'
38:23.617  render           | Saved: '/tmp/clearvla_eval_glass_23302.png'
38:25.622  render           | Saved: '/tmp/clearvla_eval_glass_23302.png'
38:26.467  render           | Saved: '/tmp/clearvla_eval_glass_23302.png'
38:27.760  render           | Saved: '/tmp/clearvla_eval_glass_23302.png'
38:28.366  render           | Saved: '/tmp/clearvla_eval_glass_23302.png'
38:29.552  render           | Saved: '/tmp/clearvla_eval_glass_23302.png'
38:30.010  render           | Saved: '/tmp/clearvla_eval_glass_23302.png'
38:30.574  render           | Saved: '/tmp/clearvla_eval_glass_23302.png'
38:31.748  render           | Saved: '/tmp/clearvla_eval_glass_23302.png'
38:33.903  render           | Saved: '/tmp/clearvla_eval_glass_23302.png'
38:34.582  render           | Saved: '/tmp/clearvla_eval_glass_23302.png'
38:36.802  render           | Saved: '/tmp/clearvla_eval_glass_23302.png'
38:37.302  render           | Saved: '/tmp/clearvla_eval_glass_23302.png'
38:37.943  render           | Saved: '/tmp/clearvla_eval_glass_23302.png'
38:38.507  render           | Saved: '/tmp/clearvla_eval_glass_23302.png'
38:39.234  render           | Saved: '/tmp/clearvla_eval_glass_23302.png'
38:39.872  render           | Saved: '/tmp/clearvla_eval_glass_23302.png'
38:41.282  render           | Saved: '/tmp/clearvla_eval_glass_23302.png'
38:41.971  render           | Saved: '/tmp/clearvla_eval_glass_23302.png'
38:42.672  render           | Saved: '/tmp/clearvla_eval_glass_23302.png'
38:43.116  render           | Saved: '/tmp/clearvla_eval_glass_23302.png'
38:43.629  render           | Saved: '/tmp/clearvla_eval_glass_23302.png'
38:44.080  render           | Saved: '/tmp/clearvla_eval_glass_23302.png'
38:45.386  render           | Saved: '/tmp/clearvla_eval_glass_23302.png'
38:46.222  render           | Saved: '/tmp/clearvla_eval_glass_23302.png'
38:47.404  render           | Saved: '/tmp/clearvla_eval_glass_23302.png'
38:47.858  render           | Saved: '/tmp/clearvla_eval_glass_23302.png'
38:48.413  render           | Saved: '/tmp/clearvla_eval_glass_23302.png'
38:48.880  render           | Saved: '/tmp/clearvla_eval_glass_23302.png'
38:49.597  render           | Saved: '/tmp/clearvla_eval_glass_23302.png'
38:50.312  render           | Saved: '/tmp/clearvla_eval_glass_23302.png'
38:51.685  render           | Saved: '/tmp/clearvla_eval_glass_23302.png'
38:52.349  render           | Saved: '/tmp/clearvla_eval_glass_23302.png'
38:53.033  render           | Saved: '/tmp/clearvla_eval_glass_23302.png'
38:53.675  render           | Saved: '/tmp/clearvla_eval_glass_23302.png'
38:54.199  render           | Saved: '/tmp/clearvla_eval_glass_23302.png'
38:55.199  render           | Saved: '/tmp/clearvla_eval_glass_23302.png'
38:58.353  render           | Saved: '/tmp/clearvla_eval_glass_23302.png'
38:58.926  render           | Saved: '/tmp/clearvla_eval_glass_23302.png'
38:59.972  render           | Saved: '/tmp/clearvla_eval_glass_23302.png'
39:00.543  render           | Saved: '/tmp/clearvla_eval_glass_23302.png'
39:02.547  render           | Saved: '/tmp/clearvla_eval_glass_23302.png'
39:03.242  render           | Saved: '/tmp/clearvla_eval_glass_23302.png'
39:08.487  render           | Saved: '/tmp/clearvla_eval_glass_23302.png'
39:09.257  render           | Saved: '/tmp/clearvla_eval_glass_23302.png'
39:12.446  render           | Saved: '/tmp/clearvla_eval_glass_23302.png'
39:13.249  render           | Saved: '/tmp/clearvla_eval_glass_23302.png'
39:13.908  render           | Saved: '/tmp/clearvla_eval_glass_23302.png'
39:14.371  render           | Saved: '/tmp/clearvla_eval_glass_23302.png'
39:14.897  render           | Saved: '/tmp/clearvla_eval_glass_23302.png'
39:15.360  render           | Saved: '/tmp/clearvla_eval_glass_23302.png'
39:16.540  render           | Saved: '/tmp/clearvla_eval_glass_23302.png'
39:17.177  render           | Saved: '/tmp/clearvla_eval_glass_23302.png'
39:18.402  render           | Saved: '/tmp/clearvla_eval_glass_23302.png'
39:18.992  render           | Saved: '/tmp/clearvla_eval_glass_23302.png'
39:22.177  render           | Saved: '/tmp/clearvla_eval_glass_23302.png'
39:22.994  render           | Saved: '/tmp/clearvla_eval_glass_23302.png'
39:25.933  render           | Saved: '/tmp/clearvla_eval_glass_23302.png'
39:26.503  render           | Saved: '/tmp/clearvla_eval_glass_23302.png'
39:27.651  render           | Saved: '/tmp/clearvla_eval_glass_23302.png'
39:28.180  render           | Saved: '/tmp/clearvla_eval_glass_23302.png'
39:30.442  render           | Saved: '/tmp/clearvla_eval_glass_23302.png'
39:31.098  render           | Saved: '/tmp/clearvla_eval_glass_23302.png'
39:32.145  render           | Saved: '/tmp/clearvla_eval_glass_23302.png'
39:32.583  render           | Saved: '/tmp/clearvla_eval_glass_23302.png'
39:33.051  render           | Saved: '/tmp/clearvla_eval_glass_23302.png'
39:33.491  render           | Saved: '/tmp/clearvla_eval_glass_23302.png'
39:33.957  render           | Saved: '/tmp/clearvla_eval_glass_23302.png'
39:35.175  render           | Saved: '/tmp/clearvla_eval_glass_23302.png'
39:37.407  render           | Saved: '/tmp/clearvla_eval_glass_23302.png'
39:37.821  render           | Saved: '/tmp/clearvla_eval_glass_23302.png'
39:38.345  render           | Saved: '/tmp/clearvla_eval_glass_23302.png'
39:39.675  render           | Saved: '/tmp/clearvla_eval_glass_23302.png'
39:40.522  render           | Saved: '/tmp/clearvla_eval_glass_23302.png'
39:40.998  render           | Saved: '/tmp/clearvla_eval_glass_23302.png'
39:41.539  render           | Saved: '/tmp/clearvla_eval_glass_23302.png'
39:42.038  render           | Saved: '/tmp/clearvla_eval_glass_23302.png'
39:42.578  render           | Saved: '/tmp/clearvla_eval_glass_23302.png'
39:43.041  render           | Saved: '/tmp/clearvla_eval_glass_23302.png'
39:44.293  render           | Saved: '/tmp/clearvla_eval_glass_23302.png'
39:44.969  render           | Saved: '/tmp/clearvla_eval_glass_23302.png'
39:45.671  render           | Saved: '/tmp/clearvla_eval_glass_23302.png'
39:46.823  render           | Saved: '/tmp/clearvla_eval_glass_23302.png'
39:48.064  render           | Saved: '/tmp/clearvla_eval_glass_23302.png'
39:48.534  render           | Saved: '/tmp/clearvla_eval_glass_23302.png'
39:49.613  render           | Saved: '/tmp/clearvla_eval_glass_23302.png'
39:50.143  render           | Saved: '/tmp/clearvla_eval_glass_23302.png'
39:51.533  render           | Saved: '/tmp/clearvla_eval_glass_23302.png'
39:52.763  render           | Saved: '/tmp/clearvla_eval_glass_23302.png'
39:53.413  render           | Saved: '/tmp/clearvla_eval_glass_23302.png'
39:53.932  render           | Saved: '/tmp/clearvla_eval_glass_23302.png'
39:54.995  render           | Saved: '/tmp/clearvla_eval_glass_23302.png'
39:55.632  render           | Saved: '/tmp/clearvla_eval_glass_23302.png'
39:56.332  render           | Saved: '/tmp/clearvla_eval_glass_23302.png'
39:56.777  render           | Saved: '/tmp/clearvla_eval_glass_23302.png'
39:57.297  render           | Saved: '/tmp/clearvla_eval_glass_23302.png'
39:57.751  render           | Saved: '/tmp/clearvla_eval_glass_23302.png'
39:58.572  render           | Saved: '/tmp/clearvla_eval_glass_23302.png'
39:59.261  render           | Saved: '/tmp/clearvla_eval_glass_23302.png'
40:00.629  render           | Saved: '/tmp/clearvla_eval_glass_23302.png'
40:01.335  render           | Saved: '/tmp/clearvla_eval_glass_23302.png'
40:02.033  render           | Saved: '/tmp/clearvla_eval_glass_23302.png'
40:02.779  render           | Saved: '/tmp/clearvla_eval_glass_23302.png'
40:03.649  render           | Saved: '/tmp/clearvla_eval_glass_23302.png'
40:04.634  render           | Saved: '/tmp/clearvla_eval_glass_23302.png'
40:06.425  render           | Saved: '/tmp/clearvla_eval_glass_23302.png'
40:07.600  render           | Saved: '/tmp/clearvla_eval_glass_23302.png'
40:14.165  render           | Saved: '/tmp/clearvla_eval_glass_23302.png'
40:14.723  render           | Saved: '/tmp/clearvla_eval_glass_23302.png'
40:16.679  render           | Saved: '/tmp/clearvla_eval_glass_23302.png'
40:17.204  render           | Saved: '/tmp/clearvla_eval_glass_23302.png'
40:18.585  render           | Saved: '/tmp/clearvla_eval_glass_23302.png'
40:19.341  render           | Saved: '/tmp/clearvla_eval_glass_23302.png'
40:20.349  render           | Saved: '/tmp/clearvla_eval_glass_23302.png'
40:20.757  render           | Saved: '/tmp/clearvla_eval_glass_23302.png'
40:21.284  render           | Saved: '/tmp/clearvla_eval_glass_23302.png'
40:21.700  render           | Saved: '/tmp/clearvla_eval_glass_23302.png'
40:22.925  render           | Saved: '/tmp/clearvla_eval_glass_23302.png'
40:23.718  render           | Saved: '/tmp/clearvla_eval_glass_23302.png'
40:27.934  render           | Saved: '/tmp/clearvla_eval_glass_23302.png'
40:28.532  render           | Saved: '/tmp/clearvla_eval_glass_23302.png'
40:29.203  render           | Saved: '/tmp/clearvla_eval_glass_23302.png'
40:30.294  render           | Saved: '/tmp/clearvla_eval_glass_23302.png'
40:33.951  render           | Saved: '/tmp/clearvla_eval_glass_23302.png'
40:34.535  render           | Saved: '/tmp/clearvla_eval_glass_23302.png'
40:35.906  render           | Saved: '/tmp/clearvla_eval_glass_23302.png'
40:36.597  render           | Saved: '/tmp/clearvla_eval_glass_23302.png'
40:37.265  render           | Saved: '/tmp/clearvla_eval_glass_23302.png'
40:37.796  render           | Saved: '/tmp/clearvla_eval_glass_23302.png'
40:38.390  render           | Saved: '/tmp/clearvla_eval_glass_23302.png'
40:39.561  render           | Saved: '/tmp/clearvla_eval_glass_23302.png'
40:42.732  render           | Saved: '/tmp/clearvla_eval_glass_23302.png'
40:43.418  render           | Saved: '/tmp/clearvla_eval_glass_23302.png'
40:44.312  render           | Saved: '/tmp/clearvla_eval_glass_23302.png'
40:44.762  render           | Saved: '/tmp/clearvla_eval_glass_23302.png'
40:45.332  render           | Saved: '/tmp/clearvla_eval_glass_23302.png'
40:45.916  render           | Saved: '/tmp/clearvla_eval_glass_23302.png'
40:46.738  render           | Saved: '/tmp/clearvla_eval_glass_23302.png'
40:48.117  render           | Saved: '/tmp/clearvla_eval_glass_23302.png'
40:49.489  render           | Saved: '/tmp/clearvla_eval_glass_23302.png'
40:50.419  render           | Saved: '/tmp/clearvla_eval_glass_23302.png'
40:51.351  render           | Saved: '/tmp/clearvla_eval_glass_23302.png'
40:52.169  render           | Saved: '/tmp/clearvla_eval_glass_23302.png'
40:53.371  render           | Saved: '/tmp/clearvla_eval_glass_23302.png'
40:53.973  render           | Saved: '/tmp/clearvla_eval_glass_23302.png'
40:54.992  render           | Saved: '/tmp/clearvla_eval_glass_23302.png'
40:55.595  render           | Saved: '/tmp/clearvla_eval_glass_23302.png'
40:56.521  render           | Saved: '/tmp/clearvla_eval_glass_23302.png'
40:57.225  render           | Saved: '/tmp/clearvla_eval_glass_23302.png'
40:58.658  render           | Saved: '/tmp/clearvla_eval_glass_23302.png'
40:59.365  render           | Saved: '/tmp/clearvla_eval_glass_23302.png'
41:02.516  render           | Saved: '/tmp/clearvla_eval_glass_23302.png'
41:03.164  render           | Saved: '/tmp/clearvla_eval_glass_23302.png'
41:04.548  render           | Saved: '/tmp/clearvla_eval_glass_23302.png'
41:05.422  render           | Saved: '/tmp/clearvla_eval_glass_23302.png'
41:07.284  render           | Saved: '/tmp/clearvla_eval_glass_23302.png'
41:07.684  render           | Saved: '/tmp/clearvla_eval_glass_23302.png'
41:08.903  render           | Saved: '/tmp/clearvla_eval_glass_23302.png'
41:09.451  render           | Saved: '/tmp/clearvla_eval_glass_23302.png'
41:10.020  render           | Saved: '/tmp/clearvla_eval_glass_23302.png'
41:10.540  render           | Saved: '/tmp/clearvla_eval_glass_23302.png'
41:11.120  render           | Saved: '/tmp/clearvla_eval_glass_23302.png'
41:12.337  render           | Saved: '/tmp/clearvla_eval_glass_23302.png'
41:13.200  render           | Saved: '/tmp/clearvla_eval_glass_23302.png'
41:13.660  render           | Saved: '/tmp/clearvla_eval_glass_23302.png'
41:14.182  render           | Saved: '/tmp/clearvla_eval_glass_23302.png'
41:14.650  render           | Saved: '/tmp/clearvla_eval_glass_23302.png'
41:15.160  render           | Saved: '/tmp/clearvla_eval_glass_23302.png'
41:15.660  render           | Saved: '/tmp/clearvla_eval_glass_23302.png'
41:16.515  render           | Saved: '/tmp/clearvla_eval_glass_23302.png'
41:17.506  render           | Saved: '/tmp/clearvla_eval_glass_23302.png'
41:18.311  render           | Saved: '/tmp/clearvla_eval_glass_23302.png'
41:18.742  render           | Saved: '/tmp/clearvla_eval_glass_23302.png'
41:19.267  render           | Saved: '/tmp/clearvla_eval_glass_23302.png'
41:19.682  render           | Saved: '/tmp/clearvla_eval_glass_23302.png'
41:20.235  render           | Saved: '/tmp/clearvla_eval_glass_23302.png'
41:21.445  render           | Saved: '/tmp/clearvla_eval_glass_23302.png'
41:26.121  render           | Saved: '/tmp/clearvla_eval_glass_23302.png'
41:26.828  render           | Saved: '/tmp/clearvla_eval_glass_23302.png'
41:27.748  render           | Saved: '/tmp/clearvla_eval_glass_23302.png'
41:28.206  render           | Saved: '/tmp/clearvla_eval_glass_23302.png'
41:28.767  render           | Saved: '/tmp/clearvla_eval_glass_23302.png'
41:30.128  render           | Saved: '/tmp/clearvla_eval_glass_23302.png'
[full/glass] pour: 1/20  (41.4 min, 79.5 s/ep)
done 40 new episodes in 41.4 min -> /Users/yogyamehrotra/Desktop/ClearVLA/results/week3/interim_v3/full_glass.jsonl
