[transformers] Model config: bos_token_id must be `None` or an integer within the vocabulary (between 0 and 31999), got 49406. This may result in unexpected behavior.
[transformers] Model config: eos_token_id must be `None` or an integer within the vocabulary (between 0 and 31999), got 49407. This may result in unexpected behavior.
Loading weights:   0%|          | 0/408 [00:00<?, ?it/s]Loading weights: 100%|██████████| 408/408 [00:00<00:00, 9526.88it/s]
00:11.995  render           | Saved: '/tmp/clearvla_eval_glass_12402.png'
00:12.740  render           | Saved: '/tmp/clearvla_eval_glass_12402.png'
/Users/yogyamehrotra/miniconda3/envs/clearvla/lib/python3.11/site-packages/transformers/image_processing_backends.py:135: UserWarning: The given NumPy array is not writable, and PyTorch does not support non-writable tensors. This means writing to this tensor will result in undefined behavior. You may want to copy the array to protect its data or make it writable before converting it to a tensor. This type of warning will be suppressed for the rest of this program. (Triggered internally at /Users/runner/work/pytorch/pytorch/torch/csrc/utils/tensor_numpy.cpp:219.)
  image = torch.from_numpy(image).contiguous()
00:14.206  render           | Saved: '/tmp/clearvla_eval_glass_12402.png'
00:14.582  render           | Saved: '/tmp/clearvla_eval_glass_12402.png'
00:15.092  render           | Saved: '/tmp/clearvla_eval_glass_12402.png'
00:15.502  render           | Saved: '/tmp/clearvla_eval_glass_12402.png'
00:15.998  render           | Saved: '/tmp/clearvla_eval_glass_12402.png'
00:16.415  render           | Saved: '/tmp/clearvla_eval_glass_12402.png'
00:17.479  render           | Saved: '/tmp/clearvla_eval_glass_12402.png'
00:18.176  render           | Saved: '/tmp/clearvla_eval_glass_12402.png'
00:21.591  render           | Saved: '/tmp/clearvla_eval_glass_12402.png'
00:22.314  render           | Saved: '/tmp/clearvla_eval_glass_12402.png'
00:25.368  render           | Saved: '/tmp/clearvla_eval_glass_12402.png'
00:26.024  render           | Saved: '/tmp/clearvla_eval_glass_12402.png'
00:26.665  render           | Saved: '/tmp/clearvla_eval_glass_12402.png'
00:27.748  render           | Saved: '/tmp/clearvla_eval_glass_12402.png'
00:28.925  render           | Saved: '/tmp/clearvla_eval_glass_12402.png'
00:29.378  render           | Saved: '/tmp/clearvla_eval_glass_12402.png'
00:30.558  render           | Saved: '/tmp/clearvla_eval_glass_12402.png'
00:31.238  render           | Saved: '/tmp/clearvla_eval_glass_12402.png'
00:31.907  render           | Saved: '/tmp/clearvla_eval_glass_12402.png'
00:32.365  render           | Saved: '/tmp/clearvla_eval_glass_12402.png'
00:32.881  render           | Saved: '/tmp/clearvla_eval_glass_12402.png'
00:33.320  render           | Saved: '/tmp/clearvla_eval_glass_12402.png'
00:33.836  render           | Saved: '/tmp/clearvla_eval_glass_12402.png'
00:34.236  render           | Saved: '/tmp/clearvla_eval_glass_12402.png'
00:35.260  render           | Saved: '/tmp/clearvla_eval_glass_12402.png'
00:35.975  render           | Saved: '/tmp/clearvla_eval_glass_12402.png'
00:41.147  render           | Saved: '/tmp/clearvla_eval_glass_12402.png'
00:41.650  render           | Saved: '/tmp/clearvla_eval_glass_12402.png'
00:42.534  render           | Saved: '/tmp/clearvla_eval_glass_12402.png'
00:43.797  render           | Saved: '/tmp/clearvla_eval_glass_12402.png'
00:46.349  render           | Saved: '/tmp/clearvla_eval_glass_12402.png'
00:47.121  render           | Saved: '/tmp/clearvla_eval_glass_12402.png'
00:48.358  render           | Saved: '/tmp/clearvla_eval_glass_12402.png'
00:48.980  render           | Saved: '/tmp/clearvla_eval_glass_12402.png'
00:49.811  render           | Saved: '/tmp/clearvla_eval_glass_12402.png'
00:50.371  render           | Saved: '/tmp/clearvla_eval_glass_12402.png'
00:51.105  render           | Saved: '/tmp/clearvla_eval_glass_12402.png'
00:51.695  render           | Saved: '/tmp/clearvla_eval_glass_12402.png'
00:52.490  render           | Saved: '/tmp/clearvla_eval_glass_12402.png'
00:53.147  render           | Saved: '/tmp/clearvla_eval_glass_12402.png'
00:53.980  render           | Saved: '/tmp/clearvla_eval_glass_12402.png'
00:54.511  render           | Saved: '/tmp/clearvla_eval_glass_12402.png'
00:55.316  render           | Saved: '/tmp/clearvla_eval_glass_12402.png'
00:56.054  render           | Saved: '/tmp/clearvla_eval_glass_12402.png'
00:56.925  render           | Saved: '/tmp/clearvla_eval_glass_12402.png'
00:57.356  render           | Saved: '/tmp/clearvla_eval_glass_12402.png'
00:58.114  render           | Saved: '/tmp/clearvla_eval_glass_12402.png'
00:58.572  render           | Saved: '/tmp/clearvla_eval_glass_12402.png'
00:59.064  render           | Saved: '/tmp/clearvla_eval_glass_12402.png'
00:59.534  render           | Saved: '/tmp/clearvla_eval_glass_12402.png'
01:00.397  render           | Saved: '/tmp/clearvla_eval_glass_12402.png'
01:00.986  render           | Saved: '/tmp/clearvla_eval_glass_12402.png'
01:02.052  render           | Saved: '/tmp/clearvla_eval_glass_12402.png'
01:02.643  render           | Saved: '/tmp/clearvla_eval_glass_12402.png'
01:03.408  render           | Saved: '/tmp/clearvla_eval_glass_12402.png'
01:03.987  render           | Saved: '/tmp/clearvla_eval_glass_12402.png'
01:05.216  render           | Saved: '/tmp/clearvla_eval_glass_12402.png'
01:05.712  render           | Saved: '/tmp/clearvla_eval_glass_12402.png'
01:06.407  render           | Saved: '/tmp/clearvla_eval_glass_12402.png'
01:06.817  render           | Saved: '/tmp/clearvla_eval_glass_12402.png'
01:07.417  render           | Saved: '/tmp/clearvla_eval_glass_12402.png'
01:08.243  render           | Saved: '/tmp/clearvla_eval_glass_12402.png'
01:09.093  render           | Saved: '/tmp/clearvla_eval_glass_12402.png'
01:09.688  render           | Saved: '/tmp/clearvla_eval_glass_12402.png'
01:10.527  render           | Saved: '/tmp/clearvla_eval_glass_12402.png'
01:11.108  render           | Saved: '/tmp/clearvla_eval_glass_12402.png'
01:12.176  render           | Saved: '/tmp/clearvla_eval_glass_12402.png'
01:12.891  render           | Saved: '/tmp/clearvla_eval_glass_12402.png'
01:17.441  render           | Saved: '/tmp/clearvla_eval_glass_12402.png'
01:18.037  render           | Saved: '/tmp/clearvla_eval_glass_12402.png'
01:18.824  render           | Saved: '/tmp/clearvla_eval_glass_12402.png'
01:19.704  render           | Saved: '/tmp/clearvla_eval_glass_12402.png'
01:20.646  render           | Saved: '/tmp/clearvla_eval_glass_12402.png'
01:21.074  render           | Saved: '/tmp/clearvla_eval_glass_12402.png'
01:24.021  render           | Saved: '/tmp/clearvla_eval_glass_12402.png'
01:24.614  render           | Saved: '/tmp/clearvla_eval_glass_12402.png'
01:26.676  render           | Saved: '/tmp/clearvla_eval_glass_12402.png'
01:27.106  render           | Saved: '/tmp/clearvla_eval_glass_12402.png'
01:27.601  render           | Saved: '/tmp/clearvla_eval_glass_12402.png'
01:28.019  render           | Saved: '/tmp/clearvla_eval_glass_12402.png'
01:29.287  render           | Saved: '/tmp/clearvla_eval_glass_12402.png'
01:30.055  render           | Saved: '/tmp/clearvla_eval_glass_12402.png'
01:30.697  render           | Saved: '/tmp/clearvla_eval_glass_12402.png'
01:31.125  render           | Saved: '/tmp/clearvla_eval_glass_12402.png'
01:31.665  render           | Saved: '/tmp/clearvla_eval_glass_12402.png'
01:32.065  render           | Saved: '/tmp/clearvla_eval_glass_12402.png'
01:32.908  render           | Saved: '/tmp/clearvla_eval_glass_12402.png'
01:33.428  render           | Saved: '/tmp/clearvla_eval_glass_12402.png'
01:34.164  render           | Saved: '/tmp/clearvla_eval_glass_12402.png'
01:34.841  render           | Saved: '/tmp/clearvla_eval_glass_12402.png'
01:36.079  render           | Saved: '/tmp/clearvla_eval_glass_12402.png'
01:36.652  render           | Saved: '/tmp/clearvla_eval_glass_12402.png'
01:37.313  render           | Saved: '/tmp/clearvla_eval_glass_12402.png'
01:38.256  render           | Saved: '/tmp/clearvla_eval_glass_12402.png'
01:39.202  render           | Saved: '/tmp/clearvla_eval_glass_12402.png'
01:39.667  render           | Saved: '/tmp/clearvla_eval_glass_12402.png'
01:40.201  render           | Saved: '/tmp/clearvla_eval_glass_12402.png'
01:40.736  render           | Saved: '/tmp/clearvla_eval_glass_12402.png'
01:41.225  render           | Saved: '/tmp/clearvla_eval_glass_12402.png'
01:42.141  render           | Saved: '/tmp/clearvla_eval_glass_12402.png'
01:45.211  render           | Saved: '/tmp/clearvla_eval_glass_12402.png'
01:46.272  render           | Saved: '/tmp/clearvla_eval_glass_12402.png'
01:48.503  render           | Saved: '/tmp/clearvla_eval_glass_12402.png'
01:49.137  render           | Saved: '/tmp/clearvla_eval_glass_12402.png'
01:50.424  render           | Saved: '/tmp/clearvla_eval_glass_12402.png'
01:51.024  render           | Saved: '/tmp/clearvla_eval_glass_12402.png'
01:51.655  render           | Saved: '/tmp/clearvla_eval_glass_12402.png'
01:52.125  render           | Saved: '/tmp/clearvla_eval_glass_12402.png'
01:52.635  render           | Saved: '/tmp/clearvla_eval_glass_12402.png'
01:53.132  render           | Saved: '/tmp/clearvla_eval_glass_12402.png'
01:53.889  render           | Saved: '/tmp/clearvla_eval_glass_12402.png'
01:54.441  render           | Saved: '/tmp/clearvla_eval_glass_12402.png'
01:55.817  render           | Saved: '/tmp/clearvla_eval_glass_12402.png'
01:56.497  render           | Saved: '/tmp/clearvla_eval_glass_12402.png'
01:57.150  render           | Saved: '/tmp/clearvla_eval_glass_12402.png'
01:57.595  render           | Saved: '/tmp/clearvla_eval_glass_12402.png'
01:58.121  render           | Saved: '/tmp/clearvla_eval_glass_12402.png'
01:58.532  render           | Saved: '/tmp/clearvla_eval_glass_12402.png'
01:59.066  render           | Saved: '/tmp/clearvla_eval_glass_12402.png'
01:59.464  render           | Saved: '/tmp/clearvla_eval_glass_12402.png'
01:59.941  render           | Saved: '/tmp/clearvla_eval_glass_12402.png'
02:00.721  render           | Saved: '/tmp/clearvla_eval_glass_12402.png'
02:01.827  render           | Saved: '/tmp/clearvla_eval_glass_12402.png'
02:02.346  render           | Saved: '/tmp/clearvla_eval_glass_12402.png'
02:03.015  render           | Saved: '/tmp/clearvla_eval_glass_12402.png'
02:03.991  render           | Saved: '/tmp/clearvla_eval_glass_12402.png'
02:06.223  render           | Saved: '/tmp/clearvla_eval_glass_12402.png'
02:07.010  render           | Saved: '/tmp/clearvla_eval_glass_12402.png'
02:07.986  render           | Saved: '/tmp/clearvla_eval_glass_12402.png'
02:08.831  render           | Saved: '/tmp/clearvla_eval_glass_12402.png'
02:12.405  render           | Saved: '/tmp/clearvla_eval_glass_12402.png'
02:13.005  render           | Saved: '/tmp/clearvla_eval_glass_12402.png'
02:13.706  render           | Saved: '/tmp/clearvla_eval_glass_12402.png'
02:14.187  render           | Saved: '/tmp/clearvla_eval_glass_12402.png'
02:14.705  render           | Saved: '/tmp/clearvla_eval_glass_12402.png'
02:15.124  render           | Saved: '/tmp/clearvla_eval_glass_12402.png'
02:15.640  render           | Saved: '/tmp/clearvla_eval_glass_12402.png'
02:16.631  render           | Saved: '/tmp/clearvla_eval_glass_12402.png'
02:18.448  render           | Saved: '/tmp/clearvla_eval_glass_12402.png'
02:19.417  render           | Saved: '/tmp/clearvla_eval_glass_12402.png'
02:21.316  render           | Saved: '/tmp/clearvla_eval_glass_12402.png'
02:22.189  render           | Saved: '/tmp/clearvla_eval_glass_12402.png'
02:25.773  render           | Saved: '/tmp/clearvla_eval_glass_12402.png'
02:26.511  render           | Saved: '/tmp/clearvla_eval_glass_12402.png'
02:27.296  render           | Saved: '/tmp/clearvla_eval_glass_12402.png'
02:27.749  render           | Saved: '/tmp/clearvla_eval_glass_12402.png'
02:28.302  render           | Saved: '/tmp/clearvla_eval_glass_12402.png'
02:28.756  render           | Saved: '/tmp/clearvla_eval_glass_12402.png'
02:29.666  render           | Saved: '/tmp/clearvla_eval_glass_12402.png'
02:30.297  render           | Saved: '/tmp/clearvla_eval_glass_12402.png'
02:35.166  render           | Saved: '/tmp/clearvla_eval_glass_12402.png'
02:35.797  render           | Saved: '/tmp/clearvla_eval_glass_12402.png'
02:37.199  render           | Saved: '/tmp/clearvla_eval_glass_12402.png'
02:37.928  render           | Saved: '/tmp/clearvla_eval_glass_12402.png'
02:40.234  render           | Saved: '/tmp/clearvla_eval_glass_12402.png'
02:40.819  render           | Saved: '/tmp/clearvla_eval_glass_12402.png'
02:41.377  render           | Saved: '/tmp/clearvla_eval_glass_12402.png'
02:41.842  render           | Saved: '/tmp/clearvla_eval_glass_12402.png'
02:42.625  render           | Saved: '/tmp/clearvla_eval_glass_12402.png'
02:43.458  render           | Saved: '/tmp/clearvla_eval_glass_12402.png'
02:44.293  render           | Saved: '/tmp/clearvla_eval_glass_12402.png'
02:44.719  render           | Saved: '/tmp/clearvla_eval_glass_12402.png'
02:45.705  render           | Saved: '/tmp/clearvla_eval_glass_12402.png'
02:46.363  render           | Saved: '/tmp/clearvla_eval_glass_12402.png'
02:50.857  render           | Saved: '/tmp/clearvla_eval_glass_12402.png'
02:51.716  render           | Saved: '/tmp/clearvla_eval_glass_12402.png'
02:52.622  render           | Saved: '/tmp/clearvla_eval_glass_12402.png'
02:53.251  render           | Saved: '/tmp/clearvla_eval_glass_12402.png'
02:54.087  render           | Saved: '/tmp/clearvla_eval_glass_12402.png'
02:55.332  render           | Saved: '/tmp/clearvla_eval_glass_12402.png'
02:57.554  render           | Saved: '/tmp/clearvla_eval_glass_12402.png'
02:58.311  render           | Saved: '/tmp/clearvla_eval_glass_12402.png'
03:00.127  render           | Saved: '/tmp/clearvla_eval_glass_12402.png'
03:00.675  render           | Saved: '/tmp/clearvla_eval_glass_12402.png'
03:01.464  render           | Saved: '/tmp/clearvla_eval_glass_12402.png'
03:02.136  render           | Saved: '/tmp/clearvla_eval_glass_12402.png'
03:03.493  render           | Saved: '/tmp/clearvla_eval_glass_12402.png'
03:04.200  render           | Saved: '/tmp/clearvla_eval_glass_12402.png'
03:07.413  render           | Saved: '/tmp/clearvla_eval_glass_12402.png'
03:08.302  render           | Saved: '/tmp/clearvla_eval_glass_12402.png'
03:09.957  render           | Saved: '/tmp/clearvla_eval_glass_12402.png'
03:10.390  render           | Saved: '/tmp/clearvla_eval_glass_12402.png'
03:11.849  render           | Saved: '/tmp/clearvla_eval_glass_12402.png'
03:12.412  render           | Saved: '/tmp/clearvla_eval_glass_12402.png'
03:15.809  render           | Saved: '/tmp/clearvla_eval_glass_12402.png'
03:16.378  render           | Saved: '/tmp/clearvla_eval_glass_12402.png'
03:17.113  render           | Saved: '/tmp/clearvla_eval_glass_12402.png'
03:17.589  render           | Saved: '/tmp/clearvla_eval_glass_12402.png'
03:18.128  render           | Saved: '/tmp/clearvla_eval_glass_12402.png'
03:18.581  render           | Saved: '/tmp/clearvla_eval_glass_12402.png'
03:19.168  render           | Saved: '/tmp/clearvla_eval_glass_12402.png'
03:19.598  render           | Saved: '/tmp/clearvla_eval_glass_12402.png'
03:21.875  render           | Saved: '/tmp/clearvla_eval_glass_12402.png'
03:22.807  render           | Saved: '/tmp/clearvla_eval_glass_12402.png'
03:27.010  render           | Saved: '/tmp/clearvla_eval_glass_12402.png'
03:27.622  render           | Saved: '/tmp/clearvla_eval_glass_12402.png'
03:28.425  render           | Saved: '/tmp/clearvla_eval_glass_12402.png'
03:29.019  render           | Saved: '/tmp/clearvla_eval_glass_12402.png'
03:30.122  render           | Saved: '/tmp/clearvla_eval_glass_12402.png'
03:30.792  render           | Saved: '/tmp/clearvla_eval_glass_12402.png'
03:32.218  render           | Saved: '/tmp/clearvla_eval_glass_12402.png'
03:32.723  render           | Saved: '/tmp/clearvla_eval_glass_12402.png'
03:34.607  render           | Saved: '/tmp/clearvla_eval_glass_12402.png'
03:35.825  render           | Saved: '/tmp/clearvla_eval_glass_12402.png'
03:38.556  render           | Saved: '/tmp/clearvla_eval_glass_12402.png'
03:39.130  render           | Saved: '/tmp/clearvla_eval_glass_12402.png'
03:40.102  render           | Saved: '/tmp/clearvla_eval_glass_12402.png'
03:40.703  render           | Saved: '/tmp/clearvla_eval_glass_12402.png'
03:41.890  render           | Saved: '/tmp/clearvla_eval_glass_12402.png'
03:42.572  render           | Saved: '/tmp/clearvla_eval_glass_12402.png'
03:43.230  render           | Saved: '/tmp/clearvla_eval_glass_12402.png'
03:43.640  render           | Saved: '/tmp/clearvla_eval_glass_12402.png'
03:44.206  render           | Saved: '/tmp/clearvla_eval_glass_12402.png'
03:45.418  render           | Saved: '/tmp/clearvla_eval_glass_12402.png'
03:48.557  render           | Saved: '/tmp/clearvla_eval_glass_12402.png'
03:49.848  render           | Saved: '/tmp/clearvla_eval_glass_12402.png'
03:50.877  render           | Saved: '/tmp/clearvla_eval_glass_12402.png'
03:51.367  render           | Saved: '/tmp/clearvla_eval_glass_12402.png'
03:52.033  render           | Saved: '/tmp/clearvla_eval_glass_12402.png'
03:52.541  render           | Saved: '/tmp/clearvla_eval_glass_12402.png'
03:53.063  render           | Saved: '/tmp/clearvla_eval_glass_12402.png'
03:53.565  render           | Saved: '/tmp/clearvla_eval_glass_12402.png'
03:54.777  render           | Saved: '/tmp/clearvla_eval_glass_12402.png'
03:55.535  render           | Saved: '/tmp/clearvla_eval_glass_12402.png'
03:59.827  render           | Saved: '/tmp/clearvla_eval_glass_12402.png'
04:00.405  render           | Saved: '/tmp/clearvla_eval_glass_12402.png'
04:01.100  render           | Saved: '/tmp/clearvla_eval_glass_12402.png'
04:01.621  render           | Saved: '/tmp/clearvla_eval_glass_12402.png'
04:02.230  render           | Saved: '/tmp/clearvla_eval_glass_12402.png'
04:02.943  render           | Saved: '/tmp/clearvla_eval_glass_12402.png'
04:03.755  render           | Saved: '/tmp/clearvla_eval_glass_12402.png'
04:04.366  render           | Saved: '/tmp/clearvla_eval_glass_12402.png'
04:05.241  render           | Saved: '/tmp/clearvla_eval_glass_12402.png'
04:06.292  render           | Saved: '/tmp/clearvla_eval_glass_12402.png'
04:08.101  render           | Saved: '/tmp/clearvla_eval_glass_12402.png'
04:09.044  render           | Saved: '/tmp/clearvla_eval_glass_12402.png'
04:12.684  render           | Saved: '/tmp/clearvla_eval_glass_12402.png'
04:13.331  render           | Saved: '/tmp/clearvla_eval_glass_12402.png'
04:14.726  render           | Saved: '/tmp/clearvla_eval_glass_12402.png'
04:15.401  render           | Saved: '/tmp/clearvla_eval_glass_12402.png'
04:16.171  render           | Saved: '/tmp/clearvla_eval_glass_12402.png'
04:16.625  render           | Saved: '/tmp/clearvla_eval_glass_12402.png'
04:17.119  render           | Saved: '/tmp/clearvla_eval_glass_12402.png'
04:17.653  render           | Saved: '/tmp/clearvla_eval_glass_12402.png'
04:18.461  render           | Saved: '/tmp/clearvla_eval_glass_12402.png'
04:19.077  render           | Saved: '/tmp/clearvla_eval_glass_12402.png'
04:19.869  render           | Saved: '/tmp/clearvla_eval_glass_12402.png'
04:20.360  render           | Saved: '/tmp/clearvla_eval_glass_12402.png'
04:21.130  render           | Saved: '/tmp/clearvla_eval_glass_12402.png'
04:21.739  render           | Saved: '/tmp/clearvla_eval_glass_12402.png'
04:22.814  render           | Saved: '/tmp/clearvla_eval_glass_12402.png'
04:23.509  render           | Saved: '/tmp/clearvla_eval_glass_12402.png'
04:24.573  render           | Saved: '/tmp/clearvla_eval_glass_12402.png'
04:25.216  render           | Saved: '/tmp/clearvla_eval_glass_12402.png'
04:27.059  render           | Saved: '/tmp/clearvla_eval_glass_12402.png'
04:27.738  render           | Saved: '/tmp/clearvla_eval_glass_12402.png'
04:30.170  render           | Saved: '/tmp/clearvla_eval_glass_12402.png'
04:31.262  render           | Saved: '/tmp/clearvla_eval_glass_12402.png'
04:34.254  render           | Saved: '/tmp/clearvla_eval_glass_12402.png'
04:35.752  render           | Saved: '/tmp/clearvla_eval_glass_12402.png'
04:37.434  render           | Saved: '/tmp/clearvla_eval_glass_12402.png'
04:37.886  render           | Saved: '/tmp/clearvla_eval_glass_12402.png'
04:38.743  render           | Saved: '/tmp/clearvla_eval_glass_12402.png'
04:39.346  render           | Saved: '/tmp/clearvla_eval_glass_12402.png'
04:40.388  render           | Saved: '/tmp/clearvla_eval_glass_12402.png'
04:41.031  render           | Saved: '/tmp/clearvla_eval_glass_12402.png'
04:41.686  render           | Saved: '/tmp/clearvla_eval_glass_12402.png'
04:42.361  render           | Saved: '/tmp/clearvla_eval_glass_12402.png'
04:44.596  render           | Saved: '/tmp/clearvla_eval_glass_12402.png'
04:45.375  render           | Saved: '/tmp/clearvla_eval_glass_12402.png'
04:46.457  render           | Saved: '/tmp/clearvla_eval_glass_12402.png'
04:47.197  render           | Saved: '/tmp/clearvla_eval_glass_12402.png'
04:48.128  render           | Saved: '/tmp/clearvla_eval_glass_12402.png'
04:48.667  render           | Saved: '/tmp/clearvla_eval_glass_12402.png'
04:49.429  render           | Saved: '/tmp/clearvla_eval_glass_12402.png'
04:50.781  render           | Saved: '/tmp/clearvla_eval_glass_12402.png'
04:54.377  render           | Saved: '/tmp/clearvla_eval_glass_12402.png'
04:54.922  render           | Saved: '/tmp/clearvla_eval_glass_12402.png'
04:55.589  render           | Saved: '/tmp/clearvla_eval_glass_12402.png'
04:56.064  render           | Saved: '/tmp/clearvla_eval_glass_12402.png'
04:56.667  render           | Saved: '/tmp/clearvla_eval_glass_12402.png'
04:57.349  render           | Saved: '/tmp/clearvla_eval_glass_12402.png'
04:58.244  render           | Saved: '/tmp/clearvla_eval_glass_12402.png'
04:59.483  render           | Saved: '/tmp/clearvla_eval_glass_12402.png'
05:02.331  render           | Saved: '/tmp/clearvla_eval_glass_12402.png'
05:02.840  render           | Saved: '/tmp/clearvla_eval_glass_12402.png'
05:03.613  render           | Saved: '/tmp/clearvla_eval_glass_12402.png'
05:04.868  render           | Saved: '/tmp/clearvla_eval_glass_12402.png'
05:06.883  render           | Saved: '/tmp/clearvla_eval_glass_12402.png'
05:08.097  render           | Saved: '/tmp/clearvla_eval_glass_12402.png'
05:08.769  render           | Saved: '/tmp/clearvla_eval_glass_12402.png'
05:09.270  render           | Saved: '/tmp/clearvla_eval_glass_12402.png'
05:10.058  render           | Saved: '/tmp/clearvla_eval_glass_12402.png'
05:10.626  render           | Saved: '/tmp/clearvla_eval_glass_12402.png'
05:11.839  render           | Saved: '/tmp/clearvla_eval_glass_12402.png'
05:12.473  render           | Saved: '/tmp/clearvla_eval_glass_12402.png'
05:13.345  render           | Saved: '/tmp/clearvla_eval_glass_12402.png'
05:14.053  render           | Saved: '/tmp/clearvla_eval_glass_12402.png'
05:15.191  render           | Saved: '/tmp/clearvla_eval_glass_12402.png'
05:16.321  render           | Saved: '/tmp/clearvla_eval_glass_12402.png'
05:17.331  render           | Saved: '/tmp/clearvla_eval_glass_12402.png'
05:17.836  render           | Saved: '/tmp/clearvla_eval_glass_12402.png'
05:18.362  render           | Saved: '/tmp/clearvla_eval_glass_12402.png'
05:18.837  render           | Saved: '/tmp/clearvla_eval_glass_12402.png'
05:19.374  render           | Saved: '/tmp/clearvla_eval_glass_12402.png'
05:20.732  render           | Saved: '/tmp/clearvla_eval_glass_12402.png'
05:26.646  render           | Saved: '/tmp/clearvla_eval_glass_12402.png'
05:27.286  render           | Saved: '/tmp/clearvla_eval_glass_12402.png'
05:28.033  render           | Saved: '/tmp/clearvla_eval_glass_12402.png'
05:28.408  render           | Saved: '/tmp/clearvla_eval_glass_12402.png'
05:28.948  render           | Saved: '/tmp/clearvla_eval_glass_12402.png'
05:29.336  render           | Saved: '/tmp/clearvla_eval_glass_12402.png'
05:29.903  render           | Saved: '/tmp/clearvla_eval_glass_12402.png'
05:30.296  render           | Saved: '/tmp/clearvla_eval_glass_12402.png'
05:31.199  render           | Saved: '/tmp/clearvla_eval_glass_12402.png'
05:31.825  render           | Saved: '/tmp/clearvla_eval_glass_12402.png'
05:33.153  render           | Saved: '/tmp/clearvla_eval_glass_12402.png'
05:33.743  render           | Saved: '/tmp/clearvla_eval_glass_12402.png'
05:35.180  render           | Saved: '/tmp/clearvla_eval_glass_12402.png'
05:35.785  render           | Saved: '/tmp/clearvla_eval_glass_12402.png'
05:36.426  render           | Saved: '/tmp/clearvla_eval_glass_12402.png'
05:36.905  render           | Saved: '/tmp/clearvla_eval_glass_12402.png'
05:37.431  render           | Saved: '/tmp/clearvla_eval_glass_12402.png'
05:38.731  render           | Saved: '/tmp/clearvla_eval_glass_12402.png'
05:41.702  render           | Saved: '/tmp/clearvla_eval_glass_12402.png'
05:43.144  render           | Saved: '/tmp/clearvla_eval_glass_12402.png'
05:47.436  render           | Saved: '/tmp/clearvla_eval_glass_12402.png'
05:48.081  render           | Saved: '/tmp/clearvla_eval_glass_12402.png'
05:48.749  render           | Saved: '/tmp/clearvla_eval_glass_12402.png'
05:49.225  render           | Saved: '/tmp/clearvla_eval_glass_12402.png'
05:49.786  render           | Saved: '/tmp/clearvla_eval_glass_12402.png'
05:50.281  render           | Saved: '/tmp/clearvla_eval_glass_12402.png'
05:50.840  render           | Saved: '/tmp/clearvla_eval_glass_12402.png'
05:51.256  render           | Saved: '/tmp/clearvla_eval_glass_12402.png'
05:51.881  render           | Saved: '/tmp/clearvla_eval_glass_12402.png'
05:52.706  render           | Saved: '/tmp/clearvla_eval_glass_12402.png'
05:53.484  render           | Saved: '/tmp/clearvla_eval_glass_12402.png'
05:54.724  render           | Saved: '/tmp/clearvla_eval_glass_12402.png'
05:56.610  render           | Saved: '/tmp/clearvla_eval_glass_12402.png'
05:57.384  render           | Saved: '/tmp/clearvla_eval_glass_12402.png'
05:58.956  render           | Saved: '/tmp/clearvla_eval_glass_12402.png'
05:59.715  render           | Saved: '/tmp/clearvla_eval_glass_12402.png'
06:03.677  render           | Saved: '/tmp/clearvla_eval_glass_12402.png'
06:04.737  render           | Saved: '/tmp/clearvla_eval_glass_12402.png'
06:08.341  render           | Saved: '/tmp/clearvla_eval_glass_12402.png'
06:09.083  render           | Saved: '/tmp/clearvla_eval_glass_12402.png'
06:10.596  render           | Saved: '/tmp/clearvla_eval_glass_12402.png'
06:11.278  render           | Saved: '/tmp/clearvla_eval_glass_12402.png'
06:11.979  render           | Saved: '/tmp/clearvla_eval_glass_12402.png'
06:12.624  render           | Saved: '/tmp/clearvla_eval_glass_12402.png'
06:13.753  render           | Saved: '/tmp/clearvla_eval_glass_12402.png'
06:14.317  render           | Saved: '/tmp/clearvla_eval_glass_12402.png'
06:15.065  render           | Saved: '/tmp/clearvla_eval_glass_12402.png'
06:15.724  render           | Saved: '/tmp/clearvla_eval_glass_12402.png'
06:17.337  render           | Saved: '/tmp/clearvla_eval_glass_12402.png'
06:17.902  render           | Saved: '/tmp/clearvla_eval_glass_12402.png'
06:18.578  render           | Saved: '/tmp/clearvla_eval_glass_12402.png'
06:19.035  render           | Saved: '/tmp/clearvla_eval_glass_12402.png'
06:19.504  render           | Saved: '/tmp/clearvla_eval_glass_12402.png'
06:19.927  render           | Saved: '/tmp/clearvla_eval_glass_12402.png'
06:21.150  render           | Saved: '/tmp/clearvla_eval_glass_12402.png'
06:21.836  render           | Saved: '/tmp/clearvla_eval_glass_12402.png'
06:24.596  render           | Saved: '/tmp/clearvla_eval_glass_12402.png'
06:25.258  render           | Saved: '/tmp/clearvla_eval_glass_12402.png'
06:26.333  render           | Saved: '/tmp/clearvla_eval_glass_12402.png'
06:26.943  render           | Saved: '/tmp/clearvla_eval_glass_12402.png'
06:28.390  render           | Saved: '/tmp/clearvla_eval_glass_12402.png'
06:28.959  render           | Saved: '/tmp/clearvla_eval_glass_12402.png'
06:29.892  render           | Saved: '/tmp/clearvla_eval_glass_12402.png'
06:30.431  render           | Saved: '/tmp/clearvla_eval_glass_12402.png'
06:30.989  render           | Saved: '/tmp/clearvla_eval_glass_12402.png'
06:31.383  render           | Saved: '/tmp/clearvla_eval_glass_12402.png'
06:32.545  render           | Saved: '/tmp/clearvla_eval_glass_12402.png'
06:33.120  render           | Saved: '/tmp/clearvla_eval_glass_12402.png'
06:33.857  render           | Saved: '/tmp/clearvla_eval_glass_12402.png'
06:34.333  render           | Saved: '/tmp/clearvla_eval_glass_12402.png'
06:34.853  render           | Saved: '/tmp/clearvla_eval_glass_12402.png'
06:35.333  render           | Saved: '/tmp/clearvla_eval_glass_12402.png'
06:35.881  render           | Saved: '/tmp/clearvla_eval_glass_12402.png'
06:36.986  render           | Saved: '/tmp/clearvla_eval_glass_12402.png'
06:38.811  render           | Saved: '/tmp/clearvla_eval_glass_12402.png'
06:39.799  render           | Saved: '/tmp/clearvla_eval_glass_12402.png'
06:41.536  render           | Saved: '/tmp/clearvla_eval_glass_12402.png'
06:42.079  render           | Saved: '/tmp/clearvla_eval_glass_12402.png'
06:43.591  render           | Saved: '/tmp/clearvla_eval_glass_12402.png'
06:44.275  render           | Saved: '/tmp/clearvla_eval_glass_12402.png'
06:45.061  render           | Saved: '/tmp/clearvla_eval_glass_12402.png'
06:45.671  render           | Saved: '/tmp/clearvla_eval_glass_12402.png'
06:46.180  render           | Saved: '/tmp/clearvla_eval_glass_12402.png'
06:46.615  render           | Saved: '/tmp/clearvla_eval_glass_12402.png'
06:47.900  render           | Saved: '/tmp/clearvla_eval_glass_12402.png'
06:48.621  render           | Saved: '/tmp/clearvla_eval_glass_12402.png'
06:49.372  render           | Saved: '/tmp/clearvla_eval_glass_12402.png'
06:49.847  render           | Saved: '/tmp/clearvla_eval_glass_12402.png'
06:50.370  render           | Saved: '/tmp/clearvla_eval_glass_12402.png'
06:50.808  render           | Saved: '/tmp/clearvla_eval_glass_12402.png'
06:51.342  render           | Saved: '/tmp/clearvla_eval_glass_12402.png'
06:52.015  render           | Saved: '/tmp/clearvla_eval_glass_12402.png'
06:53.293  render           | Saved: '/tmp/clearvla_eval_glass_12402.png'
06:53.855  render           | Saved: '/tmp/clearvla_eval_glass_12402.png'
06:54.540  render           | Saved: '/tmp/clearvla_eval_glass_12402.png'
06:55.020  render           | Saved: '/tmp/clearvla_eval_glass_12402.png'
06:55.558  render           | Saved: '/tmp/clearvla_eval_glass_12402.png'
06:55.997  render           | Saved: '/tmp/clearvla_eval_glass_12402.png'
06:56.411  render           | Saved: '/tmp/clearvla_eval_glass_12402.png'
06:56.942  render           | Saved: '/tmp/clearvla_eval_glass_12402.png'
06:57.967  render           | Saved: '/tmp/clearvla_eval_glass_12402.png'
06:58.515  render           | Saved: '/tmp/clearvla_eval_glass_12402.png'
06:59.178  render           | Saved: '/tmp/clearvla_eval_glass_12402.png'
07:00.244  render           | Saved: '/tmp/clearvla_eval_glass_12402.png'
07:03.339  render           | Saved: '/tmp/clearvla_eval_glass_12402.png'
07:03.897  render           | Saved: '/tmp/clearvla_eval_glass_12402.png'
07:05.144  render           | Saved: '/tmp/clearvla_eval_glass_12402.png'
07:05.570  render           | Saved: '/tmp/clearvla_eval_glass_12402.png'
07:06.690  render           | Saved: '/tmp/clearvla_eval_glass_12402.png'
07:07.427  render           | Saved: '/tmp/clearvla_eval_glass_12402.png'
07:11.997  render           | Saved: '/tmp/clearvla_eval_glass_12402.png'
07:12.642  render           | Saved: '/tmp/clearvla_eval_glass_12402.png'
07:13.347  render           | Saved: '/tmp/clearvla_eval_glass_12402.png'
07:13.834  render           | Saved: '/tmp/clearvla_eval_glass_12402.png'
07:16.652  render           | Saved: '/tmp/clearvla_eval_glass_12402.png'
07:17.405  render           | Saved: '/tmp/clearvla_eval_glass_12402.png'
07:20.144  render           | Saved: '/tmp/clearvla_eval_glass_12402.png'
07:20.607  render           | Saved: '/tmp/clearvla_eval_glass_12402.png'
07:21.980  render           | Saved: '/tmp/clearvla_eval_glass_12402.png'
07:22.717  render           | Saved: '/tmp/clearvla_eval_glass_12402.png'
07:23.442  render           | Saved: '/tmp/clearvla_eval_glass_12402.png'
07:23.852  render           | Saved: '/tmp/clearvla_eval_glass_12402.png'
07:24.356  render           | Saved: '/tmp/clearvla_eval_glass_12402.png'
07:24.797  render           | Saved: '/tmp/clearvla_eval_glass_12402.png'
07:25.319  render           | Saved: '/tmp/clearvla_eval_glass_12402.png'
07:25.738  render           | Saved: '/tmp/clearvla_eval_glass_12402.png'
07:26.287  render           | Saved: '/tmp/clearvla_eval_glass_12402.png'
07:27.360  render           | Saved: '/tmp/clearvla_eval_glass_12402.png'
07:29.613  render           | Saved: '/tmp/clearvla_eval_glass_12402.png'
07:30.201  render           | Saved: '/tmp/clearvla_eval_glass_12402.png'
07:30.862  render           | Saved: '/tmp/clearvla_eval_glass_12402.png'
07:31.358  render           | Saved: '/tmp/clearvla_eval_glass_12402.png'
07:31.905  render           | Saved: '/tmp/clearvla_eval_glass_12402.png'
07:32.779  render           | Saved: '/tmp/clearvla_eval_glass_12402.png'
07:33.591  render           | Saved: '/tmp/clearvla_eval_glass_12402.png'
07:34.588  render           | Saved: '/tmp/clearvla_eval_glass_12402.png'
07:36.283  render           | Saved: '/tmp/clearvla_eval_glass_12402.png'
07:36.806  render           | Saved: '/tmp/clearvla_eval_glass_12402.png'
07:40.178  render           | Saved: '/tmp/clearvla_eval_glass_12402.png'
07:40.824  render           | Saved: '/tmp/clearvla_eval_glass_12402.png'
07:41.748  render           | Saved: '/tmp/clearvla_eval_glass_12402.png'
07:42.341  render           | Saved: '/tmp/clearvla_eval_glass_12402.png'
07:43.186  render           | Saved: '/tmp/clearvla_eval_glass_12402.png'
07:43.876  render           | Saved: '/tmp/clearvla_eval_glass_12402.png'
07:44.851  render           | Saved: '/tmp/clearvla_eval_glass_12402.png'
07:45.428  render           | Saved: '/tmp/clearvla_eval_glass_12402.png'
07:46.800  render           | Saved: '/tmp/clearvla_eval_glass_12402.png'
07:47.479  render           | Saved: '/tmp/clearvla_eval_glass_12402.png'
07:48.250  render           | Saved: '/tmp/clearvla_eval_glass_12402.png'
07:49.432  render           | Saved: '/tmp/clearvla_eval_glass_12402.png'
07:52.604  render           | Saved: '/tmp/clearvla_eval_glass_12402.png'
07:53.174  render           | Saved: '/tmp/clearvla_eval_glass_12402.png'
07:55.162  render           | Saved: '/tmp/clearvla_eval_glass_12402.png'
07:55.638  render           | Saved: '/tmp/clearvla_eval_glass_12402.png'
07:56.349  render           | Saved: '/tmp/clearvla_eval_glass_12402.png'
07:56.839  render           | Saved: '/tmp/clearvla_eval_glass_12402.png'
07:59.989  render           | Saved: '/tmp/clearvla_eval_glass_12402.png'
08:00.790  render           | Saved: '/tmp/clearvla_eval_glass_12402.png'
08:05.336  render           | Saved: '/tmp/clearvla_eval_glass_12402.png'
08:05.932  render           | Saved: '/tmp/clearvla_eval_glass_12402.png'
08:06.718  render           | Saved: '/tmp/clearvla_eval_glass_12402.png'
08:07.124  render           | Saved: '/tmp/clearvla_eval_glass_12402.png'
08:07.673  render           | Saved: '/tmp/clearvla_eval_glass_12402.png'
08:08.440  render           | Saved: '/tmp/clearvla_eval_glass_12402.png'
08:09.288  render           | Saved: '/tmp/clearvla_eval_glass_12402.png'
08:10.023  render           | Saved: '/tmp/clearvla_eval_glass_12402.png'
08:10.763  render           | Saved: '/tmp/clearvla_eval_glass_12402.png'
08:11.592  render           | Saved: '/tmp/clearvla_eval_glass_12402.png'
08:12.699  render           | Saved: '/tmp/clearvla_eval_glass_12402.png'
08:13.374  render           | Saved: '/tmp/clearvla_eval_glass_12402.png'
08:14.209  render           | Saved: '/tmp/clearvla_eval_glass_12402.png'
08:16.320  render           | Saved: '/tmp/clearvla_eval_glass_12402.png'
08:20.785  render           | Saved: '/tmp/clearvla_eval_glass_12402.png'
08:21.421  render           | Saved: '/tmp/clearvla_eval_glass_12402.png'
08:22.118  render           | Saved: '/tmp/clearvla_eval_glass_12402.png'
08:22.584  render           | Saved: '/tmp/clearvla_eval_glass_12402.png'
08:23.093  render           | Saved: '/tmp/clearvla_eval_glass_12402.png'
08:23.587  render           | Saved: '/tmp/clearvla_eval_glass_12402.png'
08:24.118  render           | Saved: '/tmp/clearvla_eval_glass_12402.png'
08:24.799  render           | Saved: '/tmp/clearvla_eval_glass_12402.png'
08:25.694  render           | Saved: '/tmp/clearvla_eval_glass_12402.png'
08:27.584  render           | Saved: '/tmp/clearvla_eval_glass_12402.png'
08:32.809  render           | Saved: '/tmp/clearvla_eval_glass_12402.png'
08:34.321  render           | Saved: '/tmp/clearvla_eval_glass_12402.png'
08:40.146  render           | Saved: '/tmp/clearvla_eval_glass_12402.png'
08:41.138  render           | Saved: '/tmp/clearvla_eval_glass_12402.png'
08:44.181  render           | Saved: '/tmp/clearvla_eval_glass_12402.png'
08:44.979  render           | Saved: '/tmp/clearvla_eval_glass_12402.png'
08:46.207  render           | Saved: '/tmp/clearvla_eval_glass_12402.png'
08:46.652  render           | Saved: '/tmp/clearvla_eval_glass_12402.png'
08:47.194  render           | Saved: '/tmp/clearvla_eval_glass_12402.png'
08:47.663  render           | Saved: '/tmp/clearvla_eval_glass_12402.png'
08:48.221  render           | Saved: '/tmp/clearvla_eval_glass_12402.png'
08:48.668  render           | Saved: '/tmp/clearvla_eval_glass_12402.png'
08:49.402  render           | Saved: '/tmp/clearvla_eval_glass_12402.png'
08:49.865  render           | Saved: '/tmp/clearvla_eval_glass_12402.png'
08:50.427  render           | Saved: '/tmp/clearvla_eval_glass_12402.png'
08:51.483  render           | Saved: '/tmp/clearvla_eval_glass_12402.png'
08:53.735  render           | Saved: '/tmp/clearvla_eval_glass_12402.png'
08:54.316  render           | Saved: '/tmp/clearvla_eval_glass_12402.png'
08:54.988  render           | Saved: '/tmp/clearvla_eval_glass_12402.png'
08:55.457  render           | Saved: '/tmp/clearvla_eval_glass_12402.png'
08:56.508  render           | Saved: '/tmp/clearvla_eval_glass_12402.png'
08:57.155  render           | Saved: '/tmp/clearvla_eval_glass_12402.png'
09:01.385  render           | Saved: '/tmp/clearvla_eval_glass_12402.png'
09:01.967  render           | Saved: '/tmp/clearvla_eval_glass_12402.png'
09:03.116  render           | Saved: '/tmp/clearvla_eval_glass_12402.png'
09:04.099  render           | Saved: '/tmp/clearvla_eval_glass_12402.png'
09:07.141  render           | Saved: '/tmp/clearvla_eval_glass_12402.png'
09:07.713  render           | Saved: '/tmp/clearvla_eval_glass_12402.png'
09:08.401  render           | Saved: '/tmp/clearvla_eval_glass_12402.png'
09:09.488  render           | Saved: '/tmp/clearvla_eval_glass_12402.png'
09:12.269  render           | Saved: '/tmp/clearvla_eval_glass_12402.png'
09:12.720  render           | Saved: '/tmp/clearvla_eval_glass_12402.png'
09:14.932  render           | Saved: '/tmp/clearvla_eval_glass_12402.png'
09:16.288  render           | Saved: '/tmp/clearvla_eval_glass_12402.png'
09:21.527  render           | Saved: '/tmp/clearvla_eval_glass_12402.png'
09:22.210  render           | Saved: '/tmp/clearvla_eval_glass_12402.png'
09:23.067  render           | Saved: '/tmp/clearvla_eval_glass_12402.png'
09:23.528  render           | Saved: '/tmp/clearvla_eval_glass_12402.png'
09:24.019  render           | Saved: '/tmp/clearvla_eval_glass_12402.png'
09:24.488  render           | Saved: '/tmp/clearvla_eval_glass_12402.png'
09:24.989  render           | Saved: '/tmp/clearvla_eval_glass_12402.png'
09:25.461  render           | Saved: '/tmp/clearvla_eval_glass_12402.png'
09:26.711  render           | Saved: '/tmp/clearvla_eval_glass_12402.png'
09:27.444  render           | Saved: '/tmp/clearvla_eval_glass_12402.png'
09:28.219  render           | Saved: '/tmp/clearvla_eval_glass_12402.png'
09:28.611  render           | Saved: '/tmp/clearvla_eval_glass_12402.png'
09:29.199  render           | Saved: '/tmp/clearvla_eval_glass_12402.png'
09:29.594  render           | Saved: '/tmp/clearvla_eval_glass_12402.png'
09:30.101  render           | Saved: '/tmp/clearvla_eval_glass_12402.png'
09:30.481  render           | Saved: '/tmp/clearvla_eval_glass_12402.png'
09:33.096  render           | Saved: '/tmp/clearvla_eval_glass_12402.png'
09:33.671  render           | Saved: '/tmp/clearvla_eval_glass_12402.png'
09:37.056  render           | Saved: '/tmp/clearvla_eval_glass_12402.png'
09:37.917  render           | Saved: '/tmp/clearvla_eval_glass_12402.png'
09:42.638  render           | Saved: '/tmp/clearvla_eval_glass_12402.png'
09:43.221  render           | Saved: '/tmp/clearvla_eval_glass_12402.png'
09:44.577  render           | Saved: '/tmp/clearvla_eval_glass_12402.png'
09:45.010  render           | Saved: '/tmp/clearvla_eval_glass_12402.png'
09:45.575  render           | Saved: '/tmp/clearvla_eval_glass_12402.png'
09:46.001  render           | Saved: '/tmp/clearvla_eval_glass_12402.png'
09:46.677  render           | Saved: '/tmp/clearvla_eval_glass_12402.png'
09:47.237  render           | Saved: '/tmp/clearvla_eval_glass_12402.png'
09:47.871  render           | Saved: '/tmp/clearvla_eval_glass_12402.png'
09:49.231  render           | Saved: '/tmp/clearvla_eval_glass_12402.png'
09:53.212  render           | Saved: '/tmp/clearvla_eval_glass_12402.png'
09:53.872  render           | Saved: '/tmp/clearvla_eval_glass_12402.png'
09:54.623  render           | Saved: '/tmp/clearvla_eval_glass_12402.png'
09:55.791  render           | Saved: '/tmp/clearvla_eval_glass_12402.png'
09:58.999  render           | Saved: '/tmp/clearvla_eval_glass_12402.png'
10:00.191  render           | Saved: '/tmp/clearvla_eval_glass_12402.png'
10:02.458  render           | Saved: '/tmp/clearvla_eval_glass_12402.png'
10:03.494  render           | Saved: '/tmp/clearvla_eval_glass_12402.png'
10:05.979  render           | Saved: '/tmp/clearvla_eval_glass_12402.png'
10:06.439  render           | Saved: '/tmp/clearvla_eval_glass_12402.png'
10:07.699  render           | Saved: '/tmp/clearvla_eval_glass_12402.png'
10:08.456  render           | Saved: '/tmp/clearvla_eval_glass_12402.png'
10:09.316  render           | Saved: '/tmp/clearvla_eval_glass_12402.png'
10:09.709  render           | Saved: '/tmp/clearvla_eval_glass_12402.png'
10:10.290  render           | Saved: '/tmp/clearvla_eval_glass_12402.png'
10:10.720  render           | Saved: '/tmp/clearvla_eval_glass_12402.png'
10:11.311  render           | Saved: '/tmp/clearvla_eval_glass_12402.png'
10:11.813  render           | Saved: '/tmp/clearvla_eval_glass_12402.png'
10:13.088  render           | Saved: '/tmp/clearvla_eval_glass_12402.png'
10:13.635  render           | Saved: '/tmp/clearvla_eval_glass_12402.png'
10:14.349  render           | Saved: '/tmp/clearvla_eval_glass_12402.png'
10:15.002  render           | Saved: '/tmp/clearvla_eval_glass_12402.png'
10:15.793  render           | Saved: '/tmp/clearvla_eval_glass_12402.png'
10:16.532  render           | Saved: '/tmp/clearvla_eval_glass_12402.png'
10:17.402  render           | Saved: '/tmp/clearvla_eval_glass_12402.png'
10:18.368  render           | Saved: '/tmp/clearvla_eval_glass_12402.png'
10:20.164  render           | Saved: '/tmp/clearvla_eval_glass_12402.png'
10:20.876  render           | Saved: '/tmp/clearvla_eval_glass_12402.png'
10:21.687  render           | Saved: '/tmp/clearvla_eval_glass_12402.png'
10:22.753  render           | Saved: '/tmp/clearvla_eval_glass_12402.png'
10:25.445  render           | Saved: '/tmp/clearvla_eval_glass_12402.png'
10:26.029  render           | Saved: '/tmp/clearvla_eval_glass_12402.png'
10:27.298  render           | Saved: '/tmp/clearvla_eval_glass_12402.png'
10:27.869  render           | Saved: '/tmp/clearvla_eval_glass_12402.png'
10:28.607  render           | Saved: '/tmp/clearvla_eval_glass_12402.png'
10:29.288  render           | Saved: '/tmp/clearvla_eval_glass_12402.png'
10:30.254  render           | Saved: '/tmp/clearvla_eval_glass_12402.png'
10:30.833  render           | Saved: '/tmp/clearvla_eval_glass_12402.png'
10:31.753  render           | Saved: '/tmp/clearvla_eval_glass_12402.png'
10:32.366  render           | Saved: '/tmp/clearvla_eval_glass_12402.png'
10:33.152  render           | Saved: '/tmp/clearvla_eval_glass_12402.png'
10:34.374  render           | Saved: '/tmp/clearvla_eval_glass_12402.png'
10:37.639  render           | Saved: '/tmp/clearvla_eval_glass_12402.png'
10:38.445  render           | Saved: '/tmp/clearvla_eval_glass_12402.png'
10:40.890  render           | Saved: '/tmp/clearvla_eval_glass_12402.png'
10:41.660  render           | Saved: '/tmp/clearvla_eval_glass_12402.png'
10:43.631  render           | Saved: '/tmp/clearvla_eval_glass_12402.png'
10:44.089  render           | Saved: '/tmp/clearvla_eval_glass_12402.png'
10:44.601  render           | Saved: '/tmp/clearvla_eval_glass_12402.png'
10:45.850  render           | Saved: '/tmp/clearvla_eval_glass_12402.png'
10:48.822  render           | Saved: '/tmp/clearvla_eval_glass_12402.png'
10:49.414  render           | Saved: '/tmp/clearvla_eval_glass_12402.png'
10:50.083  render           | Saved: '/tmp/clearvla_eval_glass_12402.png'
10:50.585  render           | Saved: '/tmp/clearvla_eval_glass_12402.png'
10:51.897  render           | Saved: '/tmp/clearvla_eval_glass_12402.png'
10:52.420  render           | Saved: '/tmp/clearvla_eval_glass_12402.png'
10:53.078  render           | Saved: '/tmp/clearvla_eval_glass_12402.png'
10:53.571  render           | Saved: '/tmp/clearvla_eval_glass_12402.png'
10:54.070  render           | Saved: '/tmp/clearvla_eval_glass_12402.png'
10:54.508  render           | Saved: '/tmp/clearvla_eval_glass_12402.png'
10:55.019  render           | Saved: '/tmp/clearvla_eval_glass_12402.png'
10:56.002  render           | Saved: '/tmp/clearvla_eval_glass_12402.png'
11:01.311  render           | Saved: '/tmp/clearvla_eval_glass_12402.png'
11:01.898  render           | Saved: '/tmp/clearvla_eval_glass_12402.png'
11:05.020  render           | Saved: '/tmp/clearvla_eval_glass_12402.png'
11:05.630  render           | Saved: '/tmp/clearvla_eval_glass_12402.png'
11:06.290  render           | Saved: '/tmp/clearvla_eval_glass_12402.png'
11:06.736  render           | Saved: '/tmp/clearvla_eval_glass_12402.png'
11:08.003  render           | Saved: '/tmp/clearvla_eval_glass_12402.png'
11:08.580  render           | Saved: '/tmp/clearvla_eval_glass_12402.png'
11:09.309  render           | Saved: '/tmp/clearvla_eval_glass_12402.png'
11:09.836  render           | Saved: '/tmp/clearvla_eval_glass_12402.png'
11:10.891  render           | Saved: '/tmp/clearvla_eval_glass_12402.png'
11:11.453  render           | Saved: '/tmp/clearvla_eval_glass_12402.png'
11:12.029  render           | Saved: '/tmp/clearvla_eval_glass_12402.png'
11:12.911  render           | Saved: '/tmp/clearvla_eval_glass_12402.png'
11:14.891  render           | Saved: '/tmp/clearvla_eval_glass_12402.png'
11:15.433  render           | Saved: '/tmp/clearvla_eval_glass_12402.png'
11:16.084  render           | Saved: '/tmp/clearvla_eval_glass_12402.png'
11:16.631  render           | Saved: '/tmp/clearvla_eval_glass_12402.png'
11:17.974  render           | Saved: '/tmp/clearvla_eval_glass_12402.png'
11:18.581  render           | Saved: '/tmp/clearvla_eval_glass_12402.png'
11:19.286  render           | Saved: '/tmp/clearvla_eval_glass_12402.png'
11:19.791  render           | Saved: '/tmp/clearvla_eval_glass_12402.png'
11:20.300  render           | Saved: '/tmp/clearvla_eval_glass_12402.png'
11:20.795  render           | Saved: '/tmp/clearvla_eval_glass_12402.png'
11:21.392  render           | Saved: '/tmp/clearvla_eval_glass_12402.png'
11:22.171  render           | Saved: '/tmp/clearvla_eval_glass_12402.png'
11:23.466  render           | Saved: '/tmp/clearvla_eval_glass_12402.png'
11:24.139  render           | Saved: '/tmp/clearvla_eval_glass_12402.png'
11:25.870  render           | Saved: '/tmp/clearvla_eval_glass_12402.png'
11:26.325  render           | Saved: '/tmp/clearvla_eval_glass_12402.png'
11:26.822  render           | Saved: '/tmp/clearvla_eval_glass_12402.png'
11:27.286  render           | Saved: '/tmp/clearvla_eval_glass_12402.png'
11:27.813  render           | Saved: '/tmp/clearvla_eval_glass_12402.png'
11:28.214  render           | Saved: '/tmp/clearvla_eval_glass_12402.png'
11:28.770  render           | Saved: '/tmp/clearvla_eval_glass_12402.png'
11:29.203  render           | Saved: '/tmp/clearvla_eval_glass_12402.png'
11:30.095  render           | Saved: '/tmp/clearvla_eval_glass_12402.png'
11:30.745  render           | Saved: '/tmp/clearvla_eval_glass_12402.png'
11:31.868  render           | Saved: '/tmp/clearvla_eval_glass_12402.png'
11:32.441  render           | Saved: '/tmp/clearvla_eval_glass_12402.png'
11:33.538  render           | Saved: '/tmp/clearvla_eval_glass_12402.png'
11:34.103  render           | Saved: '/tmp/clearvla_eval_glass_12402.png'
11:35.026  render           | Saved: '/tmp/clearvla_eval_glass_12402.png'
11:35.673  render           | Saved: '/tmp/clearvla_eval_glass_12402.png'
11:36.669  render           | Saved: '/tmp/clearvla_eval_glass_12402.png'
11:37.224  render           | Saved: '/tmp/clearvla_eval_glass_12402.png'
11:38.208  render           | Saved: '/tmp/clearvla_eval_glass_12402.png'
11:38.850  render           | Saved: '/tmp/clearvla_eval_glass_12402.png'
11:39.849  render           | Saved: '/tmp/clearvla_eval_glass_12402.png'
11:40.602  render           | Saved: '/tmp/clearvla_eval_glass_12402.png'
11:41.706  render           | Saved: '/tmp/clearvla_eval_glass_12402.png'
11:42.308  render           | Saved: '/tmp/clearvla_eval_glass_12402.png'
11:43.477  render           | Saved: '/tmp/clearvla_eval_glass_12402.png'
11:44.088  render           | Saved: '/tmp/clearvla_eval_glass_12402.png'
11:45.259  render           | Saved: '/tmp/clearvla_eval_glass_12402.png'
11:45.953  render           | Saved: '/tmp/clearvla_eval_glass_12402.png'
11:46.846  render           | Saved: '/tmp/clearvla_eval_glass_12402.png'
11:47.608  render           | Saved: '/tmp/clearvla_eval_glass_12402.png'
11:48.976  render           | Saved: '/tmp/clearvla_eval_glass_12402.png'
11:49.632  render           | Saved: '/tmp/clearvla_eval_glass_12402.png'
11:51.082  render           | Saved: '/tmp/clearvla_eval_glass_12402.png'
11:51.748  render           | Saved: '/tmp/clearvla_eval_glass_12402.png'
11:52.469  render           | Saved: '/tmp/clearvla_eval_glass_12402.png'
11:52.919  render           | Saved: '/tmp/clearvla_eval_glass_12402.png'
11:53.499  render           | Saved: '/tmp/clearvla_eval_glass_12402.png'
11:53.926  render           | Saved: '/tmp/clearvla_eval_glass_12402.png'
11:54.493  render           | Saved: '/tmp/clearvla_eval_glass_12402.png'
11:55.096  render           | Saved: '/tmp/clearvla_eval_glass_12402.png'
11:56.229  render           | Saved: '/tmp/clearvla_eval_glass_12402.png'
11:56.756  render           | Saved: '/tmp/clearvla_eval_glass_12402.png'
11:57.303  render           | Saved: '/tmp/clearvla_eval_glass_12402.png'
11:58.026  render           | Saved: '/tmp/clearvla_eval_glass_12402.png'
11:59.186  render           | Saved: '/tmp/clearvla_eval_glass_12402.png'
11:59.764  render           | Saved: '/tmp/clearvla_eval_glass_12402.png'
12:00.525  render           | Saved: '/tmp/clearvla_eval_glass_12402.png'
12:01.022  render           | Saved: '/tmp/clearvla_eval_glass_12402.png'
[full/glass] pour: 2/10  (11.9 min, 61.0 s/ep)
12:03.269  render           | Saved: '/tmp/clearvla_eval_glass_12402.png'
12:03.933  render           | Saved: '/tmp/clearvla_eval_glass_12402.png'
12:05.378  render           | Saved: '/tmp/clearvla_eval_glass_12402.png'
12:06.054  render           | Saved: '/tmp/clearvla_eval_glass_12402.png'
12:06.799  render           | Saved: '/tmp/clearvla_eval_glass_12402.png'
12:07.309  render           | Saved: '/tmp/clearvla_eval_glass_12402.png'
12:07.887  render           | Saved: '/tmp/clearvla_eval_glass_12402.png'
12:08.863  render           | Saved: '/tmp/clearvla_eval_glass_12402.png'
12:11.286  render           | Saved: '/tmp/clearvla_eval_glass_12402.png'
12:12.374  render           | Saved: '/tmp/clearvla_eval_glass_12402.png'
12:13.294  render           | Saved: '/tmp/clearvla_eval_glass_12402.png'
12:13.822  render           | Saved: '/tmp/clearvla_eval_glass_12402.png'
12:14.552  render           | Saved: '/tmp/clearvla_eval_glass_12402.png'
12:15.138  render           | Saved: '/tmp/clearvla_eval_glass_12402.png'
12:16.635  render           | Saved: '/tmp/clearvla_eval_glass_12402.png'
12:17.216  render           | Saved: '/tmp/clearvla_eval_glass_12402.png'
12:17.915  render           | Saved: '/tmp/clearvla_eval_glass_12402.png'
12:18.874  render           | Saved: '/tmp/clearvla_eval_glass_12402.png'
12:20.872  render           | Saved: '/tmp/clearvla_eval_glass_12402.png'
12:22.094  render           | Saved: '/tmp/clearvla_eval_glass_12402.png'
12:24.015  render           | Saved: '/tmp/clearvla_eval_glass_12402.png'
12:25.337  render           | Saved: '/tmp/clearvla_eval_glass_12402.png'
12:29.949  render           | Saved: '/tmp/clearvla_eval_glass_12402.png'
12:30.619  render           | Saved: '/tmp/clearvla_eval_glass_12402.png'
12:31.779  render           | Saved: '/tmp/clearvla_eval_glass_12402.png'
12:32.198  render           | Saved: '/tmp/clearvla_eval_glass_12402.png'
12:32.772  render           | Saved: '/tmp/clearvla_eval_glass_12402.png'
12:33.198  render           | Saved: '/tmp/clearvla_eval_glass_12402.png'
12:33.856  render           | Saved: '/tmp/clearvla_eval_glass_12402.png'
12:34.451  render           | Saved: '/tmp/clearvla_eval_glass_12402.png'
12:35.668  render           | Saved: '/tmp/clearvla_eval_glass_12402.png'
12:36.270  render           | Saved: '/tmp/clearvla_eval_glass_12402.png'
12:37.088  render           | Saved: '/tmp/clearvla_eval_glass_12402.png'
12:38.143  render           | Saved: '/tmp/clearvla_eval_glass_12402.png'
12:39.050  render           | Saved: '/tmp/clearvla_eval_glass_12402.png'
12:39.713  render           | Saved: '/tmp/clearvla_eval_glass_12402.png'
12:40.681  render           | Saved: '/tmp/clearvla_eval_glass_12402.png'
12:41.298  render           | Saved: '/tmp/clearvla_eval_glass_12402.png'
12:42.132  render           | Saved: '/tmp/clearvla_eval_glass_12402.png'
12:43.381  render           | Saved: '/tmp/clearvla_eval_glass_12402.png'
12:45.005  render           | Saved: '/tmp/clearvla_eval_glass_12402.png'
12:45.509  render           | Saved: '/tmp/clearvla_eval_glass_12402.png'
12:48.390  render           | Saved: '/tmp/clearvla_eval_glass_12402.png'
12:49.057  render           | Saved: '/tmp/clearvla_eval_glass_12402.png'
12:53.327  render           | Saved: '/tmp/clearvla_eval_glass_12402.png'
12:54.131  render           | Saved: '/tmp/clearvla_eval_glass_12402.png'
12:56.712  render           | Saved: '/tmp/clearvla_eval_glass_12402.png'
12:57.313  render           | Saved: '/tmp/clearvla_eval_glass_12402.png'
13:00.511  render           | Saved: '/tmp/clearvla_eval_glass_12402.png'
13:01.502  render           | Saved: '/tmp/clearvla_eval_glass_12402.png'
13:02.736  render           | Saved: '/tmp/clearvla_eval_glass_12402.png'
13:03.961  render           | Saved: '/tmp/clearvla_eval_glass_12402.png'
13:06.247  render           | Saved: '/tmp/clearvla_eval_glass_12402.png'
13:07.534  render           | Saved: '/tmp/clearvla_eval_glass_12402.png'
13:10.242  render           | Saved: '/tmp/clearvla_eval_glass_12402.png'
13:11.356  render           | Saved: '/tmp/clearvla_eval_glass_12402.png'
13:12.896  render           | Saved: '/tmp/clearvla_eval_glass_12402.png'
13:13.552  render           | Saved: '/tmp/clearvla_eval_glass_12402.png'
13:15.501  render           | Saved: '/tmp/clearvla_eval_glass_12402.png'
13:16.049  render           | Saved: '/tmp/clearvla_eval_glass_12402.png'
13:16.720  render           | Saved: '/tmp/clearvla_eval_glass_12402.png'
13:17.214  render           | Saved: '/tmp/clearvla_eval_glass_12402.png'
13:18.512  render           | Saved: '/tmp/clearvla_eval_glass_12402.png'
13:19.118  render           | Saved: '/tmp/clearvla_eval_glass_12402.png'
13:19.763  render           | Saved: '/tmp/clearvla_eval_glass_12402.png'
13:20.235  render           | Saved: '/tmp/clearvla_eval_glass_12402.png'
13:20.768  render           | Saved: '/tmp/clearvla_eval_glass_12402.png'
13:21.265  render           | Saved: '/tmp/clearvla_eval_glass_12402.png'
13:21.827  render           | Saved: '/tmp/clearvla_eval_glass_12402.png'
13:23.020  render           | Saved: '/tmp/clearvla_eval_glass_12402.png'
13:25.764  render           | Saved: '/tmp/clearvla_eval_glass_12402.png'
13:26.490  render           | Saved: '/tmp/clearvla_eval_glass_12402.png'
13:29.551  render           | Saved: '/tmp/clearvla_eval_glass_12402.png'
13:30.169  render           | Saved: '/tmp/clearvla_eval_glass_12402.png'
13:30.822  render           | Saved: '/tmp/clearvla_eval_glass_12402.png'
13:31.359  render           | Saved: '/tmp/clearvla_eval_glass_12402.png'
13:32.205  render           | Saved: '/tmp/clearvla_eval_glass_12402.png'
13:32.751  render           | Saved: '/tmp/clearvla_eval_glass_12402.png'
13:33.352  render           | Saved: '/tmp/clearvla_eval_glass_12402.png'
13:33.868  render           | Saved: '/tmp/clearvla_eval_glass_12402.png'
13:34.436  render           | Saved: '/tmp/clearvla_eval_glass_12402.png'
13:35.053  render           | Saved: '/tmp/clearvla_eval_glass_12402.png'
13:35.706  render           | Saved: '/tmp/clearvla_eval_glass_12402.png'
13:36.634  render           | Saved: '/tmp/clearvla_eval_glass_12402.png'
13:38.649  render           | Saved: '/tmp/clearvla_eval_glass_12402.png'
13:39.255  render           | Saved: '/tmp/clearvla_eval_glass_12402.png'
13:41.077  render           | Saved: '/tmp/clearvla_eval_glass_12402.png'
13:41.688  render           | Saved: '/tmp/clearvla_eval_glass_12402.png'
13:42.483  render           | Saved: '/tmp/clearvla_eval_glass_12402.png'
13:43.602  render           | Saved: '/tmp/clearvla_eval_glass_12402.png'
13:46.333  render           | Saved: '/tmp/clearvla_eval_glass_12402.png'
13:47.095  render           | Saved: '/tmp/clearvla_eval_glass_12402.png'
13:51.634  render           | Saved: '/tmp/clearvla_eval_glass_12402.png'
13:52.310  render           | Saved: '/tmp/clearvla_eval_glass_12402.png'
13:53.409  render           | Saved: '/tmp/clearvla_eval_glass_12402.png'
13:54.039  render           | Saved: '/tmp/clearvla_eval_glass_12402.png'
13:55.104  render           | Saved: '/tmp/clearvla_eval_glass_12402.png'
13:55.697  render           | Saved: '/tmp/clearvla_eval_glass_12402.png'
13:57.209  render           | Saved: '/tmp/clearvla_eval_glass_12402.png'
13:57.755  render           | Saved: '/tmp/clearvla_eval_glass_12402.png'
14:01.298  render           | Saved: '/tmp/clearvla_eval_glass_12402.png'
14:01.829  render           | Saved: '/tmp/clearvla_eval_glass_12402.png'
14:02.968  render           | Saved: '/tmp/clearvla_eval_glass_12402.png'
14:03.406  render           | Saved: '/tmp/clearvla_eval_glass_12402.png'
14:03.949  render           | Saved: '/tmp/clearvla_eval_glass_12402.png'
14:04.397  render           | Saved: '/tmp/clearvla_eval_glass_12402.png'
14:05.979  render           | Saved: '/tmp/clearvla_eval_glass_12402.png'
14:07.079  render           | Saved: '/tmp/clearvla_eval_glass_12402.png'
14:08.910  render           | Saved: '/tmp/clearvla_eval_glass_12402.png'
14:09.333  render           | Saved: '/tmp/clearvla_eval_glass_12402.png'
14:09.843  render           | Saved: '/tmp/clearvla_eval_glass_12402.png'
14:10.259  render           | Saved: '/tmp/clearvla_eval_glass_12402.png'
14:10.846  render           | Saved: '/tmp/clearvla_eval_glass_12402.png'
14:11.291  render           | Saved: '/tmp/clearvla_eval_glass_12402.png'
14:12.501  render           | Saved: '/tmp/clearvla_eval_glass_12402.png'
14:13.163  render           | Saved: '/tmp/clearvla_eval_glass_12402.png'
14:13.992  render           | Saved: '/tmp/clearvla_eval_glass_12402.png'
14:14.446  render           | Saved: '/tmp/clearvla_eval_glass_12402.png'
14:16.590  render           | Saved: '/tmp/clearvla_eval_glass_12402.png'
14:17.066  render           | Saved: '/tmp/clearvla_eval_glass_12402.png'
14:18.317  render           | Saved: '/tmp/clearvla_eval_glass_12402.png'
14:19.011  render           | Saved: '/tmp/clearvla_eval_glass_12402.png'
14:19.693  render           | Saved: '/tmp/clearvla_eval_glass_12402.png'
14:20.175  render           | Saved: '/tmp/clearvla_eval_glass_12402.png'
14:20.697  render           | Saved: '/tmp/clearvla_eval_glass_12402.png'
14:21.165  render           | Saved: '/tmp/clearvla_eval_glass_12402.png'
14:21.686  render           | Saved: '/tmp/clearvla_eval_glass_12402.png'
14:22.182  render           | Saved: '/tmp/clearvla_eval_glass_12402.png'
14:24.054  render           | Saved: '/tmp/clearvla_eval_glass_12402.png'
14:24.819  render           | Saved: '/tmp/clearvla_eval_glass_12402.png'
14:27.053  render           | Saved: '/tmp/clearvla_eval_glass_12402.png'
14:27.501  render           | Saved: '/tmp/clearvla_eval_glass_12402.png'
14:27.974  render           | Saved: '/tmp/clearvla_eval_glass_12402.png'
14:28.427  render           | Saved: '/tmp/clearvla_eval_glass_12402.png'
14:29.510  render           | Saved: '/tmp/clearvla_eval_glass_12402.png'
14:30.302  render           | Saved: '/tmp/clearvla_eval_glass_12402.png'
14:33.633  render           | Saved: '/tmp/clearvla_eval_glass_12402.png'
14:34.212  render           | Saved: '/tmp/clearvla_eval_glass_12402.png'
14:36.831  render           | Saved: '/tmp/clearvla_eval_glass_12402.png'
14:37.330  render           | Saved: '/tmp/clearvla_eval_glass_12402.png'
14:39.925  render           | Saved: '/tmp/clearvla_eval_glass_12402.png'
14:40.457  render           | Saved: '/tmp/clearvla_eval_glass_12402.png'
14:41.169  render           | Saved: '/tmp/clearvla_eval_glass_12402.png'
14:41.657  render           | Saved: '/tmp/clearvla_eval_glass_12402.png'
14:42.993  render           | Saved: '/tmp/clearvla_eval_glass_12402.png'
14:44.469  render           | Saved: '/tmp/clearvla_eval_glass_12402.png'
14:46.223  render           | Saved: '/tmp/clearvla_eval_glass_12402.png'
14:46.610  render           | Saved: '/tmp/clearvla_eval_glass_12402.png'
14:47.137  render           | Saved: '/tmp/clearvla_eval_glass_12402.png'
14:47.515  render           | Saved: '/tmp/clearvla_eval_glass_12402.png'
14:48.254  render           | Saved: '/tmp/clearvla_eval_glass_12402.png'
14:48.801  render           | Saved: '/tmp/clearvla_eval_glass_12402.png'
14:49.612  render           | Saved: '/tmp/clearvla_eval_glass_12402.png'
14:50.280  render           | Saved: '/tmp/clearvla_eval_glass_12402.png'
14:51.350  render           | Saved: '/tmp/clearvla_eval_glass_12402.png'
14:51.864  render           | Saved: '/tmp/clearvla_eval_glass_12402.png'
14:53.232  render           | Saved: '/tmp/clearvla_eval_glass_12402.png'
14:53.880  render           | Saved: '/tmp/clearvla_eval_glass_12402.png'
14:56.179  render           | Saved: '/tmp/clearvla_eval_glass_12402.png'
14:56.671  render           | Saved: '/tmp/clearvla_eval_glass_12402.png'
14:57.194  render           | Saved: '/tmp/clearvla_eval_glass_12402.png'
14:58.628  render           | Saved: '/tmp/clearvla_eval_glass_12402.png'
15:02.610  render           | Saved: '/tmp/clearvla_eval_glass_12402.png'
15:03.430  render           | Saved: '/tmp/clearvla_eval_glass_12402.png'
15:08.504  render           | Saved: '/tmp/clearvla_eval_glass_12402.png'
15:09.044  render           | Saved: '/tmp/clearvla_eval_glass_12402.png'
15:09.718  render           | Saved: '/tmp/clearvla_eval_glass_12402.png'
15:10.162  render           | Saved: '/tmp/clearvla_eval_glass_12402.png'
15:11.576  render           | Saved: '/tmp/clearvla_eval_glass_12402.png'
15:12.130  render           | Saved: '/tmp/clearvla_eval_glass_12402.png'
15:14.177  render           | Saved: '/tmp/clearvla_eval_glass_12402.png'
15:14.607  render           | Saved: '/tmp/clearvla_eval_glass_12402.png'
15:15.735  render           | Saved: '/tmp/clearvla_eval_glass_12402.png'
15:16.450  render           | Saved: '/tmp/clearvla_eval_glass_12402.png'
15:17.466  render           | Saved: '/tmp/clearvla_eval_glass_12402.png'
15:17.913  render           | Saved: '/tmp/clearvla_eval_glass_12402.png'
15:18.423  render           | Saved: '/tmp/clearvla_eval_glass_12402.png'
15:18.861  render           | Saved: '/tmp/clearvla_eval_glass_12402.png'
15:19.371  render           | Saved: '/tmp/clearvla_eval_glass_12402.png'
15:19.827  render           | Saved: '/tmp/clearvla_eval_glass_12402.png'
15:20.359  render           | Saved: '/tmp/clearvla_eval_glass_12402.png'
15:20.807  render           | Saved: '/tmp/clearvla_eval_glass_12402.png'
15:22.516  render           | Saved: '/tmp/clearvla_eval_glass_12402.png'
15:23.111  render           | Saved: '/tmp/clearvla_eval_glass_12402.png'
15:23.739  render           | Saved: '/tmp/clearvla_eval_glass_12402.png'
15:24.636  render           | Saved: '/tmp/clearvla_eval_glass_12402.png'
15:26.368  render           | Saved: '/tmp/clearvla_eval_glass_12402.png'
15:27.153  render           | Saved: '/tmp/clearvla_eval_glass_12402.png'
15:31.596  render           | Saved: '/tmp/clearvla_eval_glass_12402.png'
15:32.270  render           | Saved: '/tmp/clearvla_eval_glass_12402.png'
15:38.251  render           | Saved: '/tmp/clearvla_eval_glass_12402.png'
15:38.787  render           | Saved: '/tmp/clearvla_eval_glass_12402.png'
15:40.311  render           | Saved: '/tmp/clearvla_eval_glass_12402.png'
15:40.858  render           | Saved: '/tmp/clearvla_eval_glass_12402.png'
15:41.554  render           | Saved: '/tmp/clearvla_eval_glass_12402.png'
15:42.022  render           | Saved: '/tmp/clearvla_eval_glass_12402.png'
15:42.574  render           | Saved: '/tmp/clearvla_eval_glass_12402.png'
15:43.706  render           | Saved: '/tmp/clearvla_eval_glass_12402.png'
15:47.644  render           | Saved: '/tmp/clearvla_eval_glass_12402.png'
15:48.271  render           | Saved: '/tmp/clearvla_eval_glass_12402.png'
15:52.371  render           | Saved: '/tmp/clearvla_eval_glass_12402.png'
15:52.927  render           | Saved: '/tmp/clearvla_eval_glass_12402.png'
15:53.541  render           | Saved: '/tmp/clearvla_eval_glass_12402.png'
15:53.997  render           | Saved: '/tmp/clearvla_eval_glass_12402.png'
15:54.530  render           | Saved: '/tmp/clearvla_eval_glass_12402.png'
15:55.636  render           | Saved: '/tmp/clearvla_eval_glass_12402.png'
15:58.955  render           | Saved: '/tmp/clearvla_eval_glass_12402.png'
15:59.376  render           | Saved: '/tmp/clearvla_eval_glass_12402.png'
15:59.974  render           | Saved: '/tmp/clearvla_eval_glass_12402.png'
16:01.246  render           | Saved: '/tmp/clearvla_eval_glass_12402.png'
16:02.067  render           | Saved: '/tmp/clearvla_eval_glass_12402.png'
16:02.491  render           | Saved: '/tmp/clearvla_eval_glass_12402.png'
16:03.069  render           | Saved: '/tmp/clearvla_eval_glass_12402.png'
16:03.517  render           | Saved: '/tmp/clearvla_eval_glass_12402.png'
16:04.037  render           | Saved: '/tmp/clearvla_eval_glass_12402.png'
16:04.497  render           | Saved: '/tmp/clearvla_eval_glass_12402.png'
16:05.026  render           | Saved: '/tmp/clearvla_eval_glass_12402.png'
16:05.488  render           | Saved: '/tmp/clearvla_eval_glass_12402.png'
16:06.808  render           | Saved: '/tmp/clearvla_eval_glass_12402.png'
16:07.634  render           | Saved: '/tmp/clearvla_eval_glass_12402.png'
16:08.414  render           | Saved: '/tmp/clearvla_eval_glass_12402.png'
16:08.800  render           | Saved: '/tmp/clearvla_eval_glass_12402.png'
16:09.325  render           | Saved: '/tmp/clearvla_eval_glass_12402.png'
16:09.707  render           | Saved: '/tmp/clearvla_eval_glass_12402.png'
16:10.222  render           | Saved: '/tmp/clearvla_eval_glass_12402.png'
16:10.602  render           | Saved: '/tmp/clearvla_eval_glass_12402.png'
16:11.146  render           | Saved: '/tmp/clearvla_eval_glass_12402.png'
16:11.585  render           | Saved: '/tmp/clearvla_eval_glass_12402.png'
16:12.682  render           | Saved: '/tmp/clearvla_eval_glass_12402.png'
16:13.572  render           | Saved: '/tmp/clearvla_eval_glass_12402.png'
16:14.283  render           | Saved: '/tmp/clearvla_eval_glass_12402.png'
16:14.627  render           | Saved: '/tmp/clearvla_eval_glass_12402.png'
16:15.145  render           | Saved: '/tmp/clearvla_eval_glass_12402.png'
16:15.591  render           | Saved: '/tmp/clearvla_eval_glass_12402.png'
16:18.305  render           | Saved: '/tmp/clearvla_eval_glass_12402.png'
16:18.914  render           | Saved: '/tmp/clearvla_eval_glass_12402.png'
16:20.162  render           | Saved: '/tmp/clearvla_eval_glass_12402.png'
16:20.815  render           | Saved: '/tmp/clearvla_eval_glass_12402.png'
16:21.514  render           | Saved: '/tmp/clearvla_eval_glass_12402.png'
16:21.986  render           | Saved: '/tmp/clearvla_eval_glass_12402.png'
16:23.213  render           | Saved: '/tmp/clearvla_eval_glass_12402.png'
16:23.963  render           | Saved: '/tmp/clearvla_eval_glass_12402.png'
16:27.429  render           | Saved: '/tmp/clearvla_eval_glass_12402.png'
16:28.006  render           | Saved: '/tmp/clearvla_eval_glass_12402.png'
16:28.923  render           | Saved: '/tmp/clearvla_eval_glass_12402.png'
16:29.699  render           | Saved: '/tmp/clearvla_eval_glass_12402.png'
16:31.207  render           | Saved: '/tmp/clearvla_eval_glass_12402.png'
16:31.774  render           | Saved: '/tmp/clearvla_eval_glass_12402.png'
16:34.831  render           | Saved: '/tmp/clearvla_eval_glass_12402.png'
16:35.267  render           | Saved: '/tmp/clearvla_eval_glass_12402.png'
16:35.803  render           | Saved: '/tmp/clearvla_eval_glass_12402.png'
16:37.098  render           | Saved: '/tmp/clearvla_eval_glass_12402.png'
16:39.646  render           | Saved: '/tmp/clearvla_eval_glass_12402.png'
16:40.310  render           | Saved: '/tmp/clearvla_eval_glass_12402.png'
16:40.983  render           | Saved: '/tmp/clearvla_eval_glass_12402.png'
16:41.422  render           | Saved: '/tmp/clearvla_eval_glass_12402.png'
16:41.902  render           | Saved: '/tmp/clearvla_eval_glass_12402.png'
16:42.309  render           | Saved: '/tmp/clearvla_eval_glass_12402.png'
16:42.990  render           | Saved: '/tmp/clearvla_eval_glass_12402.png'
16:43.838  render           | Saved: '/tmp/clearvla_eval_glass_12402.png'
16:45.117  render           | Saved: '/tmp/clearvla_eval_glass_12402.png'
16:45.643  render           | Saved: '/tmp/clearvla_eval_glass_12402.png'
16:48.153  render           | Saved: '/tmp/clearvla_eval_glass_12402.png'
16:48.519  render           | Saved: '/tmp/clearvla_eval_glass_12402.png'
16:48.967  render           | Saved: '/tmp/clearvla_eval_glass_12402.png'
16:49.389  render           | Saved: '/tmp/clearvla_eval_glass_12402.png'
16:50.181  render           | Saved: '/tmp/clearvla_eval_glass_12402.png'
16:50.721  render           | Saved: '/tmp/clearvla_eval_glass_12402.png'
16:52.021  render           | Saved: '/tmp/clearvla_eval_glass_12402.png'
16:52.602  render           | Saved: '/tmp/clearvla_eval_glass_12402.png'
16:53.322  render           | Saved: '/tmp/clearvla_eval_glass_12402.png'
16:53.754  render           | Saved: '/tmp/clearvla_eval_glass_12402.png'
16:55.511  render           | Saved: '/tmp/clearvla_eval_glass_12402.png'
16:56.345  render           | Saved: '/tmp/clearvla_eval_glass_12402.png'
17:03.373  render           | Saved: '/tmp/clearvla_eval_glass_12402.png'
17:04.187  render           | Saved: '/tmp/clearvla_eval_glass_12402.png'
17:08.518  render           | Saved: '/tmp/clearvla_eval_glass_12402.png'
17:09.299  render           | Saved: '/tmp/clearvla_eval_glass_12402.png'
17:15.608  render           | Saved: '/tmp/clearvla_eval_glass_12402.png'
17:16.210  render           | Saved: '/tmp/clearvla_eval_glass_12402.png'
17:17.070  render           | Saved: '/tmp/clearvla_eval_glass_12402.png'
17:17.489  render           | Saved: '/tmp/clearvla_eval_glass_12402.png'
17:18.019  render           | Saved: '/tmp/clearvla_eval_glass_12402.png'
17:18.436  render           | Saved: '/tmp/clearvla_eval_glass_12402.png'
17:19.544  render           | Saved: '/tmp/clearvla_eval_glass_12402.png'
17:20.298  render           | Saved: '/tmp/clearvla_eval_glass_12402.png'
17:24.297  render           | Saved: '/tmp/clearvla_eval_glass_12402.png'
17:24.959  render           | Saved: '/tmp/clearvla_eval_glass_12402.png'
17:25.622  render           | Saved: '/tmp/clearvla_eval_glass_12402.png'
17:26.736  render           | Saved: '/tmp/clearvla_eval_glass_12402.png'
17:30.716  render           | Saved: '/tmp/clearvla_eval_glass_12402.png'
17:31.259  render           | Saved: '/tmp/clearvla_eval_glass_12402.png'
17:32.537  render           | Saved: '/tmp/clearvla_eval_glass_12402.png'
17:33.054  render           | Saved: '/tmp/clearvla_eval_glass_12402.png'
17:33.697  render           | Saved: '/tmp/clearvla_eval_glass_12402.png'
17:34.167  render           | Saved: '/tmp/clearvla_eval_glass_12402.png'
17:34.679  render           | Saved: '/tmp/clearvla_eval_glass_12402.png'
17:35.151  render           | Saved: '/tmp/clearvla_eval_glass_12402.png'
17:35.675  render           | Saved: '/tmp/clearvla_eval_glass_12402.png'
17:36.197  render           | Saved: '/tmp/clearvla_eval_glass_12402.png'
17:36.743  render           | Saved: '/tmp/clearvla_eval_glass_12402.png'
17:38.191  render           | Saved: '/tmp/clearvla_eval_glass_12402.png'
17:42.135  render           | Saved: '/tmp/clearvla_eval_glass_12402.png'
17:42.829  render           | Saved: '/tmp/clearvla_eval_glass_12402.png'
17:43.596  render           | Saved: '/tmp/clearvla_eval_glass_12402.png'
17:44.084  render           | Saved: '/tmp/clearvla_eval_glass_12402.png'
17:44.621  render           | Saved: '/tmp/clearvla_eval_glass_12402.png'
17:45.103  render           | Saved: '/tmp/clearvla_eval_glass_12402.png'
17:46.686  render           | Saved: '/tmp/clearvla_eval_glass_12402.png'
17:47.331  render           | Saved: '/tmp/clearvla_eval_glass_12402.png'
17:49.467  render           | Saved: '/tmp/clearvla_eval_glass_12402.png'
17:49.908  render           | Saved: '/tmp/clearvla_eval_glass_12402.png'
17:50.443  render           | Saved: '/tmp/clearvla_eval_glass_12402.png'
17:51.682  render           | Saved: '/tmp/clearvla_eval_glass_12402.png'
17:56.960  render           | Saved: '/tmp/clearvla_eval_glass_12402.png'
17:58.100  render           | Saved: '/tmp/clearvla_eval_glass_12402.png'
17:59.051  render           | Saved: '/tmp/clearvla_eval_glass_12402.png'
17:59.487  render           | Saved: '/tmp/clearvla_eval_glass_12402.png'
18:00.188  render           | Saved: '/tmp/clearvla_eval_glass_12402.png'
18:01.395  render           | Saved: '/tmp/clearvla_eval_glass_12402.png'
18:02.224  render           | Saved: '/tmp/clearvla_eval_glass_12402.png'
18:02.641  render           | Saved: '/tmp/clearvla_eval_glass_12402.png'
18:03.214  render           | Saved: '/tmp/clearvla_eval_glass_12402.png'
18:03.673  render           | Saved: '/tmp/clearvla_eval_glass_12402.png'
18:04.252  render           | Saved: '/tmp/clearvla_eval_glass_12402.png'
18:05.815  render           | Saved: '/tmp/clearvla_eval_glass_12402.png'
18:10.446  render           | Saved: '/tmp/clearvla_eval_glass_12402.png'
18:11.415  render           | Saved: '/tmp/clearvla_eval_glass_12402.png'
18:13.135  render           | Saved: '/tmp/clearvla_eval_glass_12402.png'
18:14.001  render           | Saved: '/tmp/clearvla_eval_glass_12402.png'
18:18.169  render           | Saved: '/tmp/clearvla_eval_glass_12402.png'
18:18.889  render           | Saved: '/tmp/clearvla_eval_glass_12402.png'
18:19.593  render           | Saved: '/tmp/clearvla_eval_glass_12402.png'
18:20.075  render           | Saved: '/tmp/clearvla_eval_glass_12402.png'
18:20.595  render           | Saved: '/tmp/clearvla_eval_glass_12402.png'
18:22.222  render           | Saved: '/tmp/clearvla_eval_glass_12402.png'
18:26.739  render           | Saved: '/tmp/clearvla_eval_glass_12402.png'
18:27.386  render           | Saved: '/tmp/clearvla_eval_glass_12402.png'
18:32.341  render           | Saved: '/tmp/clearvla_eval_glass_12402.png'
18:33.044  render           | Saved: '/tmp/clearvla_eval_glass_12402.png'
18:37.555  render           | Saved: '/tmp/clearvla_eval_glass_12402.png'
18:38.103  render           | Saved: '/tmp/clearvla_eval_glass_12402.png'
18:38.798  render           | Saved: '/tmp/clearvla_eval_glass_12402.png'
18:39.279  render           | Saved: '/tmp/clearvla_eval_glass_12402.png'
18:39.816  render           | Saved: '/tmp/clearvla_eval_glass_12402.png'
18:40.742  render           | Saved: '/tmp/clearvla_eval_glass_12402.png'
18:42.205  render           | Saved: '/tmp/clearvla_eval_glass_12402.png'
18:42.761  render           | Saved: '/tmp/clearvla_eval_glass_12402.png'
18:44.196  render           | Saved: '/tmp/clearvla_eval_glass_12402.png'
18:44.771  render           | Saved: '/tmp/clearvla_eval_glass_12402.png'
18:46.680  render           | Saved: '/tmp/clearvla_eval_glass_12402.png'
18:47.133  render           | Saved: '/tmp/clearvla_eval_glass_12402.png'
18:49.813  render           | Saved: '/tmp/clearvla_eval_glass_12402.png'
18:50.413  render           | Saved: '/tmp/clearvla_eval_glass_12402.png'
18:51.852  render           | Saved: '/tmp/clearvla_eval_glass_12402.png'
18:52.479  render           | Saved: '/tmp/clearvla_eval_glass_12402.png'
18:53.181  render           | Saved: '/tmp/clearvla_eval_glass_12402.png'
18:53.607  render           | Saved: '/tmp/clearvla_eval_glass_12402.png'
18:54.142  render           | Saved: '/tmp/clearvla_eval_glass_12402.png'
18:54.621  render           | Saved: '/tmp/clearvla_eval_glass_12402.png'
18:55.415  render           | Saved: '/tmp/clearvla_eval_glass_12402.png'
18:56.001  render           | Saved: '/tmp/clearvla_eval_glass_12402.png'
18:57.313  render           | Saved: '/tmp/clearvla_eval_glass_12402.png'
18:57.857  render           | Saved: '/tmp/clearvla_eval_glass_12402.png'
18:58.569  render           | Saved: '/tmp/clearvla_eval_glass_12402.png'
18:59.025  render           | Saved: '/tmp/clearvla_eval_glass_12402.png'
18:59.546  render           | Saved: '/tmp/clearvla_eval_glass_12402.png'
19:00.020  render           | Saved: '/tmp/clearvla_eval_glass_12402.png'
19:01.330  render           | Saved: '/tmp/clearvla_eval_glass_12402.png'
19:01.929  render           | Saved: '/tmp/clearvla_eval_glass_12402.png'
19:02.734  render           | Saved: '/tmp/clearvla_eval_glass_12402.png'
19:03.155  render           | Saved: '/tmp/clearvla_eval_glass_12402.png'
19:03.681  render           | Saved: '/tmp/clearvla_eval_glass_12402.png'
19:04.167  render           | Saved: '/tmp/clearvla_eval_glass_12402.png'
19:04.712  render           | Saved: '/tmp/clearvla_eval_glass_12402.png'
19:05.097  render           | Saved: '/tmp/clearvla_eval_glass_12402.png'
19:05.587  render           | Saved: '/tmp/clearvla_eval_glass_12402.png'
19:06.037  render           | Saved: '/tmp/clearvla_eval_glass_12402.png'
19:06.575  render           | Saved: '/tmp/clearvla_eval_glass_12402.png'
19:07.498  render           | Saved: '/tmp/clearvla_eval_glass_12402.png'
19:08.299  render           | Saved: '/tmp/clearvla_eval_glass_12402.png'
19:09.232  render           | Saved: '/tmp/clearvla_eval_glass_12402.png'
19:11.934  render           | Saved: '/tmp/clearvla_eval_glass_12402.png'
19:12.442  render           | Saved: '/tmp/clearvla_eval_glass_12402.png'
19:12.981  render           | Saved: '/tmp/clearvla_eval_glass_12402.png'
19:13.473  render           | Saved: '/tmp/clearvla_eval_glass_12402.png'
19:14.576  render           | Saved: '/tmp/clearvla_eval_glass_12402.png'
19:15.219  render           | Saved: '/tmp/clearvla_eval_glass_12402.png'
19:15.890  render           | Saved: '/tmp/clearvla_eval_glass_12402.png'
19:16.357  render           | Saved: '/tmp/clearvla_eval_glass_12402.png'
19:16.837  render           | Saved: '/tmp/clearvla_eval_glass_12402.png'
19:17.314  render           | Saved: '/tmp/clearvla_eval_glass_12402.png'
19:18.182  render           | Saved: '/tmp/clearvla_eval_glass_12402.png'
19:19.131  render           | Saved: '/tmp/clearvla_eval_glass_12402.png'
19:21.383  render           | Saved: '/tmp/clearvla_eval_glass_12402.png'
19:21.866  render           | Saved: '/tmp/clearvla_eval_glass_12402.png'
19:23.324  render           | Saved: '/tmp/clearvla_eval_glass_12402.png'
19:23.887  render           | Saved: '/tmp/clearvla_eval_glass_12402.png'
19:24.677  render           | Saved: '/tmp/clearvla_eval_glass_12402.png'
19:25.212  render           | Saved: '/tmp/clearvla_eval_glass_12402.png'
19:25.780  render           | Saved: '/tmp/clearvla_eval_glass_12402.png'
19:26.203  render           | Saved: '/tmp/clearvla_eval_glass_12402.png'
19:26.765  render           | Saved: '/tmp/clearvla_eval_glass_12402.png'
19:27.680  render           | Saved: '/tmp/clearvla_eval_glass_12402.png'
19:29.473  render           | Saved: '/tmp/clearvla_eval_glass_12402.png'
19:30.639  render           | Saved: '/tmp/clearvla_eval_glass_12402.png'
19:33.222  render           | Saved: '/tmp/clearvla_eval_glass_12402.png'
19:33.845  render           | Saved: '/tmp/clearvla_eval_glass_12402.png'
19:36.280  render           | Saved: '/tmp/clearvla_eval_glass_12402.png'
19:36.838  render           | Saved: '/tmp/clearvla_eval_glass_12402.png'
19:37.633  render           | Saved: '/tmp/clearvla_eval_glass_12402.png'
19:38.101  render           | Saved: '/tmp/clearvla_eval_glass_12402.png'
19:38.672  render           | Saved: '/tmp/clearvla_eval_glass_12402.png'
19:39.280  render           | Saved: '/tmp/clearvla_eval_glass_12402.png'
19:40.243  render           | Saved: '/tmp/clearvla_eval_glass_12402.png'
19:40.827  render           | Saved: '/tmp/clearvla_eval_glass_12402.png'
19:42.193  render           | Saved: '/tmp/clearvla_eval_glass_12402.png'
19:42.778  render           | Saved: '/tmp/clearvla_eval_glass_12402.png'
19:44.089  render           | Saved: '/tmp/clearvla_eval_glass_12402.png'
19:44.771  render           | Saved: '/tmp/clearvla_eval_glass_12402.png'
19:45.430  render           | Saved: '/tmp/clearvla_eval_glass_12402.png'
19:45.910  render           | Saved: '/tmp/clearvla_eval_glass_12402.png'
19:46.438  render           | Saved: '/tmp/clearvla_eval_glass_12402.png'
19:46.880  render           | Saved: '/tmp/clearvla_eval_glass_12402.png'
19:48.075  render           | Saved: '/tmp/clearvla_eval_glass_12402.png'
19:48.684  render           | Saved: '/tmp/clearvla_eval_glass_12402.png'
19:50.730  render           | Saved: '/tmp/clearvla_eval_glass_12402.png'
19:51.402  render           | Saved: '/tmp/clearvla_eval_glass_12402.png'
19:52.366  render           | Saved: '/tmp/clearvla_eval_glass_12402.png'
19:52.838  render           | Saved: '/tmp/clearvla_eval_glass_12402.png'
19:53.481  render           | Saved: '/tmp/clearvla_eval_glass_12402.png'
19:53.980  render           | Saved: '/tmp/clearvla_eval_glass_12402.png'
19:54.553  render           | Saved: '/tmp/clearvla_eval_glass_12402.png'
19:55.574  render           | Saved: '/tmp/clearvla_eval_glass_12402.png'
19:59.023  render           | Saved: '/tmp/clearvla_eval_glass_12402.png'
19:59.647  render           | Saved: '/tmp/clearvla_eval_glass_12402.png'
20:00.654  render           | Saved: '/tmp/clearvla_eval_glass_12402.png'
20:01.279  render           | Saved: '/tmp/clearvla_eval_glass_12402.png'
20:01.885  render           | Saved: '/tmp/clearvla_eval_glass_12402.png'
20:02.401  render           | Saved: '/tmp/clearvla_eval_glass_12402.png'
20:03.049  render           | Saved: '/tmp/clearvla_eval_glass_12402.png'
20:04.057  render           | Saved: '/tmp/clearvla_eval_glass_12402.png'
20:04.882  render           | Saved: '/tmp/clearvla_eval_glass_12402.png'
20:05.316  render           | Saved: '/tmp/clearvla_eval_glass_12402.png'
20:05.887  render           | Saved: '/tmp/clearvla_eval_glass_12402.png'
20:06.364  render           | Saved: '/tmp/clearvla_eval_glass_12402.png'
20:07.062  render           | Saved: '/tmp/clearvla_eval_glass_12402.png'
20:08.006  render           | Saved: '/tmp/clearvla_eval_glass_12402.png'
20:08.848  render           | Saved: '/tmp/clearvla_eval_glass_12402.png'
20:09.942  render           | Saved: '/tmp/clearvla_eval_glass_12402.png'
20:13.942  render           | Saved: '/tmp/clearvla_eval_glass_12402.png'
20:14.451  render           | Saved: '/tmp/clearvla_eval_glass_12402.png'
20:16.523  render           | Saved: '/tmp/clearvla_eval_glass_12402.png'
20:17.230  render           | Saved: '/tmp/clearvla_eval_glass_12402.png'
20:18.047  render           | Saved: '/tmp/clearvla_eval_glass_12402.png'
20:18.476  render           | Saved: '/tmp/clearvla_eval_glass_12402.png'
20:19.032  render           | Saved: '/tmp/clearvla_eval_glass_12402.png'
20:19.524  render           | Saved: '/tmp/clearvla_eval_glass_12402.png'
20:20.239  render           | Saved: '/tmp/clearvla_eval_glass_12402.png'
20:20.787  render           | Saved: '/tmp/clearvla_eval_glass_12402.png'
20:21.605  render           | Saved: '/tmp/clearvla_eval_glass_12402.png'
20:22.343  render           | Saved: '/tmp/clearvla_eval_glass_12402.png'
20:23.500  render           | Saved: '/tmp/clearvla_eval_glass_12402.png'
20:24.093  render           | Saved: '/tmp/clearvla_eval_glass_12402.png'
20:25.346  render           | Saved: '/tmp/clearvla_eval_glass_12402.png'
20:26.127  render           | Saved: '/tmp/clearvla_eval_glass_12402.png'
20:28.917  render           | Saved: '/tmp/clearvla_eval_glass_12402.png'
20:30.009  render           | Saved: '/tmp/clearvla_eval_glass_12402.png'
20:31.759  render           | Saved: '/tmp/clearvla_eval_glass_12402.png'
20:32.324  render           | Saved: '/tmp/clearvla_eval_glass_12402.png'
20:34.477  render           | Saved: '/tmp/clearvla_eval_glass_12402.png'
20:35.049  render           | Saved: '/tmp/clearvla_eval_glass_12402.png'
20:36.436  render           | Saved: '/tmp/clearvla_eval_glass_12402.png'
20:36.969  render           | Saved: '/tmp/clearvla_eval_glass_12402.png'
20:37.657  render           | Saved: '/tmp/clearvla_eval_glass_12402.png'
20:38.120  render           | Saved: '/tmp/clearvla_eval_glass_12402.png'
20:38.604  render           | Saved: '/tmp/clearvla_eval_glass_12402.png'
20:39.102  render           | Saved: '/tmp/clearvla_eval_glass_12402.png'
20:39.959  render           | Saved: '/tmp/clearvla_eval_glass_12402.png'
20:40.457  render           | Saved: '/tmp/clearvla_eval_glass_12402.png'
20:41.070  render           | Saved: '/tmp/clearvla_eval_glass_12402.png'
20:41.453  render           | Saved: '/tmp/clearvla_eval_glass_12402.png'
20:41.974  render           | Saved: '/tmp/clearvla_eval_glass_12402.png'
20:42.368  render           | Saved: '/tmp/clearvla_eval_glass_12402.png'
20:42.945  render           | Saved: '/tmp/clearvla_eval_glass_12402.png'
20:43.690  render           | Saved: '/tmp/clearvla_eval_glass_12402.png'
20:44.407  render           | Saved: '/tmp/clearvla_eval_glass_12402.png'
20:45.357  render           | Saved: '/tmp/clearvla_eval_glass_12402.png'
20:46.701  render           | Saved: '/tmp/clearvla_eval_glass_12402.png'
20:47.328  render           | Saved: '/tmp/clearvla_eval_glass_12402.png'
20:48.588  render           | Saved: '/tmp/clearvla_eval_glass_12402.png'
20:49.221  render           | Saved: '/tmp/clearvla_eval_glass_12402.png'
20:49.884  render           | Saved: '/tmp/clearvla_eval_glass_12402.png'
20:50.360  render           | Saved: '/tmp/clearvla_eval_glass_12402.png'
20:50.889  render           | Saved: '/tmp/clearvla_eval_glass_12402.png'
20:51.419  render           | Saved: '/tmp/clearvla_eval_glass_12402.png'
20:52.621  render           | Saved: '/tmp/clearvla_eval_glass_12402.png'
20:53.124  render           | Saved: '/tmp/clearvla_eval_glass_12402.png'
20:53.788  render           | Saved: '/tmp/clearvla_eval_glass_12402.png'
20:54.164  render           | Saved: '/tmp/clearvla_eval_glass_12402.png'
20:54.729  render           | Saved: '/tmp/clearvla_eval_glass_12402.png'
20:55.198  render           | Saved: '/tmp/clearvla_eval_glass_12402.png'
20:55.944  render           | Saved: '/tmp/clearvla_eval_glass_12402.png'
20:56.671  render           | Saved: '/tmp/clearvla_eval_glass_12402.png'
20:57.827  render           | Saved: '/tmp/clearvla_eval_glass_12402.png'
20:58.936  render           | Saved: '/tmp/clearvla_eval_glass_12402.png'
21:01.643  render           | Saved: '/tmp/clearvla_eval_glass_12402.png'
21:02.412  render           | Saved: '/tmp/clearvla_eval_glass_12402.png'
21:07.780  render           | Saved: '/tmp/clearvla_eval_glass_12402.png'
21:08.333  render           | Saved: '/tmp/clearvla_eval_glass_12402.png'
21:10.470  render           | Saved: '/tmp/clearvla_eval_glass_12402.png'
21:11.168  render           | Saved: '/tmp/clearvla_eval_glass_12402.png'
21:12.734  render           | Saved: '/tmp/clearvla_eval_glass_12402.png'
21:13.469  render           | Saved: '/tmp/clearvla_eval_glass_12402.png'
21:18.489  render           | Saved: '/tmp/clearvla_eval_glass_12402.png'
21:19.044  render           | Saved: '/tmp/clearvla_eval_glass_12402.png'
21:20.644  render           | Saved: '/tmp/clearvla_eval_glass_12402.png'
21:21.467  render           | Saved: '/tmp/clearvla_eval_glass_12402.png'
21:22.763  render           | Saved: '/tmp/clearvla_eval_glass_12402.png'
21:23.236  render           | Saved: '/tmp/clearvla_eval_glass_12402.png'
21:23.889  render           | Saved: '/tmp/clearvla_eval_glass_12402.png'
21:24.354  render           | Saved: '/tmp/clearvla_eval_glass_12402.png'
21:24.893  render           | Saved: '/tmp/clearvla_eval_glass_12402.png'
21:25.356  render           | Saved: '/tmp/clearvla_eval_glass_12402.png'
21:25.887  render           | Saved: '/tmp/clearvla_eval_glass_12402.png'
21:26.360  render           | Saved: '/tmp/clearvla_eval_glass_12402.png'
21:27.574  render           | Saved: '/tmp/clearvla_eval_glass_12402.png'
21:28.247  render           | Saved: '/tmp/clearvla_eval_glass_12402.png'
21:28.906  render           | Saved: '/tmp/clearvla_eval_glass_12402.png'
21:29.378  render           | Saved: '/tmp/clearvla_eval_glass_12402.png'
21:29.939  render           | Saved: '/tmp/clearvla_eval_glass_12402.png'
21:31.121  render           | Saved: '/tmp/clearvla_eval_glass_12402.png'
21:34.827  render           | Saved: '/tmp/clearvla_eval_glass_12402.png'
21:35.968  render           | Saved: '/tmp/clearvla_eval_glass_12402.png'
21:39.376  render           | Saved: '/tmp/clearvla_eval_glass_12402.png'
21:39.989  render           | Saved: '/tmp/clearvla_eval_glass_12402.png'
21:41.255  render           | Saved: '/tmp/clearvla_eval_glass_12402.png'
21:41.810  render           | Saved: '/tmp/clearvla_eval_glass_12402.png'
21:42.508  render           | Saved: '/tmp/clearvla_eval_glass_12402.png'
21:43.991  render           | Saved: '/tmp/clearvla_eval_glass_12402.png'
21:46.595  render           | Saved: '/tmp/clearvla_eval_glass_12402.png'
21:48.376  render           | Saved: '/tmp/clearvla_eval_glass_12402.png'
21:51.382  render           | Saved: '/tmp/clearvla_eval_glass_12402.png'
21:52.094  render           | Saved: '/tmp/clearvla_eval_glass_12402.png'
21:53.499  render           | Saved: '/tmp/clearvla_eval_glass_12402.png'
21:54.076  render           | Saved: '/tmp/clearvla_eval_glass_12402.png'
21:56.238  render           | Saved: '/tmp/clearvla_eval_glass_12402.png'
21:57.466  render           | Saved: '/tmp/clearvla_eval_glass_12402.png'
22:01.107  render           | Saved: '/tmp/clearvla_eval_glass_12402.png'
22:01.729  render           | Saved: '/tmp/clearvla_eval_glass_12402.png'
22:02.531  render           | Saved: '/tmp/clearvla_eval_glass_12402.png'
22:03.091  render           | Saved: '/tmp/clearvla_eval_glass_12402.png'
22:04.041  render           | Saved: '/tmp/clearvla_eval_glass_12402.png'
22:05.044  render           | Saved: '/tmp/clearvla_eval_glass_12402.png'
22:07.798  render           | Saved: '/tmp/clearvla_eval_glass_12402.png'
22:08.216  render           | Saved: '/tmp/clearvla_eval_glass_12402.png'
22:08.721  render           | Saved: '/tmp/clearvla_eval_glass_12402.png'
22:09.172  render           | Saved: '/tmp/clearvla_eval_glass_12402.png'
22:09.846  render           | Saved: '/tmp/clearvla_eval_glass_12402.png'
22:10.447  render           | Saved: '/tmp/clearvla_eval_glass_12402.png'
22:11.817  render           | Saved: '/tmp/clearvla_eval_glass_12402.png'
22:12.524  render           | Saved: '/tmp/clearvla_eval_glass_12402.png'
22:15.943  render           | Saved: '/tmp/clearvla_eval_glass_12402.png'
22:16.899  render           | Saved: '/tmp/clearvla_eval_glass_12402.png'
22:18.530  render           | Saved: '/tmp/clearvla_eval_glass_12402.png'
22:19.263  render           | Saved: '/tmp/clearvla_eval_glass_12402.png'
22:20.561  render           | Saved: '/tmp/clearvla_eval_glass_12402.png'
22:21.159  render           | Saved: '/tmp/clearvla_eval_glass_12402.png'
22:24.702  render           | Saved: '/tmp/clearvla_eval_glass_12402.png'
22:25.257  render           | Saved: '/tmp/clearvla_eval_glass_12402.png'
22:25.872  render           | Saved: '/tmp/clearvla_eval_glass_12402.png'
22:26.336  render           | Saved: '/tmp/clearvla_eval_glass_12402.png'
22:26.827  render           | Saved: '/tmp/clearvla_eval_glass_12402.png'
22:27.870  render           | Saved: '/tmp/clearvla_eval_glass_12402.png'
22:30.553  render           | Saved: '/tmp/clearvla_eval_glass_12402.png'
22:31.136  render           | Saved: '/tmp/clearvla_eval_glass_12402.png'
22:31.813  render           | Saved: '/tmp/clearvla_eval_glass_12402.png'
22:32.267  render           | Saved: '/tmp/clearvla_eval_glass_12402.png'
22:32.788  render           | Saved: '/tmp/clearvla_eval_glass_12402.png'
22:33.994  render           | Saved: '/tmp/clearvla_eval_glass_12402.png'
22:37.636  render           | Saved: '/tmp/clearvla_eval_glass_12402.png'
22:38.389  render           | Saved: '/tmp/clearvla_eval_glass_12402.png'
22:39.420  render           | Saved: '/tmp/clearvla_eval_glass_12402.png'
22:39.863  render           | Saved: '/tmp/clearvla_eval_glass_12402.png'
22:40.399  render           | Saved: '/tmp/clearvla_eval_glass_12402.png'
22:40.846  render           | Saved: '/tmp/clearvla_eval_glass_12402.png'
[full/glass] pour: 7/20  (22.6 min, 91.0 s/ep)
22:43.312  render           | Saved: '/tmp/clearvla_eval_glass_12402.png'
22:44.306  render           | Saved: '/tmp/clearvla_eval_glass_12402.png'
22:48.320  render           | Saved: '/tmp/clearvla_eval_glass_12402.png'
22:48.790  render           | Saved: '/tmp/clearvla_eval_glass_12402.png'
22:49.460  render           | Saved: '/tmp/clearvla_eval_glass_12402.png'
22:49.862  render           | Saved: '/tmp/clearvla_eval_glass_12402.png'
22:50.467  render           | Saved: '/tmp/clearvla_eval_glass_12402.png'
22:51.251  render           | Saved: '/tmp/clearvla_eval_glass_12402.png'
22:52.026  render           | Saved: '/tmp/clearvla_eval_glass_12402.png'
22:52.899  render           | Saved: '/tmp/clearvla_eval_glass_12402.png'
22:53.862  render           | Saved: '/tmp/clearvla_eval_glass_12402.png'
22:54.351  render           | Saved: '/tmp/clearvla_eval_glass_12402.png'
22:54.934  render           | Saved: '/tmp/clearvla_eval_glass_12402.png'
22:55.990  render           | Saved: '/tmp/clearvla_eval_glass_12402.png'
22:57.964  render           | Saved: '/tmp/clearvla_eval_glass_12402.png'
22:58.469  render           | Saved: '/tmp/clearvla_eval_glass_12402.png'
22:59.109  render           | Saved: '/tmp/clearvla_eval_glass_12402.png'
23:00.398  render           | Saved: '/tmp/clearvla_eval_glass_12402.png'
23:03.451  render           | Saved: '/tmp/clearvla_eval_glass_12402.png'
23:04.073  render           | Saved: '/tmp/clearvla_eval_glass_12402.png'
23:05.172  render           | Saved: '/tmp/clearvla_eval_glass_12402.png'
23:05.825  render           | Saved: '/tmp/clearvla_eval_glass_12402.png'
23:07.116  render           | Saved: '/tmp/clearvla_eval_glass_12402.png'
23:07.885  render           | Saved: '/tmp/clearvla_eval_glass_12402.png'
23:11.839  render           | Saved: '/tmp/clearvla_eval_glass_12402.png'
23:12.817  render           | Saved: '/tmp/clearvla_eval_glass_12402.png'
23:14.418  render           | Saved: '/tmp/clearvla_eval_glass_12402.png'
23:14.989  render           | Saved: '/tmp/clearvla_eval_glass_12402.png'
23:16.009  render           | Saved: '/tmp/clearvla_eval_glass_12402.png'
23:16.653  render           | Saved: '/tmp/clearvla_eval_glass_12402.png'
23:17.315  render           | Saved: '/tmp/clearvla_eval_glass_12402.png'
23:17.756  render           | Saved: '/tmp/clearvla_eval_glass_12402.png'
23:18.372  render           | Saved: '/tmp/clearvla_eval_glass_12402.png'
23:19.718  render           | Saved: '/tmp/clearvla_eval_glass_12402.png'
23:21.985  render           | Saved: '/tmp/clearvla_eval_glass_12402.png'
23:22.351  render           | Saved: '/tmp/clearvla_eval_glass_12402.png'
23:22.915  render           | Saved: '/tmp/clearvla_eval_glass_12402.png'
23:23.329  render           | Saved: '/tmp/clearvla_eval_glass_12402.png'
23:23.915  render           | Saved: '/tmp/clearvla_eval_glass_12402.png'
23:24.981  render           | Saved: '/tmp/clearvla_eval_glass_12402.png'
23:27.122  render           | Saved: '/tmp/clearvla_eval_glass_12402.png'
23:27.680  render           | Saved: '/tmp/clearvla_eval_glass_12402.png'
23:28.378  render           | Saved: '/tmp/clearvla_eval_glass_12402.png'
23:28.841  render           | Saved: '/tmp/clearvla_eval_glass_12402.png'
23:29.382  render           | Saved: '/tmp/clearvla_eval_glass_12402.png'
23:29.983  render           | Saved: '/tmp/clearvla_eval_glass_12402.png'
23:31.300  render           | Saved: '/tmp/clearvla_eval_glass_12402.png'
23:31.960  render           | Saved: '/tmp/clearvla_eval_glass_12402.png'
23:32.677  render           | Saved: '/tmp/clearvla_eval_glass_12402.png'
23:33.155  render           | Saved: '/tmp/clearvla_eval_glass_12402.png'
23:33.677  render           | Saved: '/tmp/clearvla_eval_glass_12402.png'
23:34.494  render           | Saved: '/tmp/clearvla_eval_glass_12402.png'
23:36.019  render           | Saved: '/tmp/clearvla_eval_glass_12402.png'
23:36.573  render           | Saved: '/tmp/clearvla_eval_glass_12402.png'
23:37.315  render           | Saved: '/tmp/clearvla_eval_glass_12402.png'
23:37.761  render           | Saved: '/tmp/clearvla_eval_glass_12402.png'
23:38.286  render           | Saved: '/tmp/clearvla_eval_glass_12402.png'
23:38.739  render           | Saved: '/tmp/clearvla_eval_glass_12402.png'
23:39.907  render           | Saved: '/tmp/clearvla_eval_glass_12402.png'
23:40.687  render           | Saved: '/tmp/clearvla_eval_glass_12402.png'
23:43.015  render           | Saved: '/tmp/clearvla_eval_glass_12402.png'
23:43.470  render           | Saved: '/tmp/clearvla_eval_glass_12402.png'
23:44.031  render           | Saved: '/tmp/clearvla_eval_glass_12402.png'
23:45.327  render           | Saved: '/tmp/clearvla_eval_glass_12402.png'
23:47.347  render           | Saved: '/tmp/clearvla_eval_glass_12402.png'
23:48.145  render           | Saved: '/tmp/clearvla_eval_glass_12402.png'
23:49.103  render           | Saved: '/tmp/clearvla_eval_glass_12402.png'
23:49.600  render           | Saved: '/tmp/clearvla_eval_glass_12402.png'
23:50.281  render           | Saved: '/tmp/clearvla_eval_glass_12402.png'
23:50.781  render           | Saved: '/tmp/clearvla_eval_glass_12402.png'
23:51.390  render           | Saved: '/tmp/clearvla_eval_glass_12402.png'
23:52.173  render           | Saved: '/tmp/clearvla_eval_glass_12402.png'
23:53.168  render           | Saved: '/tmp/clearvla_eval_glass_12402.png'
23:53.810  render           | Saved: '/tmp/clearvla_eval_glass_12402.png'
23:55.001  render           | Saved: '/tmp/clearvla_eval_glass_12402.png'
23:56.006  render           | Saved: '/tmp/clearvla_eval_glass_12402.png'
23:59.069  render           | Saved: '/tmp/clearvla_eval_glass_12402.png'
23:59.684  render           | Saved: '/tmp/clearvla_eval_glass_12402.png'
24:04.059  render           | Saved: '/tmp/clearvla_eval_glass_12402.png'
24:04.667  render           | Saved: '/tmp/clearvla_eval_glass_12402.png'
24:06.014  render           | Saved: '/tmp/clearvla_eval_glass_12402.png'
24:06.484  render           | Saved: '/tmp/clearvla_eval_glass_12402.png'
24:07.004  render           | Saved: '/tmp/clearvla_eval_glass_12402.png'
24:07.486  render           | Saved: '/tmp/clearvla_eval_glass_12402.png'
24:08.032  render           | Saved: '/tmp/clearvla_eval_glass_12402.png'
24:09.307  render           | Saved: '/tmp/clearvla_eval_glass_12402.png'
24:10.190  render           | Saved: '/tmp/clearvla_eval_glass_12402.png'
24:10.624  render           | Saved: '/tmp/clearvla_eval_glass_12402.png'
24:11.196  render           | Saved: '/tmp/clearvla_eval_glass_12402.png'
24:11.631  render           | Saved: '/tmp/clearvla_eval_glass_12402.png'
24:12.157  render           | Saved: '/tmp/clearvla_eval_glass_12402.png'
24:13.169  render           | Saved: '/tmp/clearvla_eval_glass_12402.png'
24:16.045  render           | Saved: '/tmp/clearvla_eval_glass_12402.png'
24:16.668  render           | Saved: '/tmp/clearvla_eval_glass_12402.png'
24:21.056  render           | Saved: '/tmp/clearvla_eval_glass_12402.png'
24:21.624  render           | Saved: '/tmp/clearvla_eval_glass_12402.png'
24:22.422  render           | Saved: '/tmp/clearvla_eval_glass_12402.png'
24:22.931  render           | Saved: '/tmp/clearvla_eval_glass_12402.png'
24:23.435  render           | Saved: '/tmp/clearvla_eval_glass_12402.png'
24:23.865  render           | Saved: '/tmp/clearvla_eval_glass_12402.png'
24:24.399  render           | Saved: '/tmp/clearvla_eval_glass_12402.png'
24:24.828  render           | Saved: '/tmp/clearvla_eval_glass_12402.png'
24:25.359  render           | Saved: '/tmp/clearvla_eval_glass_12402.png'
24:25.798  render           | Saved: '/tmp/clearvla_eval_glass_12402.png'
24:27.178  render           | Saved: '/tmp/clearvla_eval_glass_12402.png'
24:27.930  render           | Saved: '/tmp/clearvla_eval_glass_12402.png'
24:28.617  render           | Saved: '/tmp/clearvla_eval_glass_12402.png'
24:29.093  render           | Saved: '/tmp/clearvla_eval_glass_12402.png'
24:29.740  render           | Saved: '/tmp/clearvla_eval_glass_12402.png'
24:30.631  render           | Saved: '/tmp/clearvla_eval_glass_12402.png'
24:33.263  render           | Saved: '/tmp/clearvla_eval_glass_12402.png'
24:33.916  render           | Saved: '/tmp/clearvla_eval_glass_12402.png'
24:38.995  render           | Saved: '/tmp/clearvla_eval_glass_12402.png'
24:39.633  render           | Saved: '/tmp/clearvla_eval_glass_12402.png'
24:40.323  render           | Saved: '/tmp/clearvla_eval_glass_12402.png'
24:40.767  render           | Saved: '/tmp/clearvla_eval_glass_12402.png'
24:41.291  render           | Saved: '/tmp/clearvla_eval_glass_12402.png'
24:41.755  render           | Saved: '/tmp/clearvla_eval_glass_12402.png'
24:42.285  render           | Saved: '/tmp/clearvla_eval_glass_12402.png'
24:42.763  render           | Saved: '/tmp/clearvla_eval_glass_12402.png'
24:43.284  render           | Saved: '/tmp/clearvla_eval_glass_12402.png'
24:43.854  render           | Saved: '/tmp/clearvla_eval_glass_12402.png'
24:44.660  render           | Saved: '/tmp/clearvla_eval_glass_12402.png'
24:45.422  render           | Saved: '/tmp/clearvla_eval_glass_12402.png'
24:46.190  render           | Saved: '/tmp/clearvla_eval_glass_12402.png'
24:46.648  render           | Saved: '/tmp/clearvla_eval_glass_12402.png'
24:47.764  render           | Saved: '/tmp/clearvla_eval_glass_12402.png'
24:48.338  render           | Saved: '/tmp/clearvla_eval_glass_12402.png'
24:49.626  render           | Saved: '/tmp/clearvla_eval_glass_12402.png'
24:50.034  render           | Saved: '/tmp/clearvla_eval_glass_12402.png'
24:50.602  render           | Saved: '/tmp/clearvla_eval_glass_12402.png'
24:51.058  render           | Saved: '/tmp/clearvla_eval_glass_12402.png'
24:51.707  render           | Saved: '/tmp/clearvla_eval_glass_12402.png'
24:52.482  render           | Saved: '/tmp/clearvla_eval_glass_12402.png'
24:53.649  render           | Saved: '/tmp/clearvla_eval_glass_12402.png'
24:54.191  render           | Saved: '/tmp/clearvla_eval_glass_12402.png'
24:57.608  render           | Saved: '/tmp/clearvla_eval_glass_12402.png'
24:58.899  render           | Saved: '/tmp/clearvla_eval_glass_12402.png'
25:03.940  render           | Saved: '/tmp/clearvla_eval_glass_12402.png'
25:04.449  render           | Saved: '/tmp/clearvla_eval_glass_12402.png'
25:05.180  render           | Saved: '/tmp/clearvla_eval_glass_12402.png'
25:05.837  render           | Saved: '/tmp/clearvla_eval_glass_12402.png'
25:06.798  render           | Saved: '/tmp/clearvla_eval_glass_12402.png'
25:07.322  render           | Saved: '/tmp/clearvla_eval_glass_12402.png'
25:08.140  render           | Saved: '/tmp/clearvla_eval_glass_12402.png'
25:08.840  render           | Saved: '/tmp/clearvla_eval_glass_12402.png'
25:09.489  render           | Saved: '/tmp/clearvla_eval_glass_12402.png'
25:09.977  render           | Saved: '/tmp/clearvla_eval_glass_12402.png'
25:10.516  render           | Saved: '/tmp/clearvla_eval_glass_12402.png'
25:12.037  render           | Saved: '/tmp/clearvla_eval_glass_12402.png'
25:12.806  render           | Saved: '/tmp/clearvla_eval_glass_12402.png'
25:13.272  render           | Saved: '/tmp/clearvla_eval_glass_12402.png'
25:13.823  render           | Saved: '/tmp/clearvla_eval_glass_12402.png'
25:14.300  render           | Saved: '/tmp/clearvla_eval_glass_12402.png'
25:14.811  render           | Saved: '/tmp/clearvla_eval_glass_12402.png'
25:15.293  render           | Saved: '/tmp/clearvla_eval_glass_12402.png'
25:15.836  render           | Saved: '/tmp/clearvla_eval_glass_12402.png'
25:16.999  render           | Saved: '/tmp/clearvla_eval_glass_12402.png'
25:20.210  render           | Saved: '/tmp/clearvla_eval_glass_12402.png'
25:20.754  render           | Saved: '/tmp/clearvla_eval_glass_12402.png'
25:21.824  render           | Saved: '/tmp/clearvla_eval_glass_12402.png'
25:22.295  render           | Saved: '/tmp/clearvla_eval_glass_12402.png'
25:22.838  render           | Saved: '/tmp/clearvla_eval_glass_12402.png'
25:23.942  render           | Saved: '/tmp/clearvla_eval_glass_12402.png'
25:26.254  render           | Saved: '/tmp/clearvla_eval_glass_12402.png'
25:26.888  render           | Saved: '/tmp/clearvla_eval_glass_12402.png'
25:28.709  render           | Saved: '/tmp/clearvla_eval_glass_12402.png'
25:29.761  render           | Saved: '/tmp/clearvla_eval_glass_12402.png'
25:32.730  render           | Saved: '/tmp/clearvla_eval_glass_12402.png'
25:33.221  render           | Saved: '/tmp/clearvla_eval_glass_12402.png'
25:33.997  render           | Saved: '/tmp/clearvla_eval_glass_12402.png'
25:34.784  render           | Saved: '/tmp/clearvla_eval_glass_12402.png'
25:35.902  render           | Saved: '/tmp/clearvla_eval_glass_12402.png'
25:36.493  render           | Saved: '/tmp/clearvla_eval_glass_12402.png'
25:37.381  render           | Saved: '/tmp/clearvla_eval_glass_12402.png'
25:38.281  render           | Saved: '/tmp/clearvla_eval_glass_12402.png'
25:40.424  render           | Saved: '/tmp/clearvla_eval_glass_12402.png'
25:40.910  render           | Saved: '/tmp/clearvla_eval_glass_12402.png'
25:41.762  render           | Saved: '/tmp/clearvla_eval_glass_12402.png'
25:42.276  render           | Saved: '/tmp/clearvla_eval_glass_12402.png'
25:42.945  render           | Saved: '/tmp/clearvla_eval_glass_12402.png'
25:43.423  render           | Saved: '/tmp/clearvla_eval_glass_12402.png'
25:44.040  render           | Saved: '/tmp/clearvla_eval_glass_12402.png'
25:45.448  render           | Saved: '/tmp/clearvla_eval_glass_12402.png'
25:46.457  render           | Saved: '/tmp/clearvla_eval_glass_12402.png'
25:46.962  render           | Saved: '/tmp/clearvla_eval_glass_12402.png'
25:47.542  render           | Saved: '/tmp/clearvla_eval_glass_12402.png'
25:48.016  render           | Saved: '/tmp/clearvla_eval_glass_12402.png'
25:48.557  render           | Saved: '/tmp/clearvla_eval_glass_12402.png'
25:49.011  render           | Saved: '/tmp/clearvla_eval_glass_12402.png'
25:49.547  render           | Saved: '/tmp/clearvla_eval_glass_12402.png'
25:49.995  render           | Saved: '/tmp/clearvla_eval_glass_12402.png'
25:51.391  render           | Saved: '/tmp/clearvla_eval_glass_12402.png'
25:52.054  render           | Saved: '/tmp/clearvla_eval_glass_12402.png'
25:55.532  render           | Saved: '/tmp/clearvla_eval_glass_12402.png'
25:56.791  render           | Saved: '/tmp/clearvla_eval_glass_12402.png'
25:58.829  render           | Saved: '/tmp/clearvla_eval_glass_12402.png'
25:59.425  render           | Saved: '/tmp/clearvla_eval_glass_12402.png'
26:00.113  render           | Saved: '/tmp/clearvla_eval_glass_12402.png'
26:00.846  render           | Saved: '/tmp/clearvla_eval_glass_12402.png'
26:01.562  render           | Saved: '/tmp/clearvla_eval_glass_12402.png'
26:02.669  render           | Saved: '/tmp/clearvla_eval_glass_12402.png'
26:04.591  render           | Saved: '/tmp/clearvla_eval_glass_12402.png'
26:05.428  render           | Saved: '/tmp/clearvla_eval_glass_12402.png'
26:06.319  render           | Saved: '/tmp/clearvla_eval_glass_12402.png'
26:07.428  render           | Saved: '/tmp/clearvla_eval_glass_12402.png'
26:09.278  render           | Saved: '/tmp/clearvla_eval_glass_12402.png'
26:10.492  render           | Saved: '/tmp/clearvla_eval_glass_12402.png'
26:12.132  render           | Saved: '/tmp/clearvla_eval_glass_12402.png'
26:12.581  render           | Saved: '/tmp/clearvla_eval_glass_12402.png'
26:14.210  render           | Saved: '/tmp/clearvla_eval_glass_12402.png'
26:14.901  render           | Saved: '/tmp/clearvla_eval_glass_12402.png'
26:17.895  render           | Saved: '/tmp/clearvla_eval_glass_12402.png'
26:18.352  render           | Saved: '/tmp/clearvla_eval_glass_12402.png'
26:18.884  render           | Saved: '/tmp/clearvla_eval_glass_12402.png'
26:19.383  render           | Saved: '/tmp/clearvla_eval_glass_12402.png'
26:20.301  render           | Saved: '/tmp/clearvla_eval_glass_12402.png'
26:20.992  render           | Saved: '/tmp/clearvla_eval_glass_12402.png'
26:22.032  render           | Saved: '/tmp/clearvla_eval_glass_12402.png'
26:22.728  render           | Saved: '/tmp/clearvla_eval_glass_12402.png'
26:24.455  render           | Saved: '/tmp/clearvla_eval_glass_12402.png'
26:24.999  render           | Saved: '/tmp/clearvla_eval_glass_12402.png'
26:26.164  render           | Saved: '/tmp/clearvla_eval_glass_12402.png'
26:26.544  render           | Saved: '/tmp/clearvla_eval_glass_12402.png'
26:27.060  render           | Saved: '/tmp/clearvla_eval_glass_12402.png'
26:27.445  render           | Saved: '/tmp/clearvla_eval_glass_12402.png'
26:27.986  render           | Saved: '/tmp/clearvla_eval_glass_12402.png'
26:28.641  render           | Saved: '/tmp/clearvla_eval_glass_12402.png'
26:30.102  render           | Saved: '/tmp/clearvla_eval_glass_12402.png'
26:30.629  render           | Saved: '/tmp/clearvla_eval_glass_12402.png'
26:31.324  render           | Saved: '/tmp/clearvla_eval_glass_12402.png'
26:31.839  render           | Saved: '/tmp/clearvla_eval_glass_12402.png'
26:32.947  render           | Saved: '/tmp/clearvla_eval_glass_12402.png'
26:33.897  render           | Saved: '/tmp/clearvla_eval_glass_12402.png'
26:34.534  render           | Saved: '/tmp/clearvla_eval_glass_12402.png'
26:34.902  render           | Saved: '/tmp/clearvla_eval_glass_12402.png'
26:35.445  render           | Saved: '/tmp/clearvla_eval_glass_12402.png'
26:35.842  render           | Saved: '/tmp/clearvla_eval_glass_12402.png'
26:38.173  render           | Saved: '/tmp/clearvla_eval_glass_12402.png'
26:38.944  render           | Saved: '/tmp/clearvla_eval_glass_12402.png'
26:41.154  render           | Saved: '/tmp/clearvla_eval_glass_12402.png'
26:41.727  render           | Saved: '/tmp/clearvla_eval_glass_12402.png'
26:42.445  render           | Saved: '/tmp/clearvla_eval_glass_12402.png'
26:42.900  render           | Saved: '/tmp/clearvla_eval_glass_12402.png'
26:43.453  render           | Saved: '/tmp/clearvla_eval_glass_12402.png'
26:44.881  render           | Saved: '/tmp/clearvla_eval_glass_12402.png'
26:48.712  render           | Saved: '/tmp/clearvla_eval_glass_12402.png'
26:49.484  render           | Saved: '/tmp/clearvla_eval_glass_12402.png'
26:53.386  render           | Saved: '/tmp/clearvla_eval_glass_12402.png'
26:53.805  render           | Saved: '/tmp/clearvla_eval_glass_12402.png'
26:54.855  render           | Saved: '/tmp/clearvla_eval_glass_12402.png'
26:55.508  render           | Saved: '/tmp/clearvla_eval_glass_12402.png'
26:56.159  render           | Saved: '/tmp/clearvla_eval_glass_12402.png'
26:56.687  render           | Saved: '/tmp/clearvla_eval_glass_12402.png'
26:58.023  render           | Saved: '/tmp/clearvla_eval_glass_12402.png'
26:58.689  render           | Saved: '/tmp/clearvla_eval_glass_12402.png'
26:59.321  render           | Saved: '/tmp/clearvla_eval_glass_12402.png'
26:59.820  render           | Saved: '/tmp/clearvla_eval_glass_12402.png'
27:00.354  render           | Saved: '/tmp/clearvla_eval_glass_12402.png'
27:01.641  render           | Saved: '/tmp/clearvla_eval_glass_12402.png'
27:05.056  render           | Saved: '/tmp/clearvla_eval_glass_12402.png'
27:05.616  render           | Saved: '/tmp/clearvla_eval_glass_12402.png'
27:06.286  render           | Saved: '/tmp/clearvla_eval_glass_12402.png'
27:06.741  render           | Saved: '/tmp/clearvla_eval_glass_12402.png'
27:07.576  render           | Saved: '/tmp/clearvla_eval_glass_12402.png'
27:08.012  render           | Saved: '/tmp/clearvla_eval_glass_12402.png'
27:08.914  render           | Saved: '/tmp/clearvla_eval_glass_12402.png'
27:09.461  render           | Saved: '/tmp/clearvla_eval_glass_12402.png'
27:10.770  render           | Saved: '/tmp/clearvla_eval_glass_12402.png'
27:11.396  render           | Saved: '/tmp/clearvla_eval_glass_12402.png'
27:12.202  render           | Saved: '/tmp/clearvla_eval_glass_12402.png'
27:12.693  render           | Saved: '/tmp/clearvla_eval_glass_12402.png'
27:13.241  render           | Saved: '/tmp/clearvla_eval_glass_12402.png'
27:13.726  render           | Saved: '/tmp/clearvla_eval_glass_12402.png'
27:14.286  render           | Saved: '/tmp/clearvla_eval_glass_12402.png'
27:15.135  render           | Saved: '/tmp/clearvla_eval_glass_12402.png'
27:15.931  render           | Saved: '/tmp/clearvla_eval_glass_12402.png'
27:17.195  render           | Saved: '/tmp/clearvla_eval_glass_12402.png'
27:20.433  render           | Saved: '/tmp/clearvla_eval_glass_12402.png'
27:20.997  render           | Saved: '/tmp/clearvla_eval_glass_12402.png'
27:21.593  render           | Saved: '/tmp/clearvla_eval_glass_12402.png'
27:22.080  render           | Saved: '/tmp/clearvla_eval_glass_12402.png'
27:22.898  render           | Saved: '/tmp/clearvla_eval_glass_12402.png'
27:23.684  render           | Saved: '/tmp/clearvla_eval_glass_12402.png'
27:26.151  render           | Saved: '/tmp/clearvla_eval_glass_12402.png'
27:26.675  render           | Saved: '/tmp/clearvla_eval_glass_12402.png'
27:27.307  render           | Saved: '/tmp/clearvla_eval_glass_12402.png'
27:27.775  render           | Saved: '/tmp/clearvla_eval_glass_12402.png'
27:29.019  render           | Saved: '/tmp/clearvla_eval_glass_12402.png'
27:29.777  render           | Saved: '/tmp/clearvla_eval_glass_12402.png'
27:33.871  render           | Saved: '/tmp/clearvla_eval_glass_12402.png'
27:34.686  render           | Saved: '/tmp/clearvla_eval_glass_12402.png'
27:35.504  render           | Saved: '/tmp/clearvla_eval_glass_12402.png'
27:35.920  render           | Saved: '/tmp/clearvla_eval_glass_12402.png'
27:36.505  render           | Saved: '/tmp/clearvla_eval_glass_12402.png'
27:36.924  render           | Saved: '/tmp/clearvla_eval_glass_12402.png'
27:37.498  render           | Saved: '/tmp/clearvla_eval_glass_12402.png'
27:37.935  render           | Saved: '/tmp/clearvla_eval_glass_12402.png'
27:39.271  render           | Saved: '/tmp/clearvla_eval_glass_12402.png'
27:39.900  render           | Saved: '/tmp/clearvla_eval_glass_12402.png'
27:40.937  render           | Saved: '/tmp/clearvla_eval_glass_12402.png'
27:41.382  render           | Saved: '/tmp/clearvla_eval_glass_12402.png'
27:41.888  render           | Saved: '/tmp/clearvla_eval_glass_12402.png'
27:42.321  render           | Saved: '/tmp/clearvla_eval_glass_12402.png'
27:42.841  render           | Saved: '/tmp/clearvla_eval_glass_12402.png'
27:43.287  render           | Saved: '/tmp/clearvla_eval_glass_12402.png'
27:44.192  render           | Saved: '/tmp/clearvla_eval_glass_12402.png'
27:44.820  render           | Saved: '/tmp/clearvla_eval_glass_12402.png'
27:46.027  render           | Saved: '/tmp/clearvla_eval_glass_12402.png'
27:46.632  render           | Saved: '/tmp/clearvla_eval_glass_12402.png'
27:47.896  render           | Saved: '/tmp/clearvla_eval_glass_12402.png'
27:48.466  render           | Saved: '/tmp/clearvla_eval_glass_12402.png'
27:50.885  render           | Saved: '/tmp/clearvla_eval_glass_12402.png'
27:51.475  render           | Saved: '/tmp/clearvla_eval_glass_12402.png'
27:56.635  render           | Saved: '/tmp/clearvla_eval_glass_12402.png'
27:57.369  render           | Saved: '/tmp/clearvla_eval_glass_12402.png'
28:00.102  render           | Saved: '/tmp/clearvla_eval_glass_12402.png'
28:00.739  render           | Saved: '/tmp/clearvla_eval_glass_12402.png'
28:01.793  render           | Saved: '/tmp/clearvla_eval_glass_12402.png'
28:02.291  render           | Saved: '/tmp/clearvla_eval_glass_12402.png'
28:03.407  render           | Saved: '/tmp/clearvla_eval_glass_12402.png'
28:03.846  render           | Saved: '/tmp/clearvla_eval_glass_12402.png'
28:04.345  render           | Saved: '/tmp/clearvla_eval_glass_12402.png'
28:05.380  render           | Saved: '/tmp/clearvla_eval_glass_12402.png'
28:07.413  render           | Saved: '/tmp/clearvla_eval_glass_12402.png'
28:08.332  render           | Saved: '/tmp/clearvla_eval_glass_12402.png'
28:09.615  render           | Saved: '/tmp/clearvla_eval_glass_12402.png'
28:10.309  render           | Saved: '/tmp/clearvla_eval_glass_12402.png'
28:15.407  render           | Saved: '/tmp/clearvla_eval_glass_12402.png'
28:16.016  render           | Saved: '/tmp/clearvla_eval_glass_12402.png'
28:16.683  render           | Saved: '/tmp/clearvla_eval_glass_12402.png'
28:17.150  render           | Saved: '/tmp/clearvla_eval_glass_12402.png'
28:17.681  render           | Saved: '/tmp/clearvla_eval_glass_12402.png'
28:19.072  render           | Saved: '/tmp/clearvla_eval_glass_12402.png'
28:22.000  render           | Saved: '/tmp/clearvla_eval_glass_12402.png'
28:23.033  render           | Saved: '/tmp/clearvla_eval_glass_12402.png'
28:26.232  render           | Saved: '/tmp/clearvla_eval_glass_12402.png'
28:26.810  render           | Saved: '/tmp/clearvla_eval_glass_12402.png'
28:27.511  render           | Saved: '/tmp/clearvla_eval_glass_12402.png'
28:27.978  render           | Saved: '/tmp/clearvla_eval_glass_12402.png'
28:28.490  render           | Saved: '/tmp/clearvla_eval_glass_12402.png'
28:28.980  render           | Saved: '/tmp/clearvla_eval_glass_12402.png'
28:30.191  render           | Saved: '/tmp/clearvla_eval_glass_12402.png'
28:31.021  render           | Saved: '/tmp/clearvla_eval_glass_12402.png'
28:34.404  render           | Saved: '/tmp/clearvla_eval_glass_12402.png'
28:35.110  render           | Saved: '/tmp/clearvla_eval_glass_12402.png'
28:38.881  render           | Saved: '/tmp/clearvla_eval_glass_12402.png'
28:39.663  render           | Saved: '/tmp/clearvla_eval_glass_12402.png'
28:40.413  render           | Saved: '/tmp/clearvla_eval_glass_12402.png'
28:40.853  render           | Saved: '/tmp/clearvla_eval_glass_12402.png'
28:41.425  render           | Saved: '/tmp/clearvla_eval_glass_12402.png'
28:42.706  render           | Saved: '/tmp/clearvla_eval_glass_12402.png'
28:43.631  render           | Saved: '/tmp/clearvla_eval_glass_12402.png'
28:44.046  render           | Saved: '/tmp/clearvla_eval_glass_12402.png'
28:44.605  render           | Saved: '/tmp/clearvla_eval_glass_12402.png'
28:45.031  render           | Saved: '/tmp/clearvla_eval_glass_12402.png'
28:45.575  render           | Saved: '/tmp/clearvla_eval_glass_12402.png'
28:46.040  render           | Saved: '/tmp/clearvla_eval_glass_12402.png'
28:46.681  render           | Saved: '/tmp/clearvla_eval_glass_12402.png'
28:47.437  render           | Saved: '/tmp/clearvla_eval_glass_12402.png'
28:48.431  render           | Saved: '/tmp/clearvla_eval_glass_12402.png'
28:49.176  render           | Saved: '/tmp/clearvla_eval_glass_12402.png'
28:50.261  render           | Saved: '/tmp/clearvla_eval_glass_12402.png'
28:50.743  render           | Saved: '/tmp/clearvla_eval_glass_12402.png'
28:52.088  render           | Saved: '/tmp/clearvla_eval_glass_12402.png'
28:52.754  render           | Saved: '/tmp/clearvla_eval_glass_12402.png'
28:54.257  render           | Saved: '/tmp/clearvla_eval_glass_12402.png'
28:55.547  render           | Saved: '/tmp/clearvla_eval_glass_12402.png'
28:58.752  render           | Saved: '/tmp/clearvla_eval_glass_12402.png'
28:59.319  render           | Saved: '/tmp/clearvla_eval_glass_12402.png'
29:02.180  render           | Saved: '/tmp/clearvla_eval_glass_12402.png'
29:02.919  render           | Saved: '/tmp/clearvla_eval_glass_12402.png'
29:07.468  render           | Saved: '/tmp/clearvla_eval_glass_12402.png'
29:08.399  render           | Saved: '/tmp/clearvla_eval_glass_12402.png'
29:10.944  render           | Saved: '/tmp/clearvla_eval_glass_12402.png'
29:11.402  render           | Saved: '/tmp/clearvla_eval_glass_12402.png'
29:12.193  render           | Saved: '/tmp/clearvla_eval_glass_12402.png'
29:12.880  render           | Saved: '/tmp/clearvla_eval_glass_12402.png'
29:13.674  render           | Saved: '/tmp/clearvla_eval_glass_12402.png'
29:14.126  render           | Saved: '/tmp/clearvla_eval_glass_12402.png'
29:14.685  render           | Saved: '/tmp/clearvla_eval_glass_12402.png'
29:15.841  render           | Saved: '/tmp/clearvla_eval_glass_12402.png'
29:20.133  render           | Saved: '/tmp/clearvla_eval_glass_12402.png'
29:20.706  render           | Saved: '/tmp/clearvla_eval_glass_12402.png'
29:21.425  render           | Saved: '/tmp/clearvla_eval_glass_12402.png'
29:21.909  render           | Saved: '/tmp/clearvla_eval_glass_12402.png'
29:23.019  render           | Saved: '/tmp/clearvla_eval_glass_12402.png'
29:23.788  render           | Saved: '/tmp/clearvla_eval_glass_12402.png'
29:27.972  render           | Saved: '/tmp/clearvla_eval_glass_12402.png'
29:28.518  render           | Saved: '/tmp/clearvla_eval_glass_12402.png'
29:29.204  render           | Saved: '/tmp/clearvla_eval_glass_12402.png'
29:29.999  render           | Saved: '/tmp/clearvla_eval_glass_12402.png'
29:30.830  render           | Saved: '/tmp/clearvla_eval_glass_12402.png'
29:31.580  render           | Saved: '/tmp/clearvla_eval_glass_12402.png'
29:32.326  render           | Saved: '/tmp/clearvla_eval_glass_12402.png'
29:33.111  render           | Saved: '/tmp/clearvla_eval_glass_12402.png'
29:33.920  render           | Saved: '/tmp/clearvla_eval_glass_12402.png'
29:34.679  render           | Saved: '/tmp/clearvla_eval_glass_12402.png'
29:35.469  render           | Saved: '/tmp/clearvla_eval_glass_12402.png'
29:36.384  render           | Saved: '/tmp/clearvla_eval_glass_12402.png'
29:39.253  render           | Saved: '/tmp/clearvla_eval_glass_12402.png'
29:39.700  render           | Saved: '/tmp/clearvla_eval_glass_12402.png'
29:40.757  render           | Saved: '/tmp/clearvla_eval_glass_12402.png'
29:41.332  render           | Saved: '/tmp/clearvla_eval_glass_12402.png'
29:41.917  render           | Saved: '/tmp/clearvla_eval_glass_12402.png'
29:42.750  render           | Saved: '/tmp/clearvla_eval_glass_12402.png'
29:43.648  render           | Saved: '/tmp/clearvla_eval_glass_12402.png'
29:44.407  render           | Saved: '/tmp/clearvla_eval_glass_12402.png'
29:45.166  render           | Saved: '/tmp/clearvla_eval_glass_12402.png'
29:46.295  render           | Saved: '/tmp/clearvla_eval_glass_12402.png'
29:49.410  render           | Saved: '/tmp/clearvla_eval_glass_12402.png'
29:50.111  render           | Saved: '/tmp/clearvla_eval_glass_12402.png'
29:50.808  render           | Saved: '/tmp/clearvla_eval_glass_12402.png'
29:51.271  render           | Saved: '/tmp/clearvla_eval_glass_12402.png'
29:51.816  render           | Saved: '/tmp/clearvla_eval_glass_12402.png'
29:53.030  render           | Saved: '/tmp/clearvla_eval_glass_12402.png'
29:56.028  render           | Saved: '/tmp/clearvla_eval_glass_12402.png'
29:56.694  render           | Saved: '/tmp/clearvla_eval_glass_12402.png'
29:58.862  render           | Saved: '/tmp/clearvla_eval_glass_12402.png'
29:59.278  render           | Saved: '/tmp/clearvla_eval_glass_12402.png'
29:59.785  render           | Saved: '/tmp/clearvla_eval_glass_12402.png'
30:00.383  render           | Saved: '/tmp/clearvla_eval_glass_12402.png'
30:01.400  render           | Saved: '/tmp/clearvla_eval_glass_12402.png'
30:01.957  render           | Saved: '/tmp/clearvla_eval_glass_12402.png'
30:02.600  render           | Saved: '/tmp/clearvla_eval_glass_12402.png'
30:03.052  render           | Saved: '/tmp/clearvla_eval_glass_12402.png'
30:03.546  render           | Saved: '/tmp/clearvla_eval_glass_12402.png'
30:04.774  render           | Saved: '/tmp/clearvla_eval_glass_12402.png'
30:05.851  render           | Saved: '/tmp/clearvla_eval_glass_12402.png'
30:06.320  render           | Saved: '/tmp/clearvla_eval_glass_12402.png'
30:06.949  render           | Saved: '/tmp/clearvla_eval_glass_12402.png'
30:07.427  render           | Saved: '/tmp/clearvla_eval_glass_12402.png'
30:07.966  render           | Saved: '/tmp/clearvla_eval_glass_12402.png'
30:09.014  render           | Saved: '/tmp/clearvla_eval_glass_12402.png'
30:12.411  render           | Saved: '/tmp/clearvla_eval_glass_12402.png'
30:13.034  render           | Saved: '/tmp/clearvla_eval_glass_12402.png'
30:13.789  render           | Saved: '/tmp/clearvla_eval_glass_12402.png'
30:14.318  render           | Saved: '/tmp/clearvla_eval_glass_12402.png'
30:14.816  render           | Saved: '/tmp/clearvla_eval_glass_12402.png'
30:15.299  render           | Saved: '/tmp/clearvla_eval_glass_12402.png'
30:16.781  render           | Saved: '/tmp/clearvla_eval_glass_12402.png'
30:17.539  render           | Saved: '/tmp/clearvla_eval_glass_12402.png'
30:21.535  render           | Saved: '/tmp/clearvla_eval_glass_12402.png'
30:22.845  render           | Saved: '/tmp/clearvla_eval_glass_12402.png'
30:23.814  render           | Saved: '/tmp/clearvla_eval_glass_12402.png'
30:24.255  render           | Saved: '/tmp/clearvla_eval_glass_12402.png'
30:26.258  render           | Saved: '/tmp/clearvla_eval_glass_12402.png'
30:26.669  render           | Saved: '/tmp/clearvla_eval_glass_12402.png'
30:27.213  render           | Saved: '/tmp/clearvla_eval_glass_12402.png'
30:27.658  render           | Saved: '/tmp/clearvla_eval_glass_12402.png'
30:29.201  render           | Saved: '/tmp/clearvla_eval_glass_12402.png'
30:30.185  render           | Saved: '/tmp/clearvla_eval_glass_12402.png'
30:30.929  render           | Saved: '/tmp/clearvla_eval_glass_12402.png'
30:31.313  render           | Saved: '/tmp/clearvla_eval_glass_12402.png'
30:32.002  render           | Saved: '/tmp/clearvla_eval_glass_12402.png'
30:32.415  render           | Saved: '/tmp/clearvla_eval_glass_12402.png'
30:32.968  render           | Saved: '/tmp/clearvla_eval_glass_12402.png'
30:33.412  render           | Saved: '/tmp/clearvla_eval_glass_12402.png'
30:33.984  render           | Saved: '/tmp/clearvla_eval_glass_12402.png'
30:35.197  render           | Saved: '/tmp/clearvla_eval_glass_12402.png'
30:40.357  render           | Saved: '/tmp/clearvla_eval_glass_12402.png'
30:40.955  render           | Saved: '/tmp/clearvla_eval_glass_12402.png'
30:41.655  render           | Saved: '/tmp/clearvla_eval_glass_12402.png'
30:42.138  render           | Saved: '/tmp/clearvla_eval_glass_12402.png'
30:43.626  render           | Saved: '/tmp/clearvla_eval_glass_12402.png'
30:44.471  render           | Saved: '/tmp/clearvla_eval_glass_12402.png'
30:46.913  render           | Saved: '/tmp/clearvla_eval_glass_12402.png'
30:47.368  render           | Saved: '/tmp/clearvla_eval_glass_12402.png'
30:47.888  render           | Saved: '/tmp/clearvla_eval_glass_12402.png'
30:48.331  render           | Saved: '/tmp/clearvla_eval_glass_12402.png'
30:48.804  render           | Saved: '/tmp/clearvla_eval_glass_12402.png'
30:50.114  render           | Saved: '/tmp/clearvla_eval_glass_12402.png'
30:52.031  render           | Saved: '/tmp/clearvla_eval_glass_12402.png'
30:52.612  render           | Saved: '/tmp/clearvla_eval_glass_12402.png'
30:53.305  render           | Saved: '/tmp/clearvla_eval_glass_12402.png'
30:54.480  render           | Saved: '/tmp/clearvla_eval_glass_12402.png'
[full/glass] grasp: 6/10  (30.8 min, 30.5 s/ep)
30:59.408  render           | Saved: '/tmp/clearvla_eval_glass_12402.png'
31:00.176  render           | Saved: '/tmp/clearvla_eval_glass_12402.png'
31:05.292  render           | Saved: '/tmp/clearvla_eval_glass_12402.png'
31:06.334  render           | Saved: '/tmp/clearvla_eval_glass_12402.png'
31:07.324  render           | Saved: '/tmp/clearvla_eval_glass_12402.png'
31:08.526  render           | Saved: '/tmp/clearvla_eval_glass_12402.png'
31:10.812  render           | Saved: '/tmp/clearvla_eval_glass_12402.png'
31:11.527  render           | Saved: '/tmp/clearvla_eval_glass_12402.png'
31:12.354  render           | Saved: '/tmp/clearvla_eval_glass_12402.png'
31:13.202  render           | Saved: '/tmp/clearvla_eval_glass_12402.png'
31:14.203  render           | Saved: '/tmp/clearvla_eval_glass_12402.png'
31:14.932  render           | Saved: '/tmp/clearvla_eval_glass_12402.png'
31:15.728  render           | Saved: '/tmp/clearvla_eval_glass_12402.png'
31:16.642  render           | Saved: '/tmp/clearvla_eval_glass_12402.png'
31:18.091  render           | Saved: '/tmp/clearvla_eval_glass_12402.png'
31:18.718  render           | Saved: '/tmp/clearvla_eval_glass_12402.png'
31:21.343  render           | Saved: '/tmp/clearvla_eval_glass_12402.png'
31:22.345  render           | Saved: '/tmp/clearvla_eval_glass_12402.png'
31:25.302  render           | Saved: '/tmp/clearvla_eval_glass_12402.png'
31:26.382  render           | Saved: '/tmp/clearvla_eval_glass_12402.png'
31:29.514  render           | Saved: '/tmp/clearvla_eval_glass_12402.png'
31:30.017  render           | Saved: '/tmp/clearvla_eval_glass_12402.png'
31:30.724  render           | Saved: '/tmp/clearvla_eval_glass_12402.png'
31:31.245  render           | Saved: '/tmp/clearvla_eval_glass_12402.png'
31:32.336  render           | Saved: '/tmp/clearvla_eval_glass_12402.png'
31:33.034  render           | Saved: '/tmp/clearvla_eval_glass_12402.png'
31:33.759  render           | Saved: '/tmp/clearvla_eval_glass_12402.png'
31:34.228  render           | Saved: '/tmp/clearvla_eval_glass_12402.png'
31:34.741  render           | Saved: '/tmp/clearvla_eval_glass_12402.png'
31:35.167  render           | Saved: '/tmp/clearvla_eval_glass_12402.png'
31:38.443  render           | Saved: '/tmp/clearvla_eval_glass_12402.png'
31:39.045  render           | Saved: '/tmp/clearvla_eval_glass_12402.png'
31:40.221  render           | Saved: '/tmp/clearvla_eval_glass_12402.png'
31:40.879  render           | Saved: '/tmp/clearvla_eval_glass_12402.png'
31:41.570  render           | Saved: '/tmp/clearvla_eval_glass_12402.png'
31:42.707  render           | Saved: '/tmp/clearvla_eval_glass_12402.png'
31:44.597  render           | Saved: '/tmp/clearvla_eval_glass_12402.png'
31:45.788  render           | Saved: '/tmp/clearvla_eval_glass_12402.png'
31:49.543  render           | Saved: '/tmp/clearvla_eval_glass_12402.png'
31:50.214  render           | Saved: '/tmp/clearvla_eval_glass_12402.png'
31:50.903  render           | Saved: '/tmp/clearvla_eval_glass_12402.png'
31:51.348  render           | Saved: '/tmp/clearvla_eval_glass_12402.png'
31:51.838  render           | Saved: '/tmp/clearvla_eval_glass_12402.png'
31:52.292  render           | Saved: '/tmp/clearvla_eval_glass_12402.png'
31:52.847  render           | Saved: '/tmp/clearvla_eval_glass_12402.png'
31:53.758  render           | Saved: '/tmp/clearvla_eval_glass_12402.png'
31:55.796  render           | Saved: '/tmp/clearvla_eval_glass_12402.png'
31:56.845  render           | Saved: '/tmp/clearvla_eval_glass_12402.png'
31:57.943  render           | Saved: '/tmp/clearvla_eval_glass_12402.png'
31:58.552  render           | Saved: '/tmp/clearvla_eval_glass_12402.png'
31:59.292  render           | Saved: '/tmp/clearvla_eval_glass_12402.png'
31:59.719  render           | Saved: '/tmp/clearvla_eval_glass_12402.png'
32:00.219  render           | Saved: '/tmp/clearvla_eval_glass_12402.png'
32:00.660  render           | Saved: '/tmp/clearvla_eval_glass_12402.png'
32:01.176  render           | Saved: '/tmp/clearvla_eval_glass_12402.png'
32:01.853  render           | Saved: '/tmp/clearvla_eval_glass_12402.png'
32:02.983  render           | Saved: '/tmp/clearvla_eval_glass_12402.png'
32:03.494  render           | Saved: '/tmp/clearvla_eval_glass_12402.png'
32:04.181  render           | Saved: '/tmp/clearvla_eval_glass_12402.png'
32:04.600  render           | Saved: '/tmp/clearvla_eval_glass_12402.png'
32:05.142  render           | Saved: '/tmp/clearvla_eval_glass_12402.png'
32:05.581  render           | Saved: '/tmp/clearvla_eval_glass_12402.png'
32:06.514  render           | Saved: '/tmp/clearvla_eval_glass_12402.png'
32:07.098  render           | Saved: '/tmp/clearvla_eval_glass_12402.png'
32:08.171  render           | Saved: '/tmp/clearvla_eval_glass_12402.png'
32:08.681  render           | Saved: '/tmp/clearvla_eval_glass_12402.png'
32:09.547  render           | Saved: '/tmp/clearvla_eval_glass_12402.png'
32:10.186  render           | Saved: '/tmp/clearvla_eval_glass_12402.png'
32:11.503  render           | Saved: '/tmp/clearvla_eval_glass_12402.png'
32:12.174  render           | Saved: '/tmp/clearvla_eval_glass_12402.png'
32:12.833  render           | Saved: '/tmp/clearvla_eval_glass_12402.png'
32:13.354  render           | Saved: '/tmp/clearvla_eval_glass_12402.png'
32:14.732  render           | Saved: '/tmp/clearvla_eval_glass_12402.png'
32:15.349  render           | Saved: '/tmp/clearvla_eval_glass_12402.png'
32:16.036  render           | Saved: '/tmp/clearvla_eval_glass_12402.png'
32:16.523  render           | Saved: '/tmp/clearvla_eval_glass_12402.png'
32:16.989  render           | Saved: '/tmp/clearvla_eval_glass_12402.png'
32:17.350  render           | Saved: '/tmp/clearvla_eval_glass_12402.png'
32:17.866  render           | Saved: '/tmp/clearvla_eval_glass_12402.png'
32:18.326  render           | Saved: '/tmp/clearvla_eval_glass_12402.png'
32:18.833  render           | Saved: '/tmp/clearvla_eval_glass_12402.png'
32:20.033  render           | Saved: '/tmp/clearvla_eval_glass_12402.png'
32:23.117  render           | Saved: '/tmp/clearvla_eval_glass_12402.png'
32:23.690  render           | Saved: '/tmp/clearvla_eval_glass_12402.png'
32:24.368  render           | Saved: '/tmp/clearvla_eval_glass_12402.png'
32:24.843  render           | Saved: '/tmp/clearvla_eval_glass_12402.png'
32:25.933  render           | Saved: '/tmp/clearvla_eval_glass_12402.png'
32:26.508  render           | Saved: '/tmp/clearvla_eval_glass_12402.png'
32:30.147  render           | Saved: '/tmp/clearvla_eval_glass_12402.png'
32:30.698  render           | Saved: '/tmp/clearvla_eval_glass_12402.png'
32:31.952  render           | Saved: '/tmp/clearvla_eval_glass_12402.png'
32:32.504  render           | Saved: '/tmp/clearvla_eval_glass_12402.png'
32:33.235  render           | Saved: '/tmp/clearvla_eval_glass_12402.png'
32:34.613  render           | Saved: '/tmp/clearvla_eval_glass_12402.png'
32:38.102  render           | Saved: '/tmp/clearvla_eval_glass_12402.png'
32:38.784  render           | Saved: '/tmp/clearvla_eval_glass_12402.png'
32:39.581  render           | Saved: '/tmp/clearvla_eval_glass_12402.png'
32:40.287  render           | Saved: '/tmp/clearvla_eval_glass_12402.png'
32:41.118  render           | Saved: '/tmp/clearvla_eval_glass_12402.png'
32:41.991  render           | Saved: '/tmp/clearvla_eval_glass_12402.png'
32:43.513  render           | Saved: '/tmp/clearvla_eval_glass_12402.png'
32:44.260  render           | Saved: '/tmp/clearvla_eval_glass_12402.png'
32:48.725  render           | Saved: '/tmp/clearvla_eval_glass_12402.png'
32:49.149  render           | Saved: '/tmp/clearvla_eval_glass_12402.png'
32:49.993  render           | Saved: '/tmp/clearvla_eval_glass_12402.png'
32:50.452  render           | Saved: '/tmp/clearvla_eval_glass_12402.png'
32:52.717  render           | Saved: '/tmp/clearvla_eval_glass_12402.png'
32:53.301  render           | Saved: '/tmp/clearvla_eval_glass_12402.png'
32:54.758  render           | Saved: '/tmp/clearvla_eval_glass_12402.png'
32:55.648  render           | Saved: '/tmp/clearvla_eval_glass_12402.png'
33:00.506  render           | Saved: '/tmp/clearvla_eval_glass_12402.png'
33:01.194  render           | Saved: '/tmp/clearvla_eval_glass_12402.png'
33:01.898  render           | Saved: '/tmp/clearvla_eval_glass_12402.png'
33:02.363  render           | Saved: '/tmp/clearvla_eval_glass_12402.png'
33:02.872  render           | Saved: '/tmp/clearvla_eval_glass_12402.png'
33:03.654  render           | Saved: '/tmp/clearvla_eval_glass_12402.png'
33:04.635  render           | Saved: '/tmp/clearvla_eval_glass_12402.png'
33:05.672  render           | Saved: '/tmp/clearvla_eval_glass_12402.png'
33:09.006  render           | Saved: '/tmp/clearvla_eval_glass_12402.png'
33:09.564  render           | Saved: '/tmp/clearvla_eval_glass_12402.png'
33:10.230  render           | Saved: '/tmp/clearvla_eval_glass_12402.png'
33:11.099  render           | Saved: '/tmp/clearvla_eval_glass_12402.png'
33:14.030  render           | Saved: '/tmp/clearvla_eval_glass_12402.png'
33:14.554  render           | Saved: '/tmp/clearvla_eval_glass_12402.png'
33:16.257  render           | Saved: '/tmp/clearvla_eval_glass_12402.png'
33:16.816  render           | Saved: '/tmp/clearvla_eval_glass_12402.png'
33:17.471  render           | Saved: '/tmp/clearvla_eval_glass_12402.png'
33:17.959  render           | Saved: '/tmp/clearvla_eval_glass_12402.png'
33:18.648  render           | Saved: '/tmp/clearvla_eval_glass_12402.png'
33:19.394  render           | Saved: '/tmp/clearvla_eval_glass_12402.png'
33:20.096  render           | Saved: '/tmp/clearvla_eval_glass_12402.png'
33:20.498  render           | Saved: '/tmp/clearvla_eval_glass_12402.png'
33:21.077  render           | Saved: '/tmp/clearvla_eval_glass_12402.png'
33:21.514  render           | Saved: '/tmp/clearvla_eval_glass_12402.png'
33:22.574  render           | Saved: '/tmp/clearvla_eval_glass_12402.png'
33:23.276  render           | Saved: '/tmp/clearvla_eval_glass_12402.png'
33:24.089  render           | Saved: '/tmp/clearvla_eval_glass_12402.png'
33:24.611  render           | Saved: '/tmp/clearvla_eval_glass_12402.png'
33:26.493  render           | Saved: '/tmp/clearvla_eval_glass_12402.png'
33:26.927  render           | Saved: '/tmp/clearvla_eval_glass_12402.png'
33:27.471  render           | Saved: '/tmp/clearvla_eval_glass_12402.png'
33:27.953  render           | Saved: '/tmp/clearvla_eval_glass_12402.png'
33:29.051  render           | Saved: '/tmp/clearvla_eval_glass_12402.png'
33:29.741  render           | Saved: '/tmp/clearvla_eval_glass_12402.png'
33:30.441  render           | Saved: '/tmp/clearvla_eval_glass_12402.png'
33:30.947  render           | Saved: '/tmp/clearvla_eval_glass_12402.png'
33:31.507  render           | Saved: '/tmp/clearvla_eval_glass_12402.png'
33:32.096  render           | Saved: '/tmp/clearvla_eval_glass_12402.png'
33:32.921  render           | Saved: '/tmp/clearvla_eval_glass_12402.png'
33:33.766  render           | Saved: '/tmp/clearvla_eval_glass_12402.png'
33:36.993  render           | Saved: '/tmp/clearvla_eval_glass_12402.png'
33:37.553  render           | Saved: '/tmp/clearvla_eval_glass_12402.png'
33:38.219  render           | Saved: '/tmp/clearvla_eval_glass_12402.png'
33:38.689  render           | Saved: '/tmp/clearvla_eval_glass_12402.png'
33:39.199  render           | Saved: '/tmp/clearvla_eval_glass_12402.png'
33:39.696  render           | Saved: '/tmp/clearvla_eval_glass_12402.png'
33:40.857  render           | Saved: '/tmp/clearvla_eval_glass_12402.png'
33:41.485  render           | Saved: '/tmp/clearvla_eval_glass_12402.png'
33:42.726  render           | Saved: '/tmp/clearvla_eval_glass_12402.png'
33:43.157  render           | Saved: '/tmp/clearvla_eval_glass_12402.png'
33:44.354  render           | Saved: '/tmp/clearvla_eval_glass_12402.png'
33:44.947  render           | Saved: '/tmp/clearvla_eval_glass_12402.png'
33:45.615  render           | Saved: '/tmp/clearvla_eval_glass_12402.png'
33:46.640  render           | Saved: '/tmp/clearvla_eval_glass_12402.png'
33:49.253  render           | Saved: '/tmp/clearvla_eval_glass_12402.png'
33:50.286  render           | Saved: '/tmp/clearvla_eval_glass_12402.png'
33:52.929  render           | Saved: '/tmp/clearvla_eval_glass_12402.png'
33:53.422  render           | Saved: '/tmp/clearvla_eval_glass_12402.png'
33:55.618  render           | Saved: '/tmp/clearvla_eval_glass_12402.png'
33:56.065  render           | Saved: '/tmp/clearvla_eval_glass_12402.png'
33:57.204  render           | Saved: '/tmp/clearvla_eval_glass_12402.png'
33:57.801  render           | Saved: '/tmp/clearvla_eval_glass_12402.png'
33:58.529  render           | Saved: '/tmp/clearvla_eval_glass_12402.png'
33:58.987  render           | Saved: '/tmp/clearvla_eval_glass_12402.png'
33:59.496  render           | Saved: '/tmp/clearvla_eval_glass_12402.png'
33:59.971  render           | Saved: '/tmp/clearvla_eval_glass_12402.png'
34:00.479  render           | Saved: '/tmp/clearvla_eval_glass_12402.png'
34:00.954  render           | Saved: '/tmp/clearvla_eval_glass_12402.png'
34:01.500  render           | Saved: '/tmp/clearvla_eval_glass_12402.png'
34:01.984  render           | Saved: '/tmp/clearvla_eval_glass_12402.png'
34:02.377  render           | Saved: '/tmp/clearvla_eval_glass_12402.png'
34:02.810  render           | Saved: '/tmp/clearvla_eval_glass_12402.png'
34:03.278  render           | Saved: '/tmp/clearvla_eval_glass_12402.png'
34:04.436  render           | Saved: '/tmp/clearvla_eval_glass_12402.png'
34:06.157  render           | Saved: '/tmp/clearvla_eval_glass_12402.png'
34:07.219  render           | Saved: '/tmp/clearvla_eval_glass_12402.png'
34:10.126  render           | Saved: '/tmp/clearvla_eval_glass_12402.png'
34:10.911  render           | Saved: '/tmp/clearvla_eval_glass_12402.png'
34:11.909  render           | Saved: '/tmp/clearvla_eval_glass_12402.png'
34:12.597  render           | Saved: '/tmp/clearvla_eval_glass_12402.png'
34:14.900  render           | Saved: '/tmp/clearvla_eval_glass_12402.png'
34:15.474  render           | Saved: '/tmp/clearvla_eval_glass_12402.png'
34:16.337  render           | Saved: '/tmp/clearvla_eval_glass_12402.png'
34:16.987  render           | Saved: '/tmp/clearvla_eval_glass_12402.png'
34:17.804  render           | Saved: '/tmp/clearvla_eval_glass_12402.png'
34:18.353  render           | Saved: '/tmp/clearvla_eval_glass_12402.png'
34:19.087  render           | Saved: '/tmp/clearvla_eval_glass_12402.png'
34:19.748  render           | Saved: '/tmp/clearvla_eval_glass_12402.png'
34:22.150  render           | Saved: '/tmp/clearvla_eval_glass_12402.png'
34:22.970  render           | Saved: '/tmp/clearvla_eval_glass_12402.png'
34:25.217  render           | Saved: '/tmp/clearvla_eval_glass_12402.png'
34:25.790  render           | Saved: '/tmp/clearvla_eval_glass_12402.png'
34:26.603  render           | Saved: '/tmp/clearvla_eval_glass_12402.png'
34:27.142  render           | Saved: '/tmp/clearvla_eval_glass_12402.png'
34:27.881  render           | Saved: '/tmp/clearvla_eval_glass_12402.png'
34:29.247  render           | Saved: '/tmp/clearvla_eval_glass_12402.png'
34:31.006  render           | Saved: '/tmp/clearvla_eval_glass_12402.png'
34:31.742  render           | Saved: '/tmp/clearvla_eval_glass_12402.png'
34:33.548  render           | Saved: '/tmp/clearvla_eval_glass_12402.png'
34:34.230  render           | Saved: '/tmp/clearvla_eval_glass_12402.png'
34:34.961  render           | Saved: '/tmp/clearvla_eval_glass_12402.png'
34:35.497  render           | Saved: '/tmp/clearvla_eval_glass_12402.png'
34:36.029  render           | Saved: '/tmp/clearvla_eval_glass_12402.png'
34:36.500  render           | Saved: '/tmp/clearvla_eval_glass_12402.png'
34:37.765  render           | Saved: '/tmp/clearvla_eval_glass_12402.png'
34:38.427  render           | Saved: '/tmp/clearvla_eval_glass_12402.png'
34:39.172  render           | Saved: '/tmp/clearvla_eval_glass_12402.png'
34:39.642  render           | Saved: '/tmp/clearvla_eval_glass_12402.png'
34:40.143  render           | Saved: '/tmp/clearvla_eval_glass_12402.png'
34:40.615  render           | Saved: '/tmp/clearvla_eval_glass_12402.png'
34:41.415  render           | Saved: '/tmp/clearvla_eval_glass_12402.png'
34:41.985  render           | Saved: '/tmp/clearvla_eval_glass_12402.png'
34:42.818  render           | Saved: '/tmp/clearvla_eval_glass_12402.png'
34:43.736  render           | Saved: '/tmp/clearvla_eval_glass_12402.png'
34:44.781  render           | Saved: '/tmp/clearvla_eval_glass_12402.png'
34:45.488  render           | Saved: '/tmp/clearvla_eval_glass_12402.png'
34:46.317  render           | Saved: '/tmp/clearvla_eval_glass_12402.png'
34:46.968  render           | Saved: '/tmp/clearvla_eval_glass_12402.png'
34:47.739  render           | Saved: '/tmp/clearvla_eval_glass_12402.png'
34:49.080  render           | Saved: '/tmp/clearvla_eval_glass_12402.png'
34:54.209  render           | Saved: '/tmp/clearvla_eval_glass_12402.png'
34:55.129  render           | Saved: '/tmp/clearvla_eval_glass_12402.png'
34:58.065  render           | Saved: '/tmp/clearvla_eval_glass_12402.png'
34:58.536  render           | Saved: '/tmp/clearvla_eval_glass_12402.png'
34:59.940  render           | Saved: '/tmp/clearvla_eval_glass_12402.png'
35:00.703  render           | Saved: '/tmp/clearvla_eval_glass_12402.png'
35:03.041  render           | Saved: '/tmp/clearvla_eval_glass_12402.png'
35:03.490  render           | Saved: '/tmp/clearvla_eval_glass_12402.png'
35:03.986  render           | Saved: '/tmp/clearvla_eval_glass_12402.png'
35:04.430  render           | Saved: '/tmp/clearvla_eval_glass_12402.png'
35:05.194  render           | Saved: '/tmp/clearvla_eval_glass_12402.png'
35:06.132  render           | Saved: '/tmp/clearvla_eval_glass_12402.png'
35:07.967  render           | Saved: '/tmp/clearvla_eval_glass_12402.png'
35:08.397  render           | Saved: '/tmp/clearvla_eval_glass_12402.png'
35:09.853  render           | Saved: '/tmp/clearvla_eval_glass_12402.png'
35:10.520  render           | Saved: '/tmp/clearvla_eval_glass_12402.png'
35:11.213  render           | Saved: '/tmp/clearvla_eval_glass_12402.png'
35:11.624  render           | Saved: '/tmp/clearvla_eval_glass_12402.png'
35:12.179  render           | Saved: '/tmp/clearvla_eval_glass_12402.png'
35:12.589  render           | Saved: '/tmp/clearvla_eval_glass_12402.png'
35:13.174  render           | Saved: '/tmp/clearvla_eval_glass_12402.png'
35:14.258  render           | Saved: '/tmp/clearvla_eval_glass_12402.png'
35:16.795  render           | Saved: '/tmp/clearvla_eval_glass_12402.png'
35:17.420  render           | Saved: '/tmp/clearvla_eval_glass_12402.png'
35:18.148  render           | Saved: '/tmp/clearvla_eval_glass_12402.png'
35:18.618  render           | Saved: '/tmp/clearvla_eval_glass_12402.png'
35:19.878  render           | Saved: '/tmp/clearvla_eval_glass_12402.png'
35:20.609  render           | Saved: '/tmp/clearvla_eval_glass_12402.png'
35:23.490  render           | Saved: '/tmp/clearvla_eval_glass_12402.png'
35:24.634  render           | Saved: '/tmp/clearvla_eval_glass_12402.png'
35:27.285  render           | Saved: '/tmp/clearvla_eval_glass_12402.png'
35:28.054  render           | Saved: '/tmp/clearvla_eval_glass_12402.png'
35:29.290  render           | Saved: '/tmp/clearvla_eval_glass_12402.png'
35:29.736  render           | Saved: '/tmp/clearvla_eval_glass_12402.png'
35:30.232  render           | Saved: '/tmp/clearvla_eval_glass_12402.png'
35:30.689  render           | Saved: '/tmp/clearvla_eval_glass_12402.png'
35:31.497  render           | Saved: '/tmp/clearvla_eval_glass_12402.png'
35:31.991  render           | Saved: '/tmp/clearvla_eval_glass_12402.png'
35:32.749  render           | Saved: '/tmp/clearvla_eval_glass_12402.png'
35:33.578  render           | Saved: '/tmp/clearvla_eval_glass_12402.png'
35:34.397  render           | Saved: '/tmp/clearvla_eval_glass_12402.png'
35:35.009  render           | Saved: '/tmp/clearvla_eval_glass_12402.png'
35:35.652  render           | Saved: '/tmp/clearvla_eval_glass_12402.png'
35:36.325  render           | Saved: '/tmp/clearvla_eval_glass_12402.png'
35:37.075  render           | Saved: '/tmp/clearvla_eval_glass_12402.png'
35:38.325  render           | Saved: '/tmp/clearvla_eval_glass_12402.png'
35:40.835  render           | Saved: '/tmp/clearvla_eval_glass_12402.png'
35:41.647  render           | Saved: '/tmp/clearvla_eval_glass_12402.png'
35:42.442  render           | Saved: '/tmp/clearvla_eval_glass_12402.png'
35:43.636  render           | Saved: '/tmp/clearvla_eval_glass_12402.png'
35:46.619  render           | Saved: '/tmp/clearvla_eval_glass_12402.png'
35:47.300  render           | Saved: '/tmp/clearvla_eval_glass_12402.png'
35:48.468  render           | Saved: '/tmp/clearvla_eval_glass_12402.png'
35:48.948  render           | Saved: '/tmp/clearvla_eval_glass_12402.png'
35:50.912  render           | Saved: '/tmp/clearvla_eval_glass_12402.png'
35:52.315  render           | Saved: '/tmp/clearvla_eval_glass_12402.png'
35:56.481  render           | Saved: '/tmp/clearvla_eval_glass_12402.png'
35:57.058  render           | Saved: '/tmp/clearvla_eval_glass_12402.png'
35:57.744  render           | Saved: '/tmp/clearvla_eval_glass_12402.png'
35:58.191  render           | Saved: '/tmp/clearvla_eval_glass_12402.png'
35:59.468  render           | Saved: '/tmp/clearvla_eval_glass_12402.png'
36:00.093  render           | Saved: '/tmp/clearvla_eval_glass_12402.png'
36:00.794  render           | Saved: '/tmp/clearvla_eval_glass_12402.png'
36:01.264  render           | Saved: '/tmp/clearvla_eval_glass_12402.png'
36:01.788  render           | Saved: '/tmp/clearvla_eval_glass_12402.png'
36:02.320  render           | Saved: '/tmp/clearvla_eval_glass_12402.png'
36:03.580  render           | Saved: '/tmp/clearvla_eval_glass_12402.png'
36:04.315  render           | Saved: '/tmp/clearvla_eval_glass_12402.png'
36:05.366  render           | Saved: '/tmp/clearvla_eval_glass_12402.png'
36:05.864  render           | Saved: '/tmp/clearvla_eval_glass_12402.png'
36:07.181  render           | Saved: '/tmp/clearvla_eval_glass_12402.png'
36:07.844  render           | Saved: '/tmp/clearvla_eval_glass_12402.png'
36:08.575  render           | Saved: '/tmp/clearvla_eval_glass_12402.png'
36:09.016  render           | Saved: '/tmp/clearvla_eval_glass_12402.png'
36:09.621  render           | Saved: '/tmp/clearvla_eval_glass_12402.png'
36:10.052  render           | Saved: '/tmp/clearvla_eval_glass_12402.png'
36:10.621  render           | Saved: '/tmp/clearvla_eval_glass_12402.png'
36:11.432  render           | Saved: '/tmp/clearvla_eval_glass_12402.png'
36:12.469  render           | Saved: '/tmp/clearvla_eval_glass_12402.png'
36:13.108  render           | Saved: '/tmp/clearvla_eval_glass_12402.png'
36:14.789  render           | Saved: '/tmp/clearvla_eval_glass_12402.png'
36:15.842  render           | Saved: '/tmp/clearvla_eval_glass_12402.png'
36:20.001  render           | Saved: '/tmp/clearvla_eval_glass_12402.png'
36:20.683  render           | Saved: '/tmp/clearvla_eval_glass_12402.png'
36:25.606  render           | Saved: '/tmp/clearvla_eval_glass_12402.png'
36:26.042  render           | Saved: '/tmp/clearvla_eval_glass_12402.png'
36:26.520  render           | Saved: '/tmp/clearvla_eval_glass_12402.png'
36:27.019  render           | Saved: '/tmp/clearvla_eval_glass_12402.png'
36:27.547  render           | Saved: '/tmp/clearvla_eval_glass_12402.png'
36:28.072  render           | Saved: '/tmp/clearvla_eval_glass_12402.png'
36:28.650  render           | Saved: '/tmp/clearvla_eval_glass_12402.png'
36:29.191  render           | Saved: '/tmp/clearvla_eval_glass_12402.png'
36:29.795  render           | Saved: '/tmp/clearvla_eval_glass_12402.png'
36:30.240  render           | Saved: '/tmp/clearvla_eval_glass_12402.png'
36:30.863  render           | Saved: '/tmp/clearvla_eval_glass_12402.png'
36:31.286  render           | Saved: '/tmp/clearvla_eval_glass_12402.png'
36:31.878  render           | Saved: '/tmp/clearvla_eval_glass_12402.png'
36:32.330  render           | Saved: '/tmp/clearvla_eval_glass_12402.png'
36:32.916  render           | Saved: '/tmp/clearvla_eval_glass_12402.png'
36:33.407  render           | Saved: '/tmp/clearvla_eval_glass_12402.png'
36:33.990  render           | Saved: '/tmp/clearvla_eval_glass_12402.png'
36:34.490  render           | Saved: '/tmp/clearvla_eval_glass_12402.png'
36:35.014  render           | Saved: '/tmp/clearvla_eval_glass_12402.png'
36:35.548  render           | Saved: '/tmp/clearvla_eval_glass_12402.png'
36:36.109  render           | Saved: '/tmp/clearvla_eval_glass_12402.png'
36:36.717  render           | Saved: '/tmp/clearvla_eval_glass_12402.png'
36:37.359  render           | Saved: '/tmp/clearvla_eval_glass_12402.png'
36:37.836  render           | Saved: '/tmp/clearvla_eval_glass_12402.png'
36:38.487  render           | Saved: '/tmp/clearvla_eval_glass_12402.png'
36:39.003  render           | Saved: '/tmp/clearvla_eval_glass_12402.png'
36:39.588  render           | Saved: '/tmp/clearvla_eval_glass_12402.png'
36:40.075  render           | Saved: '/tmp/clearvla_eval_glass_12402.png'
36:40.582  render           | Saved: '/tmp/clearvla_eval_glass_12402.png'
36:41.055  render           | Saved: '/tmp/clearvla_eval_glass_12402.png'
36:41.568  render           | Saved: '/tmp/clearvla_eval_glass_12402.png'
36:42.036  render           | Saved: '/tmp/clearvla_eval_glass_12402.png'
36:42.530  render           | Saved: '/tmp/clearvla_eval_glass_12402.png'
36:43.010  render           | Saved: '/tmp/clearvla_eval_glass_12402.png'
36:43.533  render           | Saved: '/tmp/clearvla_eval_glass_12402.png'
36:44.004  render           | Saved: '/tmp/clearvla_eval_glass_12402.png'
36:44.487  render           | Saved: '/tmp/clearvla_eval_glass_12402.png'
36:44.957  render           | Saved: '/tmp/clearvla_eval_glass_12402.png'
36:45.450  render           | Saved: '/tmp/clearvla_eval_glass_12402.png'
36:45.931  render           | Saved: '/tmp/clearvla_eval_glass_12402.png'
36:46.414  render           | Saved: '/tmp/clearvla_eval_glass_12402.png'
36:46.908  render           | Saved: '/tmp/clearvla_eval_glass_12402.png'
36:47.450  render           | Saved: '/tmp/clearvla_eval_glass_12402.png'
36:47.963  render           | Saved: '/tmp/clearvla_eval_glass_12402.png'
36:48.549  render           | Saved: '/tmp/clearvla_eval_glass_12402.png'
36:49.068  render           | Saved: '/tmp/clearvla_eval_glass_12402.png'
36:49.655  render           | Saved: '/tmp/clearvla_eval_glass_12402.png'
36:50.114  render           | Saved: '/tmp/clearvla_eval_glass_12402.png'
36:50.724  render           | Saved: '/tmp/clearvla_eval_glass_12402.png'
36:51.146  render           | Saved: '/tmp/clearvla_eval_glass_12402.png'
36:51.744  render           | Saved: '/tmp/clearvla_eval_glass_12402.png'
36:52.201  render           | Saved: '/tmp/clearvla_eval_glass_12402.png'
36:52.756  render           | Saved: '/tmp/clearvla_eval_glass_12402.png'
36:53.222  render           | Saved: '/tmp/clearvla_eval_glass_12402.png'
36:53.736  render           | Saved: '/tmp/clearvla_eval_glass_12402.png'
36:54.225  render           | Saved: '/tmp/clearvla_eval_glass_12402.png'
36:54.738  render           | Saved: '/tmp/clearvla_eval_glass_12402.png'
36:55.244  render           | Saved: '/tmp/clearvla_eval_glass_12402.png'
36:55.803  render           | Saved: '/tmp/clearvla_eval_glass_12402.png'
36:56.316  render           | Saved: '/tmp/clearvla_eval_glass_12402.png'
36:56.885  render           | Saved: '/tmp/clearvla_eval_glass_12402.png'
36:57.310  render           | Saved: '/tmp/clearvla_eval_glass_12402.png'
36:57.885  render           | Saved: '/tmp/clearvla_eval_glass_12402.png'
36:58.297  render           | Saved: '/tmp/clearvla_eval_glass_12402.png'
36:58.870  render           | Saved: '/tmp/clearvla_eval_glass_12402.png'
36:59.305  render           | Saved: '/tmp/clearvla_eval_glass_12402.png'
36:59.866  render           | Saved: '/tmp/clearvla_eval_glass_12402.png'
37:00.333  render           | Saved: '/tmp/clearvla_eval_glass_12402.png'
37:00.891  render           | Saved: '/tmp/clearvla_eval_glass_12402.png'
37:01.365  render           | Saved: '/tmp/clearvla_eval_glass_12402.png'
37:01.865  render           | Saved: '/tmp/clearvla_eval_glass_12402.png'
37:02.338  render           | Saved: '/tmp/clearvla_eval_glass_12402.png'
37:02.824  render           | Saved: '/tmp/clearvla_eval_glass_12402.png'
37:03.296  render           | Saved: '/tmp/clearvla_eval_glass_12402.png'
[full/glass] grasp: 14/20  (36.9 min, 44.9 s/ep)
done 40 new episodes in 36.9 min -> /Users/yogyamehrotra/Desktop/ClearVLA/results/week3/interim_v4/full_glass.jsonl
