[transformers] Model config: bos_token_id must be `None` or an integer within the vocabulary (between 0 and 31999), got 49406. This may result in unexpected behavior.
[transformers] Model config: eos_token_id must be `None` or an integer within the vocabulary (between 0 and 31999), got 49407. This may result in unexpected behavior.
Loading weights:   0%|          | 0/408 [00:00<?, ?it/s]Loading weights: 100%|██████████| 408/408 [00:00<00:00, 10769.38it/s]
00:12.052  render           | Saved: '/tmp/clearvla_eval_glass_39349.png'
00:13.186  render           | Saved: '/tmp/clearvla_eval_glass_39349.png'
/Users/yogyamehrotra/miniconda3/envs/clearvla/lib/python3.11/site-packages/transformers/image_processing_backends.py:135: UserWarning: The given NumPy array is not writable, and PyTorch does not support non-writable tensors. This means writing to this tensor will result in undefined behavior. You may want to copy the array to protect its data or make it writable before converting it to a tensor. This type of warning will be suppressed for the rest of this program. (Triggered internally at /Users/runner/work/pytorch/pytorch/torch/csrc/utils/tensor_numpy.cpp:219.)
  image = torch.from_numpy(image).contiguous()
00:17.445  render           | Saved: '/tmp/clearvla_eval_glass_39349.png'
00:18.139  render           | Saved: '/tmp/clearvla_eval_glass_39349.png'
00:18.795  render           | Saved: '/tmp/clearvla_eval_glass_39349.png'
00:19.687  render           | Saved: '/tmp/clearvla_eval_glass_39349.png'
00:21.438  render           | Saved: '/tmp/clearvla_eval_glass_39349.png'
00:22.008  render           | Saved: '/tmp/clearvla_eval_glass_39349.png'
00:22.710  render           | Saved: '/tmp/clearvla_eval_glass_39349.png'
00:23.121  render           | Saved: '/tmp/clearvla_eval_glass_39349.png'
00:23.662  render           | Saved: '/tmp/clearvla_eval_glass_39349.png'
00:24.046  render           | Saved: '/tmp/clearvla_eval_glass_39349.png'
00:24.578  render           | Saved: '/tmp/clearvla_eval_glass_39349.png'
00:26.203  render           | Saved: '/tmp/clearvla_eval_glass_39349.png'
00:30.301  render           | Saved: '/tmp/clearvla_eval_glass_39349.png'
00:31.713  render           | Saved: '/tmp/clearvla_eval_glass_39349.png'
00:35.702  render           | Saved: '/tmp/clearvla_eval_glass_39349.png'
00:36.370  render           | Saved: '/tmp/clearvla_eval_glass_39349.png'
00:37.127  render           | Saved: '/tmp/clearvla_eval_glass_39349.png'
00:37.737  render           | Saved: '/tmp/clearvla_eval_glass_39349.png'
00:38.452  render           | Saved: '/tmp/clearvla_eval_glass_39349.png'
00:39.533  render           | Saved: '/tmp/clearvla_eval_glass_39349.png'
00:41.794  render           | Saved: '/tmp/clearvla_eval_glass_39349.png'
00:42.483  render           | Saved: '/tmp/clearvla_eval_glass_39349.png'
00:43.669  render           | Saved: '/tmp/clearvla_eval_glass_39349.png'
00:44.300  render           | Saved: '/tmp/clearvla_eval_glass_39349.png'
00:45.036  render           | Saved: '/tmp/clearvla_eval_glass_39349.png'
00:46.046  render           | Saved: '/tmp/clearvla_eval_glass_39349.png'
00:48.022  render           | Saved: '/tmp/clearvla_eval_glass_39349.png'
00:48.643  render           | Saved: '/tmp/clearvla_eval_glass_39349.png'
00:51.339  render           | Saved: '/tmp/clearvla_eval_glass_39349.png'
00:51.885  render           | Saved: '/tmp/clearvla_eval_glass_39349.png'
00:52.523  render           | Saved: '/tmp/clearvla_eval_glass_39349.png'
00:53.602  render           | Saved: '/tmp/clearvla_eval_glass_39349.png'
00:55.498  render           | Saved: '/tmp/clearvla_eval_glass_39349.png'
00:56.535  render           | Saved: '/tmp/clearvla_eval_glass_39349.png'
00:59.040  render           | Saved: '/tmp/clearvla_eval_glass_39349.png'
00:59.589  render           | Saved: '/tmp/clearvla_eval_glass_39349.png'
01:00.327  render           | Saved: '/tmp/clearvla_eval_glass_39349.png'
01:00.912  render           | Saved: '/tmp/clearvla_eval_glass_39349.png'
01:01.642  render           | Saved: '/tmp/clearvla_eval_glass_39349.png'
01:02.209  render           | Saved: '/tmp/clearvla_eval_glass_39349.png'
01:03.447  render           | Saved: '/tmp/clearvla_eval_glass_39349.png'
01:04.149  render           | Saved: '/tmp/clearvla_eval_glass_39349.png'
01:05.141  render           | Saved: '/tmp/clearvla_eval_glass_39349.png'
01:05.593  render           | Saved: '/tmp/clearvla_eval_glass_39349.png'
01:06.695  render           | Saved: '/tmp/clearvla_eval_glass_39349.png'
01:07.308  render           | Saved: '/tmp/clearvla_eval_glass_39349.png'
01:08.059  render           | Saved: '/tmp/clearvla_eval_glass_39349.png'
01:08.496  render           | Saved: '/tmp/clearvla_eval_glass_39349.png'
01:08.989  render           | Saved: '/tmp/clearvla_eval_glass_39349.png'
01:09.423  render           | Saved: '/tmp/clearvla_eval_glass_39349.png'
01:09.951  render           | Saved: '/tmp/clearvla_eval_glass_39349.png'
01:10.412  render           | Saved: '/tmp/clearvla_eval_glass_39349.png'
01:11.356  render           | Saved: '/tmp/clearvla_eval_glass_39349.png'
01:11.962  render           | Saved: '/tmp/clearvla_eval_glass_39349.png'
01:12.637  render           | Saved: '/tmp/clearvla_eval_glass_39349.png'
01:13.706  render           | Saved: '/tmp/clearvla_eval_glass_39349.png'
01:15.532  render           | Saved: '/tmp/clearvla_eval_glass_39349.png'
01:15.986  render           | Saved: '/tmp/clearvla_eval_glass_39349.png'
01:16.733  render           | Saved: '/tmp/clearvla_eval_glass_39349.png'
01:17.542  render           | Saved: '/tmp/clearvla_eval_glass_39349.png'
01:19.459  render           | Saved: '/tmp/clearvla_eval_glass_39349.png'
01:19.931  render           | Saved: '/tmp/clearvla_eval_glass_39349.png'
01:20.592  render           | Saved: '/tmp/clearvla_eval_glass_39349.png'
01:21.103  render           | Saved: '/tmp/clearvla_eval_glass_39349.png'
01:22.237  render           | Saved: '/tmp/clearvla_eval_glass_39349.png'
01:22.795  render           | Saved: '/tmp/clearvla_eval_glass_39349.png'
01:23.442  render           | Saved: '/tmp/clearvla_eval_glass_39349.png'
01:24.206  render           | Saved: '/tmp/clearvla_eval_glass_39349.png'
01:24.921  render           | Saved: '/tmp/clearvla_eval_glass_39349.png'
01:25.325  render           | Saved: '/tmp/clearvla_eval_glass_39349.png'
01:25.848  render           | Saved: '/tmp/clearvla_eval_glass_39349.png'
01:26.258  render           | Saved: '/tmp/clearvla_eval_glass_39349.png'
01:26.849  render           | Saved: '/tmp/clearvla_eval_glass_39349.png'
01:27.854  render           | Saved: '/tmp/clearvla_eval_glass_39349.png'
01:30.045  render           | Saved: '/tmp/clearvla_eval_glass_39349.png'
01:30.885  render           | Saved: '/tmp/clearvla_eval_glass_39349.png'
01:31.673  render           | Saved: '/tmp/clearvla_eval_glass_39349.png'
01:32.814  render           | Saved: '/tmp/clearvla_eval_glass_39349.png'
01:34.735  render           | Saved: '/tmp/clearvla_eval_glass_39349.png'
01:35.478  render           | Saved: '/tmp/clearvla_eval_glass_39349.png'
01:36.547  render           | Saved: '/tmp/clearvla_eval_glass_39349.png'
01:37.769  render           | Saved: '/tmp/clearvla_eval_glass_39349.png'
01:40.084  render           | Saved: '/tmp/clearvla_eval_glass_39349.png'
01:40.735  render           | Saved: '/tmp/clearvla_eval_glass_39349.png'
01:41.711  render           | Saved: '/tmp/clearvla_eval_glass_39349.png'
01:42.282  render           | Saved: '/tmp/clearvla_eval_glass_39349.png'
01:43.108  render           | Saved: '/tmp/clearvla_eval_glass_39349.png'
01:44.071  render           | Saved: '/tmp/clearvla_eval_glass_39349.png'
01:44.819  render           | Saved: '/tmp/clearvla_eval_glass_39349.png'
01:45.229  render           | Saved: '/tmp/clearvla_eval_glass_39349.png'
01:45.815  render           | Saved: '/tmp/clearvla_eval_glass_39349.png'
01:46.277  render           | Saved: '/tmp/clearvla_eval_glass_39349.png'
01:47.301  render           | Saved: '/tmp/clearvla_eval_glass_39349.png'
01:47.896  render           | Saved: '/tmp/clearvla_eval_glass_39349.png'
01:48.574  render           | Saved: '/tmp/clearvla_eval_glass_39349.png'
01:49.693  render           | Saved: '/tmp/clearvla_eval_glass_39349.png'
01:52.616  render           | Saved: '/tmp/clearvla_eval_glass_39349.png'
01:53.553  render           | Saved: '/tmp/clearvla_eval_glass_39349.png'
01:54.766  render           | Saved: '/tmp/clearvla_eval_glass_39349.png'
01:55.214  render           | Saved: '/tmp/clearvla_eval_glass_39349.png'
01:55.769  render           | Saved: '/tmp/clearvla_eval_glass_39349.png'
01:56.527  render           | Saved: '/tmp/clearvla_eval_glass_39349.png'
01:57.205  render           | Saved: '/tmp/clearvla_eval_glass_39349.png'
01:58.248  render           | Saved: '/tmp/clearvla_eval_glass_39349.png'
02:01.497  render           | Saved: '/tmp/clearvla_eval_glass_39349.png'
02:02.175  render           | Saved: '/tmp/clearvla_eval_glass_39349.png'
02:04.552  render           | Saved: '/tmp/clearvla_eval_glass_39349.png'
02:05.309  render           | Saved: '/tmp/clearvla_eval_glass_39349.png'
02:08.362  render           | Saved: '/tmp/clearvla_eval_glass_39349.png'
02:09.266  render           | Saved: '/tmp/clearvla_eval_glass_39349.png'
02:13.597  render           | Saved: '/tmp/clearvla_eval_glass_39349.png'
02:14.221  render           | Saved: '/tmp/clearvla_eval_glass_39349.png'
02:15.055  render           | Saved: '/tmp/clearvla_eval_glass_39349.png'
02:15.720  render           | Saved: '/tmp/clearvla_eval_glass_39349.png'
02:16.845  render           | Saved: '/tmp/clearvla_eval_glass_39349.png'
02:17.414  render           | Saved: '/tmp/clearvla_eval_glass_39349.png'
02:18.468  render           | Saved: '/tmp/clearvla_eval_glass_39349.png'
02:19.231  render           | Saved: '/tmp/clearvla_eval_glass_39349.png'
02:21.950  render           | Saved: '/tmp/clearvla_eval_glass_39349.png'
02:22.669  render           | Saved: '/tmp/clearvla_eval_glass_39349.png'
02:26.265  render           | Saved: '/tmp/clearvla_eval_glass_39349.png'
02:27.023  render           | Saved: '/tmp/clearvla_eval_glass_39349.png'
02:27.898  render           | Saved: '/tmp/clearvla_eval_glass_39349.png'
02:28.291  render           | Saved: '/tmp/clearvla_eval_glass_39349.png'
02:28.800  render           | Saved: '/tmp/clearvla_eval_glass_39349.png'
02:29.190  render           | Saved: '/tmp/clearvla_eval_glass_39349.png'
02:29.751  render           | Saved: '/tmp/clearvla_eval_glass_39349.png'
02:30.910  render           | Saved: '/tmp/clearvla_eval_glass_39349.png'
02:33.571  render           | Saved: '/tmp/clearvla_eval_glass_39349.png'
02:34.285  render           | Saved: '/tmp/clearvla_eval_glass_39349.png'
02:35.308  render           | Saved: '/tmp/clearvla_eval_glass_39349.png'
02:35.699  render           | Saved: '/tmp/clearvla_eval_glass_39349.png'
02:36.252  render           | Saved: '/tmp/clearvla_eval_glass_39349.png'
02:36.634  render           | Saved: '/tmp/clearvla_eval_glass_39349.png'
02:37.181  render           | Saved: '/tmp/clearvla_eval_glass_39349.png'
02:37.568  render           | Saved: '/tmp/clearvla_eval_glass_39349.png'
02:38.653  render           | Saved: '/tmp/clearvla_eval_glass_39349.png'
02:39.214  render           | Saved: '/tmp/clearvla_eval_glass_39349.png'
02:40.174  render           | Saved: '/tmp/clearvla_eval_glass_39349.png'
02:40.886  render           | Saved: '/tmp/clearvla_eval_glass_39349.png'
02:41.598  render           | Saved: '/tmp/clearvla_eval_glass_39349.png'
02:42.028  render           | Saved: '/tmp/clearvla_eval_glass_39349.png'
02:43.754  render           | Saved: '/tmp/clearvla_eval_glass_39349.png'
02:44.428  render           | Saved: '/tmp/clearvla_eval_glass_39349.png'
02:45.057  render           | Saved: '/tmp/clearvla_eval_glass_39349.png'
02:45.556  render           | Saved: '/tmp/clearvla_eval_glass_39349.png'
02:46.409  render           | Saved: '/tmp/clearvla_eval_glass_39349.png'
02:46.911  render           | Saved: '/tmp/clearvla_eval_glass_39349.png'
02:48.107  render           | Saved: '/tmp/clearvla_eval_glass_39349.png'
02:48.695  render           | Saved: '/tmp/clearvla_eval_glass_39349.png'
02:51.904  render           | Saved: '/tmp/clearvla_eval_glass_39349.png'
02:52.450  render           | Saved: '/tmp/clearvla_eval_glass_39349.png'
02:56.596  render           | Saved: '/tmp/clearvla_eval_glass_39349.png'
02:57.271  render           | Saved: '/tmp/clearvla_eval_glass_39349.png'
03:00.738  render           | Saved: '/tmp/clearvla_eval_glass_39349.png'
03:01.316  render           | Saved: '/tmp/clearvla_eval_glass_39349.png'
03:01.907  render           | Saved: '/tmp/clearvla_eval_glass_39349.png'
03:02.643  render           | Saved: '/tmp/clearvla_eval_glass_39349.png'
03:03.363  render           | Saved: '/tmp/clearvla_eval_glass_39349.png'
03:03.812  render           | Saved: '/tmp/clearvla_eval_glass_39349.png'
03:05.179  render           | Saved: '/tmp/clearvla_eval_glass_39349.png'
03:05.719  render           | Saved: '/tmp/clearvla_eval_glass_39349.png'
03:06.522  render           | Saved: '/tmp/clearvla_eval_glass_39349.png'
03:06.989  render           | Saved: '/tmp/clearvla_eval_glass_39349.png'
03:07.490  render           | Saved: '/tmp/clearvla_eval_glass_39349.png'
03:07.982  render           | Saved: '/tmp/clearvla_eval_glass_39349.png'
03:09.159  render           | Saved: '/tmp/clearvla_eval_glass_39349.png'
03:09.770  render           | Saved: '/tmp/clearvla_eval_glass_39349.png'
03:11.038  render           | Saved: '/tmp/clearvla_eval_glass_39349.png'
03:11.473  render           | Saved: '/tmp/clearvla_eval_glass_39349.png'
03:11.954  render           | Saved: '/tmp/clearvla_eval_glass_39349.png'
03:13.010  render           | Saved: '/tmp/clearvla_eval_glass_39349.png'
03:16.952  render           | Saved: '/tmp/clearvla_eval_glass_39349.png'
03:17.663  render           | Saved: '/tmp/clearvla_eval_glass_39349.png'
03:21.231  render           | Saved: '/tmp/clearvla_eval_glass_39349.png'
03:22.032  render           | Saved: '/tmp/clearvla_eval_glass_39349.png'
03:23.165  render           | Saved: '/tmp/clearvla_eval_glass_39349.png'
03:23.823  render           | Saved: '/tmp/clearvla_eval_glass_39349.png'
03:24.653  render           | Saved: '/tmp/clearvla_eval_glass_39349.png'
03:25.167  render           | Saved: '/tmp/clearvla_eval_glass_39349.png'
03:26.427  render           | Saved: '/tmp/clearvla_eval_glass_39349.png'
03:26.987  render           | Saved: '/tmp/clearvla_eval_glass_39349.png'
03:27.603  render           | Saved: '/tmp/clearvla_eval_glass_39349.png'
03:28.058  render           | Saved: '/tmp/clearvla_eval_glass_39349.png'
03:28.594  render           | Saved: '/tmp/clearvla_eval_glass_39349.png'
03:29.102  render           | Saved: '/tmp/clearvla_eval_glass_39349.png'
03:29.964  render           | Saved: '/tmp/clearvla_eval_glass_39349.png'
03:30.475  render           | Saved: '/tmp/clearvla_eval_glass_39349.png'
03:31.556  render           | Saved: '/tmp/clearvla_eval_glass_39349.png'
03:32.148  render           | Saved: '/tmp/clearvla_eval_glass_39349.png'
03:36.728  render           | Saved: '/tmp/clearvla_eval_glass_39349.png'
03:37.283  render           | Saved: '/tmp/clearvla_eval_glass_39349.png'
03:37.969  render           | Saved: '/tmp/clearvla_eval_glass_39349.png'
03:38.425  render           | Saved: '/tmp/clearvla_eval_glass_39349.png'
03:39.321  render           | Saved: '/tmp/clearvla_eval_glass_39349.png'
03:39.812  render           | Saved: '/tmp/clearvla_eval_glass_39349.png'
03:40.496  render           | Saved: '/tmp/clearvla_eval_glass_39349.png'
03:41.268  render           | Saved: '/tmp/clearvla_eval_glass_39349.png'
03:42.039  render           | Saved: '/tmp/clearvla_eval_glass_39349.png'
03:42.727  render           | Saved: '/tmp/clearvla_eval_glass_39349.png'
03:43.372  render           | Saved: '/tmp/clearvla_eval_glass_39349.png'
03:43.942  render           | Saved: '/tmp/clearvla_eval_glass_39349.png'
03:44.936  render           | Saved: '/tmp/clearvla_eval_glass_39349.png'
03:45.863  render           | Saved: '/tmp/clearvla_eval_glass_39349.png'
03:49.118  render           | Saved: '/tmp/clearvla_eval_glass_39349.png'
03:49.739  render           | Saved: '/tmp/clearvla_eval_glass_39349.png'
03:50.441  render           | Saved: '/tmp/clearvla_eval_glass_39349.png'
03:50.912  render           | Saved: '/tmp/clearvla_eval_glass_39349.png'
03:51.432  render           | Saved: '/tmp/clearvla_eval_glass_39349.png'
03:51.894  render           | Saved: '/tmp/clearvla_eval_glass_39349.png'
03:52.454  render           | Saved: '/tmp/clearvla_eval_glass_39349.png'
03:52.918  render           | Saved: '/tmp/clearvla_eval_glass_39349.png'
03:53.523  render           | Saved: '/tmp/clearvla_eval_glass_39349.png'
03:54.304  render           | Saved: '/tmp/clearvla_eval_glass_39349.png'
03:57.341  render           | Saved: '/tmp/clearvla_eval_glass_39349.png'
03:57.948  render           | Saved: '/tmp/clearvla_eval_glass_39349.png'
04:00.302  render           | Saved: '/tmp/clearvla_eval_glass_39349.png'
04:01.078  render           | Saved: '/tmp/clearvla_eval_glass_39349.png'
04:06.022  render           | Saved: '/tmp/clearvla_eval_glass_39349.png'
04:06.705  render           | Saved: '/tmp/clearvla_eval_glass_39349.png'
04:07.372  render           | Saved: '/tmp/clearvla_eval_glass_39349.png'
04:07.805  render           | Saved: '/tmp/clearvla_eval_glass_39349.png'
04:08.349  render           | Saved: '/tmp/clearvla_eval_glass_39349.png'
04:09.091  render           | Saved: '/tmp/clearvla_eval_glass_39349.png'
04:09.910  render           | Saved: '/tmp/clearvla_eval_glass_39349.png'
04:10.921  render           | Saved: '/tmp/clearvla_eval_glass_39349.png'
04:14.297  render           | Saved: '/tmp/clearvla_eval_glass_39349.png'
04:15.179  render           | Saved: '/tmp/clearvla_eval_glass_39349.png'
04:19.110  render           | Saved: '/tmp/clearvla_eval_glass_39349.png'
04:19.736  render           | Saved: '/tmp/clearvla_eval_glass_39349.png'
04:20.535  render           | Saved: '/tmp/clearvla_eval_glass_39349.png'
04:21.068  render           | Saved: '/tmp/clearvla_eval_glass_39349.png'
04:21.766  render           | Saved: '/tmp/clearvla_eval_glass_39349.png'
04:22.209  render           | Saved: '/tmp/clearvla_eval_glass_39349.png'
04:22.729  render           | Saved: '/tmp/clearvla_eval_glass_39349.png'
04:23.165  render           | Saved: '/tmp/clearvla_eval_glass_39349.png'
04:24.577  render           | Saved: '/tmp/clearvla_eval_glass_39349.png'
04:25.208  render           | Saved: '/tmp/clearvla_eval_glass_39349.png'
04:25.982  render           | Saved: '/tmp/clearvla_eval_glass_39349.png'
04:26.454  render           | Saved: '/tmp/clearvla_eval_glass_39349.png'
04:27.039  render           | Saved: '/tmp/clearvla_eval_glass_39349.png'
04:27.484  render           | Saved: '/tmp/clearvla_eval_glass_39349.png'
04:28.096  render           | Saved: '/tmp/clearvla_eval_glass_39349.png'
04:29.437  render           | Saved: '/tmp/clearvla_eval_glass_39349.png'
04:33.586  render           | Saved: '/tmp/clearvla_eval_glass_39349.png'
04:34.430  render           | Saved: '/tmp/clearvla_eval_glass_39349.png'
04:37.429  render           | Saved: '/tmp/clearvla_eval_glass_39349.png'
04:39.316  render           | Saved: '/tmp/clearvla_eval_glass_39349.png'
04:41.659  render           | Saved: '/tmp/clearvla_eval_glass_39349.png'
04:42.176  render           | Saved: '/tmp/clearvla_eval_glass_39349.png'
04:42.878  render           | Saved: '/tmp/clearvla_eval_glass_39349.png'
04:43.364  render           | Saved: '/tmp/clearvla_eval_glass_39349.png'
04:44.816  render           | Saved: '/tmp/clearvla_eval_glass_39349.png'
04:45.482  render           | Saved: '/tmp/clearvla_eval_glass_39349.png'
04:48.131  render           | Saved: '/tmp/clearvla_eval_glass_39349.png'
04:48.849  render           | Saved: '/tmp/clearvla_eval_glass_39349.png'
04:51.859  render           | Saved: '/tmp/clearvla_eval_glass_39349.png'
04:52.331  render           | Saved: '/tmp/clearvla_eval_glass_39349.png'
04:53.554  render           | Saved: '/tmp/clearvla_eval_glass_39349.png'
04:54.286  render           | Saved: '/tmp/clearvla_eval_glass_39349.png'
04:54.982  render           | Saved: '/tmp/clearvla_eval_glass_39349.png'
04:55.484  render           | Saved: '/tmp/clearvla_eval_glass_39349.png'
04:56.515  render           | Saved: '/tmp/clearvla_eval_glass_39349.png'
04:57.155  render           | Saved: '/tmp/clearvla_eval_glass_39349.png'
04:58.167  render           | Saved: '/tmp/clearvla_eval_glass_39349.png'
04:58.830  render           | Saved: '/tmp/clearvla_eval_glass_39349.png'
05:00.494  render           | Saved: '/tmp/clearvla_eval_glass_39349.png'
05:00.972  render           | Saved: '/tmp/clearvla_eval_glass_39349.png'
05:01.503  render           | Saved: '/tmp/clearvla_eval_glass_39349.png'
05:03.153  render           | Saved: '/tmp/clearvla_eval_glass_39349.png'
05:04.066  render           | Saved: '/tmp/clearvla_eval_glass_39349.png'
05:04.561  render           | Saved: '/tmp/clearvla_eval_glass_39349.png'
05:05.106  render           | Saved: '/tmp/clearvla_eval_glass_39349.png'
05:05.532  render           | Saved: '/tmp/clearvla_eval_glass_39349.png'
05:06.053  render           | Saved: '/tmp/clearvla_eval_glass_39349.png'
05:06.432  render           | Saved: '/tmp/clearvla_eval_glass_39349.png'
05:06.947  render           | Saved: '/tmp/clearvla_eval_glass_39349.png'
05:07.348  render           | Saved: '/tmp/clearvla_eval_glass_39349.png'
05:07.870  render           | Saved: '/tmp/clearvla_eval_glass_39349.png'
05:09.133  render           | Saved: '/tmp/clearvla_eval_glass_39349.png'
05:11.857  render           | Saved: '/tmp/clearvla_eval_glass_39349.png'
05:12.731  render           | Saved: '/tmp/clearvla_eval_glass_39349.png'
05:16.675  render           | Saved: '/tmp/clearvla_eval_glass_39349.png'
05:17.670  render           | Saved: '/tmp/clearvla_eval_glass_39349.png'
05:18.402  render           | Saved: '/tmp/clearvla_eval_glass_39349.png'
05:19.357  render           | Saved: '/tmp/clearvla_eval_glass_39349.png'
05:22.268  render           | Saved: '/tmp/clearvla_eval_glass_39349.png'
05:23.213  render           | Saved: '/tmp/clearvla_eval_glass_39349.png'
05:24.795  render           | Saved: '/tmp/clearvla_eval_glass_39349.png'
05:25.318  render           | Saved: '/tmp/clearvla_eval_glass_39349.png'
05:26.843  render           | Saved: '/tmp/clearvla_eval_glass_39349.png'
05:27.424  render           | Saved: '/tmp/clearvla_eval_glass_39349.png'
05:28.076  render           | Saved: '/tmp/clearvla_eval_glass_39349.png'
05:28.544  render           | Saved: '/tmp/clearvla_eval_glass_39349.png'
05:29.081  render           | Saved: '/tmp/clearvla_eval_glass_39349.png'
05:30.402  render           | Saved: '/tmp/clearvla_eval_glass_39349.png'
05:34.563  render           | Saved: '/tmp/clearvla_eval_glass_39349.png'
05:35.232  render           | Saved: '/tmp/clearvla_eval_glass_39349.png'
05:36.009  render           | Saved: '/tmp/clearvla_eval_glass_39349.png'
05:37.341  render           | Saved: '/tmp/clearvla_eval_glass_39349.png'
05:39.447  render           | Saved: '/tmp/clearvla_eval_glass_39349.png'
05:40.007  render           | Saved: '/tmp/clearvla_eval_glass_39349.png'
05:40.682  render           | Saved: '/tmp/clearvla_eval_glass_39349.png'
05:41.177  render           | Saved: '/tmp/clearvla_eval_glass_39349.png'
05:42.431  render           | Saved: '/tmp/clearvla_eval_glass_39349.png'
05:43.019  render           | Saved: '/tmp/clearvla_eval_glass_39349.png'
05:44.438  render           | Saved: '/tmp/clearvla_eval_glass_39349.png'
05:45.006  render           | Saved: '/tmp/clearvla_eval_glass_39349.png'
05:45.577  render           | Saved: '/tmp/clearvla_eval_glass_39349.png'
05:46.680  render           | Saved: '/tmp/clearvla_eval_glass_39349.png'
05:48.875  render           | Saved: '/tmp/clearvla_eval_glass_39349.png'
05:50.076  render           | Saved: '/tmp/clearvla_eval_glass_39349.png'
05:52.891  render           | Saved: '/tmp/clearvla_eval_glass_39349.png'
05:53.732  render           | Saved: '/tmp/clearvla_eval_glass_39349.png'
05:56.981  render           | Saved: '/tmp/clearvla_eval_glass_39349.png'
05:57.694  render           | Saved: '/tmp/clearvla_eval_glass_39349.png'
05:58.604  render           | Saved: '/tmp/clearvla_eval_glass_39349.png'
05:59.243  render           | Saved: '/tmp/clearvla_eval_glass_39349.png'
06:00.214  render           | Saved: '/tmp/clearvla_eval_glass_39349.png'
06:00.769  render           | Saved: '/tmp/clearvla_eval_glass_39349.png'
06:01.498  render           | Saved: '/tmp/clearvla_eval_glass_39349.png'
06:02.087  render           | Saved: '/tmp/clearvla_eval_glass_39349.png'
06:02.779  render           | Saved: '/tmp/clearvla_eval_glass_39349.png'
06:03.291  render           | Saved: '/tmp/clearvla_eval_glass_39349.png'
06:04.574  render           | Saved: '/tmp/clearvla_eval_glass_39349.png'
06:05.298  render           | Saved: '/tmp/clearvla_eval_glass_39349.png'
06:06.218  render           | Saved: '/tmp/clearvla_eval_glass_39349.png'
06:06.783  render           | Saved: '/tmp/clearvla_eval_glass_39349.png'
06:07.617  render           | Saved: '/tmp/clearvla_eval_glass_39349.png'
06:08.161  render           | Saved: '/tmp/clearvla_eval_glass_39349.png'
06:09.024  render           | Saved: '/tmp/clearvla_eval_glass_39349.png'
06:09.694  render           | Saved: '/tmp/clearvla_eval_glass_39349.png'
06:13.138  render           | Saved: '/tmp/clearvla_eval_glass_39349.png'
06:13.764  render           | Saved: '/tmp/clearvla_eval_glass_39349.png'
06:16.530  render           | Saved: '/tmp/clearvla_eval_glass_39349.png'
06:17.207  render           | Saved: '/tmp/clearvla_eval_glass_39349.png'
06:18.049  render           | Saved: '/tmp/clearvla_eval_glass_39349.png'
06:18.539  render           | Saved: '/tmp/clearvla_eval_glass_39349.png'
06:19.207  render           | Saved: '/tmp/clearvla_eval_glass_39349.png'
06:20.324  render           | Saved: '/tmp/clearvla_eval_glass_39349.png'
06:22.361  render           | Saved: '/tmp/clearvla_eval_glass_39349.png'
06:22.935  render           | Saved: '/tmp/clearvla_eval_glass_39349.png'
06:24.297  render           | Saved: '/tmp/clearvla_eval_glass_39349.png'
06:25.013  render           | Saved: '/tmp/clearvla_eval_glass_39349.png'
06:25.789  render           | Saved: '/tmp/clearvla_eval_glass_39349.png'
06:26.270  render           | Saved: '/tmp/clearvla_eval_glass_39349.png'
06:26.832  render           | Saved: '/tmp/clearvla_eval_glass_39349.png'
06:27.331  render           | Saved: '/tmp/clearvla_eval_glass_39349.png'
06:28.668  render           | Saved: '/tmp/clearvla_eval_glass_39349.png'
06:29.305  render           | Saved: '/tmp/clearvla_eval_glass_39349.png'
06:30.066  render           | Saved: '/tmp/clearvla_eval_glass_39349.png'
06:30.556  render           | Saved: '/tmp/clearvla_eval_glass_39349.png'
06:31.820  render           | Saved: '/tmp/clearvla_eval_glass_39349.png'
06:32.669  render           | Saved: '/tmp/clearvla_eval_glass_39349.png'
06:36.796  render           | Saved: '/tmp/clearvla_eval_glass_39349.png'
06:37.368  render           | Saved: '/tmp/clearvla_eval_glass_39349.png'
06:38.054  render           | Saved: '/tmp/clearvla_eval_glass_39349.png'
06:38.498  render           | Saved: '/tmp/clearvla_eval_glass_39349.png'
06:38.990  render           | Saved: '/tmp/clearvla_eval_glass_39349.png'
06:39.473  render           | Saved: '/tmp/clearvla_eval_glass_39349.png'
06:40.801  render           | Saved: '/tmp/clearvla_eval_glass_39349.png'
06:41.385  render           | Saved: '/tmp/clearvla_eval_glass_39349.png'
06:42.084  render           | Saved: '/tmp/clearvla_eval_glass_39349.png'
06:42.571  render           | Saved: '/tmp/clearvla_eval_glass_39349.png'
06:43.511  render           | Saved: '/tmp/clearvla_eval_glass_39349.png'
06:44.071  render           | Saved: '/tmp/clearvla_eval_glass_39349.png'
06:44.911  render           | Saved: '/tmp/clearvla_eval_glass_39349.png'
06:46.062  render           | Saved: '/tmp/clearvla_eval_glass_39349.png'
06:48.293  render           | Saved: '/tmp/clearvla_eval_glass_39349.png'
06:48.840  render           | Saved: '/tmp/clearvla_eval_glass_39349.png'
06:49.569  render           | Saved: '/tmp/clearvla_eval_glass_39349.png'
06:50.035  render           | Saved: '/tmp/clearvla_eval_glass_39349.png'
06:51.189  render           | Saved: '/tmp/clearvla_eval_glass_39349.png'
06:52.018  render           | Saved: '/tmp/clearvla_eval_glass_39349.png'
06:56.190  render           | Saved: '/tmp/clearvla_eval_glass_39349.png'
06:56.602  render           | Saved: '/tmp/clearvla_eval_glass_39349.png'
06:57.229  render           | Saved: '/tmp/clearvla_eval_glass_39349.png'
06:58.232  render           | Saved: '/tmp/clearvla_eval_glass_39349.png'
06:59.150  render           | Saved: '/tmp/clearvla_eval_glass_39349.png'
07:00.410  render           | Saved: '/tmp/clearvla_eval_glass_39349.png'
07:02.059  render           | Saved: '/tmp/clearvla_eval_glass_39349.png'
07:02.595  render           | Saved: '/tmp/clearvla_eval_glass_39349.png'
07:03.387  render           | Saved: '/tmp/clearvla_eval_glass_39349.png'
07:04.344  render           | Saved: '/tmp/clearvla_eval_glass_39349.png'
07:06.003  render           | Saved: '/tmp/clearvla_eval_glass_39349.png'
07:06.716  render           | Saved: '/tmp/clearvla_eval_glass_39349.png'
07:11.797  render           | Saved: '/tmp/clearvla_eval_glass_39349.png'
07:12.452  render           | Saved: '/tmp/clearvla_eval_glass_39349.png'
07:15.401  render           | Saved: '/tmp/clearvla_eval_glass_39349.png'
07:16.088  render           | Saved: '/tmp/clearvla_eval_glass_39349.png'
07:17.561  render           | Saved: '/tmp/clearvla_eval_glass_39349.png'
07:18.269  render           | Saved: '/tmp/clearvla_eval_glass_39349.png'
07:18.981  render           | Saved: '/tmp/clearvla_eval_glass_39349.png'
07:19.436  render           | Saved: '/tmp/clearvla_eval_glass_39349.png'
07:20.861  render           | Saved: '/tmp/clearvla_eval_glass_39349.png'
07:21.425  render           | Saved: '/tmp/clearvla_eval_glass_39349.png'
07:22.779  render           | Saved: '/tmp/clearvla_eval_glass_39349.png'
07:23.249  render           | Saved: '/tmp/clearvla_eval_glass_39349.png'
07:23.750  render           | Saved: '/tmp/clearvla_eval_glass_39349.png'
07:24.227  render           | Saved: '/tmp/clearvla_eval_glass_39349.png'
07:24.753  render           | Saved: '/tmp/clearvla_eval_glass_39349.png'
07:26.075  render           | Saved: '/tmp/clearvla_eval_glass_39349.png'
07:27.217  render           | Saved: '/tmp/clearvla_eval_glass_39349.png'
07:27.925  render           | Saved: '/tmp/clearvla_eval_glass_39349.png'
07:28.584  render           | Saved: '/tmp/clearvla_eval_glass_39349.png'
07:29.057  render           | Saved: '/tmp/clearvla_eval_glass_39349.png'
07:29.576  render           | Saved: '/tmp/clearvla_eval_glass_39349.png'
07:30.050  render           | Saved: '/tmp/clearvla_eval_glass_39349.png'
07:32.965  render           | Saved: '/tmp/clearvla_eval_glass_39349.png'
07:33.777  render           | Saved: '/tmp/clearvla_eval_glass_39349.png'
07:38.601  render           | Saved: '/tmp/clearvla_eval_glass_39349.png'
07:39.210  render           | Saved: '/tmp/clearvla_eval_glass_39349.png'
07:39.859  render           | Saved: '/tmp/clearvla_eval_glass_39349.png'
07:40.385  render           | Saved: '/tmp/clearvla_eval_glass_39349.png'
07:41.679  render           | Saved: '/tmp/clearvla_eval_glass_39349.png'
07:42.300  render           | Saved: '/tmp/clearvla_eval_glass_39349.png'
07:42.941  render           | Saved: '/tmp/clearvla_eval_glass_39349.png'
07:43.481  render           | Saved: '/tmp/clearvla_eval_glass_39349.png'
07:44.055  render           | Saved: '/tmp/clearvla_eval_glass_39349.png'
07:45.163  render           | Saved: '/tmp/clearvla_eval_glass_39349.png'
07:47.043  render           | Saved: '/tmp/clearvla_eval_glass_39349.png'
07:47.738  render           | Saved: '/tmp/clearvla_eval_glass_39349.png'
07:48.759  render           | Saved: '/tmp/clearvla_eval_glass_39349.png'
07:49.682  render           | Saved: '/tmp/clearvla_eval_glass_39349.png'
07:50.934  render           | Saved: '/tmp/clearvla_eval_glass_39349.png'
07:51.602  render           | Saved: '/tmp/clearvla_eval_glass_39349.png'
07:52.536  render           | Saved: '/tmp/clearvla_eval_glass_39349.png'
07:53.639  render           | Saved: '/tmp/clearvla_eval_glass_39349.png'
07:55.680  render           | Saved: '/tmp/clearvla_eval_glass_39349.png'
07:56.500  render           | Saved: '/tmp/clearvla_eval_glass_39349.png'
08:00.526  render           | Saved: '/tmp/clearvla_eval_glass_39349.png'
08:01.238  render           | Saved: '/tmp/clearvla_eval_glass_39349.png'
08:02.618  render           | Saved: '/tmp/clearvla_eval_glass_39349.png'
08:03.468  render           | Saved: '/tmp/clearvla_eval_glass_39349.png'
08:07.151  render           | Saved: '/tmp/clearvla_eval_glass_39349.png'
08:07.684  render           | Saved: '/tmp/clearvla_eval_glass_39349.png'
08:08.403  render           | Saved: '/tmp/clearvla_eval_glass_39349.png'
08:08.934  render           | Saved: '/tmp/clearvla_eval_glass_39349.png'
08:09.475  render           | Saved: '/tmp/clearvla_eval_glass_39349.png'
08:09.947  render           | Saved: '/tmp/clearvla_eval_glass_39349.png'
08:10.569  render           | Saved: '/tmp/clearvla_eval_glass_39349.png'
08:11.292  render           | Saved: '/tmp/clearvla_eval_glass_39349.png'
08:12.954  render           | Saved: '/tmp/clearvla_eval_glass_39349.png'
08:13.650  render           | Saved: '/tmp/clearvla_eval_glass_39349.png'
08:14.340  render           | Saved: '/tmp/clearvla_eval_glass_39349.png'
08:14.824  render           | Saved: '/tmp/clearvla_eval_glass_39349.png'
08:15.319  render           | Saved: '/tmp/clearvla_eval_glass_39349.png'
08:15.934  render           | Saved: '/tmp/clearvla_eval_glass_39349.png'
08:17.398  render           | Saved: '/tmp/clearvla_eval_glass_39349.png'
08:18.196  render           | Saved: '/tmp/clearvla_eval_glass_39349.png'
08:18.826  render           | Saved: '/tmp/clearvla_eval_glass_39349.png'
08:19.266  render           | Saved: '/tmp/clearvla_eval_glass_39349.png'
08:20.343  render           | Saved: '/tmp/clearvla_eval_glass_39349.png'
08:20.859  render           | Saved: '/tmp/clearvla_eval_glass_39349.png'
08:21.606  render           | Saved: '/tmp/clearvla_eval_glass_39349.png'
08:22.904  render           | Saved: '/tmp/clearvla_eval_glass_39349.png'
08:26.545  render           | Saved: '/tmp/clearvla_eval_glass_39349.png'
08:27.135  render           | Saved: '/tmp/clearvla_eval_glass_39349.png'
08:27.818  render           | Saved: '/tmp/clearvla_eval_glass_39349.png'
08:29.143  render           | Saved: '/tmp/clearvla_eval_glass_39349.png'
08:32.512  render           | Saved: '/tmp/clearvla_eval_glass_39349.png'
08:33.039  render           | Saved: '/tmp/clearvla_eval_glass_39349.png'
08:36.654  render           | Saved: '/tmp/clearvla_eval_glass_39349.png'
08:37.180  render           | Saved: '/tmp/clearvla_eval_glass_39349.png'
08:38.219  render           | Saved: '/tmp/clearvla_eval_glass_39349.png'
08:38.679  render           | Saved: '/tmp/clearvla_eval_glass_39349.png'
08:39.215  render           | Saved: '/tmp/clearvla_eval_glass_39349.png'
08:39.676  render           | Saved: '/tmp/clearvla_eval_glass_39349.png'
08:40.245  render           | Saved: '/tmp/clearvla_eval_glass_39349.png'
08:41.550  render           | Saved: '/tmp/clearvla_eval_glass_39349.png'
08:44.312  render           | Saved: '/tmp/clearvla_eval_glass_39349.png'
08:45.350  render           | Saved: '/tmp/clearvla_eval_glass_39349.png'
08:46.601  render           | Saved: '/tmp/clearvla_eval_glass_39349.png'
08:47.200  render           | Saved: '/tmp/clearvla_eval_glass_39349.png'
08:49.253  render           | Saved: '/tmp/clearvla_eval_glass_39349.png'
08:49.698  render           | Saved: '/tmp/clearvla_eval_glass_39349.png'
08:51.042  render           | Saved: '/tmp/clearvla_eval_glass_39349.png'
08:51.705  render           | Saved: '/tmp/clearvla_eval_glass_39349.png'
08:53.907  render           | Saved: '/tmp/clearvla_eval_glass_39349.png'
08:54.301  render           | Saved: '/tmp/clearvla_eval_glass_39349.png'
08:54.845  render           | Saved: '/tmp/clearvla_eval_glass_39349.png'
08:55.856  render           | Saved: '/tmp/clearvla_eval_glass_39349.png'
08:57.860  render           | Saved: '/tmp/clearvla_eval_glass_39349.png'
08:58.455  render           | Saved: '/tmp/clearvla_eval_glass_39349.png'
09:02.349  render           | Saved: '/tmp/clearvla_eval_glass_39349.png'
09:03.109  render           | Saved: '/tmp/clearvla_eval_glass_39349.png'
09:05.038  render           | Saved: '/tmp/clearvla_eval_glass_39349.png'
09:05.613  render           | Saved: '/tmp/clearvla_eval_glass_39349.png'
09:06.351  render           | Saved: '/tmp/clearvla_eval_glass_39349.png'
09:06.988  render           | Saved: '/tmp/clearvla_eval_glass_39349.png'
09:08.092  render           | Saved: '/tmp/clearvla_eval_glass_39349.png'
09:08.815  render           | Saved: '/tmp/clearvla_eval_glass_39349.png'
09:11.372  render           | Saved: '/tmp/clearvla_eval_glass_39349.png'
09:12.028  render           | Saved: '/tmp/clearvla_eval_glass_39349.png'
09:12.660  render           | Saved: '/tmp/clearvla_eval_glass_39349.png'
09:13.106  render           | Saved: '/tmp/clearvla_eval_glass_39349.png'
09:13.704  render           | Saved: '/tmp/clearvla_eval_glass_39349.png'
09:14.316  render           | Saved: '/tmp/clearvla_eval_glass_39349.png'
09:15.071  render           | Saved: '/tmp/clearvla_eval_glass_39349.png'
09:15.893  render           | Saved: '/tmp/clearvla_eval_glass_39349.png'
09:16.946  render           | Saved: '/tmp/clearvla_eval_glass_39349.png'
09:17.537  render           | Saved: '/tmp/clearvla_eval_glass_39349.png'
09:18.396  render           | Saved: '/tmp/clearvla_eval_glass_39349.png'
09:19.379  render           | Saved: '/tmp/clearvla_eval_glass_39349.png'
09:20.205  render           | Saved: '/tmp/clearvla_eval_glass_39349.png'
09:21.416  render           | Saved: '/tmp/clearvla_eval_glass_39349.png'
09:23.080  render           | Saved: '/tmp/clearvla_eval_glass_39349.png'
09:23.674  render           | Saved: '/tmp/clearvla_eval_glass_39349.png'
09:24.855  render           | Saved: '/tmp/clearvla_eval_glass_39349.png'
09:25.505  render           | Saved: '/tmp/clearvla_eval_glass_39349.png'
09:26.358  render           | Saved: '/tmp/clearvla_eval_glass_39349.png'
09:27.017  render           | Saved: '/tmp/clearvla_eval_glass_39349.png'
09:27.850  render           | Saved: '/tmp/clearvla_eval_glass_39349.png'
09:28.500  render           | Saved: '/tmp/clearvla_eval_glass_39349.png'
09:29.260  render           | Saved: '/tmp/clearvla_eval_glass_39349.png'
09:29.955  render           | Saved: '/tmp/clearvla_eval_glass_39349.png'
09:31.037  render           | Saved: '/tmp/clearvla_eval_glass_39349.png'
09:31.637  render           | Saved: '/tmp/clearvla_eval_glass_39349.png'
09:32.947  render           | Saved: '/tmp/clearvla_eval_glass_39349.png'
09:33.576  render           | Saved: '/tmp/clearvla_eval_glass_39349.png'
09:34.749  render           | Saved: '/tmp/clearvla_eval_glass_39349.png'
09:35.330  render           | Saved: '/tmp/clearvla_eval_glass_39349.png'
09:36.331  render           | Saved: '/tmp/clearvla_eval_glass_39349.png'
09:37.365  render           | Saved: '/tmp/clearvla_eval_glass_39349.png'
09:38.206  render           | Saved: '/tmp/clearvla_eval_glass_39349.png'
09:39.207  render           | Saved: '/tmp/clearvla_eval_glass_39349.png'
09:42.723  render           | Saved: '/tmp/clearvla_eval_glass_39349.png'
09:43.182  render           | Saved: '/tmp/clearvla_eval_glass_39349.png'
09:43.935  render           | Saved: '/tmp/clearvla_eval_glass_39349.png'
09:44.712  render           | Saved: '/tmp/clearvla_eval_glass_39349.png'
09:45.737  render           | Saved: '/tmp/clearvla_eval_glass_39349.png'
09:46.749  render           | Saved: '/tmp/clearvla_eval_glass_39349.png'
09:48.023  render           | Saved: '/tmp/clearvla_eval_glass_39349.png'
09:48.711  render           | Saved: '/tmp/clearvla_eval_glass_39349.png'
09:49.557  render           | Saved: '/tmp/clearvla_eval_glass_39349.png'
09:50.138  render           | Saved: '/tmp/clearvla_eval_glass_39349.png'
09:50.954  render           | Saved: '/tmp/clearvla_eval_glass_39349.png'
09:51.790  render           | Saved: '/tmp/clearvla_eval_glass_39349.png'
09:52.641  render           | Saved: '/tmp/clearvla_eval_glass_39349.png'
09:53.529  render           | Saved: '/tmp/clearvla_eval_glass_39349.png'
09:54.716  render           | Saved: '/tmp/clearvla_eval_glass_39349.png'
09:55.271  render           | Saved: '/tmp/clearvla_eval_glass_39349.png'
09:56.041  render           | Saved: '/tmp/clearvla_eval_glass_39349.png'
09:57.375  render           | Saved: '/tmp/clearvla_eval_glass_39349.png'
10:00.915  render           | Saved: '/tmp/clearvla_eval_glass_39349.png'
10:01.624  render           | Saved: '/tmp/clearvla_eval_glass_39349.png'
10:03.450  render           | Saved: '/tmp/clearvla_eval_glass_39349.png'
10:03.884  render           | Saved: '/tmp/clearvla_eval_glass_39349.png'
10:04.465  render           | Saved: '/tmp/clearvla_eval_glass_39349.png'
10:04.968  render           | Saved: '/tmp/clearvla_eval_glass_39349.png'
10:06.136  render           | Saved: '/tmp/clearvla_eval_glass_39349.png'
10:07.043  render           | Saved: '/tmp/clearvla_eval_glass_39349.png'
10:10.194  render           | Saved: '/tmp/clearvla_eval_glass_39349.png'
10:11.006  render           | Saved: '/tmp/clearvla_eval_glass_39349.png'
10:18.214  render           | Saved: '/tmp/clearvla_eval_glass_39349.png'
10:19.450  render           | Saved: '/tmp/clearvla_eval_glass_39349.png'
10:22.636  render           | Saved: '/tmp/clearvla_eval_glass_39349.png'
10:23.101  render           | Saved: '/tmp/clearvla_eval_glass_39349.png'
10:23.729  render           | Saved: '/tmp/clearvla_eval_glass_39349.png'
10:24.929  render           | Saved: '/tmp/clearvla_eval_glass_39349.png'
10:30.172  render           | Saved: '/tmp/clearvla_eval_glass_39349.png'
10:30.840  render           | Saved: '/tmp/clearvla_eval_glass_39349.png'
10:35.859  render           | Saved: '/tmp/clearvla_eval_glass_39349.png'
10:36.841  render           | Saved: '/tmp/clearvla_eval_glass_39349.png'
10:38.295  render           | Saved: '/tmp/clearvla_eval_glass_39349.png'
10:38.819  render           | Saved: '/tmp/clearvla_eval_glass_39349.png'
10:39.814  render           | Saved: '/tmp/clearvla_eval_glass_39349.png'
10:40.423  render           | Saved: '/tmp/clearvla_eval_glass_39349.png'
10:41.514  render           | Saved: '/tmp/clearvla_eval_glass_39349.png'
10:42.089  render           | Saved: '/tmp/clearvla_eval_glass_39349.png'
10:43.391  render           | Saved: '/tmp/clearvla_eval_glass_39349.png'
10:43.946  render           | Saved: '/tmp/clearvla_eval_glass_39349.png'
10:44.973  render           | Saved: '/tmp/clearvla_eval_glass_39349.png'
10:45.556  render           | Saved: '/tmp/clearvla_eval_glass_39349.png'
10:46.428  render           | Saved: '/tmp/clearvla_eval_glass_39349.png'
10:47.077  render           | Saved: '/tmp/clearvla_eval_glass_39349.png'
10:47.831  render           | Saved: '/tmp/clearvla_eval_glass_39349.png'
10:48.675  render           | Saved: '/tmp/clearvla_eval_glass_39349.png'
10:49.650  render           | Saved: '/tmp/clearvla_eval_glass_39349.png'
10:50.307  render           | Saved: '/tmp/clearvla_eval_glass_39349.png'
10:51.211  render           | Saved: '/tmp/clearvla_eval_glass_39349.png'
10:52.052  render           | Saved: '/tmp/clearvla_eval_glass_39349.png'
10:56.055  render           | Saved: '/tmp/clearvla_eval_glass_39349.png'
10:56.712  render           | Saved: '/tmp/clearvla_eval_glass_39349.png'
10:57.508  render           | Saved: '/tmp/clearvla_eval_glass_39349.png'
10:57.960  render           | Saved: '/tmp/clearvla_eval_glass_39349.png'
10:58.522  render           | Saved: '/tmp/clearvla_eval_glass_39349.png'
10:59.415  render           | Saved: '/tmp/clearvla_eval_glass_39349.png'
11:02.140  render           | Saved: '/tmp/clearvla_eval_glass_39349.png'
11:03.093  render           | Saved: '/tmp/clearvla_eval_glass_39349.png'
11:04.790  render           | Saved: '/tmp/clearvla_eval_glass_39349.png'
11:05.475  render           | Saved: '/tmp/clearvla_eval_glass_39349.png'
11:07.535  render           | Saved: '/tmp/clearvla_eval_glass_39349.png'
11:07.978  render           | Saved: '/tmp/clearvla_eval_glass_39349.png'
11:08.504  render           | Saved: '/tmp/clearvla_eval_glass_39349.png'
11:08.968  render           | Saved: '/tmp/clearvla_eval_glass_39349.png'
11:09.745  render           | Saved: '/tmp/clearvla_eval_glass_39349.png'
11:10.450  render           | Saved: '/tmp/clearvla_eval_glass_39349.png'
11:11.703  render           | Saved: '/tmp/clearvla_eval_glass_39349.png'
11:12.302  render           | Saved: '/tmp/clearvla_eval_glass_39349.png'
11:13.469  render           | Saved: '/tmp/clearvla_eval_glass_39349.png'
11:14.181  render           | Saved: '/tmp/clearvla_eval_glass_39349.png'
11:15.324  render           | Saved: '/tmp/clearvla_eval_glass_39349.png'
11:15.907  render           | Saved: '/tmp/clearvla_eval_glass_39349.png'
11:17.063  render           | Saved: '/tmp/clearvla_eval_glass_39349.png'
11:17.759  render           | Saved: '/tmp/clearvla_eval_glass_39349.png'
11:19.096  render           | Saved: '/tmp/clearvla_eval_glass_39349.png'
11:19.788  render           | Saved: '/tmp/clearvla_eval_glass_39349.png'
11:21.047  render           | Saved: '/tmp/clearvla_eval_glass_39349.png'
11:21.624  render           | Saved: '/tmp/clearvla_eval_glass_39349.png'
11:22.320  render           | Saved: '/tmp/clearvla_eval_glass_39349.png'
11:23.593  render           | Saved: '/tmp/clearvla_eval_glass_39349.png'
11:25.446  render           | Saved: '/tmp/clearvla_eval_glass_39349.png'
11:26.754  render           | Saved: '/tmp/clearvla_eval_glass_39349.png'
11:28.989  render           | Saved: '/tmp/clearvla_eval_glass_39349.png'
11:29.365  render           | Saved: '/tmp/clearvla_eval_glass_39349.png'
11:30.352  render           | Saved: '/tmp/clearvla_eval_glass_39349.png'
11:30.979  render           | Saved: '/tmp/clearvla_eval_glass_39349.png'
11:31.621  render           | Saved: '/tmp/clearvla_eval_glass_39349.png'
11:32.094  render           | Saved: '/tmp/clearvla_eval_glass_39349.png'
11:32.591  render           | Saved: '/tmp/clearvla_eval_glass_39349.png'
11:33.068  render           | Saved: '/tmp/clearvla_eval_glass_39349.png'
11:33.653  render           | Saved: '/tmp/clearvla_eval_glass_39349.png'
11:34.871  render           | Saved: '/tmp/clearvla_eval_glass_39349.png'
11:38.645  render           | Saved: '/tmp/clearvla_eval_glass_39349.png'
11:39.200  render           | Saved: '/tmp/clearvla_eval_glass_39349.png'
11:40.029  render           | Saved: '/tmp/clearvla_eval_glass_39349.png'
11:40.710  render           | Saved: '/tmp/clearvla_eval_glass_39349.png'
11:42.048  render           | Saved: '/tmp/clearvla_eval_glass_39349.png'
11:42.760  render           | Saved: '/tmp/clearvla_eval_glass_39349.png'
11:43.536  render           | Saved: '/tmp/clearvla_eval_glass_39349.png'
11:44.225  render           | Saved: '/tmp/clearvla_eval_glass_39349.png'
11:45.009  render           | Saved: '/tmp/clearvla_eval_glass_39349.png'
11:45.754  render           | Saved: '/tmp/clearvla_eval_glass_39349.png'
11:46.696  render           | Saved: '/tmp/clearvla_eval_glass_39349.png'
11:47.709  render           | Saved: '/tmp/clearvla_eval_glass_39349.png'
11:49.412  render           | Saved: '/tmp/clearvla_eval_glass_39349.png'
11:50.065  render           | Saved: '/tmp/clearvla_eval_glass_39349.png'
11:50.730  render           | Saved: '/tmp/clearvla_eval_glass_39349.png'
11:51.512  render           | Saved: '/tmp/clearvla_eval_glass_39349.png'
11:52.309  render           | Saved: '/tmp/clearvla_eval_glass_39349.png'
11:52.841  render           | Saved: '/tmp/clearvla_eval_glass_39349.png'
11:53.526  render           | Saved: '/tmp/clearvla_eval_glass_39349.png'
11:54.390  render           | Saved: '/tmp/clearvla_eval_glass_39349.png'
11:55.201  render           | Saved: '/tmp/clearvla_eval_glass_39349.png'
11:55.709  render           | Saved: '/tmp/clearvla_eval_glass_39349.png'
11:56.285  render           | Saved: '/tmp/clearvla_eval_glass_39349.png'
11:57.412  render           | Saved: '/tmp/clearvla_eval_glass_39349.png'
11:58.532  render           | Saved: '/tmp/clearvla_eval_glass_39349.png'
11:59.035  render           | Saved: '/tmp/clearvla_eval_glass_39349.png'
11:59.744  render           | Saved: '/tmp/clearvla_eval_glass_39349.png'
12:00.234  render           | Saved: '/tmp/clearvla_eval_glass_39349.png'
12:00.770  render           | Saved: '/tmp/clearvla_eval_glass_39349.png'
12:01.244  render           | Saved: '/tmp/clearvla_eval_glass_39349.png'
12:01.773  render           | Saved: '/tmp/clearvla_eval_glass_39349.png'
12:02.488  render           | Saved: '/tmp/clearvla_eval_glass_39349.png'
12:03.921  render           | Saved: '/tmp/clearvla_eval_glass_39349.png'
12:04.451  render           | Saved: '/tmp/clearvla_eval_glass_39349.png'
12:05.159  render           | Saved: '/tmp/clearvla_eval_glass_39349.png'
12:06.144  render           | Saved: '/tmp/clearvla_eval_glass_39349.png'
12:06.674  render           | Saved: '/tmp/clearvla_eval_glass_39349.png'
12:07.716  render           | Saved: '/tmp/clearvla_eval_glass_39349.png'
12:09.989  render           | Saved: '/tmp/clearvla_eval_glass_39349.png'
12:10.597  render           | Saved: '/tmp/clearvla_eval_glass_39349.png'
[full/glass] grasp: 2/10  (12.0 min, 69.1 s/ep)
12:13.561  render           | Saved: '/tmp/clearvla_eval_glass_39349.png'
12:14.255  render           | Saved: '/tmp/clearvla_eval_glass_39349.png'
12:18.854  render           | Saved: '/tmp/clearvla_eval_glass_39349.png'
12:19.422  render           | Saved: '/tmp/clearvla_eval_glass_39349.png'
12:20.030  render           | Saved: '/tmp/clearvla_eval_glass_39349.png'
12:20.856  render           | Saved: '/tmp/clearvla_eval_glass_39349.png'
12:22.242  render           | Saved: '/tmp/clearvla_eval_glass_39349.png'
12:22.902  render           | Saved: '/tmp/clearvla_eval_glass_39349.png'
12:23.978  render           | Saved: '/tmp/clearvla_eval_glass_39349.png'
12:24.448  render           | Saved: '/tmp/clearvla_eval_glass_39349.png'
12:25.827  render           | Saved: '/tmp/clearvla_eval_glass_39349.png'
12:26.465  render           | Saved: '/tmp/clearvla_eval_glass_39349.png'
12:27.158  render           | Saved: '/tmp/clearvla_eval_glass_39349.png'
12:27.623  render           | Saved: '/tmp/clearvla_eval_glass_39349.png'
12:28.165  render           | Saved: '/tmp/clearvla_eval_glass_39349.png'
12:28.643  render           | Saved: '/tmp/clearvla_eval_glass_39349.png'
12:29.240  render           | Saved: '/tmp/clearvla_eval_glass_39349.png'
12:29.657  render           | Saved: '/tmp/clearvla_eval_glass_39349.png'
12:30.270  render           | Saved: '/tmp/clearvla_eval_glass_39349.png'
12:31.725  render           | Saved: '/tmp/clearvla_eval_glass_39349.png'
12:32.645  render           | Saved: '/tmp/clearvla_eval_glass_39349.png'
12:33.105  render           | Saved: '/tmp/clearvla_eval_glass_39349.png'
12:33.654  render           | Saved: '/tmp/clearvla_eval_glass_39349.png'
12:34.129  render           | Saved: '/tmp/clearvla_eval_glass_39349.png'
12:34.648  render           | Saved: '/tmp/clearvla_eval_glass_39349.png'
12:35.133  render           | Saved: '/tmp/clearvla_eval_glass_39349.png'
12:35.692  render           | Saved: '/tmp/clearvla_eval_glass_39349.png'
12:36.655  render           | Saved: '/tmp/clearvla_eval_glass_39349.png'
12:37.594  render           | Saved: '/tmp/clearvla_eval_glass_39349.png'
12:38.600  render           | Saved: '/tmp/clearvla_eval_glass_39349.png'
12:40.378  render           | Saved: '/tmp/clearvla_eval_glass_39349.png'
12:41.012  render           | Saved: '/tmp/clearvla_eval_glass_39349.png'
12:41.730  render           | Saved: '/tmp/clearvla_eval_glass_39349.png'
12:42.167  render           | Saved: '/tmp/clearvla_eval_glass_39349.png'
12:42.690  render           | Saved: '/tmp/clearvla_eval_glass_39349.png'
12:43.420  render           | Saved: '/tmp/clearvla_eval_glass_39349.png'
12:44.743  render           | Saved: '/tmp/clearvla_eval_glass_39349.png'
12:45.364  render           | Saved: '/tmp/clearvla_eval_glass_39349.png'
12:46.308  render           | Saved: '/tmp/clearvla_eval_glass_39349.png'
12:46.887  render           | Saved: '/tmp/clearvla_eval_glass_39349.png'
12:47.946  render           | Saved: '/tmp/clearvla_eval_glass_39349.png'
12:48.657  render           | Saved: '/tmp/clearvla_eval_glass_39349.png'
12:49.598  render           | Saved: '/tmp/clearvla_eval_glass_39349.png'
12:50.125  render           | Saved: '/tmp/clearvla_eval_glass_39349.png'
12:50.959  render           | Saved: '/tmp/clearvla_eval_glass_39349.png'
12:51.650  render           | Saved: '/tmp/clearvla_eval_glass_39349.png'
12:52.660  render           | Saved: '/tmp/clearvla_eval_glass_39349.png'
12:53.329  render           | Saved: '/tmp/clearvla_eval_glass_39349.png'
12:54.525  render           | Saved: '/tmp/clearvla_eval_glass_39349.png'
12:55.173  render           | Saved: '/tmp/clearvla_eval_glass_39349.png'
12:56.148  render           | Saved: '/tmp/clearvla_eval_glass_39349.png'
12:56.718  render           | Saved: '/tmp/clearvla_eval_glass_39349.png'
12:58.250  render           | Saved: '/tmp/clearvla_eval_glass_39349.png'
12:58.781  render           | Saved: '/tmp/clearvla_eval_glass_39349.png'
12:59.419  render           | Saved: '/tmp/clearvla_eval_glass_39349.png'
12:59.898  render           | Saved: '/tmp/clearvla_eval_glass_39349.png'
13:00.454  render           | Saved: '/tmp/clearvla_eval_glass_39349.png'
13:01.328  render           | Saved: '/tmp/clearvla_eval_glass_39349.png'
13:02.139  render           | Saved: '/tmp/clearvla_eval_glass_39349.png'
13:03.118  render           | Saved: '/tmp/clearvla_eval_glass_39349.png'
13:03.973  render           | Saved: '/tmp/clearvla_eval_glass_39349.png'
13:04.953  render           | Saved: '/tmp/clearvla_eval_glass_39349.png'
13:05.933  render           | Saved: '/tmp/clearvla_eval_glass_39349.png'
13:06.777  render           | Saved: '/tmp/clearvla_eval_glass_39349.png'
13:08.007  render           | Saved: '/tmp/clearvla_eval_glass_39349.png'
13:08.751  render           | Saved: '/tmp/clearvla_eval_glass_39349.png'
13:09.736  render           | Saved: '/tmp/clearvla_eval_glass_39349.png'
13:10.204  render           | Saved: '/tmp/clearvla_eval_glass_39349.png'
13:12.133  render           | Saved: '/tmp/clearvla_eval_glass_39349.png'
13:12.852  render           | Saved: '/tmp/clearvla_eval_glass_39349.png'
13:13.536  render           | Saved: '/tmp/clearvla_eval_glass_39349.png'
13:13.992  render           | Saved: '/tmp/clearvla_eval_glass_39349.png'
13:14.502  render           | Saved: '/tmp/clearvla_eval_glass_39349.png'
13:14.959  render           | Saved: '/tmp/clearvla_eval_glass_39349.png'
13:16.309  render           | Saved: '/tmp/clearvla_eval_glass_39349.png'
13:16.953  render           | Saved: '/tmp/clearvla_eval_glass_39349.png'
13:19.069  render           | Saved: '/tmp/clearvla_eval_glass_39349.png'
13:20.310  render           | Saved: '/tmp/clearvla_eval_glass_39349.png'
13:23.621  render           | Saved: '/tmp/clearvla_eval_glass_39349.png'
13:24.226  render           | Saved: '/tmp/clearvla_eval_glass_39349.png'
13:25.730  render           | Saved: '/tmp/clearvla_eval_glass_39349.png'
13:26.994  render           | Saved: '/tmp/clearvla_eval_glass_39349.png'
13:30.012  render           | Saved: '/tmp/clearvla_eval_glass_39349.png'
13:30.519  render           | Saved: '/tmp/clearvla_eval_glass_39349.png'
13:31.254  render           | Saved: '/tmp/clearvla_eval_glass_39349.png'
13:31.901  render           | Saved: '/tmp/clearvla_eval_glass_39349.png'
13:32.800  render           | Saved: '/tmp/clearvla_eval_glass_39349.png'
13:33.435  render           | Saved: '/tmp/clearvla_eval_glass_39349.png'
13:34.194  render           | Saved: '/tmp/clearvla_eval_glass_39349.png'
13:34.926  render           | Saved: '/tmp/clearvla_eval_glass_39349.png'
13:36.151  render           | Saved: '/tmp/clearvla_eval_glass_39349.png'
13:36.787  render           | Saved: '/tmp/clearvla_eval_glass_39349.png'
13:38.949  render           | Saved: '/tmp/clearvla_eval_glass_39349.png'
13:39.529  render           | Saved: '/tmp/clearvla_eval_glass_39349.png'
13:40.309  render           | Saved: '/tmp/clearvla_eval_glass_39349.png'
13:40.939  render           | Saved: '/tmp/clearvla_eval_glass_39349.png'
13:42.251  render           | Saved: '/tmp/clearvla_eval_glass_39349.png'
13:42.813  render           | Saved: '/tmp/clearvla_eval_glass_39349.png'
13:43.586  render           | Saved: '/tmp/clearvla_eval_glass_39349.png'
13:44.459  render           | Saved: '/tmp/clearvla_eval_glass_39349.png'
13:46.282  render           | Saved: '/tmp/clearvla_eval_glass_39349.png'
13:46.989  render           | Saved: '/tmp/clearvla_eval_glass_39349.png'
13:47.845  render           | Saved: '/tmp/clearvla_eval_glass_39349.png'
13:48.344  render           | Saved: '/tmp/clearvla_eval_glass_39349.png'
13:48.891  render           | Saved: '/tmp/clearvla_eval_glass_39349.png'
13:49.313  render           | Saved: '/tmp/clearvla_eval_glass_39349.png'
13:49.869  render           | Saved: '/tmp/clearvla_eval_glass_39349.png'
13:50.824  render           | Saved: '/tmp/clearvla_eval_glass_39349.png'
13:51.764  render           | Saved: '/tmp/clearvla_eval_glass_39349.png'
13:52.297  render           | Saved: '/tmp/clearvla_eval_glass_39349.png'
13:52.988  render           | Saved: '/tmp/clearvla_eval_glass_39349.png'
13:53.494  render           | Saved: '/tmp/clearvla_eval_glass_39349.png'
13:54.053  render           | Saved: '/tmp/clearvla_eval_glass_39349.png'
13:54.564  render           | Saved: '/tmp/clearvla_eval_glass_39349.png'
13:55.603  render           | Saved: '/tmp/clearvla_eval_glass_39349.png'
13:56.207  render           | Saved: '/tmp/clearvla_eval_glass_39349.png'
13:57.882  render           | Saved: '/tmp/clearvla_eval_glass_39349.png'
13:58.666  render           | Saved: '/tmp/clearvla_eval_glass_39349.png'
14:01.477  render           | Saved: '/tmp/clearvla_eval_glass_39349.png'
14:02.031  render           | Saved: '/tmp/clearvla_eval_glass_39349.png'
14:03.076  render           | Saved: '/tmp/clearvla_eval_glass_39349.png'
14:03.681  render           | Saved: '/tmp/clearvla_eval_glass_39349.png'
14:04.784  render           | Saved: '/tmp/clearvla_eval_glass_39349.png'
14:05.428  render           | Saved: '/tmp/clearvla_eval_glass_39349.png'
14:06.039  render           | Saved: '/tmp/clearvla_eval_glass_39349.png'
14:06.894  render           | Saved: '/tmp/clearvla_eval_glass_39349.png'
14:08.648  render           | Saved: '/tmp/clearvla_eval_glass_39349.png'
14:09.221  render           | Saved: '/tmp/clearvla_eval_glass_39349.png'
14:10.550  render           | Saved: '/tmp/clearvla_eval_glass_39349.png'
14:11.457  render           | Saved: '/tmp/clearvla_eval_glass_39349.png'
14:12.900  render           | Saved: '/tmp/clearvla_eval_glass_39349.png'
14:13.450  render           | Saved: '/tmp/clearvla_eval_glass_39349.png'
14:15.147  render           | Saved: '/tmp/clearvla_eval_glass_39349.png'
14:15.793  render           | Saved: '/tmp/clearvla_eval_glass_39349.png'
14:19.000  render           | Saved: '/tmp/clearvla_eval_glass_39349.png'
14:19.986  render           | Saved: '/tmp/clearvla_eval_glass_39349.png'
14:22.193  render           | Saved: '/tmp/clearvla_eval_glass_39349.png'
14:22.658  render           | Saved: '/tmp/clearvla_eval_glass_39349.png'
14:23.362  render           | Saved: '/tmp/clearvla_eval_glass_39349.png'
14:23.887  render           | Saved: '/tmp/clearvla_eval_glass_39349.png'
14:24.538  render           | Saved: '/tmp/clearvla_eval_glass_39349.png'
14:25.130  render           | Saved: '/tmp/clearvla_eval_glass_39349.png'
14:25.967  render           | Saved: '/tmp/clearvla_eval_glass_39349.png'
14:26.579  render           | Saved: '/tmp/clearvla_eval_glass_39349.png'
14:27.426  render           | Saved: '/tmp/clearvla_eval_glass_39349.png'
14:27.983  render           | Saved: '/tmp/clearvla_eval_glass_39349.png'
14:28.956  render           | Saved: '/tmp/clearvla_eval_glass_39349.png'
14:29.646  render           | Saved: '/tmp/clearvla_eval_glass_39349.png'
14:30.877  render           | Saved: '/tmp/clearvla_eval_glass_39349.png'
14:31.531  render           | Saved: '/tmp/clearvla_eval_glass_39349.png'
14:32.524  render           | Saved: '/tmp/clearvla_eval_glass_39349.png'
14:32.983  render           | Saved: '/tmp/clearvla_eval_glass_39349.png'
14:36.284  render           | Saved: '/tmp/clearvla_eval_glass_39349.png'
14:36.998  render           | Saved: '/tmp/clearvla_eval_glass_39349.png'
14:40.834  render           | Saved: '/tmp/clearvla_eval_glass_39349.png'
14:41.364  render           | Saved: '/tmp/clearvla_eval_glass_39349.png'
14:42.217  render           | Saved: '/tmp/clearvla_eval_glass_39349.png'
14:42.805  render           | Saved: '/tmp/clearvla_eval_glass_39349.png'
14:43.878  render           | Saved: '/tmp/clearvla_eval_glass_39349.png'
14:44.604  render           | Saved: '/tmp/clearvla_eval_glass_39349.png'
14:45.427  render           | Saved: '/tmp/clearvla_eval_glass_39349.png'
14:45.856  render           | Saved: '/tmp/clearvla_eval_glass_39349.png'
14:46.519  render           | Saved: '/tmp/clearvla_eval_glass_39349.png'
14:47.116  render           | Saved: '/tmp/clearvla_eval_glass_39349.png'
14:48.137  render           | Saved: '/tmp/clearvla_eval_glass_39349.png'
14:48.743  render           | Saved: '/tmp/clearvla_eval_glass_39349.png'
14:49.613  render           | Saved: '/tmp/clearvla_eval_glass_39349.png'
14:50.258  render           | Saved: '/tmp/clearvla_eval_glass_39349.png'
14:51.198  render           | Saved: '/tmp/clearvla_eval_glass_39349.png'
14:52.093  render           | Saved: '/tmp/clearvla_eval_glass_39349.png'
14:53.951  render           | Saved: '/tmp/clearvla_eval_glass_39349.png'
14:54.819  render           | Saved: '/tmp/clearvla_eval_glass_39349.png'
14:55.640  render           | Saved: '/tmp/clearvla_eval_glass_39349.png'
14:56.260  render           | Saved: '/tmp/clearvla_eval_glass_39349.png'
14:56.825  render           | Saved: '/tmp/clearvla_eval_glass_39349.png'
14:57.279  render           | Saved: '/tmp/clearvla_eval_glass_39349.png'
14:57.780  render           | Saved: '/tmp/clearvla_eval_glass_39349.png'
14:58.838  render           | Saved: '/tmp/clearvla_eval_glass_39349.png'
14:59.621  render           | Saved: '/tmp/clearvla_eval_glass_39349.png'
15:00.067  render           | Saved: '/tmp/clearvla_eval_glass_39349.png'
15:00.632  render           | Saved: '/tmp/clearvla_eval_glass_39349.png'
15:01.116  render           | Saved: '/tmp/clearvla_eval_glass_39349.png'
15:02.026  render           | Saved: '/tmp/clearvla_eval_glass_39349.png'
15:02.613  render           | Saved: '/tmp/clearvla_eval_glass_39349.png'
15:04.121  render           | Saved: '/tmp/clearvla_eval_glass_39349.png'
15:04.644  render           | Saved: '/tmp/clearvla_eval_glass_39349.png'
15:05.283  render           | Saved: '/tmp/clearvla_eval_glass_39349.png'
15:05.824  render           | Saved: '/tmp/clearvla_eval_glass_39349.png'
15:06.764  render           | Saved: '/tmp/clearvla_eval_glass_39349.png'
15:07.349  render           | Saved: '/tmp/clearvla_eval_glass_39349.png'
15:08.067  render           | Saved: '/tmp/clearvla_eval_glass_39349.png'
15:08.594  render           | Saved: '/tmp/clearvla_eval_glass_39349.png'
15:09.532  render           | Saved: '/tmp/clearvla_eval_glass_39349.png'
15:10.022  render           | Saved: '/tmp/clearvla_eval_glass_39349.png'
15:10.993  render           | Saved: '/tmp/clearvla_eval_glass_39349.png'
15:11.589  render           | Saved: '/tmp/clearvla_eval_glass_39349.png'
15:12.918  render           | Saved: '/tmp/clearvla_eval_glass_39349.png'
15:13.576  render           | Saved: '/tmp/clearvla_eval_glass_39349.png'
15:14.347  render           | Saved: '/tmp/clearvla_eval_glass_39349.png'
15:15.875  render           | Saved: '/tmp/clearvla_eval_glass_39349.png'
15:18.039  render           | Saved: '/tmp/clearvla_eval_glass_39349.png'
15:18.600  render           | Saved: '/tmp/clearvla_eval_glass_39349.png'
15:20.780  render           | Saved: '/tmp/clearvla_eval_glass_39349.png'
15:21.469  render           | Saved: '/tmp/clearvla_eval_glass_39349.png'
15:22.936  render           | Saved: '/tmp/clearvla_eval_glass_39349.png'
15:23.560  render           | Saved: '/tmp/clearvla_eval_glass_39349.png'
15:24.581  render           | Saved: '/tmp/clearvla_eval_glass_39349.png'
15:25.096  render           | Saved: '/tmp/clearvla_eval_glass_39349.png'
15:25.924  render           | Saved: '/tmp/clearvla_eval_glass_39349.png'
15:26.462  render           | Saved: '/tmp/clearvla_eval_glass_39349.png'
15:27.151  render           | Saved: '/tmp/clearvla_eval_glass_39349.png'
15:27.916  render           | Saved: '/tmp/clearvla_eval_glass_39349.png'
15:28.730  render           | Saved: '/tmp/clearvla_eval_glass_39349.png'
15:30.049  render           | Saved: '/tmp/clearvla_eval_glass_39349.png'
15:33.061  render           | Saved: '/tmp/clearvla_eval_glass_39349.png'
15:33.852  render           | Saved: '/tmp/clearvla_eval_glass_39349.png'
15:34.771  render           | Saved: '/tmp/clearvla_eval_glass_39349.png'
15:35.687  render           | Saved: '/tmp/clearvla_eval_glass_39349.png'
15:36.517  render           | Saved: '/tmp/clearvla_eval_glass_39349.png'
15:37.059  render           | Saved: '/tmp/clearvla_eval_glass_39349.png'
15:37.815  render           | Saved: '/tmp/clearvla_eval_glass_39349.png'
15:38.471  render           | Saved: '/tmp/clearvla_eval_glass_39349.png'
15:39.282  render           | Saved: '/tmp/clearvla_eval_glass_39349.png'
15:39.865  render           | Saved: '/tmp/clearvla_eval_glass_39349.png'
15:40.648  render           | Saved: '/tmp/clearvla_eval_glass_39349.png'
15:41.584  render           | Saved: '/tmp/clearvla_eval_glass_39349.png'
15:42.786  render           | Saved: '/tmp/clearvla_eval_glass_39349.png'
15:43.485  render           | Saved: '/tmp/clearvla_eval_glass_39349.png'
15:46.676  render           | Saved: '/tmp/clearvla_eval_glass_39349.png'
15:47.401  render           | Saved: '/tmp/clearvla_eval_glass_39349.png'
15:48.587  render           | Saved: '/tmp/clearvla_eval_glass_39349.png'
15:49.514  render           | Saved: '/tmp/clearvla_eval_glass_39349.png'
15:51.094  render           | Saved: '/tmp/clearvla_eval_glass_39349.png'
15:51.802  render           | Saved: '/tmp/clearvla_eval_glass_39349.png'
15:54.459  render           | Saved: '/tmp/clearvla_eval_glass_39349.png'
15:55.340  render           | Saved: '/tmp/clearvla_eval_glass_39349.png'
15:56.193  render           | Saved: '/tmp/clearvla_eval_glass_39349.png'
15:57.092  render           | Saved: '/tmp/clearvla_eval_glass_39349.png'
15:58.306  render           | Saved: '/tmp/clearvla_eval_glass_39349.png'
15:58.961  render           | Saved: '/tmp/clearvla_eval_glass_39349.png'
16:01.078  render           | Saved: '/tmp/clearvla_eval_glass_39349.png'
16:01.673  render           | Saved: '/tmp/clearvla_eval_glass_39349.png'
16:02.375  render           | Saved: '/tmp/clearvla_eval_glass_39349.png'
16:03.245  render           | Saved: '/tmp/clearvla_eval_glass_39349.png'
16:05.023  render           | Saved: '/tmp/clearvla_eval_glass_39349.png'
16:05.666  render           | Saved: '/tmp/clearvla_eval_glass_39349.png'
16:07.699  render           | Saved: '/tmp/clearvla_eval_glass_39349.png'
16:08.144  render           | Saved: '/tmp/clearvla_eval_glass_39349.png'
16:08.628  render           | Saved: '/tmp/clearvla_eval_glass_39349.png'
16:09.125  render           | Saved: '/tmp/clearvla_eval_glass_39349.png'
16:10.072  render           | Saved: '/tmp/clearvla_eval_glass_39349.png'
16:10.636  render           | Saved: '/tmp/clearvla_eval_glass_39349.png'
16:11.569  render           | Saved: '/tmp/clearvla_eval_glass_39349.png'
16:12.234  render           | Saved: '/tmp/clearvla_eval_glass_39349.png'
16:14.909  render           | Saved: '/tmp/clearvla_eval_glass_39349.png'
16:15.479  render           | Saved: '/tmp/clearvla_eval_glass_39349.png'
16:16.414  render           | Saved: '/tmp/clearvla_eval_glass_39349.png'
16:16.943  render           | Saved: '/tmp/clearvla_eval_glass_39349.png'
16:18.561  render           | Saved: '/tmp/clearvla_eval_glass_39349.png'
16:19.051  render           | Saved: '/tmp/clearvla_eval_glass_39349.png'
16:19.755  render           | Saved: '/tmp/clearvla_eval_glass_39349.png'
16:20.180  render           | Saved: '/tmp/clearvla_eval_glass_39349.png'
16:20.731  render           | Saved: '/tmp/clearvla_eval_glass_39349.png'
16:21.448  render           | Saved: '/tmp/clearvla_eval_glass_39349.png'
16:22.545  render           | Saved: '/tmp/clearvla_eval_glass_39349.png'
16:23.184  render           | Saved: '/tmp/clearvla_eval_glass_39349.png'
16:24.293  render           | Saved: '/tmp/clearvla_eval_glass_39349.png'
16:24.813  render           | Saved: '/tmp/clearvla_eval_glass_39349.png'
16:25.516  render           | Saved: '/tmp/clearvla_eval_glass_39349.png'
16:26.231  render           | Saved: '/tmp/clearvla_eval_glass_39349.png'
16:26.914  render           | Saved: '/tmp/clearvla_eval_glass_39349.png'
16:27.873  render           | Saved: '/tmp/clearvla_eval_glass_39349.png'
16:28.648  render           | Saved: '/tmp/clearvla_eval_glass_39349.png'
16:29.559  render           | Saved: '/tmp/clearvla_eval_glass_39349.png'
16:30.358  render           | Saved: '/tmp/clearvla_eval_glass_39349.png'
16:30.941  render           | Saved: '/tmp/clearvla_eval_glass_39349.png'
16:31.693  render           | Saved: '/tmp/clearvla_eval_glass_39349.png'
16:32.645  render           | Saved: '/tmp/clearvla_eval_glass_39349.png'
16:33.556  render           | Saved: '/tmp/clearvla_eval_glass_39349.png'
16:34.813  render           | Saved: '/tmp/clearvla_eval_glass_39349.png'
16:36.972  render           | Saved: '/tmp/clearvla_eval_glass_39349.png'
16:37.535  render           | Saved: '/tmp/clearvla_eval_glass_39349.png'
16:38.216  render           | Saved: '/tmp/clearvla_eval_glass_39349.png'
16:38.702  render           | Saved: '/tmp/clearvla_eval_glass_39349.png'
16:39.242  render           | Saved: '/tmp/clearvla_eval_glass_39349.png'
16:39.740  render           | Saved: '/tmp/clearvla_eval_glass_39349.png'
16:41.082  render           | Saved: '/tmp/clearvla_eval_glass_39349.png'
16:41.767  render           | Saved: '/tmp/clearvla_eval_glass_39349.png'
16:42.485  render           | Saved: '/tmp/clearvla_eval_glass_39349.png'
16:42.970  render           | Saved: '/tmp/clearvla_eval_glass_39349.png'
16:43.473  render           | Saved: '/tmp/clearvla_eval_glass_39349.png'
16:44.135  render           | Saved: '/tmp/clearvla_eval_glass_39349.png'
16:45.084  render           | Saved: '/tmp/clearvla_eval_glass_39349.png'
16:45.699  render           | Saved: '/tmp/clearvla_eval_glass_39349.png'
16:46.517  render           | Saved: '/tmp/clearvla_eval_glass_39349.png'
16:47.034  render           | Saved: '/tmp/clearvla_eval_glass_39349.png'
16:47.832  render           | Saved: '/tmp/clearvla_eval_glass_39349.png'
16:48.463  render           | Saved: '/tmp/clearvla_eval_glass_39349.png'
16:49.766  render           | Saved: '/tmp/clearvla_eval_glass_39349.png'
16:50.362  render           | Saved: '/tmp/clearvla_eval_glass_39349.png'
16:51.190  render           | Saved: '/tmp/clearvla_eval_glass_39349.png'
16:51.781  render           | Saved: '/tmp/clearvla_eval_glass_39349.png'
16:52.934  render           | Saved: '/tmp/clearvla_eval_glass_39349.png'
16:53.529  render           | Saved: '/tmp/clearvla_eval_glass_39349.png'
16:56.963  render           | Saved: '/tmp/clearvla_eval_glass_39349.png'
16:57.694  render           | Saved: '/tmp/clearvla_eval_glass_39349.png'
17:02.297  render           | Saved: '/tmp/clearvla_eval_glass_39349.png'
17:02.967  render           | Saved: '/tmp/clearvla_eval_glass_39349.png'
17:03.756  render           | Saved: '/tmp/clearvla_eval_glass_39349.png'
17:04.960  render           | Saved: '/tmp/clearvla_eval_glass_39349.png'
17:06.219  render           | Saved: '/tmp/clearvla_eval_glass_39349.png'
17:06.948  render           | Saved: '/tmp/clearvla_eval_glass_39349.png'
17:08.138  render           | Saved: '/tmp/clearvla_eval_glass_39349.png'
17:08.709  render           | Saved: '/tmp/clearvla_eval_glass_39349.png'
17:10.863  render           | Saved: '/tmp/clearvla_eval_glass_39349.png'
17:11.422  render           | Saved: '/tmp/clearvla_eval_glass_39349.png'
17:12.113  render           | Saved: '/tmp/clearvla_eval_glass_39349.png'
17:12.630  render           | Saved: '/tmp/clearvla_eval_glass_39349.png'
17:13.191  render           | Saved: '/tmp/clearvla_eval_glass_39349.png'
17:13.689  render           | Saved: '/tmp/clearvla_eval_glass_39349.png'
17:14.552  render           | Saved: '/tmp/clearvla_eval_glass_39349.png'
17:15.199  render           | Saved: '/tmp/clearvla_eval_glass_39349.png'
17:16.895  render           | Saved: '/tmp/clearvla_eval_glass_39349.png'
17:17.624  render           | Saved: '/tmp/clearvla_eval_glass_39349.png'
17:18.307  render           | Saved: '/tmp/clearvla_eval_glass_39349.png'
17:18.790  render           | Saved: '/tmp/clearvla_eval_glass_39349.png'
17:19.297  render           | Saved: '/tmp/clearvla_eval_glass_39349.png'
17:19.710  render           | Saved: '/tmp/clearvla_eval_glass_39349.png'
17:20.176  render           | Saved: '/tmp/clearvla_eval_glass_39349.png'
17:20.668  render           | Saved: '/tmp/clearvla_eval_glass_39349.png'
17:21.410  render           | Saved: '/tmp/clearvla_eval_glass_39349.png'
17:22.084  render           | Saved: '/tmp/clearvla_eval_glass_39349.png'
17:22.909  render           | Saved: '/tmp/clearvla_eval_glass_39349.png'
17:23.439  render           | Saved: '/tmp/clearvla_eval_glass_39349.png'
17:24.541  render           | Saved: '/tmp/clearvla_eval_glass_39349.png'
17:25.423  render           | Saved: '/tmp/clearvla_eval_glass_39349.png'
17:27.064  render           | Saved: '/tmp/clearvla_eval_glass_39349.png'
17:27.789  render           | Saved: '/tmp/clearvla_eval_glass_39349.png'
17:31.816  render           | Saved: '/tmp/clearvla_eval_glass_39349.png'
17:32.615  render           | Saved: '/tmp/clearvla_eval_glass_39349.png'
17:33.326  render           | Saved: '/tmp/clearvla_eval_glass_39349.png'
17:33.787  render           | Saved: '/tmp/clearvla_eval_glass_39349.png'
17:34.306  render           | Saved: '/tmp/clearvla_eval_glass_39349.png'
17:35.463  render           | Saved: '/tmp/clearvla_eval_glass_39349.png'
17:38.693  render           | Saved: '/tmp/clearvla_eval_glass_39349.png'
17:39.417  render           | Saved: '/tmp/clearvla_eval_glass_39349.png'
17:40.423  render           | Saved: '/tmp/clearvla_eval_glass_39349.png'
17:41.825  render           | Saved: '/tmp/clearvla_eval_glass_39349.png'
17:45.284  render           | Saved: '/tmp/clearvla_eval_glass_39349.png'
17:45.887  render           | Saved: '/tmp/clearvla_eval_glass_39349.png'
17:46.819  render           | Saved: '/tmp/clearvla_eval_glass_39349.png'
17:47.704  render           | Saved: '/tmp/clearvla_eval_glass_39349.png'
17:48.887  render           | Saved: '/tmp/clearvla_eval_glass_39349.png'
17:49.584  render           | Saved: '/tmp/clearvla_eval_glass_39349.png'
17:51.214  render           | Saved: '/tmp/clearvla_eval_glass_39349.png'
17:51.936  render           | Saved: '/tmp/clearvla_eval_glass_39349.png'
17:52.673  render           | Saved: '/tmp/clearvla_eval_glass_39349.png'
17:53.062  render           | Saved: '/tmp/clearvla_eval_glass_39349.png'
17:53.608  render           | Saved: '/tmp/clearvla_eval_glass_39349.png'
17:54.004  render           | Saved: '/tmp/clearvla_eval_glass_39349.png'
17:54.589  render           | Saved: '/tmp/clearvla_eval_glass_39349.png'
17:55.012  render           | Saved: '/tmp/clearvla_eval_glass_39349.png'
17:55.591  render           | Saved: '/tmp/clearvla_eval_glass_39349.png'
17:56.116  render           | Saved: '/tmp/clearvla_eval_glass_39349.png'
17:57.194  render           | Saved: '/tmp/clearvla_eval_glass_39349.png'
17:58.080  render           | Saved: '/tmp/clearvla_eval_glass_39349.png'
17:59.019  render           | Saved: '/tmp/clearvla_eval_glass_39349.png'
17:59.751  render           | Saved: '/tmp/clearvla_eval_glass_39349.png'
18:01.090  render           | Saved: '/tmp/clearvla_eval_glass_39349.png'
18:01.700  render           | Saved: '/tmp/clearvla_eval_glass_39349.png'
18:04.239  render           | Saved: '/tmp/clearvla_eval_glass_39349.png'
18:05.203  render           | Saved: '/tmp/clearvla_eval_glass_39349.png'
18:07.139  render           | Saved: '/tmp/clearvla_eval_glass_39349.png'
18:07.624  render           | Saved: '/tmp/clearvla_eval_glass_39349.png'
18:08.252  render           | Saved: '/tmp/clearvla_eval_glass_39349.png'
18:09.126  render           | Saved: '/tmp/clearvla_eval_glass_39349.png'
18:10.037  render           | Saved: '/tmp/clearvla_eval_glass_39349.png'
18:10.702  render           | Saved: '/tmp/clearvla_eval_glass_39349.png'
18:11.653  render           | Saved: '/tmp/clearvla_eval_glass_39349.png'
18:12.859  render           | Saved: '/tmp/clearvla_eval_glass_39349.png'
18:17.364  render           | Saved: '/tmp/clearvla_eval_glass_39349.png'
18:18.128  render           | Saved: '/tmp/clearvla_eval_glass_39349.png'
18:19.182  render           | Saved: '/tmp/clearvla_eval_glass_39349.png'
18:20.610  render           | Saved: '/tmp/clearvla_eval_glass_39349.png'
18:23.179  render           | Saved: '/tmp/clearvla_eval_glass_39349.png'
18:23.837  render           | Saved: '/tmp/clearvla_eval_glass_39349.png'
18:25.040  render           | Saved: '/tmp/clearvla_eval_glass_39349.png'
18:26.130  render           | Saved: '/tmp/clearvla_eval_glass_39349.png'
18:26.947  render           | Saved: '/tmp/clearvla_eval_glass_39349.png'
18:27.348  render           | Saved: '/tmp/clearvla_eval_glass_39349.png'
18:28.129  render           | Saved: '/tmp/clearvla_eval_glass_39349.png'
18:28.622  render           | Saved: '/tmp/clearvla_eval_glass_39349.png'
18:29.218  render           | Saved: '/tmp/clearvla_eval_glass_39349.png'
18:30.026  render           | Saved: '/tmp/clearvla_eval_glass_39349.png'
18:31.001  render           | Saved: '/tmp/clearvla_eval_glass_39349.png'
18:31.918  render           | Saved: '/tmp/clearvla_eval_glass_39349.png'
18:33.022  render           | Saved: '/tmp/clearvla_eval_glass_39349.png'
18:33.954  render           | Saved: '/tmp/clearvla_eval_glass_39349.png'
18:35.071  render           | Saved: '/tmp/clearvla_eval_glass_39349.png'
18:35.652  render           | Saved: '/tmp/clearvla_eval_glass_39349.png'
18:36.596  render           | Saved: '/tmp/clearvla_eval_glass_39349.png'
18:37.689  render           | Saved: '/tmp/clearvla_eval_glass_39349.png'
18:38.915  render           | Saved: '/tmp/clearvla_eval_glass_39349.png'
18:39.581  render           | Saved: '/tmp/clearvla_eval_glass_39349.png'
18:41.782  render           | Saved: '/tmp/clearvla_eval_glass_39349.png'
18:42.708  render           | Saved: '/tmp/clearvla_eval_glass_39349.png'
18:44.034  render           | Saved: '/tmp/clearvla_eval_glass_39349.png'
18:44.452  render           | Saved: '/tmp/clearvla_eval_glass_39349.png'
18:44.972  render           | Saved: '/tmp/clearvla_eval_glass_39349.png'
18:45.417  render           | Saved: '/tmp/clearvla_eval_glass_39349.png'
18:48.707  render           | Saved: '/tmp/clearvla_eval_glass_39349.png'
18:49.384  render           | Saved: '/tmp/clearvla_eval_glass_39349.png'
18:53.078  render           | Saved: '/tmp/clearvla_eval_glass_39349.png'
18:53.857  render           | Saved: '/tmp/clearvla_eval_glass_39349.png'
18:56.920  render           | Saved: '/tmp/clearvla_eval_glass_39349.png'
18:58.162  render           | Saved: '/tmp/clearvla_eval_glass_39349.png'
19:02.172  render           | Saved: '/tmp/clearvla_eval_glass_39349.png'
19:02.954  render           | Saved: '/tmp/clearvla_eval_glass_39349.png'
19:04.018  render           | Saved: '/tmp/clearvla_eval_glass_39349.png'
19:04.829  render           | Saved: '/tmp/clearvla_eval_glass_39349.png'
19:06.842  render           | Saved: '/tmp/clearvla_eval_glass_39349.png'
19:08.072  render           | Saved: '/tmp/clearvla_eval_glass_39349.png'
19:10.911  render           | Saved: '/tmp/clearvla_eval_glass_39349.png'
19:11.412  render           | Saved: '/tmp/clearvla_eval_glass_39349.png'
19:11.980  render           | Saved: '/tmp/clearvla_eval_glass_39349.png'
19:12.523  render           | Saved: '/tmp/clearvla_eval_glass_39349.png'
19:13.357  render           | Saved: '/tmp/clearvla_eval_glass_39349.png'
19:13.993  render           | Saved: '/tmp/clearvla_eval_glass_39349.png'
19:15.355  render           | Saved: '/tmp/clearvla_eval_glass_39349.png'
19:15.978  render           | Saved: '/tmp/clearvla_eval_glass_39349.png'
19:16.714  render           | Saved: '/tmp/clearvla_eval_glass_39349.png'
19:17.168  render           | Saved: '/tmp/clearvla_eval_glass_39349.png'
19:17.678  render           | Saved: '/tmp/clearvla_eval_glass_39349.png'
19:18.113  render           | Saved: '/tmp/clearvla_eval_glass_39349.png'
19:19.690  render           | Saved: '/tmp/clearvla_eval_glass_39349.png'
19:20.326  render           | Saved: '/tmp/clearvla_eval_glass_39349.png'
19:20.961  render           | Saved: '/tmp/clearvla_eval_glass_39349.png'
19:22.046  render           | Saved: '/tmp/clearvla_eval_glass_39349.png'
19:25.413  render           | Saved: '/tmp/clearvla_eval_glass_39349.png'
19:25.977  render           | Saved: '/tmp/clearvla_eval_glass_39349.png'
19:26.653  render           | Saved: '/tmp/clearvla_eval_glass_39349.png'
19:27.036  render           | Saved: '/tmp/clearvla_eval_glass_39349.png'
19:27.575  render           | Saved: '/tmp/clearvla_eval_glass_39349.png'
19:28.454  render           | Saved: '/tmp/clearvla_eval_glass_39349.png'
19:30.500  render           | Saved: '/tmp/clearvla_eval_glass_39349.png'
19:31.092  render           | Saved: '/tmp/clearvla_eval_glass_39349.png'
19:31.767  render           | Saved: '/tmp/clearvla_eval_glass_39349.png'
19:32.226  render           | Saved: '/tmp/clearvla_eval_glass_39349.png'
19:33.359  render           | Saved: '/tmp/clearvla_eval_glass_39349.png'
19:34.055  render           | Saved: '/tmp/clearvla_eval_glass_39349.png'
19:37.910  render           | Saved: '/tmp/clearvla_eval_glass_39349.png'
19:38.455  render           | Saved: '/tmp/clearvla_eval_glass_39349.png'
19:39.103  render           | Saved: '/tmp/clearvla_eval_glass_39349.png'
19:39.567  render           | Saved: '/tmp/clearvla_eval_glass_39349.png'
19:40.162  render           | Saved: '/tmp/clearvla_eval_glass_39349.png'
19:40.633  render           | Saved: '/tmp/clearvla_eval_glass_39349.png'
19:41.632  render           | Saved: '/tmp/clearvla_eval_glass_39349.png'
19:42.110  render           | Saved: '/tmp/clearvla_eval_glass_39349.png'
19:42.924  render           | Saved: '/tmp/clearvla_eval_glass_39349.png'
19:43.542  render           | Saved: '/tmp/clearvla_eval_glass_39349.png'
19:44.621  render           | Saved: '/tmp/clearvla_eval_glass_39349.png'
19:45.252  render           | Saved: '/tmp/clearvla_eval_glass_39349.png'
19:46.194  render           | Saved: '/tmp/clearvla_eval_glass_39349.png'
19:46.840  render           | Saved: '/tmp/clearvla_eval_glass_39349.png'
19:48.292  render           | Saved: '/tmp/clearvla_eval_glass_39349.png'
19:49.016  render           | Saved: '/tmp/clearvla_eval_glass_39349.png'
19:49.750  render           | Saved: '/tmp/clearvla_eval_glass_39349.png'
19:50.184  render           | Saved: '/tmp/clearvla_eval_glass_39349.png'
19:50.724  render           | Saved: '/tmp/clearvla_eval_glass_39349.png'
19:51.117  render           | Saved: '/tmp/clearvla_eval_glass_39349.png'
19:51.633  render           | Saved: '/tmp/clearvla_eval_glass_39349.png'
19:52.066  render           | Saved: '/tmp/clearvla_eval_glass_39349.png'
19:53.341  render           | Saved: '/tmp/clearvla_eval_glass_39349.png'
19:53.998  render           | Saved: '/tmp/clearvla_eval_glass_39349.png'
19:54.689  render           | Saved: '/tmp/clearvla_eval_glass_39349.png'
19:55.111  render           | Saved: '/tmp/clearvla_eval_glass_39349.png'
19:55.633  render           | Saved: '/tmp/clearvla_eval_glass_39349.png'
19:56.033  render           | Saved: '/tmp/clearvla_eval_glass_39349.png'
19:56.588  render           | Saved: '/tmp/clearvla_eval_glass_39349.png'
19:56.998  render           | Saved: '/tmp/clearvla_eval_glass_39349.png'
19:58.252  render           | Saved: '/tmp/clearvla_eval_glass_39349.png'
19:58.890  render           | Saved: '/tmp/clearvla_eval_glass_39349.png'
19:59.621  render           | Saved: '/tmp/clearvla_eval_glass_39349.png'
20:00.185  render           | Saved: '/tmp/clearvla_eval_glass_39349.png'
20:00.726  render           | Saved: '/tmp/clearvla_eval_glass_39349.png'
20:02.199  render           | Saved: '/tmp/clearvla_eval_glass_39349.png'
20:07.195  render           | Saved: '/tmp/clearvla_eval_glass_39349.png'
20:07.871  render           | Saved: '/tmp/clearvla_eval_glass_39349.png'
20:11.422  render           | Saved: '/tmp/clearvla_eval_glass_39349.png'
20:12.054  render           | Saved: '/tmp/clearvla_eval_glass_39349.png'
20:12.733  render           | Saved: '/tmp/clearvla_eval_glass_39349.png'
20:13.166  render           | Saved: '/tmp/clearvla_eval_glass_39349.png'
20:13.748  render           | Saved: '/tmp/clearvla_eval_glass_39349.png'
20:14.170  render           | Saved: '/tmp/clearvla_eval_glass_39349.png'
20:14.991  render           | Saved: '/tmp/clearvla_eval_glass_39349.png'
20:15.524  render           | Saved: '/tmp/clearvla_eval_glass_39349.png'
20:16.715  render           | Saved: '/tmp/clearvla_eval_glass_39349.png'
20:17.569  render           | Saved: '/tmp/clearvla_eval_glass_39349.png'
20:18.294  render           | Saved: '/tmp/clearvla_eval_glass_39349.png'
20:18.716  render           | Saved: '/tmp/clearvla_eval_glass_39349.png'
20:19.364  render           | Saved: '/tmp/clearvla_eval_glass_39349.png'
20:19.804  render           | Saved: '/tmp/clearvla_eval_glass_39349.png'
20:20.322  render           | Saved: '/tmp/clearvla_eval_glass_39349.png'
20:21.210  render           | Saved: '/tmp/clearvla_eval_glass_39349.png'
20:22.437  render           | Saved: '/tmp/clearvla_eval_glass_39349.png'
20:22.968  render           | Saved: '/tmp/clearvla_eval_glass_39349.png'
20:23.646  render           | Saved: '/tmp/clearvla_eval_glass_39349.png'
20:24.123  render           | Saved: '/tmp/clearvla_eval_glass_39349.png'
20:25.073  render           | Saved: '/tmp/clearvla_eval_glass_39349.png'
20:25.634  render           | Saved: '/tmp/clearvla_eval_glass_39349.png'
20:26.653  render           | Saved: '/tmp/clearvla_eval_glass_39349.png'
20:27.465  render           | Saved: '/tmp/clearvla_eval_glass_39349.png'
20:28.491  render           | Saved: '/tmp/clearvla_eval_glass_39349.png'
20:29.077  render           | Saved: '/tmp/clearvla_eval_glass_39349.png'
20:30.068  render           | Saved: '/tmp/clearvla_eval_glass_39349.png'
20:30.703  render           | Saved: '/tmp/clearvla_eval_glass_39349.png'
20:32.192  render           | Saved: '/tmp/clearvla_eval_glass_39349.png'
20:33.173  render           | Saved: '/tmp/clearvla_eval_glass_39349.png'
20:37.946  render           | Saved: '/tmp/clearvla_eval_glass_39349.png'
20:38.540  render           | Saved: '/tmp/clearvla_eval_glass_39349.png'
20:39.199  render           | Saved: '/tmp/clearvla_eval_glass_39349.png'
20:39.639  render           | Saved: '/tmp/clearvla_eval_glass_39349.png'
20:40.134  render           | Saved: '/tmp/clearvla_eval_glass_39349.png'
20:40.551  render           | Saved: '/tmp/clearvla_eval_glass_39349.png'
20:41.059  render           | Saved: '/tmp/clearvla_eval_glass_39349.png'
20:41.493  render           | Saved: '/tmp/clearvla_eval_glass_39349.png'
20:42.101  render           | Saved: '/tmp/clearvla_eval_glass_39349.png'
20:42.864  render           | Saved: '/tmp/clearvla_eval_glass_39349.png'
20:43.581  render           | Saved: '/tmp/clearvla_eval_glass_39349.png'
20:44.820  render           | Saved: '/tmp/clearvla_eval_glass_39349.png'
20:47.073  render           | Saved: '/tmp/clearvla_eval_glass_39349.png'
20:47.979  render           | Saved: '/tmp/clearvla_eval_glass_39349.png'
20:50.103  render           | Saved: '/tmp/clearvla_eval_glass_39349.png'
20:50.613  render           | Saved: '/tmp/clearvla_eval_glass_39349.png'
20:51.540  render           | Saved: '/tmp/clearvla_eval_glass_39349.png'
20:52.138  render           | Saved: '/tmp/clearvla_eval_glass_39349.png'
20:52.999  render           | Saved: '/tmp/clearvla_eval_glass_39349.png'
20:53.551  render           | Saved: '/tmp/clearvla_eval_glass_39349.png'
20:54.241  render           | Saved: '/tmp/clearvla_eval_glass_39349.png'
20:55.117  render           | Saved: '/tmp/clearvla_eval_glass_39349.png'
20:56.129  render           | Saved: '/tmp/clearvla_eval_glass_39349.png'
20:56.634  render           | Saved: '/tmp/clearvla_eval_glass_39349.png'
20:57.376  render           | Saved: '/tmp/clearvla_eval_glass_39349.png'
20:58.235  render           | Saved: '/tmp/clearvla_eval_glass_39349.png'
20:59.285  render           | Saved: '/tmp/clearvla_eval_glass_39349.png'
20:59.869  render           | Saved: '/tmp/clearvla_eval_glass_39349.png'
21:00.635  render           | Saved: '/tmp/clearvla_eval_glass_39349.png'
21:01.364  render           | Saved: '/tmp/clearvla_eval_glass_39349.png'
21:02.165  render           | Saved: '/tmp/clearvla_eval_glass_39349.png'
21:03.180  render           | Saved: '/tmp/clearvla_eval_glass_39349.png'
21:04.600  render           | Saved: '/tmp/clearvla_eval_glass_39349.png'
21:05.329  render           | Saved: '/tmp/clearvla_eval_glass_39349.png'
21:07.571  render           | Saved: '/tmp/clearvla_eval_glass_39349.png'
21:08.294  render           | Saved: '/tmp/clearvla_eval_glass_39349.png'
21:12.253  render           | Saved: '/tmp/clearvla_eval_glass_39349.png'
21:12.890  render           | Saved: '/tmp/clearvla_eval_glass_39349.png'
21:13.996  render           | Saved: '/tmp/clearvla_eval_glass_39349.png'
21:14.399  render           | Saved: '/tmp/clearvla_eval_glass_39349.png'
21:15.575  render           | Saved: '/tmp/clearvla_eval_glass_39349.png'
21:16.204  render           | Saved: '/tmp/clearvla_eval_glass_39349.png'
21:19.774  render           | Saved: '/tmp/clearvla_eval_glass_39349.png'
21:20.335  render           | Saved: '/tmp/clearvla_eval_glass_39349.png'
21:23.835  render           | Saved: '/tmp/clearvla_eval_glass_39349.png'
21:24.487  render           | Saved: '/tmp/clearvla_eval_glass_39349.png'
21:27.219  render           | Saved: '/tmp/clearvla_eval_glass_39349.png'
21:27.752  render           | Saved: '/tmp/clearvla_eval_glass_39349.png'
21:28.668  render           | Saved: '/tmp/clearvla_eval_glass_39349.png'
21:29.381  render           | Saved: '/tmp/clearvla_eval_glass_39349.png'
21:30.673  render           | Saved: '/tmp/clearvla_eval_glass_39349.png'
21:31.284  render           | Saved: '/tmp/clearvla_eval_glass_39349.png'
21:32.201  render           | Saved: '/tmp/clearvla_eval_glass_39349.png'
21:33.067  render           | Saved: '/tmp/clearvla_eval_glass_39349.png'
21:34.882  render           | Saved: '/tmp/clearvla_eval_glass_39349.png'
21:35.537  render           | Saved: '/tmp/clearvla_eval_glass_39349.png'
21:36.268  render           | Saved: '/tmp/clearvla_eval_glass_39349.png'
21:36.817  render           | Saved: '/tmp/clearvla_eval_glass_39349.png'
21:37.340  render           | Saved: '/tmp/clearvla_eval_glass_39349.png'
21:38.401  render           | Saved: '/tmp/clearvla_eval_glass_39349.png'
21:40.716  render           | Saved: '/tmp/clearvla_eval_glass_39349.png'
21:41.248  render           | Saved: '/tmp/clearvla_eval_glass_39349.png'
21:42.313  render           | Saved: '/tmp/clearvla_eval_glass_39349.png'
21:42.857  render           | Saved: '/tmp/clearvla_eval_glass_39349.png'
21:43.493  render           | Saved: '/tmp/clearvla_eval_glass_39349.png'
21:44.323  render           | Saved: '/tmp/clearvla_eval_glass_39349.png'
21:45.173  render           | Saved: '/tmp/clearvla_eval_glass_39349.png'
21:46.012  render           | Saved: '/tmp/clearvla_eval_glass_39349.png'
21:46.767  render           | Saved: '/tmp/clearvla_eval_glass_39349.png'
21:47.576  render           | Saved: '/tmp/clearvla_eval_glass_39349.png'
21:48.381  render           | Saved: '/tmp/clearvla_eval_glass_39349.png'
21:49.241  render           | Saved: '/tmp/clearvla_eval_glass_39349.png'
21:50.014  render           | Saved: '/tmp/clearvla_eval_glass_39349.png'
21:50.461  render           | Saved: '/tmp/clearvla_eval_glass_39349.png'
21:52.723  render           | Saved: '/tmp/clearvla_eval_glass_39349.png'
21:53.475  render           | Saved: '/tmp/clearvla_eval_glass_39349.png'
21:54.410  render           | Saved: '/tmp/clearvla_eval_glass_39349.png'
21:55.841  render           | Saved: '/tmp/clearvla_eval_glass_39349.png'
21:57.468  render           | Saved: '/tmp/clearvla_eval_glass_39349.png'
21:58.167  render           | Saved: '/tmp/clearvla_eval_glass_39349.png'
22:00.069  render           | Saved: '/tmp/clearvla_eval_glass_39349.png'
22:00.512  render           | Saved: '/tmp/clearvla_eval_glass_39349.png'
22:01.103  render           | Saved: '/tmp/clearvla_eval_glass_39349.png'
22:01.954  render           | Saved: '/tmp/clearvla_eval_glass_39349.png'
22:03.159  render           | Saved: '/tmp/clearvla_eval_glass_39349.png'
22:03.724  render           | Saved: '/tmp/clearvla_eval_glass_39349.png'
22:05.238  render           | Saved: '/tmp/clearvla_eval_glass_39349.png'
22:06.115  render           | Saved: '/tmp/clearvla_eval_glass_39349.png'
22:06.976  render           | Saved: '/tmp/clearvla_eval_glass_39349.png'
22:07.633  render           | Saved: '/tmp/clearvla_eval_glass_39349.png'
22:08.677  render           | Saved: '/tmp/clearvla_eval_glass_39349.png'
22:09.263  render           | Saved: '/tmp/clearvla_eval_glass_39349.png'
22:10.275  render           | Saved: '/tmp/clearvla_eval_glass_39349.png'
22:10.950  render           | Saved: '/tmp/clearvla_eval_glass_39349.png'
22:11.954  render           | Saved: '/tmp/clearvla_eval_glass_39349.png'
22:12.514  render           | Saved: '/tmp/clearvla_eval_glass_39349.png'
22:13.395  render           | Saved: '/tmp/clearvla_eval_glass_39349.png'
22:14.517  render           | Saved: '/tmp/clearvla_eval_glass_39349.png'
22:15.574  render           | Saved: '/tmp/clearvla_eval_glass_39349.png'
22:16.576  render           | Saved: '/tmp/clearvla_eval_glass_39349.png'
22:19.006  render           | Saved: '/tmp/clearvla_eval_glass_39349.png'
22:19.899  render           | Saved: '/tmp/clearvla_eval_glass_39349.png'
22:24.305  render           | Saved: '/tmp/clearvla_eval_glass_39349.png'
22:25.355  render           | Saved: '/tmp/clearvla_eval_glass_39349.png'
22:26.916  render           | Saved: '/tmp/clearvla_eval_glass_39349.png'
22:27.601  render           | Saved: '/tmp/clearvla_eval_glass_39349.png'
22:31.144  render           | Saved: '/tmp/clearvla_eval_glass_39349.png'
22:32.184  render           | Saved: '/tmp/clearvla_eval_glass_39349.png'
22:33.645  render           | Saved: '/tmp/clearvla_eval_glass_39349.png'
22:34.261  render           | Saved: '/tmp/clearvla_eval_glass_39349.png'
22:35.468  render           | Saved: '/tmp/clearvla_eval_glass_39349.png'
22:36.133  render           | Saved: '/tmp/clearvla_eval_glass_39349.png'
22:36.712  render           | Saved: '/tmp/clearvla_eval_glass_39349.png'
22:37.167  render           | Saved: '/tmp/clearvla_eval_glass_39349.png'
22:37.757  render           | Saved: '/tmp/clearvla_eval_glass_39349.png'
22:38.846  render           | Saved: '/tmp/clearvla_eval_glass_39349.png'
22:41.199  render           | Saved: '/tmp/clearvla_eval_glass_39349.png'
22:41.824  render           | Saved: '/tmp/clearvla_eval_glass_39349.png'
22:45.630  render           | Saved: '/tmp/clearvla_eval_glass_39349.png'
22:46.182  render           | Saved: '/tmp/clearvla_eval_glass_39349.png'
22:47.018  render           | Saved: '/tmp/clearvla_eval_glass_39349.png'
22:47.648  render           | Saved: '/tmp/clearvla_eval_glass_39349.png'
22:48.528  render           | Saved: '/tmp/clearvla_eval_glass_39349.png'
22:49.074  render           | Saved: '/tmp/clearvla_eval_glass_39349.png'
22:50.314  render           | Saved: '/tmp/clearvla_eval_glass_39349.png'
22:50.914  render           | Saved: '/tmp/clearvla_eval_glass_39349.png'
22:52.077  render           | Saved: '/tmp/clearvla_eval_glass_39349.png'
22:52.659  render           | Saved: '/tmp/clearvla_eval_glass_39349.png'
22:55.224  render           | Saved: '/tmp/clearvla_eval_glass_39349.png'
22:55.623  render           | Saved: '/tmp/clearvla_eval_glass_39349.png'
22:56.198  render           | Saved: '/tmp/clearvla_eval_glass_39349.png'
22:56.643  render           | Saved: '/tmp/clearvla_eval_glass_39349.png'
22:57.957  render           | Saved: '/tmp/clearvla_eval_glass_39349.png'
22:58.575  render           | Saved: '/tmp/clearvla_eval_glass_39349.png'
22:59.711  render           | Saved: '/tmp/clearvla_eval_glass_39349.png'
23:00.149  render           | Saved: '/tmp/clearvla_eval_glass_39349.png'
23:00.687  render           | Saved: '/tmp/clearvla_eval_glass_39349.png'
23:01.124  render           | Saved: '/tmp/clearvla_eval_glass_39349.png'
23:01.612  render           | Saved: '/tmp/clearvla_eval_glass_39349.png'
23:02.055  render           | Saved: '/tmp/clearvla_eval_glass_39349.png'
23:02.577  render           | Saved: '/tmp/clearvla_eval_glass_39349.png'
23:03.514  render           | Saved: '/tmp/clearvla_eval_glass_39349.png'
23:04.684  render           | Saved: '/tmp/clearvla_eval_glass_39349.png'
23:05.205  render           | Saved: '/tmp/clearvla_eval_glass_39349.png'
23:05.850  render           | Saved: '/tmp/clearvla_eval_glass_39349.png'
23:06.304  render           | Saved: '/tmp/clearvla_eval_glass_39349.png'
23:07.074  render           | Saved: '/tmp/clearvla_eval_glass_39349.png'
23:07.642  render           | Saved: '/tmp/clearvla_eval_glass_39349.png'
23:08.795  render           | Saved: '/tmp/clearvla_eval_glass_39349.png'
23:09.397  render           | Saved: '/tmp/clearvla_eval_glass_39349.png'
[full/glass] grasp: 4/20  (23.0 min, 77.5 s/ep)
23:12.662  render           | Saved: '/tmp/clearvla_eval_glass_39349.png'
23:13.433  render           | Saved: '/tmp/clearvla_eval_glass_39349.png'
23:17.729  render           | Saved: '/tmp/clearvla_eval_glass_39349.png'
23:18.358  render           | Saved: '/tmp/clearvla_eval_glass_39349.png'
23:19.053  render           | Saved: '/tmp/clearvla_eval_glass_39349.png'
23:19.536  render           | Saved: '/tmp/clearvla_eval_glass_39349.png'
23:20.875  render           | Saved: '/tmp/clearvla_eval_glass_39349.png'
23:21.674  render           | Saved: '/tmp/clearvla_eval_glass_39349.png'
23:22.372  render           | Saved: '/tmp/clearvla_eval_glass_39349.png'
23:22.793  render           | Saved: '/tmp/clearvla_eval_glass_39349.png'
23:23.328  render           | Saved: '/tmp/clearvla_eval_glass_39349.png'
23:23.714  render           | Saved: '/tmp/clearvla_eval_glass_39349.png'
23:24.244  render           | Saved: '/tmp/clearvla_eval_glass_39349.png'
23:25.479  render           | Saved: '/tmp/clearvla_eval_glass_39349.png'
23:28.860  render           | Saved: '/tmp/clearvla_eval_glass_39349.png'
23:29.418  render           | Saved: '/tmp/clearvla_eval_glass_39349.png'
23:30.074  render           | Saved: '/tmp/clearvla_eval_glass_39349.png'
23:30.565  render           | Saved: '/tmp/clearvla_eval_glass_39349.png'
23:31.254  render           | Saved: '/tmp/clearvla_eval_glass_39349.png'
23:31.802  render           | Saved: '/tmp/clearvla_eval_glass_39349.png'
23:32.650  render           | Saved: '/tmp/clearvla_eval_glass_39349.png'
23:33.185  render           | Saved: '/tmp/clearvla_eval_glass_39349.png'
23:33.895  render           | Saved: '/tmp/clearvla_eval_glass_39349.png'
23:34.529  render           | Saved: '/tmp/clearvla_eval_glass_39349.png'
23:35.391  render           | Saved: '/tmp/clearvla_eval_glass_39349.png'
23:36.019  render           | Saved: '/tmp/clearvla_eval_glass_39349.png'
23:36.871  render           | Saved: '/tmp/clearvla_eval_glass_39349.png'
23:37.527  render           | Saved: '/tmp/clearvla_eval_glass_39349.png'
23:38.307  render           | Saved: '/tmp/clearvla_eval_glass_39349.png'
23:38.965  render           | Saved: '/tmp/clearvla_eval_glass_39349.png'
23:39.955  render           | Saved: '/tmp/clearvla_eval_glass_39349.png'
23:40.552  render           | Saved: '/tmp/clearvla_eval_glass_39349.png'
23:41.375  render           | Saved: '/tmp/clearvla_eval_glass_39349.png'
23:41.904  render           | Saved: '/tmp/clearvla_eval_glass_39349.png'
23:42.798  render           | Saved: '/tmp/clearvla_eval_glass_39349.png'
23:43.419  render           | Saved: '/tmp/clearvla_eval_glass_39349.png'
23:44.272  render           | Saved: '/tmp/clearvla_eval_glass_39349.png'
23:45.215  render           | Saved: '/tmp/clearvla_eval_glass_39349.png'
23:45.967  render           | Saved: '/tmp/clearvla_eval_glass_39349.png'
23:46.374  render           | Saved: '/tmp/clearvla_eval_glass_39349.png'
23:46.957  render           | Saved: '/tmp/clearvla_eval_glass_39349.png'
23:47.475  render           | Saved: '/tmp/clearvla_eval_glass_39349.png'
23:48.112  render           | Saved: '/tmp/clearvla_eval_glass_39349.png'
23:49.064  render           | Saved: '/tmp/clearvla_eval_glass_39349.png'
23:49.902  render           | Saved: '/tmp/clearvla_eval_glass_39349.png'
23:50.596  render           | Saved: '/tmp/clearvla_eval_glass_39349.png'
23:51.650  render           | Saved: '/tmp/clearvla_eval_glass_39349.png'
23:52.142  render           | Saved: '/tmp/clearvla_eval_glass_39349.png'
23:52.921  render           | Saved: '/tmp/clearvla_eval_glass_39349.png'
23:53.843  render           | Saved: '/tmp/clearvla_eval_glass_39349.png'
23:55.221  render           | Saved: '/tmp/clearvla_eval_glass_39349.png'
23:55.804  render           | Saved: '/tmp/clearvla_eval_glass_39349.png'
23:58.855  render           | Saved: '/tmp/clearvla_eval_glass_39349.png'
23:59.388  render           | Saved: '/tmp/clearvla_eval_glass_39349.png'
24:00.087  render           | Saved: '/tmp/clearvla_eval_glass_39349.png'
24:01.071  render           | Saved: '/tmp/clearvla_eval_glass_39349.png'
24:03.145  render           | Saved: '/tmp/clearvla_eval_glass_39349.png'
24:03.959  render           | Saved: '/tmp/clearvla_eval_glass_39349.png'
24:06.499  render           | Saved: '/tmp/clearvla_eval_glass_39349.png'
24:07.069  render           | Saved: '/tmp/clearvla_eval_glass_39349.png'
24:07.746  render           | Saved: '/tmp/clearvla_eval_glass_39349.png'
24:08.405  render           | Saved: '/tmp/clearvla_eval_glass_39349.png'
24:09.490  render           | Saved: '/tmp/clearvla_eval_glass_39349.png'
24:10.018  render           | Saved: '/tmp/clearvla_eval_glass_39349.png'
24:10.693  render           | Saved: '/tmp/clearvla_eval_glass_39349.png'
24:11.139  render           | Saved: '/tmp/clearvla_eval_glass_39349.png'
24:11.721  render           | Saved: '/tmp/clearvla_eval_glass_39349.png'
24:12.185  render           | Saved: '/tmp/clearvla_eval_glass_39349.png'
24:12.950  render           | Saved: '/tmp/clearvla_eval_glass_39349.png'
24:13.525  render           | Saved: '/tmp/clearvla_eval_glass_39349.png'
24:14.360  render           | Saved: '/tmp/clearvla_eval_glass_39349.png'
24:15.002  render           | Saved: '/tmp/clearvla_eval_glass_39349.png'
24:16.244  render           | Saved: '/tmp/clearvla_eval_glass_39349.png'
24:16.827  render           | Saved: '/tmp/clearvla_eval_glass_39349.png'
24:17.429  render           | Saved: '/tmp/clearvla_eval_glass_39349.png'
24:17.958  render           | Saved: '/tmp/clearvla_eval_glass_39349.png'
24:22.458  render           | Saved: '/tmp/clearvla_eval_glass_39349.png'
24:23.533  render           | Saved: '/tmp/clearvla_eval_glass_39349.png'
24:32.149  render           | Saved: '/tmp/clearvla_eval_glass_39349.png'
24:32.848  render           | Saved: '/tmp/clearvla_eval_glass_39349.png'
24:33.564  render           | Saved: '/tmp/clearvla_eval_glass_39349.png'
24:34.727  render           | Saved: '/tmp/clearvla_eval_glass_39349.png'
24:36.208  render           | Saved: '/tmp/clearvla_eval_glass_39349.png'
24:36.632  render           | Saved: '/tmp/clearvla_eval_glass_39349.png'
24:37.500  render           | Saved: '/tmp/clearvla_eval_glass_39349.png'
24:38.058  render           | Saved: '/tmp/clearvla_eval_glass_39349.png'
24:38.864  render           | Saved: '/tmp/clearvla_eval_glass_39349.png'
24:39.496  render           | Saved: '/tmp/clearvla_eval_glass_39349.png'
24:41.056  render           | Saved: '/tmp/clearvla_eval_glass_39349.png'
24:41.729  render           | Saved: '/tmp/clearvla_eval_glass_39349.png'
24:42.443  render           | Saved: '/tmp/clearvla_eval_glass_39349.png'
24:42.923  render           | Saved: '/tmp/clearvla_eval_glass_39349.png'
24:44.226  render           | Saved: '/tmp/clearvla_eval_glass_39349.png'
24:44.951  render           | Saved: '/tmp/clearvla_eval_glass_39349.png'
24:45.702  render           | Saved: '/tmp/clearvla_eval_glass_39349.png'
24:46.126  render           | Saved: '/tmp/clearvla_eval_glass_39349.png'
24:46.667  render           | Saved: '/tmp/clearvla_eval_glass_39349.png'
24:47.050  render           | Saved: '/tmp/clearvla_eval_glass_39349.png'
24:47.601  render           | Saved: '/tmp/clearvla_eval_glass_39349.png'
24:48.034  render           | Saved: '/tmp/clearvla_eval_glass_39349.png'
24:48.568  render           | Saved: '/tmp/clearvla_eval_glass_39349.png'
24:49.027  render           | Saved: '/tmp/clearvla_eval_glass_39349.png'
24:49.538  render           | Saved: '/tmp/clearvla_eval_glass_39349.png'
24:50.674  render           | Saved: '/tmp/clearvla_eval_glass_39349.png'
24:51.523  render           | Saved: '/tmp/clearvla_eval_glass_39349.png'
24:52.664  render           | Saved: '/tmp/clearvla_eval_glass_39349.png'
24:55.451  render           | Saved: '/tmp/clearvla_eval_glass_39349.png'
24:56.458  render           | Saved: '/tmp/clearvla_eval_glass_39349.png'
24:58.699  render           | Saved: '/tmp/clearvla_eval_glass_39349.png'
24:59.388  render           | Saved: '/tmp/clearvla_eval_glass_39349.png'
25:02.938  render           | Saved: '/tmp/clearvla_eval_glass_39349.png'
25:03.506  render           | Saved: '/tmp/clearvla_eval_glass_39349.png'
25:04.269  render           | Saved: '/tmp/clearvla_eval_glass_39349.png'
25:04.967  render           | Saved: '/tmp/clearvla_eval_glass_39349.png'
25:06.057  render           | Saved: '/tmp/clearvla_eval_glass_39349.png'
25:06.590  render           | Saved: '/tmp/clearvla_eval_glass_39349.png'
25:07.253  render           | Saved: '/tmp/clearvla_eval_glass_39349.png'
25:08.025  render           | Saved: '/tmp/clearvla_eval_glass_39349.png'
25:08.869  render           | Saved: '/tmp/clearvla_eval_glass_39349.png'
25:09.284  render           | Saved: '/tmp/clearvla_eval_glass_39349.png'
25:10.399  render           | Saved: '/tmp/clearvla_eval_glass_39349.png'
25:10.914  render           | Saved: '/tmp/clearvla_eval_glass_39349.png'
25:11.784  render           | Saved: '/tmp/clearvla_eval_glass_39349.png'
25:12.426  render           | Saved: '/tmp/clearvla_eval_glass_39349.png'
25:13.302  render           | Saved: '/tmp/clearvla_eval_glass_39349.png'
25:13.807  render           | Saved: '/tmp/clearvla_eval_glass_39349.png'
25:14.399  render           | Saved: '/tmp/clearvla_eval_glass_39349.png'
25:14.869  render           | Saved: '/tmp/clearvla_eval_glass_39349.png'
25:15.396  render           | Saved: '/tmp/clearvla_eval_glass_39349.png'
25:16.446  render           | Saved: '/tmp/clearvla_eval_glass_39349.png'
25:17.298  render           | Saved: '/tmp/clearvla_eval_glass_39349.png'
25:17.688  render           | Saved: '/tmp/clearvla_eval_glass_39349.png'
25:18.947  render           | Saved: '/tmp/clearvla_eval_glass_39349.png'
25:19.681  render           | Saved: '/tmp/clearvla_eval_glass_39349.png'
25:21.172  render           | Saved: '/tmp/clearvla_eval_glass_39349.png'
25:21.735  render           | Saved: '/tmp/clearvla_eval_glass_39349.png'
25:22.707  render           | Saved: '/tmp/clearvla_eval_glass_39349.png'
25:23.230  render           | Saved: '/tmp/clearvla_eval_glass_39349.png'
25:23.761  render           | Saved: '/tmp/clearvla_eval_glass_39349.png'
25:25.159  render           | Saved: '/tmp/clearvla_eval_glass_39349.png'
25:28.779  render           | Saved: '/tmp/clearvla_eval_glass_39349.png'
25:29.513  render           | Saved: '/tmp/clearvla_eval_glass_39349.png'
25:32.269  render           | Saved: '/tmp/clearvla_eval_glass_39349.png'
25:33.104  render           | Saved: '/tmp/clearvla_eval_glass_39349.png'
25:34.049  render           | Saved: '/tmp/clearvla_eval_glass_39349.png'
25:34.810  render           | Saved: '/tmp/clearvla_eval_glass_39349.png'
25:35.569  render           | Saved: '/tmp/clearvla_eval_glass_39349.png'
25:36.238  render           | Saved: '/tmp/clearvla_eval_glass_39349.png'
25:37.021  render           | Saved: '/tmp/clearvla_eval_glass_39349.png'
25:38.198  render           | Saved: '/tmp/clearvla_eval_glass_39349.png'
25:41.703  render           | Saved: '/tmp/clearvla_eval_glass_39349.png'
25:42.362  render           | Saved: '/tmp/clearvla_eval_glass_39349.png'
25:45.730  render           | Saved: '/tmp/clearvla_eval_glass_39349.png'
25:46.543  render           | Saved: '/tmp/clearvla_eval_glass_39349.png'
25:49.744  render           | Saved: '/tmp/clearvla_eval_glass_39349.png'
25:50.489  render           | Saved: '/tmp/clearvla_eval_glass_39349.png'
25:51.323  render           | Saved: '/tmp/clearvla_eval_glass_39349.png'
25:51.933  render           | Saved: '/tmp/clearvla_eval_glass_39349.png'
25:52.805  render           | Saved: '/tmp/clearvla_eval_glass_39349.png'
25:53.439  render           | Saved: '/tmp/clearvla_eval_glass_39349.png'
25:54.371  render           | Saved: '/tmp/clearvla_eval_glass_39349.png'
25:55.023  render           | Saved: '/tmp/clearvla_eval_glass_39349.png'
25:56.165  render           | Saved: '/tmp/clearvla_eval_glass_39349.png'
25:56.744  render           | Saved: '/tmp/clearvla_eval_glass_39349.png'
25:57.591  render           | Saved: '/tmp/clearvla_eval_glass_39349.png'
25:58.518  render           | Saved: '/tmp/clearvla_eval_glass_39349.png'
26:00.000  render           | Saved: '/tmp/clearvla_eval_glass_39349.png'
26:00.538  render           | Saved: '/tmp/clearvla_eval_glass_39349.png'
26:03.306  render           | Saved: '/tmp/clearvla_eval_glass_39349.png'
26:03.907  render           | Saved: '/tmp/clearvla_eval_glass_39349.png'
26:04.574  render           | Saved: '/tmp/clearvla_eval_glass_39349.png'
26:04.998  render           | Saved: '/tmp/clearvla_eval_glass_39349.png'
26:05.543  render           | Saved: '/tmp/clearvla_eval_glass_39349.png'
26:05.951  render           | Saved: '/tmp/clearvla_eval_glass_39349.png'
26:06.468  render           | Saved: '/tmp/clearvla_eval_glass_39349.png'
26:06.929  render           | Saved: '/tmp/clearvla_eval_glass_39349.png'
26:08.023  render           | Saved: '/tmp/clearvla_eval_glass_39349.png'
26:08.579  render           | Saved: '/tmp/clearvla_eval_glass_39349.png'
26:09.144  render           | Saved: '/tmp/clearvla_eval_glass_39349.png'
26:10.097  render           | Saved: '/tmp/clearvla_eval_glass_39349.png'
26:12.056  render           | Saved: '/tmp/clearvla_eval_glass_39349.png'
26:12.595  render           | Saved: '/tmp/clearvla_eval_glass_39349.png'
26:13.315  render           | Saved: '/tmp/clearvla_eval_glass_39349.png'
26:13.779  render           | Saved: '/tmp/clearvla_eval_glass_39349.png'
26:15.002  render           | Saved: '/tmp/clearvla_eval_glass_39349.png'
26:15.485  render           | Saved: '/tmp/clearvla_eval_glass_39349.png'
26:16.140  render           | Saved: '/tmp/clearvla_eval_glass_39349.png'
26:16.625  render           | Saved: '/tmp/clearvla_eval_glass_39349.png'
26:17.455  render           | Saved: '/tmp/clearvla_eval_glass_39349.png'
26:18.210  render           | Saved: '/tmp/clearvla_eval_glass_39349.png'
26:19.408  render           | Saved: '/tmp/clearvla_eval_glass_39349.png'
26:19.892  render           | Saved: '/tmp/clearvla_eval_glass_39349.png'
26:20.561  render           | Saved: '/tmp/clearvla_eval_glass_39349.png'
26:21.175  render           | Saved: '/tmp/clearvla_eval_glass_39349.png'
26:22.124  render           | Saved: '/tmp/clearvla_eval_glass_39349.png'
26:23.302  render           | Saved: '/tmp/clearvla_eval_glass_39349.png'
26:26.428  render           | Saved: '/tmp/clearvla_eval_glass_39349.png'
26:27.098  render           | Saved: '/tmp/clearvla_eval_glass_39349.png'
26:27.778  render           | Saved: '/tmp/clearvla_eval_glass_39349.png'
26:28.237  render           | Saved: '/tmp/clearvla_eval_glass_39349.png'
26:28.760  render           | Saved: '/tmp/clearvla_eval_glass_39349.png'
26:29.634  render           | Saved: '/tmp/clearvla_eval_glass_39349.png'
26:30.447  render           | Saved: '/tmp/clearvla_eval_glass_39349.png'
26:30.904  render           | Saved: '/tmp/clearvla_eval_glass_39349.png'
26:31.420  render           | Saved: '/tmp/clearvla_eval_glass_39349.png'
26:31.891  render           | Saved: '/tmp/clearvla_eval_glass_39349.png'
26:33.211  render           | Saved: '/tmp/clearvla_eval_glass_39349.png'
26:33.804  render           | Saved: '/tmp/clearvla_eval_glass_39349.png'
26:34.569  render           | Saved: '/tmp/clearvla_eval_glass_39349.png'
26:35.251  render           | Saved: '/tmp/clearvla_eval_glass_39349.png'
26:35.852  render           | Saved: '/tmp/clearvla_eval_glass_39349.png'
26:36.299  render           | Saved: '/tmp/clearvla_eval_glass_39349.png'
26:36.810  render           | Saved: '/tmp/clearvla_eval_glass_39349.png'
26:37.244  render           | Saved: '/tmp/clearvla_eval_glass_39349.png'
26:37.766  render           | Saved: '/tmp/clearvla_eval_glass_39349.png'
26:38.749  render           | Saved: '/tmp/clearvla_eval_glass_39349.png'
26:40.542  render           | Saved: '/tmp/clearvla_eval_glass_39349.png'
26:41.071  render           | Saved: '/tmp/clearvla_eval_glass_39349.png'
26:41.776  render           | Saved: '/tmp/clearvla_eval_glass_39349.png'
26:42.507  render           | Saved: '/tmp/clearvla_eval_glass_39349.png'
26:43.562  render           | Saved: '/tmp/clearvla_eval_glass_39349.png'
26:44.198  render           | Saved: '/tmp/clearvla_eval_glass_39349.png'
26:46.739  render           | Saved: '/tmp/clearvla_eval_glass_39349.png'
26:47.369  render           | Saved: '/tmp/clearvla_eval_glass_39349.png'
26:50.410  render           | Saved: '/tmp/clearvla_eval_glass_39349.png'
26:50.915  render           | Saved: '/tmp/clearvla_eval_glass_39349.png'
26:51.943  render           | Saved: '/tmp/clearvla_eval_glass_39349.png'
26:52.608  render           | Saved: '/tmp/clearvla_eval_glass_39349.png'
26:57.045  render           | Saved: '/tmp/clearvla_eval_glass_39349.png'
26:57.743  render           | Saved: '/tmp/clearvla_eval_glass_39349.png'
27:01.146  render           | Saved: '/tmp/clearvla_eval_glass_39349.png'
27:02.165  render           | Saved: '/tmp/clearvla_eval_glass_39349.png'
27:04.095  render           | Saved: '/tmp/clearvla_eval_glass_39349.png'
27:04.773  render           | Saved: '/tmp/clearvla_eval_glass_39349.png'
27:05.885  render           | Saved: '/tmp/clearvla_eval_glass_39349.png'
27:06.279  render           | Saved: '/tmp/clearvla_eval_glass_39349.png'
27:06.824  render           | Saved: '/tmp/clearvla_eval_glass_39349.png'
27:07.252  render           | Saved: '/tmp/clearvla_eval_glass_39349.png'
27:07.764  render           | Saved: '/tmp/clearvla_eval_glass_39349.png'
27:08.209  render           | Saved: '/tmp/clearvla_eval_glass_39349.png'
27:08.964  render           | Saved: '/tmp/clearvla_eval_glass_39349.png'
27:09.481  render           | Saved: '/tmp/clearvla_eval_glass_39349.png'
27:10.322  render           | Saved: '/tmp/clearvla_eval_glass_39349.png'
27:10.876  render           | Saved: '/tmp/clearvla_eval_glass_39349.png'
27:11.741  render           | Saved: '/tmp/clearvla_eval_glass_39349.png'
27:12.223  render           | Saved: '/tmp/clearvla_eval_glass_39349.png'
27:13.250  render           | Saved: '/tmp/clearvla_eval_glass_39349.png'
27:13.810  render           | Saved: '/tmp/clearvla_eval_glass_39349.png'
27:14.616  render           | Saved: '/tmp/clearvla_eval_glass_39349.png'
27:15.236  render           | Saved: '/tmp/clearvla_eval_glass_39349.png'
27:16.445  render           | Saved: '/tmp/clearvla_eval_glass_39349.png'
27:17.086  render           | Saved: '/tmp/clearvla_eval_glass_39349.png'
27:17.779  render           | Saved: '/tmp/clearvla_eval_glass_39349.png'
27:18.549  render           | Saved: '/tmp/clearvla_eval_glass_39349.png'
27:19.855  render           | Saved: '/tmp/clearvla_eval_glass_39349.png'
27:20.359  render           | Saved: '/tmp/clearvla_eval_glass_39349.png'
27:21.019  render           | Saved: '/tmp/clearvla_eval_glass_39349.png'
27:21.473  render           | Saved: '/tmp/clearvla_eval_glass_39349.png'
27:22.303  render           | Saved: '/tmp/clearvla_eval_glass_39349.png'
27:22.775  render           | Saved: '/tmp/clearvla_eval_glass_39349.png'
27:23.690  render           | Saved: '/tmp/clearvla_eval_glass_39349.png'
27:24.318  render           | Saved: '/tmp/clearvla_eval_glass_39349.png'
27:25.141  render           | Saved: '/tmp/clearvla_eval_glass_39349.png'
27:25.952  render           | Saved: '/tmp/clearvla_eval_glass_39349.png'
27:27.902  render           | Saved: '/tmp/clearvla_eval_glass_39349.png'
27:28.465  render           | Saved: '/tmp/clearvla_eval_glass_39349.png'
27:29.214  render           | Saved: '/tmp/clearvla_eval_glass_39349.png'
27:29.771  render           | Saved: '/tmp/clearvla_eval_glass_39349.png'
27:30.347  render           | Saved: '/tmp/clearvla_eval_glass_39349.png'
27:30.873  render           | Saved: '/tmp/clearvla_eval_glass_39349.png'
27:31.600  render           | Saved: '/tmp/clearvla_eval_glass_39349.png'
27:32.144  render           | Saved: '/tmp/clearvla_eval_glass_39349.png'
27:32.953  render           | Saved: '/tmp/clearvla_eval_glass_39349.png'
27:33.601  render           | Saved: '/tmp/clearvla_eval_glass_39349.png'
27:34.726  render           | Saved: '/tmp/clearvla_eval_glass_39349.png'
27:35.338  render           | Saved: '/tmp/clearvla_eval_glass_39349.png'
27:36.873  render           | Saved: '/tmp/clearvla_eval_glass_39349.png'
27:37.376  render           | Saved: '/tmp/clearvla_eval_glass_39349.png'
27:38.185  render           | Saved: '/tmp/clearvla_eval_glass_39349.png'
27:38.839  render           | Saved: '/tmp/clearvla_eval_glass_39349.png'
27:40.019  render           | Saved: '/tmp/clearvla_eval_glass_39349.png'
27:40.635  render           | Saved: '/tmp/clearvla_eval_glass_39349.png'
27:41.209  render           | Saved: '/tmp/clearvla_eval_glass_39349.png'
27:41.723  render           | Saved: '/tmp/clearvla_eval_glass_39349.png'
27:42.283  render           | Saved: '/tmp/clearvla_eval_glass_39349.png'
27:43.212  render           | Saved: '/tmp/clearvla_eval_glass_39349.png'
27:43.958  render           | Saved: '/tmp/clearvla_eval_glass_39349.png'
27:45.173  render           | Saved: '/tmp/clearvla_eval_glass_39349.png'
27:47.958  render           | Saved: '/tmp/clearvla_eval_glass_39349.png'
27:48.729  render           | Saved: '/tmp/clearvla_eval_glass_39349.png'
27:52.490  render           | Saved: '/tmp/clearvla_eval_glass_39349.png'
27:53.075  render           | Saved: '/tmp/clearvla_eval_glass_39349.png'
27:54.434  render           | Saved: '/tmp/clearvla_eval_glass_39349.png'
27:54.917  render           | Saved: '/tmp/clearvla_eval_glass_39349.png'
27:55.552  render           | Saved: '/tmp/clearvla_eval_glass_39349.png'
27:56.013  render           | Saved: '/tmp/clearvla_eval_glass_39349.png'
27:56.626  render           | Saved: '/tmp/clearvla_eval_glass_39349.png'
27:57.732  render           | Saved: '/tmp/clearvla_eval_glass_39349.png'
27:58.744  render           | Saved: '/tmp/clearvla_eval_glass_39349.png'
27:59.196  render           | Saved: '/tmp/clearvla_eval_glass_39349.png'
28:00.047  render           | Saved: '/tmp/clearvla_eval_glass_39349.png'
28:00.756  render           | Saved: '/tmp/clearvla_eval_glass_39349.png'
28:01.509  render           | Saved: '/tmp/clearvla_eval_glass_39349.png'
28:01.913  render           | Saved: '/tmp/clearvla_eval_glass_39349.png'
28:05.176  render           | Saved: '/tmp/clearvla_eval_glass_39349.png'
28:05.888  render           | Saved: '/tmp/clearvla_eval_glass_39349.png'
28:10.357  render           | Saved: '/tmp/clearvla_eval_glass_39349.png'
28:10.967  render           | Saved: '/tmp/clearvla_eval_glass_39349.png'
28:11.885  render           | Saved: '/tmp/clearvla_eval_glass_39349.png'
28:12.538  render           | Saved: '/tmp/clearvla_eval_glass_39349.png'
28:13.269  render           | Saved: '/tmp/clearvla_eval_glass_39349.png'
28:13.804  render           | Saved: '/tmp/clearvla_eval_glass_39349.png'
28:14.395  render           | Saved: '/tmp/clearvla_eval_glass_39349.png'
28:15.034  render           | Saved: '/tmp/clearvla_eval_glass_39349.png'
28:15.748  render           | Saved: '/tmp/clearvla_eval_glass_39349.png'
28:16.269  render           | Saved: '/tmp/clearvla_eval_glass_39349.png'
28:17.352  render           | Saved: '/tmp/clearvla_eval_glass_39349.png'
28:17.893  render           | Saved: '/tmp/clearvla_eval_glass_39349.png'
28:19.485  render           | Saved: '/tmp/clearvla_eval_glass_39349.png'
28:20.151  render           | Saved: '/tmp/clearvla_eval_glass_39349.png'
28:20.882  render           | Saved: '/tmp/clearvla_eval_glass_39349.png'
28:22.120  render           | Saved: '/tmp/clearvla_eval_glass_39349.png'
28:24.849  render           | Saved: '/tmp/clearvla_eval_glass_39349.png'
28:25.407  render           | Saved: '/tmp/clearvla_eval_glass_39349.png'
28:26.767  render           | Saved: '/tmp/clearvla_eval_glass_39349.png'
28:27.373  render           | Saved: '/tmp/clearvla_eval_glass_39349.png'
28:28.100  render           | Saved: '/tmp/clearvla_eval_glass_39349.png'
28:28.873  render           | Saved: '/tmp/clearvla_eval_glass_39349.png'
28:30.185  render           | Saved: '/tmp/clearvla_eval_glass_39349.png'
28:30.911  render           | Saved: '/tmp/clearvla_eval_glass_39349.png'
28:31.612  render           | Saved: '/tmp/clearvla_eval_glass_39349.png'
28:32.600  render           | Saved: '/tmp/clearvla_eval_glass_39349.png'
28:34.301  render           | Saved: '/tmp/clearvla_eval_glass_39349.png'
28:35.030  render           | Saved: '/tmp/clearvla_eval_glass_39349.png'
28:36.310  render           | Saved: '/tmp/clearvla_eval_glass_39349.png'
28:36.972  render           | Saved: '/tmp/clearvla_eval_glass_39349.png'
28:37.978  render           | Saved: '/tmp/clearvla_eval_glass_39349.png'
28:38.559  render           | Saved: '/tmp/clearvla_eval_glass_39349.png'
28:39.282  render           | Saved: '/tmp/clearvla_eval_glass_39349.png'
28:40.130  render           | Saved: '/tmp/clearvla_eval_glass_39349.png'
28:42.348  render           | Saved: '/tmp/clearvla_eval_glass_39349.png'
28:42.887  render           | Saved: '/tmp/clearvla_eval_glass_39349.png'
28:43.968  render           | Saved: '/tmp/clearvla_eval_glass_39349.png'
28:44.521  render           | Saved: '/tmp/clearvla_eval_glass_39349.png'
28:45.274  render           | Saved: '/tmp/clearvla_eval_glass_39349.png'
28:45.975  render           | Saved: '/tmp/clearvla_eval_glass_39349.png'
28:47.506  render           | Saved: '/tmp/clearvla_eval_glass_39349.png'
28:48.103  render           | Saved: '/tmp/clearvla_eval_glass_39349.png'
28:48.783  render           | Saved: '/tmp/clearvla_eval_glass_39349.png'
28:49.229  render           | Saved: '/tmp/clearvla_eval_glass_39349.png'
28:49.740  render           | Saved: '/tmp/clearvla_eval_glass_39349.png'
28:50.180  render           | Saved: '/tmp/clearvla_eval_glass_39349.png'
28:50.745  render           | Saved: '/tmp/clearvla_eval_glass_39349.png'
28:51.151  render           | Saved: '/tmp/clearvla_eval_glass_39349.png'
28:51.952  render           | Saved: '/tmp/clearvla_eval_glass_39349.png'
28:52.676  render           | Saved: '/tmp/clearvla_eval_glass_39349.png'
28:53.437  render           | Saved: '/tmp/clearvla_eval_glass_39349.png'
28:54.269  render           | Saved: '/tmp/clearvla_eval_glass_39349.png'
28:55.374  render           | Saved: '/tmp/clearvla_eval_glass_39349.png'
28:56.091  render           | Saved: '/tmp/clearvla_eval_glass_39349.png'
28:58.553  render           | Saved: '/tmp/clearvla_eval_glass_39349.png'
28:59.206  render           | Saved: '/tmp/clearvla_eval_glass_39349.png'
29:01.707  render           | Saved: '/tmp/clearvla_eval_glass_39349.png'
29:02.653  render           | Saved: '/tmp/clearvla_eval_glass_39349.png'
29:04.699  render           | Saved: '/tmp/clearvla_eval_glass_39349.png'
29:05.353  render           | Saved: '/tmp/clearvla_eval_glass_39349.png'
29:06.080  render           | Saved: '/tmp/clearvla_eval_glass_39349.png'
29:06.565  render           | Saved: '/tmp/clearvla_eval_glass_39349.png'
29:07.104  render           | Saved: '/tmp/clearvla_eval_glass_39349.png'
29:07.812  render           | Saved: '/tmp/clearvla_eval_glass_39349.png'
29:09.011  render           | Saved: '/tmp/clearvla_eval_glass_39349.png'
29:09.547  render           | Saved: '/tmp/clearvla_eval_glass_39349.png'
29:10.255  render           | Saved: '/tmp/clearvla_eval_glass_39349.png'
29:11.566  render           | Saved: '/tmp/clearvla_eval_glass_39349.png'
29:12.535  render           | Saved: '/tmp/clearvla_eval_glass_39349.png'
29:13.003  render           | Saved: '/tmp/clearvla_eval_glass_39349.png'
29:13.588  render           | Saved: '/tmp/clearvla_eval_glass_39349.png'
29:14.049  render           | Saved: '/tmp/clearvla_eval_glass_39349.png'
29:15.276  render           | Saved: '/tmp/clearvla_eval_glass_39349.png'
29:16.012  render           | Saved: '/tmp/clearvla_eval_glass_39349.png'
29:19.566  render           | Saved: '/tmp/clearvla_eval_glass_39349.png'
29:20.286  render           | Saved: '/tmp/clearvla_eval_glass_39349.png'
29:21.543  render           | Saved: '/tmp/clearvla_eval_glass_39349.png'
29:22.296  render           | Saved: '/tmp/clearvla_eval_glass_39349.png'
29:23.239  render           | Saved: '/tmp/clearvla_eval_glass_39349.png'
29:23.677  render           | Saved: '/tmp/clearvla_eval_glass_39349.png'
29:24.210  render           | Saved: '/tmp/clearvla_eval_glass_39349.png'
29:25.449  render           | Saved: '/tmp/clearvla_eval_glass_39349.png'
29:28.944  render           | Saved: '/tmp/clearvla_eval_glass_39349.png'
29:29.468  render           | Saved: '/tmp/clearvla_eval_glass_39349.png'
29:30.074  render           | Saved: '/tmp/clearvla_eval_glass_39349.png'
29:31.237  render           | Saved: '/tmp/clearvla_eval_glass_39349.png'
29:34.244  render           | Saved: '/tmp/clearvla_eval_glass_39349.png'
29:34.970  render           | Saved: '/tmp/clearvla_eval_glass_39349.png'
29:37.449  render           | Saved: '/tmp/clearvla_eval_glass_39349.png'
29:38.058  render           | Saved: '/tmp/clearvla_eval_glass_39349.png'
29:41.770  render           | Saved: '/tmp/clearvla_eval_glass_39349.png'
29:42.316  render           | Saved: '/tmp/clearvla_eval_glass_39349.png'
29:43.067  render           | Saved: '/tmp/clearvla_eval_glass_39349.png'
29:43.586  render           | Saved: '/tmp/clearvla_eval_glass_39349.png'
29:44.497  render           | Saved: '/tmp/clearvla_eval_glass_39349.png'
29:45.089  render           | Saved: '/tmp/clearvla_eval_glass_39349.png'
29:46.365  render           | Saved: '/tmp/clearvla_eval_glass_39349.png'
29:46.934  render           | Saved: '/tmp/clearvla_eval_glass_39349.png'
29:47.729  render           | Saved: '/tmp/clearvla_eval_glass_39349.png'
29:48.728  render           | Saved: '/tmp/clearvla_eval_glass_39349.png'
29:51.513  render           | Saved: '/tmp/clearvla_eval_glass_39349.png'
29:52.254  render           | Saved: '/tmp/clearvla_eval_glass_39349.png'
29:53.125  render           | Saved: '/tmp/clearvla_eval_glass_39349.png'
29:53.660  render           | Saved: '/tmp/clearvla_eval_glass_39349.png'
29:54.465  render           | Saved: '/tmp/clearvla_eval_glass_39349.png'
29:55.146  render           | Saved: '/tmp/clearvla_eval_glass_39349.png'
29:56.235  render           | Saved: '/tmp/clearvla_eval_glass_39349.png'
29:57.208  render           | Saved: '/tmp/clearvla_eval_glass_39349.png'
30:00.055  render           | Saved: '/tmp/clearvla_eval_glass_39349.png'
30:00.653  render           | Saved: '/tmp/clearvla_eval_glass_39349.png'
30:01.322  render           | Saved: '/tmp/clearvla_eval_glass_39349.png'
30:02.455  render           | Saved: '/tmp/clearvla_eval_glass_39349.png'
30:05.519  render           | Saved: '/tmp/clearvla_eval_glass_39349.png'
30:06.615  render           | Saved: '/tmp/clearvla_eval_glass_39349.png'
30:10.653  render           | Saved: '/tmp/clearvla_eval_glass_39349.png'
30:11.721  render           | Saved: '/tmp/clearvla_eval_glass_39349.png'
30:12.530  render           | Saved: '/tmp/clearvla_eval_glass_39349.png'
30:13.008  render           | Saved: '/tmp/clearvla_eval_glass_39349.png'
30:16.088  render           | Saved: '/tmp/clearvla_eval_glass_39349.png'
30:17.026  render           | Saved: '/tmp/clearvla_eval_glass_39349.png'
30:21.823  render           | Saved: '/tmp/clearvla_eval_glass_39349.png'
30:23.018  render           | Saved: '/tmp/clearvla_eval_glass_39349.png'
30:25.619  render           | Saved: '/tmp/clearvla_eval_glass_39349.png'
30:26.540  render           | Saved: '/tmp/clearvla_eval_glass_39349.png'
30:27.445  render           | Saved: '/tmp/clearvla_eval_glass_39349.png'
30:27.838  render           | Saved: '/tmp/clearvla_eval_glass_39349.png'
30:28.350  render           | Saved: '/tmp/clearvla_eval_glass_39349.png'
30:28.752  render           | Saved: '/tmp/clearvla_eval_glass_39349.png'
30:29.318  render           | Saved: '/tmp/clearvla_eval_glass_39349.png'
30:31.140  render           | Saved: '/tmp/clearvla_eval_glass_39349.png'
30:33.933  render           | Saved: '/tmp/clearvla_eval_glass_39349.png'
30:34.497  render           | Saved: '/tmp/clearvla_eval_glass_39349.png'
30:35.409  render           | Saved: '/tmp/clearvla_eval_glass_39349.png'
30:36.354  render           | Saved: '/tmp/clearvla_eval_glass_39349.png'
30:37.181  render           | Saved: '/tmp/clearvla_eval_glass_39349.png'
30:38.215  render           | Saved: '/tmp/clearvla_eval_glass_39349.png'
30:40.671  render           | Saved: '/tmp/clearvla_eval_glass_39349.png'
30:41.287  render           | Saved: '/tmp/clearvla_eval_glass_39349.png'
30:42.015  render           | Saved: '/tmp/clearvla_eval_glass_39349.png'
30:42.482  render           | Saved: '/tmp/clearvla_eval_glass_39349.png'
30:43.000  render           | Saved: '/tmp/clearvla_eval_glass_39349.png'
30:43.423  render           | Saved: '/tmp/clearvla_eval_glass_39349.png'
30:43.977  render           | Saved: '/tmp/clearvla_eval_glass_39349.png'
30:44.436  render           | Saved: '/tmp/clearvla_eval_glass_39349.png'
30:45.016  render           | Saved: '/tmp/clearvla_eval_glass_39349.png'
30:46.812  render           | Saved: '/tmp/clearvla_eval_glass_39349.png'
30:48.758  render           | Saved: '/tmp/clearvla_eval_glass_39349.png'
30:50.095  render           | Saved: '/tmp/clearvla_eval_glass_39349.png'
30:53.464  render           | Saved: '/tmp/clearvla_eval_glass_39349.png'
30:54.435  render           | Saved: '/tmp/clearvla_eval_glass_39349.png'
30:55.634  render           | Saved: '/tmp/clearvla_eval_glass_39349.png'
30:56.117  render           | Saved: '/tmp/clearvla_eval_glass_39349.png'
30:56.649  render           | Saved: '/tmp/clearvla_eval_glass_39349.png'
30:57.147  render           | Saved: '/tmp/clearvla_eval_glass_39349.png'
30:58.103  render           | Saved: '/tmp/clearvla_eval_glass_39349.png'
30:58.699  render           | Saved: '/tmp/clearvla_eval_glass_39349.png'
31:00.258  render           | Saved: '/tmp/clearvla_eval_glass_39349.png'
31:00.837  render           | Saved: '/tmp/clearvla_eval_glass_39349.png'
31:01.580  render           | Saved: '/tmp/clearvla_eval_glass_39349.png'
31:02.009  render           | Saved: '/tmp/clearvla_eval_glass_39349.png'
31:02.539  render           | Saved: '/tmp/clearvla_eval_glass_39349.png'
31:02.943  render           | Saved: '/tmp/clearvla_eval_glass_39349.png'
31:04.248  render           | Saved: '/tmp/clearvla_eval_glass_39349.png'
31:04.903  render           | Saved: '/tmp/clearvla_eval_glass_39349.png'
31:05.681  render           | Saved: '/tmp/clearvla_eval_glass_39349.png'
31:06.162  render           | Saved: '/tmp/clearvla_eval_glass_39349.png'
31:06.654  render           | Saved: '/tmp/clearvla_eval_glass_39349.png'
31:07.103  render           | Saved: '/tmp/clearvla_eval_glass_39349.png'
31:07.614  render           | Saved: '/tmp/clearvla_eval_glass_39349.png'
31:08.040  render           | Saved: '/tmp/clearvla_eval_glass_39349.png'
31:08.836  render           | Saved: '/tmp/clearvla_eval_glass_39349.png'
31:09.605  render           | Saved: '/tmp/clearvla_eval_glass_39349.png'
31:10.475  render           | Saved: '/tmp/clearvla_eval_glass_39349.png'
31:11.650  render           | Saved: '/tmp/clearvla_eval_glass_39349.png'
31:16.001  render           | Saved: '/tmp/clearvla_eval_glass_39349.png'
31:16.701  render           | Saved: '/tmp/clearvla_eval_glass_39349.png'
31:20.095  render           | Saved: '/tmp/clearvla_eval_glass_39349.png'
31:20.757  render           | Saved: '/tmp/clearvla_eval_glass_39349.png'
31:22.938  render           | Saved: '/tmp/clearvla_eval_glass_39349.png'
31:23.583  render           | Saved: '/tmp/clearvla_eval_glass_39349.png'
31:25.793  render           | Saved: '/tmp/clearvla_eval_glass_39349.png'
31:26.356  render           | Saved: '/tmp/clearvla_eval_glass_39349.png'
31:27.257  render           | Saved: '/tmp/clearvla_eval_glass_39349.png'
31:28.860  render           | Saved: '/tmp/clearvla_eval_glass_39349.png'
31:30.285  render           | Saved: '/tmp/clearvla_eval_glass_39349.png'
31:30.755  render           | Saved: '/tmp/clearvla_eval_glass_39349.png'
31:31.804  render           | Saved: '/tmp/clearvla_eval_glass_39349.png'
31:32.470  render           | Saved: '/tmp/clearvla_eval_glass_39349.png'
31:34.412  render           | Saved: '/tmp/clearvla_eval_glass_39349.png'
31:35.579  render           | Saved: '/tmp/clearvla_eval_glass_39349.png'
31:38.111  render           | Saved: '/tmp/clearvla_eval_glass_39349.png'
31:38.545  render           | Saved: '/tmp/clearvla_eval_glass_39349.png'
31:39.137  render           | Saved: '/tmp/clearvla_eval_glass_39349.png'
31:40.336  render           | Saved: '/tmp/clearvla_eval_glass_39349.png'
31:42.892  render           | Saved: '/tmp/clearvla_eval_glass_39349.png'
31:43.315  render           | Saved: '/tmp/clearvla_eval_glass_39349.png'
31:43.923  render           | Saved: '/tmp/clearvla_eval_glass_39349.png'
31:44.873  render           | Saved: '/tmp/clearvla_eval_glass_39349.png'
31:47.653  render           | Saved: '/tmp/clearvla_eval_glass_39349.png'
31:48.220  render           | Saved: '/tmp/clearvla_eval_glass_39349.png'
31:49.358  render           | Saved: '/tmp/clearvla_eval_glass_39349.png'
31:49.855  render           | Saved: '/tmp/clearvla_eval_glass_39349.png'
31:50.357  render           | Saved: '/tmp/clearvla_eval_glass_39349.png'
31:50.827  render           | Saved: '/tmp/clearvla_eval_glass_39349.png'
31:51.337  render           | Saved: '/tmp/clearvla_eval_glass_39349.png'
31:52.626  render           | Saved: '/tmp/clearvla_eval_glass_39349.png'
31:54.045  render           | Saved: '/tmp/clearvla_eval_glass_39349.png'
31:54.938  render           | Saved: '/tmp/clearvla_eval_glass_39349.png'
31:57.684  render           | Saved: '/tmp/clearvla_eval_glass_39349.png'
31:58.192  render           | Saved: '/tmp/clearvla_eval_glass_39349.png'
31:58.876  render           | Saved: '/tmp/clearvla_eval_glass_39349.png'
31:59.271  render           | Saved: '/tmp/clearvla_eval_glass_39349.png'
32:00.768  render           | Saved: '/tmp/clearvla_eval_glass_39349.png'
32:01.362  render           | Saved: '/tmp/clearvla_eval_glass_39349.png'
32:02.066  render           | Saved: '/tmp/clearvla_eval_glass_39349.png'
32:02.558  render           | Saved: '/tmp/clearvla_eval_glass_39349.png'
32:04.040  render           | Saved: '/tmp/clearvla_eval_glass_39349.png'
32:04.836  render           | Saved: '/tmp/clearvla_eval_glass_39349.png'
32:05.797  render           | Saved: '/tmp/clearvla_eval_glass_39349.png'
32:06.190  render           | Saved: '/tmp/clearvla_eval_glass_39349.png'
32:07.848  render           | Saved: '/tmp/clearvla_eval_glass_39349.png'
32:08.835  render           | Saved: '/tmp/clearvla_eval_glass_39349.png'
32:09.537  render           | Saved: '/tmp/clearvla_eval_glass_39349.png'
32:10.007  render           | Saved: '/tmp/clearvla_eval_glass_39349.png'
32:10.512  render           | Saved: '/tmp/clearvla_eval_glass_39349.png'
32:11.411  render           | Saved: '/tmp/clearvla_eval_glass_39349.png'
32:12.694  render           | Saved: '/tmp/clearvla_eval_glass_39349.png'
32:13.825  render           | Saved: '/tmp/clearvla_eval_glass_39349.png'
32:16.405  render           | Saved: '/tmp/clearvla_eval_glass_39349.png'
32:16.922  render           | Saved: '/tmp/clearvla_eval_glass_39349.png'
32:18.927  render           | Saved: '/tmp/clearvla_eval_glass_39349.png'
32:19.448  render           | Saved: '/tmp/clearvla_eval_glass_39349.png'
32:20.181  render           | Saved: '/tmp/clearvla_eval_glass_39349.png'
32:20.622  render           | Saved: '/tmp/clearvla_eval_glass_39349.png'
32:21.188  render           | Saved: '/tmp/clearvla_eval_glass_39349.png'
32:21.619  render           | Saved: '/tmp/clearvla_eval_glass_39349.png'
32:22.175  render           | Saved: '/tmp/clearvla_eval_glass_39349.png'
32:23.584  render           | Saved: '/tmp/clearvla_eval_glass_39349.png'
32:28.025  render           | Saved: '/tmp/clearvla_eval_glass_39349.png'
32:28.599  render           | Saved: '/tmp/clearvla_eval_glass_39349.png'
32:29.182  render           | Saved: '/tmp/clearvla_eval_glass_39349.png'
32:30.504  render           | Saved: '/tmp/clearvla_eval_glass_39349.png'
32:35.150  render           | Saved: '/tmp/clearvla_eval_glass_39349.png'
32:35.711  render           | Saved: '/tmp/clearvla_eval_glass_39349.png'
32:36.463  render           | Saved: '/tmp/clearvla_eval_glass_39349.png'
32:36.904  render           | Saved: '/tmp/clearvla_eval_glass_39349.png'
32:37.459  render           | Saved: '/tmp/clearvla_eval_glass_39349.png'
32:37.926  render           | Saved: '/tmp/clearvla_eval_glass_39349.png'
32:38.676  render           | Saved: '/tmp/clearvla_eval_glass_39349.png'
32:39.239  render           | Saved: '/tmp/clearvla_eval_glass_39349.png'
32:40.059  render           | Saved: '/tmp/clearvla_eval_glass_39349.png'
32:41.018  render           | Saved: '/tmp/clearvla_eval_glass_39349.png'
32:41.787  render           | Saved: '/tmp/clearvla_eval_glass_39349.png'
32:42.249  render           | Saved: '/tmp/clearvla_eval_glass_39349.png'
32:42.786  render           | Saved: '/tmp/clearvla_eval_glass_39349.png'
32:43.235  render           | Saved: '/tmp/clearvla_eval_glass_39349.png'
32:43.932  render           | Saved: '/tmp/clearvla_eval_glass_39349.png'
32:44.333  render           | Saved: '/tmp/clearvla_eval_glass_39349.png'
32:45.066  render           | Saved: '/tmp/clearvla_eval_glass_39349.png'
32:45.703  render           | Saved: '/tmp/clearvla_eval_glass_39349.png'
32:46.783  render           | Saved: '/tmp/clearvla_eval_glass_39349.png'
32:47.365  render           | Saved: '/tmp/clearvla_eval_glass_39349.png'
32:48.993  render           | Saved: '/tmp/clearvla_eval_glass_39349.png'
32:49.741  render           | Saved: '/tmp/clearvla_eval_glass_39349.png'
32:50.419  render           | Saved: '/tmp/clearvla_eval_glass_39349.png'
32:50.897  render           | Saved: '/tmp/clearvla_eval_glass_39349.png'
32:51.418  render           | Saved: '/tmp/clearvla_eval_glass_39349.png'
32:51.903  render           | Saved: '/tmp/clearvla_eval_glass_39349.png'
32:53.194  render           | Saved: '/tmp/clearvla_eval_glass_39349.png'
32:53.908  render           | Saved: '/tmp/clearvla_eval_glass_39349.png'
32:58.454  render           | Saved: '/tmp/clearvla_eval_glass_39349.png'
32:59.195  render           | Saved: '/tmp/clearvla_eval_glass_39349.png'
33:00.601  render           | Saved: '/tmp/clearvla_eval_glass_39349.png'
33:01.345  render           | Saved: '/tmp/clearvla_eval_glass_39349.png'
33:06.181  render           | Saved: '/tmp/clearvla_eval_glass_39349.png'
33:06.636  render           | Saved: '/tmp/clearvla_eval_glass_39349.png'
33:07.228  render           | Saved: '/tmp/clearvla_eval_glass_39349.png'
33:07.714  render           | Saved: '/tmp/clearvla_eval_glass_39349.png'
33:08.682  render           | Saved: '/tmp/clearvla_eval_glass_39349.png'
33:09.298  render           | Saved: '/tmp/clearvla_eval_glass_39349.png'
33:10.604  render           | Saved: '/tmp/clearvla_eval_glass_39349.png'
33:11.201  render           | Saved: '/tmp/clearvla_eval_glass_39349.png'
33:12.523  render           | Saved: '/tmp/clearvla_eval_glass_39349.png'
33:13.286  render           | Saved: '/tmp/clearvla_eval_glass_39349.png'
33:14.682  render           | Saved: '/tmp/clearvla_eval_glass_39349.png'
33:15.149  render           | Saved: '/tmp/clearvla_eval_glass_39349.png'
33:15.650  render           | Saved: '/tmp/clearvla_eval_glass_39349.png'
33:16.120  render           | Saved: '/tmp/clearvla_eval_glass_39349.png'
33:17.341  render           | Saved: '/tmp/clearvla_eval_glass_39349.png'
33:18.009  render           | Saved: '/tmp/clearvla_eval_glass_39349.png'
33:18.692  render           | Saved: '/tmp/clearvla_eval_glass_39349.png'
33:19.622  render           | Saved: '/tmp/clearvla_eval_glass_39349.png'
33:22.163  render           | Saved: '/tmp/clearvla_eval_glass_39349.png'
33:22.575  render           | Saved: '/tmp/clearvla_eval_glass_39349.png'
33:23.273  render           | Saved: '/tmp/clearvla_eval_glass_39349.png'
33:24.491  render           | Saved: '/tmp/clearvla_eval_glass_39349.png'
33:26.269  render           | Saved: '/tmp/clearvla_eval_glass_39349.png'
33:27.003  render           | Saved: '/tmp/clearvla_eval_glass_39349.png'
33:27.991  render           | Saved: '/tmp/clearvla_eval_glass_39349.png'
33:28.684  render           | Saved: '/tmp/clearvla_eval_glass_39349.png'
33:29.551  render           | Saved: '/tmp/clearvla_eval_glass_39349.png'
33:30.635  render           | Saved: '/tmp/clearvla_eval_glass_39349.png'
33:32.241  render           | Saved: '/tmp/clearvla_eval_glass_39349.png'
33:32.975  render           | Saved: '/tmp/clearvla_eval_glass_39349.png'
33:35.945  render           | Saved: '/tmp/clearvla_eval_glass_39349.png'
33:36.473  render           | Saved: '/tmp/clearvla_eval_glass_39349.png'
33:37.215  render           | Saved: '/tmp/clearvla_eval_glass_39349.png'
33:37.923  render           | Saved: '/tmp/clearvla_eval_glass_39349.png'
33:39.201  render           | Saved: '/tmp/clearvla_eval_glass_39349.png'
33:39.914  render           | Saved: '/tmp/clearvla_eval_glass_39349.png'
33:43.338  render           | Saved: '/tmp/clearvla_eval_glass_39349.png'
33:44.016  render           | Saved: '/tmp/clearvla_eval_glass_39349.png'
33:46.451  render           | Saved: '/tmp/clearvla_eval_glass_39349.png'
33:46.916  render           | Saved: '/tmp/clearvla_eval_glass_39349.png'
33:48.332  render           | Saved: '/tmp/clearvla_eval_glass_39349.png'
33:49.042  render           | Saved: '/tmp/clearvla_eval_glass_39349.png'
33:52.290  render           | Saved: '/tmp/clearvla_eval_glass_39349.png'
33:52.967  render           | Saved: '/tmp/clearvla_eval_glass_39349.png'
33:53.696  render           | Saved: '/tmp/clearvla_eval_glass_39349.png'
33:54.614  render           | Saved: '/tmp/clearvla_eval_glass_39349.png'
33:55.893  render           | Saved: '/tmp/clearvla_eval_glass_39349.png'
33:56.510  render           | Saved: '/tmp/clearvla_eval_glass_39349.png'
33:57.630  render           | Saved: '/tmp/clearvla_eval_glass_39349.png'
33:58.087  render           | Saved: '/tmp/clearvla_eval_glass_39349.png'
33:58.601  render           | Saved: '/tmp/clearvla_eval_glass_39349.png'
33:59.063  render           | Saved: '/tmp/clearvla_eval_glass_39349.png'
33:59.596  render           | Saved: '/tmp/clearvla_eval_glass_39349.png'
34:00.488  render           | Saved: '/tmp/clearvla_eval_glass_39349.png'
34:01.894  render           | Saved: '/tmp/clearvla_eval_glass_39349.png'
34:02.940  render           | Saved: '/tmp/clearvla_eval_glass_39349.png'
34:03.783  render           | Saved: '/tmp/clearvla_eval_glass_39349.png'
34:04.941  render           | Saved: '/tmp/clearvla_eval_glass_39349.png'
34:08.731  render           | Saved: '/tmp/clearvla_eval_glass_39349.png'
34:09.310  render           | Saved: '/tmp/clearvla_eval_glass_39349.png'
34:10.089  render           | Saved: '/tmp/clearvla_eval_glass_39349.png'
34:10.758  render           | Saved: '/tmp/clearvla_eval_glass_39349.png'
34:11.975  render           | Saved: '/tmp/clearvla_eval_glass_39349.png'
34:12.685  render           | Saved: '/tmp/clearvla_eval_glass_39349.png'
34:14.355  render           | Saved: '/tmp/clearvla_eval_glass_39349.png'
34:15.532  render           | Saved: '/tmp/clearvla_eval_glass_39349.png'
34:16.801  render           | Saved: '/tmp/clearvla_eval_glass_39349.png'
34:17.271  render           | Saved: '/tmp/clearvla_eval_glass_39349.png'
34:18.097  render           | Saved: '/tmp/clearvla_eval_glass_39349.png'
34:18.631  render           | Saved: '/tmp/clearvla_eval_glass_39349.png'
34:19.671  render           | Saved: '/tmp/clearvla_eval_glass_39349.png'
34:20.330  render           | Saved: '/tmp/clearvla_eval_glass_39349.png'
34:23.005  render           | Saved: '/tmp/clearvla_eval_glass_39349.png'
34:23.632  render           | Saved: '/tmp/clearvla_eval_glass_39349.png'
34:24.439  render           | Saved: '/tmp/clearvla_eval_glass_39349.png'
34:25.099  render           | Saved: '/tmp/clearvla_eval_glass_39349.png'
34:26.090  render           | Saved: '/tmp/clearvla_eval_glass_39349.png'
34:27.123  render           | Saved: '/tmp/clearvla_eval_glass_39349.png'
34:28.536  render           | Saved: '/tmp/clearvla_eval_glass_39349.png'
34:28.982  render           | Saved: '/tmp/clearvla_eval_glass_39349.png'
34:29.539  render           | Saved: '/tmp/clearvla_eval_glass_39349.png'
34:30.902  render           | Saved: '/tmp/clearvla_eval_glass_39349.png'
34:34.275  render           | Saved: '/tmp/clearvla_eval_glass_39349.png'
34:34.989  render           | Saved: '/tmp/clearvla_eval_glass_39349.png'
34:36.513  render           | Saved: '/tmp/clearvla_eval_glass_39349.png'
34:36.973  render           | Saved: '/tmp/clearvla_eval_glass_39349.png'
34:37.527  render           | Saved: '/tmp/clearvla_eval_glass_39349.png'
34:38.684  render           | Saved: '/tmp/clearvla_eval_glass_39349.png'
34:40.705  render           | Saved: '/tmp/clearvla_eval_glass_39349.png'
34:41.182  render           | Saved: '/tmp/clearvla_eval_glass_39349.png'
34:41.685  render           | Saved: '/tmp/clearvla_eval_glass_39349.png'
34:42.192  render           | Saved: '/tmp/clearvla_eval_glass_39349.png'
34:43.688  render           | Saved: '/tmp/clearvla_eval_glass_39349.png'
34:44.379  render           | Saved: '/tmp/clearvla_eval_glass_39349.png'
34:45.106  render           | Saved: '/tmp/clearvla_eval_glass_39349.png'
34:45.672  render           | Saved: '/tmp/clearvla_eval_glass_39349.png'
34:46.383  render           | Saved: '/tmp/clearvla_eval_glass_39349.png'
34:46.833  render           | Saved: '/tmp/clearvla_eval_glass_39349.png'
34:47.335  render           | Saved: '/tmp/clearvla_eval_glass_39349.png'
34:47.803  render           | Saved: '/tmp/clearvla_eval_glass_39349.png'
34:48.292  render           | Saved: '/tmp/clearvla_eval_glass_39349.png'
34:48.749  render           | Saved: '/tmp/clearvla_eval_glass_39349.png'
34:49.782  render           | Saved: '/tmp/clearvla_eval_glass_39349.png'
34:50.690  render           | Saved: '/tmp/clearvla_eval_glass_39349.png'
34:53.855  render           | Saved: '/tmp/clearvla_eval_glass_39349.png'
34:54.514  render           | Saved: '/tmp/clearvla_eval_glass_39349.png'
34:57.973  render           | Saved: '/tmp/clearvla_eval_glass_39349.png'
34:58.705  render           | Saved: '/tmp/clearvla_eval_glass_39349.png'
35:00.036  render           | Saved: '/tmp/clearvla_eval_glass_39349.png'
35:00.611  render           | Saved: '/tmp/clearvla_eval_glass_39349.png'
35:01.252  render           | Saved: '/tmp/clearvla_eval_glass_39349.png'
35:01.738  render           | Saved: '/tmp/clearvla_eval_glass_39349.png'
35:02.633  render           | Saved: '/tmp/clearvla_eval_glass_39349.png'
35:03.153  render           | Saved: '/tmp/clearvla_eval_glass_39349.png'
35:04.214  render           | Saved: '/tmp/clearvla_eval_glass_39349.png'
35:04.809  render           | Saved: '/tmp/clearvla_eval_glass_39349.png'
35:05.731  render           | Saved: '/tmp/clearvla_eval_glass_39349.png'
35:06.320  render           | Saved: '/tmp/clearvla_eval_glass_39349.png'
35:07.545  render           | Saved: '/tmp/clearvla_eval_glass_39349.png'
35:08.259  render           | Saved: '/tmp/clearvla_eval_glass_39349.png'
35:08.989  render           | Saved: '/tmp/clearvla_eval_glass_39349.png'
35:09.488  render           | Saved: '/tmp/clearvla_eval_glass_39349.png'
35:09.990  render           | Saved: '/tmp/clearvla_eval_glass_39349.png'
35:10.455  render           | Saved: '/tmp/clearvla_eval_glass_39349.png'
35:10.956  render           | Saved: '/tmp/clearvla_eval_glass_39349.png'
35:11.486  render           | Saved: '/tmp/clearvla_eval_glass_39349.png'
35:12.453  render           | Saved: '/tmp/clearvla_eval_glass_39349.png'
35:12.975  render           | Saved: '/tmp/clearvla_eval_glass_39349.png'
35:13.761  render           | Saved: '/tmp/clearvla_eval_glass_39349.png'
35:14.460  render           | Saved: '/tmp/clearvla_eval_glass_39349.png'
35:15.732  render           | Saved: '/tmp/clearvla_eval_glass_39349.png'
35:16.436  render           | Saved: '/tmp/clearvla_eval_glass_39349.png'
35:17.125  render           | Saved: '/tmp/clearvla_eval_glass_39349.png'
35:17.622  render           | Saved: '/tmp/clearvla_eval_glass_39349.png'
35:18.149  render           | Saved: '/tmp/clearvla_eval_glass_39349.png'
35:20.203  render           | Saved: '/tmp/clearvla_eval_glass_39349.png'
35:23.609  render           | Saved: '/tmp/clearvla_eval_glass_39349.png'
35:24.238  render           | Saved: '/tmp/clearvla_eval_glass_39349.png'
35:24.905  render           | Saved: '/tmp/clearvla_eval_glass_39349.png'
35:25.295  render           | Saved: '/tmp/clearvla_eval_glass_39349.png'
35:25.829  render           | Saved: '/tmp/clearvla_eval_glass_39349.png'
35:26.329  render           | Saved: '/tmp/clearvla_eval_glass_39349.png'
35:27.365  render           | Saved: '/tmp/clearvla_eval_glass_39349.png'
35:27.939  render           | Saved: '/tmp/clearvla_eval_glass_39349.png'
35:28.701  render           | Saved: '/tmp/clearvla_eval_glass_39349.png'
35:29.980  render           | Saved: '/tmp/clearvla_eval_glass_39349.png'
35:33.246  render           | Saved: '/tmp/clearvla_eval_glass_39349.png'
35:33.853  render           | Saved: '/tmp/clearvla_eval_glass_39349.png'
[full/glass] pour: 1/10  (35.5 min, 73.0 s/ep)
35:38.120  render           | Saved: '/tmp/clearvla_eval_glass_39349.png'
35:38.813  render           | Saved: '/tmp/clearvla_eval_glass_39349.png'
35:43.333  render           | Saved: '/tmp/clearvla_eval_glass_39349.png'
35:44.167  render           | Saved: '/tmp/clearvla_eval_glass_39349.png'
35:46.828  render           | Saved: '/tmp/clearvla_eval_glass_39349.png'
35:47.506  render           | Saved: '/tmp/clearvla_eval_glass_39349.png'
35:48.407  render           | Saved: '/tmp/clearvla_eval_glass_39349.png'
35:49.021  render           | Saved: '/tmp/clearvla_eval_glass_39349.png'
35:49.658  render           | Saved: '/tmp/clearvla_eval_glass_39349.png'
35:51.033  render           | Saved: '/tmp/clearvla_eval_glass_39349.png'
35:53.575  render           | Saved: '/tmp/clearvla_eval_glass_39349.png'
35:54.629  render           | Saved: '/tmp/clearvla_eval_glass_39349.png'
35:56.978  render           | Saved: '/tmp/clearvla_eval_glass_39349.png'
35:57.714  render           | Saved: '/tmp/clearvla_eval_glass_39349.png'
36:03.070  render           | Saved: '/tmp/clearvla_eval_glass_39349.png'
36:03.641  render           | Saved: '/tmp/clearvla_eval_glass_39349.png'
36:04.358  render           | Saved: '/tmp/clearvla_eval_glass_39349.png'
36:04.780  render           | Saved: '/tmp/clearvla_eval_glass_39349.png'
36:05.306  render           | Saved: '/tmp/clearvla_eval_glass_39349.png'
36:05.718  render           | Saved: '/tmp/clearvla_eval_glass_39349.png'
36:06.247  render           | Saved: '/tmp/clearvla_eval_glass_39349.png'
36:06.664  render           | Saved: '/tmp/clearvla_eval_glass_39349.png'
36:07.836  render           | Saved: '/tmp/clearvla_eval_glass_39349.png'
36:08.541  render           | Saved: '/tmp/clearvla_eval_glass_39349.png'
36:09.183  render           | Saved: '/tmp/clearvla_eval_glass_39349.png'
36:09.674  render           | Saved: '/tmp/clearvla_eval_glass_39349.png'
36:10.794  render           | Saved: '/tmp/clearvla_eval_glass_39349.png'
36:11.523  render           | Saved: '/tmp/clearvla_eval_glass_39349.png'
36:13.020  render           | Saved: '/tmp/clearvla_eval_glass_39349.png'
36:13.489  render           | Saved: '/tmp/clearvla_eval_glass_39349.png'
36:14.033  render           | Saved: '/tmp/clearvla_eval_glass_39349.png'
36:15.275  render           | Saved: '/tmp/clearvla_eval_glass_39349.png'
36:17.847  render           | Saved: '/tmp/clearvla_eval_glass_39349.png'
36:18.405  render           | Saved: '/tmp/clearvla_eval_glass_39349.png'
36:19.069  render           | Saved: '/tmp/clearvla_eval_glass_39349.png'
36:19.486  render           | Saved: '/tmp/clearvla_eval_glass_39349.png'
36:21.060  render           | Saved: '/tmp/clearvla_eval_glass_39349.png'
36:21.711  render           | Saved: '/tmp/clearvla_eval_glass_39349.png'
36:22.447  render           | Saved: '/tmp/clearvla_eval_glass_39349.png'
36:22.831  render           | Saved: '/tmp/clearvla_eval_glass_39349.png'
36:23.408  render           | Saved: '/tmp/clearvla_eval_glass_39349.png'
36:23.816  render           | Saved: '/tmp/clearvla_eval_glass_39349.png'
36:24.394  render           | Saved: '/tmp/clearvla_eval_glass_39349.png'
36:24.987  render           | Saved: '/tmp/clearvla_eval_glass_39349.png'
36:25.689  render           | Saved: '/tmp/clearvla_eval_glass_39349.png'
36:26.888  render           | Saved: '/tmp/clearvla_eval_glass_39349.png'
36:29.200  render           | Saved: '/tmp/clearvla_eval_glass_39349.png'
36:29.879  render           | Saved: '/tmp/clearvla_eval_glass_39349.png'
36:31.049  render           | Saved: '/tmp/clearvla_eval_glass_39349.png'
36:31.521  render           | Saved: '/tmp/clearvla_eval_glass_39349.png'
36:32.463  render           | Saved: '/tmp/clearvla_eval_glass_39349.png'
36:33.022  render           | Saved: '/tmp/clearvla_eval_glass_39349.png'
36:33.848  render           | Saved: '/tmp/clearvla_eval_glass_39349.png'
36:34.763  render           | Saved: '/tmp/clearvla_eval_glass_39349.png'
36:35.567  render           | Saved: '/tmp/clearvla_eval_glass_39349.png'
36:35.919  render           | Saved: '/tmp/clearvla_eval_glass_39349.png'
36:36.975  render           | Saved: '/tmp/clearvla_eval_glass_39349.png'
36:37.988  render           | Saved: '/tmp/clearvla_eval_glass_39349.png'
36:39.429  render           | Saved: '/tmp/clearvla_eval_glass_39349.png'
36:39.896  render           | Saved: '/tmp/clearvla_eval_glass_39349.png'
36:41.110  render           | Saved: '/tmp/clearvla_eval_glass_39349.png'
36:41.673  render           | Saved: '/tmp/clearvla_eval_glass_39349.png'
36:42.362  render           | Saved: '/tmp/clearvla_eval_glass_39349.png'
36:42.799  render           | Saved: '/tmp/clearvla_eval_glass_39349.png'
36:43.828  render           | Saved: '/tmp/clearvla_eval_glass_39349.png'
36:44.409  render           | Saved: '/tmp/clearvla_eval_glass_39349.png'
36:46.228  render           | Saved: '/tmp/clearvla_eval_glass_39349.png'
36:47.050  render           | Saved: '/tmp/clearvla_eval_glass_39349.png'
36:47.779  render           | Saved: '/tmp/clearvla_eval_glass_39349.png'
36:49.056  render           | Saved: '/tmp/clearvla_eval_glass_39349.png'
36:53.231  render           | Saved: '/tmp/clearvla_eval_glass_39349.png'
36:53.930  render           | Saved: '/tmp/clearvla_eval_glass_39349.png'
36:57.423  render           | Saved: '/tmp/clearvla_eval_glass_39349.png'
36:58.480  render           | Saved: '/tmp/clearvla_eval_glass_39349.png'
36:59.365  render           | Saved: '/tmp/clearvla_eval_glass_39349.png'
37:00.579  render           | Saved: '/tmp/clearvla_eval_glass_39349.png'
37:05.593  render           | Saved: '/tmp/clearvla_eval_glass_39349.png'
37:06.437  render           | Saved: '/tmp/clearvla_eval_glass_39349.png'
37:11.038  render           | Saved: '/tmp/clearvla_eval_glass_39349.png'
37:11.955  render           | Saved: '/tmp/clearvla_eval_glass_39349.png'
37:15.238  render           | Saved: '/tmp/clearvla_eval_glass_39349.png'
37:15.806  render           | Saved: '/tmp/clearvla_eval_glass_39349.png'
37:16.499  render           | Saved: '/tmp/clearvla_eval_glass_39349.png'
37:16.969  render           | Saved: '/tmp/clearvla_eval_glass_39349.png'
37:17.495  render           | Saved: '/tmp/clearvla_eval_glass_39349.png'
37:17.951  render           | Saved: '/tmp/clearvla_eval_glass_39349.png'
37:18.477  render           | Saved: '/tmp/clearvla_eval_glass_39349.png'
37:18.972  render           | Saved: '/tmp/clearvla_eval_glass_39349.png'
37:19.594  render           | Saved: '/tmp/clearvla_eval_glass_39349.png'
37:20.692  render           | Saved: '/tmp/clearvla_eval_glass_39349.png'
37:21.514  render           | Saved: '/tmp/clearvla_eval_glass_39349.png'
37:21.950  render           | Saved: '/tmp/clearvla_eval_glass_39349.png'
37:22.520  render           | Saved: '/tmp/clearvla_eval_glass_39349.png'
37:23.014  render           | Saved: '/tmp/clearvla_eval_glass_39349.png'
37:23.563  render           | Saved: '/tmp/clearvla_eval_glass_39349.png'
37:24.022  render           | Saved: '/tmp/clearvla_eval_glass_39349.png'
37:24.606  render           | Saved: '/tmp/clearvla_eval_glass_39349.png'
37:25.940  render           | Saved: '/tmp/clearvla_eval_glass_39349.png'
37:29.155  render           | Saved: '/tmp/clearvla_eval_glass_39349.png'
37:29.983  render           | Saved: '/tmp/clearvla_eval_glass_39349.png'
37:30.715  render           | Saved: '/tmp/clearvla_eval_glass_39349.png'
37:31.167  render           | Saved: '/tmp/clearvla_eval_glass_39349.png'
37:31.680  render           | Saved: '/tmp/clearvla_eval_glass_39349.png'
37:32.181  render           | Saved: '/tmp/clearvla_eval_glass_39349.png'
37:32.982  render           | Saved: '/tmp/clearvla_eval_glass_39349.png'
37:33.665  render           | Saved: '/tmp/clearvla_eval_glass_39349.png'
37:35.060  render           | Saved: '/tmp/clearvla_eval_glass_39349.png'
37:36.089  render           | Saved: '/tmp/clearvla_eval_glass_39349.png'
37:36.867  render           | Saved: '/tmp/clearvla_eval_glass_39349.png'
37:37.312  render           | Saved: '/tmp/clearvla_eval_glass_39349.png'
37:37.803  render           | Saved: '/tmp/clearvla_eval_glass_39349.png'
37:39.238  render           | Saved: '/tmp/clearvla_eval_glass_39349.png'
37:43.402  render           | Saved: '/tmp/clearvla_eval_glass_39349.png'
37:44.080  render           | Saved: '/tmp/clearvla_eval_glass_39349.png'
37:46.624  render           | Saved: '/tmp/clearvla_eval_glass_39349.png'
37:47.426  render           | Saved: '/tmp/clearvla_eval_glass_39349.png'
37:48.521  render           | Saved: '/tmp/clearvla_eval_glass_39349.png'
37:49.221  render           | Saved: '/tmp/clearvla_eval_glass_39349.png'
37:50.863  render           | Saved: '/tmp/clearvla_eval_glass_39349.png'
37:51.590  render           | Saved: '/tmp/clearvla_eval_glass_39349.png'
37:52.309  render           | Saved: '/tmp/clearvla_eval_glass_39349.png'
37:53.308  render           | Saved: '/tmp/clearvla_eval_glass_39349.png'
37:53.841  render           | Saved: '/tmp/clearvla_eval_glass_39349.png'
37:54.315  render           | Saved: '/tmp/clearvla_eval_glass_39349.png'
37:55.690  render           | Saved: '/tmp/clearvla_eval_glass_39349.png'
37:56.490  render           | Saved: '/tmp/clearvla_eval_glass_39349.png'
38:00.075  render           | Saved: '/tmp/clearvla_eval_glass_39349.png'
38:01.300  render           | Saved: '/tmp/clearvla_eval_glass_39349.png'
38:05.074  render           | Saved: '/tmp/clearvla_eval_glass_39349.png'
38:05.880  render           | Saved: '/tmp/clearvla_eval_glass_39349.png'
38:09.770  render           | Saved: '/tmp/clearvla_eval_glass_39349.png'
38:10.287  render           | Saved: '/tmp/clearvla_eval_glass_39349.png'
38:10.996  render           | Saved: '/tmp/clearvla_eval_glass_39349.png'
38:12.245  render           | Saved: '/tmp/clearvla_eval_glass_39349.png'
38:14.014  render           | Saved: '/tmp/clearvla_eval_glass_39349.png'
38:15.103  render           | Saved: '/tmp/clearvla_eval_glass_39349.png'
38:17.418  render           | Saved: '/tmp/clearvla_eval_glass_39349.png'
38:18.003  render           | Saved: '/tmp/clearvla_eval_glass_39349.png'
38:19.270  render           | Saved: '/tmp/clearvla_eval_glass_39349.png'
38:19.923  render           | Saved: '/tmp/clearvla_eval_glass_39349.png'
38:20.653  render           | Saved: '/tmp/clearvla_eval_glass_39349.png'
38:21.136  render           | Saved: '/tmp/clearvla_eval_glass_39349.png'
38:21.682  render           | Saved: '/tmp/clearvla_eval_glass_39349.png'
38:22.135  render           | Saved: '/tmp/clearvla_eval_glass_39349.png'
38:22.684  render           | Saved: '/tmp/clearvla_eval_glass_39349.png'
38:23.360  render           | Saved: '/tmp/clearvla_eval_glass_39349.png'
38:25.404  render           | Saved: '/tmp/clearvla_eval_glass_39349.png'
38:26.206  render           | Saved: '/tmp/clearvla_eval_glass_39349.png'
38:27.359  render           | Saved: '/tmp/clearvla_eval_glass_39349.png'
38:27.784  render           | Saved: '/tmp/clearvla_eval_glass_39349.png'
38:28.334  render           | Saved: '/tmp/clearvla_eval_glass_39349.png'
38:28.752  render           | Saved: '/tmp/clearvla_eval_glass_39349.png'
38:31.523  render           | Saved: '/tmp/clearvla_eval_glass_39349.png'
38:32.400  render           | Saved: '/tmp/clearvla_eval_glass_39349.png'
38:37.367  render           | Saved: '/tmp/clearvla_eval_glass_39349.png'
38:38.061  render           | Saved: '/tmp/clearvla_eval_glass_39349.png'
38:38.757  render           | Saved: '/tmp/clearvla_eval_glass_39349.png'
38:39.229  render           | Saved: '/tmp/clearvla_eval_glass_39349.png'
38:39.783  render           | Saved: '/tmp/clearvla_eval_glass_39349.png'
38:40.987  render           | Saved: '/tmp/clearvla_eval_glass_39349.png'
38:42.338  render           | Saved: '/tmp/clearvla_eval_glass_39349.png'
38:42.757  render           | Saved: '/tmp/clearvla_eval_glass_39349.png'
38:43.310  render           | Saved: '/tmp/clearvla_eval_glass_39349.png'
38:43.883  render           | Saved: '/tmp/clearvla_eval_glass_39349.png'
38:44.650  render           | Saved: '/tmp/clearvla_eval_glass_39349.png'
38:45.142  render           | Saved: '/tmp/clearvla_eval_glass_39349.png'
38:46.051  render           | Saved: '/tmp/clearvla_eval_glass_39349.png'
38:46.836  render           | Saved: '/tmp/clearvla_eval_glass_39349.png'
38:47.889  render           | Saved: '/tmp/clearvla_eval_glass_39349.png'
38:48.734  render           | Saved: '/tmp/clearvla_eval_glass_39349.png'
38:49.534  render           | Saved: '/tmp/clearvla_eval_glass_39349.png'
38:49.959  render           | Saved: '/tmp/clearvla_eval_glass_39349.png'
38:50.472  render           | Saved: '/tmp/clearvla_eval_glass_39349.png'
38:50.930  render           | Saved: '/tmp/clearvla_eval_glass_39349.png'
38:52.121  render           | Saved: '/tmp/clearvla_eval_glass_39349.png'
38:52.923  render           | Saved: '/tmp/clearvla_eval_glass_39349.png'
38:53.580  render           | Saved: '/tmp/clearvla_eval_glass_39349.png'
38:54.040  render           | Saved: '/tmp/clearvla_eval_glass_39349.png'
38:54.549  render           | Saved: '/tmp/clearvla_eval_glass_39349.png'
38:55.008  render           | Saved: '/tmp/clearvla_eval_glass_39349.png'
38:55.516  render           | Saved: '/tmp/clearvla_eval_glass_39349.png'
38:55.988  render           | Saved: '/tmp/clearvla_eval_glass_39349.png'
38:57.215  render           | Saved: '/tmp/clearvla_eval_glass_39349.png'
38:57.934  render           | Saved: '/tmp/clearvla_eval_glass_39349.png'
38:58.617  render           | Saved: '/tmp/clearvla_eval_glass_39349.png'
38:59.109  render           | Saved: '/tmp/clearvla_eval_glass_39349.png'
39:00.639  render           | Saved: '/tmp/clearvla_eval_glass_39349.png'
39:01.116  render           | Saved: '/tmp/clearvla_eval_glass_39349.png'
39:01.803  render           | Saved: '/tmp/clearvla_eval_glass_39349.png'
39:02.255  render           | Saved: '/tmp/clearvla_eval_glass_39349.png'
39:02.809  render           | Saved: '/tmp/clearvla_eval_glass_39349.png'
39:03.360  render           | Saved: '/tmp/clearvla_eval_glass_39349.png'
39:04.703  render           | Saved: '/tmp/clearvla_eval_glass_39349.png'
39:05.352  render           | Saved: '/tmp/clearvla_eval_glass_39349.png'
39:06.068  render           | Saved: '/tmp/clearvla_eval_glass_39349.png'
39:06.537  render           | Saved: '/tmp/clearvla_eval_glass_39349.png'
39:07.763  render           | Saved: '/tmp/clearvla_eval_glass_39349.png'
39:08.489  render           | Saved: '/tmp/clearvla_eval_glass_39349.png'
39:13.076  render           | Saved: '/tmp/clearvla_eval_glass_39349.png'
39:13.979  render           | Saved: '/tmp/clearvla_eval_glass_39349.png'
39:14.877  render           | Saved: '/tmp/clearvla_eval_glass_39349.png'
39:15.924  render           | Saved: '/tmp/clearvla_eval_glass_39349.png'
39:18.941  render           | Saved: '/tmp/clearvla_eval_glass_39349.png'
39:19.965  render           | Saved: '/tmp/clearvla_eval_glass_39349.png'
39:21.879  render           | Saved: '/tmp/clearvla_eval_glass_39349.png'
39:22.585  render           | Saved: '/tmp/clearvla_eval_glass_39349.png'
39:23.421  render           | Saved: '/tmp/clearvla_eval_glass_39349.png'
39:23.886  render           | Saved: '/tmp/clearvla_eval_glass_39349.png'
39:24.694  render           | Saved: '/tmp/clearvla_eval_glass_39349.png'
39:25.278  render           | Saved: '/tmp/clearvla_eval_glass_39349.png'
39:25.977  render           | Saved: '/tmp/clearvla_eval_glass_39349.png'
39:26.494  render           | Saved: '/tmp/clearvla_eval_glass_39349.png'
39:27.895  render           | Saved: '/tmp/clearvla_eval_glass_39349.png'
39:28.595  render           | Saved: '/tmp/clearvla_eval_glass_39349.png'
39:29.715  render           | Saved: '/tmp/clearvla_eval_glass_39349.png'
39:30.168  render           | Saved: '/tmp/clearvla_eval_glass_39349.png'
39:30.705  render           | Saved: '/tmp/clearvla_eval_glass_39349.png'
39:31.230  render           | Saved: '/tmp/clearvla_eval_glass_39349.png'
39:31.932  render           | Saved: '/tmp/clearvla_eval_glass_39349.png'
39:32.960  render           | Saved: '/tmp/clearvla_eval_glass_39349.png'
39:33.810  render           | Saved: '/tmp/clearvla_eval_glass_39349.png'
39:34.255  render           | Saved: '/tmp/clearvla_eval_glass_39349.png'
39:35.533  render           | Saved: '/tmp/clearvla_eval_glass_39349.png'
39:36.289  render           | Saved: '/tmp/clearvla_eval_glass_39349.png'
39:37.714  render           | Saved: '/tmp/clearvla_eval_glass_39349.png'
39:38.147  render           | Saved: '/tmp/clearvla_eval_glass_39349.png'
39:39.113  render           | Saved: '/tmp/clearvla_eval_glass_39349.png'
39:39.621  render           | Saved: '/tmp/clearvla_eval_glass_39349.png'
39:43.839  render           | Saved: '/tmp/clearvla_eval_glass_39349.png'
39:44.395  render           | Saved: '/tmp/clearvla_eval_glass_39349.png'
39:48.689  render           | Saved: '/tmp/clearvla_eval_glass_39349.png'
39:49.452  render           | Saved: '/tmp/clearvla_eval_glass_39349.png'
39:50.171  render           | Saved: '/tmp/clearvla_eval_glass_39349.png'
39:50.568  render           | Saved: '/tmp/clearvla_eval_glass_39349.png'
39:51.099  render           | Saved: '/tmp/clearvla_eval_glass_39349.png'
39:51.529  render           | Saved: '/tmp/clearvla_eval_glass_39349.png'
39:52.398  render           | Saved: '/tmp/clearvla_eval_glass_39349.png'
39:53.019  render           | Saved: '/tmp/clearvla_eval_glass_39349.png'
39:54.331  render           | Saved: '/tmp/clearvla_eval_glass_39349.png'
39:54.934  render           | Saved: '/tmp/clearvla_eval_glass_39349.png'
39:55.568  render           | Saved: '/tmp/clearvla_eval_glass_39349.png'
39:55.968  render           | Saved: '/tmp/clearvla_eval_glass_39349.png'
39:57.165  render           | Saved: '/tmp/clearvla_eval_glass_39349.png'
39:57.862  render           | Saved: '/tmp/clearvla_eval_glass_39349.png'
40:01.689  render           | Saved: '/tmp/clearvla_eval_glass_39349.png'
40:02.249  render           | Saved: '/tmp/clearvla_eval_glass_39349.png'
40:02.977  render           | Saved: '/tmp/clearvla_eval_glass_39349.png'
40:03.448  render           | Saved: '/tmp/clearvla_eval_glass_39349.png'
40:03.949  render           | Saved: '/tmp/clearvla_eval_glass_39349.png'
40:04.395  render           | Saved: '/tmp/clearvla_eval_glass_39349.png'
40:04.912  render           | Saved: '/tmp/clearvla_eval_glass_39349.png'
40:05.378  render           | Saved: '/tmp/clearvla_eval_glass_39349.png'
40:06.796  render           | Saved: '/tmp/clearvla_eval_glass_39349.png'
40:07.579  render           | Saved: '/tmp/clearvla_eval_glass_39349.png'
40:08.876  render           | Saved: '/tmp/clearvla_eval_glass_39349.png'
40:09.356  render           | Saved: '/tmp/clearvla_eval_glass_39349.png'
40:09.876  render           | Saved: '/tmp/clearvla_eval_glass_39349.png'
40:10.347  render           | Saved: '/tmp/clearvla_eval_glass_39349.png'
40:10.857  render           | Saved: '/tmp/clearvla_eval_glass_39349.png'
40:11.353  render           | Saved: '/tmp/clearvla_eval_glass_39349.png'
40:12.541  render           | Saved: '/tmp/clearvla_eval_glass_39349.png'
40:13.241  render           | Saved: '/tmp/clearvla_eval_glass_39349.png'
40:13.975  render           | Saved: '/tmp/clearvla_eval_glass_39349.png'
40:14.449  render           | Saved: '/tmp/clearvla_eval_glass_39349.png'
40:14.941  render           | Saved: '/tmp/clearvla_eval_glass_39349.png'
40:15.925  render           | Saved: '/tmp/clearvla_eval_glass_39349.png'
40:18.273  render           | Saved: '/tmp/clearvla_eval_glass_39349.png'
40:18.975  render           | Saved: '/tmp/clearvla_eval_glass_39349.png'
40:20.985  render           | Saved: '/tmp/clearvla_eval_glass_39349.png'
40:21.467  render           | Saved: '/tmp/clearvla_eval_glass_39349.png'
40:22.170  render           | Saved: '/tmp/clearvla_eval_glass_39349.png'
40:23.125  render           | Saved: '/tmp/clearvla_eval_glass_39349.png'
40:24.042  render           | Saved: '/tmp/clearvla_eval_glass_39349.png'
40:24.514  render           | Saved: '/tmp/clearvla_eval_glass_39349.png'
40:25.432  render           | Saved: '/tmp/clearvla_eval_glass_39349.png'
40:26.020  render           | Saved: '/tmp/clearvla_eval_glass_39349.png'
40:27.884  render           | Saved: '/tmp/clearvla_eval_glass_39349.png'
40:28.949  render           | Saved: '/tmp/clearvla_eval_glass_39349.png'
40:31.213  render           | Saved: '/tmp/clearvla_eval_glass_39349.png'
40:31.753  render           | Saved: '/tmp/clearvla_eval_glass_39349.png'
40:32.453  render           | Saved: '/tmp/clearvla_eval_glass_39349.png'
40:33.552  render           | Saved: '/tmp/clearvla_eval_glass_39349.png'
40:34.074  render           | Saved: '/tmp/clearvla_eval_glass_39349.png'
40:34.509  render           | Saved: '/tmp/clearvla_eval_glass_39349.png'
40:35.634  render           | Saved: '/tmp/clearvla_eval_glass_39349.png'
40:36.314  render           | Saved: '/tmp/clearvla_eval_glass_39349.png'
40:37.017  render           | Saved: '/tmp/clearvla_eval_glass_39349.png'
40:37.467  render           | Saved: '/tmp/clearvla_eval_glass_39349.png'
40:38.017  render           | Saved: '/tmp/clearvla_eval_glass_39349.png'
40:39.163  render           | Saved: '/tmp/clearvla_eval_glass_39349.png'
40:43.158  render           | Saved: '/tmp/clearvla_eval_glass_39349.png'
40:43.731  render           | Saved: '/tmp/clearvla_eval_glass_39349.png'
40:44.384  render           | Saved: '/tmp/clearvla_eval_glass_39349.png'
40:45.556  render           | Saved: '/tmp/clearvla_eval_glass_39349.png'
40:49.793  render           | Saved: '/tmp/clearvla_eval_glass_39349.png'
40:50.393  render           | Saved: '/tmp/clearvla_eval_glass_39349.png'
40:51.042  render           | Saved: '/tmp/clearvla_eval_glass_39349.png'
40:51.524  render           | Saved: '/tmp/clearvla_eval_glass_39349.png'
40:52.028  render           | Saved: '/tmp/clearvla_eval_glass_39349.png'
40:53.525  render           | Saved: '/tmp/clearvla_eval_glass_39349.png'
40:57.082  render           | Saved: '/tmp/clearvla_eval_glass_39349.png'
40:57.773  render           | Saved: '/tmp/clearvla_eval_glass_39349.png'
40:59.065  render           | Saved: '/tmp/clearvla_eval_glass_39349.png'
40:59.715  render           | Saved: '/tmp/clearvla_eval_glass_39349.png'
41:03.346  render           | Saved: '/tmp/clearvla_eval_glass_39349.png'
41:04.159  render           | Saved: '/tmp/clearvla_eval_glass_39349.png'
41:08.239  render           | Saved: '/tmp/clearvla_eval_glass_39349.png'
41:08.906  render           | Saved: '/tmp/clearvla_eval_glass_39349.png'
41:10.327  render           | Saved: '/tmp/clearvla_eval_glass_39349.png'
41:11.072  render           | Saved: '/tmp/clearvla_eval_glass_39349.png'
41:12.060  render           | Saved: '/tmp/clearvla_eval_glass_39349.png'
41:12.439  render           | Saved: '/tmp/clearvla_eval_glass_39349.png'
41:13.043  render           | Saved: '/tmp/clearvla_eval_glass_39349.png'
41:13.823  render           | Saved: '/tmp/clearvla_eval_glass_39349.png'
41:16.222  render           | Saved: '/tmp/clearvla_eval_glass_39349.png'
41:16.774  render           | Saved: '/tmp/clearvla_eval_glass_39349.png'
41:17.660  render           | Saved: '/tmp/clearvla_eval_glass_39349.png'
41:18.109  render           | Saved: '/tmp/clearvla_eval_glass_39349.png'
41:18.690  render           | Saved: '/tmp/clearvla_eval_glass_39349.png'
41:19.446  render           | Saved: '/tmp/clearvla_eval_glass_39349.png'
41:21.569  render           | Saved: '/tmp/clearvla_eval_glass_39349.png'
41:22.416  render           | Saved: '/tmp/clearvla_eval_glass_39349.png'
41:24.672  render           | Saved: '/tmp/clearvla_eval_glass_39349.png'
41:25.779  render           | Saved: '/tmp/clearvla_eval_glass_39349.png'
41:28.430  render           | Saved: '/tmp/clearvla_eval_glass_39349.png'
41:28.986  render           | Saved: '/tmp/clearvla_eval_glass_39349.png'
41:31.077  render           | Saved: '/tmp/clearvla_eval_glass_39349.png'
41:31.618  render           | Saved: '/tmp/clearvla_eval_glass_39349.png'
41:32.340  render           | Saved: '/tmp/clearvla_eval_glass_39349.png'
41:33.084  render           | Saved: '/tmp/clearvla_eval_glass_39349.png'
41:33.783  render           | Saved: '/tmp/clearvla_eval_glass_39349.png'
41:34.216  render           | Saved: '/tmp/clearvla_eval_glass_39349.png'
41:34.782  render           | Saved: '/tmp/clearvla_eval_glass_39349.png'
41:36.005  render           | Saved: '/tmp/clearvla_eval_glass_39349.png'
41:36.804  render           | Saved: '/tmp/clearvla_eval_glass_39349.png'
41:37.184  render           | Saved: '/tmp/clearvla_eval_glass_39349.png'
41:37.749  render           | Saved: '/tmp/clearvla_eval_glass_39349.png'
41:38.154  render           | Saved: '/tmp/clearvla_eval_glass_39349.png'
41:38.734  render           | Saved: '/tmp/clearvla_eval_glass_39349.png'
41:39.515  render           | Saved: '/tmp/clearvla_eval_glass_39349.png'
41:40.790  render           | Saved: '/tmp/clearvla_eval_glass_39349.png'
41:41.317  render           | Saved: '/tmp/clearvla_eval_glass_39349.png'
41:42.135  render           | Saved: '/tmp/clearvla_eval_glass_39349.png'
41:42.942  render           | Saved: '/tmp/clearvla_eval_glass_39349.png'
41:44.814  render           | Saved: '/tmp/clearvla_eval_glass_39349.png'
41:45.352  render           | Saved: '/tmp/clearvla_eval_glass_39349.png'
41:46.072  render           | Saved: '/tmp/clearvla_eval_glass_39349.png'
41:46.554  render           | Saved: '/tmp/clearvla_eval_glass_39349.png'
41:47.136  render           | Saved: '/tmp/clearvla_eval_glass_39349.png'
41:47.627  render           | Saved: '/tmp/clearvla_eval_glass_39349.png'
41:48.180  render           | Saved: '/tmp/clearvla_eval_glass_39349.png'
41:49.414  render           | Saved: '/tmp/clearvla_eval_glass_39349.png'
41:53.816  render           | Saved: '/tmp/clearvla_eval_glass_39349.png'
41:54.447  render           | Saved: '/tmp/clearvla_eval_glass_39349.png'
41:55.758  render           | Saved: '/tmp/clearvla_eval_glass_39349.png'
41:56.694  render           | Saved: '/tmp/clearvla_eval_glass_39349.png'
42:00.908  render           | Saved: '/tmp/clearvla_eval_glass_39349.png'
42:01.599  render           | Saved: '/tmp/clearvla_eval_glass_39349.png'
42:02.658  render           | Saved: '/tmp/clearvla_eval_glass_39349.png'
42:03.075  render           | Saved: '/tmp/clearvla_eval_glass_39349.png'
42:03.667  render           | Saved: '/tmp/clearvla_eval_glass_39349.png'
42:04.481  render           | Saved: '/tmp/clearvla_eval_glass_39349.png'
42:05.375  render           | Saved: '/tmp/clearvla_eval_glass_39349.png'
42:06.303  render           | Saved: '/tmp/clearvla_eval_glass_39349.png'
42:07.808  render           | Saved: '/tmp/clearvla_eval_glass_39349.png'
42:08.991  render           | Saved: '/tmp/clearvla_eval_glass_39349.png'
42:12.298  render           | Saved: '/tmp/clearvla_eval_glass_39349.png'
42:12.896  render           | Saved: '/tmp/clearvla_eval_glass_39349.png'
42:13.553  render           | Saved: '/tmp/clearvla_eval_glass_39349.png'
42:14.017  render           | Saved: '/tmp/clearvla_eval_glass_39349.png'
42:14.935  render           | Saved: '/tmp/clearvla_eval_glass_39349.png'
42:15.972  render           | Saved: '/tmp/clearvla_eval_glass_39349.png'
42:19.192  render           | Saved: '/tmp/clearvla_eval_glass_39349.png'
42:19.996  render           | Saved: '/tmp/clearvla_eval_glass_39349.png'
42:21.410  render           | Saved: '/tmp/clearvla_eval_glass_39349.png'
42:22.167  render           | Saved: '/tmp/clearvla_eval_glass_39349.png'
42:25.359  render           | Saved: '/tmp/clearvla_eval_glass_39349.png'
42:25.864  render           | Saved: '/tmp/clearvla_eval_glass_39349.png'
42:26.594  render           | Saved: '/tmp/clearvla_eval_glass_39349.png'
42:27.300  render           | Saved: '/tmp/clearvla_eval_glass_39349.png'
42:30.550  render           | Saved: '/tmp/clearvla_eval_glass_39349.png'
42:31.243  render           | Saved: '/tmp/clearvla_eval_glass_39349.png'
42:34.825  render           | Saved: '/tmp/clearvla_eval_glass_39349.png'
42:35.799  render           | Saved: '/tmp/clearvla_eval_glass_39349.png'
42:40.568  render           | Saved: '/tmp/clearvla_eval_glass_39349.png'
42:41.240  render           | Saved: '/tmp/clearvla_eval_glass_39349.png'
42:41.976  render           | Saved: '/tmp/clearvla_eval_glass_39349.png'
42:42.387  render           | Saved: '/tmp/clearvla_eval_glass_39349.png'
42:43.473  render           | Saved: '/tmp/clearvla_eval_glass_39349.png'
42:44.325  render           | Saved: '/tmp/clearvla_eval_glass_39349.png'
42:47.857  render           | Saved: '/tmp/clearvla_eval_glass_39349.png'
42:48.345  render           | Saved: '/tmp/clearvla_eval_glass_39349.png'
42:49.415  render           | Saved: '/tmp/clearvla_eval_glass_39349.png'
42:50.101  render           | Saved: '/tmp/clearvla_eval_glass_39349.png'
42:51.148  render           | Saved: '/tmp/clearvla_eval_glass_39349.png'
42:51.581  render           | Saved: '/tmp/clearvla_eval_glass_39349.png'
42:52.245  render           | Saved: '/tmp/clearvla_eval_glass_39349.png'
42:52.616  render           | Saved: '/tmp/clearvla_eval_glass_39349.png'
42:53.138  render           | Saved: '/tmp/clearvla_eval_glass_39349.png'
42:53.772  render           | Saved: '/tmp/clearvla_eval_glass_39349.png'
42:54.291  render           | Saved: '/tmp/clearvla_eval_glass_39349.png'
42:54.762  render           | Saved: '/tmp/clearvla_eval_glass_39349.png'
42:55.265  render           | Saved: '/tmp/clearvla_eval_glass_39349.png'
42:56.479  render           | Saved: '/tmp/clearvla_eval_glass_39349.png'
43:00.138  render           | Saved: '/tmp/clearvla_eval_glass_39349.png'
43:00.732  render           | Saved: '/tmp/clearvla_eval_glass_39349.png'
43:02.344  render           | Saved: '/tmp/clearvla_eval_glass_39349.png'
43:03.030  render           | Saved: '/tmp/clearvla_eval_glass_39349.png'
43:03.718  render           | Saved: '/tmp/clearvla_eval_glass_39349.png'
43:04.218  render           | Saved: '/tmp/clearvla_eval_glass_39349.png'
43:05.345  render           | Saved: '/tmp/clearvla_eval_glass_39349.png'
43:06.118  render           | Saved: '/tmp/clearvla_eval_glass_39349.png'
43:09.765  render           | Saved: '/tmp/clearvla_eval_glass_39349.png'
43:10.449  render           | Saved: '/tmp/clearvla_eval_glass_39349.png'
43:11.123  render           | Saved: '/tmp/clearvla_eval_glass_39349.png'
43:11.520  render           | Saved: '/tmp/clearvla_eval_glass_39349.png'
43:12.107  render           | Saved: '/tmp/clearvla_eval_glass_39349.png'
43:12.590  render           | Saved: '/tmp/clearvla_eval_glass_39349.png'
43:13.801  render           | Saved: '/tmp/clearvla_eval_glass_39349.png'
43:14.631  render           | Saved: '/tmp/clearvla_eval_glass_39349.png'
43:16.081  render           | Saved: '/tmp/clearvla_eval_glass_39349.png'
43:16.543  render           | Saved: '/tmp/clearvla_eval_glass_39349.png'
43:17.034  render           | Saved: '/tmp/clearvla_eval_glass_39349.png'
43:17.494  render           | Saved: '/tmp/clearvla_eval_glass_39349.png'
43:18.150  render           | Saved: '/tmp/clearvla_eval_glass_39349.png'
43:18.952  render           | Saved: '/tmp/clearvla_eval_glass_39349.png'
43:20.025  render           | Saved: '/tmp/clearvla_eval_glass_39349.png'
43:21.102  render           | Saved: '/tmp/clearvla_eval_glass_39349.png'
43:24.848  render           | Saved: '/tmp/clearvla_eval_glass_39349.png'
43:26.072  render           | Saved: '/tmp/clearvla_eval_glass_39349.png'
43:29.356  render           | Saved: '/tmp/clearvla_eval_glass_39349.png'
43:29.913  render           | Saved: '/tmp/clearvla_eval_glass_39349.png'
43:31.445  render           | Saved: '/tmp/clearvla_eval_glass_39349.png'
43:32.113  render           | Saved: '/tmp/clearvla_eval_glass_39349.png'
43:35.128  render           | Saved: '/tmp/clearvla_eval_glass_39349.png'
43:35.750  render           | Saved: '/tmp/clearvla_eval_glass_39349.png'
43:36.681  render           | Saved: '/tmp/clearvla_eval_glass_39349.png'
43:37.151  render           | Saved: '/tmp/clearvla_eval_glass_39349.png'
43:37.671  render           | Saved: '/tmp/clearvla_eval_glass_39349.png'
43:39.106  render           | Saved: '/tmp/clearvla_eval_glass_39349.png'
43:43.561  render           | Saved: '/tmp/clearvla_eval_glass_39349.png'
43:44.562  render           | Saved: '/tmp/clearvla_eval_glass_39349.png'
43:48.228  render           | Saved: '/tmp/clearvla_eval_glass_39349.png'
43:48.746  render           | Saved: '/tmp/clearvla_eval_glass_39349.png'
43:49.346  render           | Saved: '/tmp/clearvla_eval_glass_39349.png'
43:49.786  render           | Saved: '/tmp/clearvla_eval_glass_39349.png'
43:51.089  render           | Saved: '/tmp/clearvla_eval_glass_39349.png'
43:51.829  render           | Saved: '/tmp/clearvla_eval_glass_39349.png'
43:52.641  render           | Saved: '/tmp/clearvla_eval_glass_39349.png'
43:53.021  render           | Saved: '/tmp/clearvla_eval_glass_39349.png'
43:53.914  render           | Saved: '/tmp/clearvla_eval_glass_39349.png'
43:54.379  render           | Saved: '/tmp/clearvla_eval_glass_39349.png'
43:54.935  render           | Saved: '/tmp/clearvla_eval_glass_39349.png'
43:55.319  render           | Saved: '/tmp/clearvla_eval_glass_39349.png'
43:55.840  render           | Saved: '/tmp/clearvla_eval_glass_39349.png'
43:56.235  render           | Saved: '/tmp/clearvla_eval_glass_39349.png'
43:59.380  render           | Saved: '/tmp/clearvla_eval_glass_39349.png'
44:00.104  render           | Saved: '/tmp/clearvla_eval_glass_39349.png'
44:05.047  render           | Saved: '/tmp/clearvla_eval_glass_39349.png'
44:05.644  render           | Saved: '/tmp/clearvla_eval_glass_39349.png'
44:06.544  render           | Saved: '/tmp/clearvla_eval_glass_39349.png'
44:07.004  render           | Saved: '/tmp/clearvla_eval_glass_39349.png'
44:07.471  render           | Saved: '/tmp/clearvla_eval_glass_39349.png'
44:07.908  render           | Saved: '/tmp/clearvla_eval_glass_39349.png'
44:08.428  render           | Saved: '/tmp/clearvla_eval_glass_39349.png'
44:09.515  render           | Saved: '/tmp/clearvla_eval_glass_39349.png'
44:11.646  render           | Saved: '/tmp/clearvla_eval_glass_39349.png'
44:12.386  render           | Saved: '/tmp/clearvla_eval_glass_39349.png'
44:13.100  render           | Saved: '/tmp/clearvla_eval_glass_39349.png'
44:13.703  render           | Saved: '/tmp/clearvla_eval_glass_39349.png'
44:14.204  render           | Saved: '/tmp/clearvla_eval_glass_39349.png'
44:14.662  render           | Saved: '/tmp/clearvla_eval_glass_39349.png'
44:15.188  render           | Saved: '/tmp/clearvla_eval_glass_39349.png'
44:15.818  render           | Saved: '/tmp/clearvla_eval_glass_39349.png'
44:17.031  render           | Saved: '/tmp/clearvla_eval_glass_39349.png'
44:17.575  render           | Saved: '/tmp/clearvla_eval_glass_39349.png'
44:18.755  render           | Saved: '/tmp/clearvla_eval_glass_39349.png'
44:19.342  render           | Saved: '/tmp/clearvla_eval_glass_39349.png'
44:21.098  render           | Saved: '/tmp/clearvla_eval_glass_39349.png'
44:21.554  render           | Saved: '/tmp/clearvla_eval_glass_39349.png'
44:22.027  render           | Saved: '/tmp/clearvla_eval_glass_39349.png'
44:22.476  render           | Saved: '/tmp/clearvla_eval_glass_39349.png'
44:22.946  render           | Saved: '/tmp/clearvla_eval_glass_39349.png'
44:24.292  render           | Saved: '/tmp/clearvla_eval_glass_39349.png'
44:25.293  render           | Saved: '/tmp/clearvla_eval_glass_39349.png'
44:25.785  render           | Saved: '/tmp/clearvla_eval_glass_39349.png'
44:26.486  render           | Saved: '/tmp/clearvla_eval_glass_39349.png'
44:26.955  render           | Saved: '/tmp/clearvla_eval_glass_39349.png'
44:27.441  render           | Saved: '/tmp/clearvla_eval_glass_39349.png'
44:28.427  render           | Saved: '/tmp/clearvla_eval_glass_39349.png'
44:28.960  render           | Saved: '/tmp/clearvla_eval_glass_39349.png'
44:30.072  render           | Saved: '/tmp/clearvla_eval_glass_39349.png'
44:32.380  render           | Saved: '/tmp/clearvla_eval_glass_39349.png'
44:32.930  render           | Saved: '/tmp/clearvla_eval_glass_39349.png'
44:33.585  render           | Saved: '/tmp/clearvla_eval_glass_39349.png'
44:34.069  render           | Saved: '/tmp/clearvla_eval_glass_39349.png'
44:34.568  render           | Saved: '/tmp/clearvla_eval_glass_39349.png'
44:35.025  render           | Saved: '/tmp/clearvla_eval_glass_39349.png'
44:35.909  render           | Saved: '/tmp/clearvla_eval_glass_39349.png'
44:36.486  render           | Saved: '/tmp/clearvla_eval_glass_39349.png'
44:37.073  render           | Saved: '/tmp/clearvla_eval_glass_39349.png'
44:38.443  render           | Saved: '/tmp/clearvla_eval_glass_39349.png'
44:42.817  render           | Saved: '/tmp/clearvla_eval_glass_39349.png'
44:43.457  render           | Saved: '/tmp/clearvla_eval_glass_39349.png'
44:44.124  render           | Saved: '/tmp/clearvla_eval_glass_39349.png'
44:44.620  render           | Saved: '/tmp/clearvla_eval_glass_39349.png'
44:45.319  render           | Saved: '/tmp/clearvla_eval_glass_39349.png'
44:46.089  render           | Saved: '/tmp/clearvla_eval_glass_39349.png'
44:46.895  render           | Saved: '/tmp/clearvla_eval_glass_39349.png'
44:47.345  render           | Saved: '/tmp/clearvla_eval_glass_39349.png'
44:48.201  render           | Saved: '/tmp/clearvla_eval_glass_39349.png'
44:48.654  render           | Saved: '/tmp/clearvla_eval_glass_39349.png'
44:49.642  render           | Saved: '/tmp/clearvla_eval_glass_39349.png'
44:50.387  render           | Saved: '/tmp/clearvla_eval_glass_39349.png'
44:52.713  render           | Saved: '/tmp/clearvla_eval_glass_39349.png'
44:53.595  render           | Saved: '/tmp/clearvla_eval_glass_39349.png'
44:54.451  render           | Saved: '/tmp/clearvla_eval_glass_39349.png'
44:55.444  render           | Saved: '/tmp/clearvla_eval_glass_39349.png'
44:57.652  render           | Saved: '/tmp/clearvla_eval_glass_39349.png'
44:58.352  render           | Saved: '/tmp/clearvla_eval_glass_39349.png'
44:59.582  render           | Saved: '/tmp/clearvla_eval_glass_39349.png'
45:00.833  render           | Saved: '/tmp/clearvla_eval_glass_39349.png'
45:01.435  render           | Saved: '/tmp/clearvla_eval_glass_39349.png'
45:02.564  render           | Saved: '/tmp/clearvla_eval_glass_39349.png'
45:04.749  render           | Saved: '/tmp/clearvla_eval_glass_39349.png'
45:05.278  render           | Saved: '/tmp/clearvla_eval_glass_39349.png'
45:05.941  render           | Saved: '/tmp/clearvla_eval_glass_39349.png'
45:06.423  render           | Saved: '/tmp/clearvla_eval_glass_39349.png'
45:07.682  render           | Saved: '/tmp/clearvla_eval_glass_39349.png'
45:08.387  render           | Saved: '/tmp/clearvla_eval_glass_39349.png'
45:09.633  render           | Saved: '/tmp/clearvla_eval_glass_39349.png'
45:10.087  render           | Saved: '/tmp/clearvla_eval_glass_39349.png'
45:12.806  render           | Saved: '/tmp/clearvla_eval_glass_39349.png'
45:13.546  render           | Saved: '/tmp/clearvla_eval_glass_39349.png'
45:18.426  render           | Saved: '/tmp/clearvla_eval_glass_39349.png'
45:19.435  render           | Saved: '/tmp/clearvla_eval_glass_39349.png'
45:22.766  render           | Saved: '/tmp/clearvla_eval_glass_39349.png'
45:23.657  render           | Saved: '/tmp/clearvla_eval_glass_39349.png'
45:26.331  render           | Saved: '/tmp/clearvla_eval_glass_39349.png'
45:27.129  render           | Saved: '/tmp/clearvla_eval_glass_39349.png'
45:27.881  render           | Saved: '/tmp/clearvla_eval_glass_39349.png'
45:28.827  render           | Saved: '/tmp/clearvla_eval_glass_39349.png'
45:29.608  render           | Saved: '/tmp/clearvla_eval_glass_39349.png'
45:30.322  render           | Saved: '/tmp/clearvla_eval_glass_39349.png'
45:31.107  render           | Saved: '/tmp/clearvla_eval_glass_39349.png'
45:32.402  render           | Saved: '/tmp/clearvla_eval_glass_39349.png'
45:35.453  render           | Saved: '/tmp/clearvla_eval_glass_39349.png'
45:36.386  render           | Saved: '/tmp/clearvla_eval_glass_39349.png'
45:38.163  render           | Saved: '/tmp/clearvla_eval_glass_39349.png'
45:39.297  render           | Saved: '/tmp/clearvla_eval_glass_39349.png'
45:42.545  render           | Saved: '/tmp/clearvla_eval_glass_39349.png'
45:43.029  render           | Saved: '/tmp/clearvla_eval_glass_39349.png'
45:43.608  render           | Saved: '/tmp/clearvla_eval_glass_39349.png'
45:44.399  render           | Saved: '/tmp/clearvla_eval_glass_39349.png'
45:45.121  render           | Saved: '/tmp/clearvla_eval_glass_39349.png'
45:46.270  render           | Saved: '/tmp/clearvla_eval_glass_39349.png'
45:48.473  render           | Saved: '/tmp/clearvla_eval_glass_39349.png'
45:49.654  render           | Saved: '/tmp/clearvla_eval_glass_39349.png'
45:52.098  render           | Saved: '/tmp/clearvla_eval_glass_39349.png'
45:52.692  render           | Saved: '/tmp/clearvla_eval_glass_39349.png'
45:53.500  render           | Saved: '/tmp/clearvla_eval_glass_39349.png'
45:54.152  render           | Saved: '/tmp/clearvla_eval_glass_39349.png'
45:55.367  render           | Saved: '/tmp/clearvla_eval_glass_39349.png'
45:56.114  render           | Saved: '/tmp/clearvla_eval_glass_39349.png'
45:58.018  render           | Saved: '/tmp/clearvla_eval_glass_39349.png'
45:58.489  render           | Saved: '/tmp/clearvla_eval_glass_39349.png'
45:59.003  render           | Saved: '/tmp/clearvla_eval_glass_39349.png'
46:00.248  render           | Saved: '/tmp/clearvla_eval_glass_39349.png'
46:02.152  render           | Saved: '/tmp/clearvla_eval_glass_39349.png'
46:02.817  render           | Saved: '/tmp/clearvla_eval_glass_39349.png'
46:03.503  render           | Saved: '/tmp/clearvla_eval_glass_39349.png'
46:03.995  render           | Saved: '/tmp/clearvla_eval_glass_39349.png'
46:04.535  render           | Saved: '/tmp/clearvla_eval_glass_39349.png'
46:05.040  render           | Saved: '/tmp/clearvla_eval_glass_39349.png'
46:06.358  render           | Saved: '/tmp/clearvla_eval_glass_39349.png'
46:07.108  render           | Saved: '/tmp/clearvla_eval_glass_39349.png'
46:08.717  render           | Saved: '/tmp/clearvla_eval_glass_39349.png'
46:09.442  render           | Saved: '/tmp/clearvla_eval_glass_39349.png'
46:15.305  render           | Saved: '/tmp/clearvla_eval_glass_39349.png'
46:15.982  render           | Saved: '/tmp/clearvla_eval_glass_39349.png'
46:16.707  render           | Saved: '/tmp/clearvla_eval_glass_39349.png'
46:17.141  render           | Saved: '/tmp/clearvla_eval_glass_39349.png'
46:17.641  render           | Saved: '/tmp/clearvla_eval_glass_39349.png'
46:18.093  render           | Saved: '/tmp/clearvla_eval_glass_39349.png'
46:18.619  render           | Saved: '/tmp/clearvla_eval_glass_39349.png'
46:20.295  render           | Saved: '/tmp/clearvla_eval_glass_39349.png'
46:25.794  render           | Saved: '/tmp/clearvla_eval_glass_39349.png'
46:26.554  render           | Saved: '/tmp/clearvla_eval_glass_39349.png'
46:27.332  render           | Saved: '/tmp/clearvla_eval_glass_39349.png'
46:29.629  render           | Saved: '/tmp/clearvla_eval_glass_39349.png'
46:33.746  render           | Saved: '/tmp/clearvla_eval_glass_39349.png'
46:34.724  render           | Saved: '/tmp/clearvla_eval_glass_39349.png'
46:37.602  render           | Saved: '/tmp/clearvla_eval_glass_39349.png'
46:38.386  render           | Saved: '/tmp/clearvla_eval_glass_39349.png'
46:41.485  render           | Saved: '/tmp/clearvla_eval_glass_39349.png'
46:42.334  render           | Saved: '/tmp/clearvla_eval_glass_39349.png'
46:45.698  render           | Saved: '/tmp/clearvla_eval_glass_39349.png'
46:47.101  render           | Saved: '/tmp/clearvla_eval_glass_39349.png'
46:49.284  render           | Saved: '/tmp/clearvla_eval_glass_39349.png'
46:50.235  render           | Saved: '/tmp/clearvla_eval_glass_39349.png'
46:54.927  render           | Saved: '/tmp/clearvla_eval_glass_39349.png'
46:55.816  render           | Saved: '/tmp/clearvla_eval_glass_39349.png'
46:56.645  render           | Saved: '/tmp/clearvla_eval_glass_39349.png'
46:57.148  render           | Saved: '/tmp/clearvla_eval_glass_39349.png'
46:57.703  render           | Saved: '/tmp/clearvla_eval_glass_39349.png'
46:58.175  render           | Saved: '/tmp/clearvla_eval_glass_39349.png'
46:58.708  render           | Saved: '/tmp/clearvla_eval_glass_39349.png'
46:59.261  render           | Saved: '/tmp/clearvla_eval_glass_39349.png'
47:01.508  render           | Saved: '/tmp/clearvla_eval_glass_39349.png'
47:01.983  render           | Saved: '/tmp/clearvla_eval_glass_39349.png'
47:02.570  render           | Saved: '/tmp/clearvla_eval_glass_39349.png'
47:03.066  render           | Saved: '/tmp/clearvla_eval_glass_39349.png'
47:03.915  render           | Saved: '/tmp/clearvla_eval_glass_39349.png'
47:04.458  render           | Saved: '/tmp/clearvla_eval_glass_39349.png'
47:05.114  render           | Saved: '/tmp/clearvla_eval_glass_39349.png'
47:05.624  render           | Saved: '/tmp/clearvla_eval_glass_39349.png'
47:06.134  render           | Saved: '/tmp/clearvla_eval_glass_39349.png'
47:06.659  render           | Saved: '/tmp/clearvla_eval_glass_39349.png'
47:07.203  render           | Saved: '/tmp/clearvla_eval_glass_39349.png'
47:07.799  render           | Saved: '/tmp/clearvla_eval_glass_39349.png'
47:08.425  render           | Saved: '/tmp/clearvla_eval_glass_39349.png'
47:08.928  render           | Saved: '/tmp/clearvla_eval_glass_39349.png'
47:09.483  render           | Saved: '/tmp/clearvla_eval_glass_39349.png'
47:09.941  render           | Saved: '/tmp/clearvla_eval_glass_39349.png'
47:10.482  render           | Saved: '/tmp/clearvla_eval_glass_39349.png'
47:10.920  render           | Saved: '/tmp/clearvla_eval_glass_39349.png'
47:11.485  render           | Saved: '/tmp/clearvla_eval_glass_39349.png'
47:11.889  render           | Saved: '/tmp/clearvla_eval_glass_39349.png'
47:12.458  render           | Saved: '/tmp/clearvla_eval_glass_39349.png'
47:12.852  render           | Saved: '/tmp/clearvla_eval_glass_39349.png'
47:13.421  render           | Saved: '/tmp/clearvla_eval_glass_39349.png'
47:13.806  render           | Saved: '/tmp/clearvla_eval_glass_39349.png'
47:14.370  render           | Saved: '/tmp/clearvla_eval_glass_39349.png'
47:14.755  render           | Saved: '/tmp/clearvla_eval_glass_39349.png'
47:15.310  render           | Saved: '/tmp/clearvla_eval_glass_39349.png'
47:15.711  render           | Saved: '/tmp/clearvla_eval_glass_39349.png'
47:16.274  render           | Saved: '/tmp/clearvla_eval_glass_39349.png'
47:16.717  render           | Saved: '/tmp/clearvla_eval_glass_39349.png'
47:17.321  render           | Saved: '/tmp/clearvla_eval_glass_39349.png'
47:17.710  render           | Saved: '/tmp/clearvla_eval_glass_39349.png'
47:18.270  render           | Saved: '/tmp/clearvla_eval_glass_39349.png'
47:18.665  render           | Saved: '/tmp/clearvla_eval_glass_39349.png'
47:19.220  render           | Saved: '/tmp/clearvla_eval_glass_39349.png'
47:19.636  render           | Saved: '/tmp/clearvla_eval_glass_39349.png'
47:20.231  render           | Saved: '/tmp/clearvla_eval_glass_39349.png'
47:20.654  render           | Saved: '/tmp/clearvla_eval_glass_39349.png'
47:21.337  render           | Saved: '/tmp/clearvla_eval_glass_39349.png'
47:21.819  render           | Saved: '/tmp/clearvla_eval_glass_39349.png'
47:22.405  render           | Saved: '/tmp/clearvla_eval_glass_39349.png'
47:22.861  render           | Saved: '/tmp/clearvla_eval_glass_39349.png'
47:23.427  render           | Saved: '/tmp/clearvla_eval_glass_39349.png'
47:23.886  render           | Saved: '/tmp/clearvla_eval_glass_39349.png'
47:24.377  render           | Saved: '/tmp/clearvla_eval_glass_39349.png'
47:24.826  render           | Saved: '/tmp/clearvla_eval_glass_39349.png'
47:25.323  render           | Saved: '/tmp/clearvla_eval_glass_39349.png'
47:25.787  render           | Saved: '/tmp/clearvla_eval_glass_39349.png'
47:26.288  render           | Saved: '/tmp/clearvla_eval_glass_39349.png'
47:26.759  render           | Saved: '/tmp/clearvla_eval_glass_39349.png'
47:27.239  render           | Saved: '/tmp/clearvla_eval_glass_39349.png'
47:27.685  render           | Saved: '/tmp/clearvla_eval_glass_39349.png'
47:28.178  render           | Saved: '/tmp/clearvla_eval_glass_39349.png'
47:28.624  render           | Saved: '/tmp/clearvla_eval_glass_39349.png'
47:29.150  render           | Saved: '/tmp/clearvla_eval_glass_39349.png'
47:29.658  render           | Saved: '/tmp/clearvla_eval_glass_39349.png'
47:30.150  render           | Saved: '/tmp/clearvla_eval_glass_39349.png'
47:30.620  render           | Saved: '/tmp/clearvla_eval_glass_39349.png'
47:31.143  render           | Saved: '/tmp/clearvla_eval_glass_39349.png'
47:31.642  render           | Saved: '/tmp/clearvla_eval_glass_39349.png'
47:32.153  render           | Saved: '/tmp/clearvla_eval_glass_39349.png'
47:32.630  render           | Saved: '/tmp/clearvla_eval_glass_39349.png'
47:33.145  render           | Saved: '/tmp/clearvla_eval_glass_39349.png'
47:33.639  render           | Saved: '/tmp/clearvla_eval_glass_39349.png'
47:34.131  render           | Saved: '/tmp/clearvla_eval_glass_39349.png'
47:34.623  render           | Saved: '/tmp/clearvla_eval_glass_39349.png'
47:35.155  render           | Saved: '/tmp/clearvla_eval_glass_39349.png'
47:35.667  render           | Saved: '/tmp/clearvla_eval_glass_39349.png'
47:36.212  render           | Saved: '/tmp/clearvla_eval_glass_39349.png'
47:36.779  render           | Saved: '/tmp/clearvla_eval_glass_39349.png'
47:37.427  render           | Saved: '/tmp/clearvla_eval_glass_39349.png'
47:37.914  render           | Saved: '/tmp/clearvla_eval_glass_39349.png'
47:38.546  render           | Saved: '/tmp/clearvla_eval_glass_39349.png'
47:39.002  render           | Saved: '/tmp/clearvla_eval_glass_39349.png'
47:39.632  render           | Saved: '/tmp/clearvla_eval_glass_39349.png'
47:40.103  render           | Saved: '/tmp/clearvla_eval_glass_39349.png'
47:41.457  render           | Saved: '/tmp/clearvla_eval_glass_39349.png'
47:41.963  render           | Saved: '/tmp/clearvla_eval_glass_39349.png'
47:42.580  render           | Saved: '/tmp/clearvla_eval_glass_39349.png'
47:43.146  render           | Saved: '/tmp/clearvla_eval_glass_39349.png'
47:43.777  render           | Saved: '/tmp/clearvla_eval_glass_39349.png'
47:44.275  render           | Saved: '/tmp/clearvla_eval_glass_39349.png'
47:44.919  render           | Saved: '/tmp/clearvla_eval_glass_39349.png'
47:45.415  render           | Saved: '/tmp/clearvla_eval_glass_39349.png'
47:46.028  render           | Saved: '/tmp/clearvla_eval_glass_39349.png'
47:46.506  render           | Saved: '/tmp/clearvla_eval_glass_39349.png'
47:47.037  render           | Saved: '/tmp/clearvla_eval_glass_39349.png'
47:47.528  render           | Saved: '/tmp/clearvla_eval_glass_39349.png'
47:48.067  render           | Saved: '/tmp/clearvla_eval_glass_39349.png'
47:48.589  render           | Saved: '/tmp/clearvla_eval_glass_39349.png'
47:49.181  render           | Saved: '/tmp/clearvla_eval_glass_39349.png'
47:49.656  render           | Saved: '/tmp/clearvla_eval_glass_39349.png'
47:50.222  render           | Saved: '/tmp/clearvla_eval_glass_39349.png'
47:50.634  render           | Saved: '/tmp/clearvla_eval_glass_39349.png'
47:51.205  render           | Saved: '/tmp/clearvla_eval_glass_39349.png'
47:51.585  render           | Saved: '/tmp/clearvla_eval_glass_39349.png'
47:52.143  render           | Saved: '/tmp/clearvla_eval_glass_39349.png'
47:52.530  render           | Saved: '/tmp/clearvla_eval_glass_39349.png'
47:53.085  render           | Saved: '/tmp/clearvla_eval_glass_39349.png'
47:53.474  render           | Saved: '/tmp/clearvla_eval_glass_39349.png'
47:54.019  render           | Saved: '/tmp/clearvla_eval_glass_39349.png'
47:54.410  render           | Saved: '/tmp/clearvla_eval_glass_39349.png'
47:55.002  render           | Saved: '/tmp/clearvla_eval_glass_39349.png'
47:55.404  render           | Saved: '/tmp/clearvla_eval_glass_39349.png'
47:55.988  render           | Saved: '/tmp/clearvla_eval_glass_39349.png'
47:56.450  render           | Saved: '/tmp/clearvla_eval_glass_39349.png'
47:56.988  render           | Saved: '/tmp/clearvla_eval_glass_39349.png'
47:57.444  render           | Saved: '/tmp/clearvla_eval_glass_39349.png'
47:57.984  render           | Saved: '/tmp/clearvla_eval_glass_39349.png'
47:58.460  render           | Saved: '/tmp/clearvla_eval_glass_39349.png'
47:58.947  render           | Saved: '/tmp/clearvla_eval_glass_39349.png'
47:59.414  render           | Saved: '/tmp/clearvla_eval_glass_39349.png'
47:59.892  render           | Saved: '/tmp/clearvla_eval_glass_39349.png'
48:00.371  render           | Saved: '/tmp/clearvla_eval_glass_39349.png'
48:00.870  render           | Saved: '/tmp/clearvla_eval_glass_39349.png'
48:01.352  render           | Saved: '/tmp/clearvla_eval_glass_39349.png'
48:01.905  render           | Saved: '/tmp/clearvla_eval_glass_39349.png'
48:02.394  render           | Saved: '/tmp/clearvla_eval_glass_39349.png'
48:02.937  render           | Saved: '/tmp/clearvla_eval_glass_39349.png'
48:03.406  render           | Saved: '/tmp/clearvla_eval_glass_39349.png'
48:03.960  render           | Saved: '/tmp/clearvla_eval_glass_39349.png'
48:04.364  render           | Saved: '/tmp/clearvla_eval_glass_39349.png'
48:04.899  render           | Saved: '/tmp/clearvla_eval_glass_39349.png'
48:05.300  render           | Saved: '/tmp/clearvla_eval_glass_39349.png'
48:05.857  render           | Saved: '/tmp/clearvla_eval_glass_39349.png'
48:06.250  render           | Saved: '/tmp/clearvla_eval_glass_39349.png'
48:06.808  render           | Saved: '/tmp/clearvla_eval_glass_39349.png'
48:07.191  render           | Saved: '/tmp/clearvla_eval_glass_39349.png'
48:07.716  render           | Saved: '/tmp/clearvla_eval_glass_39349.png'
48:08.113  render           | Saved: '/tmp/clearvla_eval_glass_39349.png'
48:08.669  render           | Saved: '/tmp/clearvla_eval_glass_39349.png'
48:09.085  render           | Saved: '/tmp/clearvla_eval_glass_39349.png'
48:09.664  render           | Saved: '/tmp/clearvla_eval_glass_39349.png'
48:10.129  render           | Saved: '/tmp/clearvla_eval_glass_39349.png'
48:10.678  render           | Saved: '/tmp/clearvla_eval_glass_39349.png'
48:11.144  render           | Saved: '/tmp/clearvla_eval_glass_39349.png'
48:11.654  render           | Saved: '/tmp/clearvla_eval_glass_39349.png'
48:12.123  render           | Saved: '/tmp/clearvla_eval_glass_39349.png'
48:12.615  render           | Saved: '/tmp/clearvla_eval_glass_39349.png'
48:13.097  render           | Saved: '/tmp/clearvla_eval_glass_39349.png'
48:13.608  render           | Saved: '/tmp/clearvla_eval_glass_39349.png'
48:14.117  render           | Saved: '/tmp/clearvla_eval_glass_39349.png'
48:14.681  render           | Saved: '/tmp/clearvla_eval_glass_39349.png'
48:15.176  render           | Saved: '/tmp/clearvla_eval_glass_39349.png'
48:15.753  render           | Saved: '/tmp/clearvla_eval_glass_39349.png'
48:16.161  render           | Saved: '/tmp/clearvla_eval_glass_39349.png'
48:16.745  render           | Saved: '/tmp/clearvla_eval_glass_39349.png'
48:17.154  render           | Saved: '/tmp/clearvla_eval_glass_39349.png'
48:17.768  render           | Saved: '/tmp/clearvla_eval_glass_39349.png'
48:18.256  render           | Saved: '/tmp/clearvla_eval_glass_39349.png'
48:18.828  render           | Saved: '/tmp/clearvla_eval_glass_39349.png'
48:19.305  render           | Saved: '/tmp/clearvla_eval_glass_39349.png'
[full/glass] pour: 1/20  (48.2 min, 38.5 s/ep)
done 40 new episodes in 48.2 min -> /Users/yogyamehrotra/Desktop/ClearVLA/results/week3/interim_v2/full_glass.jsonl
