[transformers] Model config: bos_token_id must be `None` or an integer within the vocabulary (between 0 and 31999), got 49406. This may result in unexpected behavior.
[transformers] Model config: eos_token_id must be `None` or an integer within the vocabulary (between 0 and 31999), got 49407. This may result in unexpected behavior.
Loading weights:   0%|          | 0/408 [00:00<?, ?it/s]Loading weights: 100%|██████████| 408/408 [00:00<00:00, 10425.46it/s]
00:09.307  render           | Saved: '/tmp/clearvla_eval_opaque_66846.png'
00:10.079  render           | Saved: '/tmp/clearvla_eval_opaque_66846.png'
/Users/yogyamehrotra/miniconda3/envs/clearvla/lib/python3.11/site-packages/transformers/image_processing_backends.py:135: UserWarning: The given NumPy array is not writable, and PyTorch does not support non-writable tensors. This means writing to this tensor will result in undefined behavior. You may want to copy the array to protect its data or make it writable before converting it to a tensor. This type of warning will be suppressed for the rest of this program. (Triggered internally at /Users/runner/work/pytorch/pytorch/torch/csrc/utils/tensor_numpy.cpp:219.)
  image = torch.from_numpy(image).contiguous()
00:13.921  render           | Saved: '/tmp/clearvla_eval_opaque_66846.png'
00:14.287  render           | Saved: '/tmp/clearvla_eval_opaque_66846.png'
00:14.942  render           | Saved: '/tmp/clearvla_eval_opaque_66846.png'
00:15.389  render           | Saved: '/tmp/clearvla_eval_opaque_66846.png'
00:15.898  render           | Saved: '/tmp/clearvla_eval_opaque_66846.png'
00:16.266  render           | Saved: '/tmp/clearvla_eval_opaque_66846.png'
00:16.733  render           | Saved: '/tmp/clearvla_eval_opaque_66846.png'
00:17.103  render           | Saved: '/tmp/clearvla_eval_opaque_66846.png'
00:17.540  render           | Saved: '/tmp/clearvla_eval_opaque_66846.png'
00:18.011  render           | Saved: '/tmp/clearvla_eval_opaque_66846.png'
00:18.505  render           | Saved: '/tmp/clearvla_eval_opaque_66846.png'
00:19.208  render           | Saved: '/tmp/clearvla_eval_opaque_66846.png'
00:19.691  render           | Saved: '/tmp/clearvla_eval_opaque_66846.png'
00:20.142  render           | Saved: '/tmp/clearvla_eval_opaque_66846.png'
00:20.649  render           | Saved: '/tmp/clearvla_eval_opaque_66846.png'
00:21.125  render           | Saved: '/tmp/clearvla_eval_opaque_66846.png'
00:21.610  render           | Saved: '/tmp/clearvla_eval_opaque_66846.png'
00:22.034  render           | Saved: '/tmp/clearvla_eval_opaque_66846.png'
00:22.542  render           | Saved: '/tmp/clearvla_eval_opaque_66846.png'
00:22.922  render           | Saved: '/tmp/clearvla_eval_opaque_66846.png'
00:23.409  render           | Saved: '/tmp/clearvla_eval_opaque_66846.png'
00:23.769  render           | Saved: '/tmp/clearvla_eval_opaque_66846.png'
00:24.209  render           | Saved: '/tmp/clearvla_eval_opaque_66846.png'
00:24.575  render           | Saved: '/tmp/clearvla_eval_opaque_66846.png'
00:25.092  render           | Saved: '/tmp/clearvla_eval_opaque_66846.png'
00:25.505  render           | Saved: '/tmp/clearvla_eval_opaque_66846.png'
00:25.978  render           | Saved: '/tmp/clearvla_eval_opaque_66846.png'
00:26.437  render           | Saved: '/tmp/clearvla_eval_opaque_66846.png'
00:27.577  render           | Saved: '/tmp/clearvla_eval_opaque_66846.png'
00:28.006  render           | Saved: '/tmp/clearvla_eval_opaque_66846.png'
00:28.599  render           | Saved: '/tmp/clearvla_eval_opaque_66846.png'
00:29.077  render           | Saved: '/tmp/clearvla_eval_opaque_66846.png'
00:29.622  render           | Saved: '/tmp/clearvla_eval_opaque_66846.png'
00:30.105  render           | Saved: '/tmp/clearvla_eval_opaque_66846.png'
00:30.668  render           | Saved: '/tmp/clearvla_eval_opaque_66846.png'
00:31.100  render           | Saved: '/tmp/clearvla_eval_opaque_66846.png'
00:31.555  render           | Saved: '/tmp/clearvla_eval_opaque_66846.png'
00:31.918  render           | Saved: '/tmp/clearvla_eval_opaque_66846.png'
00:32.355  render           | Saved: '/tmp/clearvla_eval_opaque_66846.png'
00:32.722  render           | Saved: '/tmp/clearvla_eval_opaque_66846.png'
00:33.203  render           | Saved: '/tmp/clearvla_eval_opaque_66846.png'
00:33.670  render           | Saved: '/tmp/clearvla_eval_opaque_66846.png'
00:34.176  render           | Saved: '/tmp/clearvla_eval_opaque_66846.png'
00:34.634  render           | Saved: '/tmp/clearvla_eval_opaque_66846.png'
00:35.131  render           | Saved: '/tmp/clearvla_eval_opaque_66846.png'
00:35.573  render           | Saved: '/tmp/clearvla_eval_opaque_66846.png'
00:36.036  render           | Saved: '/tmp/clearvla_eval_opaque_66846.png'
00:36.452  render           | Saved: '/tmp/clearvla_eval_opaque_66846.png'
00:36.999  render           | Saved: '/tmp/clearvla_eval_opaque_66846.png'
00:37.496  render           | Saved: '/tmp/clearvla_eval_opaque_66846.png'
00:38.020  render           | Saved: '/tmp/clearvla_eval_opaque_66846.png'
00:38.446  render           | Saved: '/tmp/clearvla_eval_opaque_66846.png'
00:38.919  render           | Saved: '/tmp/clearvla_eval_opaque_66846.png'
00:39.333  render           | Saved: '/tmp/clearvla_eval_opaque_66846.png'
00:39.865  render           | Saved: '/tmp/clearvla_eval_opaque_66846.png'
00:40.222  render           | Saved: '/tmp/clearvla_eval_opaque_66846.png'
00:41.426  render           | Saved: '/tmp/clearvla_eval_opaque_66846.png'
00:41.804  render           | Saved: '/tmp/clearvla_eval_opaque_66846.png'
00:42.297  render           | Saved: '/tmp/clearvla_eval_opaque_66846.png'
00:42.658  render           | Saved: '/tmp/clearvla_eval_opaque_66846.png'
00:43.122  render           | Saved: '/tmp/clearvla_eval_opaque_66846.png'
00:43.575  render           | Saved: '/tmp/clearvla_eval_opaque_66846.png'
00:44.118  render           | Saved: '/tmp/clearvla_eval_opaque_66846.png'
00:44.653  render           | Saved: '/tmp/clearvla_eval_opaque_66846.png'
00:45.240  render           | Saved: '/tmp/clearvla_eval_opaque_66846.png'
00:45.725  render           | Saved: '/tmp/clearvla_eval_opaque_66846.png'
00:46.236  render           | Saved: '/tmp/clearvla_eval_opaque_66846.png'
00:46.675  render           | Saved: '/tmp/clearvla_eval_opaque_66846.png'
00:47.116  render           | Saved: '/tmp/clearvla_eval_opaque_66846.png'
00:47.556  render           | Saved: '/tmp/clearvla_eval_opaque_66846.png'
00:48.046  render           | Saved: '/tmp/clearvla_eval_opaque_66846.png'
00:48.484  render           | Saved: '/tmp/clearvla_eval_opaque_66846.png'
00:49.034  render           | Saved: '/tmp/clearvla_eval_opaque_66846.png'
00:49.502  render           | Saved: '/tmp/clearvla_eval_opaque_66846.png'
00:50.065  render           | Saved: '/tmp/clearvla_eval_opaque_66846.png'
00:50.431  render           | Saved: '/tmp/clearvla_eval_opaque_66846.png'
00:50.859  render           | Saved: '/tmp/clearvla_eval_opaque_66846.png'
00:51.214  render           | Saved: '/tmp/clearvla_eval_opaque_66846.png'
00:51.648  render           | Saved: '/tmp/clearvla_eval_opaque_66846.png'
00:52.060  render           | Saved: '/tmp/clearvla_eval_opaque_66846.png'
00:52.491  render           | Saved: '/tmp/clearvla_eval_opaque_66846.png'
00:52.853  render           | Saved: '/tmp/clearvla_eval_opaque_66846.png'
00:53.309  render           | Saved: '/tmp/clearvla_eval_opaque_66846.png'
00:53.683  render           | Saved: '/tmp/clearvla_eval_opaque_66846.png'
00:54.136  render           | Saved: '/tmp/clearvla_eval_opaque_66846.png'
00:54.547  render           | Saved: '/tmp/clearvla_eval_opaque_66846.png'
00:55.005  render           | Saved: '/tmp/clearvla_eval_opaque_66846.png'
00:55.392  render           | Saved: '/tmp/clearvla_eval_opaque_66846.png'
00:55.850  render           | Saved: '/tmp/clearvla_eval_opaque_66846.png'
00:56.230  render           | Saved: '/tmp/clearvla_eval_opaque_66846.png'
00:56.697  render           | Saved: '/tmp/clearvla_eval_opaque_66846.png'
00:57.091  render           | Saved: '/tmp/clearvla_eval_opaque_66846.png'
00:57.644  render           | Saved: '/tmp/clearvla_eval_opaque_66846.png'
00:58.079  render           | Saved: '/tmp/clearvla_eval_opaque_66846.png'
00:58.600  render           | Saved: '/tmp/clearvla_eval_opaque_66846.png'
00:59.016  render           | Saved: '/tmp/clearvla_eval_opaque_66846.png'
00:59.503  render           | Saved: '/tmp/clearvla_eval_opaque_66846.png'
00:59.960  render           | Saved: '/tmp/clearvla_eval_opaque_66846.png'
01:00.446  render           | Saved: '/tmp/clearvla_eval_opaque_66846.png'
01:00.854  render           | Saved: '/tmp/clearvla_eval_opaque_66846.png'
01:01.352  render           | Saved: '/tmp/clearvla_eval_opaque_66846.png'
01:01.734  render           | Saved: '/tmp/clearvla_eval_opaque_66846.png'
01:02.190  render           | Saved: '/tmp/clearvla_eval_opaque_66846.png'
01:02.572  render           | Saved: '/tmp/clearvla_eval_opaque_66846.png'
01:03.020  render           | Saved: '/tmp/clearvla_eval_opaque_66846.png'
01:03.459  render           | Saved: '/tmp/clearvla_eval_opaque_66846.png'
01:03.947  render           | Saved: '/tmp/clearvla_eval_opaque_66846.png'
01:04.392  render           | Saved: '/tmp/clearvla_eval_opaque_66846.png'
01:04.975  render           | Saved: '/tmp/clearvla_eval_opaque_66846.png'
01:05.465  render           | Saved: '/tmp/clearvla_eval_opaque_66846.png'
01:05.981  render           | Saved: '/tmp/clearvla_eval_opaque_66846.png'
01:06.363  render           | Saved: '/tmp/clearvla_eval_opaque_66846.png'
01:06.811  render           | Saved: '/tmp/clearvla_eval_opaque_66846.png'
01:07.198  render           | Saved: '/tmp/clearvla_eval_opaque_66846.png'
01:07.695  render           | Saved: '/tmp/clearvla_eval_opaque_66846.png'
01:08.159  render           | Saved: '/tmp/clearvla_eval_opaque_66846.png'
01:08.637  render           | Saved: '/tmp/clearvla_eval_opaque_66846.png'
01:09.038  render           | Saved: '/tmp/clearvla_eval_opaque_66846.png'
01:09.499  render           | Saved: '/tmp/clearvla_eval_opaque_66846.png'
01:09.891  render           | Saved: '/tmp/clearvla_eval_opaque_66846.png'
01:10.321  render           | Saved: '/tmp/clearvla_eval_opaque_66846.png'
01:10.718  render           | Saved: '/tmp/clearvla_eval_opaque_66846.png'
01:11.200  render           | Saved: '/tmp/clearvla_eval_opaque_66846.png'
01:11.621  render           | Saved: '/tmp/clearvla_eval_opaque_66846.png'
01:12.090  render           | Saved: '/tmp/clearvla_eval_opaque_66846.png'
01:12.525  render           | Saved: '/tmp/clearvla_eval_opaque_66846.png'
01:13.003  render           | Saved: '/tmp/clearvla_eval_opaque_66846.png'
01:13.456  render           | Saved: '/tmp/clearvla_eval_opaque_66846.png'
01:13.952  render           | Saved: '/tmp/clearvla_eval_opaque_66846.png'
01:14.440  render           | Saved: '/tmp/clearvla_eval_opaque_66846.png'
01:14.925  render           | Saved: '/tmp/clearvla_eval_opaque_66846.png'
01:15.401  render           | Saved: '/tmp/clearvla_eval_opaque_66846.png'
01:16.466  render           | Saved: '/tmp/clearvla_eval_opaque_66846.png'
01:16.903  render           | Saved: '/tmp/clearvla_eval_opaque_66846.png'
01:17.383  render           | Saved: '/tmp/clearvla_eval_opaque_66846.png'
01:17.787  render           | Saved: '/tmp/clearvla_eval_opaque_66846.png'
01:18.451  render           | Saved: '/tmp/clearvla_eval_opaque_66846.png'
01:18.984  render           | Saved: '/tmp/clearvla_eval_opaque_66846.png'
01:19.450  render           | Saved: '/tmp/clearvla_eval_opaque_66846.png'
01:19.839  render           | Saved: '/tmp/clearvla_eval_opaque_66846.png'
01:20.291  render           | Saved: '/tmp/clearvla_eval_opaque_66846.png'
01:20.700  render           | Saved: '/tmp/clearvla_eval_opaque_66846.png'
01:21.178  render           | Saved: '/tmp/clearvla_eval_opaque_66846.png'
01:21.566  render           | Saved: '/tmp/clearvla_eval_opaque_66846.png'
01:22.061  render           | Saved: '/tmp/clearvla_eval_opaque_66846.png'
01:22.451  render           | Saved: '/tmp/clearvla_eval_opaque_66846.png'
01:22.961  render           | Saved: '/tmp/clearvla_eval_opaque_66846.png'
01:23.370  render           | Saved: '/tmp/clearvla_eval_opaque_66846.png'
01:23.886  render           | Saved: '/tmp/clearvla_eval_opaque_66846.png'
01:24.368  render           | Saved: '/tmp/clearvla_eval_opaque_66846.png'
01:24.977  render           | Saved: '/tmp/clearvla_eval_opaque_66846.png'
01:25.566  render           | Saved: '/tmp/clearvla_eval_opaque_66846.png'
01:26.189  render           | Saved: '/tmp/clearvla_eval_opaque_66846.png'
01:26.636  render           | Saved: '/tmp/clearvla_eval_opaque_66846.png'
01:27.173  render           | Saved: '/tmp/clearvla_eval_opaque_66846.png'
01:27.610  render           | Saved: '/tmp/clearvla_eval_opaque_66846.png'
01:28.152  render           | Saved: '/tmp/clearvla_eval_opaque_66846.png'
01:28.536  render           | Saved: '/tmp/clearvla_eval_opaque_66846.png'
01:29.083  render           | Saved: '/tmp/clearvla_eval_opaque_66846.png'
01:29.656  render           | Saved: '/tmp/clearvla_eval_opaque_66846.png'
01:30.142  render           | Saved: '/tmp/clearvla_eval_opaque_66846.png'
01:30.546  render           | Saved: '/tmp/clearvla_eval_opaque_66846.png'
01:31.534  render           | Saved: '/tmp/clearvla_eval_opaque_66846.png'
01:31.907  render           | Saved: '/tmp/clearvla_eval_opaque_66846.png'
01:32.378  render           | Saved: '/tmp/clearvla_eval_opaque_66846.png'
01:32.756  render           | Saved: '/tmp/clearvla_eval_opaque_66846.png'
01:33.199  render           | Saved: '/tmp/clearvla_eval_opaque_66846.png'
01:33.610  render           | Saved: '/tmp/clearvla_eval_opaque_66846.png'
01:34.100  render           | Saved: '/tmp/clearvla_eval_opaque_66846.png'
01:34.514  render           | Saved: '/tmp/clearvla_eval_opaque_66846.png'
01:35.038  render           | Saved: '/tmp/clearvla_eval_opaque_66846.png'
01:35.512  render           | Saved: '/tmp/clearvla_eval_opaque_66846.png'
01:36.053  render           | Saved: '/tmp/clearvla_eval_opaque_66846.png'
01:36.466  render           | Saved: '/tmp/clearvla_eval_opaque_66846.png'
01:37.017  render           | Saved: '/tmp/clearvla_eval_opaque_66846.png'
01:37.467  render           | Saved: '/tmp/clearvla_eval_opaque_66846.png'
01:38.032  render           | Saved: '/tmp/clearvla_eval_opaque_66846.png'
01:38.398  render           | Saved: '/tmp/clearvla_eval_opaque_66846.png'
01:38.845  render           | Saved: '/tmp/clearvla_eval_opaque_66846.png'
01:39.201  render           | Saved: '/tmp/clearvla_eval_opaque_66846.png'
01:39.652  render           | Saved: '/tmp/clearvla_eval_opaque_66846.png'
01:40.055  render           | Saved: '/tmp/clearvla_eval_opaque_66846.png'
01:40.585  render           | Saved: '/tmp/clearvla_eval_opaque_66846.png'
01:41.011  render           | Saved: '/tmp/clearvla_eval_opaque_66846.png'
01:41.543  render           | Saved: '/tmp/clearvla_eval_opaque_66846.png'
01:41.974  render           | Saved: '/tmp/clearvla_eval_opaque_66846.png'
01:42.535  render           | Saved: '/tmp/clearvla_eval_opaque_66846.png'
01:43.059  render           | Saved: '/tmp/clearvla_eval_opaque_66846.png'
01:43.570  render           | Saved: '/tmp/clearvla_eval_opaque_66846.png'
01:43.994  render           | Saved: '/tmp/clearvla_eval_opaque_66846.png'
01:44.534  render           | Saved: '/tmp/clearvla_eval_opaque_66846.png'
01:45.142  render           | Saved: '/tmp/clearvla_eval_opaque_66846.png'
01:45.738  render           | Saved: '/tmp/clearvla_eval_opaque_66846.png'
01:46.192  render           | Saved: '/tmp/clearvla_eval_opaque_66846.png'
01:47.224  render           | Saved: '/tmp/clearvla_eval_opaque_66846.png'
01:47.648  render           | Saved: '/tmp/clearvla_eval_opaque_66846.png'
01:48.134  render           | Saved: '/tmp/clearvla_eval_opaque_66846.png'
01:48.546  render           | Saved: '/tmp/clearvla_eval_opaque_66846.png'
01:49.039  render           | Saved: '/tmp/clearvla_eval_opaque_66846.png'
01:49.462  render           | Saved: '/tmp/clearvla_eval_opaque_66846.png'
01:49.940  render           | Saved: '/tmp/clearvla_eval_opaque_66846.png'
01:50.327  render           | Saved: '/tmp/clearvla_eval_opaque_66846.png'
01:50.784  render           | Saved: '/tmp/clearvla_eval_opaque_66846.png'
01:51.328  render           | Saved: '/tmp/clearvla_eval_opaque_66846.png'
01:51.795  render           | Saved: '/tmp/clearvla_eval_opaque_66846.png'
01:52.250  render           | Saved: '/tmp/clearvla_eval_opaque_66846.png'
01:52.747  render           | Saved: '/tmp/clearvla_eval_opaque_66846.png'
01:53.217  render           | Saved: '/tmp/clearvla_eval_opaque_66846.png'
01:53.735  render           | Saved: '/tmp/clearvla_eval_opaque_66846.png'
01:54.160  render           | Saved: '/tmp/clearvla_eval_opaque_66846.png'
01:54.725  render           | Saved: '/tmp/clearvla_eval_opaque_66846.png'
01:55.248  render           | Saved: '/tmp/clearvla_eval_opaque_66846.png'
01:55.877  render           | Saved: '/tmp/clearvla_eval_opaque_66846.png'
01:56.443  render           | Saved: '/tmp/clearvla_eval_opaque_66846.png'
01:57.012  render           | Saved: '/tmp/clearvla_eval_opaque_66846.png'
01:57.436  render           | Saved: '/tmp/clearvla_eval_opaque_66846.png'
01:57.884  render           | Saved: '/tmp/clearvla_eval_opaque_66846.png'
01:58.264  render           | Saved: '/tmp/clearvla_eval_opaque_66846.png'
01:58.717  render           | Saved: '/tmp/clearvla_eval_opaque_66846.png'
01:59.085  render           | Saved: '/tmp/clearvla_eval_opaque_66846.png'
01:59.532  render           | Saved: '/tmp/clearvla_eval_opaque_66846.png'
01:59.925  render           | Saved: '/tmp/clearvla_eval_opaque_66846.png'
02:00.400  render           | Saved: '/tmp/clearvla_eval_opaque_66846.png'
02:00.815  render           | Saved: '/tmp/clearvla_eval_opaque_66846.png'
02:01.870  render           | Saved: '/tmp/clearvla_eval_opaque_66846.png'
02:02.333  render           | Saved: '/tmp/clearvla_eval_opaque_66846.png'
02:02.827  render           | Saved: '/tmp/clearvla_eval_opaque_66846.png'
02:03.202  render           | Saved: '/tmp/clearvla_eval_opaque_66846.png'
02:03.646  render           | Saved: '/tmp/clearvla_eval_opaque_66846.png'
02:04.018  render           | Saved: '/tmp/clearvla_eval_opaque_66846.png'
02:04.467  render           | Saved: '/tmp/clearvla_eval_opaque_66846.png'
02:04.913  render           | Saved: '/tmp/clearvla_eval_opaque_66846.png'
02:05.370  render           | Saved: '/tmp/clearvla_eval_opaque_66846.png'
02:05.776  render           | Saved: '/tmp/clearvla_eval_opaque_66846.png'
02:06.223  render           | Saved: '/tmp/clearvla_eval_opaque_66846.png'
02:06.746  render           | Saved: '/tmp/clearvla_eval_opaque_66846.png'
02:07.265  render           | Saved: '/tmp/clearvla_eval_opaque_66846.png'
02:07.851  render           | Saved: '/tmp/clearvla_eval_opaque_66846.png'
02:08.386  render           | Saved: '/tmp/clearvla_eval_opaque_66846.png'
02:08.836  render           | Saved: '/tmp/clearvla_eval_opaque_66846.png'
02:09.336  render           | Saved: '/tmp/clearvla_eval_opaque_66846.png'
02:09.753  render           | Saved: '/tmp/clearvla_eval_opaque_66846.png'
02:10.230  render           | Saved: '/tmp/clearvla_eval_opaque_66846.png'
02:10.734  render           | Saved: '/tmp/clearvla_eval_opaque_66846.png'
02:11.274  render           | Saved: '/tmp/clearvla_eval_opaque_66846.png'
02:11.645  render           | Saved: '/tmp/clearvla_eval_opaque_66846.png'
02:12.119  render           | Saved: '/tmp/clearvla_eval_opaque_66846.png'
02:12.503  render           | Saved: '/tmp/clearvla_eval_opaque_66846.png'
02:13.063  render           | Saved: '/tmp/clearvla_eval_opaque_66846.png'
02:13.504  render           | Saved: '/tmp/clearvla_eval_opaque_66846.png'
02:13.955  render           | Saved: '/tmp/clearvla_eval_opaque_66846.png'
02:14.331  render           | Saved: '/tmp/clearvla_eval_opaque_66846.png'
02:15.514  render           | Saved: '/tmp/clearvla_eval_opaque_66846.png'
02:16.053  render           | Saved: '/tmp/clearvla_eval_opaque_66846.png'
02:16.703  render           | Saved: '/tmp/clearvla_eval_opaque_66846.png'
02:17.170  render           | Saved: '/tmp/clearvla_eval_opaque_66846.png'
02:17.633  render           | Saved: '/tmp/clearvla_eval_opaque_66846.png'
02:18.060  render           | Saved: '/tmp/clearvla_eval_opaque_66846.png'
02:18.578  render           | Saved: '/tmp/clearvla_eval_opaque_66846.png'
02:18.983  render           | Saved: '/tmp/clearvla_eval_opaque_66846.png'
02:19.494  render           | Saved: '/tmp/clearvla_eval_opaque_66846.png'
02:20.039  render           | Saved: '/tmp/clearvla_eval_opaque_66846.png'
02:20.528  render           | Saved: '/tmp/clearvla_eval_opaque_66846.png'
02:20.992  render           | Saved: '/tmp/clearvla_eval_opaque_66846.png'
02:21.482  render           | Saved: '/tmp/clearvla_eval_opaque_66846.png'
02:21.874  render           | Saved: '/tmp/clearvla_eval_opaque_66846.png'
02:22.377  render           | Saved: '/tmp/clearvla_eval_opaque_66846.png'
02:22.809  render           | Saved: '/tmp/clearvla_eval_opaque_66846.png'
02:23.358  render           | Saved: '/tmp/clearvla_eval_opaque_66846.png'
02:23.807  render           | Saved: '/tmp/clearvla_eval_opaque_66846.png'
02:24.329  render           | Saved: '/tmp/clearvla_eval_opaque_66846.png'
02:24.808  render           | Saved: '/tmp/clearvla_eval_opaque_66846.png'
02:25.364  render           | Saved: '/tmp/clearvla_eval_opaque_66846.png'
02:25.778  render           | Saved: '/tmp/clearvla_eval_opaque_66846.png'
02:26.271  render           | Saved: '/tmp/clearvla_eval_opaque_66846.png'
02:26.646  render           | Saved: '/tmp/clearvla_eval_opaque_66846.png'
02:27.081  render           | Saved: '/tmp/clearvla_eval_opaque_66846.png'
02:27.490  render           | Saved: '/tmp/clearvla_eval_opaque_66846.png'
02:27.954  render           | Saved: '/tmp/clearvla_eval_opaque_66846.png'
02:28.373  render           | Saved: '/tmp/clearvla_eval_opaque_66846.png'
02:29.356  render           | Saved: '/tmp/clearvla_eval_opaque_66846.png'
02:29.802  render           | Saved: '/tmp/clearvla_eval_opaque_66846.png'
02:30.300  render           | Saved: '/tmp/clearvla_eval_opaque_66846.png'
02:30.730  render           | Saved: '/tmp/clearvla_eval_opaque_66846.png'
02:31.231  render           | Saved: '/tmp/clearvla_eval_opaque_66846.png'
02:31.638  render           | Saved: '/tmp/clearvla_eval_opaque_66846.png'
02:32.237  render           | Saved: '/tmp/clearvla_eval_opaque_66846.png'
02:32.736  render           | Saved: '/tmp/clearvla_eval_opaque_66846.png'
02:33.359  render           | Saved: '/tmp/clearvla_eval_opaque_66846.png'
02:33.885  render           | Saved: '/tmp/clearvla_eval_opaque_66846.png'
02:34.419  render           | Saved: '/tmp/clearvla_eval_opaque_66846.png'
02:34.846  render           | Saved: '/tmp/clearvla_eval_opaque_66846.png'
02:35.337  render           | Saved: '/tmp/clearvla_eval_opaque_66846.png'
02:35.711  render           | Saved: '/tmp/clearvla_eval_opaque_66846.png'
02:36.184  render           | Saved: '/tmp/clearvla_eval_opaque_66846.png'
02:36.569  render           | Saved: '/tmp/clearvla_eval_opaque_66846.png'
02:37.043  render           | Saved: '/tmp/clearvla_eval_opaque_66846.png'
02:37.402  render           | Saved: '/tmp/clearvla_eval_opaque_66846.png'
02:37.891  render           | Saved: '/tmp/clearvla_eval_opaque_66846.png'
02:38.276  render           | Saved: '/tmp/clearvla_eval_opaque_66846.png'
02:38.859  render           | Saved: '/tmp/clearvla_eval_opaque_66846.png'
02:39.343  render           | Saved: '/tmp/clearvla_eval_opaque_66846.png'
02:39.823  render           | Saved: '/tmp/clearvla_eval_opaque_66846.png'
02:40.250  render           | Saved: '/tmp/clearvla_eval_opaque_66846.png'
02:40.757  render           | Saved: '/tmp/clearvla_eval_opaque_66846.png'
02:41.322  render           | Saved: '/tmp/clearvla_eval_opaque_66846.png'
02:41.924  render           | Saved: '/tmp/clearvla_eval_opaque_66846.png'
02:42.425  render           | Saved: '/tmp/clearvla_eval_opaque_66846.png'
02:42.947  render           | Saved: '/tmp/clearvla_eval_opaque_66846.png'
02:43.355  render           | Saved: '/tmp/clearvla_eval_opaque_66846.png'
02:44.504  render           | Saved: '/tmp/clearvla_eval_opaque_66846.png'
02:45.122  render           | Saved: '/tmp/clearvla_eval_opaque_66846.png'
02:45.683  render           | Saved: '/tmp/clearvla_eval_opaque_66846.png'
02:46.086  render           | Saved: '/tmp/clearvla_eval_opaque_66846.png'
02:46.537  render           | Saved: '/tmp/clearvla_eval_opaque_66846.png'
02:46.983  render           | Saved: '/tmp/clearvla_eval_opaque_66846.png'
02:47.472  render           | Saved: '/tmp/clearvla_eval_opaque_66846.png'
02:47.894  render           | Saved: '/tmp/clearvla_eval_opaque_66846.png'
02:48.375  render           | Saved: '/tmp/clearvla_eval_opaque_66846.png'
02:48.789  render           | Saved: '/tmp/clearvla_eval_opaque_66846.png'
02:49.225  render           | Saved: '/tmp/clearvla_eval_opaque_66846.png'
02:49.608  render           | Saved: '/tmp/clearvla_eval_opaque_66846.png'
02:50.062  render           | Saved: '/tmp/clearvla_eval_opaque_66846.png'
02:50.417  render           | Saved: '/tmp/clearvla_eval_opaque_66846.png'
02:50.887  render           | Saved: '/tmp/clearvla_eval_opaque_66846.png'
02:51.316  render           | Saved: '/tmp/clearvla_eval_opaque_66846.png'
02:51.758  render           | Saved: '/tmp/clearvla_eval_opaque_66846.png'
02:52.214  render           | Saved: '/tmp/clearvla_eval_opaque_66846.png'
02:52.766  render           | Saved: '/tmp/clearvla_eval_opaque_66846.png'
02:53.242  render           | Saved: '/tmp/clearvla_eval_opaque_66846.png'
02:53.758  render           | Saved: '/tmp/clearvla_eval_opaque_66846.png'
02:54.201  render           | Saved: '/tmp/clearvla_eval_opaque_66846.png'
02:54.682  render           | Saved: '/tmp/clearvla_eval_opaque_66846.png'
02:55.083  render           | Saved: '/tmp/clearvla_eval_opaque_66846.png'
02:55.550  render           | Saved: '/tmp/clearvla_eval_opaque_66846.png'
02:55.921  render           | Saved: '/tmp/clearvla_eval_opaque_66846.png'
02:56.363  render           | Saved: '/tmp/clearvla_eval_opaque_66846.png'
02:56.731  render           | Saved: '/tmp/clearvla_eval_opaque_66846.png'
[full/opaque] grasp: 9/10  (2.8 min, 12.9 s/ep)
02:57.699  render           | Saved: '/tmp/clearvla_eval_opaque_66846.png'
02:58.089  render           | Saved: '/tmp/clearvla_eval_opaque_66846.png'
02:58.556  render           | Saved: '/tmp/clearvla_eval_opaque_66846.png'
02:59.107  render           | Saved: '/tmp/clearvla_eval_opaque_66846.png'
02:59.695  render           | Saved: '/tmp/clearvla_eval_opaque_66846.png'
03:00.213  render           | Saved: '/tmp/clearvla_eval_opaque_66846.png'
03:00.723  render           | Saved: '/tmp/clearvla_eval_opaque_66846.png'
03:01.106  render           | Saved: '/tmp/clearvla_eval_opaque_66846.png'
03:01.541  render           | Saved: '/tmp/clearvla_eval_opaque_66846.png'
03:01.917  render           | Saved: '/tmp/clearvla_eval_opaque_66846.png'
03:02.405  render           | Saved: '/tmp/clearvla_eval_opaque_66846.png'
03:02.892  render           | Saved: '/tmp/clearvla_eval_opaque_66846.png'
03:03.360  render           | Saved: '/tmp/clearvla_eval_opaque_66846.png'
03:03.806  render           | Saved: '/tmp/clearvla_eval_opaque_66846.png'
03:04.286  render           | Saved: '/tmp/clearvla_eval_opaque_66846.png'
03:04.718  render           | Saved: '/tmp/clearvla_eval_opaque_66846.png'
03:05.224  render           | Saved: '/tmp/clearvla_eval_opaque_66846.png'
03:05.696  render           | Saved: '/tmp/clearvla_eval_opaque_66846.png'
03:06.215  render           | Saved: '/tmp/clearvla_eval_opaque_66846.png'
03:06.659  render           | Saved: '/tmp/clearvla_eval_opaque_66846.png'
03:07.116  render           | Saved: '/tmp/clearvla_eval_opaque_66846.png'
03:07.538  render           | Saved: '/tmp/clearvla_eval_opaque_66846.png'
03:08.021  render           | Saved: '/tmp/clearvla_eval_opaque_66846.png'
03:08.423  render           | Saved: '/tmp/clearvla_eval_opaque_66846.png'
03:08.873  render           | Saved: '/tmp/clearvla_eval_opaque_66846.png'
03:09.236  render           | Saved: '/tmp/clearvla_eval_opaque_66846.png'
03:09.721  render           | Saved: '/tmp/clearvla_eval_opaque_66846.png'
03:10.227  render           | Saved: '/tmp/clearvla_eval_opaque_66846.png'
03:10.705  render           | Saved: '/tmp/clearvla_eval_opaque_66846.png'
03:11.141  render           | Saved: '/tmp/clearvla_eval_opaque_66846.png'
03:12.218  render           | Saved: '/tmp/clearvla_eval_opaque_66846.png'
03:12.575  render           | Saved: '/tmp/clearvla_eval_opaque_66846.png'
03:13.081  render           | Saved: '/tmp/clearvla_eval_opaque_66846.png'
03:13.445  render           | Saved: '/tmp/clearvla_eval_opaque_66846.png'
03:13.912  render           | Saved: '/tmp/clearvla_eval_opaque_66846.png'
03:14.275  render           | Saved: '/tmp/clearvla_eval_opaque_66846.png'
03:14.749  render           | Saved: '/tmp/clearvla_eval_opaque_66846.png'
03:15.138  render           | Saved: '/tmp/clearvla_eval_opaque_66846.png'
03:15.586  render           | Saved: '/tmp/clearvla_eval_opaque_66846.png'
03:16.077  render           | Saved: '/tmp/clearvla_eval_opaque_66846.png'
03:16.785  render           | Saved: '/tmp/clearvla_eval_opaque_66846.png'
03:17.296  render           | Saved: '/tmp/clearvla_eval_opaque_66846.png'
03:17.845  render           | Saved: '/tmp/clearvla_eval_opaque_66846.png'
03:18.347  render           | Saved: '/tmp/clearvla_eval_opaque_66846.png'
03:18.854  render           | Saved: '/tmp/clearvla_eval_opaque_66846.png'
03:19.272  render           | Saved: '/tmp/clearvla_eval_opaque_66846.png'
03:19.789  render           | Saved: '/tmp/clearvla_eval_opaque_66846.png'
03:20.168  render           | Saved: '/tmp/clearvla_eval_opaque_66846.png'
03:20.613  render           | Saved: '/tmp/clearvla_eval_opaque_66846.png'
03:20.989  render           | Saved: '/tmp/clearvla_eval_opaque_66846.png'
03:21.437  render           | Saved: '/tmp/clearvla_eval_opaque_66846.png'
03:21.855  render           | Saved: '/tmp/clearvla_eval_opaque_66846.png'
03:22.324  render           | Saved: '/tmp/clearvla_eval_opaque_66846.png'
03:22.703  render           | Saved: '/tmp/clearvla_eval_opaque_66846.png'
03:23.174  render           | Saved: '/tmp/clearvla_eval_opaque_66846.png'
03:23.572  render           | Saved: '/tmp/clearvla_eval_opaque_66846.png'
03:24.056  render           | Saved: '/tmp/clearvla_eval_opaque_66846.png'
03:24.526  render           | Saved: '/tmp/clearvla_eval_opaque_66846.png'
03:25.159  render           | Saved: '/tmp/clearvla_eval_opaque_66846.png'
03:25.752  render           | Saved: '/tmp/clearvla_eval_opaque_66846.png'
03:26.861  render           | Saved: '/tmp/clearvla_eval_opaque_66846.png'
03:27.242  render           | Saved: '/tmp/clearvla_eval_opaque_66846.png'
03:27.786  render           | Saved: '/tmp/clearvla_eval_opaque_66846.png'
03:28.249  render           | Saved: '/tmp/clearvla_eval_opaque_66846.png'
03:28.720  render           | Saved: '/tmp/clearvla_eval_opaque_66846.png'
03:29.201  render           | Saved: '/tmp/clearvla_eval_opaque_66846.png'
03:29.684  render           | Saved: '/tmp/clearvla_eval_opaque_66846.png'
03:30.115  render           | Saved: '/tmp/clearvla_eval_opaque_66846.png'
03:30.578  render           | Saved: '/tmp/clearvla_eval_opaque_66846.png'
03:31.090  render           | Saved: '/tmp/clearvla_eval_opaque_66846.png'
03:31.563  render           | Saved: '/tmp/clearvla_eval_opaque_66846.png'
03:32.068  render           | Saved: '/tmp/clearvla_eval_opaque_66846.png'
03:32.538  render           | Saved: '/tmp/clearvla_eval_opaque_66846.png'
03:32.928  render           | Saved: '/tmp/clearvla_eval_opaque_66846.png'
03:33.406  render           | Saved: '/tmp/clearvla_eval_opaque_66846.png'
03:33.810  render           | Saved: '/tmp/clearvla_eval_opaque_66846.png'
03:34.327  render           | Saved: '/tmp/clearvla_eval_opaque_66846.png'
03:34.794  render           | Saved: '/tmp/clearvla_eval_opaque_66846.png'
03:35.294  render           | Saved: '/tmp/clearvla_eval_opaque_66846.png'
03:35.689  render           | Saved: '/tmp/clearvla_eval_opaque_66846.png'
03:36.240  render           | Saved: '/tmp/clearvla_eval_opaque_66846.png'
03:36.742  render           | Saved: '/tmp/clearvla_eval_opaque_66846.png'
03:37.312  render           | Saved: '/tmp/clearvla_eval_opaque_66846.png'
03:37.934  render           | Saved: '/tmp/clearvla_eval_opaque_66846.png'
03:38.539  render           | Saved: '/tmp/clearvla_eval_opaque_66846.png'
03:39.090  render           | Saved: '/tmp/clearvla_eval_opaque_66846.png'
03:39.652  render           | Saved: '/tmp/clearvla_eval_opaque_66846.png'
03:40.019  render           | Saved: '/tmp/clearvla_eval_opaque_66846.png'
03:41.289  render           | Saved: '/tmp/clearvla_eval_opaque_66846.png'
03:41.658  render           | Saved: '/tmp/clearvla_eval_opaque_66846.png'
03:42.155  render           | Saved: '/tmp/clearvla_eval_opaque_66846.png'
03:42.584  render           | Saved: '/tmp/clearvla_eval_opaque_66846.png'
03:43.063  render           | Saved: '/tmp/clearvla_eval_opaque_66846.png'
03:43.482  render           | Saved: '/tmp/clearvla_eval_opaque_66846.png'
03:43.971  render           | Saved: '/tmp/clearvla_eval_opaque_66846.png'
03:44.440  render           | Saved: '/tmp/clearvla_eval_opaque_66846.png'
03:44.939  render           | Saved: '/tmp/clearvla_eval_opaque_66846.png'
03:45.344  render           | Saved: '/tmp/clearvla_eval_opaque_66846.png'
03:45.835  render           | Saved: '/tmp/clearvla_eval_opaque_66846.png'
03:46.210  render           | Saved: '/tmp/clearvla_eval_opaque_66846.png'
03:46.659  render           | Saved: '/tmp/clearvla_eval_opaque_66846.png'
03:47.022  render           | Saved: '/tmp/clearvla_eval_opaque_66846.png'
03:47.461  render           | Saved: '/tmp/clearvla_eval_opaque_66846.png'
03:47.854  render           | Saved: '/tmp/clearvla_eval_opaque_66846.png'
03:48.304  render           | Saved: '/tmp/clearvla_eval_opaque_66846.png'
03:48.703  render           | Saved: '/tmp/clearvla_eval_opaque_66846.png'
03:49.301  render           | Saved: '/tmp/clearvla_eval_opaque_66846.png'
03:49.874  render           | Saved: '/tmp/clearvla_eval_opaque_66846.png'
03:50.539  render           | Saved: '/tmp/clearvla_eval_opaque_66846.png'
03:51.008  render           | Saved: '/tmp/clearvla_eval_opaque_66846.png'
03:51.680  render           | Saved: '/tmp/clearvla_eval_opaque_66846.png'
03:52.152  render           | Saved: '/tmp/clearvla_eval_opaque_66846.png'
03:52.735  render           | Saved: '/tmp/clearvla_eval_opaque_66846.png'
03:53.297  render           | Saved: '/tmp/clearvla_eval_opaque_66846.png'
03:53.919  render           | Saved: '/tmp/clearvla_eval_opaque_66846.png'
03:54.450  render           | Saved: '/tmp/clearvla_eval_opaque_66846.png'
03:54.910  render           | Saved: '/tmp/clearvla_eval_opaque_66846.png'
03:55.381  render           | Saved: '/tmp/clearvla_eval_opaque_66846.png'
03:56.375  render           | Saved: '/tmp/clearvla_eval_opaque_66846.png'
03:56.904  render           | Saved: '/tmp/clearvla_eval_opaque_66846.png'
03:57.400  render           | Saved: '/tmp/clearvla_eval_opaque_66846.png'
03:57.840  render           | Saved: '/tmp/clearvla_eval_opaque_66846.png'
03:58.345  render           | Saved: '/tmp/clearvla_eval_opaque_66846.png'
03:58.798  render           | Saved: '/tmp/clearvla_eval_opaque_66846.png'
03:59.300  render           | Saved: '/tmp/clearvla_eval_opaque_66846.png'
03:59.782  render           | Saved: '/tmp/clearvla_eval_opaque_66846.png'
04:00.250  render           | Saved: '/tmp/clearvla_eval_opaque_66846.png'
04:00.684  render           | Saved: '/tmp/clearvla_eval_opaque_66846.png'
04:01.166  render           | Saved: '/tmp/clearvla_eval_opaque_66846.png'
04:01.712  render           | Saved: '/tmp/clearvla_eval_opaque_66846.png'
04:02.272  render           | Saved: '/tmp/clearvla_eval_opaque_66846.png'
04:02.764  render           | Saved: '/tmp/clearvla_eval_opaque_66846.png'
04:03.348  render           | Saved: '/tmp/clearvla_eval_opaque_66846.png'
04:03.856  render           | Saved: '/tmp/clearvla_eval_opaque_66846.png'
04:04.529  render           | Saved: '/tmp/clearvla_eval_opaque_66846.png'
04:05.018  render           | Saved: '/tmp/clearvla_eval_opaque_66846.png'
04:05.537  render           | Saved: '/tmp/clearvla_eval_opaque_66846.png'
04:05.968  render           | Saved: '/tmp/clearvla_eval_opaque_66846.png'
04:06.492  render           | Saved: '/tmp/clearvla_eval_opaque_66846.png'
04:06.859  render           | Saved: '/tmp/clearvla_eval_opaque_66846.png'
04:07.312  render           | Saved: '/tmp/clearvla_eval_opaque_66846.png'
04:07.692  render           | Saved: '/tmp/clearvla_eval_opaque_66846.png'
04:08.104  render           | Saved: '/tmp/clearvla_eval_opaque_66846.png'
04:08.482  render           | Saved: '/tmp/clearvla_eval_opaque_66846.png'
04:08.934  render           | Saved: '/tmp/clearvla_eval_opaque_66846.png'
04:09.396  render           | Saved: '/tmp/clearvla_eval_opaque_66846.png'
04:10.478  render           | Saved: '/tmp/clearvla_eval_opaque_66846.png'
04:10.901  render           | Saved: '/tmp/clearvla_eval_opaque_66846.png'
04:11.381  render           | Saved: '/tmp/clearvla_eval_opaque_66846.png'
04:11.780  render           | Saved: '/tmp/clearvla_eval_opaque_66846.png'
04:12.272  render           | Saved: '/tmp/clearvla_eval_opaque_66846.png'
04:12.735  render           | Saved: '/tmp/clearvla_eval_opaque_66846.png'
04:13.317  render           | Saved: '/tmp/clearvla_eval_opaque_66846.png'
04:13.908  render           | Saved: '/tmp/clearvla_eval_opaque_66846.png'
04:14.577  render           | Saved: '/tmp/clearvla_eval_opaque_66846.png'
04:15.099  render           | Saved: '/tmp/clearvla_eval_opaque_66846.png'
04:15.675  render           | Saved: '/tmp/clearvla_eval_opaque_66846.png'
04:16.125  render           | Saved: '/tmp/clearvla_eval_opaque_66846.png'
04:16.582  render           | Saved: '/tmp/clearvla_eval_opaque_66846.png'
04:16.997  render           | Saved: '/tmp/clearvla_eval_opaque_66846.png'
04:17.518  render           | Saved: '/tmp/clearvla_eval_opaque_66846.png'
04:18.031  render           | Saved: '/tmp/clearvla_eval_opaque_66846.png'
04:18.542  render           | Saved: '/tmp/clearvla_eval_opaque_66846.png'
04:18.942  render           | Saved: '/tmp/clearvla_eval_opaque_66846.png'
04:19.390  render           | Saved: '/tmp/clearvla_eval_opaque_66846.png'
04:19.764  render           | Saved: '/tmp/clearvla_eval_opaque_66846.png'
04:20.214  render           | Saved: '/tmp/clearvla_eval_opaque_66846.png'
04:20.625  render           | Saved: '/tmp/clearvla_eval_opaque_66846.png'
04:21.076  render           | Saved: '/tmp/clearvla_eval_opaque_66846.png'
04:21.480  render           | Saved: '/tmp/clearvla_eval_opaque_66846.png'
04:21.940  render           | Saved: '/tmp/clearvla_eval_opaque_66846.png'
04:22.372  render           | Saved: '/tmp/clearvla_eval_opaque_66846.png'
04:22.952  render           | Saved: '/tmp/clearvla_eval_opaque_66846.png'
04:23.448  render           | Saved: '/tmp/clearvla_eval_opaque_66846.png'
04:24.465  render           | Saved: '/tmp/clearvla_eval_opaque_66846.png'
04:24.843  render           | Saved: '/tmp/clearvla_eval_opaque_66846.png'
04:25.276  render           | Saved: '/tmp/clearvla_eval_opaque_66846.png'
04:25.663  render           | Saved: '/tmp/clearvla_eval_opaque_66846.png'
04:26.131  render           | Saved: '/tmp/clearvla_eval_opaque_66846.png'
04:26.632  render           | Saved: '/tmp/clearvla_eval_opaque_66846.png'
04:27.120  render           | Saved: '/tmp/clearvla_eval_opaque_66846.png'
04:27.577  render           | Saved: '/tmp/clearvla_eval_opaque_66846.png'
04:28.041  render           | Saved: '/tmp/clearvla_eval_opaque_66846.png'
04:28.466  render           | Saved: '/tmp/clearvla_eval_opaque_66846.png'
04:28.920  render           | Saved: '/tmp/clearvla_eval_opaque_66846.png'
04:29.305  render           | Saved: '/tmp/clearvla_eval_opaque_66846.png'
04:29.782  render           | Saved: '/tmp/clearvla_eval_opaque_66846.png'
04:30.142  render           | Saved: '/tmp/clearvla_eval_opaque_66846.png'
04:30.614  render           | Saved: '/tmp/clearvla_eval_opaque_66846.png'
04:31.029  render           | Saved: '/tmp/clearvla_eval_opaque_66846.png'
04:31.511  render           | Saved: '/tmp/clearvla_eval_opaque_66846.png'
04:31.945  render           | Saved: '/tmp/clearvla_eval_opaque_66846.png'
04:32.469  render           | Saved: '/tmp/clearvla_eval_opaque_66846.png'
04:32.916  render           | Saved: '/tmp/clearvla_eval_opaque_66846.png'
04:33.638  render           | Saved: '/tmp/clearvla_eval_opaque_66846.png'
04:34.166  render           | Saved: '/tmp/clearvla_eval_opaque_66846.png'
04:34.794  render           | Saved: '/tmp/clearvla_eval_opaque_66846.png'
04:35.319  render           | Saved: '/tmp/clearvla_eval_opaque_66846.png'
04:35.915  render           | Saved: '/tmp/clearvla_eval_opaque_66846.png'
04:36.540  render           | Saved: '/tmp/clearvla_eval_opaque_66846.png'
04:37.119  render           | Saved: '/tmp/clearvla_eval_opaque_66846.png'
04:37.538  render           | Saved: '/tmp/clearvla_eval_opaque_66846.png'
04:38.573  render           | Saved: '/tmp/clearvla_eval_opaque_66846.png'
04:38.930  render           | Saved: '/tmp/clearvla_eval_opaque_66846.png'
04:39.557  render           | Saved: '/tmp/clearvla_eval_opaque_66846.png'
04:39.929  render           | Saved: '/tmp/clearvla_eval_opaque_66846.png'
04:40.380  render           | Saved: '/tmp/clearvla_eval_opaque_66846.png'
04:40.770  render           | Saved: '/tmp/clearvla_eval_opaque_66846.png'
04:41.307  render           | Saved: '/tmp/clearvla_eval_opaque_66846.png'
04:41.832  render           | Saved: '/tmp/clearvla_eval_opaque_66846.png'
04:42.405  render           | Saved: '/tmp/clearvla_eval_opaque_66846.png'
04:43.013  render           | Saved: '/tmp/clearvla_eval_opaque_66846.png'
04:43.632  render           | Saved: '/tmp/clearvla_eval_opaque_66846.png'
04:44.129  render           | Saved: '/tmp/clearvla_eval_opaque_66846.png'
04:44.613  render           | Saved: '/tmp/clearvla_eval_opaque_66846.png'
04:45.031  render           | Saved: '/tmp/clearvla_eval_opaque_66846.png'
04:45.583  render           | Saved: '/tmp/clearvla_eval_opaque_66846.png'
04:46.114  render           | Saved: '/tmp/clearvla_eval_opaque_66846.png'
04:46.800  render           | Saved: '/tmp/clearvla_eval_opaque_66846.png'
04:47.420  render           | Saved: '/tmp/clearvla_eval_opaque_66846.png'
04:48.006  render           | Saved: '/tmp/clearvla_eval_opaque_66846.png'
04:48.507  render           | Saved: '/tmp/clearvla_eval_opaque_66846.png'
04:49.042  render           | Saved: '/tmp/clearvla_eval_opaque_66846.png'
04:49.531  render           | Saved: '/tmp/clearvla_eval_opaque_66846.png'
04:50.042  render           | Saved: '/tmp/clearvla_eval_opaque_66846.png'
04:50.454  render           | Saved: '/tmp/clearvla_eval_opaque_66846.png'
04:50.912  render           | Saved: '/tmp/clearvla_eval_opaque_66846.png'
04:51.294  render           | Saved: '/tmp/clearvla_eval_opaque_66846.png'
04:51.741  render           | Saved: '/tmp/clearvla_eval_opaque_66846.png'
04:52.123  render           | Saved: '/tmp/clearvla_eval_opaque_66846.png'
04:52.578  render           | Saved: '/tmp/clearvla_eval_opaque_66846.png'
04:52.951  render           | Saved: '/tmp/clearvla_eval_opaque_66846.png'
04:54.004  render           | Saved: '/tmp/clearvla_eval_opaque_66846.png'
04:54.503  render           | Saved: '/tmp/clearvla_eval_opaque_66846.png'
04:55.055  render           | Saved: '/tmp/clearvla_eval_opaque_66846.png'
04:55.578  render           | Saved: '/tmp/clearvla_eval_opaque_66846.png'
04:56.142  render           | Saved: '/tmp/clearvla_eval_opaque_66846.png'
04:56.694  render           | Saved: '/tmp/clearvla_eval_opaque_66846.png'
04:57.322  render           | Saved: '/tmp/clearvla_eval_opaque_66846.png'
04:57.859  render           | Saved: '/tmp/clearvla_eval_opaque_66846.png'
04:58.440  render           | Saved: '/tmp/clearvla_eval_opaque_66846.png'
04:58.942  render           | Saved: '/tmp/clearvla_eval_opaque_66846.png'
04:59.484  render           | Saved: '/tmp/clearvla_eval_opaque_66846.png'
04:59.903  render           | Saved: '/tmp/clearvla_eval_opaque_66846.png'
05:00.422  render           | Saved: '/tmp/clearvla_eval_opaque_66846.png'
05:00.790  render           | Saved: '/tmp/clearvla_eval_opaque_66846.png'
05:01.221  render           | Saved: '/tmp/clearvla_eval_opaque_66846.png'
05:01.575  render           | Saved: '/tmp/clearvla_eval_opaque_66846.png'
05:02.017  render           | Saved: '/tmp/clearvla_eval_opaque_66846.png'
05:02.409  render           | Saved: '/tmp/clearvla_eval_opaque_66846.png'
05:02.908  render           | Saved: '/tmp/clearvla_eval_opaque_66846.png'
05:03.335  render           | Saved: '/tmp/clearvla_eval_opaque_66846.png'
05:03.855  render           | Saved: '/tmp/clearvla_eval_opaque_66846.png'
05:04.299  render           | Saved: '/tmp/clearvla_eval_opaque_66846.png'
05:04.864  render           | Saved: '/tmp/clearvla_eval_opaque_66846.png'
05:05.333  render           | Saved: '/tmp/clearvla_eval_opaque_66846.png'
05:05.901  render           | Saved: '/tmp/clearvla_eval_opaque_66846.png'
05:06.349  render           | Saved: '/tmp/clearvla_eval_opaque_66846.png'
05:06.815  render           | Saved: '/tmp/clearvla_eval_opaque_66846.png'
05:07.260  render           | Saved: '/tmp/clearvla_eval_opaque_66846.png'
05:07.778  render           | Saved: '/tmp/clearvla_eval_opaque_66846.png'
05:08.140  render           | Saved: '/tmp/clearvla_eval_opaque_66846.png'
05:09.164  render           | Saved: '/tmp/clearvla_eval_opaque_66846.png'
05:09.526  render           | Saved: '/tmp/clearvla_eval_opaque_66846.png'
05:09.981  render           | Saved: '/tmp/clearvla_eval_opaque_66846.png'
05:10.368  render           | Saved: '/tmp/clearvla_eval_opaque_66846.png'
05:10.821  render           | Saved: '/tmp/clearvla_eval_opaque_66846.png'
05:11.223  render           | Saved: '/tmp/clearvla_eval_opaque_66846.png'
05:11.702  render           | Saved: '/tmp/clearvla_eval_opaque_66846.png'
05:12.094  render           | Saved: '/tmp/clearvla_eval_opaque_66846.png'
05:12.621  render           | Saved: '/tmp/clearvla_eval_opaque_66846.png'
05:13.092  render           | Saved: '/tmp/clearvla_eval_opaque_66846.png'
05:13.619  render           | Saved: '/tmp/clearvla_eval_opaque_66846.png'
05:14.061  render           | Saved: '/tmp/clearvla_eval_opaque_66846.png'
05:14.623  render           | Saved: '/tmp/clearvla_eval_opaque_66846.png'
05:15.075  render           | Saved: '/tmp/clearvla_eval_opaque_66846.png'
05:15.549  render           | Saved: '/tmp/clearvla_eval_opaque_66846.png'
05:15.941  render           | Saved: '/tmp/clearvla_eval_opaque_66846.png'
05:16.427  render           | Saved: '/tmp/clearvla_eval_opaque_66846.png'
05:16.824  render           | Saved: '/tmp/clearvla_eval_opaque_66846.png'
05:17.284  render           | Saved: '/tmp/clearvla_eval_opaque_66846.png'
05:17.657  render           | Saved: '/tmp/clearvla_eval_opaque_66846.png'
05:18.124  render           | Saved: '/tmp/clearvla_eval_opaque_66846.png'
05:18.537  render           | Saved: '/tmp/clearvla_eval_opaque_66846.png'
05:19.023  render           | Saved: '/tmp/clearvla_eval_opaque_66846.png'
05:19.439  render           | Saved: '/tmp/clearvla_eval_opaque_66846.png'
05:19.995  render           | Saved: '/tmp/clearvla_eval_opaque_66846.png'
05:20.428  render           | Saved: '/tmp/clearvla_eval_opaque_66846.png'
05:21.136  render           | Saved: '/tmp/clearvla_eval_opaque_66846.png'
05:21.712  render           | Saved: '/tmp/clearvla_eval_opaque_66846.png'
05:22.242  render           | Saved: '/tmp/clearvla_eval_opaque_66846.png'
05:22.895  render           | Saved: '/tmp/clearvla_eval_opaque_66846.png'
[full/opaque] grasp: 19/20  (5.3 min, 14.2 s/ep)
05:23.936  render           | Saved: '/tmp/clearvla_eval_opaque_66846.png'
05:24.310  render           | Saved: '/tmp/clearvla_eval_opaque_66846.png'
05:24.767  render           | Saved: '/tmp/clearvla_eval_opaque_66846.png'
05:25.153  render           | Saved: '/tmp/clearvla_eval_opaque_66846.png'
05:25.593  render           | Saved: '/tmp/clearvla_eval_opaque_66846.png'
05:25.976  render           | Saved: '/tmp/clearvla_eval_opaque_66846.png'
05:26.424  render           | Saved: '/tmp/clearvla_eval_opaque_66846.png'
05:26.812  render           | Saved: '/tmp/clearvla_eval_opaque_66846.png'
05:27.299  render           | Saved: '/tmp/clearvla_eval_opaque_66846.png'
05:27.684  render           | Saved: '/tmp/clearvla_eval_opaque_66846.png'
05:28.188  render           | Saved: '/tmp/clearvla_eval_opaque_66846.png'
05:28.634  render           | Saved: '/tmp/clearvla_eval_opaque_66846.png'
05:29.101  render           | Saved: '/tmp/clearvla_eval_opaque_66846.png'
05:29.520  render           | Saved: '/tmp/clearvla_eval_opaque_66846.png'
05:30.015  render           | Saved: '/tmp/clearvla_eval_opaque_66846.png'
05:30.409  render           | Saved: '/tmp/clearvla_eval_opaque_66846.png'
05:30.945  render           | Saved: '/tmp/clearvla_eval_opaque_66846.png'
05:31.369  render           | Saved: '/tmp/clearvla_eval_opaque_66846.png'
05:31.926  render           | Saved: '/tmp/clearvla_eval_opaque_66846.png'
05:32.527  render           | Saved: '/tmp/clearvla_eval_opaque_66846.png'
05:33.164  render           | Saved: '/tmp/clearvla_eval_opaque_66846.png'
05:33.741  render           | Saved: '/tmp/clearvla_eval_opaque_66846.png'
05:34.367  render           | Saved: '/tmp/clearvla_eval_opaque_66846.png'
05:34.861  render           | Saved: '/tmp/clearvla_eval_opaque_66846.png'
05:35.551  render           | Saved: '/tmp/clearvla_eval_opaque_66846.png'
05:36.043  render           | Saved: '/tmp/clearvla_eval_opaque_66846.png'
05:36.560  render           | Saved: '/tmp/clearvla_eval_opaque_66846.png'
05:36.977  render           | Saved: '/tmp/clearvla_eval_opaque_66846.png'
05:37.439  render           | Saved: '/tmp/clearvla_eval_opaque_66846.png'
05:37.884  render           | Saved: '/tmp/clearvla_eval_opaque_66846.png'
05:38.371  render           | Saved: '/tmp/clearvla_eval_opaque_66846.png'
05:38.768  render           | Saved: '/tmp/clearvla_eval_opaque_66846.png'
05:39.861  render           | Saved: '/tmp/clearvla_eval_opaque_66846.png'
05:40.321  render           | Saved: '/tmp/clearvla_eval_opaque_66846.png'
05:40.842  render           | Saved: '/tmp/clearvla_eval_opaque_66846.png'
05:41.289  render           | Saved: '/tmp/clearvla_eval_opaque_66846.png'
05:41.776  render           | Saved: '/tmp/clearvla_eval_opaque_66846.png'
05:42.166  render           | Saved: '/tmp/clearvla_eval_opaque_66846.png'
05:42.660  render           | Saved: '/tmp/clearvla_eval_opaque_66846.png'
05:43.046  render           | Saved: '/tmp/clearvla_eval_opaque_66846.png'
05:43.489  render           | Saved: '/tmp/clearvla_eval_opaque_66846.png'
05:43.956  render           | Saved: '/tmp/clearvla_eval_opaque_66846.png'
05:44.480  render           | Saved: '/tmp/clearvla_eval_opaque_66846.png'
05:44.861  render           | Saved: '/tmp/clearvla_eval_opaque_66846.png'
05:45.414  render           | Saved: '/tmp/clearvla_eval_opaque_66846.png'
05:46.065  render           | Saved: '/tmp/clearvla_eval_opaque_66846.png'
05:46.581  render           | Saved: '/tmp/clearvla_eval_opaque_66846.png'
05:47.109  render           | Saved: '/tmp/clearvla_eval_opaque_66846.png'
05:47.568  render           | Saved: '/tmp/clearvla_eval_opaque_66846.png'
05:47.982  render           | Saved: '/tmp/clearvla_eval_opaque_66846.png'
05:48.446  render           | Saved: '/tmp/clearvla_eval_opaque_66846.png'
05:48.847  render           | Saved: '/tmp/clearvla_eval_opaque_66846.png'
05:49.398  render           | Saved: '/tmp/clearvla_eval_opaque_66846.png'
05:49.818  render           | Saved: '/tmp/clearvla_eval_opaque_66846.png'
05:50.341  render           | Saved: '/tmp/clearvla_eval_opaque_66846.png'
05:50.744  render           | Saved: '/tmp/clearvla_eval_opaque_66846.png'
05:51.363  render           | Saved: '/tmp/clearvla_eval_opaque_66846.png'
05:51.928  render           | Saved: '/tmp/clearvla_eval_opaque_66846.png'
05:52.425  render           | Saved: '/tmp/clearvla_eval_opaque_66846.png'
05:52.883  render           | Saved: '/tmp/clearvla_eval_opaque_66846.png'
05:53.954  render           | Saved: '/tmp/clearvla_eval_opaque_66846.png'
05:54.423  render           | Saved: '/tmp/clearvla_eval_opaque_66846.png'
05:55.015  render           | Saved: '/tmp/clearvla_eval_opaque_66846.png'
05:55.449  render           | Saved: '/tmp/clearvla_eval_opaque_66846.png'
05:55.966  render           | Saved: '/tmp/clearvla_eval_opaque_66846.png'
05:56.383  render           | Saved: '/tmp/clearvla_eval_opaque_66846.png'
05:56.892  render           | Saved: '/tmp/clearvla_eval_opaque_66846.png'
05:57.306  render           | Saved: '/tmp/clearvla_eval_opaque_66846.png'
05:57.956  render           | Saved: '/tmp/clearvla_eval_opaque_66846.png'
05:58.481  render           | Saved: '/tmp/clearvla_eval_opaque_66846.png'
05:59.010  render           | Saved: '/tmp/clearvla_eval_opaque_66846.png'
05:59.621  render           | Saved: '/tmp/clearvla_eval_opaque_66846.png'
06:00.252  render           | Saved: '/tmp/clearvla_eval_opaque_66846.png'
06:00.718  render           | Saved: '/tmp/clearvla_eval_opaque_66846.png'
06:01.218  render           | Saved: '/tmp/clearvla_eval_opaque_66846.png'
06:01.601  render           | Saved: '/tmp/clearvla_eval_opaque_66846.png'
06:02.103  render           | Saved: '/tmp/clearvla_eval_opaque_66846.png'
06:02.482  render           | Saved: '/tmp/clearvla_eval_opaque_66846.png'
06:02.938  render           | Saved: '/tmp/clearvla_eval_opaque_66846.png'
06:03.310  render           | Saved: '/tmp/clearvla_eval_opaque_66846.png'
06:03.792  render           | Saved: '/tmp/clearvla_eval_opaque_66846.png'
06:04.201  render           | Saved: '/tmp/clearvla_eval_opaque_66846.png'
06:04.679  render           | Saved: '/tmp/clearvla_eval_opaque_66846.png'
06:05.148  render           | Saved: '/tmp/clearvla_eval_opaque_66846.png'
06:05.687  render           | Saved: '/tmp/clearvla_eval_opaque_66846.png'
06:06.184  render           | Saved: '/tmp/clearvla_eval_opaque_66846.png'
06:06.740  render           | Saved: '/tmp/clearvla_eval_opaque_66846.png'
06:07.226  render           | Saved: '/tmp/clearvla_eval_opaque_66846.png'
06:07.894  render           | Saved: '/tmp/clearvla_eval_opaque_66846.png'
06:08.429  render           | Saved: '/tmp/clearvla_eval_opaque_66846.png'
06:09.143  render           | Saved: '/tmp/clearvla_eval_opaque_66846.png'
06:09.818  render           | Saved: '/tmp/clearvla_eval_opaque_66846.png'
06:10.409  render           | Saved: '/tmp/clearvla_eval_opaque_66846.png'
06:10.891  render           | Saved: '/tmp/clearvla_eval_opaque_66846.png'
06:11.395  render           | Saved: '/tmp/clearvla_eval_opaque_66846.png'
06:11.834  render           | Saved: '/tmp/clearvla_eval_opaque_66846.png'
06:12.464  render           | Saved: '/tmp/clearvla_eval_opaque_66846.png'
06:12.981  render           | Saved: '/tmp/clearvla_eval_opaque_66846.png'
06:13.533  render           | Saved: '/tmp/clearvla_eval_opaque_66846.png'
06:13.928  render           | Saved: '/tmp/clearvla_eval_opaque_66846.png'
06:14.391  render           | Saved: '/tmp/clearvla_eval_opaque_66846.png'
06:14.782  render           | Saved: '/tmp/clearvla_eval_opaque_66846.png'
06:15.228  render           | Saved: '/tmp/clearvla_eval_opaque_66846.png'
06:15.640  render           | Saved: '/tmp/clearvla_eval_opaque_66846.png'
06:16.131  render           | Saved: '/tmp/clearvla_eval_opaque_66846.png'
06:16.597  render           | Saved: '/tmp/clearvla_eval_opaque_66846.png'
06:17.117  render           | Saved: '/tmp/clearvla_eval_opaque_66846.png'
06:17.576  render           | Saved: '/tmp/clearvla_eval_opaque_66846.png'
06:18.104  render           | Saved: '/tmp/clearvla_eval_opaque_66846.png'
06:18.518  render           | Saved: '/tmp/clearvla_eval_opaque_66846.png'
06:19.018  render           | Saved: '/tmp/clearvla_eval_opaque_66846.png'
06:19.449  render           | Saved: '/tmp/clearvla_eval_opaque_66846.png'
06:19.958  render           | Saved: '/tmp/clearvla_eval_opaque_66846.png'
06:20.427  render           | Saved: '/tmp/clearvla_eval_opaque_66846.png'
06:20.898  render           | Saved: '/tmp/clearvla_eval_opaque_66846.png'
06:21.344  render           | Saved: '/tmp/clearvla_eval_opaque_66846.png'
06:21.832  render           | Saved: '/tmp/clearvla_eval_opaque_66846.png'
06:22.270  render           | Saved: '/tmp/clearvla_eval_opaque_66846.png'
06:22.763  render           | Saved: '/tmp/clearvla_eval_opaque_66846.png'
06:23.214  render           | Saved: '/tmp/clearvla_eval_opaque_66846.png'
06:23.741  render           | Saved: '/tmp/clearvla_eval_opaque_66846.png'
06:24.288  render           | Saved: '/tmp/clearvla_eval_opaque_66846.png'
06:24.857  render           | Saved: '/tmp/clearvla_eval_opaque_66846.png'
06:25.340  render           | Saved: '/tmp/clearvla_eval_opaque_66846.png'
06:25.868  render           | Saved: '/tmp/clearvla_eval_opaque_66846.png'
06:26.334  render           | Saved: '/tmp/clearvla_eval_opaque_66846.png'
06:26.805  render           | Saved: '/tmp/clearvla_eval_opaque_66846.png'
06:27.182  render           | Saved: '/tmp/clearvla_eval_opaque_66846.png'
06:27.625  render           | Saved: '/tmp/clearvla_eval_opaque_66846.png'
06:27.995  render           | Saved: '/tmp/clearvla_eval_opaque_66846.png'
06:28.435  render           | Saved: '/tmp/clearvla_eval_opaque_66846.png'
06:28.962  render           | Saved: '/tmp/clearvla_eval_opaque_66846.png'
06:29.552  render           | Saved: '/tmp/clearvla_eval_opaque_66846.png'
06:29.969  render           | Saved: '/tmp/clearvla_eval_opaque_66846.png'
06:30.506  render           | Saved: '/tmp/clearvla_eval_opaque_66846.png'
06:31.067  render           | Saved: '/tmp/clearvla_eval_opaque_66846.png'
06:32.252  render           | Saved: '/tmp/clearvla_eval_opaque_66846.png'
06:32.619  render           | Saved: '/tmp/clearvla_eval_opaque_66846.png'
06:33.108  render           | Saved: '/tmp/clearvla_eval_opaque_66846.png'
06:33.461  render           | Saved: '/tmp/clearvla_eval_opaque_66846.png'
06:33.886  render           | Saved: '/tmp/clearvla_eval_opaque_66846.png'
06:34.284  render           | Saved: '/tmp/clearvla_eval_opaque_66846.png'
06:34.746  render           | Saved: '/tmp/clearvla_eval_opaque_66846.png'
06:35.135  render           | Saved: '/tmp/clearvla_eval_opaque_66846.png'
06:35.614  render           | Saved: '/tmp/clearvla_eval_opaque_66846.png'
06:36.016  render           | Saved: '/tmp/clearvla_eval_opaque_66846.png'
06:36.601  render           | Saved: '/tmp/clearvla_eval_opaque_66846.png'
06:37.196  render           | Saved: '/tmp/clearvla_eval_opaque_66846.png'
06:37.763  render           | Saved: '/tmp/clearvla_eval_opaque_66846.png'
06:38.256  render           | Saved: '/tmp/clearvla_eval_opaque_66846.png'
06:38.848  render           | Saved: '/tmp/clearvla_eval_opaque_66846.png'
06:39.432  render           | Saved: '/tmp/clearvla_eval_opaque_66846.png'
06:39.945  render           | Saved: '/tmp/clearvla_eval_opaque_66846.png'
06:40.481  render           | Saved: '/tmp/clearvla_eval_opaque_66846.png'
06:41.117  render           | Saved: '/tmp/clearvla_eval_opaque_66846.png'
06:41.610  render           | Saved: '/tmp/clearvla_eval_opaque_66846.png'
06:42.114  render           | Saved: '/tmp/clearvla_eval_opaque_66846.png'
06:42.493  render           | Saved: '/tmp/clearvla_eval_opaque_66846.png'
06:43.045  render           | Saved: '/tmp/clearvla_eval_opaque_66846.png'
06:43.436  render           | Saved: '/tmp/clearvla_eval_opaque_66846.png'
06:43.934  render           | Saved: '/tmp/clearvla_eval_opaque_66846.png'
06:44.303  render           | Saved: '/tmp/clearvla_eval_opaque_66846.png'
06:44.759  render           | Saved: '/tmp/clearvla_eval_opaque_66846.png'
06:45.194  render           | Saved: '/tmp/clearvla_eval_opaque_66846.png'
06:45.673  render           | Saved: '/tmp/clearvla_eval_opaque_66846.png'
06:46.059  render           | Saved: '/tmp/clearvla_eval_opaque_66846.png'
06:47.181  render           | Saved: '/tmp/clearvla_eval_opaque_66846.png'
06:47.546  render           | Saved: '/tmp/clearvla_eval_opaque_66846.png'
06:47.987  render           | Saved: '/tmp/clearvla_eval_opaque_66846.png'
06:48.349  render           | Saved: '/tmp/clearvla_eval_opaque_66846.png'
06:48.798  render           | Saved: '/tmp/clearvla_eval_opaque_66846.png'
06:49.172  render           | Saved: '/tmp/clearvla_eval_opaque_66846.png'
06:49.737  render           | Saved: '/tmp/clearvla_eval_opaque_66846.png'
06:50.332  render           | Saved: '/tmp/clearvla_eval_opaque_66846.png'
06:50.880  render           | Saved: '/tmp/clearvla_eval_opaque_66846.png'
06:51.375  render           | Saved: '/tmp/clearvla_eval_opaque_66846.png'
06:51.831  render           | Saved: '/tmp/clearvla_eval_opaque_66846.png'
06:52.228  render           | Saved: '/tmp/clearvla_eval_opaque_66846.png'
06:52.700  render           | Saved: '/tmp/clearvla_eval_opaque_66846.png'
06:53.065  render           | Saved: '/tmp/clearvla_eval_opaque_66846.png'
06:53.521  render           | Saved: '/tmp/clearvla_eval_opaque_66846.png'
06:53.922  render           | Saved: '/tmp/clearvla_eval_opaque_66846.png'
06:54.374  render           | Saved: '/tmp/clearvla_eval_opaque_66846.png'
06:54.769  render           | Saved: '/tmp/clearvla_eval_opaque_66846.png'
06:55.242  render           | Saved: '/tmp/clearvla_eval_opaque_66846.png'
06:55.640  render           | Saved: '/tmp/clearvla_eval_opaque_66846.png'
06:56.118  render           | Saved: '/tmp/clearvla_eval_opaque_66846.png'
06:56.545  render           | Saved: '/tmp/clearvla_eval_opaque_66846.png'
06:57.057  render           | Saved: '/tmp/clearvla_eval_opaque_66846.png'
06:57.620  render           | Saved: '/tmp/clearvla_eval_opaque_66846.png'
06:58.196  render           | Saved: '/tmp/clearvla_eval_opaque_66846.png'
06:58.577  render           | Saved: '/tmp/clearvla_eval_opaque_66846.png'
06:59.197  render           | Saved: '/tmp/clearvla_eval_opaque_66846.png'
06:59.644  render           | Saved: '/tmp/clearvla_eval_opaque_66846.png'
07:00.113  render           | Saved: '/tmp/clearvla_eval_opaque_66846.png'
07:00.521  render           | Saved: '/tmp/clearvla_eval_opaque_66846.png'
07:01.718  render           | Saved: '/tmp/clearvla_eval_opaque_66846.png'
07:02.322  render           | Saved: '/tmp/clearvla_eval_opaque_66846.png'
07:02.892  render           | Saved: '/tmp/clearvla_eval_opaque_66846.png'
07:03.304  render           | Saved: '/tmp/clearvla_eval_opaque_66846.png'
07:03.758  render           | Saved: '/tmp/clearvla_eval_opaque_66846.png'
07:04.152  render           | Saved: '/tmp/clearvla_eval_opaque_66846.png'
07:04.634  render           | Saved: '/tmp/clearvla_eval_opaque_66846.png'
07:05.043  render           | Saved: '/tmp/clearvla_eval_opaque_66846.png'
07:05.542  render           | Saved: '/tmp/clearvla_eval_opaque_66846.png'
07:06.006  render           | Saved: '/tmp/clearvla_eval_opaque_66846.png'
07:06.455  render           | Saved: '/tmp/clearvla_eval_opaque_66846.png'
07:06.930  render           | Saved: '/tmp/clearvla_eval_opaque_66846.png'
07:07.443  render           | Saved: '/tmp/clearvla_eval_opaque_66846.png'
07:07.860  render           | Saved: '/tmp/clearvla_eval_opaque_66846.png'
07:08.322  render           | Saved: '/tmp/clearvla_eval_opaque_66846.png'
07:08.753  render           | Saved: '/tmp/clearvla_eval_opaque_66846.png'
07:09.261  render           | Saved: '/tmp/clearvla_eval_opaque_66846.png'
07:09.740  render           | Saved: '/tmp/clearvla_eval_opaque_66846.png'
07:10.300  render           | Saved: '/tmp/clearvla_eval_opaque_66846.png'
07:10.792  render           | Saved: '/tmp/clearvla_eval_opaque_66846.png'
07:11.349  render           | Saved: '/tmp/clearvla_eval_opaque_66846.png'
07:11.765  render           | Saved: '/tmp/clearvla_eval_opaque_66846.png'
07:12.246  render           | Saved: '/tmp/clearvla_eval_opaque_66846.png'
07:12.668  render           | Saved: '/tmp/clearvla_eval_opaque_66846.png'
07:13.149  render           | Saved: '/tmp/clearvla_eval_opaque_66846.png'
07:13.514  render           | Saved: '/tmp/clearvla_eval_opaque_66846.png'
07:14.612  render           | Saved: '/tmp/clearvla_eval_opaque_66846.png'
07:14.998  render           | Saved: '/tmp/clearvla_eval_opaque_66846.png'
07:15.474  render           | Saved: '/tmp/clearvla_eval_opaque_66846.png'
07:15.868  render           | Saved: '/tmp/clearvla_eval_opaque_66846.png'
07:16.464  render           | Saved: '/tmp/clearvla_eval_opaque_66846.png'
07:16.845  render           | Saved: '/tmp/clearvla_eval_opaque_66846.png'
07:17.285  render           | Saved: '/tmp/clearvla_eval_opaque_66846.png'
07:17.642  render           | Saved: '/tmp/clearvla_eval_opaque_66846.png'
07:18.079  render           | Saved: '/tmp/clearvla_eval_opaque_66846.png'
07:18.449  render           | Saved: '/tmp/clearvla_eval_opaque_66846.png'
07:18.910  render           | Saved: '/tmp/clearvla_eval_opaque_66846.png'
07:19.283  render           | Saved: '/tmp/clearvla_eval_opaque_66846.png'
07:19.740  render           | Saved: '/tmp/clearvla_eval_opaque_66846.png'
07:20.133  render           | Saved: '/tmp/clearvla_eval_opaque_66846.png'
07:20.635  render           | Saved: '/tmp/clearvla_eval_opaque_66846.png'
07:21.055  render           | Saved: '/tmp/clearvla_eval_opaque_66846.png'
07:21.570  render           | Saved: '/tmp/clearvla_eval_opaque_66846.png'
07:21.949  render           | Saved: '/tmp/clearvla_eval_opaque_66846.png'
07:22.416  render           | Saved: '/tmp/clearvla_eval_opaque_66846.png'
07:22.776  render           | Saved: '/tmp/clearvla_eval_opaque_66846.png'
07:23.218  render           | Saved: '/tmp/clearvla_eval_opaque_66846.png'
07:23.611  render           | Saved: '/tmp/clearvla_eval_opaque_66846.png'
07:24.085  render           | Saved: '/tmp/clearvla_eval_opaque_66846.png'
07:24.520  render           | Saved: '/tmp/clearvla_eval_opaque_66846.png'
07:25.066  render           | Saved: '/tmp/clearvla_eval_opaque_66846.png'
07:25.470  render           | Saved: '/tmp/clearvla_eval_opaque_66846.png'
07:26.059  render           | Saved: '/tmp/clearvla_eval_opaque_66846.png'
07:26.536  render           | Saved: '/tmp/clearvla_eval_opaque_66846.png'
07:27.636  render           | Saved: '/tmp/clearvla_eval_opaque_66846.png'
07:28.220  render           | Saved: '/tmp/clearvla_eval_opaque_66846.png'
07:28.835  render           | Saved: '/tmp/clearvla_eval_opaque_66846.png'
07:29.261  render           | Saved: '/tmp/clearvla_eval_opaque_66846.png'
07:29.723  render           | Saved: '/tmp/clearvla_eval_opaque_66846.png'
07:30.108  render           | Saved: '/tmp/clearvla_eval_opaque_66846.png'
07:30.544  render           | Saved: '/tmp/clearvla_eval_opaque_66846.png'
07:30.966  render           | Saved: '/tmp/clearvla_eval_opaque_66846.png'
07:31.484  render           | Saved: '/tmp/clearvla_eval_opaque_66846.png'
07:31.955  render           | Saved: '/tmp/clearvla_eval_opaque_66846.png'
07:32.484  render           | Saved: '/tmp/clearvla_eval_opaque_66846.png'
07:33.056  render           | Saved: '/tmp/clearvla_eval_opaque_66846.png'
07:33.730  render           | Saved: '/tmp/clearvla_eval_opaque_66846.png'
07:34.176  render           | Saved: '/tmp/clearvla_eval_opaque_66846.png'
07:34.737  render           | Saved: '/tmp/clearvla_eval_opaque_66846.png'
07:35.178  render           | Saved: '/tmp/clearvla_eval_opaque_66846.png'
07:35.742  render           | Saved: '/tmp/clearvla_eval_opaque_66846.png'
07:36.208  render           | Saved: '/tmp/clearvla_eval_opaque_66846.png'
07:36.718  render           | Saved: '/tmp/clearvla_eval_opaque_66846.png'
07:37.107  render           | Saved: '/tmp/clearvla_eval_opaque_66846.png'
07:37.575  render           | Saved: '/tmp/clearvla_eval_opaque_66846.png'
07:37.955  render           | Saved: '/tmp/clearvla_eval_opaque_66846.png'
07:38.444  render           | Saved: '/tmp/clearvla_eval_opaque_66846.png'
07:38.849  render           | Saved: '/tmp/clearvla_eval_opaque_66846.png'
07:39.323  render           | Saved: '/tmp/clearvla_eval_opaque_66846.png'
07:39.789  render           | Saved: '/tmp/clearvla_eval_opaque_66846.png'
07:40.352  render           | Saved: '/tmp/clearvla_eval_opaque_66846.png'
07:40.879  render           | Saved: '/tmp/clearvla_eval_opaque_66846.png'
07:41.449  render           | Saved: '/tmp/clearvla_eval_opaque_66846.png'
07:41.958  render           | Saved: '/tmp/clearvla_eval_opaque_66846.png'
07:42.522  render           | Saved: '/tmp/clearvla_eval_opaque_66846.png'
07:42.946  render           | Saved: '/tmp/clearvla_eval_opaque_66846.png'
07:43.459  render           | Saved: '/tmp/clearvla_eval_opaque_66846.png'
07:43.828  render           | Saved: '/tmp/clearvla_eval_opaque_66846.png'
07:44.266  render           | Saved: '/tmp/clearvla_eval_opaque_66846.png'
07:44.626  render           | Saved: '/tmp/clearvla_eval_opaque_66846.png'
07:45.087  render           | Saved: '/tmp/clearvla_eval_opaque_66846.png'
07:45.496  render           | Saved: '/tmp/clearvla_eval_opaque_66846.png'
07:45.993  render           | Saved: '/tmp/clearvla_eval_opaque_66846.png'
07:46.417  render           | Saved: '/tmp/clearvla_eval_opaque_66846.png'
07:46.917  render           | Saved: '/tmp/clearvla_eval_opaque_66846.png'
07:47.337  render           | Saved: '/tmp/clearvla_eval_opaque_66846.png'
07:47.768  render           | Saved: '/tmp/clearvla_eval_opaque_66846.png'
07:48.162  render           | Saved: '/tmp/clearvla_eval_opaque_66846.png'
07:48.626  render           | Saved: '/tmp/clearvla_eval_opaque_66846.png'
07:49.044  render           | Saved: '/tmp/clearvla_eval_opaque_66846.png'
07:49.582  render           | Saved: '/tmp/clearvla_eval_opaque_66846.png'
07:49.999  render           | Saved: '/tmp/clearvla_eval_opaque_66846.png'
07:50.504  render           | Saved: '/tmp/clearvla_eval_opaque_66846.png'
07:50.943  render           | Saved: '/tmp/clearvla_eval_opaque_66846.png'
07:51.465  render           | Saved: '/tmp/clearvla_eval_opaque_66846.png'
07:51.852  render           | Saved: '/tmp/clearvla_eval_opaque_66846.png'
07:52.284  render           | Saved: '/tmp/clearvla_eval_opaque_66846.png'
07:52.646  render           | Saved: '/tmp/clearvla_eval_opaque_66846.png'
07:53.115  render           | Saved: '/tmp/clearvla_eval_opaque_66846.png'
07:53.490  render           | Saved: '/tmp/clearvla_eval_opaque_66846.png'
07:53.984  render           | Saved: '/tmp/clearvla_eval_opaque_66846.png'
07:54.423  render           | Saved: '/tmp/clearvla_eval_opaque_66846.png'
07:54.993  render           | Saved: '/tmp/clearvla_eval_opaque_66846.png'
07:55.536  render           | Saved: '/tmp/clearvla_eval_opaque_66846.png'
07:56.170  render           | Saved: '/tmp/clearvla_eval_opaque_66846.png'
07:56.621  render           | Saved: '/tmp/clearvla_eval_opaque_66846.png'
07:57.101  render           | Saved: '/tmp/clearvla_eval_opaque_66846.png'
07:57.531  render           | Saved: '/tmp/clearvla_eval_opaque_66846.png'
07:58.134  render           | Saved: '/tmp/clearvla_eval_opaque_66846.png'
07:58.541  render           | Saved: '/tmp/clearvla_eval_opaque_66846.png'
07:58.976  render           | Saved: '/tmp/clearvla_eval_opaque_66846.png'
07:59.331  render           | Saved: '/tmp/clearvla_eval_opaque_66846.png'
07:59.853  render           | Saved: '/tmp/clearvla_eval_opaque_66846.png'
08:00.320  render           | Saved: '/tmp/clearvla_eval_opaque_66846.png'
08:00.833  render           | Saved: '/tmp/clearvla_eval_opaque_66846.png'
08:01.306  render           | Saved: '/tmp/clearvla_eval_opaque_66846.png'
08:01.809  render           | Saved: '/tmp/clearvla_eval_opaque_66846.png'
08:02.203  render           | Saved: '/tmp/clearvla_eval_opaque_66846.png'
08:02.687  render           | Saved: '/tmp/clearvla_eval_opaque_66846.png'
08:03.169  render           | Saved: '/tmp/clearvla_eval_opaque_66846.png'
08:04.247  render           | Saved: '/tmp/clearvla_eval_opaque_66846.png'
08:04.801  render           | Saved: '/tmp/clearvla_eval_opaque_66846.png'
08:05.374  render           | Saved: '/tmp/clearvla_eval_opaque_66846.png'
08:05.920  render           | Saved: '/tmp/clearvla_eval_opaque_66846.png'
08:06.522  render           | Saved: '/tmp/clearvla_eval_opaque_66846.png'
08:06.916  render           | Saved: '/tmp/clearvla_eval_opaque_66846.png'
08:07.379  render           | Saved: '/tmp/clearvla_eval_opaque_66846.png'
08:07.781  render           | Saved: '/tmp/clearvla_eval_opaque_66846.png'
08:08.243  render           | Saved: '/tmp/clearvla_eval_opaque_66846.png'
08:08.659  render           | Saved: '/tmp/clearvla_eval_opaque_66846.png'
08:09.176  render           | Saved: '/tmp/clearvla_eval_opaque_66846.png'
08:09.620  render           | Saved: '/tmp/clearvla_eval_opaque_66846.png'
08:10.151  render           | Saved: '/tmp/clearvla_eval_opaque_66846.png'
08:10.601  render           | Saved: '/tmp/clearvla_eval_opaque_66846.png'
08:11.156  render           | Saved: '/tmp/clearvla_eval_opaque_66846.png'
08:11.620  render           | Saved: '/tmp/clearvla_eval_opaque_66846.png'
08:12.113  render           | Saved: '/tmp/clearvla_eval_opaque_66846.png'
08:12.490  render           | Saved: '/tmp/clearvla_eval_opaque_66846.png'
08:13.046  render           | Saved: '/tmp/clearvla_eval_opaque_66846.png'
08:13.423  render           | Saved: '/tmp/clearvla_eval_opaque_66846.png'
08:13.877  render           | Saved: '/tmp/clearvla_eval_opaque_66846.png'
08:14.234  render           | Saved: '/tmp/clearvla_eval_opaque_66846.png'
08:14.769  render           | Saved: '/tmp/clearvla_eval_opaque_66846.png'
08:15.261  render           | Saved: '/tmp/clearvla_eval_opaque_66846.png'
08:15.715  render           | Saved: '/tmp/clearvla_eval_opaque_66846.png'
08:16.185  render           | Saved: '/tmp/clearvla_eval_opaque_66846.png'
08:17.415  render           | Saved: '/tmp/clearvla_eval_opaque_66846.png'
08:17.979  render           | Saved: '/tmp/clearvla_eval_opaque_66846.png'
08:18.547  render           | Saved: '/tmp/clearvla_eval_opaque_66846.png'
08:19.002  render           | Saved: '/tmp/clearvla_eval_opaque_66846.png'
08:19.478  render           | Saved: '/tmp/clearvla_eval_opaque_66846.png'
08:19.953  render           | Saved: '/tmp/clearvla_eval_opaque_66846.png'
08:20.377  render           | Saved: '/tmp/clearvla_eval_opaque_66846.png'
08:20.746  render           | Saved: '/tmp/clearvla_eval_opaque_66846.png'
08:21.199  render           | Saved: '/tmp/clearvla_eval_opaque_66846.png'
08:21.788  render           | Saved: '/tmp/clearvla_eval_opaque_66846.png'
08:22.257  render           | Saved: '/tmp/clearvla_eval_opaque_66846.png'
08:22.696  render           | Saved: '/tmp/clearvla_eval_opaque_66846.png'
08:23.160  render           | Saved: '/tmp/clearvla_eval_opaque_66846.png'
08:23.587  render           | Saved: '/tmp/clearvla_eval_opaque_66846.png'
08:24.057  render           | Saved: '/tmp/clearvla_eval_opaque_66846.png'
08:24.442  render           | Saved: '/tmp/clearvla_eval_opaque_66846.png'
08:24.895  render           | Saved: '/tmp/clearvla_eval_opaque_66846.png'
08:25.272  render           | Saved: '/tmp/clearvla_eval_opaque_66846.png'
08:25.724  render           | Saved: '/tmp/clearvla_eval_opaque_66846.png'
08:26.124  render           | Saved: '/tmp/clearvla_eval_opaque_66846.png'
08:26.614  render           | Saved: '/tmp/clearvla_eval_opaque_66846.png'
08:27.057  render           | Saved: '/tmp/clearvla_eval_opaque_66846.png'
08:27.549  render           | Saved: '/tmp/clearvla_eval_opaque_66846.png'
08:27.999  render           | Saved: '/tmp/clearvla_eval_opaque_66846.png'
08:28.478  render           | Saved: '/tmp/clearvla_eval_opaque_66846.png'
08:28.862  render           | Saved: '/tmp/clearvla_eval_opaque_66846.png'
08:29.323  render           | Saved: '/tmp/clearvla_eval_opaque_66846.png'
08:29.778  render           | Saved: '/tmp/clearvla_eval_opaque_66846.png'
08:30.284  render           | Saved: '/tmp/clearvla_eval_opaque_66846.png'
08:30.724  render           | Saved: '/tmp/clearvla_eval_opaque_66846.png'
08:31.203  render           | Saved: '/tmp/clearvla_eval_opaque_66846.png'
08:31.708  render           | Saved: '/tmp/clearvla_eval_opaque_66846.png'
[full/opaque] grasp: 27/30  (8.4 min, 14.9 s/ep)
08:32.747  render           | Saved: '/tmp/clearvla_eval_opaque_66846.png'
08:33.144  render           | Saved: '/tmp/clearvla_eval_opaque_66846.png'
08:33.607  render           | Saved: '/tmp/clearvla_eval_opaque_66846.png'
08:33.977  render           | Saved: '/tmp/clearvla_eval_opaque_66846.png'
08:34.421  render           | Saved: '/tmp/clearvla_eval_opaque_66846.png'
08:34.787  render           | Saved: '/tmp/clearvla_eval_opaque_66846.png'
08:35.232  render           | Saved: '/tmp/clearvla_eval_opaque_66846.png'
08:35.608  render           | Saved: '/tmp/clearvla_eval_opaque_66846.png'
08:36.254  render           | Saved: '/tmp/clearvla_eval_opaque_66846.png'
08:36.796  render           | Saved: '/tmp/clearvla_eval_opaque_66846.png'
08:37.328  render           | Saved: '/tmp/clearvla_eval_opaque_66846.png'
08:37.774  render           | Saved: '/tmp/clearvla_eval_opaque_66846.png'
08:38.238  render           | Saved: '/tmp/clearvla_eval_opaque_66846.png'
08:38.614  render           | Saved: '/tmp/clearvla_eval_opaque_66846.png'
08:39.126  render           | Saved: '/tmp/clearvla_eval_opaque_66846.png'
08:39.549  render           | Saved: '/tmp/clearvla_eval_opaque_66846.png'
08:40.081  render           | Saved: '/tmp/clearvla_eval_opaque_66846.png'
08:40.532  render           | Saved: '/tmp/clearvla_eval_opaque_66846.png'
08:41.037  render           | Saved: '/tmp/clearvla_eval_opaque_66846.png'
08:41.468  render           | Saved: '/tmp/clearvla_eval_opaque_66846.png'
08:41.929  render           | Saved: '/tmp/clearvla_eval_opaque_66846.png'
08:42.329  render           | Saved: '/tmp/clearvla_eval_opaque_66846.png'
08:42.790  render           | Saved: '/tmp/clearvla_eval_opaque_66846.png'
08:43.183  render           | Saved: '/tmp/clearvla_eval_opaque_66846.png'
08:43.775  render           | Saved: '/tmp/clearvla_eval_opaque_66846.png'
08:44.183  render           | Saved: '/tmp/clearvla_eval_opaque_66846.png'
08:44.710  render           | Saved: '/tmp/clearvla_eval_opaque_66846.png'
08:45.101  render           | Saved: '/tmp/clearvla_eval_opaque_66846.png'
08:45.554  render           | Saved: '/tmp/clearvla_eval_opaque_66846.png'
08:45.918  render           | Saved: '/tmp/clearvla_eval_opaque_66846.png'
08:47.086  render           | Saved: '/tmp/clearvla_eval_opaque_66846.png'
08:47.465  render           | Saved: '/tmp/clearvla_eval_opaque_66846.png'
08:47.901  render           | Saved: '/tmp/clearvla_eval_opaque_66846.png'
08:48.257  render           | Saved: '/tmp/clearvla_eval_opaque_66846.png'
08:48.779  render           | Saved: '/tmp/clearvla_eval_opaque_66846.png'
08:49.220  render           | Saved: '/tmp/clearvla_eval_opaque_66846.png'
08:49.701  render           | Saved: '/tmp/clearvla_eval_opaque_66846.png'
08:50.116  render           | Saved: '/tmp/clearvla_eval_opaque_66846.png'
08:50.559  render           | Saved: '/tmp/clearvla_eval_opaque_66846.png'
08:50.999  render           | Saved: '/tmp/clearvla_eval_opaque_66846.png'
08:51.454  render           | Saved: '/tmp/clearvla_eval_opaque_66846.png'
08:51.982  render           | Saved: '/tmp/clearvla_eval_opaque_66846.png'
08:52.528  render           | Saved: '/tmp/clearvla_eval_opaque_66846.png'
08:53.063  render           | Saved: '/tmp/clearvla_eval_opaque_66846.png'
08:53.576  render           | Saved: '/tmp/clearvla_eval_opaque_66846.png'
08:53.989  render           | Saved: '/tmp/clearvla_eval_opaque_66846.png'
08:54.497  render           | Saved: '/tmp/clearvla_eval_opaque_66846.png'
08:54.953  render           | Saved: '/tmp/clearvla_eval_opaque_66846.png'
08:55.467  render           | Saved: '/tmp/clearvla_eval_opaque_66846.png'
08:55.924  render           | Saved: '/tmp/clearvla_eval_opaque_66846.png'
08:56.396  render           | Saved: '/tmp/clearvla_eval_opaque_66846.png'
08:56.803  render           | Saved: '/tmp/clearvla_eval_opaque_66846.png'
08:57.294  render           | Saved: '/tmp/clearvla_eval_opaque_66846.png'
08:57.693  render           | Saved: '/tmp/clearvla_eval_opaque_66846.png'
08:58.168  render           | Saved: '/tmp/clearvla_eval_opaque_66846.png'
08:58.574  render           | Saved: '/tmp/clearvla_eval_opaque_66846.png'
08:59.097  render           | Saved: '/tmp/clearvla_eval_opaque_66846.png'
08:59.556  render           | Saved: '/tmp/clearvla_eval_opaque_66846.png'
09:00.101  render           | Saved: '/tmp/clearvla_eval_opaque_66846.png'
09:00.505  render           | Saved: '/tmp/clearvla_eval_opaque_66846.png'
09:01.622  render           | Saved: '/tmp/clearvla_eval_opaque_66846.png'
09:02.280  render           | Saved: '/tmp/clearvla_eval_opaque_66846.png'
09:02.850  render           | Saved: '/tmp/clearvla_eval_opaque_66846.png'
09:03.217  render           | Saved: '/tmp/clearvla_eval_opaque_66846.png'
09:03.650  render           | Saved: '/tmp/clearvla_eval_opaque_66846.png'
09:04.049  render           | Saved: '/tmp/clearvla_eval_opaque_66846.png'
09:04.614  render           | Saved: '/tmp/clearvla_eval_opaque_66846.png'
09:05.074  render           | Saved: '/tmp/clearvla_eval_opaque_66846.png'
09:05.588  render           | Saved: '/tmp/clearvla_eval_opaque_66846.png'
09:06.039  render           | Saved: '/tmp/clearvla_eval_opaque_66846.png'
09:06.571  render           | Saved: '/tmp/clearvla_eval_opaque_66846.png'
09:07.074  render           | Saved: '/tmp/clearvla_eval_opaque_66846.png'
09:07.573  render           | Saved: '/tmp/clearvla_eval_opaque_66846.png'
09:08.029  render           | Saved: '/tmp/clearvla_eval_opaque_66846.png'
09:08.537  render           | Saved: '/tmp/clearvla_eval_opaque_66846.png'
09:08.941  render           | Saved: '/tmp/clearvla_eval_opaque_66846.png'
09:09.474  render           | Saved: '/tmp/clearvla_eval_opaque_66846.png'
09:09.989  render           | Saved: '/tmp/clearvla_eval_opaque_66846.png'
09:10.480  render           | Saved: '/tmp/clearvla_eval_opaque_66846.png'
09:10.872  render           | Saved: '/tmp/clearvla_eval_opaque_66846.png'
09:11.326  render           | Saved: '/tmp/clearvla_eval_opaque_66846.png'
09:11.688  render           | Saved: '/tmp/clearvla_eval_opaque_66846.png'
09:12.152  render           | Saved: '/tmp/clearvla_eval_opaque_66846.png'
09:12.567  render           | Saved: '/tmp/clearvla_eval_opaque_66846.png'
09:13.020  render           | Saved: '/tmp/clearvla_eval_opaque_66846.png'
09:13.436  render           | Saved: '/tmp/clearvla_eval_opaque_66846.png'
09:13.899  render           | Saved: '/tmp/clearvla_eval_opaque_66846.png'
09:14.294  render           | Saved: '/tmp/clearvla_eval_opaque_66846.png'
09:15.458  render           | Saved: '/tmp/clearvla_eval_opaque_66846.png'
09:15.940  render           | Saved: '/tmp/clearvla_eval_opaque_66846.png'
09:16.456  render           | Saved: '/tmp/clearvla_eval_opaque_66846.png'
09:16.884  render           | Saved: '/tmp/clearvla_eval_opaque_66846.png'
09:17.359  render           | Saved: '/tmp/clearvla_eval_opaque_66846.png'
09:17.746  render           | Saved: '/tmp/clearvla_eval_opaque_66846.png'
09:18.202  render           | Saved: '/tmp/clearvla_eval_opaque_66846.png'
09:18.604  render           | Saved: '/tmp/clearvla_eval_opaque_66846.png'
09:19.057  render           | Saved: '/tmp/clearvla_eval_opaque_66846.png'
09:19.436  render           | Saved: '/tmp/clearvla_eval_opaque_66846.png'
09:20.016  render           | Saved: '/tmp/clearvla_eval_opaque_66846.png'
09:20.427  render           | Saved: '/tmp/clearvla_eval_opaque_66846.png'
09:21.004  render           | Saved: '/tmp/clearvla_eval_opaque_66846.png'
09:21.528  render           | Saved: '/tmp/clearvla_eval_opaque_66846.png'
09:22.196  render           | Saved: '/tmp/clearvla_eval_opaque_66846.png'
09:22.634  render           | Saved: '/tmp/clearvla_eval_opaque_66846.png'
09:23.122  render           | Saved: '/tmp/clearvla_eval_opaque_66846.png'
09:23.538  render           | Saved: '/tmp/clearvla_eval_opaque_66846.png'
09:24.104  render           | Saved: '/tmp/clearvla_eval_opaque_66846.png'
09:24.493  render           | Saved: '/tmp/clearvla_eval_opaque_66846.png'
09:25.201  render           | Saved: '/tmp/clearvla_eval_opaque_66846.png'
09:25.599  render           | Saved: '/tmp/clearvla_eval_opaque_66846.png'
09:26.095  render           | Saved: '/tmp/clearvla_eval_opaque_66846.png'
09:26.451  render           | Saved: '/tmp/clearvla_eval_opaque_66846.png'
09:26.974  render           | Saved: '/tmp/clearvla_eval_opaque_66846.png'
09:27.437  render           | Saved: '/tmp/clearvla_eval_opaque_66846.png'
09:27.940  render           | Saved: '/tmp/clearvla_eval_opaque_66846.png'
09:28.386  render           | Saved: '/tmp/clearvla_eval_opaque_66846.png'
09:29.515  render           | Saved: '/tmp/clearvla_eval_opaque_66846.png'
09:29.954  render           | Saved: '/tmp/clearvla_eval_opaque_66846.png'
09:30.465  render           | Saved: '/tmp/clearvla_eval_opaque_66846.png'
09:30.860  render           | Saved: '/tmp/clearvla_eval_opaque_66846.png'
09:31.379  render           | Saved: '/tmp/clearvla_eval_opaque_66846.png'
09:31.907  render           | Saved: '/tmp/clearvla_eval_opaque_66846.png'
09:32.405  render           | Saved: '/tmp/clearvla_eval_opaque_66846.png'
09:32.826  render           | Saved: '/tmp/clearvla_eval_opaque_66846.png'
09:33.283  render           | Saved: '/tmp/clearvla_eval_opaque_66846.png'
09:33.750  render           | Saved: '/tmp/clearvla_eval_opaque_66846.png'
09:34.232  render           | Saved: '/tmp/clearvla_eval_opaque_66846.png'
09:34.619  render           | Saved: '/tmp/clearvla_eval_opaque_66846.png'
09:35.051  render           | Saved: '/tmp/clearvla_eval_opaque_66846.png'
09:35.407  render           | Saved: '/tmp/clearvla_eval_opaque_66846.png'
09:35.838  render           | Saved: '/tmp/clearvla_eval_opaque_66846.png'
09:36.214  render           | Saved: '/tmp/clearvla_eval_opaque_66846.png'
09:36.819  render           | Saved: '/tmp/clearvla_eval_opaque_66846.png'
09:37.217  render           | Saved: '/tmp/clearvla_eval_opaque_66846.png'
09:37.719  render           | Saved: '/tmp/clearvla_eval_opaque_66846.png'
09:38.296  render           | Saved: '/tmp/clearvla_eval_opaque_66846.png'
09:38.859  render           | Saved: '/tmp/clearvla_eval_opaque_66846.png'
09:39.276  render           | Saved: '/tmp/clearvla_eval_opaque_66846.png'
09:39.897  render           | Saved: '/tmp/clearvla_eval_opaque_66846.png'
09:40.392  render           | Saved: '/tmp/clearvla_eval_opaque_66846.png'
09:40.915  render           | Saved: '/tmp/clearvla_eval_opaque_66846.png'
09:41.280  render           | Saved: '/tmp/clearvla_eval_opaque_66846.png'
09:41.840  render           | Saved: '/tmp/clearvla_eval_opaque_66846.png'
09:42.216  render           | Saved: '/tmp/clearvla_eval_opaque_66846.png'
09:42.681  render           | Saved: '/tmp/clearvla_eval_opaque_66846.png'
09:43.024  render           | Saved: '/tmp/clearvla_eval_opaque_66846.png'
09:43.468  render           | Saved: '/tmp/clearvla_eval_opaque_66846.png'
09:43.850  render           | Saved: '/tmp/clearvla_eval_opaque_66846.png'
09:45.022  render           | Saved: '/tmp/clearvla_eval_opaque_66846.png'
09:45.381  render           | Saved: '/tmp/clearvla_eval_opaque_66846.png'
09:45.826  render           | Saved: '/tmp/clearvla_eval_opaque_66846.png'
09:46.207  render           | Saved: '/tmp/clearvla_eval_opaque_66846.png'
09:46.678  render           | Saved: '/tmp/clearvla_eval_opaque_66846.png'
09:47.270  render           | Saved: '/tmp/clearvla_eval_opaque_66846.png'
09:47.821  render           | Saved: '/tmp/clearvla_eval_opaque_66846.png'
09:48.322  render           | Saved: '/tmp/clearvla_eval_opaque_66846.png'
09:48.836  render           | Saved: '/tmp/clearvla_eval_opaque_66846.png'
09:49.278  render           | Saved: '/tmp/clearvla_eval_opaque_66846.png'
09:49.779  render           | Saved: '/tmp/clearvla_eval_opaque_66846.png'
09:50.149  render           | Saved: '/tmp/clearvla_eval_opaque_66846.png'
09:50.575  render           | Saved: '/tmp/clearvla_eval_opaque_66846.png'
09:50.919  render           | Saved: '/tmp/clearvla_eval_opaque_66846.png'
09:51.356  render           | Saved: '/tmp/clearvla_eval_opaque_66846.png'
09:51.711  render           | Saved: '/tmp/clearvla_eval_opaque_66846.png'
09:52.177  render           | Saved: '/tmp/clearvla_eval_opaque_66846.png'
09:52.594  render           | Saved: '/tmp/clearvla_eval_opaque_66846.png'
09:53.129  render           | Saved: '/tmp/clearvla_eval_opaque_66846.png'
09:53.654  render           | Saved: '/tmp/clearvla_eval_opaque_66846.png'
09:54.125  render           | Saved: '/tmp/clearvla_eval_opaque_66846.png'
09:54.513  render           | Saved: '/tmp/clearvla_eval_opaque_66846.png'
09:54.971  render           | Saved: '/tmp/clearvla_eval_opaque_66846.png'
09:55.352  render           | Saved: '/tmp/clearvla_eval_opaque_66846.png'
09:55.823  render           | Saved: '/tmp/clearvla_eval_opaque_66846.png'
09:56.236  render           | Saved: '/tmp/clearvla_eval_opaque_66846.png'
09:56.696  render           | Saved: '/tmp/clearvla_eval_opaque_66846.png'
09:57.218  render           | Saved: '/tmp/clearvla_eval_opaque_66846.png'
09:58.546  render           | Saved: '/tmp/clearvla_eval_opaque_66846.png'
09:58.972  render           | Saved: '/tmp/clearvla_eval_opaque_66846.png'
09:59.571  render           | Saved: '/tmp/clearvla_eval_opaque_66846.png'
10:00.016  render           | Saved: '/tmp/clearvla_eval_opaque_66846.png'
10:00.519  render           | Saved: '/tmp/clearvla_eval_opaque_66846.png'
10:00.953  render           | Saved: '/tmp/clearvla_eval_opaque_66846.png'
10:01.410  render           | Saved: '/tmp/clearvla_eval_opaque_66846.png'
10:01.789  render           | Saved: '/tmp/clearvla_eval_opaque_66846.png'
10:02.228  render           | Saved: '/tmp/clearvla_eval_opaque_66846.png'
10:02.586  render           | Saved: '/tmp/clearvla_eval_opaque_66846.png'
10:03.155  render           | Saved: '/tmp/clearvla_eval_opaque_66846.png'
10:03.605  render           | Saved: '/tmp/clearvla_eval_opaque_66846.png'
10:04.266  render           | Saved: '/tmp/clearvla_eval_opaque_66846.png'
10:04.755  render           | Saved: '/tmp/clearvla_eval_opaque_66846.png'
10:05.255  render           | Saved: '/tmp/clearvla_eval_opaque_66846.png'
10:05.754  render           | Saved: '/tmp/clearvla_eval_opaque_66846.png'
10:06.271  render           | Saved: '/tmp/clearvla_eval_opaque_66846.png'
10:06.767  render           | Saved: '/tmp/clearvla_eval_opaque_66846.png'
10:07.409  render           | Saved: '/tmp/clearvla_eval_opaque_66846.png'
10:08.078  render           | Saved: '/tmp/clearvla_eval_opaque_66846.png'
10:08.625  render           | Saved: '/tmp/clearvla_eval_opaque_66846.png'
10:09.154  render           | Saved: '/tmp/clearvla_eval_opaque_66846.png'
10:09.800  render           | Saved: '/tmp/clearvla_eval_opaque_66846.png'
10:10.256  render           | Saved: '/tmp/clearvla_eval_opaque_66846.png'
10:10.720  render           | Saved: '/tmp/clearvla_eval_opaque_66846.png'
10:11.088  render           | Saved: '/tmp/clearvla_eval_opaque_66846.png'
10:11.518  render           | Saved: '/tmp/clearvla_eval_opaque_66846.png'
10:11.902  render           | Saved: '/tmp/clearvla_eval_opaque_66846.png'
10:12.355  render           | Saved: '/tmp/clearvla_eval_opaque_66846.png'
10:12.782  render           | Saved: '/tmp/clearvla_eval_opaque_66846.png'
10:14.072  render           | Saved: '/tmp/clearvla_eval_opaque_66846.png'
10:14.546  render           | Saved: '/tmp/clearvla_eval_opaque_66846.png'
10:15.056  render           | Saved: '/tmp/clearvla_eval_opaque_66846.png'
10:15.473  render           | Saved: '/tmp/clearvla_eval_opaque_66846.png'
10:15.909  render           | Saved: '/tmp/clearvla_eval_opaque_66846.png'
10:16.283  render           | Saved: '/tmp/clearvla_eval_opaque_66846.png'
10:16.744  render           | Saved: '/tmp/clearvla_eval_opaque_66846.png'
10:17.096  render           | Saved: '/tmp/clearvla_eval_opaque_66846.png'
10:17.540  render           | Saved: '/tmp/clearvla_eval_opaque_66846.png'
10:17.954  render           | Saved: '/tmp/clearvla_eval_opaque_66846.png'
10:18.410  render           | Saved: '/tmp/clearvla_eval_opaque_66846.png'
10:18.791  render           | Saved: '/tmp/clearvla_eval_opaque_66846.png'
10:19.253  render           | Saved: '/tmp/clearvla_eval_opaque_66846.png'
10:19.682  render           | Saved: '/tmp/clearvla_eval_opaque_66846.png'
10:20.358  render           | Saved: '/tmp/clearvla_eval_opaque_66846.png'
10:20.970  render           | Saved: '/tmp/clearvla_eval_opaque_66846.png'
10:21.698  render           | Saved: '/tmp/clearvla_eval_opaque_66846.png'
10:22.141  render           | Saved: '/tmp/clearvla_eval_opaque_66846.png'
10:22.621  render           | Saved: '/tmp/clearvla_eval_opaque_66846.png'
10:22.993  render           | Saved: '/tmp/clearvla_eval_opaque_66846.png'
10:23.453  render           | Saved: '/tmp/clearvla_eval_opaque_66846.png'
10:23.819  render           | Saved: '/tmp/clearvla_eval_opaque_66846.png'
10:24.310  render           | Saved: '/tmp/clearvla_eval_opaque_66846.png'
10:24.738  render           | Saved: '/tmp/clearvla_eval_opaque_66846.png'
10:25.327  render           | Saved: '/tmp/clearvla_eval_opaque_66846.png'
10:25.764  render           | Saved: '/tmp/clearvla_eval_opaque_66846.png'
10:26.240  render           | Saved: '/tmp/clearvla_eval_opaque_66846.png'
10:26.631  render           | Saved: '/tmp/clearvla_eval_opaque_66846.png'
10:27.881  render           | Saved: '/tmp/clearvla_eval_opaque_66846.png'
10:28.410  render           | Saved: '/tmp/clearvla_eval_opaque_66846.png'
10:28.985  render           | Saved: '/tmp/clearvla_eval_opaque_66846.png'
10:29.366  render           | Saved: '/tmp/clearvla_eval_opaque_66846.png'
10:29.819  render           | Saved: '/tmp/clearvla_eval_opaque_66846.png'
10:30.296  render           | Saved: '/tmp/clearvla_eval_opaque_66846.png'
10:30.857  render           | Saved: '/tmp/clearvla_eval_opaque_66846.png'
10:31.392  render           | Saved: '/tmp/clearvla_eval_opaque_66846.png'
10:31.954  render           | Saved: '/tmp/clearvla_eval_opaque_66846.png'
10:32.418  render           | Saved: '/tmp/clearvla_eval_opaque_66846.png'
10:32.892  render           | Saved: '/tmp/clearvla_eval_opaque_66846.png'
10:33.279  render           | Saved: '/tmp/clearvla_eval_opaque_66846.png'
10:33.819  render           | Saved: '/tmp/clearvla_eval_opaque_66846.png'
10:34.362  render           | Saved: '/tmp/clearvla_eval_opaque_66846.png'
10:34.874  render           | Saved: '/tmp/clearvla_eval_opaque_66846.png'
10:35.296  render           | Saved: '/tmp/clearvla_eval_opaque_66846.png'
10:35.760  render           | Saved: '/tmp/clearvla_eval_opaque_66846.png'
10:36.146  render           | Saved: '/tmp/clearvla_eval_opaque_66846.png'
10:36.609  render           | Saved: '/tmp/clearvla_eval_opaque_66846.png'
10:36.975  render           | Saved: '/tmp/clearvla_eval_opaque_66846.png'
10:37.442  render           | Saved: '/tmp/clearvla_eval_opaque_66846.png'
10:37.856  render           | Saved: '/tmp/clearvla_eval_opaque_66846.png'
10:38.409  render           | Saved: '/tmp/clearvla_eval_opaque_66846.png'
10:38.838  render           | Saved: '/tmp/clearvla_eval_opaque_66846.png'
10:39.552  render           | Saved: '/tmp/clearvla_eval_opaque_66846.png'
10:39.978  render           | Saved: '/tmp/clearvla_eval_opaque_66846.png'
10:41.302  render           | Saved: '/tmp/clearvla_eval_opaque_66846.png'
10:41.912  render           | Saved: '/tmp/clearvla_eval_opaque_66846.png'
10:42.547  render           | Saved: '/tmp/clearvla_eval_opaque_66846.png'
10:43.043  render           | Saved: '/tmp/clearvla_eval_opaque_66846.png'
10:43.563  render           | Saved: '/tmp/clearvla_eval_opaque_66846.png'
10:44.009  render           | Saved: '/tmp/clearvla_eval_opaque_66846.png'
10:44.494  render           | Saved: '/tmp/clearvla_eval_opaque_66846.png'
10:45.041  render           | Saved: '/tmp/clearvla_eval_opaque_66846.png'
10:45.667  render           | Saved: '/tmp/clearvla_eval_opaque_66846.png'
10:46.222  render           | Saved: '/tmp/clearvla_eval_opaque_66846.png'
10:46.835  render           | Saved: '/tmp/clearvla_eval_opaque_66846.png'
10:47.251  render           | Saved: '/tmp/clearvla_eval_opaque_66846.png'
10:47.728  render           | Saved: '/tmp/clearvla_eval_opaque_66846.png'
10:48.198  render           | Saved: '/tmp/clearvla_eval_opaque_66846.png'
10:48.929  render           | Saved: '/tmp/clearvla_eval_opaque_66846.png'
10:49.398  render           | Saved: '/tmp/clearvla_eval_opaque_66846.png'
10:49.954  render           | Saved: '/tmp/clearvla_eval_opaque_66846.png'
10:50.572  render           | Saved: '/tmp/clearvla_eval_opaque_66846.png'
10:51.177  render           | Saved: '/tmp/clearvla_eval_opaque_66846.png'
10:51.697  render           | Saved: '/tmp/clearvla_eval_opaque_66846.png'
10:52.306  render           | Saved: '/tmp/clearvla_eval_opaque_66846.png'
10:52.798  render           | Saved: '/tmp/clearvla_eval_opaque_66846.png'
10:53.406  render           | Saved: '/tmp/clearvla_eval_opaque_66846.png'
10:53.926  render           | Saved: '/tmp/clearvla_eval_opaque_66846.png'
10:54.494  render           | Saved: '/tmp/clearvla_eval_opaque_66846.png'
10:55.011  render           | Saved: '/tmp/clearvla_eval_opaque_66846.png'
10:55.794  render           | Saved: '/tmp/clearvla_eval_opaque_66846.png'
10:56.252  render           | Saved: '/tmp/clearvla_eval_opaque_66846.png'
[full/opaque] grasp: 37/40  (10.8 min, 15.6 s/ep)
10:57.487  render           | Saved: '/tmp/clearvla_eval_opaque_66846.png'
10:57.863  render           | Saved: '/tmp/clearvla_eval_opaque_66846.png'
10:58.338  render           | Saved: '/tmp/clearvla_eval_opaque_66846.png'
10:58.738  render           | Saved: '/tmp/clearvla_eval_opaque_66846.png'
10:59.236  render           | Saved: '/tmp/clearvla_eval_opaque_66846.png'
10:59.626  render           | Saved: '/tmp/clearvla_eval_opaque_66846.png'
11:00.074  render           | Saved: '/tmp/clearvla_eval_opaque_66846.png'
11:00.438  render           | Saved: '/tmp/clearvla_eval_opaque_66846.png'
11:00.886  render           | Saved: '/tmp/clearvla_eval_opaque_66846.png'
11:01.261  render           | Saved: '/tmp/clearvla_eval_opaque_66846.png'
11:01.744  render           | Saved: '/tmp/clearvla_eval_opaque_66846.png'
11:02.099  render           | Saved: '/tmp/clearvla_eval_opaque_66846.png'
11:02.802  render           | Saved: '/tmp/clearvla_eval_opaque_66846.png'
11:03.377  render           | Saved: '/tmp/clearvla_eval_opaque_66846.png'
11:04.018  render           | Saved: '/tmp/clearvla_eval_opaque_66846.png'
11:04.472  render           | Saved: '/tmp/clearvla_eval_opaque_66846.png'
11:04.964  render           | Saved: '/tmp/clearvla_eval_opaque_66846.png'
11:05.338  render           | Saved: '/tmp/clearvla_eval_opaque_66846.png'
11:05.927  render           | Saved: '/tmp/clearvla_eval_opaque_66846.png'
11:06.424  render           | Saved: '/tmp/clearvla_eval_opaque_66846.png'
11:07.019  render           | Saved: '/tmp/clearvla_eval_opaque_66846.png'
11:07.497  render           | Saved: '/tmp/clearvla_eval_opaque_66846.png'
11:08.081  render           | Saved: '/tmp/clearvla_eval_opaque_66846.png'
11:08.504  render           | Saved: '/tmp/clearvla_eval_opaque_66846.png'
11:08.979  render           | Saved: '/tmp/clearvla_eval_opaque_66846.png'
11:09.397  render           | Saved: '/tmp/clearvla_eval_opaque_66846.png'
11:09.872  render           | Saved: '/tmp/clearvla_eval_opaque_66846.png'
11:10.269  render           | Saved: '/tmp/clearvla_eval_opaque_66846.png'
11:10.707  render           | Saved: '/tmp/clearvla_eval_opaque_66846.png'
11:11.065  render           | Saved: '/tmp/clearvla_eval_opaque_66846.png'
11:11.559  render           | Saved: '/tmp/clearvla_eval_opaque_66846.png'
11:11.956  render           | Saved: '/tmp/clearvla_eval_opaque_66846.png'
11:12.411  render           | Saved: '/tmp/clearvla_eval_opaque_66846.png'
11:12.770  render           | Saved: '/tmp/clearvla_eval_opaque_66846.png'
11:13.287  render           | Saved: '/tmp/clearvla_eval_opaque_66846.png'
11:13.781  render           | Saved: '/tmp/clearvla_eval_opaque_66846.png'
11:14.326  render           | Saved: '/tmp/clearvla_eval_opaque_66846.png'
11:14.834  render           | Saved: '/tmp/clearvla_eval_opaque_66846.png'
11:15.295  render           | Saved: '/tmp/clearvla_eval_opaque_66846.png'
11:15.725  render           | Saved: '/tmp/clearvla_eval_opaque_66846.png'
11:16.236  render           | Saved: '/tmp/clearvla_eval_opaque_66846.png'
11:16.853  render           | Saved: '/tmp/clearvla_eval_opaque_66846.png'
11:17.462  render           | Saved: '/tmp/clearvla_eval_opaque_66846.png'
11:17.987  render           | Saved: '/tmp/clearvla_eval_opaque_66846.png'
11:18.598  render           | Saved: '/tmp/clearvla_eval_opaque_66846.png'
11:19.136  render           | Saved: '/tmp/clearvla_eval_opaque_66846.png'
11:19.773  render           | Saved: '/tmp/clearvla_eval_opaque_66846.png'
11:20.278  render           | Saved: '/tmp/clearvla_eval_opaque_66846.png'
11:20.821  render           | Saved: '/tmp/clearvla_eval_opaque_66846.png'
11:21.245  render           | Saved: '/tmp/clearvla_eval_opaque_66846.png'
11:21.760  render           | Saved: '/tmp/clearvla_eval_opaque_66846.png'
11:22.137  render           | Saved: '/tmp/clearvla_eval_opaque_66846.png'
11:22.576  render           | Saved: '/tmp/clearvla_eval_opaque_66846.png'
11:22.918  render           | Saved: '/tmp/clearvla_eval_opaque_66846.png'
11:23.346  render           | Saved: '/tmp/clearvla_eval_opaque_66846.png'
11:23.737  render           | Saved: '/tmp/clearvla_eval_opaque_66846.png'
11:24.325  render           | Saved: '/tmp/clearvla_eval_opaque_66846.png'
11:24.810  render           | Saved: '/tmp/clearvla_eval_opaque_66846.png'
11:25.345  render           | Saved: '/tmp/clearvla_eval_opaque_66846.png'
11:25.998  render           | Saved: '/tmp/clearvla_eval_opaque_66846.png'
11:26.623  render           | Saved: '/tmp/clearvla_eval_opaque_66846.png'
11:27.039  render           | Saved: '/tmp/clearvla_eval_opaque_66846.png'
11:27.486  render           | Saved: '/tmp/clearvla_eval_opaque_66846.png'
11:27.853  render           | Saved: '/tmp/clearvla_eval_opaque_66846.png'
11:28.302  render           | Saved: '/tmp/clearvla_eval_opaque_66846.png'
11:28.781  render           | Saved: '/tmp/clearvla_eval_opaque_66846.png'
11:29.300  render           | Saved: '/tmp/clearvla_eval_opaque_66846.png'
11:29.702  render           | Saved: '/tmp/clearvla_eval_opaque_66846.png'
11:30.316  render           | Saved: '/tmp/clearvla_eval_opaque_66846.png'
11:30.754  render           | Saved: '/tmp/clearvla_eval_opaque_66846.png'
11:31.396  render           | Saved: '/tmp/clearvla_eval_opaque_66846.png'
11:31.818  render           | Saved: '/tmp/clearvla_eval_opaque_66846.png'
11:32.298  render           | Saved: '/tmp/clearvla_eval_opaque_66846.png'
11:32.738  render           | Saved: '/tmp/clearvla_eval_opaque_66846.png'
11:33.413  render           | Saved: '/tmp/clearvla_eval_opaque_66846.png'
11:33.948  render           | Saved: '/tmp/clearvla_eval_opaque_66846.png'
11:35.339  render           | Saved: '/tmp/clearvla_eval_opaque_66846.png'
11:35.801  render           | Saved: '/tmp/clearvla_eval_opaque_66846.png'
11:36.316  render           | Saved: '/tmp/clearvla_eval_opaque_66846.png'
11:36.673  render           | Saved: '/tmp/clearvla_eval_opaque_66846.png'
11:37.137  render           | Saved: '/tmp/clearvla_eval_opaque_66846.png'
11:37.523  render           | Saved: '/tmp/clearvla_eval_opaque_66846.png'
11:38.121  render           | Saved: '/tmp/clearvla_eval_opaque_66846.png'
11:38.599  render           | Saved: '/tmp/clearvla_eval_opaque_66846.png'
11:39.131  render           | Saved: '/tmp/clearvla_eval_opaque_66846.png'
11:39.547  render           | Saved: '/tmp/clearvla_eval_opaque_66846.png'
11:40.131  render           | Saved: '/tmp/clearvla_eval_opaque_66846.png'
11:40.672  render           | Saved: '/tmp/clearvla_eval_opaque_66846.png'
11:41.214  render           | Saved: '/tmp/clearvla_eval_opaque_66846.png'
11:41.741  render           | Saved: '/tmp/clearvla_eval_opaque_66846.png'
11:42.367  render           | Saved: '/tmp/clearvla_eval_opaque_66846.png'
11:42.875  render           | Saved: '/tmp/clearvla_eval_opaque_66846.png'
11:43.331  render           | Saved: '/tmp/clearvla_eval_opaque_66846.png'
11:43.718  render           | Saved: '/tmp/clearvla_eval_opaque_66846.png'
11:44.195  render           | Saved: '/tmp/clearvla_eval_opaque_66846.png'
11:44.579  render           | Saved: '/tmp/clearvla_eval_opaque_66846.png'
11:45.039  render           | Saved: '/tmp/clearvla_eval_opaque_66846.png'
11:45.399  render           | Saved: '/tmp/clearvla_eval_opaque_66846.png'
11:45.856  render           | Saved: '/tmp/clearvla_eval_opaque_66846.png'
11:46.226  render           | Saved: '/tmp/clearvla_eval_opaque_66846.png'
11:46.737  render           | Saved: '/tmp/clearvla_eval_opaque_66846.png'
11:47.157  render           | Saved: '/tmp/clearvla_eval_opaque_66846.png'
11:48.469  render           | Saved: '/tmp/clearvla_eval_opaque_66846.png'
11:48.853  render           | Saved: '/tmp/clearvla_eval_opaque_66846.png'
11:49.329  render           | Saved: '/tmp/clearvla_eval_opaque_66846.png'
11:49.702  render           | Saved: '/tmp/clearvla_eval_opaque_66846.png'
11:50.169  render           | Saved: '/tmp/clearvla_eval_opaque_66846.png'
11:50.589  render           | Saved: '/tmp/clearvla_eval_opaque_66846.png'
11:51.060  render           | Saved: '/tmp/clearvla_eval_opaque_66846.png'
11:51.447  render           | Saved: '/tmp/clearvla_eval_opaque_66846.png'
11:51.924  render           | Saved: '/tmp/clearvla_eval_opaque_66846.png'
11:52.330  render           | Saved: '/tmp/clearvla_eval_opaque_66846.png'
11:52.834  render           | Saved: '/tmp/clearvla_eval_opaque_66846.png'
11:53.238  render           | Saved: '/tmp/clearvla_eval_opaque_66846.png'
11:53.740  render           | Saved: '/tmp/clearvla_eval_opaque_66846.png'
11:54.152  render           | Saved: '/tmp/clearvla_eval_opaque_66846.png'
11:54.703  render           | Saved: '/tmp/clearvla_eval_opaque_66846.png'
11:55.396  render           | Saved: '/tmp/clearvla_eval_opaque_66846.png'
11:56.051  render           | Saved: '/tmp/clearvla_eval_opaque_66846.png'
11:56.554  render           | Saved: '/tmp/clearvla_eval_opaque_66846.png'
11:57.041  render           | Saved: '/tmp/clearvla_eval_opaque_66846.png'
11:57.442  render           | Saved: '/tmp/clearvla_eval_opaque_66846.png'
11:57.915  render           | Saved: '/tmp/clearvla_eval_opaque_66846.png'
11:58.296  render           | Saved: '/tmp/clearvla_eval_opaque_66846.png'
11:58.739  render           | Saved: '/tmp/clearvla_eval_opaque_66846.png'
11:59.104  render           | Saved: '/tmp/clearvla_eval_opaque_66846.png'
11:59.698  render           | Saved: '/tmp/clearvla_eval_opaque_66846.png'
12:00.174  render           | Saved: '/tmp/clearvla_eval_opaque_66846.png'
12:01.457  render           | Saved: '/tmp/clearvla_eval_opaque_66846.png'
12:01.866  render           | Saved: '/tmp/clearvla_eval_opaque_66846.png'
12:02.340  render           | Saved: '/tmp/clearvla_eval_opaque_66846.png'
12:02.715  render           | Saved: '/tmp/clearvla_eval_opaque_66846.png'
12:03.167  render           | Saved: '/tmp/clearvla_eval_opaque_66846.png'
12:03.563  render           | Saved: '/tmp/clearvla_eval_opaque_66846.png'
12:03.999  render           | Saved: '/tmp/clearvla_eval_opaque_66846.png'
12:04.410  render           | Saved: '/tmp/clearvla_eval_opaque_66846.png'
12:04.892  render           | Saved: '/tmp/clearvla_eval_opaque_66846.png'
12:05.315  render           | Saved: '/tmp/clearvla_eval_opaque_66846.png'
12:06.033  render           | Saved: '/tmp/clearvla_eval_opaque_66846.png'
12:06.610  render           | Saved: '/tmp/clearvla_eval_opaque_66846.png'
12:07.279  render           | Saved: '/tmp/clearvla_eval_opaque_66846.png'
12:07.733  render           | Saved: '/tmp/clearvla_eval_opaque_66846.png'
12:08.230  render           | Saved: '/tmp/clearvla_eval_opaque_66846.png'
12:08.687  render           | Saved: '/tmp/clearvla_eval_opaque_66846.png'
12:09.179  render           | Saved: '/tmp/clearvla_eval_opaque_66846.png'
12:09.660  render           | Saved: '/tmp/clearvla_eval_opaque_66846.png'
12:10.198  render           | Saved: '/tmp/clearvla_eval_opaque_66846.png'
12:10.830  render           | Saved: '/tmp/clearvla_eval_opaque_66846.png'
12:11.324  render           | Saved: '/tmp/clearvla_eval_opaque_66846.png'
12:11.725  render           | Saved: '/tmp/clearvla_eval_opaque_66846.png'
12:12.224  render           | Saved: '/tmp/clearvla_eval_opaque_66846.png'
12:12.604  render           | Saved: '/tmp/clearvla_eval_opaque_66846.png'
12:13.042  render           | Saved: '/tmp/clearvla_eval_opaque_66846.png'
12:13.403  render           | Saved: '/tmp/clearvla_eval_opaque_66846.png'
12:13.880  render           | Saved: '/tmp/clearvla_eval_opaque_66846.png'
12:14.488  render           | Saved: '/tmp/clearvla_eval_opaque_66846.png'
12:14.969  render           | Saved: '/tmp/clearvla_eval_opaque_66846.png'
12:15.358  render           | Saved: '/tmp/clearvla_eval_opaque_66846.png'
12:15.818  render           | Saved: '/tmp/clearvla_eval_opaque_66846.png'
12:16.209  render           | Saved: '/tmp/clearvla_eval_opaque_66846.png'
12:16.718  render           | Saved: '/tmp/clearvla_eval_opaque_66846.png'
12:17.218  render           | Saved: '/tmp/clearvla_eval_opaque_66846.png'
12:18.226  render           | Saved: '/tmp/clearvla_eval_opaque_66846.png'
12:18.945  render           | Saved: '/tmp/clearvla_eval_opaque_66846.png'
12:19.555  render           | Saved: '/tmp/clearvla_eval_opaque_66846.png'
12:19.990  render           | Saved: '/tmp/clearvla_eval_opaque_66846.png'
12:20.476  render           | Saved: '/tmp/clearvla_eval_opaque_66846.png'
12:20.964  render           | Saved: '/tmp/clearvla_eval_opaque_66846.png'
12:21.443  render           | Saved: '/tmp/clearvla_eval_opaque_66846.png'
12:21.843  render           | Saved: '/tmp/clearvla_eval_opaque_66846.png'
12:22.347  render           | Saved: '/tmp/clearvla_eval_opaque_66846.png'
12:22.799  render           | Saved: '/tmp/clearvla_eval_opaque_66846.png'
12:23.322  render           | Saved: '/tmp/clearvla_eval_opaque_66846.png'
12:23.838  render           | Saved: '/tmp/clearvla_eval_opaque_66846.png'
12:24.340  render           | Saved: '/tmp/clearvla_eval_opaque_66846.png'
12:24.787  render           | Saved: '/tmp/clearvla_eval_opaque_66846.png'
12:25.265  render           | Saved: '/tmp/clearvla_eval_opaque_66846.png'
12:25.654  render           | Saved: '/tmp/clearvla_eval_opaque_66846.png'
12:26.102  render           | Saved: '/tmp/clearvla_eval_opaque_66846.png'
12:26.483  render           | Saved: '/tmp/clearvla_eval_opaque_66846.png'
12:27.048  render           | Saved: '/tmp/clearvla_eval_opaque_66846.png'
12:27.418  render           | Saved: '/tmp/clearvla_eval_opaque_66846.png'
12:27.958  render           | Saved: '/tmp/clearvla_eval_opaque_66846.png'
12:28.319  render           | Saved: '/tmp/clearvla_eval_opaque_66846.png'
12:28.832  render           | Saved: '/tmp/clearvla_eval_opaque_66846.png'
12:29.254  render           | Saved: '/tmp/clearvla_eval_opaque_66846.png'
12:29.720  render           | Saved: '/tmp/clearvla_eval_opaque_66846.png'
12:30.072  render           | Saved: '/tmp/clearvla_eval_opaque_66846.png'
12:30.550  render           | Saved: '/tmp/clearvla_eval_opaque_66846.png'
12:30.918  render           | Saved: '/tmp/clearvla_eval_opaque_66846.png'
12:31.445  render           | Saved: '/tmp/clearvla_eval_opaque_66846.png'
12:31.883  render           | Saved: '/tmp/clearvla_eval_opaque_66846.png'
12:32.330  render           | Saved: '/tmp/clearvla_eval_opaque_66846.png'
12:32.702  render           | Saved: '/tmp/clearvla_eval_opaque_66846.png'
12:33.190  render           | Saved: '/tmp/clearvla_eval_opaque_66846.png'
12:33.595  render           | Saved: '/tmp/clearvla_eval_opaque_66846.png'
12:34.096  render           | Saved: '/tmp/clearvla_eval_opaque_66846.png'
12:34.549  render           | Saved: '/tmp/clearvla_eval_opaque_66846.png'
12:35.128  render           | Saved: '/tmp/clearvla_eval_opaque_66846.png'
12:35.668  render           | Saved: '/tmp/clearvla_eval_opaque_66846.png'
12:36.276  render           | Saved: '/tmp/clearvla_eval_opaque_66846.png'
12:36.869  render           | Saved: '/tmp/clearvla_eval_opaque_66846.png'
12:37.351  render           | Saved: '/tmp/clearvla_eval_opaque_66846.png'
12:37.763  render           | Saved: '/tmp/clearvla_eval_opaque_66846.png'
12:39.688  render           | Saved: '/tmp/clearvla_eval_opaque_66846.png'
12:40.055  render           | Saved: '/tmp/clearvla_eval_opaque_66846.png'
12:40.533  render           | Saved: '/tmp/clearvla_eval_opaque_66846.png'
12:40.881  render           | Saved: '/tmp/clearvla_eval_opaque_66846.png'
12:41.303  render           | Saved: '/tmp/clearvla_eval_opaque_66846.png'
12:41.675  render           | Saved: '/tmp/clearvla_eval_opaque_66846.png'
12:42.133  render           | Saved: '/tmp/clearvla_eval_opaque_66846.png'
12:42.530  render           | Saved: '/tmp/clearvla_eval_opaque_66846.png'
12:43.112  render           | Saved: '/tmp/clearvla_eval_opaque_66846.png'
12:43.595  render           | Saved: '/tmp/clearvla_eval_opaque_66846.png'
12:44.037  render           | Saved: '/tmp/clearvla_eval_opaque_66846.png'
12:44.442  render           | Saved: '/tmp/clearvla_eval_opaque_66846.png'
12:44.908  render           | Saved: '/tmp/clearvla_eval_opaque_66846.png'
12:45.307  render           | Saved: '/tmp/clearvla_eval_opaque_66846.png'
12:45.799  render           | Saved: '/tmp/clearvla_eval_opaque_66846.png'
12:46.237  render           | Saved: '/tmp/clearvla_eval_opaque_66846.png'
12:46.763  render           | Saved: '/tmp/clearvla_eval_opaque_66846.png'
12:47.199  render           | Saved: '/tmp/clearvla_eval_opaque_66846.png'
12:47.708  render           | Saved: '/tmp/clearvla_eval_opaque_66846.png'
12:48.100  render           | Saved: '/tmp/clearvla_eval_opaque_66846.png'
12:48.600  render           | Saved: '/tmp/clearvla_eval_opaque_66846.png'
12:49.045  render           | Saved: '/tmp/clearvla_eval_opaque_66846.png'
12:49.506  render           | Saved: '/tmp/clearvla_eval_opaque_66846.png'
12:49.899  render           | Saved: '/tmp/clearvla_eval_opaque_66846.png'
12:50.352  render           | Saved: '/tmp/clearvla_eval_opaque_66846.png'
12:50.713  render           | Saved: '/tmp/clearvla_eval_opaque_66846.png'
12:51.158  render           | Saved: '/tmp/clearvla_eval_opaque_66846.png'
12:51.556  render           | Saved: '/tmp/clearvla_eval_opaque_66846.png'
12:52.830  render           | Saved: '/tmp/clearvla_eval_opaque_66846.png'
12:53.215  render           | Saved: '/tmp/clearvla_eval_opaque_66846.png'
12:53.941  render           | Saved: '/tmp/clearvla_eval_opaque_66846.png'
12:54.331  render           | Saved: '/tmp/clearvla_eval_opaque_66846.png'
12:54.850  render           | Saved: '/tmp/clearvla_eval_opaque_66846.png'
12:55.211  render           | Saved: '/tmp/clearvla_eval_opaque_66846.png'
12:55.703  render           | Saved: '/tmp/clearvla_eval_opaque_66846.png'
12:56.105  render           | Saved: '/tmp/clearvla_eval_opaque_66846.png'
12:56.734  render           | Saved: '/tmp/clearvla_eval_opaque_66846.png'
12:57.188  render           | Saved: '/tmp/clearvla_eval_opaque_66846.png'
12:57.679  render           | Saved: '/tmp/clearvla_eval_opaque_66846.png'
12:58.074  render           | Saved: '/tmp/clearvla_eval_opaque_66846.png'
12:58.526  render           | Saved: '/tmp/clearvla_eval_opaque_66846.png'
12:58.913  render           | Saved: '/tmp/clearvla_eval_opaque_66846.png'
12:59.368  render           | Saved: '/tmp/clearvla_eval_opaque_66846.png'
12:59.782  render           | Saved: '/tmp/clearvla_eval_opaque_66846.png'
13:00.325  render           | Saved: '/tmp/clearvla_eval_opaque_66846.png'
13:00.769  render           | Saved: '/tmp/clearvla_eval_opaque_66846.png'
13:01.247  render           | Saved: '/tmp/clearvla_eval_opaque_66846.png'
13:01.629  render           | Saved: '/tmp/clearvla_eval_opaque_66846.png'
13:02.113  render           | Saved: '/tmp/clearvla_eval_opaque_66846.png'
13:02.483  render           | Saved: '/tmp/clearvla_eval_opaque_66846.png'
13:02.931  render           | Saved: '/tmp/clearvla_eval_opaque_66846.png'
13:03.293  render           | Saved: '/tmp/clearvla_eval_opaque_66846.png'
13:03.731  render           | Saved: '/tmp/clearvla_eval_opaque_66846.png'
13:04.123  render           | Saved: '/tmp/clearvla_eval_opaque_66846.png'
13:04.619  render           | Saved: '/tmp/clearvla_eval_opaque_66846.png'
13:05.016  render           | Saved: '/tmp/clearvla_eval_opaque_66846.png'
13:05.513  render           | Saved: '/tmp/clearvla_eval_opaque_66846.png'
13:05.939  render           | Saved: '/tmp/clearvla_eval_opaque_66846.png'
13:07.253  render           | Saved: '/tmp/clearvla_eval_opaque_66846.png'
13:07.722  render           | Saved: '/tmp/clearvla_eval_opaque_66846.png'
13:08.260  render           | Saved: '/tmp/clearvla_eval_opaque_66846.png'
13:08.684  render           | Saved: '/tmp/clearvla_eval_opaque_66846.png'
13:09.248  render           | Saved: '/tmp/clearvla_eval_opaque_66846.png'
13:09.637  render           | Saved: '/tmp/clearvla_eval_opaque_66846.png'
13:10.120  render           | Saved: '/tmp/clearvla_eval_opaque_66846.png'
13:10.558  render           | Saved: '/tmp/clearvla_eval_opaque_66846.png'
13:11.072  render           | Saved: '/tmp/clearvla_eval_opaque_66846.png'
13:11.460  render           | Saved: '/tmp/clearvla_eval_opaque_66846.png'
13:11.899  render           | Saved: '/tmp/clearvla_eval_opaque_66846.png'
13:12.250  render           | Saved: '/tmp/clearvla_eval_opaque_66846.png'
13:12.699  render           | Saved: '/tmp/clearvla_eval_opaque_66846.png'
13:13.083  render           | Saved: '/tmp/clearvla_eval_opaque_66846.png'
13:13.564  render           | Saved: '/tmp/clearvla_eval_opaque_66846.png'
13:13.957  render           | Saved: '/tmp/clearvla_eval_opaque_66846.png'
13:14.477  render           | Saved: '/tmp/clearvla_eval_opaque_66846.png'
13:14.933  render           | Saved: '/tmp/clearvla_eval_opaque_66846.png'
13:15.437  render           | Saved: '/tmp/clearvla_eval_opaque_66846.png'
13:15.877  render           | Saved: '/tmp/clearvla_eval_opaque_66846.png'
13:16.339  render           | Saved: '/tmp/clearvla_eval_opaque_66846.png'
13:16.717  render           | Saved: '/tmp/clearvla_eval_opaque_66846.png'
13:17.183  render           | Saved: '/tmp/clearvla_eval_opaque_66846.png'
13:17.558  render           | Saved: '/tmp/clearvla_eval_opaque_66846.png'
13:18.000  render           | Saved: '/tmp/clearvla_eval_opaque_66846.png'
13:18.445  render           | Saved: '/tmp/clearvla_eval_opaque_66846.png'
13:18.923  render           | Saved: '/tmp/clearvla_eval_opaque_66846.png'
13:19.284  render           | Saved: '/tmp/clearvla_eval_opaque_66846.png'
13:20.492  render           | Saved: '/tmp/clearvla_eval_opaque_66846.png'
13:20.941  render           | Saved: '/tmp/clearvla_eval_opaque_66846.png'
13:21.432  render           | Saved: '/tmp/clearvla_eval_opaque_66846.png'
13:21.989  render           | Saved: '/tmp/clearvla_eval_opaque_66846.png'
13:22.460  render           | Saved: '/tmp/clearvla_eval_opaque_66846.png'
13:22.845  render           | Saved: '/tmp/clearvla_eval_opaque_66846.png'
13:23.278  render           | Saved: '/tmp/clearvla_eval_opaque_66846.png'
13:23.652  render           | Saved: '/tmp/clearvla_eval_opaque_66846.png'
13:24.187  render           | Saved: '/tmp/clearvla_eval_opaque_66846.png'
13:24.675  render           | Saved: '/tmp/clearvla_eval_opaque_66846.png'
13:25.205  render           | Saved: '/tmp/clearvla_eval_opaque_66846.png'
13:25.638  render           | Saved: '/tmp/clearvla_eval_opaque_66846.png'
13:26.088  render           | Saved: '/tmp/clearvla_eval_opaque_66846.png'
13:26.511  render           | Saved: '/tmp/clearvla_eval_opaque_66846.png'
13:27.047  render           | Saved: '/tmp/clearvla_eval_opaque_66846.png'
13:27.427  render           | Saved: '/tmp/clearvla_eval_opaque_66846.png'
13:27.854  render           | Saved: '/tmp/clearvla_eval_opaque_66846.png'
13:28.230  render           | Saved: '/tmp/clearvla_eval_opaque_66846.png'
13:28.668  render           | Saved: '/tmp/clearvla_eval_opaque_66846.png'
13:29.060  render           | Saved: '/tmp/clearvla_eval_opaque_66846.png'
13:29.552  render           | Saved: '/tmp/clearvla_eval_opaque_66846.png'
13:30.096  render           | Saved: '/tmp/clearvla_eval_opaque_66846.png'
13:30.734  render           | Saved: '/tmp/clearvla_eval_opaque_66846.png'
13:31.139  render           | Saved: '/tmp/clearvla_eval_opaque_66846.png'
13:31.617  render           | Saved: '/tmp/clearvla_eval_opaque_66846.png'
13:31.986  render           | Saved: '/tmp/clearvla_eval_opaque_66846.png'
13:32.423  render           | Saved: '/tmp/clearvla_eval_opaque_66846.png'
13:32.784  render           | Saved: '/tmp/clearvla_eval_opaque_66846.png'
13:33.220  render           | Saved: '/tmp/clearvla_eval_opaque_66846.png'
13:33.564  render           | Saved: '/tmp/clearvla_eval_opaque_66846.png'
13:33.999  render           | Saved: '/tmp/clearvla_eval_opaque_66846.png'
13:34.419  render           | Saved: '/tmp/clearvla_eval_opaque_66846.png'
13:35.932  render           | Saved: '/tmp/clearvla_eval_opaque_66846.png'
13:36.338  render           | Saved: '/tmp/clearvla_eval_opaque_66846.png'
13:36.899  render           | Saved: '/tmp/clearvla_eval_opaque_66846.png'
13:37.428  render           | Saved: '/tmp/clearvla_eval_opaque_66846.png'
13:37.917  render           | Saved: '/tmp/clearvla_eval_opaque_66846.png'
13:38.473  render           | Saved: '/tmp/clearvla_eval_opaque_66846.png'
13:39.107  render           | Saved: '/tmp/clearvla_eval_opaque_66846.png'
13:39.522  render           | Saved: '/tmp/clearvla_eval_opaque_66846.png'
13:40.001  render           | Saved: '/tmp/clearvla_eval_opaque_66846.png'
13:40.422  render           | Saved: '/tmp/clearvla_eval_opaque_66846.png'
13:40.912  render           | Saved: '/tmp/clearvla_eval_opaque_66846.png'
13:41.412  render           | Saved: '/tmp/clearvla_eval_opaque_66846.png'
13:41.882  render           | Saved: '/tmp/clearvla_eval_opaque_66846.png'
13:42.259  render           | Saved: '/tmp/clearvla_eval_opaque_66846.png'
13:42.674  render           | Saved: '/tmp/clearvla_eval_opaque_66846.png'
13:43.028  render           | Saved: '/tmp/clearvla_eval_opaque_66846.png'
13:43.547  render           | Saved: '/tmp/clearvla_eval_opaque_66846.png'
13:43.997  render           | Saved: '/tmp/clearvla_eval_opaque_66846.png'
13:44.436  render           | Saved: '/tmp/clearvla_eval_opaque_66846.png'
13:44.898  render           | Saved: '/tmp/clearvla_eval_opaque_66846.png'
13:45.410  render           | Saved: '/tmp/clearvla_eval_opaque_66846.png'
13:45.934  render           | Saved: '/tmp/clearvla_eval_opaque_66846.png'
13:46.443  render           | Saved: '/tmp/clearvla_eval_opaque_66846.png'
13:46.837  render           | Saved: '/tmp/clearvla_eval_opaque_66846.png'
13:47.267  render           | Saved: '/tmp/clearvla_eval_opaque_66846.png'
13:47.655  render           | Saved: '/tmp/clearvla_eval_opaque_66846.png'
13:48.209  render           | Saved: '/tmp/clearvla_eval_opaque_66846.png'
13:48.651  render           | Saved: '/tmp/clearvla_eval_opaque_66846.png'
13:49.277  render           | Saved: '/tmp/clearvla_eval_opaque_66846.png'
13:49.727  render           | Saved: '/tmp/clearvla_eval_opaque_66846.png'
13:50.284  render           | Saved: '/tmp/clearvla_eval_opaque_66846.png'
13:50.711  render           | Saved: '/tmp/clearvla_eval_opaque_66846.png'
13:52.018  render           | Saved: '/tmp/clearvla_eval_opaque_66846.png'
13:52.434  render           | Saved: '/tmp/clearvla_eval_opaque_66846.png'
13:52.931  render           | Saved: '/tmp/clearvla_eval_opaque_66846.png'
13:53.291  render           | Saved: '/tmp/clearvla_eval_opaque_66846.png'
13:53.733  render           | Saved: '/tmp/clearvla_eval_opaque_66846.png'
13:54.139  render           | Saved: '/tmp/clearvla_eval_opaque_66846.png'
13:54.580  render           | Saved: '/tmp/clearvla_eval_opaque_66846.png'
13:54.992  render           | Saved: '/tmp/clearvla_eval_opaque_66846.png'
13:55.490  render           | Saved: '/tmp/clearvla_eval_opaque_66846.png'
13:55.953  render           | Saved: '/tmp/clearvla_eval_opaque_66846.png'
13:56.429  render           | Saved: '/tmp/clearvla_eval_opaque_66846.png'
13:56.854  render           | Saved: '/tmp/clearvla_eval_opaque_66846.png'
13:57.324  render           | Saved: '/tmp/clearvla_eval_opaque_66846.png'
13:57.689  render           | Saved: '/tmp/clearvla_eval_opaque_66846.png'
13:58.124  render           | Saved: '/tmp/clearvla_eval_opaque_66846.png'
13:58.487  render           | Saved: '/tmp/clearvla_eval_opaque_66846.png'
13:58.935  render           | Saved: '/tmp/clearvla_eval_opaque_66846.png'
13:59.327  render           | Saved: '/tmp/clearvla_eval_opaque_66846.png'
13:59.777  render           | Saved: '/tmp/clearvla_eval_opaque_66846.png'
14:00.211  render           | Saved: '/tmp/clearvla_eval_opaque_66846.png'
14:00.733  render           | Saved: '/tmp/clearvla_eval_opaque_66846.png'
14:01.227  render           | Saved: '/tmp/clearvla_eval_opaque_66846.png'
14:01.761  render           | Saved: '/tmp/clearvla_eval_opaque_66846.png'
14:02.187  render           | Saved: '/tmp/clearvla_eval_opaque_66846.png'
14:02.640  render           | Saved: '/tmp/clearvla_eval_opaque_66846.png'
14:03.040  render           | Saved: '/tmp/clearvla_eval_opaque_66846.png'
14:03.531  render           | Saved: '/tmp/clearvla_eval_opaque_66846.png'
14:03.903  render           | Saved: '/tmp/clearvla_eval_opaque_66846.png'
14:04.325  render           | Saved: '/tmp/clearvla_eval_opaque_66846.png'
14:04.719  render           | Saved: '/tmp/clearvla_eval_opaque_66846.png'
14:05.174  render           | Saved: '/tmp/clearvla_eval_opaque_66846.png'
14:05.592  render           | Saved: '/tmp/clearvla_eval_opaque_66846.png'
14:06.072  render           | Saved: '/tmp/clearvla_eval_opaque_66846.png'
14:06.628  render           | Saved: '/tmp/clearvla_eval_opaque_66846.png'
14:07.145  render           | Saved: '/tmp/clearvla_eval_opaque_66846.png'
14:07.677  render           | Saved: '/tmp/clearvla_eval_opaque_66846.png'
14:08.252  render           | Saved: '/tmp/clearvla_eval_opaque_66846.png'
14:08.747  render           | Saved: '/tmp/clearvla_eval_opaque_66846.png'
14:09.395  render           | Saved: '/tmp/clearvla_eval_opaque_66846.png'
14:09.923  render           | Saved: '/tmp/clearvla_eval_opaque_66846.png'
14:10.464  render           | Saved: '/tmp/clearvla_eval_opaque_66846.png'
14:10.890  render           | Saved: '/tmp/clearvla_eval_opaque_66846.png'
14:11.377  render           | Saved: '/tmp/clearvla_eval_opaque_66846.png'
14:11.758  render           | Saved: '/tmp/clearvla_eval_opaque_66846.png'
14:12.184  render           | Saved: '/tmp/clearvla_eval_opaque_66846.png'
14:12.532  render           | Saved: '/tmp/clearvla_eval_opaque_66846.png'
14:12.960  render           | Saved: '/tmp/clearvla_eval_opaque_66846.png'
14:13.300  render           | Saved: '/tmp/clearvla_eval_opaque_66846.png'
14:13.779  render           | Saved: '/tmp/clearvla_eval_opaque_66846.png'
14:14.308  render           | Saved: '/tmp/clearvla_eval_opaque_66846.png'
14:14.867  render           | Saved: '/tmp/clearvla_eval_opaque_66846.png'
14:15.393  render           | Saved: '/tmp/clearvla_eval_opaque_66846.png'
14:15.994  render           | Saved: '/tmp/clearvla_eval_opaque_66846.png'
14:16.506  render           | Saved: '/tmp/clearvla_eval_opaque_66846.png'
14:17.023  render           | Saved: '/tmp/clearvla_eval_opaque_66846.png'
14:17.488  render           | Saved: '/tmp/clearvla_eval_opaque_66846.png'
14:17.929  render           | Saved: '/tmp/clearvla_eval_opaque_66846.png'
14:18.292  render           | Saved: '/tmp/clearvla_eval_opaque_66846.png'
14:18.753  render           | Saved: '/tmp/clearvla_eval_opaque_66846.png'
14:19.118  render           | Saved: '/tmp/clearvla_eval_opaque_66846.png'
14:19.536  render           | Saved: '/tmp/clearvla_eval_opaque_66846.png'
14:19.891  render           | Saved: '/tmp/clearvla_eval_opaque_66846.png'
14:20.329  render           | Saved: '/tmp/clearvla_eval_opaque_66846.png'
14:20.704  render           | Saved: '/tmp/clearvla_eval_opaque_66846.png'
14:21.200  render           | Saved: '/tmp/clearvla_eval_opaque_66846.png'
14:21.683  render           | Saved: '/tmp/clearvla_eval_opaque_66846.png'
14:22.210  render           | Saved: '/tmp/clearvla_eval_opaque_66846.png'
14:22.662  render           | Saved: '/tmp/clearvla_eval_opaque_66846.png'
14:23.165  render           | Saved: '/tmp/clearvla_eval_opaque_66846.png'
14:23.596  render           | Saved: '/tmp/clearvla_eval_opaque_66846.png'
14:24.065  render           | Saved: '/tmp/clearvla_eval_opaque_66846.png'
14:24.462  render           | Saved: '/tmp/clearvla_eval_opaque_66846.png'
14:24.910  render           | Saved: '/tmp/clearvla_eval_opaque_66846.png'
14:25.314  render           | Saved: '/tmp/clearvla_eval_opaque_66846.png'
14:25.786  render           | Saved: '/tmp/clearvla_eval_opaque_66846.png'
14:26.222  render           | Saved: '/tmp/clearvla_eval_opaque_66846.png'
[full/opaque] grasp: 44/50  (14.3 min, 34.7 s/ep)
14:27.756  render           | Saved: '/tmp/clearvla_eval_opaque_66846.png'
14:28.150  render           | Saved: '/tmp/clearvla_eval_opaque_66846.png'
14:28.633  render           | Saved: '/tmp/clearvla_eval_opaque_66846.png'
14:29.003  render           | Saved: '/tmp/clearvla_eval_opaque_66846.png'
14:29.532  render           | Saved: '/tmp/clearvla_eval_opaque_66846.png'
14:29.930  render           | Saved: '/tmp/clearvla_eval_opaque_66846.png'
14:30.624  render           | Saved: '/tmp/clearvla_eval_opaque_66846.png'
14:31.081  render           | Saved: '/tmp/clearvla_eval_opaque_66846.png'
14:31.527  render           | Saved: '/tmp/clearvla_eval_opaque_66846.png'
14:31.938  render           | Saved: '/tmp/clearvla_eval_opaque_66846.png'
14:32.394  render           | Saved: '/tmp/clearvla_eval_opaque_66846.png'
14:32.789  render           | Saved: '/tmp/clearvla_eval_opaque_66846.png'
14:33.280  render           | Saved: '/tmp/clearvla_eval_opaque_66846.png'
14:33.664  render           | Saved: '/tmp/clearvla_eval_opaque_66846.png'
14:34.167  render           | Saved: '/tmp/clearvla_eval_opaque_66846.png'
14:34.787  render           | Saved: '/tmp/clearvla_eval_opaque_66846.png'
14:35.370  render           | Saved: '/tmp/clearvla_eval_opaque_66846.png'
14:35.799  render           | Saved: '/tmp/clearvla_eval_opaque_66846.png'
14:36.262  render           | Saved: '/tmp/clearvla_eval_opaque_66846.png'
14:36.651  render           | Saved: '/tmp/clearvla_eval_opaque_66846.png'
14:37.197  render           | Saved: '/tmp/clearvla_eval_opaque_66846.png'
14:37.808  render           | Saved: '/tmp/clearvla_eval_opaque_66846.png'
14:38.329  render           | Saved: '/tmp/clearvla_eval_opaque_66846.png'
14:38.828  render           | Saved: '/tmp/clearvla_eval_opaque_66846.png'
14:39.302  render           | Saved: '/tmp/clearvla_eval_opaque_66846.png'
14:39.709  render           | Saved: '/tmp/clearvla_eval_opaque_66846.png'
14:41.107  render           | Saved: '/tmp/clearvla_eval_opaque_66846.png'
14:41.551  render           | Saved: '/tmp/clearvla_eval_opaque_66846.png'
14:42.305  render           | Saved: '/tmp/clearvla_eval_opaque_66846.png'
14:42.823  render           | Saved: '/tmp/clearvla_eval_opaque_66846.png'
14:43.289  render           | Saved: '/tmp/clearvla_eval_opaque_66846.png'
14:43.662  render           | Saved: '/tmp/clearvla_eval_opaque_66846.png'
14:44.200  render           | Saved: '/tmp/clearvla_eval_opaque_66846.png'
14:44.645  render           | Saved: '/tmp/clearvla_eval_opaque_66846.png'
14:45.214  render           | Saved: '/tmp/clearvla_eval_opaque_66846.png'
14:45.862  render           | Saved: '/tmp/clearvla_eval_opaque_66846.png'
14:46.451  render           | Saved: '/tmp/clearvla_eval_opaque_66846.png'
14:46.821  render           | Saved: '/tmp/clearvla_eval_opaque_66846.png'
14:47.243  render           | Saved: '/tmp/clearvla_eval_opaque_66846.png'
14:47.616  render           | Saved: '/tmp/clearvla_eval_opaque_66846.png'
14:48.075  render           | Saved: '/tmp/clearvla_eval_opaque_66846.png'
14:48.509  render           | Saved: '/tmp/clearvla_eval_opaque_66846.png'
14:49.017  render           | Saved: '/tmp/clearvla_eval_opaque_66846.png'
14:49.431  render           | Saved: '/tmp/clearvla_eval_opaque_66846.png'
14:49.973  render           | Saved: '/tmp/clearvla_eval_opaque_66846.png'
14:50.438  render           | Saved: '/tmp/clearvla_eval_opaque_66846.png'
14:51.157  render           | Saved: '/tmp/clearvla_eval_opaque_66846.png'
14:51.740  render           | Saved: '/tmp/clearvla_eval_opaque_66846.png'
14:52.329  render           | Saved: '/tmp/clearvla_eval_opaque_66846.png'
14:52.817  render           | Saved: '/tmp/clearvla_eval_opaque_66846.png'
14:53.376  render           | Saved: '/tmp/clearvla_eval_opaque_66846.png'
14:53.968  render           | Saved: '/tmp/clearvla_eval_opaque_66846.png'
14:54.565  render           | Saved: '/tmp/clearvla_eval_opaque_66846.png'
14:54.990  render           | Saved: '/tmp/clearvla_eval_opaque_66846.png'
14:55.489  render           | Saved: '/tmp/clearvla_eval_opaque_66846.png'
14:55.925  render           | Saved: '/tmp/clearvla_eval_opaque_66846.png'
14:57.135  render           | Saved: '/tmp/clearvla_eval_opaque_66846.png'
14:57.564  render           | Saved: '/tmp/clearvla_eval_opaque_66846.png'
14:58.024  render           | Saved: '/tmp/clearvla_eval_opaque_66846.png'
14:58.410  render           | Saved: '/tmp/clearvla_eval_opaque_66846.png'
14:58.855  render           | Saved: '/tmp/clearvla_eval_opaque_66846.png'
14:59.451  render           | Saved: '/tmp/clearvla_eval_opaque_66846.png'
14:59.899  render           | Saved: '/tmp/clearvla_eval_opaque_66846.png'
15:00.343  render           | Saved: '/tmp/clearvla_eval_opaque_66846.png'
15:00.838  render           | Saved: '/tmp/clearvla_eval_opaque_66846.png'
15:01.314  render           | Saved: '/tmp/clearvla_eval_opaque_66846.png'
15:01.886  render           | Saved: '/tmp/clearvla_eval_opaque_66846.png'
15:02.300  render           | Saved: '/tmp/clearvla_eval_opaque_66846.png'
15:02.766  render           | Saved: '/tmp/clearvla_eval_opaque_66846.png'
15:03.125  render           | Saved: '/tmp/clearvla_eval_opaque_66846.png'
15:03.562  render           | Saved: '/tmp/clearvla_eval_opaque_66846.png'
15:03.940  render           | Saved: '/tmp/clearvla_eval_opaque_66846.png'
15:04.410  render           | Saved: '/tmp/clearvla_eval_opaque_66846.png'
15:04.831  render           | Saved: '/tmp/clearvla_eval_opaque_66846.png'
15:05.480  render           | Saved: '/tmp/clearvla_eval_opaque_66846.png'
15:06.059  render           | Saved: '/tmp/clearvla_eval_opaque_66846.png'
15:06.609  render           | Saved: '/tmp/clearvla_eval_opaque_66846.png'
15:07.034  render           | Saved: '/tmp/clearvla_eval_opaque_66846.png'
15:07.492  render           | Saved: '/tmp/clearvla_eval_opaque_66846.png'
15:07.894  render           | Saved: '/tmp/clearvla_eval_opaque_66846.png'
15:08.378  render           | Saved: '/tmp/clearvla_eval_opaque_66846.png'
15:08.771  render           | Saved: '/tmp/clearvla_eval_opaque_66846.png'
15:09.268  render           | Saved: '/tmp/clearvla_eval_opaque_66846.png'
15:09.855  render           | Saved: '/tmp/clearvla_eval_opaque_66846.png'
15:11.223  render           | Saved: '/tmp/clearvla_eval_opaque_66846.png'
15:11.598  render           | Saved: '/tmp/clearvla_eval_opaque_66846.png'
15:12.083  render           | Saved: '/tmp/clearvla_eval_opaque_66846.png'
15:12.450  render           | Saved: '/tmp/clearvla_eval_opaque_66846.png'
15:12.897  render           | Saved: '/tmp/clearvla_eval_opaque_66846.png'
15:13.260  render           | Saved: '/tmp/clearvla_eval_opaque_66846.png'
15:13.702  render           | Saved: '/tmp/clearvla_eval_opaque_66846.png'
15:14.233  render           | Saved: '/tmp/clearvla_eval_opaque_66846.png'
15:14.697  render           | Saved: '/tmp/clearvla_eval_opaque_66846.png'
15:15.201  render           | Saved: '/tmp/clearvla_eval_opaque_66846.png'
15:15.787  render           | Saved: '/tmp/clearvla_eval_opaque_66846.png'
15:16.294  render           | Saved: '/tmp/clearvla_eval_opaque_66846.png'
15:16.856  render           | Saved: '/tmp/clearvla_eval_opaque_66846.png'
15:17.324  render           | Saved: '/tmp/clearvla_eval_opaque_66846.png'
15:17.826  render           | Saved: '/tmp/clearvla_eval_opaque_66846.png'
15:18.310  render           | Saved: '/tmp/clearvla_eval_opaque_66846.png'
15:18.894  render           | Saved: '/tmp/clearvla_eval_opaque_66846.png'
15:19.342  render           | Saved: '/tmp/clearvla_eval_opaque_66846.png'
15:19.864  render           | Saved: '/tmp/clearvla_eval_opaque_66846.png'
15:20.281  render           | Saved: '/tmp/clearvla_eval_opaque_66846.png'
15:20.820  render           | Saved: '/tmp/clearvla_eval_opaque_66846.png'
15:21.657  render           | Saved: '/tmp/clearvla_eval_opaque_66846.png'
15:22.346  render           | Saved: '/tmp/clearvla_eval_opaque_66846.png'
15:23.406  render           | Saved: '/tmp/clearvla_eval_opaque_66846.png'
15:24.389  render           | Saved: '/tmp/clearvla_eval_opaque_66846.png'
15:25.475  render           | Saved: '/tmp/clearvla_eval_opaque_66846.png'
15:26.334  render           | Saved: '/tmp/clearvla_eval_opaque_66846.png'
15:27.145  render           | Saved: '/tmp/clearvla_eval_opaque_66846.png'
15:28.015  render           | Saved: '/tmp/clearvla_eval_opaque_66846.png'
15:28.545  render           | Saved: '/tmp/clearvla_eval_opaque_66846.png'
15:29.271  render           | Saved: '/tmp/clearvla_eval_opaque_66846.png'
15:29.751  render           | Saved: '/tmp/clearvla_eval_opaque_66846.png'
15:30.344  render           | Saved: '/tmp/clearvla_eval_opaque_66846.png'
15:30.862  render           | Saved: '/tmp/clearvla_eval_opaque_66846.png'
15:31.787  render           | Saved: '/tmp/clearvla_eval_opaque_66846.png'
15:32.552  render           | Saved: '/tmp/clearvla_eval_opaque_66846.png'
15:33.484  render           | Saved: '/tmp/clearvla_eval_opaque_66846.png'
15:33.956  render           | Saved: '/tmp/clearvla_eval_opaque_66846.png'
15:34.709  render           | Saved: '/tmp/clearvla_eval_opaque_66846.png'
15:35.194  render           | Saved: '/tmp/clearvla_eval_opaque_66846.png'
15:35.931  render           | Saved: '/tmp/clearvla_eval_opaque_66846.png'
15:36.395  render           | Saved: '/tmp/clearvla_eval_opaque_66846.png'
15:36.913  render           | Saved: '/tmp/clearvla_eval_opaque_66846.png'
15:37.378  render           | Saved: '/tmp/clearvla_eval_opaque_66846.png'
15:37.929  render           | Saved: '/tmp/clearvla_eval_opaque_66846.png'
15:38.393  render           | Saved: '/tmp/clearvla_eval_opaque_66846.png'
15:38.894  render           | Saved: '/tmp/clearvla_eval_opaque_66846.png'
15:39.361  render           | Saved: '/tmp/clearvla_eval_opaque_66846.png'
15:39.854  render           | Saved: '/tmp/clearvla_eval_opaque_66846.png'
15:40.280  render           | Saved: '/tmp/clearvla_eval_opaque_66846.png'
15:40.770  render           | Saved: '/tmp/clearvla_eval_opaque_66846.png'
15:41.147  render           | Saved: '/tmp/clearvla_eval_opaque_66846.png'
15:41.586  render           | Saved: '/tmp/clearvla_eval_opaque_66846.png'
15:42.128  render           | Saved: '/tmp/clearvla_eval_opaque_66846.png'
15:42.693  render           | Saved: '/tmp/clearvla_eval_opaque_66846.png'
15:43.172  render           | Saved: '/tmp/clearvla_eval_opaque_66846.png'
15:43.723  render           | Saved: '/tmp/clearvla_eval_opaque_66846.png'
15:44.241  render           | Saved: '/tmp/clearvla_eval_opaque_66846.png'
15:44.763  render           | Saved: '/tmp/clearvla_eval_opaque_66846.png'
15:45.251  render           | Saved: '/tmp/clearvla_eval_opaque_66846.png'
15:45.742  render           | Saved: '/tmp/clearvla_eval_opaque_66846.png'
15:46.149  render           | Saved: '/tmp/clearvla_eval_opaque_66846.png'
15:46.614  render           | Saved: '/tmp/clearvla_eval_opaque_66846.png'
15:47.014  render           | Saved: '/tmp/clearvla_eval_opaque_66846.png'
15:47.464  render           | Saved: '/tmp/clearvla_eval_opaque_66846.png'
15:47.834  render           | Saved: '/tmp/clearvla_eval_opaque_66846.png'
15:48.310  render           | Saved: '/tmp/clearvla_eval_opaque_66846.png'
15:48.709  render           | Saved: '/tmp/clearvla_eval_opaque_66846.png'
15:49.179  render           | Saved: '/tmp/clearvla_eval_opaque_66846.png'
15:49.548  render           | Saved: '/tmp/clearvla_eval_opaque_66846.png'
15:50.066  render           | Saved: '/tmp/clearvla_eval_opaque_66846.png'
15:50.667  render           | Saved: '/tmp/clearvla_eval_opaque_66846.png'
15:51.141  render           | Saved: '/tmp/clearvla_eval_opaque_66846.png'
15:51.567  render           | Saved: '/tmp/clearvla_eval_opaque_66846.png'
15:52.033  render           | Saved: '/tmp/clearvla_eval_opaque_66846.png'
15:52.409  render           | Saved: '/tmp/clearvla_eval_opaque_66846.png'
15:54.463  render           | Saved: '/tmp/clearvla_eval_opaque_66846.png'
15:54.864  render           | Saved: '/tmp/clearvla_eval_opaque_66846.png'
15:55.374  render           | Saved: '/tmp/clearvla_eval_opaque_66846.png'
15:55.842  render           | Saved: '/tmp/clearvla_eval_opaque_66846.png'
15:56.615  render           | Saved: '/tmp/clearvla_eval_opaque_66846.png'
15:57.107  render           | Saved: '/tmp/clearvla_eval_opaque_66846.png'
15:57.591  render           | Saved: '/tmp/clearvla_eval_opaque_66846.png'
15:58.040  render           | Saved: '/tmp/clearvla_eval_opaque_66846.png'
15:58.561  render           | Saved: '/tmp/clearvla_eval_opaque_66846.png'
15:59.313  render           | Saved: '/tmp/clearvla_eval_opaque_66846.png'
15:59.981  render           | Saved: '/tmp/clearvla_eval_opaque_66846.png'
16:00.537  render           | Saved: '/tmp/clearvla_eval_opaque_66846.png'
16:01.138  render           | Saved: '/tmp/clearvla_eval_opaque_66846.png'
16:01.580  render           | Saved: '/tmp/clearvla_eval_opaque_66846.png'
16:02.088  render           | Saved: '/tmp/clearvla_eval_opaque_66846.png'
16:02.448  render           | Saved: '/tmp/clearvla_eval_opaque_66846.png'
16:02.879  render           | Saved: '/tmp/clearvla_eval_opaque_66846.png'
16:03.255  render           | Saved: '/tmp/clearvla_eval_opaque_66846.png'
16:03.728  render           | Saved: '/tmp/clearvla_eval_opaque_66846.png'
16:04.115  render           | Saved: '/tmp/clearvla_eval_opaque_66846.png'
16:04.611  render           | Saved: '/tmp/clearvla_eval_opaque_66846.png'
16:04.977  render           | Saved: '/tmp/clearvla_eval_opaque_66846.png'
16:05.467  render           | Saved: '/tmp/clearvla_eval_opaque_66846.png'
16:05.929  render           | Saved: '/tmp/clearvla_eval_opaque_66846.png'
16:06.404  render           | Saved: '/tmp/clearvla_eval_opaque_66846.png'
16:07.136  render           | Saved: '/tmp/clearvla_eval_opaque_66846.png'
16:07.605  render           | Saved: '/tmp/clearvla_eval_opaque_66846.png'
16:07.979  render           | Saved: '/tmp/clearvla_eval_opaque_66846.png'
16:08.406  render           | Saved: '/tmp/clearvla_eval_opaque_66846.png'
16:08.753  render           | Saved: '/tmp/clearvla_eval_opaque_66846.png'
16:09.192  render           | Saved: '/tmp/clearvla_eval_opaque_66846.png'
16:09.581  render           | Saved: '/tmp/clearvla_eval_opaque_66846.png'
16:10.903  render           | Saved: '/tmp/clearvla_eval_opaque_66846.png'
16:11.535  render           | Saved: '/tmp/clearvla_eval_opaque_66846.png'
16:12.268  render           | Saved: '/tmp/clearvla_eval_opaque_66846.png'
16:12.828  render           | Saved: '/tmp/clearvla_eval_opaque_66846.png'
16:13.416  render           | Saved: '/tmp/clearvla_eval_opaque_66846.png'
16:13.870  render           | Saved: '/tmp/clearvla_eval_opaque_66846.png'
16:14.330  render           | Saved: '/tmp/clearvla_eval_opaque_66846.png'
16:14.700  render           | Saved: '/tmp/clearvla_eval_opaque_66846.png'
16:15.129  render           | Saved: '/tmp/clearvla_eval_opaque_66846.png'
16:15.607  render           | Saved: '/tmp/clearvla_eval_opaque_66846.png'
16:16.081  render           | Saved: '/tmp/clearvla_eval_opaque_66846.png'
16:16.437  render           | Saved: '/tmp/clearvla_eval_opaque_66846.png'
16:17.099  render           | Saved: '/tmp/clearvla_eval_opaque_66846.png'
16:18.084  render           | Saved: '/tmp/clearvla_eval_opaque_66846.png'
16:18.821  render           | Saved: '/tmp/clearvla_eval_opaque_66846.png'
16:19.216  render           | Saved: '/tmp/clearvla_eval_opaque_66846.png'
16:19.656  render           | Saved: '/tmp/clearvla_eval_opaque_66846.png'
16:20.040  render           | Saved: '/tmp/clearvla_eval_opaque_66846.png'
16:20.467  render           | Saved: '/tmp/clearvla_eval_opaque_66846.png'
16:20.852  render           | Saved: '/tmp/clearvla_eval_opaque_66846.png'
16:21.283  render           | Saved: '/tmp/clearvla_eval_opaque_66846.png'
16:21.646  render           | Saved: '/tmp/clearvla_eval_opaque_66846.png'
16:22.115  render           | Saved: '/tmp/clearvla_eval_opaque_66846.png'
16:22.461  render           | Saved: '/tmp/clearvla_eval_opaque_66846.png'
16:22.937  render           | Saved: '/tmp/clearvla_eval_opaque_66846.png'
16:23.429  render           | Saved: '/tmp/clearvla_eval_opaque_66846.png'
16:23.890  render           | Saved: '/tmp/clearvla_eval_opaque_66846.png'
16:24.304  render           | Saved: '/tmp/clearvla_eval_opaque_66846.png'
16:24.772  render           | Saved: '/tmp/clearvla_eval_opaque_66846.png'
16:25.206  render           | Saved: '/tmp/clearvla_eval_opaque_66846.png'
16:26.585  render           | Saved: '/tmp/clearvla_eval_opaque_66846.png'
16:26.994  render           | Saved: '/tmp/clearvla_eval_opaque_66846.png'
16:27.500  render           | Saved: '/tmp/clearvla_eval_opaque_66846.png'
16:27.863  render           | Saved: '/tmp/clearvla_eval_opaque_66846.png'
16:28.304  render           | Saved: '/tmp/clearvla_eval_opaque_66846.png'
16:28.643  render           | Saved: '/tmp/clearvla_eval_opaque_66846.png'
16:29.094  render           | Saved: '/tmp/clearvla_eval_opaque_66846.png'
16:29.481  render           | Saved: '/tmp/clearvla_eval_opaque_66846.png'
16:29.938  render           | Saved: '/tmp/clearvla_eval_opaque_66846.png'
16:30.322  render           | Saved: '/tmp/clearvla_eval_opaque_66846.png'
16:30.813  render           | Saved: '/tmp/clearvla_eval_opaque_66846.png'
16:31.347  render           | Saved: '/tmp/clearvla_eval_opaque_66846.png'
16:32.075  render           | Saved: '/tmp/clearvla_eval_opaque_66846.png'
16:32.576  render           | Saved: '/tmp/clearvla_eval_opaque_66846.png'
16:33.138  render           | Saved: '/tmp/clearvla_eval_opaque_66846.png'
16:33.497  render           | Saved: '/tmp/clearvla_eval_opaque_66846.png'
16:33.968  render           | Saved: '/tmp/clearvla_eval_opaque_66846.png'
16:34.366  render           | Saved: '/tmp/clearvla_eval_opaque_66846.png'
16:34.822  render           | Saved: '/tmp/clearvla_eval_opaque_66846.png'
16:35.195  render           | Saved: '/tmp/clearvla_eval_opaque_66846.png'
16:35.639  render           | Saved: '/tmp/clearvla_eval_opaque_66846.png'
16:36.100  render           | Saved: '/tmp/clearvla_eval_opaque_66846.png'
16:36.720  render           | Saved: '/tmp/clearvla_eval_opaque_66846.png'
16:37.203  render           | Saved: '/tmp/clearvla_eval_opaque_66846.png'
16:37.767  render           | Saved: '/tmp/clearvla_eval_opaque_66846.png'
16:38.147  render           | Saved: '/tmp/clearvla_eval_opaque_66846.png'
16:38.632  render           | Saved: '/tmp/clearvla_eval_opaque_66846.png'
16:39.073  render           | Saved: '/tmp/clearvla_eval_opaque_66846.png'
16:39.589  render           | Saved: '/tmp/clearvla_eval_opaque_66846.png'
16:39.975  render           | Saved: '/tmp/clearvla_eval_opaque_66846.png'
16:41.494  render           | Saved: '/tmp/clearvla_eval_opaque_66846.png'
16:41.969  render           | Saved: '/tmp/clearvla_eval_opaque_66846.png'
16:42.654  render           | Saved: '/tmp/clearvla_eval_opaque_66846.png'
16:43.136  render           | Saved: '/tmp/clearvla_eval_opaque_66846.png'
16:43.738  render           | Saved: '/tmp/clearvla_eval_opaque_66846.png'
16:44.367  render           | Saved: '/tmp/clearvla_eval_opaque_66846.png'
16:45.018  render           | Saved: '/tmp/clearvla_eval_opaque_66846.png'
16:45.560  render           | Saved: '/tmp/clearvla_eval_opaque_66846.png'
16:46.021  render           | Saved: '/tmp/clearvla_eval_opaque_66846.png'
16:46.398  render           | Saved: '/tmp/clearvla_eval_opaque_66846.png'
16:46.848  render           | Saved: '/tmp/clearvla_eval_opaque_66846.png'
16:47.216  render           | Saved: '/tmp/clearvla_eval_opaque_66846.png'
16:47.680  render           | Saved: '/tmp/clearvla_eval_opaque_66846.png'
16:48.057  render           | Saved: '/tmp/clearvla_eval_opaque_66846.png'
16:48.508  render           | Saved: '/tmp/clearvla_eval_opaque_66846.png'
16:48.880  render           | Saved: '/tmp/clearvla_eval_opaque_66846.png'
16:49.378  render           | Saved: '/tmp/clearvla_eval_opaque_66846.png'
16:49.783  render           | Saved: '/tmp/clearvla_eval_opaque_66846.png'
16:50.349  render           | Saved: '/tmp/clearvla_eval_opaque_66846.png'
16:50.740  render           | Saved: '/tmp/clearvla_eval_opaque_66846.png'
16:51.305  render           | Saved: '/tmp/clearvla_eval_opaque_66846.png'
16:51.721  render           | Saved: '/tmp/clearvla_eval_opaque_66846.png'
16:52.173  render           | Saved: '/tmp/clearvla_eval_opaque_66846.png'
16:52.571  render           | Saved: '/tmp/clearvla_eval_opaque_66846.png'
16:53.135  render           | Saved: '/tmp/clearvla_eval_opaque_66846.png'
16:53.564  render           | Saved: '/tmp/clearvla_eval_opaque_66846.png'
16:54.894  render           | Saved: '/tmp/clearvla_eval_opaque_66846.png'
16:55.301  render           | Saved: '/tmp/clearvla_eval_opaque_66846.png'
16:55.777  render           | Saved: '/tmp/clearvla_eval_opaque_66846.png'
16:56.134  render           | Saved: '/tmp/clearvla_eval_opaque_66846.png'
16:56.555  render           | Saved: '/tmp/clearvla_eval_opaque_66846.png'
16:56.888  render           | Saved: '/tmp/clearvla_eval_opaque_66846.png'
16:57.284  render           | Saved: '/tmp/clearvla_eval_opaque_66846.png'
16:57.611  render           | Saved: '/tmp/clearvla_eval_opaque_66846.png'
16:58.013  render           | Saved: '/tmp/clearvla_eval_opaque_66846.png'
16:58.398  render           | Saved: '/tmp/clearvla_eval_opaque_66846.png'
16:58.819  render           | Saved: '/tmp/clearvla_eval_opaque_66846.png'
16:59.157  render           | Saved: '/tmp/clearvla_eval_opaque_66846.png'
16:59.547  render           | Saved: '/tmp/clearvla_eval_opaque_66846.png'
16:59.856  render           | Saved: '/tmp/clearvla_eval_opaque_66846.png'
17:00.239  render           | Saved: '/tmp/clearvla_eval_opaque_66846.png'
17:00.587  render           | Saved: '/tmp/clearvla_eval_opaque_66846.png'
17:01.033  render           | Saved: '/tmp/clearvla_eval_opaque_66846.png'
17:01.385  render           | Saved: '/tmp/clearvla_eval_opaque_66846.png'
17:01.779  render           | Saved: '/tmp/clearvla_eval_opaque_66846.png'
17:02.118  render           | Saved: '/tmp/clearvla_eval_opaque_66846.png'
17:02.514  render           | Saved: '/tmp/clearvla_eval_opaque_66846.png'
17:02.837  render           | Saved: '/tmp/clearvla_eval_opaque_66846.png'
17:03.224  render           | Saved: '/tmp/clearvla_eval_opaque_66846.png'
17:03.564  render           | Saved: '/tmp/clearvla_eval_opaque_66846.png'
17:03.972  render           | Saved: '/tmp/clearvla_eval_opaque_66846.png'
17:04.309  render           | Saved: '/tmp/clearvla_eval_opaque_66846.png'
17:04.693  render           | Saved: '/tmp/clearvla_eval_opaque_66846.png'
17:05.034  render           | Saved: '/tmp/clearvla_eval_opaque_66846.png'
17:05.949  render           | Saved: '/tmp/clearvla_eval_opaque_66846.png'
17:06.273  render           | Saved: '/tmp/clearvla_eval_opaque_66846.png'
17:06.662  render           | Saved: '/tmp/clearvla_eval_opaque_66846.png'
17:06.991  render           | Saved: '/tmp/clearvla_eval_opaque_66846.png'
17:07.414  render           | Saved: '/tmp/clearvla_eval_opaque_66846.png'
17:07.730  render           | Saved: '/tmp/clearvla_eval_opaque_66846.png'
17:08.117  render           | Saved: '/tmp/clearvla_eval_opaque_66846.png'
17:08.446  render           | Saved: '/tmp/clearvla_eval_opaque_66846.png'
17:08.847  render           | Saved: '/tmp/clearvla_eval_opaque_66846.png'
17:09.177  render           | Saved: '/tmp/clearvla_eval_opaque_66846.png'
17:09.579  render           | Saved: '/tmp/clearvla_eval_opaque_66846.png'
17:09.909  render           | Saved: '/tmp/clearvla_eval_opaque_66846.png'
17:10.301  render           | Saved: '/tmp/clearvla_eval_opaque_66846.png'
17:10.640  render           | Saved: '/tmp/clearvla_eval_opaque_66846.png'
17:11.038  render           | Saved: '/tmp/clearvla_eval_opaque_66846.png'
17:11.362  render           | Saved: '/tmp/clearvla_eval_opaque_66846.png'
17:11.758  render           | Saved: '/tmp/clearvla_eval_opaque_66846.png'
17:12.091  render           | Saved: '/tmp/clearvla_eval_opaque_66846.png'
17:12.468  render           | Saved: '/tmp/clearvla_eval_opaque_66846.png'
17:12.803  render           | Saved: '/tmp/clearvla_eval_opaque_66846.png'
17:13.180  render           | Saved: '/tmp/clearvla_eval_opaque_66846.png'
17:13.525  render           | Saved: '/tmp/clearvla_eval_opaque_66846.png'
17:13.922  render           | Saved: '/tmp/clearvla_eval_opaque_66846.png'
17:14.254  render           | Saved: '/tmp/clearvla_eval_opaque_66846.png'
17:14.649  render           | Saved: '/tmp/clearvla_eval_opaque_66846.png'
17:14.987  render           | Saved: '/tmp/clearvla_eval_opaque_66846.png'
17:15.364  render           | Saved: '/tmp/clearvla_eval_opaque_66846.png'
17:15.697  render           | Saved: '/tmp/clearvla_eval_opaque_66846.png'
17:16.071  render           | Saved: '/tmp/clearvla_eval_opaque_66846.png'
17:16.401  render           | Saved: '/tmp/clearvla_eval_opaque_66846.png'
17:16.783  render           | Saved: '/tmp/clearvla_eval_opaque_66846.png'
17:17.102  render           | Saved: '/tmp/clearvla_eval_opaque_66846.png'
17:17.500  render           | Saved: '/tmp/clearvla_eval_opaque_66846.png'
17:17.833  render           | Saved: '/tmp/clearvla_eval_opaque_66846.png'
17:18.213  render           | Saved: '/tmp/clearvla_eval_opaque_66846.png'
17:18.537  render           | Saved: '/tmp/clearvla_eval_opaque_66846.png'
17:18.938  render           | Saved: '/tmp/clearvla_eval_opaque_66846.png'
17:19.261  render           | Saved: '/tmp/clearvla_eval_opaque_66846.png'
17:19.657  render           | Saved: '/tmp/clearvla_eval_opaque_66846.png'
17:19.995  render           | Saved: '/tmp/clearvla_eval_opaque_66846.png'
17:20.406  render           | Saved: '/tmp/clearvla_eval_opaque_66846.png'
17:20.743  render           | Saved: '/tmp/clearvla_eval_opaque_66846.png'
17:21.119  render           | Saved: '/tmp/clearvla_eval_opaque_66846.png'
17:21.455  render           | Saved: '/tmp/clearvla_eval_opaque_66846.png'
17:21.838  render           | Saved: '/tmp/clearvla_eval_opaque_66846.png'
17:22.172  render           | Saved: '/tmp/clearvla_eval_opaque_66846.png'
17:22.554  render           | Saved: '/tmp/clearvla_eval_opaque_66846.png'
17:22.862  render           | Saved: '/tmp/clearvla_eval_opaque_66846.png'
17:23.258  render           | Saved: '/tmp/clearvla_eval_opaque_66846.png'
17:23.581  render           | Saved: '/tmp/clearvla_eval_opaque_66846.png'
17:23.981  render           | Saved: '/tmp/clearvla_eval_opaque_66846.png'
17:24.311  render           | Saved: '/tmp/clearvla_eval_opaque_66846.png'
17:24.690  render           | Saved: '/tmp/clearvla_eval_opaque_66846.png'
17:25.014  render           | Saved: '/tmp/clearvla_eval_opaque_66846.png'
17:25.412  render           | Saved: '/tmp/clearvla_eval_opaque_66846.png'
17:25.737  render           | Saved: '/tmp/clearvla_eval_opaque_66846.png'
17:26.137  render           | Saved: '/tmp/clearvla_eval_opaque_66846.png'
17:26.470  render           | Saved: '/tmp/clearvla_eval_opaque_66846.png'
17:26.876  render           | Saved: '/tmp/clearvla_eval_opaque_66846.png'
17:27.199  render           | Saved: '/tmp/clearvla_eval_opaque_66846.png'
17:27.584  render           | Saved: '/tmp/clearvla_eval_opaque_66846.png'
17:27.943  render           | Saved: '/tmp/clearvla_eval_opaque_66846.png'
17:28.322  render           | Saved: '/tmp/clearvla_eval_opaque_66846.png'
17:28.668  render           | Saved: '/tmp/clearvla_eval_opaque_66846.png'
17:29.050  render           | Saved: '/tmp/clearvla_eval_opaque_66846.png'
17:29.371  render           | Saved: '/tmp/clearvla_eval_opaque_66846.png'
17:29.768  render           | Saved: '/tmp/clearvla_eval_opaque_66846.png'
17:30.083  render           | Saved: '/tmp/clearvla_eval_opaque_66846.png'
17:30.521  render           | Saved: '/tmp/clearvla_eval_opaque_66846.png'
17:30.828  render           | Saved: '/tmp/clearvla_eval_opaque_66846.png'
17:31.235  render           | Saved: '/tmp/clearvla_eval_opaque_66846.png'
17:31.548  render           | Saved: '/tmp/clearvla_eval_opaque_66846.png'
17:31.986  render           | Saved: '/tmp/clearvla_eval_opaque_66846.png'
17:32.298  render           | Saved: '/tmp/clearvla_eval_opaque_66846.png'
17:32.685  render           | Saved: '/tmp/clearvla_eval_opaque_66846.png'
17:33.004  render           | Saved: '/tmp/clearvla_eval_opaque_66846.png'
[full/opaque] grasp: 52/60  (17.4 min, 27.4 s/ep)
17:33.934  render           | Saved: '/tmp/clearvla_eval_opaque_66846.png'
17:34.272  render           | Saved: '/tmp/clearvla_eval_opaque_66846.png'
17:34.699  render           | Saved: '/tmp/clearvla_eval_opaque_66846.png'
17:35.045  render           | Saved: '/tmp/clearvla_eval_opaque_66846.png'
17:35.461  render           | Saved: '/tmp/clearvla_eval_opaque_66846.png'
17:35.825  render           | Saved: '/tmp/clearvla_eval_opaque_66846.png'
17:36.256  render           | Saved: '/tmp/clearvla_eval_opaque_66846.png'
17:36.604  render           | Saved: '/tmp/clearvla_eval_opaque_66846.png'
17:37.020  render           | Saved: '/tmp/clearvla_eval_opaque_66846.png'
17:37.366  render           | Saved: '/tmp/clearvla_eval_opaque_66846.png'
17:37.782  render           | Saved: '/tmp/clearvla_eval_opaque_66846.png'
17:38.142  render           | Saved: '/tmp/clearvla_eval_opaque_66846.png'
17:38.576  render           | Saved: '/tmp/clearvla_eval_opaque_66846.png'
17:38.930  render           | Saved: '/tmp/clearvla_eval_opaque_66846.png'
17:39.339  render           | Saved: '/tmp/clearvla_eval_opaque_66846.png'
17:39.666  render           | Saved: '/tmp/clearvla_eval_opaque_66846.png'
17:40.065  render           | Saved: '/tmp/clearvla_eval_opaque_66846.png'
17:40.392  render           | Saved: '/tmp/clearvla_eval_opaque_66846.png'
17:40.796  render           | Saved: '/tmp/clearvla_eval_opaque_66846.png'
17:41.127  render           | Saved: '/tmp/clearvla_eval_opaque_66846.png'
17:41.552  render           | Saved: '/tmp/clearvla_eval_opaque_66846.png'
17:41.864  render           | Saved: '/tmp/clearvla_eval_opaque_66846.png'
17:42.308  render           | Saved: '/tmp/clearvla_eval_opaque_66846.png'
17:42.624  render           | Saved: '/tmp/clearvla_eval_opaque_66846.png'
17:43.044  render           | Saved: '/tmp/clearvla_eval_opaque_66846.png'
17:43.353  render           | Saved: '/tmp/clearvla_eval_opaque_66846.png'
17:43.735  render           | Saved: '/tmp/clearvla_eval_opaque_66846.png'
17:44.068  render           | Saved: '/tmp/clearvla_eval_opaque_66846.png'
17:44.994  render           | Saved: '/tmp/clearvla_eval_opaque_66846.png'
17:45.332  render           | Saved: '/tmp/clearvla_eval_opaque_66846.png'
17:45.745  render           | Saved: '/tmp/clearvla_eval_opaque_66846.png'
17:46.104  render           | Saved: '/tmp/clearvla_eval_opaque_66846.png'
17:46.556  render           | Saved: '/tmp/clearvla_eval_opaque_66846.png'
17:46.925  render           | Saved: '/tmp/clearvla_eval_opaque_66846.png'
17:47.376  render           | Saved: '/tmp/clearvla_eval_opaque_66846.png'
17:47.742  render           | Saved: '/tmp/clearvla_eval_opaque_66846.png'
17:48.192  render           | Saved: '/tmp/clearvla_eval_opaque_66846.png'
17:48.550  render           | Saved: '/tmp/clearvla_eval_opaque_66846.png'
17:48.994  render           | Saved: '/tmp/clearvla_eval_opaque_66846.png'
17:49.358  render           | Saved: '/tmp/clearvla_eval_opaque_66846.png'
17:49.805  render           | Saved: '/tmp/clearvla_eval_opaque_66846.png'
17:50.169  render           | Saved: '/tmp/clearvla_eval_opaque_66846.png'
17:50.574  render           | Saved: '/tmp/clearvla_eval_opaque_66846.png'
17:50.902  render           | Saved: '/tmp/clearvla_eval_opaque_66846.png'
17:51.299  render           | Saved: '/tmp/clearvla_eval_opaque_66846.png'
17:51.612  render           | Saved: '/tmp/clearvla_eval_opaque_66846.png'
17:52.010  render           | Saved: '/tmp/clearvla_eval_opaque_66846.png'
17:52.344  render           | Saved: '/tmp/clearvla_eval_opaque_66846.png'
17:52.736  render           | Saved: '/tmp/clearvla_eval_opaque_66846.png'
17:53.076  render           | Saved: '/tmp/clearvla_eval_opaque_66846.png'
17:53.498  render           | Saved: '/tmp/clearvla_eval_opaque_66846.png'
17:53.813  render           | Saved: '/tmp/clearvla_eval_opaque_66846.png'
17:54.237  render           | Saved: '/tmp/clearvla_eval_opaque_66846.png'
17:54.551  render           | Saved: '/tmp/clearvla_eval_opaque_66846.png'
17:54.970  render           | Saved: '/tmp/clearvla_eval_opaque_66846.png'
17:55.286  render           | Saved: '/tmp/clearvla_eval_opaque_66846.png'
17:56.183  render           | Saved: '/tmp/clearvla_eval_opaque_66846.png'
17:56.502  render           | Saved: '/tmp/clearvla_eval_opaque_66846.png'
17:56.920  render           | Saved: '/tmp/clearvla_eval_opaque_66846.png'
17:57.276  render           | Saved: '/tmp/clearvla_eval_opaque_66846.png'
17:57.712  render           | Saved: '/tmp/clearvla_eval_opaque_66846.png'
17:58.063  render           | Saved: '/tmp/clearvla_eval_opaque_66846.png'
17:58.491  render           | Saved: '/tmp/clearvla_eval_opaque_66846.png'
17:58.858  render           | Saved: '/tmp/clearvla_eval_opaque_66846.png'
17:59.288  render           | Saved: '/tmp/clearvla_eval_opaque_66846.png'
17:59.635  render           | Saved: '/tmp/clearvla_eval_opaque_66846.png'
18:00.064  render           | Saved: '/tmp/clearvla_eval_opaque_66846.png'
18:00.425  render           | Saved: '/tmp/clearvla_eval_opaque_66846.png'
18:00.864  render           | Saved: '/tmp/clearvla_eval_opaque_66846.png'
18:01.228  render           | Saved: '/tmp/clearvla_eval_opaque_66846.png'
18:01.682  render           | Saved: '/tmp/clearvla_eval_opaque_66846.png'
18:02.028  render           | Saved: '/tmp/clearvla_eval_opaque_66846.png'
18:02.446  render           | Saved: '/tmp/clearvla_eval_opaque_66846.png'
18:02.823  render           | Saved: '/tmp/clearvla_eval_opaque_66846.png'
18:03.265  render           | Saved: '/tmp/clearvla_eval_opaque_66846.png'
18:03.631  render           | Saved: '/tmp/clearvla_eval_opaque_66846.png'
18:04.080  render           | Saved: '/tmp/clearvla_eval_opaque_66846.png'
18:04.436  render           | Saved: '/tmp/clearvla_eval_opaque_66846.png'
18:04.911  render           | Saved: '/tmp/clearvla_eval_opaque_66846.png'
18:05.299  render           | Saved: '/tmp/clearvla_eval_opaque_66846.png'
18:05.755  render           | Saved: '/tmp/clearvla_eval_opaque_66846.png'
18:06.120  render           | Saved: '/tmp/clearvla_eval_opaque_66846.png'
18:06.561  render           | Saved: '/tmp/clearvla_eval_opaque_66846.png'
18:06.928  render           | Saved: '/tmp/clearvla_eval_opaque_66846.png'
18:07.361  render           | Saved: '/tmp/clearvla_eval_opaque_66846.png'
18:07.726  render           | Saved: '/tmp/clearvla_eval_opaque_66846.png'
18:08.636  render           | Saved: '/tmp/clearvla_eval_opaque_66846.png'
18:08.940  render           | Saved: '/tmp/clearvla_eval_opaque_66846.png'
18:09.326  render           | Saved: '/tmp/clearvla_eval_opaque_66846.png'
18:09.644  render           | Saved: '/tmp/clearvla_eval_opaque_66846.png'
18:10.014  render           | Saved: '/tmp/clearvla_eval_opaque_66846.png'
18:10.385  render           | Saved: '/tmp/clearvla_eval_opaque_66846.png'
18:10.771  render           | Saved: '/tmp/clearvla_eval_opaque_66846.png'
18:11.092  render           | Saved: '/tmp/clearvla_eval_opaque_66846.png'
18:11.510  render           | Saved: '/tmp/clearvla_eval_opaque_66846.png'
18:11.821  render           | Saved: '/tmp/clearvla_eval_opaque_66846.png'
18:12.257  render           | Saved: '/tmp/clearvla_eval_opaque_66846.png'
18:12.576  render           | Saved: '/tmp/clearvla_eval_opaque_66846.png'
18:13.002  render           | Saved: '/tmp/clearvla_eval_opaque_66846.png'
18:13.318  render           | Saved: '/tmp/clearvla_eval_opaque_66846.png'
18:13.747  render           | Saved: '/tmp/clearvla_eval_opaque_66846.png'
18:14.058  render           | Saved: '/tmp/clearvla_eval_opaque_66846.png'
18:14.478  render           | Saved: '/tmp/clearvla_eval_opaque_66846.png'
18:14.789  render           | Saved: '/tmp/clearvla_eval_opaque_66846.png'
18:15.203  render           | Saved: '/tmp/clearvla_eval_opaque_66846.png'
18:15.522  render           | Saved: '/tmp/clearvla_eval_opaque_66846.png'
18:15.925  render           | Saved: '/tmp/clearvla_eval_opaque_66846.png'
18:16.243  render           | Saved: '/tmp/clearvla_eval_opaque_66846.png'
18:16.649  render           | Saved: '/tmp/clearvla_eval_opaque_66846.png'
18:16.985  render           | Saved: '/tmp/clearvla_eval_opaque_66846.png'
18:17.413  render           | Saved: '/tmp/clearvla_eval_opaque_66846.png'
18:17.726  render           | Saved: '/tmp/clearvla_eval_opaque_66846.png'
18:18.159  render           | Saved: '/tmp/clearvla_eval_opaque_66846.png'
18:18.464  render           | Saved: '/tmp/clearvla_eval_opaque_66846.png'
18:19.367  render           | Saved: '/tmp/clearvla_eval_opaque_66846.png'
18:19.682  render           | Saved: '/tmp/clearvla_eval_opaque_66846.png'
18:20.068  render           | Saved: '/tmp/clearvla_eval_opaque_66846.png'
18:20.386  render           | Saved: '/tmp/clearvla_eval_opaque_66846.png'
18:20.776  render           | Saved: '/tmp/clearvla_eval_opaque_66846.png'
18:21.103  render           | Saved: '/tmp/clearvla_eval_opaque_66846.png'
18:21.510  render           | Saved: '/tmp/clearvla_eval_opaque_66846.png'
18:21.826  render           | Saved: '/tmp/clearvla_eval_opaque_66846.png'
18:22.231  render           | Saved: '/tmp/clearvla_eval_opaque_66846.png'
18:22.549  render           | Saved: '/tmp/clearvla_eval_opaque_66846.png'
18:22.977  render           | Saved: '/tmp/clearvla_eval_opaque_66846.png'
18:23.288  render           | Saved: '/tmp/clearvla_eval_opaque_66846.png'
18:23.731  render           | Saved: '/tmp/clearvla_eval_opaque_66846.png'
18:24.051  render           | Saved: '/tmp/clearvla_eval_opaque_66846.png'
18:24.507  render           | Saved: '/tmp/clearvla_eval_opaque_66846.png'
18:24.814  render           | Saved: '/tmp/clearvla_eval_opaque_66846.png'
18:25.279  render           | Saved: '/tmp/clearvla_eval_opaque_66846.png'
18:25.605  render           | Saved: '/tmp/clearvla_eval_opaque_66846.png'
18:26.031  render           | Saved: '/tmp/clearvla_eval_opaque_66846.png'
18:26.348  render           | Saved: '/tmp/clearvla_eval_opaque_66846.png'
18:26.782  render           | Saved: '/tmp/clearvla_eval_opaque_66846.png'
18:27.089  render           | Saved: '/tmp/clearvla_eval_opaque_66846.png'
18:27.536  render           | Saved: '/tmp/clearvla_eval_opaque_66846.png'
18:27.849  render           | Saved: '/tmp/clearvla_eval_opaque_66846.png'
18:28.279  render           | Saved: '/tmp/clearvla_eval_opaque_66846.png'
18:28.597  render           | Saved: '/tmp/clearvla_eval_opaque_66846.png'
18:29.025  render           | Saved: '/tmp/clearvla_eval_opaque_66846.png'
18:29.340  render           | Saved: '/tmp/clearvla_eval_opaque_66846.png'
18:29.767  render           | Saved: '/tmp/clearvla_eval_opaque_66846.png'
18:30.076  render           | Saved: '/tmp/clearvla_eval_opaque_66846.png'
18:30.504  render           | Saved: '/tmp/clearvla_eval_opaque_66846.png'
18:30.814  render           | Saved: '/tmp/clearvla_eval_opaque_66846.png'
18:31.729  render           | Saved: '/tmp/clearvla_eval_opaque_66846.png'
18:32.038  render           | Saved: '/tmp/clearvla_eval_opaque_66846.png'
18:32.456  render           | Saved: '/tmp/clearvla_eval_opaque_66846.png'
18:32.768  render           | Saved: '/tmp/clearvla_eval_opaque_66846.png'
18:33.204  render           | Saved: '/tmp/clearvla_eval_opaque_66846.png'
18:33.513  render           | Saved: '/tmp/clearvla_eval_opaque_66846.png'
18:33.966  render           | Saved: '/tmp/clearvla_eval_opaque_66846.png'
18:34.291  render           | Saved: '/tmp/clearvla_eval_opaque_66846.png'
18:34.699  render           | Saved: '/tmp/clearvla_eval_opaque_66846.png'
18:35.010  render           | Saved: '/tmp/clearvla_eval_opaque_66846.png'
18:35.432  render           | Saved: '/tmp/clearvla_eval_opaque_66846.png'
18:35.752  render           | Saved: '/tmp/clearvla_eval_opaque_66846.png'
18:36.168  render           | Saved: '/tmp/clearvla_eval_opaque_66846.png'
18:36.481  render           | Saved: '/tmp/clearvla_eval_opaque_66846.png'
18:36.901  render           | Saved: '/tmp/clearvla_eval_opaque_66846.png'
18:37.204  render           | Saved: '/tmp/clearvla_eval_opaque_66846.png'
18:37.613  render           | Saved: '/tmp/clearvla_eval_opaque_66846.png'
18:37.929  render           | Saved: '/tmp/clearvla_eval_opaque_66846.png'
18:38.325  render           | Saved: '/tmp/clearvla_eval_opaque_66846.png'
18:38.652  render           | Saved: '/tmp/clearvla_eval_opaque_66846.png'
18:39.045  render           | Saved: '/tmp/clearvla_eval_opaque_66846.png'
18:39.375  render           | Saved: '/tmp/clearvla_eval_opaque_66846.png'
18:39.780  render           | Saved: '/tmp/clearvla_eval_opaque_66846.png'
18:40.108  render           | Saved: '/tmp/clearvla_eval_opaque_66846.png'
18:40.511  render           | Saved: '/tmp/clearvla_eval_opaque_66846.png'
18:40.840  render           | Saved: '/tmp/clearvla_eval_opaque_66846.png'
18:41.256  render           | Saved: '/tmp/clearvla_eval_opaque_66846.png'
18:41.568  render           | Saved: '/tmp/clearvla_eval_opaque_66846.png'
18:41.959  render           | Saved: '/tmp/clearvla_eval_opaque_66846.png'
18:42.262  render           | Saved: '/tmp/clearvla_eval_opaque_66846.png'
18:42.646  render           | Saved: '/tmp/clearvla_eval_opaque_66846.png'
18:42.982  render           | Saved: '/tmp/clearvla_eval_opaque_66846.png'
18:43.354  render           | Saved: '/tmp/clearvla_eval_opaque_66846.png'
18:43.713  render           | Saved: '/tmp/clearvla_eval_opaque_66846.png'
18:44.094  render           | Saved: '/tmp/clearvla_eval_opaque_66846.png'
18:44.483  render           | Saved: '/tmp/clearvla_eval_opaque_66846.png'
18:44.866  render           | Saved: '/tmp/clearvla_eval_opaque_66846.png'
18:45.228  render           | Saved: '/tmp/clearvla_eval_opaque_66846.png'
18:45.608  render           | Saved: '/tmp/clearvla_eval_opaque_66846.png'
18:45.923  render           | Saved: '/tmp/clearvla_eval_opaque_66846.png'
18:46.356  render           | Saved: '/tmp/clearvla_eval_opaque_66846.png'
18:46.662  render           | Saved: '/tmp/clearvla_eval_opaque_66846.png'
18:47.089  render           | Saved: '/tmp/clearvla_eval_opaque_66846.png'
18:47.404  render           | Saved: '/tmp/clearvla_eval_opaque_66846.png'
18:47.834  render           | Saved: '/tmp/clearvla_eval_opaque_66846.png'
18:48.148  render           | Saved: '/tmp/clearvla_eval_opaque_66846.png'
18:48.578  render           | Saved: '/tmp/clearvla_eval_opaque_66846.png'
18:48.890  render           | Saved: '/tmp/clearvla_eval_opaque_66846.png'
18:49.326  render           | Saved: '/tmp/clearvla_eval_opaque_66846.png'
18:49.635  render           | Saved: '/tmp/clearvla_eval_opaque_66846.png'
18:50.067  render           | Saved: '/tmp/clearvla_eval_opaque_66846.png'
18:50.383  render           | Saved: '/tmp/clearvla_eval_opaque_66846.png'
18:50.780  render           | Saved: '/tmp/clearvla_eval_opaque_66846.png'
18:51.105  render           | Saved: '/tmp/clearvla_eval_opaque_66846.png'
18:51.485  render           | Saved: '/tmp/clearvla_eval_opaque_66846.png'
18:51.804  render           | Saved: '/tmp/clearvla_eval_opaque_66846.png'
18:52.199  render           | Saved: '/tmp/clearvla_eval_opaque_66846.png'
18:52.517  render           | Saved: '/tmp/clearvla_eval_opaque_66846.png'
18:52.916  render           | Saved: '/tmp/clearvla_eval_opaque_66846.png'
18:53.303  render           | Saved: '/tmp/clearvla_eval_opaque_66846.png'
18:53.681  render           | Saved: '/tmp/clearvla_eval_opaque_66846.png'
18:54.007  render           | Saved: '/tmp/clearvla_eval_opaque_66846.png'
18:54.414  render           | Saved: '/tmp/clearvla_eval_opaque_66846.png'
18:54.739  render           | Saved: '/tmp/clearvla_eval_opaque_66846.png'
18:55.149  render           | Saved: '/tmp/clearvla_eval_opaque_66846.png'
18:55.459  render           | Saved: '/tmp/clearvla_eval_opaque_66846.png'
18:55.877  render           | Saved: '/tmp/clearvla_eval_opaque_66846.png'
18:56.188  render           | Saved: '/tmp/clearvla_eval_opaque_66846.png'
18:56.615  render           | Saved: '/tmp/clearvla_eval_opaque_66846.png'
18:56.927  render           | Saved: '/tmp/clearvla_eval_opaque_66846.png'
18:57.344  render           | Saved: '/tmp/clearvla_eval_opaque_66846.png'
18:57.658  render           | Saved: '/tmp/clearvla_eval_opaque_66846.png'
18:58.094  render           | Saved: '/tmp/clearvla_eval_opaque_66846.png'
18:58.401  render           | Saved: '/tmp/clearvla_eval_opaque_66846.png'
18:58.810  render           | Saved: '/tmp/clearvla_eval_opaque_66846.png'
18:59.131  render           | Saved: '/tmp/clearvla_eval_opaque_66846.png'
19:00.046  render           | Saved: '/tmp/clearvla_eval_opaque_66846.png'
19:00.354  render           | Saved: '/tmp/clearvla_eval_opaque_66846.png'
19:00.791  render           | Saved: '/tmp/clearvla_eval_opaque_66846.png'
19:01.156  render           | Saved: '/tmp/clearvla_eval_opaque_66846.png'
19:01.592  render           | Saved: '/tmp/clearvla_eval_opaque_66846.png'
19:01.990  render           | Saved: '/tmp/clearvla_eval_opaque_66846.png'
19:02.425  render           | Saved: '/tmp/clearvla_eval_opaque_66846.png'
19:02.788  render           | Saved: '/tmp/clearvla_eval_opaque_66846.png'
19:03.249  render           | Saved: '/tmp/clearvla_eval_opaque_66846.png'
19:03.590  render           | Saved: '/tmp/clearvla_eval_opaque_66846.png'
19:04.030  render           | Saved: '/tmp/clearvla_eval_opaque_66846.png'
19:04.386  render           | Saved: '/tmp/clearvla_eval_opaque_66846.png'
19:04.790  render           | Saved: '/tmp/clearvla_eval_opaque_66846.png'
19:05.114  render           | Saved: '/tmp/clearvla_eval_opaque_66846.png'
19:05.499  render           | Saved: '/tmp/clearvla_eval_opaque_66846.png'
19:05.818  render           | Saved: '/tmp/clearvla_eval_opaque_66846.png'
19:06.205  render           | Saved: '/tmp/clearvla_eval_opaque_66846.png'
19:06.526  render           | Saved: '/tmp/clearvla_eval_opaque_66846.png'
19:06.922  render           | Saved: '/tmp/clearvla_eval_opaque_66846.png'
19:07.236  render           | Saved: '/tmp/clearvla_eval_opaque_66846.png'
19:07.630  render           | Saved: '/tmp/clearvla_eval_opaque_66846.png'
19:07.954  render           | Saved: '/tmp/clearvla_eval_opaque_66846.png'
19:08.353  render           | Saved: '/tmp/clearvla_eval_opaque_66846.png'
19:08.684  render           | Saved: '/tmp/clearvla_eval_opaque_66846.png'
19:09.085  render           | Saved: '/tmp/clearvla_eval_opaque_66846.png'
19:09.431  render           | Saved: '/tmp/clearvla_eval_opaque_66846.png'
19:09.854  render           | Saved: '/tmp/clearvla_eval_opaque_66846.png'
19:10.167  render           | Saved: '/tmp/clearvla_eval_opaque_66846.png'
19:10.600  render           | Saved: '/tmp/clearvla_eval_opaque_66846.png'
19:10.906  render           | Saved: '/tmp/clearvla_eval_opaque_66846.png'
19:11.818  render           | Saved: '/tmp/clearvla_eval_opaque_66846.png'
19:12.132  render           | Saved: '/tmp/clearvla_eval_opaque_66846.png'
19:12.531  render           | Saved: '/tmp/clearvla_eval_opaque_66846.png'
19:12.893  render           | Saved: '/tmp/clearvla_eval_opaque_66846.png'
19:13.332  render           | Saved: '/tmp/clearvla_eval_opaque_66846.png'
19:13.692  render           | Saved: '/tmp/clearvla_eval_opaque_66846.png'
19:14.110  render           | Saved: '/tmp/clearvla_eval_opaque_66846.png'
19:14.459  render           | Saved: '/tmp/clearvla_eval_opaque_66846.png'
19:14.840  render           | Saved: '/tmp/clearvla_eval_opaque_66846.png'
19:15.163  render           | Saved: '/tmp/clearvla_eval_opaque_66846.png'
19:15.530  render           | Saved: '/tmp/clearvla_eval_opaque_66846.png'
19:15.835  render           | Saved: '/tmp/clearvla_eval_opaque_66846.png'
19:16.201  render           | Saved: '/tmp/clearvla_eval_opaque_66846.png'
19:16.513  render           | Saved: '/tmp/clearvla_eval_opaque_66846.png'
19:16.908  render           | Saved: '/tmp/clearvla_eval_opaque_66846.png'
19:17.275  render           | Saved: '/tmp/clearvla_eval_opaque_66846.png'
19:17.710  render           | Saved: '/tmp/clearvla_eval_opaque_66846.png'
19:18.070  render           | Saved: '/tmp/clearvla_eval_opaque_66846.png'
19:18.521  render           | Saved: '/tmp/clearvla_eval_opaque_66846.png'
19:18.876  render           | Saved: '/tmp/clearvla_eval_opaque_66846.png'
19:19.318  render           | Saved: '/tmp/clearvla_eval_opaque_66846.png'
19:19.684  render           | Saved: '/tmp/clearvla_eval_opaque_66846.png'
19:20.141  render           | Saved: '/tmp/clearvla_eval_opaque_66846.png'
19:20.503  render           | Saved: '/tmp/clearvla_eval_opaque_66846.png'
19:20.940  render           | Saved: '/tmp/clearvla_eval_opaque_66846.png'
19:21.300  render           | Saved: '/tmp/clearvla_eval_opaque_66846.png'
19:21.715  render           | Saved: '/tmp/clearvla_eval_opaque_66846.png'
19:22.076  render           | Saved: '/tmp/clearvla_eval_opaque_66846.png'
19:22.524  render           | Saved: '/tmp/clearvla_eval_opaque_66846.png'
19:22.891  render           | Saved: '/tmp/clearvla_eval_opaque_66846.png'
19:23.811  render           | Saved: '/tmp/clearvla_eval_opaque_66846.png'
19:24.127  render           | Saved: '/tmp/clearvla_eval_opaque_66846.png'
19:24.511  render           | Saved: '/tmp/clearvla_eval_opaque_66846.png'
19:24.844  render           | Saved: '/tmp/clearvla_eval_opaque_66846.png'
19:25.222  render           | Saved: '/tmp/clearvla_eval_opaque_66846.png'
19:25.587  render           | Saved: '/tmp/clearvla_eval_opaque_66846.png'
19:25.971  render           | Saved: '/tmp/clearvla_eval_opaque_66846.png'
19:26.298  render           | Saved: '/tmp/clearvla_eval_opaque_66846.png'
19:26.676  render           | Saved: '/tmp/clearvla_eval_opaque_66846.png'
19:26.994  render           | Saved: '/tmp/clearvla_eval_opaque_66846.png'
19:27.377  render           | Saved: '/tmp/clearvla_eval_opaque_66846.png'
19:27.686  render           | Saved: '/tmp/clearvla_eval_opaque_66846.png'
19:28.075  render           | Saved: '/tmp/clearvla_eval_opaque_66846.png'
19:28.396  render           | Saved: '/tmp/clearvla_eval_opaque_66846.png'
19:28.787  render           | Saved: '/tmp/clearvla_eval_opaque_66846.png'
19:29.113  render           | Saved: '/tmp/clearvla_eval_opaque_66846.png'
19:29.500  render           | Saved: '/tmp/clearvla_eval_opaque_66846.png'
19:29.829  render           | Saved: '/tmp/clearvla_eval_opaque_66846.png'
19:30.203  render           | Saved: '/tmp/clearvla_eval_opaque_66846.png'
19:30.524  render           | Saved: '/tmp/clearvla_eval_opaque_66846.png'
19:30.913  render           | Saved: '/tmp/clearvla_eval_opaque_66846.png'
19:31.223  render           | Saved: '/tmp/clearvla_eval_opaque_66846.png'
19:31.617  render           | Saved: '/tmp/clearvla_eval_opaque_66846.png'
19:31.927  render           | Saved: '/tmp/clearvla_eval_opaque_66846.png'
19:32.315  render           | Saved: '/tmp/clearvla_eval_opaque_66846.png'
19:32.625  render           | Saved: '/tmp/clearvla_eval_opaque_66846.png'
19:33.007  render           | Saved: '/tmp/clearvla_eval_opaque_66846.png'
19:33.312  render           | Saved: '/tmp/clearvla_eval_opaque_66846.png'
19:33.694  render           | Saved: '/tmp/clearvla_eval_opaque_66846.png'
19:34.001  render           | Saved: '/tmp/clearvla_eval_opaque_66846.png'
19:34.381  render           | Saved: '/tmp/clearvla_eval_opaque_66846.png'
19:34.683  render           | Saved: '/tmp/clearvla_eval_opaque_66846.png'
19:35.053  render           | Saved: '/tmp/clearvla_eval_opaque_66846.png'
19:35.370  render           | Saved: '/tmp/clearvla_eval_opaque_66846.png'
19:35.762  render           | Saved: '/tmp/clearvla_eval_opaque_66846.png'
19:36.117  render           | Saved: '/tmp/clearvla_eval_opaque_66846.png'
19:36.495  render           | Saved: '/tmp/clearvla_eval_opaque_66846.png'
19:36.898  render           | Saved: '/tmp/clearvla_eval_opaque_66846.png'
19:37.276  render           | Saved: '/tmp/clearvla_eval_opaque_66846.png'
19:37.610  render           | Saved: '/tmp/clearvla_eval_opaque_66846.png'
19:38.009  render           | Saved: '/tmp/clearvla_eval_opaque_66846.png'
19:38.330  render           | Saved: '/tmp/clearvla_eval_opaque_66846.png'
19:38.722  render           | Saved: '/tmp/clearvla_eval_opaque_66846.png'
19:39.059  render           | Saved: '/tmp/clearvla_eval_opaque_66846.png'
19:39.423  render           | Saved: '/tmp/clearvla_eval_opaque_66846.png'
19:39.746  render           | Saved: '/tmp/clearvla_eval_opaque_66846.png'
19:40.114  render           | Saved: '/tmp/clearvla_eval_opaque_66846.png'
19:40.419  render           | Saved: '/tmp/clearvla_eval_opaque_66846.png'
19:40.785  render           | Saved: '/tmp/clearvla_eval_opaque_66846.png'
19:41.109  render           | Saved: '/tmp/clearvla_eval_opaque_66846.png'
19:41.472  render           | Saved: '/tmp/clearvla_eval_opaque_66846.png'
19:41.798  render           | Saved: '/tmp/clearvla_eval_opaque_66846.png'
19:42.165  render           | Saved: '/tmp/clearvla_eval_opaque_66846.png'
19:42.494  render           | Saved: '/tmp/clearvla_eval_opaque_66846.png'
19:42.879  render           | Saved: '/tmp/clearvla_eval_opaque_66846.png'
19:43.218  render           | Saved: '/tmp/clearvla_eval_opaque_66846.png'
19:43.631  render           | Saved: '/tmp/clearvla_eval_opaque_66846.png'
19:43.973  render           | Saved: '/tmp/clearvla_eval_opaque_66846.png'
19:44.403  render           | Saved: '/tmp/clearvla_eval_opaque_66846.png'
19:44.765  render           | Saved: '/tmp/clearvla_eval_opaque_66846.png'
19:45.216  render           | Saved: '/tmp/clearvla_eval_opaque_66846.png'
19:45.586  render           | Saved: '/tmp/clearvla_eval_opaque_66846.png'
19:46.037  render           | Saved: '/tmp/clearvla_eval_opaque_66846.png'
19:46.424  render           | Saved: '/tmp/clearvla_eval_opaque_66846.png'
19:46.883  render           | Saved: '/tmp/clearvla_eval_opaque_66846.png'
19:47.219  render           | Saved: '/tmp/clearvla_eval_opaque_66846.png'
19:47.647  render           | Saved: '/tmp/clearvla_eval_opaque_66846.png'
19:48.000  render           | Saved: '/tmp/clearvla_eval_opaque_66846.png'
19:48.465  render           | Saved: '/tmp/clearvla_eval_opaque_66846.png'
19:48.818  render           | Saved: '/tmp/clearvla_eval_opaque_66846.png'
19:49.222  render           | Saved: '/tmp/clearvla_eval_opaque_66846.png'
19:49.552  render           | Saved: '/tmp/clearvla_eval_opaque_66846.png'
19:49.923  render           | Saved: '/tmp/clearvla_eval_opaque_66846.png'
19:50.225  render           | Saved: '/tmp/clearvla_eval_opaque_66846.png'
19:50.587  render           | Saved: '/tmp/clearvla_eval_opaque_66846.png'
19:50.903  render           | Saved: '/tmp/clearvla_eval_opaque_66846.png'
19:51.937  render           | Saved: '/tmp/clearvla_eval_opaque_66846.png'
19:52.325  render           | Saved: '/tmp/clearvla_eval_opaque_66846.png'
19:52.731  render           | Saved: '/tmp/clearvla_eval_opaque_66846.png'
19:53.086  render           | Saved: '/tmp/clearvla_eval_opaque_66846.png'
19:53.551  render           | Saved: '/tmp/clearvla_eval_opaque_66846.png'
19:53.907  render           | Saved: '/tmp/clearvla_eval_opaque_66846.png'
19:54.356  render           | Saved: '/tmp/clearvla_eval_opaque_66846.png'
19:54.733  render           | Saved: '/tmp/clearvla_eval_opaque_66846.png'
19:55.174  render           | Saved: '/tmp/clearvla_eval_opaque_66846.png'
19:55.531  render           | Saved: '/tmp/clearvla_eval_opaque_66846.png'
19:55.972  render           | Saved: '/tmp/clearvla_eval_opaque_66846.png'
19:56.339  render           | Saved: '/tmp/clearvla_eval_opaque_66846.png'
19:56.775  render           | Saved: '/tmp/clearvla_eval_opaque_66846.png'
19:57.133  render           | Saved: '/tmp/clearvla_eval_opaque_66846.png'
19:57.582  render           | Saved: '/tmp/clearvla_eval_opaque_66846.png'
19:57.963  render           | Saved: '/tmp/clearvla_eval_opaque_66846.png'
19:58.398  render           | Saved: '/tmp/clearvla_eval_opaque_66846.png'
19:58.764  render           | Saved: '/tmp/clearvla_eval_opaque_66846.png'
19:59.203  render           | Saved: '/tmp/clearvla_eval_opaque_66846.png'
19:59.568  render           | Saved: '/tmp/clearvla_eval_opaque_66846.png'
20:00.035  render           | Saved: '/tmp/clearvla_eval_opaque_66846.png'
20:00.422  render           | Saved: '/tmp/clearvla_eval_opaque_66846.png'
20:00.818  render           | Saved: '/tmp/clearvla_eval_opaque_66846.png'
20:01.147  render           | Saved: '/tmp/clearvla_eval_opaque_66846.png'
20:01.512  render           | Saved: '/tmp/clearvla_eval_opaque_66846.png'
20:01.822  render           | Saved: '/tmp/clearvla_eval_opaque_66846.png'
[full/opaque] grasp: 60/70  (19.9 min, 10.3 s/ep)
20:02.858  render           | Saved: '/tmp/clearvla_eval_opaque_66846.png'
20:03.209  render           | Saved: '/tmp/clearvla_eval_opaque_66846.png'
20:03.690  render           | Saved: '/tmp/clearvla_eval_opaque_66846.png'
20:04.071  render           | Saved: '/tmp/clearvla_eval_opaque_66846.png'
20:04.522  render           | Saved: '/tmp/clearvla_eval_opaque_66846.png'
20:04.887  render           | Saved: '/tmp/clearvla_eval_opaque_66846.png'
20:05.338  render           | Saved: '/tmp/clearvla_eval_opaque_66846.png'
20:05.707  render           | Saved: '/tmp/clearvla_eval_opaque_66846.png'
20:06.148  render           | Saved: '/tmp/clearvla_eval_opaque_66846.png'
20:06.505  render           | Saved: '/tmp/clearvla_eval_opaque_66846.png'
20:06.971  render           | Saved: '/tmp/clearvla_eval_opaque_66846.png'
20:07.313  render           | Saved: '/tmp/clearvla_eval_opaque_66846.png'
20:07.745  render           | Saved: '/tmp/clearvla_eval_opaque_66846.png'
20:08.109  render           | Saved: '/tmp/clearvla_eval_opaque_66846.png'
20:08.573  render           | Saved: '/tmp/clearvla_eval_opaque_66846.png'
20:08.937  render           | Saved: '/tmp/clearvla_eval_opaque_66846.png'
20:09.379  render           | Saved: '/tmp/clearvla_eval_opaque_66846.png'
20:09.728  render           | Saved: '/tmp/clearvla_eval_opaque_66846.png'
20:10.161  render           | Saved: '/tmp/clearvla_eval_opaque_66846.png'
20:10.518  render           | Saved: '/tmp/clearvla_eval_opaque_66846.png'
20:10.965  render           | Saved: '/tmp/clearvla_eval_opaque_66846.png'
20:11.327  render           | Saved: '/tmp/clearvla_eval_opaque_66846.png'
20:11.798  render           | Saved: '/tmp/clearvla_eval_opaque_66846.png'
20:12.174  render           | Saved: '/tmp/clearvla_eval_opaque_66846.png'
20:12.586  render           | Saved: '/tmp/clearvla_eval_opaque_66846.png'
20:12.903  render           | Saved: '/tmp/clearvla_eval_opaque_66846.png'
20:13.280  render           | Saved: '/tmp/clearvla_eval_opaque_66846.png'
20:13.593  render           | Saved: '/tmp/clearvla_eval_opaque_66846.png'
20:13.953  render           | Saved: '/tmp/clearvla_eval_opaque_66846.png'
20:14.264  render           | Saved: '/tmp/clearvla_eval_opaque_66846.png'
20:14.631  render           | Saved: '/tmp/clearvla_eval_opaque_66846.png'
20:14.946  render           | Saved: '/tmp/clearvla_eval_opaque_66846.png'
20:15.347  render           | Saved: '/tmp/clearvla_eval_opaque_66846.png'
20:15.708  render           | Saved: '/tmp/clearvla_eval_opaque_66846.png'
20:16.149  render           | Saved: '/tmp/clearvla_eval_opaque_66846.png'
20:16.503  render           | Saved: '/tmp/clearvla_eval_opaque_66846.png'
20:16.965  render           | Saved: '/tmp/clearvla_eval_opaque_66846.png'
20:17.339  render           | Saved: '/tmp/clearvla_eval_opaque_66846.png'
20:17.803  render           | Saved: '/tmp/clearvla_eval_opaque_66846.png'
20:18.165  render           | Saved: '/tmp/clearvla_eval_opaque_66846.png'
20:18.614  render           | Saved: '/tmp/clearvla_eval_opaque_66846.png'
20:18.991  render           | Saved: '/tmp/clearvla_eval_opaque_66846.png'
20:19.429  render           | Saved: '/tmp/clearvla_eval_opaque_66846.png'
20:19.786  render           | Saved: '/tmp/clearvla_eval_opaque_66846.png'
20:20.259  render           | Saved: '/tmp/clearvla_eval_opaque_66846.png'
20:20.627  render           | Saved: '/tmp/clearvla_eval_opaque_66846.png'
20:21.052  render           | Saved: '/tmp/clearvla_eval_opaque_66846.png'
20:21.421  render           | Saved: '/tmp/clearvla_eval_opaque_66846.png'
20:21.878  render           | Saved: '/tmp/clearvla_eval_opaque_66846.png'
20:22.235  render           | Saved: '/tmp/clearvla_eval_opaque_66846.png'
20:22.667  render           | Saved: '/tmp/clearvla_eval_opaque_66846.png'
20:23.021  render           | Saved: '/tmp/clearvla_eval_opaque_66846.png'
20:23.451  render           | Saved: '/tmp/clearvla_eval_opaque_66846.png'
20:23.812  render           | Saved: '/tmp/clearvla_eval_opaque_66846.png'
20:24.217  render           | Saved: '/tmp/clearvla_eval_opaque_66846.png'
20:24.550  render           | Saved: '/tmp/clearvla_eval_opaque_66846.png'
20:24.947  render           | Saved: '/tmp/clearvla_eval_opaque_66846.png'
20:25.283  render           | Saved: '/tmp/clearvla_eval_opaque_66846.png'
20:25.673  render           | Saved: '/tmp/clearvla_eval_opaque_66846.png'
20:26.008  render           | Saved: '/tmp/clearvla_eval_opaque_66846.png'
20:26.406  render           | Saved: '/tmp/clearvla_eval_opaque_66846.png'
20:26.738  render           | Saved: '/tmp/clearvla_eval_opaque_66846.png'
20:27.168  render           | Saved: '/tmp/clearvla_eval_opaque_66846.png'
20:27.522  render           | Saved: '/tmp/clearvla_eval_opaque_66846.png'
20:27.964  render           | Saved: '/tmp/clearvla_eval_opaque_66846.png'
20:28.333  render           | Saved: '/tmp/clearvla_eval_opaque_66846.png'
20:28.787  render           | Saved: '/tmp/clearvla_eval_opaque_66846.png'
20:29.150  render           | Saved: '/tmp/clearvla_eval_opaque_66846.png'
20:29.602  render           | Saved: '/tmp/clearvla_eval_opaque_66846.png'
20:29.954  render           | Saved: '/tmp/clearvla_eval_opaque_66846.png'
20:30.396  render           | Saved: '/tmp/clearvla_eval_opaque_66846.png'
20:30.756  render           | Saved: '/tmp/clearvla_eval_opaque_66846.png'
20:31.209  render           | Saved: '/tmp/clearvla_eval_opaque_66846.png'
20:31.567  render           | Saved: '/tmp/clearvla_eval_opaque_66846.png'
20:32.020  render           | Saved: '/tmp/clearvla_eval_opaque_66846.png'
20:32.379  render           | Saved: '/tmp/clearvla_eval_opaque_66846.png'
20:33.319  render           | Saved: '/tmp/clearvla_eval_opaque_66846.png'
20:33.620  render           | Saved: '/tmp/clearvla_eval_opaque_66846.png'
20:33.986  render           | Saved: '/tmp/clearvla_eval_opaque_66846.png'
20:34.294  render           | Saved: '/tmp/clearvla_eval_opaque_66846.png'
20:34.687  render           | Saved: '/tmp/clearvla_eval_opaque_66846.png'
20:35.011  render           | Saved: '/tmp/clearvla_eval_opaque_66846.png'
20:35.392  render           | Saved: '/tmp/clearvla_eval_opaque_66846.png'
20:35.733  render           | Saved: '/tmp/clearvla_eval_opaque_66846.png'
20:36.116  render           | Saved: '/tmp/clearvla_eval_opaque_66846.png'
20:36.432  render           | Saved: '/tmp/clearvla_eval_opaque_66846.png'
20:36.839  render           | Saved: '/tmp/clearvla_eval_opaque_66846.png'
20:37.152  render           | Saved: '/tmp/clearvla_eval_opaque_66846.png'
20:37.561  render           | Saved: '/tmp/clearvla_eval_opaque_66846.png'
20:37.871  render           | Saved: '/tmp/clearvla_eval_opaque_66846.png'
20:38.269  render           | Saved: '/tmp/clearvla_eval_opaque_66846.png'
20:38.594  render           | Saved: '/tmp/clearvla_eval_opaque_66846.png'
20:38.986  render           | Saved: '/tmp/clearvla_eval_opaque_66846.png'
20:39.308  render           | Saved: '/tmp/clearvla_eval_opaque_66846.png'
20:39.681  render           | Saved: '/tmp/clearvla_eval_opaque_66846.png'
20:40.001  render           | Saved: '/tmp/clearvla_eval_opaque_66846.png'
20:40.392  render           | Saved: '/tmp/clearvla_eval_opaque_66846.png'
20:40.705  render           | Saved: '/tmp/clearvla_eval_opaque_66846.png'
20:41.097  render           | Saved: '/tmp/clearvla_eval_opaque_66846.png'
20:41.412  render           | Saved: '/tmp/clearvla_eval_opaque_66846.png'
20:41.802  render           | Saved: '/tmp/clearvla_eval_opaque_66846.png'
20:42.120  render           | Saved: '/tmp/clearvla_eval_opaque_66846.png'
20:42.511  render           | Saved: '/tmp/clearvla_eval_opaque_66846.png'
20:42.885  render           | Saved: '/tmp/clearvla_eval_opaque_66846.png'
20:43.260  render           | Saved: '/tmp/clearvla_eval_opaque_66846.png'
20:43.645  render           | Saved: '/tmp/clearvla_eval_opaque_66846.png'
20:44.020  render           | Saved: '/tmp/clearvla_eval_opaque_66846.png'
20:44.368  render           | Saved: '/tmp/clearvla_eval_opaque_66846.png'
20:44.741  render           | Saved: '/tmp/clearvla_eval_opaque_66846.png'
20:45.089  render           | Saved: '/tmp/clearvla_eval_opaque_66846.png'
20:45.485  render           | Saved: '/tmp/clearvla_eval_opaque_66846.png'
20:45.822  render           | Saved: '/tmp/clearvla_eval_opaque_66846.png'
20:46.215  render           | Saved: '/tmp/clearvla_eval_opaque_66846.png'
20:46.573  render           | Saved: '/tmp/clearvla_eval_opaque_66846.png'
20:46.955  render           | Saved: '/tmp/clearvla_eval_opaque_66846.png'
20:47.276  render           | Saved: '/tmp/clearvla_eval_opaque_66846.png'
20:47.690  render           | Saved: '/tmp/clearvla_eval_opaque_66846.png'
20:48.003  render           | Saved: '/tmp/clearvla_eval_opaque_66846.png'
20:48.412  render           | Saved: '/tmp/clearvla_eval_opaque_66846.png'
20:48.727  render           | Saved: '/tmp/clearvla_eval_opaque_66846.png'
20:49.116  render           | Saved: '/tmp/clearvla_eval_opaque_66846.png'
20:49.439  render           | Saved: '/tmp/clearvla_eval_opaque_66846.png'
20:49.860  render           | Saved: '/tmp/clearvla_eval_opaque_66846.png'
20:50.188  render           | Saved: '/tmp/clearvla_eval_opaque_66846.png'
20:50.583  render           | Saved: '/tmp/clearvla_eval_opaque_66846.png'
20:50.906  render           | Saved: '/tmp/clearvla_eval_opaque_66846.png'
20:51.287  render           | Saved: '/tmp/clearvla_eval_opaque_66846.png'
20:51.606  render           | Saved: '/tmp/clearvla_eval_opaque_66846.png'
20:52.001  render           | Saved: '/tmp/clearvla_eval_opaque_66846.png'
20:52.325  render           | Saved: '/tmp/clearvla_eval_opaque_66846.png'
20:52.719  render           | Saved: '/tmp/clearvla_eval_opaque_66846.png'
20:53.050  render           | Saved: '/tmp/clearvla_eval_opaque_66846.png'
20:53.432  render           | Saved: '/tmp/clearvla_eval_opaque_66846.png'
20:53.767  render           | Saved: '/tmp/clearvla_eval_opaque_66846.png'
20:54.158  render           | Saved: '/tmp/clearvla_eval_opaque_66846.png'
20:54.467  render           | Saved: '/tmp/clearvla_eval_opaque_66846.png'
20:54.866  render           | Saved: '/tmp/clearvla_eval_opaque_66846.png'
20:55.192  render           | Saved: '/tmp/clearvla_eval_opaque_66846.png'
20:55.595  render           | Saved: '/tmp/clearvla_eval_opaque_66846.png'
20:55.918  render           | Saved: '/tmp/clearvla_eval_opaque_66846.png'
20:56.311  render           | Saved: '/tmp/clearvla_eval_opaque_66846.png'
20:56.638  render           | Saved: '/tmp/clearvla_eval_opaque_66846.png'
20:57.032  render           | Saved: '/tmp/clearvla_eval_opaque_66846.png'
20:57.351  render           | Saved: '/tmp/clearvla_eval_opaque_66846.png'
20:57.750  render           | Saved: '/tmp/clearvla_eval_opaque_66846.png'
20:58.077  render           | Saved: '/tmp/clearvla_eval_opaque_66846.png'
20:58.486  render           | Saved: '/tmp/clearvla_eval_opaque_66846.png'
20:58.823  render           | Saved: '/tmp/clearvla_eval_opaque_66846.png'
20:59.214  render           | Saved: '/tmp/clearvla_eval_opaque_66846.png'
20:59.522  render           | Saved: '/tmp/clearvla_eval_opaque_66846.png'
20:59.925  render           | Saved: '/tmp/clearvla_eval_opaque_66846.png'
21:00.256  render           | Saved: '/tmp/clearvla_eval_opaque_66846.png'
21:01.215  render           | Saved: '/tmp/clearvla_eval_opaque_66846.png'
21:01.532  render           | Saved: '/tmp/clearvla_eval_opaque_66846.png'
21:01.927  render           | Saved: '/tmp/clearvla_eval_opaque_66846.png'
21:02.273  render           | Saved: '/tmp/clearvla_eval_opaque_66846.png'
21:02.699  render           | Saved: '/tmp/clearvla_eval_opaque_66846.png'
21:03.062  render           | Saved: '/tmp/clearvla_eval_opaque_66846.png'
21:03.511  render           | Saved: '/tmp/clearvla_eval_opaque_66846.png'
21:03.882  render           | Saved: '/tmp/clearvla_eval_opaque_66846.png'
21:04.362  render           | Saved: '/tmp/clearvla_eval_opaque_66846.png'
21:04.717  render           | Saved: '/tmp/clearvla_eval_opaque_66846.png'
21:05.160  render           | Saved: '/tmp/clearvla_eval_opaque_66846.png'
21:05.544  render           | Saved: '/tmp/clearvla_eval_opaque_66846.png'
21:05.963  render           | Saved: '/tmp/clearvla_eval_opaque_66846.png'
21:06.332  render           | Saved: '/tmp/clearvla_eval_opaque_66846.png'
21:06.781  render           | Saved: '/tmp/clearvla_eval_opaque_66846.png'
21:07.132  render           | Saved: '/tmp/clearvla_eval_opaque_66846.png'
21:07.550  render           | Saved: '/tmp/clearvla_eval_opaque_66846.png'
21:07.901  render           | Saved: '/tmp/clearvla_eval_opaque_66846.png'
21:08.322  render           | Saved: '/tmp/clearvla_eval_opaque_66846.png'
21:08.651  render           | Saved: '/tmp/clearvla_eval_opaque_66846.png'
21:09.078  render           | Saved: '/tmp/clearvla_eval_opaque_66846.png'
21:09.432  render           | Saved: '/tmp/clearvla_eval_opaque_66846.png'
21:09.866  render           | Saved: '/tmp/clearvla_eval_opaque_66846.png'
21:10.233  render           | Saved: '/tmp/clearvla_eval_opaque_66846.png'
21:10.697  render           | Saved: '/tmp/clearvla_eval_opaque_66846.png'
21:11.041  render           | Saved: '/tmp/clearvla_eval_opaque_66846.png'
21:11.445  render           | Saved: '/tmp/clearvla_eval_opaque_66846.png'
21:11.771  render           | Saved: '/tmp/clearvla_eval_opaque_66846.png'
21:12.141  render           | Saved: '/tmp/clearvla_eval_opaque_66846.png'
21:12.457  render           | Saved: '/tmp/clearvla_eval_opaque_66846.png'
21:12.852  render           | Saved: '/tmp/clearvla_eval_opaque_66846.png'
21:13.166  render           | Saved: '/tmp/clearvla_eval_opaque_66846.png'
21:14.105  render           | Saved: '/tmp/clearvla_eval_opaque_66846.png'
21:14.412  render           | Saved: '/tmp/clearvla_eval_opaque_66846.png'
21:14.786  render           | Saved: '/tmp/clearvla_eval_opaque_66846.png'
21:15.112  render           | Saved: '/tmp/clearvla_eval_opaque_66846.png'
21:15.480  render           | Saved: '/tmp/clearvla_eval_opaque_66846.png'
21:15.796  render           | Saved: '/tmp/clearvla_eval_opaque_66846.png'
21:16.166  render           | Saved: '/tmp/clearvla_eval_opaque_66846.png'
21:16.481  render           | Saved: '/tmp/clearvla_eval_opaque_66846.png'
21:16.856  render           | Saved: '/tmp/clearvla_eval_opaque_66846.png'
21:17.178  render           | Saved: '/tmp/clearvla_eval_opaque_66846.png'
21:17.556  render           | Saved: '/tmp/clearvla_eval_opaque_66846.png'
21:17.875  render           | Saved: '/tmp/clearvla_eval_opaque_66846.png'
21:18.256  render           | Saved: '/tmp/clearvla_eval_opaque_66846.png'
21:18.583  render           | Saved: '/tmp/clearvla_eval_opaque_66846.png'
21:18.959  render           | Saved: '/tmp/clearvla_eval_opaque_66846.png'
21:19.287  render           | Saved: '/tmp/clearvla_eval_opaque_66846.png'
21:19.672  render           | Saved: '/tmp/clearvla_eval_opaque_66846.png'
21:19.997  render           | Saved: '/tmp/clearvla_eval_opaque_66846.png'
21:20.368  render           | Saved: '/tmp/clearvla_eval_opaque_66846.png'
21:20.692  render           | Saved: '/tmp/clearvla_eval_opaque_66846.png'
21:21.065  render           | Saved: '/tmp/clearvla_eval_opaque_66846.png'
21:21.395  render           | Saved: '/tmp/clearvla_eval_opaque_66846.png'
21:21.776  render           | Saved: '/tmp/clearvla_eval_opaque_66846.png'
21:22.093  render           | Saved: '/tmp/clearvla_eval_opaque_66846.png'
21:22.484  render           | Saved: '/tmp/clearvla_eval_opaque_66846.png'
21:22.825  render           | Saved: '/tmp/clearvla_eval_opaque_66846.png'
21:23.223  render           | Saved: '/tmp/clearvla_eval_opaque_66846.png'
21:23.584  render           | Saved: '/tmp/clearvla_eval_opaque_66846.png'
21:24.529  render           | Saved: '/tmp/clearvla_eval_opaque_66846.png'
21:24.841  render           | Saved: '/tmp/clearvla_eval_opaque_66846.png'
21:25.234  render           | Saved: '/tmp/clearvla_eval_opaque_66846.png'
21:25.540  render           | Saved: '/tmp/clearvla_eval_opaque_66846.png'
21:25.941  render           | Saved: '/tmp/clearvla_eval_opaque_66846.png'
21:26.260  render           | Saved: '/tmp/clearvla_eval_opaque_66846.png'
21:26.652  render           | Saved: '/tmp/clearvla_eval_opaque_66846.png'
21:26.966  render           | Saved: '/tmp/clearvla_eval_opaque_66846.png'
21:27.342  render           | Saved: '/tmp/clearvla_eval_opaque_66846.png'
21:27.659  render           | Saved: '/tmp/clearvla_eval_opaque_66846.png'
21:28.050  render           | Saved: '/tmp/clearvla_eval_opaque_66846.png'
21:28.378  render           | Saved: '/tmp/clearvla_eval_opaque_66846.png'
21:28.769  render           | Saved: '/tmp/clearvla_eval_opaque_66846.png'
21:29.123  render           | Saved: '/tmp/clearvla_eval_opaque_66846.png'
21:29.522  render           | Saved: '/tmp/clearvla_eval_opaque_66846.png'
21:29.887  render           | Saved: '/tmp/clearvla_eval_opaque_66846.png'
21:30.281  render           | Saved: '/tmp/clearvla_eval_opaque_66846.png'
21:30.636  render           | Saved: '/tmp/clearvla_eval_opaque_66846.png'
21:31.041  render           | Saved: '/tmp/clearvla_eval_opaque_66846.png'
21:31.363  render           | Saved: '/tmp/clearvla_eval_opaque_66846.png'
21:31.799  render           | Saved: '/tmp/clearvla_eval_opaque_66846.png'
21:32.120  render           | Saved: '/tmp/clearvla_eval_opaque_66846.png'
21:32.567  render           | Saved: '/tmp/clearvla_eval_opaque_66846.png'
21:32.884  render           | Saved: '/tmp/clearvla_eval_opaque_66846.png'
21:33.321  render           | Saved: '/tmp/clearvla_eval_opaque_66846.png'
21:33.640  render           | Saved: '/tmp/clearvla_eval_opaque_66846.png'
21:34.040  render           | Saved: '/tmp/clearvla_eval_opaque_66846.png'
21:34.367  render           | Saved: '/tmp/clearvla_eval_opaque_66846.png'
21:35.373  render           | Saved: '/tmp/clearvla_eval_opaque_66846.png'
21:35.699  render           | Saved: '/tmp/clearvla_eval_opaque_66846.png'
21:36.128  render           | Saved: '/tmp/clearvla_eval_opaque_66846.png'
21:36.463  render           | Saved: '/tmp/clearvla_eval_opaque_66846.png'
21:36.875  render           | Saved: '/tmp/clearvla_eval_opaque_66846.png'
21:37.199  render           | Saved: '/tmp/clearvla_eval_opaque_66846.png'
21:37.610  render           | Saved: '/tmp/clearvla_eval_opaque_66846.png'
21:37.935  render           | Saved: '/tmp/clearvla_eval_opaque_66846.png'
21:38.351  render           | Saved: '/tmp/clearvla_eval_opaque_66846.png'
21:38.698  render           | Saved: '/tmp/clearvla_eval_opaque_66846.png'
21:39.116  render           | Saved: '/tmp/clearvla_eval_opaque_66846.png'
21:39.446  render           | Saved: '/tmp/clearvla_eval_opaque_66846.png'
21:39.864  render           | Saved: '/tmp/clearvla_eval_opaque_66846.png'
21:40.194  render           | Saved: '/tmp/clearvla_eval_opaque_66846.png'
21:40.614  render           | Saved: '/tmp/clearvla_eval_opaque_66846.png'
21:40.947  render           | Saved: '/tmp/clearvla_eval_opaque_66846.png'
21:41.368  render           | Saved: '/tmp/clearvla_eval_opaque_66846.png'
21:41.709  render           | Saved: '/tmp/clearvla_eval_opaque_66846.png'
21:42.138  render           | Saved: '/tmp/clearvla_eval_opaque_66846.png'
21:42.477  render           | Saved: '/tmp/clearvla_eval_opaque_66846.png'
21:42.907  render           | Saved: '/tmp/clearvla_eval_opaque_66846.png'
21:43.249  render           | Saved: '/tmp/clearvla_eval_opaque_66846.png'
21:43.661  render           | Saved: '/tmp/clearvla_eval_opaque_66846.png'
21:44.018  render           | Saved: '/tmp/clearvla_eval_opaque_66846.png'
21:44.438  render           | Saved: '/tmp/clearvla_eval_opaque_66846.png'
21:44.776  render           | Saved: '/tmp/clearvla_eval_opaque_66846.png'
21:45.177  render           | Saved: '/tmp/clearvla_eval_opaque_66846.png'
21:45.518  render           | Saved: '/tmp/clearvla_eval_opaque_66846.png'
21:45.984  render           | Saved: '/tmp/clearvla_eval_opaque_66846.png'
21:46.304  render           | Saved: '/tmp/clearvla_eval_opaque_66846.png'
21:47.323  render           | Saved: '/tmp/clearvla_eval_opaque_66846.png'
21:47.669  render           | Saved: '/tmp/clearvla_eval_opaque_66846.png'
21:48.090  render           | Saved: '/tmp/clearvla_eval_opaque_66846.png'
21:48.421  render           | Saved: '/tmp/clearvla_eval_opaque_66846.png'
21:48.841  render           | Saved: '/tmp/clearvla_eval_opaque_66846.png'
21:49.162  render           | Saved: '/tmp/clearvla_eval_opaque_66846.png'
21:49.583  render           | Saved: '/tmp/clearvla_eval_opaque_66846.png'
21:49.932  render           | Saved: '/tmp/clearvla_eval_opaque_66846.png'
21:50.347  render           | Saved: '/tmp/clearvla_eval_opaque_66846.png'
21:50.674  render           | Saved: '/tmp/clearvla_eval_opaque_66846.png'
21:51.085  render           | Saved: '/tmp/clearvla_eval_opaque_66846.png'
21:51.439  render           | Saved: '/tmp/clearvla_eval_opaque_66846.png'
21:51.873  render           | Saved: '/tmp/clearvla_eval_opaque_66846.png'
21:52.215  render           | Saved: '/tmp/clearvla_eval_opaque_66846.png'
21:52.702  render           | Saved: '/tmp/clearvla_eval_opaque_66846.png'
21:53.043  render           | Saved: '/tmp/clearvla_eval_opaque_66846.png'
21:53.515  render           | Saved: '/tmp/clearvla_eval_opaque_66846.png'
21:53.867  render           | Saved: '/tmp/clearvla_eval_opaque_66846.png'
21:54.333  render           | Saved: '/tmp/clearvla_eval_opaque_66846.png'
21:54.711  render           | Saved: '/tmp/clearvla_eval_opaque_66846.png'
21:55.134  render           | Saved: '/tmp/clearvla_eval_opaque_66846.png'
21:55.471  render           | Saved: '/tmp/clearvla_eval_opaque_66846.png'
21:55.889  render           | Saved: '/tmp/clearvla_eval_opaque_66846.png'
21:56.223  render           | Saved: '/tmp/clearvla_eval_opaque_66846.png'
21:56.646  render           | Saved: '/tmp/clearvla_eval_opaque_66846.png'
21:57.051  render           | Saved: '/tmp/clearvla_eval_opaque_66846.png'
21:57.462  render           | Saved: '/tmp/clearvla_eval_opaque_66846.png'
21:57.861  render           | Saved: '/tmp/clearvla_eval_opaque_66846.png'
21:58.253  render           | Saved: '/tmp/clearvla_eval_opaque_66846.png'
21:58.627  render           | Saved: '/tmp/clearvla_eval_opaque_66846.png'
21:59.033  render           | Saved: '/tmp/clearvla_eval_opaque_66846.png'
21:59.417  render           | Saved: '/tmp/clearvla_eval_opaque_66846.png'
21:59.865  render           | Saved: '/tmp/clearvla_eval_opaque_66846.png'
22:00.192  render           | Saved: '/tmp/clearvla_eval_opaque_66846.png'
22:00.667  render           | Saved: '/tmp/clearvla_eval_opaque_66846.png'
22:01.004  render           | Saved: '/tmp/clearvla_eval_opaque_66846.png'
22:01.482  render           | Saved: '/tmp/clearvla_eval_opaque_66846.png'
22:01.816  render           | Saved: '/tmp/clearvla_eval_opaque_66846.png'
22:02.279  render           | Saved: '/tmp/clearvla_eval_opaque_66846.png'
22:02.605  render           | Saved: '/tmp/clearvla_eval_opaque_66846.png'
22:03.045  render           | Saved: '/tmp/clearvla_eval_opaque_66846.png'
22:03.371  render           | Saved: '/tmp/clearvla_eval_opaque_66846.png'
22:03.833  render           | Saved: '/tmp/clearvla_eval_opaque_66846.png'
22:04.157  render           | Saved: '/tmp/clearvla_eval_opaque_66846.png'
22:04.600  render           | Saved: '/tmp/clearvla_eval_opaque_66846.png'
22:04.925  render           | Saved: '/tmp/clearvla_eval_opaque_66846.png'
22:05.376  render           | Saved: '/tmp/clearvla_eval_opaque_66846.png'
22:05.702  render           | Saved: '/tmp/clearvla_eval_opaque_66846.png'
22:06.136  render           | Saved: '/tmp/clearvla_eval_opaque_66846.png'
22:06.466  render           | Saved: '/tmp/clearvla_eval_opaque_66846.png'
22:06.896  render           | Saved: '/tmp/clearvla_eval_opaque_66846.png'
22:07.227  render           | Saved: '/tmp/clearvla_eval_opaque_66846.png'
22:07.637  render           | Saved: '/tmp/clearvla_eval_opaque_66846.png'
22:07.994  render           | Saved: '/tmp/clearvla_eval_opaque_66846.png'
22:08.385  render           | Saved: '/tmp/clearvla_eval_opaque_66846.png'
22:08.717  render           | Saved: '/tmp/clearvla_eval_opaque_66846.png'
22:09.134  render           | Saved: '/tmp/clearvla_eval_opaque_66846.png'
22:09.456  render           | Saved: '/tmp/clearvla_eval_opaque_66846.png'
22:09.895  render           | Saved: '/tmp/clearvla_eval_opaque_66846.png'
22:10.219  render           | Saved: '/tmp/clearvla_eval_opaque_66846.png'
22:10.665  render           | Saved: '/tmp/clearvla_eval_opaque_66846.png'
22:10.991  render           | Saved: '/tmp/clearvla_eval_opaque_66846.png'
22:11.432  render           | Saved: '/tmp/clearvla_eval_opaque_66846.png'
22:11.760  render           | Saved: '/tmp/clearvla_eval_opaque_66846.png'
22:12.208  render           | Saved: '/tmp/clearvla_eval_opaque_66846.png'
22:12.529  render           | Saved: '/tmp/clearvla_eval_opaque_66846.png'
22:12.967  render           | Saved: '/tmp/clearvla_eval_opaque_66846.png'
22:13.291  render           | Saved: '/tmp/clearvla_eval_opaque_66846.png'
22:13.686  render           | Saved: '/tmp/clearvla_eval_opaque_66846.png'
22:14.023  render           | Saved: '/tmp/clearvla_eval_opaque_66846.png'
22:14.446  render           | Saved: '/tmp/clearvla_eval_opaque_66846.png'
22:14.784  render           | Saved: '/tmp/clearvla_eval_opaque_66846.png'
22:15.188  render           | Saved: '/tmp/clearvla_eval_opaque_66846.png'
22:15.514  render           | Saved: '/tmp/clearvla_eval_opaque_66846.png'
22:15.927  render           | Saved: '/tmp/clearvla_eval_opaque_66846.png'
22:16.270  render           | Saved: '/tmp/clearvla_eval_opaque_66846.png'
22:17.274  render           | Saved: '/tmp/clearvla_eval_opaque_66846.png'
22:17.601  render           | Saved: '/tmp/clearvla_eval_opaque_66846.png'
22:18.015  render           | Saved: '/tmp/clearvla_eval_opaque_66846.png'
22:18.418  render           | Saved: '/tmp/clearvla_eval_opaque_66846.png'
22:18.876  render           | Saved: '/tmp/clearvla_eval_opaque_66846.png'
22:19.254  render           | Saved: '/tmp/clearvla_eval_opaque_66846.png'
22:19.659  render           | Saved: '/tmp/clearvla_eval_opaque_66846.png'
22:19.986  render           | Saved: '/tmp/clearvla_eval_opaque_66846.png'
22:20.379  render           | Saved: '/tmp/clearvla_eval_opaque_66846.png'
22:20.689  render           | Saved: '/tmp/clearvla_eval_opaque_66846.png'
22:21.070  render           | Saved: '/tmp/clearvla_eval_opaque_66846.png'
22:21.392  render           | Saved: '/tmp/clearvla_eval_opaque_66846.png'
22:21.806  render           | Saved: '/tmp/clearvla_eval_opaque_66846.png'
22:22.168  render           | Saved: '/tmp/clearvla_eval_opaque_66846.png'
22:22.642  render           | Saved: '/tmp/clearvla_eval_opaque_66846.png'
22:23.032  render           | Saved: '/tmp/clearvla_eval_opaque_66846.png'
22:23.457  render           | Saved: '/tmp/clearvla_eval_opaque_66846.png'
22:23.813  render           | Saved: '/tmp/clearvla_eval_opaque_66846.png'
22:24.232  render           | Saved: '/tmp/clearvla_eval_opaque_66846.png'
22:24.605  render           | Saved: '/tmp/clearvla_eval_opaque_66846.png'
22:25.062  render           | Saved: '/tmp/clearvla_eval_opaque_66846.png'
22:25.439  render           | Saved: '/tmp/clearvla_eval_opaque_66846.png'
22:25.890  render           | Saved: '/tmp/clearvla_eval_opaque_66846.png'
22:26.271  render           | Saved: '/tmp/clearvla_eval_opaque_66846.png'
22:26.712  render           | Saved: '/tmp/clearvla_eval_opaque_66846.png'
22:27.090  render           | Saved: '/tmp/clearvla_eval_opaque_66846.png'
22:27.538  render           | Saved: '/tmp/clearvla_eval_opaque_66846.png'
22:27.912  render           | Saved: '/tmp/clearvla_eval_opaque_66846.png'
22:28.905  render           | Saved: '/tmp/clearvla_eval_opaque_66846.png'
22:29.231  render           | Saved: '/tmp/clearvla_eval_opaque_66846.png'
22:29.642  render           | Saved: '/tmp/clearvla_eval_opaque_66846.png'
22:29.971  render           | Saved: '/tmp/clearvla_eval_opaque_66846.png'
22:30.382  render           | Saved: '/tmp/clearvla_eval_opaque_66846.png'
22:30.720  render           | Saved: '/tmp/clearvla_eval_opaque_66846.png'
22:31.126  render           | Saved: '/tmp/clearvla_eval_opaque_66846.png'
22:31.467  render           | Saved: '/tmp/clearvla_eval_opaque_66846.png'
22:31.842  render           | Saved: '/tmp/clearvla_eval_opaque_66846.png'
22:32.178  render           | Saved: '/tmp/clearvla_eval_opaque_66846.png'
22:32.560  render           | Saved: '/tmp/clearvla_eval_opaque_66846.png'
22:32.902  render           | Saved: '/tmp/clearvla_eval_opaque_66846.png'
22:33.294  render           | Saved: '/tmp/clearvla_eval_opaque_66846.png'
22:33.645  render           | Saved: '/tmp/clearvla_eval_opaque_66846.png'
22:34.055  render           | Saved: '/tmp/clearvla_eval_opaque_66846.png'
22:34.406  render           | Saved: '/tmp/clearvla_eval_opaque_66846.png'
22:34.840  render           | Saved: '/tmp/clearvla_eval_opaque_66846.png'
22:35.210  render           | Saved: '/tmp/clearvla_eval_opaque_66846.png'
22:35.683  render           | Saved: '/tmp/clearvla_eval_opaque_66846.png'
22:36.066  render           | Saved: '/tmp/clearvla_eval_opaque_66846.png'
22:36.534  render           | Saved: '/tmp/clearvla_eval_opaque_66846.png'
22:36.910  render           | Saved: '/tmp/clearvla_eval_opaque_66846.png'
22:37.354  render           | Saved: '/tmp/clearvla_eval_opaque_66846.png'
22:37.731  render           | Saved: '/tmp/clearvla_eval_opaque_66846.png'
22:38.201  render           | Saved: '/tmp/clearvla_eval_opaque_66846.png'
22:38.591  render           | Saved: '/tmp/clearvla_eval_opaque_66846.png'
22:39.046  render           | Saved: '/tmp/clearvla_eval_opaque_66846.png'
22:39.443  render           | Saved: '/tmp/clearvla_eval_opaque_66846.png'
22:39.866  render           | Saved: '/tmp/clearvla_eval_opaque_66846.png'
22:40.243  render           | Saved: '/tmp/clearvla_eval_opaque_66846.png'
22:41.248  render           | Saved: '/tmp/clearvla_eval_opaque_66846.png'
22:41.563  render           | Saved: '/tmp/clearvla_eval_opaque_66846.png'
22:41.977  render           | Saved: '/tmp/clearvla_eval_opaque_66846.png'
22:42.300  render           | Saved: '/tmp/clearvla_eval_opaque_66846.png'
22:42.707  render           | Saved: '/tmp/clearvla_eval_opaque_66846.png'
22:43.029  render           | Saved: '/tmp/clearvla_eval_opaque_66846.png'
22:43.447  render           | Saved: '/tmp/clearvla_eval_opaque_66846.png'
22:43.801  render           | Saved: '/tmp/clearvla_eval_opaque_66846.png'
22:44.188  render           | Saved: '/tmp/clearvla_eval_opaque_66846.png'
22:44.526  render           | Saved: '/tmp/clearvla_eval_opaque_66846.png'
22:44.913  render           | Saved: '/tmp/clearvla_eval_opaque_66846.png'
22:45.247  render           | Saved: '/tmp/clearvla_eval_opaque_66846.png'
22:45.634  render           | Saved: '/tmp/clearvla_eval_opaque_66846.png'
22:45.962  render           | Saved: '/tmp/clearvla_eval_opaque_66846.png'
22:46.353  render           | Saved: '/tmp/clearvla_eval_opaque_66846.png'
22:46.711  render           | Saved: '/tmp/clearvla_eval_opaque_66846.png'
22:47.133  render           | Saved: '/tmp/clearvla_eval_opaque_66846.png'
22:47.504  render           | Saved: '/tmp/clearvla_eval_opaque_66846.png'
22:47.952  render           | Saved: '/tmp/clearvla_eval_opaque_66846.png'
22:48.342  render           | Saved: '/tmp/clearvla_eval_opaque_66846.png'
22:48.808  render           | Saved: '/tmp/clearvla_eval_opaque_66846.png'
22:49.175  render           | Saved: '/tmp/clearvla_eval_opaque_66846.png'
22:49.588  render           | Saved: '/tmp/clearvla_eval_opaque_66846.png'
22:49.929  render           | Saved: '/tmp/clearvla_eval_opaque_66846.png'
22:50.321  render           | Saved: '/tmp/clearvla_eval_opaque_66846.png'
22:50.635  render           | Saved: '/tmp/clearvla_eval_opaque_66846.png'
22:51.016  render           | Saved: '/tmp/clearvla_eval_opaque_66846.png'
22:51.341  render           | Saved: '/tmp/clearvla_eval_opaque_66846.png'
22:51.743  render           | Saved: '/tmp/clearvla_eval_opaque_66846.png'
22:52.096  render           | Saved: '/tmp/clearvla_eval_opaque_66846.png'
[full/opaque] grasp: 67/80  (22.8 min, 11.2 s/ep)
22:53.111  render           | Saved: '/tmp/clearvla_eval_opaque_66846.png'
22:53.431  render           | Saved: '/tmp/clearvla_eval_opaque_66846.png'
22:53.825  render           | Saved: '/tmp/clearvla_eval_opaque_66846.png'
22:54.163  render           | Saved: '/tmp/clearvla_eval_opaque_66846.png'
22:54.570  render           | Saved: '/tmp/clearvla_eval_opaque_66846.png'
22:54.923  render           | Saved: '/tmp/clearvla_eval_opaque_66846.png'
22:55.335  render           | Saved: '/tmp/clearvla_eval_opaque_66846.png'
22:55.694  render           | Saved: '/tmp/clearvla_eval_opaque_66846.png'
22:56.126  render           | Saved: '/tmp/clearvla_eval_opaque_66846.png'
22:56.492  render           | Saved: '/tmp/clearvla_eval_opaque_66846.png'
22:56.964  render           | Saved: '/tmp/clearvla_eval_opaque_66846.png'
22:57.346  render           | Saved: '/tmp/clearvla_eval_opaque_66846.png'
22:57.788  render           | Saved: '/tmp/clearvla_eval_opaque_66846.png'
22:58.139  render           | Saved: '/tmp/clearvla_eval_opaque_66846.png'
22:58.562  render           | Saved: '/tmp/clearvla_eval_opaque_66846.png'
22:58.900  render           | Saved: '/tmp/clearvla_eval_opaque_66846.png'
22:59.344  render           | Saved: '/tmp/clearvla_eval_opaque_66846.png'
22:59.721  render           | Saved: '/tmp/clearvla_eval_opaque_66846.png'
23:00.175  render           | Saved: '/tmp/clearvla_eval_opaque_66846.png'
23:00.546  render           | Saved: '/tmp/clearvla_eval_opaque_66846.png'
23:00.999  render           | Saved: '/tmp/clearvla_eval_opaque_66846.png'
23:01.370  render           | Saved: '/tmp/clearvla_eval_opaque_66846.png'
23:01.793  render           | Saved: '/tmp/clearvla_eval_opaque_66846.png'
23:02.116  render           | Saved: '/tmp/clearvla_eval_opaque_66846.png'
23:02.496  render           | Saved: '/tmp/clearvla_eval_opaque_66846.png'
23:02.811  render           | Saved: '/tmp/clearvla_eval_opaque_66846.png'
23:03.197  render           | Saved: '/tmp/clearvla_eval_opaque_66846.png'
23:03.523  render           | Saved: '/tmp/clearvla_eval_opaque_66846.png'
23:03.924  render           | Saved: '/tmp/clearvla_eval_opaque_66846.png'
23:04.291  render           | Saved: '/tmp/clearvla_eval_opaque_66846.png'
23:04.745  render           | Saved: '/tmp/clearvla_eval_opaque_66846.png'
23:05.116  render           | Saved: '/tmp/clearvla_eval_opaque_66846.png'
23:05.573  render           | Saved: '/tmp/clearvla_eval_opaque_66846.png'
23:05.977  render           | Saved: '/tmp/clearvla_eval_opaque_66846.png'
23:06.425  render           | Saved: '/tmp/clearvla_eval_opaque_66846.png'
23:06.808  render           | Saved: '/tmp/clearvla_eval_opaque_66846.png'
23:07.254  render           | Saved: '/tmp/clearvla_eval_opaque_66846.png'
23:07.617  render           | Saved: '/tmp/clearvla_eval_opaque_66846.png'
23:08.060  render           | Saved: '/tmp/clearvla_eval_opaque_66846.png'
23:08.428  render           | Saved: '/tmp/clearvla_eval_opaque_66846.png'
23:08.879  render           | Saved: '/tmp/clearvla_eval_opaque_66846.png'
23:09.265  render           | Saved: '/tmp/clearvla_eval_opaque_66846.png'
23:09.706  render           | Saved: '/tmp/clearvla_eval_opaque_66846.png'
23:10.040  render           | Saved: '/tmp/clearvla_eval_opaque_66846.png'
23:10.444  render           | Saved: '/tmp/clearvla_eval_opaque_66846.png'
23:10.799  render           | Saved: '/tmp/clearvla_eval_opaque_66846.png'
23:11.197  render           | Saved: '/tmp/clearvla_eval_opaque_66846.png'
23:11.559  render           | Saved: '/tmp/clearvla_eval_opaque_66846.png'
23:11.985  render           | Saved: '/tmp/clearvla_eval_opaque_66846.png'
23:12.317  render           | Saved: '/tmp/clearvla_eval_opaque_66846.png'
23:12.713  render           | Saved: '/tmp/clearvla_eval_opaque_66846.png'
23:13.063  render           | Saved: '/tmp/clearvla_eval_opaque_66846.png'
23:13.453  render           | Saved: '/tmp/clearvla_eval_opaque_66846.png'
23:13.790  render           | Saved: '/tmp/clearvla_eval_opaque_66846.png'
23:14.182  render           | Saved: '/tmp/clearvla_eval_opaque_66846.png'
23:14.514  render           | Saved: '/tmp/clearvla_eval_opaque_66846.png'
23:14.915  render           | Saved: '/tmp/clearvla_eval_opaque_66846.png'
23:15.281  render           | Saved: '/tmp/clearvla_eval_opaque_66846.png'
23:15.751  render           | Saved: '/tmp/clearvla_eval_opaque_66846.png'
23:16.107  render           | Saved: '/tmp/clearvla_eval_opaque_66846.png'
23:16.568  render           | Saved: '/tmp/clearvla_eval_opaque_66846.png'
23:16.952  render           | Saved: '/tmp/clearvla_eval_opaque_66846.png'
23:17.393  render           | Saved: '/tmp/clearvla_eval_opaque_66846.png'
23:17.764  render           | Saved: '/tmp/clearvla_eval_opaque_66846.png'
23:18.232  render           | Saved: '/tmp/clearvla_eval_opaque_66846.png'
23:18.613  render           | Saved: '/tmp/clearvla_eval_opaque_66846.png'
23:19.081  render           | Saved: '/tmp/clearvla_eval_opaque_66846.png'
23:19.437  render           | Saved: '/tmp/clearvla_eval_opaque_66846.png'
23:19.883  render           | Saved: '/tmp/clearvla_eval_opaque_66846.png'
23:20.244  render           | Saved: '/tmp/clearvla_eval_opaque_66846.png'
23:20.677  render           | Saved: '/tmp/clearvla_eval_opaque_66846.png'
23:21.036  render           | Saved: '/tmp/clearvla_eval_opaque_66846.png'
23:21.479  render           | Saved: '/tmp/clearvla_eval_opaque_66846.png'
23:21.855  render           | Saved: '/tmp/clearvla_eval_opaque_66846.png'
23:22.299  render           | Saved: '/tmp/clearvla_eval_opaque_66846.png'
23:22.671  render           | Saved: '/tmp/clearvla_eval_opaque_66846.png'
23:23.656  render           | Saved: '/tmp/clearvla_eval_opaque_66846.png'
23:23.969  render           | Saved: '/tmp/clearvla_eval_opaque_66846.png'
23:24.342  render           | Saved: '/tmp/clearvla_eval_opaque_66846.png'
23:24.653  render           | Saved: '/tmp/clearvla_eval_opaque_66846.png'
23:25.039  render           | Saved: '/tmp/clearvla_eval_opaque_66846.png'
23:25.382  render           | Saved: '/tmp/clearvla_eval_opaque_66846.png'
23:25.782  render           | Saved: '/tmp/clearvla_eval_opaque_66846.png'
23:26.117  render           | Saved: '/tmp/clearvla_eval_opaque_66846.png'
23:26.528  render           | Saved: '/tmp/clearvla_eval_opaque_66846.png'
23:26.872  render           | Saved: '/tmp/clearvla_eval_opaque_66846.png'
23:27.254  render           | Saved: '/tmp/clearvla_eval_opaque_66846.png'
23:27.603  render           | Saved: '/tmp/clearvla_eval_opaque_66846.png'
23:28.049  render           | Saved: '/tmp/clearvla_eval_opaque_66846.png'
23:28.418  render           | Saved: '/tmp/clearvla_eval_opaque_66846.png'
23:28.868  render           | Saved: '/tmp/clearvla_eval_opaque_66846.png'
23:29.239  render           | Saved: '/tmp/clearvla_eval_opaque_66846.png'
23:29.706  render           | Saved: '/tmp/clearvla_eval_opaque_66846.png'
23:30.079  render           | Saved: '/tmp/clearvla_eval_opaque_66846.png'
23:30.525  render           | Saved: '/tmp/clearvla_eval_opaque_66846.png'
23:30.866  render           | Saved: '/tmp/clearvla_eval_opaque_66846.png'
23:31.291  render           | Saved: '/tmp/clearvla_eval_opaque_66846.png'
23:31.668  render           | Saved: '/tmp/clearvla_eval_opaque_66846.png'
23:32.109  render           | Saved: '/tmp/clearvla_eval_opaque_66846.png'
23:32.486  render           | Saved: '/tmp/clearvla_eval_opaque_66846.png'
23:32.939  render           | Saved: '/tmp/clearvla_eval_opaque_66846.png'
23:33.312  render           | Saved: '/tmp/clearvla_eval_opaque_66846.png'
23:33.755  render           | Saved: '/tmp/clearvla_eval_opaque_66846.png'
23:34.137  render           | Saved: '/tmp/clearvla_eval_opaque_66846.png'
23:34.581  render           | Saved: '/tmp/clearvla_eval_opaque_66846.png'
23:34.944  render           | Saved: '/tmp/clearvla_eval_opaque_66846.png'
23:35.373  render           | Saved: '/tmp/clearvla_eval_opaque_66846.png'
23:35.732  render           | Saved: '/tmp/clearvla_eval_opaque_66846.png'
23:36.148  render           | Saved: '/tmp/clearvla_eval_opaque_66846.png'
23:36.510  render           | Saved: '/tmp/clearvla_eval_opaque_66846.png'
23:36.917  render           | Saved: '/tmp/clearvla_eval_opaque_66846.png'
23:37.256  render           | Saved: '/tmp/clearvla_eval_opaque_66846.png'
23:37.632  render           | Saved: '/tmp/clearvla_eval_opaque_66846.png'
23:37.952  render           | Saved: '/tmp/clearvla_eval_opaque_66846.png'
23:38.371  render           | Saved: '/tmp/clearvla_eval_opaque_66846.png'
23:38.737  render           | Saved: '/tmp/clearvla_eval_opaque_66846.png'
23:39.177  render           | Saved: '/tmp/clearvla_eval_opaque_66846.png'
23:39.547  render           | Saved: '/tmp/clearvla_eval_opaque_66846.png'
23:40.002  render           | Saved: '/tmp/clearvla_eval_opaque_66846.png'
23:40.370  render           | Saved: '/tmp/clearvla_eval_opaque_66846.png'
23:40.817  render           | Saved: '/tmp/clearvla_eval_opaque_66846.png'
23:41.207  render           | Saved: '/tmp/clearvla_eval_opaque_66846.png'
23:41.668  render           | Saved: '/tmp/clearvla_eval_opaque_66846.png'
23:42.027  render           | Saved: '/tmp/clearvla_eval_opaque_66846.png'
23:42.464  render           | Saved: '/tmp/clearvla_eval_opaque_66846.png'
23:42.831  render           | Saved: '/tmp/clearvla_eval_opaque_66846.png'
23:43.260  render           | Saved: '/tmp/clearvla_eval_opaque_66846.png'
23:43.626  render           | Saved: '/tmp/clearvla_eval_opaque_66846.png'
23:44.089  render           | Saved: '/tmp/clearvla_eval_opaque_66846.png'
23:44.449  render           | Saved: '/tmp/clearvla_eval_opaque_66846.png'
23:44.906  render           | Saved: '/tmp/clearvla_eval_opaque_66846.png'
23:45.256  render           | Saved: '/tmp/clearvla_eval_opaque_66846.png'
23:45.683  render           | Saved: '/tmp/clearvla_eval_opaque_66846.png'
23:46.061  render           | Saved: '/tmp/clearvla_eval_opaque_66846.png'
23:46.504  render           | Saved: '/tmp/clearvla_eval_opaque_66846.png'
23:46.863  render           | Saved: '/tmp/clearvla_eval_opaque_66846.png'
23:47.318  render           | Saved: '/tmp/clearvla_eval_opaque_66846.png'
23:47.693  render           | Saved: '/tmp/clearvla_eval_opaque_66846.png'
23:48.142  render           | Saved: '/tmp/clearvla_eval_opaque_66846.png'
23:48.511  render           | Saved: '/tmp/clearvla_eval_opaque_66846.png'
23:48.969  render           | Saved: '/tmp/clearvla_eval_opaque_66846.png'
23:49.324  render           | Saved: '/tmp/clearvla_eval_opaque_66846.png'
23:49.782  render           | Saved: '/tmp/clearvla_eval_opaque_66846.png'
23:50.150  render           | Saved: '/tmp/clearvla_eval_opaque_66846.png'
23:50.604  render           | Saved: '/tmp/clearvla_eval_opaque_66846.png'
23:50.954  render           | Saved: '/tmp/clearvla_eval_opaque_66846.png'
23:51.403  render           | Saved: '/tmp/clearvla_eval_opaque_66846.png'
23:51.783  render           | Saved: '/tmp/clearvla_eval_opaque_66846.png'
23:52.254  render           | Saved: '/tmp/clearvla_eval_opaque_66846.png'
23:52.626  render           | Saved: '/tmp/clearvla_eval_opaque_66846.png'
23:53.078  render           | Saved: '/tmp/clearvla_eval_opaque_66846.png'
23:53.422  render           | Saved: '/tmp/clearvla_eval_opaque_66846.png'
23:54.442  render           | Saved: '/tmp/clearvla_eval_opaque_66846.png'
23:54.778  render           | Saved: '/tmp/clearvla_eval_opaque_66846.png'
23:55.169  render           | Saved: '/tmp/clearvla_eval_opaque_66846.png'
23:55.513  render           | Saved: '/tmp/clearvla_eval_opaque_66846.png'
23:55.914  render           | Saved: '/tmp/clearvla_eval_opaque_66846.png'
23:56.260  render           | Saved: '/tmp/clearvla_eval_opaque_66846.png'
23:56.700  render           | Saved: '/tmp/clearvla_eval_opaque_66846.png'
23:57.070  render           | Saved: '/tmp/clearvla_eval_opaque_66846.png'
23:57.524  render           | Saved: '/tmp/clearvla_eval_opaque_66846.png'
23:57.894  render           | Saved: '/tmp/clearvla_eval_opaque_66846.png'
23:58.340  render           | Saved: '/tmp/clearvla_eval_opaque_66846.png'
23:58.697  render           | Saved: '/tmp/clearvla_eval_opaque_66846.png'
23:59.145  render           | Saved: '/tmp/clearvla_eval_opaque_66846.png'
23:59.530  render           | Saved: '/tmp/clearvla_eval_opaque_66846.png'
23:59.942  render           | Saved: '/tmp/clearvla_eval_opaque_66846.png'
24:00.313  render           | Saved: '/tmp/clearvla_eval_opaque_66846.png'
24:00.772  render           | Saved: '/tmp/clearvla_eval_opaque_66846.png'
24:01.167  render           | Saved: '/tmp/clearvla_eval_opaque_66846.png'
24:01.568  render           | Saved: '/tmp/clearvla_eval_opaque_66846.png'
24:01.944  render           | Saved: '/tmp/clearvla_eval_opaque_66846.png'
24:02.409  render           | Saved: '/tmp/clearvla_eval_opaque_66846.png'
24:02.787  render           | Saved: '/tmp/clearvla_eval_opaque_66846.png'
24:03.228  render           | Saved: '/tmp/clearvla_eval_opaque_66846.png'
24:03.607  render           | Saved: '/tmp/clearvla_eval_opaque_66846.png'
24:04.070  render           | Saved: '/tmp/clearvla_eval_opaque_66846.png'
24:04.450  render           | Saved: '/tmp/clearvla_eval_opaque_66846.png'
24:04.893  render           | Saved: '/tmp/clearvla_eval_opaque_66846.png'
24:05.256  render           | Saved: '/tmp/clearvla_eval_opaque_66846.png'
24:05.702  render           | Saved: '/tmp/clearvla_eval_opaque_66846.png'
24:06.063  render           | Saved: '/tmp/clearvla_eval_opaque_66846.png'
24:06.501  render           | Saved: '/tmp/clearvla_eval_opaque_66846.png'
24:06.839  render           | Saved: '/tmp/clearvla_eval_opaque_66846.png'
24:07.847  render           | Saved: '/tmp/clearvla_eval_opaque_66846.png'
24:08.184  render           | Saved: '/tmp/clearvla_eval_opaque_66846.png'
24:08.593  render           | Saved: '/tmp/clearvla_eval_opaque_66846.png'
24:08.940  render           | Saved: '/tmp/clearvla_eval_opaque_66846.png'
24:09.334  render           | Saved: '/tmp/clearvla_eval_opaque_66846.png'
24:09.663  render           | Saved: '/tmp/clearvla_eval_opaque_66846.png'
24:10.100  render           | Saved: '/tmp/clearvla_eval_opaque_66846.png'
24:10.451  render           | Saved: '/tmp/clearvla_eval_opaque_66846.png'
24:10.873  render           | Saved: '/tmp/clearvla_eval_opaque_66846.png'
24:11.256  render           | Saved: '/tmp/clearvla_eval_opaque_66846.png'
24:11.709  render           | Saved: '/tmp/clearvla_eval_opaque_66846.png'
24:12.084  render           | Saved: '/tmp/clearvla_eval_opaque_66846.png'
24:12.502  render           | Saved: '/tmp/clearvla_eval_opaque_66846.png'
24:12.861  render           | Saved: '/tmp/clearvla_eval_opaque_66846.png'
24:13.331  render           | Saved: '/tmp/clearvla_eval_opaque_66846.png'
24:13.704  render           | Saved: '/tmp/clearvla_eval_opaque_66846.png'
24:14.165  render           | Saved: '/tmp/clearvla_eval_opaque_66846.png'
24:14.540  render           | Saved: '/tmp/clearvla_eval_opaque_66846.png'
24:15.008  render           | Saved: '/tmp/clearvla_eval_opaque_66846.png'
24:15.361  render           | Saved: '/tmp/clearvla_eval_opaque_66846.png'
24:15.823  render           | Saved: '/tmp/clearvla_eval_opaque_66846.png'
24:16.205  render           | Saved: '/tmp/clearvla_eval_opaque_66846.png'
24:16.665  render           | Saved: '/tmp/clearvla_eval_opaque_66846.png'
24:17.024  render           | Saved: '/tmp/clearvla_eval_opaque_66846.png'
24:17.465  render           | Saved: '/tmp/clearvla_eval_opaque_66846.png'
24:17.822  render           | Saved: '/tmp/clearvla_eval_opaque_66846.png'
24:18.820  render           | Saved: '/tmp/clearvla_eval_opaque_66846.png'
24:19.133  render           | Saved: '/tmp/clearvla_eval_opaque_66846.png'
24:19.528  render           | Saved: '/tmp/clearvla_eval_opaque_66846.png'
24:19.866  render           | Saved: '/tmp/clearvla_eval_opaque_66846.png'
24:20.274  render           | Saved: '/tmp/clearvla_eval_opaque_66846.png'
24:20.604  render           | Saved: '/tmp/clearvla_eval_opaque_66846.png'
24:20.980  render           | Saved: '/tmp/clearvla_eval_opaque_66846.png'
24:21.316  render           | Saved: '/tmp/clearvla_eval_opaque_66846.png'
24:21.702  render           | Saved: '/tmp/clearvla_eval_opaque_66846.png'
24:22.056  render           | Saved: '/tmp/clearvla_eval_opaque_66846.png'
24:22.511  render           | Saved: '/tmp/clearvla_eval_opaque_66846.png'
24:22.900  render           | Saved: '/tmp/clearvla_eval_opaque_66846.png'
24:23.346  render           | Saved: '/tmp/clearvla_eval_opaque_66846.png'
24:23.703  render           | Saved: '/tmp/clearvla_eval_opaque_66846.png'
24:24.153  render           | Saved: '/tmp/clearvla_eval_opaque_66846.png'
24:24.522  render           | Saved: '/tmp/clearvla_eval_opaque_66846.png'
24:24.986  render           | Saved: '/tmp/clearvla_eval_opaque_66846.png'
24:25.356  render           | Saved: '/tmp/clearvla_eval_opaque_66846.png'
24:25.827  render           | Saved: '/tmp/clearvla_eval_opaque_66846.png'
24:26.171  render           | Saved: '/tmp/clearvla_eval_opaque_66846.png'
24:26.633  render           | Saved: '/tmp/clearvla_eval_opaque_66846.png'
24:26.980  render           | Saved: '/tmp/clearvla_eval_opaque_66846.png'
24:27.417  render           | Saved: '/tmp/clearvla_eval_opaque_66846.png'
24:27.793  render           | Saved: '/tmp/clearvla_eval_opaque_66846.png'
24:28.245  render           | Saved: '/tmp/clearvla_eval_opaque_66846.png'
24:28.615  render           | Saved: '/tmp/clearvla_eval_opaque_66846.png'
24:29.066  render           | Saved: '/tmp/clearvla_eval_opaque_66846.png'
24:29.431  render           | Saved: '/tmp/clearvla_eval_opaque_66846.png'
24:30.472  render           | Saved: '/tmp/clearvla_eval_opaque_66846.png'
24:30.809  render           | Saved: '/tmp/clearvla_eval_opaque_66846.png'
24:31.205  render           | Saved: '/tmp/clearvla_eval_opaque_66846.png'
24:31.534  render           | Saved: '/tmp/clearvla_eval_opaque_66846.png'
24:31.967  render           | Saved: '/tmp/clearvla_eval_opaque_66846.png'
24:32.310  render           | Saved: '/tmp/clearvla_eval_opaque_66846.png'
24:32.703  render           | Saved: '/tmp/clearvla_eval_opaque_66846.png'
24:33.069  render           | Saved: '/tmp/clearvla_eval_opaque_66846.png'
24:33.511  render           | Saved: '/tmp/clearvla_eval_opaque_66846.png'
24:33.875  render           | Saved: '/tmp/clearvla_eval_opaque_66846.png'
24:34.319  render           | Saved: '/tmp/clearvla_eval_opaque_66846.png'
24:34.683  render           | Saved: '/tmp/clearvla_eval_opaque_66846.png'
24:35.134  render           | Saved: '/tmp/clearvla_eval_opaque_66846.png'
24:35.515  render           | Saved: '/tmp/clearvla_eval_opaque_66846.png'
24:35.956  render           | Saved: '/tmp/clearvla_eval_opaque_66846.png'
24:36.330  render           | Saved: '/tmp/clearvla_eval_opaque_66846.png'
24:36.780  render           | Saved: '/tmp/clearvla_eval_opaque_66846.png'
24:37.146  render           | Saved: '/tmp/clearvla_eval_opaque_66846.png'
24:37.597  render           | Saved: '/tmp/clearvla_eval_opaque_66846.png'
24:37.970  render           | Saved: '/tmp/clearvla_eval_opaque_66846.png'
24:38.425  render           | Saved: '/tmp/clearvla_eval_opaque_66846.png'
24:38.782  render           | Saved: '/tmp/clearvla_eval_opaque_66846.png'
24:39.226  render           | Saved: '/tmp/clearvla_eval_opaque_66846.png'
24:39.591  render           | Saved: '/tmp/clearvla_eval_opaque_66846.png'
24:40.025  render           | Saved: '/tmp/clearvla_eval_opaque_66846.png'
24:40.372  render           | Saved: '/tmp/clearvla_eval_opaque_66846.png'
24:40.804  render           | Saved: '/tmp/clearvla_eval_opaque_66846.png'
24:41.172  render           | Saved: '/tmp/clearvla_eval_opaque_66846.png'
24:42.199  render           | Saved: '/tmp/clearvla_eval_opaque_66846.png'
24:42.537  render           | Saved: '/tmp/clearvla_eval_opaque_66846.png'
24:42.929  render           | Saved: '/tmp/clearvla_eval_opaque_66846.png'
24:43.266  render           | Saved: '/tmp/clearvla_eval_opaque_66846.png'
24:43.639  render           | Saved: '/tmp/clearvla_eval_opaque_66846.png'
24:43.965  render           | Saved: '/tmp/clearvla_eval_opaque_66846.png'
24:44.343  render           | Saved: '/tmp/clearvla_eval_opaque_66846.png'
24:44.685  render           | Saved: '/tmp/clearvla_eval_opaque_66846.png'
24:45.079  render           | Saved: '/tmp/clearvla_eval_opaque_66846.png'
24:45.416  render           | Saved: '/tmp/clearvla_eval_opaque_66846.png'
24:45.822  render           | Saved: '/tmp/clearvla_eval_opaque_66846.png'
24:46.167  render           | Saved: '/tmp/clearvla_eval_opaque_66846.png'
24:46.598  render           | Saved: '/tmp/clearvla_eval_opaque_66846.png'
24:46.965  render           | Saved: '/tmp/clearvla_eval_opaque_66846.png'
24:47.405  render           | Saved: '/tmp/clearvla_eval_opaque_66846.png'
24:47.764  render           | Saved: '/tmp/clearvla_eval_opaque_66846.png'
24:48.208  render           | Saved: '/tmp/clearvla_eval_opaque_66846.png'
24:48.571  render           | Saved: '/tmp/clearvla_eval_opaque_66846.png'
24:49.019  render           | Saved: '/tmp/clearvla_eval_opaque_66846.png'
24:49.382  render           | Saved: '/tmp/clearvla_eval_opaque_66846.png'
24:49.811  render           | Saved: '/tmp/clearvla_eval_opaque_66846.png'
24:50.195  render           | Saved: '/tmp/clearvla_eval_opaque_66846.png'
24:50.631  render           | Saved: '/tmp/clearvla_eval_opaque_66846.png'
24:51.005  render           | Saved: '/tmp/clearvla_eval_opaque_66846.png'
24:51.475  render           | Saved: '/tmp/clearvla_eval_opaque_66846.png'
24:51.840  render           | Saved: '/tmp/clearvla_eval_opaque_66846.png'
24:52.299  render           | Saved: '/tmp/clearvla_eval_opaque_66846.png'
24:52.665  render           | Saved: '/tmp/clearvla_eval_opaque_66846.png'
24:53.109  render           | Saved: '/tmp/clearvla_eval_opaque_66846.png'
24:53.479  render           | Saved: '/tmp/clearvla_eval_opaque_66846.png'
24:54.526  render           | Saved: '/tmp/clearvla_eval_opaque_66846.png'
24:54.866  render           | Saved: '/tmp/clearvla_eval_opaque_66846.png'
24:55.301  render           | Saved: '/tmp/clearvla_eval_opaque_66846.png'
24:55.671  render           | Saved: '/tmp/clearvla_eval_opaque_66846.png'
24:56.105  render           | Saved: '/tmp/clearvla_eval_opaque_66846.png'
24:56.452  render           | Saved: '/tmp/clearvla_eval_opaque_66846.png'
24:56.882  render           | Saved: '/tmp/clearvla_eval_opaque_66846.png'
24:57.245  render           | Saved: '/tmp/clearvla_eval_opaque_66846.png'
24:57.655  render           | Saved: '/tmp/clearvla_eval_opaque_66846.png'
24:58.003  render           | Saved: '/tmp/clearvla_eval_opaque_66846.png'
24:58.434  render           | Saved: '/tmp/clearvla_eval_opaque_66846.png'
24:58.817  render           | Saved: '/tmp/clearvla_eval_opaque_66846.png'
24:59.261  render           | Saved: '/tmp/clearvla_eval_opaque_66846.png'
24:59.611  render           | Saved: '/tmp/clearvla_eval_opaque_66846.png'
25:00.060  render           | Saved: '/tmp/clearvla_eval_opaque_66846.png'
25:00.430  render           | Saved: '/tmp/clearvla_eval_opaque_66846.png'
25:00.878  render           | Saved: '/tmp/clearvla_eval_opaque_66846.png'
25:01.213  render           | Saved: '/tmp/clearvla_eval_opaque_66846.png'
25:01.647  render           | Saved: '/tmp/clearvla_eval_opaque_66846.png'
25:02.017  render           | Saved: '/tmp/clearvla_eval_opaque_66846.png'
25:02.452  render           | Saved: '/tmp/clearvla_eval_opaque_66846.png'
25:02.815  render           | Saved: '/tmp/clearvla_eval_opaque_66846.png'
25:03.265  render           | Saved: '/tmp/clearvla_eval_opaque_66846.png'
25:03.641  render           | Saved: '/tmp/clearvla_eval_opaque_66846.png'
25:04.094  render           | Saved: '/tmp/clearvla_eval_opaque_66846.png'
25:04.457  render           | Saved: '/tmp/clearvla_eval_opaque_66846.png'
25:04.893  render           | Saved: '/tmp/clearvla_eval_opaque_66846.png'
25:05.260  render           | Saved: '/tmp/clearvla_eval_opaque_66846.png'
25:06.326  render           | Saved: '/tmp/clearvla_eval_opaque_66846.png'
25:06.662  render           | Saved: '/tmp/clearvla_eval_opaque_66846.png'
25:07.097  render           | Saved: '/tmp/clearvla_eval_opaque_66846.png'
25:07.441  render           | Saved: '/tmp/clearvla_eval_opaque_66846.png'
25:07.871  render           | Saved: '/tmp/clearvla_eval_opaque_66846.png'
25:08.219  render           | Saved: '/tmp/clearvla_eval_opaque_66846.png'
25:08.656  render           | Saved: '/tmp/clearvla_eval_opaque_66846.png'
25:09.021  render           | Saved: '/tmp/clearvla_eval_opaque_66846.png'
25:09.462  render           | Saved: '/tmp/clearvla_eval_opaque_66846.png'
25:09.836  render           | Saved: '/tmp/clearvla_eval_opaque_66846.png'
25:10.293  render           | Saved: '/tmp/clearvla_eval_opaque_66846.png'
25:10.679  render           | Saved: '/tmp/clearvla_eval_opaque_66846.png'
25:11.121  render           | Saved: '/tmp/clearvla_eval_opaque_66846.png'
25:11.489  render           | Saved: '/tmp/clearvla_eval_opaque_66846.png'
25:11.944  render           | Saved: '/tmp/clearvla_eval_opaque_66846.png'
25:12.302  render           | Saved: '/tmp/clearvla_eval_opaque_66846.png'
25:12.708  render           | Saved: '/tmp/clearvla_eval_opaque_66846.png'
25:13.065  render           | Saved: '/tmp/clearvla_eval_opaque_66846.png'
25:13.505  render           | Saved: '/tmp/clearvla_eval_opaque_66846.png'
25:13.860  render           | Saved: '/tmp/clearvla_eval_opaque_66846.png'
25:14.321  render           | Saved: '/tmp/clearvla_eval_opaque_66846.png'
25:14.710  render           | Saved: '/tmp/clearvla_eval_opaque_66846.png'
25:15.154  render           | Saved: '/tmp/clearvla_eval_opaque_66846.png'
25:15.515  render           | Saved: '/tmp/clearvla_eval_opaque_66846.png'
25:15.915  render           | Saved: '/tmp/clearvla_eval_opaque_66846.png'
25:16.257  render           | Saved: '/tmp/clearvla_eval_opaque_66846.png'
25:16.692  render           | Saved: '/tmp/clearvla_eval_opaque_66846.png'
25:17.054  render           | Saved: '/tmp/clearvla_eval_opaque_66846.png'
25:18.084  render           | Saved: '/tmp/clearvla_eval_opaque_66846.png'
25:18.418  render           | Saved: '/tmp/clearvla_eval_opaque_66846.png'
25:18.814  render           | Saved: '/tmp/clearvla_eval_opaque_66846.png'
25:19.139  render           | Saved: '/tmp/clearvla_eval_opaque_66846.png'
25:19.509  render           | Saved: '/tmp/clearvla_eval_opaque_66846.png'
25:19.837  render           | Saved: '/tmp/clearvla_eval_opaque_66846.png'
25:20.207  render           | Saved: '/tmp/clearvla_eval_opaque_66846.png'
25:20.530  render           | Saved: '/tmp/clearvla_eval_opaque_66846.png'
25:20.896  render           | Saved: '/tmp/clearvla_eval_opaque_66846.png'
25:21.228  render           | Saved: '/tmp/clearvla_eval_opaque_66846.png'
25:21.612  render           | Saved: '/tmp/clearvla_eval_opaque_66846.png'
25:21.943  render           | Saved: '/tmp/clearvla_eval_opaque_66846.png'
25:22.333  render           | Saved: '/tmp/clearvla_eval_opaque_66846.png'
25:22.667  render           | Saved: '/tmp/clearvla_eval_opaque_66846.png'
25:23.061  render           | Saved: '/tmp/clearvla_eval_opaque_66846.png'
25:23.399  render           | Saved: '/tmp/clearvla_eval_opaque_66846.png'
25:23.839  render           | Saved: '/tmp/clearvla_eval_opaque_66846.png'
25:24.201  render           | Saved: '/tmp/clearvla_eval_opaque_66846.png'
25:24.649  render           | Saved: '/tmp/clearvla_eval_opaque_66846.png'
25:24.991  render           | Saved: '/tmp/clearvla_eval_opaque_66846.png'
25:25.443  render           | Saved: '/tmp/clearvla_eval_opaque_66846.png'
25:25.814  render           | Saved: '/tmp/clearvla_eval_opaque_66846.png'
25:26.276  render           | Saved: '/tmp/clearvla_eval_opaque_66846.png'
25:26.629  render           | Saved: '/tmp/clearvla_eval_opaque_66846.png'
25:27.081  render           | Saved: '/tmp/clearvla_eval_opaque_66846.png'
25:27.455  render           | Saved: '/tmp/clearvla_eval_opaque_66846.png'
25:27.915  render           | Saved: '/tmp/clearvla_eval_opaque_66846.png'
25:28.278  render           | Saved: '/tmp/clearvla_eval_opaque_66846.png'
25:28.717  render           | Saved: '/tmp/clearvla_eval_opaque_66846.png'
25:29.081  render           | Saved: '/tmp/clearvla_eval_opaque_66846.png'
25:29.540  render           | Saved: '/tmp/clearvla_eval_opaque_66846.png'
25:29.899  render           | Saved: '/tmp/clearvla_eval_opaque_66846.png'
25:30.344  render           | Saved: '/tmp/clearvla_eval_opaque_66846.png'
25:30.697  render           | Saved: '/tmp/clearvla_eval_opaque_66846.png'
25:31.127  render           | Saved: '/tmp/clearvla_eval_opaque_66846.png'
25:31.507  render           | Saved: '/tmp/clearvla_eval_opaque_66846.png'
25:31.953  render           | Saved: '/tmp/clearvla_eval_opaque_66846.png'
25:32.326  render           | Saved: '/tmp/clearvla_eval_opaque_66846.png'
25:32.774  render           | Saved: '/tmp/clearvla_eval_opaque_66846.png'
25:33.138  render           | Saved: '/tmp/clearvla_eval_opaque_66846.png'
25:33.577  render           | Saved: '/tmp/clearvla_eval_opaque_66846.png'
25:33.950  render           | Saved: '/tmp/clearvla_eval_opaque_66846.png'
25:34.400  render           | Saved: '/tmp/clearvla_eval_opaque_66846.png'
25:34.757  render           | Saved: '/tmp/clearvla_eval_opaque_66846.png'
25:35.208  render           | Saved: '/tmp/clearvla_eval_opaque_66846.png'
25:35.564  render           | Saved: '/tmp/clearvla_eval_opaque_66846.png'
25:35.993  render           | Saved: '/tmp/clearvla_eval_opaque_66846.png'
25:36.353  render           | Saved: '/tmp/clearvla_eval_opaque_66846.png'
25:36.805  render           | Saved: '/tmp/clearvla_eval_opaque_66846.png'
25:37.148  render           | Saved: '/tmp/clearvla_eval_opaque_66846.png'
25:37.592  render           | Saved: '/tmp/clearvla_eval_opaque_66846.png'
25:37.953  render           | Saved: '/tmp/clearvla_eval_opaque_66846.png'
25:38.381  render           | Saved: '/tmp/clearvla_eval_opaque_66846.png'
25:38.744  render           | Saved: '/tmp/clearvla_eval_opaque_66846.png'
25:39.182  render           | Saved: '/tmp/clearvla_eval_opaque_66846.png'
25:39.545  render           | Saved: '/tmp/clearvla_eval_opaque_66846.png'
25:39.994  render           | Saved: '/tmp/clearvla_eval_opaque_66846.png'
25:40.356  render           | Saved: '/tmp/clearvla_eval_opaque_66846.png'
25:40.814  render           | Saved: '/tmp/clearvla_eval_opaque_66846.png'
25:41.166  render           | Saved: '/tmp/clearvla_eval_opaque_66846.png'
25:41.625  render           | Saved: '/tmp/clearvla_eval_opaque_66846.png'
25:42.005  render           | Saved: '/tmp/clearvla_eval_opaque_66846.png'
25:42.442  render           | Saved: '/tmp/clearvla_eval_opaque_66846.png'
25:42.793  render           | Saved: '/tmp/clearvla_eval_opaque_66846.png'
25:43.227  render           | Saved: '/tmp/clearvla_eval_opaque_66846.png'
25:43.581  render           | Saved: '/tmp/clearvla_eval_opaque_66846.png'
25:44.018  render           | Saved: '/tmp/clearvla_eval_opaque_66846.png'
25:44.369  render           | Saved: '/tmp/clearvla_eval_opaque_66846.png'
25:44.800  render           | Saved: '/tmp/clearvla_eval_opaque_66846.png'
25:45.156  render           | Saved: '/tmp/clearvla_eval_opaque_66846.png'
25:45.608  render           | Saved: '/tmp/clearvla_eval_opaque_66846.png'
25:45.978  render           | Saved: '/tmp/clearvla_eval_opaque_66846.png'
25:46.427  render           | Saved: '/tmp/clearvla_eval_opaque_66846.png'
25:46.796  render           | Saved: '/tmp/clearvla_eval_opaque_66846.png'
25:47.239  render           | Saved: '/tmp/clearvla_eval_opaque_66846.png'
25:47.600  render           | Saved: '/tmp/clearvla_eval_opaque_66846.png'
[full/opaque] grasp: 74/90  (25.7 min, 29.9 s/ep)
25:48.671  render           | Saved: '/tmp/clearvla_eval_opaque_66846.png'
25:48.995  render           | Saved: '/tmp/clearvla_eval_opaque_66846.png'
25:49.407  render           | Saved: '/tmp/clearvla_eval_opaque_66846.png'
25:49.768  render           | Saved: '/tmp/clearvla_eval_opaque_66846.png'
25:50.220  render           | Saved: '/tmp/clearvla_eval_opaque_66846.png'
25:50.563  render           | Saved: '/tmp/clearvla_eval_opaque_66846.png'
25:50.973  render           | Saved: '/tmp/clearvla_eval_opaque_66846.png'
25:51.331  render           | Saved: '/tmp/clearvla_eval_opaque_66846.png'
25:51.760  render           | Saved: '/tmp/clearvla_eval_opaque_66846.png'
25:52.131  render           | Saved: '/tmp/clearvla_eval_opaque_66846.png'
25:52.581  render           | Saved: '/tmp/clearvla_eval_opaque_66846.png'
25:52.951  render           | Saved: '/tmp/clearvla_eval_opaque_66846.png'
25:53.412  render           | Saved: '/tmp/clearvla_eval_opaque_66846.png'
25:53.789  render           | Saved: '/tmp/clearvla_eval_opaque_66846.png'
25:54.223  render           | Saved: '/tmp/clearvla_eval_opaque_66846.png'
25:54.584  render           | Saved: '/tmp/clearvla_eval_opaque_66846.png'
25:55.021  render           | Saved: '/tmp/clearvla_eval_opaque_66846.png'
25:55.381  render           | Saved: '/tmp/clearvla_eval_opaque_66846.png'
25:55.834  render           | Saved: '/tmp/clearvla_eval_opaque_66846.png'
25:56.196  render           | Saved: '/tmp/clearvla_eval_opaque_66846.png'
25:56.656  render           | Saved: '/tmp/clearvla_eval_opaque_66846.png'
25:57.016  render           | Saved: '/tmp/clearvla_eval_opaque_66846.png'
25:57.447  render           | Saved: '/tmp/clearvla_eval_opaque_66846.png'
25:57.812  render           | Saved: '/tmp/clearvla_eval_opaque_66846.png'
25:58.247  render           | Saved: '/tmp/clearvla_eval_opaque_66846.png'
25:58.607  render           | Saved: '/tmp/clearvla_eval_opaque_66846.png'
25:59.036  render           | Saved: '/tmp/clearvla_eval_opaque_66846.png'
25:59.394  render           | Saved: '/tmp/clearvla_eval_opaque_66846.png'
25:59.830  render           | Saved: '/tmp/clearvla_eval_opaque_66846.png'
26:00.183  render           | Saved: '/tmp/clearvla_eval_opaque_66846.png'
26:00.625  render           | Saved: '/tmp/clearvla_eval_opaque_66846.png'
26:00.980  render           | Saved: '/tmp/clearvla_eval_opaque_66846.png'
26:01.356  render           | Saved: '/tmp/clearvla_eval_opaque_66846.png'
26:01.671  render           | Saved: '/tmp/clearvla_eval_opaque_66846.png'
26:02.063  render           | Saved: '/tmp/clearvla_eval_opaque_66846.png'
26:02.418  render           | Saved: '/tmp/clearvla_eval_opaque_66846.png'
26:02.817  render           | Saved: '/tmp/clearvla_eval_opaque_66846.png'
26:03.170  render           | Saved: '/tmp/clearvla_eval_opaque_66846.png'
26:03.599  render           | Saved: '/tmp/clearvla_eval_opaque_66846.png'
26:03.960  render           | Saved: '/tmp/clearvla_eval_opaque_66846.png'
26:04.411  render           | Saved: '/tmp/clearvla_eval_opaque_66846.png'
26:04.762  render           | Saved: '/tmp/clearvla_eval_opaque_66846.png'
26:05.211  render           | Saved: '/tmp/clearvla_eval_opaque_66846.png'
26:05.569  render           | Saved: '/tmp/clearvla_eval_opaque_66846.png'
26:06.006  render           | Saved: '/tmp/clearvla_eval_opaque_66846.png'
26:06.376  render           | Saved: '/tmp/clearvla_eval_opaque_66846.png'
26:06.836  render           | Saved: '/tmp/clearvla_eval_opaque_66846.png'
26:07.210  render           | Saved: '/tmp/clearvla_eval_opaque_66846.png'
26:07.645  render           | Saved: '/tmp/clearvla_eval_opaque_66846.png'
26:08.011  render           | Saved: '/tmp/clearvla_eval_opaque_66846.png'
26:08.455  render           | Saved: '/tmp/clearvla_eval_opaque_66846.png'
26:08.821  render           | Saved: '/tmp/clearvla_eval_opaque_66846.png'
26:09.276  render           | Saved: '/tmp/clearvla_eval_opaque_66846.png'
26:09.653  render           | Saved: '/tmp/clearvla_eval_opaque_66846.png'
26:10.084  render           | Saved: '/tmp/clearvla_eval_opaque_66846.png'
26:10.447  render           | Saved: '/tmp/clearvla_eval_opaque_66846.png'
26:10.889  render           | Saved: '/tmp/clearvla_eval_opaque_66846.png'
26:11.241  render           | Saved: '/tmp/clearvla_eval_opaque_66846.png'
26:11.647  render           | Saved: '/tmp/clearvla_eval_opaque_66846.png'
26:11.980  render           | Saved: '/tmp/clearvla_eval_opaque_66846.png'
26:12.416  render           | Saved: '/tmp/clearvla_eval_opaque_66846.png'
26:12.777  render           | Saved: '/tmp/clearvla_eval_opaque_66846.png'
26:13.171  render           | Saved: '/tmp/clearvla_eval_opaque_66846.png'
26:13.506  render           | Saved: '/tmp/clearvla_eval_opaque_66846.png'
26:13.914  render           | Saved: '/tmp/clearvla_eval_opaque_66846.png'
26:14.274  render           | Saved: '/tmp/clearvla_eval_opaque_66846.png'
26:14.724  render           | Saved: '/tmp/clearvla_eval_opaque_66846.png'
26:15.104  render           | Saved: '/tmp/clearvla_eval_opaque_66846.png'
26:15.551  render           | Saved: '/tmp/clearvla_eval_opaque_66846.png'
26:15.929  render           | Saved: '/tmp/clearvla_eval_opaque_66846.png'
26:16.394  render           | Saved: '/tmp/clearvla_eval_opaque_66846.png'
26:16.751  render           | Saved: '/tmp/clearvla_eval_opaque_66846.png'
26:17.199  render           | Saved: '/tmp/clearvla_eval_opaque_66846.png'
26:17.547  render           | Saved: '/tmp/clearvla_eval_opaque_66846.png'
26:18.002  render           | Saved: '/tmp/clearvla_eval_opaque_66846.png'
26:18.368  render           | Saved: '/tmp/clearvla_eval_opaque_66846.png'
26:19.435  render           | Saved: '/tmp/clearvla_eval_opaque_66846.png'
26:19.764  render           | Saved: '/tmp/clearvla_eval_opaque_66846.png'
26:20.151  render           | Saved: '/tmp/clearvla_eval_opaque_66846.png'
26:20.480  render           | Saved: '/tmp/clearvla_eval_opaque_66846.png'
26:20.851  render           | Saved: '/tmp/clearvla_eval_opaque_66846.png'
26:21.180  render           | Saved: '/tmp/clearvla_eval_opaque_66846.png'
26:21.552  render           | Saved: '/tmp/clearvla_eval_opaque_66846.png'
26:21.884  render           | Saved: '/tmp/clearvla_eval_opaque_66846.png'
26:22.253  render           | Saved: '/tmp/clearvla_eval_opaque_66846.png'
26:22.582  render           | Saved: '/tmp/clearvla_eval_opaque_66846.png'
26:22.951  render           | Saved: '/tmp/clearvla_eval_opaque_66846.png'
26:23.281  render           | Saved: '/tmp/clearvla_eval_opaque_66846.png'
26:23.656  render           | Saved: '/tmp/clearvla_eval_opaque_66846.png'
26:23.994  render           | Saved: '/tmp/clearvla_eval_opaque_66846.png'
26:24.397  render           | Saved: '/tmp/clearvla_eval_opaque_66846.png'
26:24.729  render           | Saved: '/tmp/clearvla_eval_opaque_66846.png'
26:25.138  render           | Saved: '/tmp/clearvla_eval_opaque_66846.png'
26:25.473  render           | Saved: '/tmp/clearvla_eval_opaque_66846.png'
26:25.866  render           | Saved: '/tmp/clearvla_eval_opaque_66846.png'
26:26.198  render           | Saved: '/tmp/clearvla_eval_opaque_66846.png'
26:26.597  render           | Saved: '/tmp/clearvla_eval_opaque_66846.png'
26:26.925  render           | Saved: '/tmp/clearvla_eval_opaque_66846.png'
26:27.314  render           | Saved: '/tmp/clearvla_eval_opaque_66846.png'
26:27.648  render           | Saved: '/tmp/clearvla_eval_opaque_66846.png'
26:28.053  render           | Saved: '/tmp/clearvla_eval_opaque_66846.png'
26:28.373  render           | Saved: '/tmp/clearvla_eval_opaque_66846.png'
26:28.767  render           | Saved: '/tmp/clearvla_eval_opaque_66846.png'
26:29.099  render           | Saved: '/tmp/clearvla_eval_opaque_66846.png'
26:30.225  render           | Saved: '/tmp/clearvla_eval_opaque_66846.png'
26:30.557  render           | Saved: '/tmp/clearvla_eval_opaque_66846.png'
26:30.986  render           | Saved: '/tmp/clearvla_eval_opaque_66846.png'
26:31.309  render           | Saved: '/tmp/clearvla_eval_opaque_66846.png'
26:31.697  render           | Saved: '/tmp/clearvla_eval_opaque_66846.png'
26:32.014  render           | Saved: '/tmp/clearvla_eval_opaque_66846.png'
26:32.404  render           | Saved: '/tmp/clearvla_eval_opaque_66846.png'
26:32.755  render           | Saved: '/tmp/clearvla_eval_opaque_66846.png'
26:33.149  render           | Saved: '/tmp/clearvla_eval_opaque_66846.png'
26:33.485  render           | Saved: '/tmp/clearvla_eval_opaque_66846.png'
26:33.864  render           | Saved: '/tmp/clearvla_eval_opaque_66846.png'
26:34.185  render           | Saved: '/tmp/clearvla_eval_opaque_66846.png'
26:34.579  render           | Saved: '/tmp/clearvla_eval_opaque_66846.png'
26:34.911  render           | Saved: '/tmp/clearvla_eval_opaque_66846.png'
26:35.296  render           | Saved: '/tmp/clearvla_eval_opaque_66846.png'
26:35.685  render           | Saved: '/tmp/clearvla_eval_opaque_66846.png'
26:36.073  render           | Saved: '/tmp/clearvla_eval_opaque_66846.png'
26:36.405  render           | Saved: '/tmp/clearvla_eval_opaque_66846.png'
26:36.826  render           | Saved: '/tmp/clearvla_eval_opaque_66846.png'
26:37.160  render           | Saved: '/tmp/clearvla_eval_opaque_66846.png'
26:37.581  render           | Saved: '/tmp/clearvla_eval_opaque_66846.png'
26:37.900  render           | Saved: '/tmp/clearvla_eval_opaque_66846.png'
26:38.296  render           | Saved: '/tmp/clearvla_eval_opaque_66846.png'
26:38.632  render           | Saved: '/tmp/clearvla_eval_opaque_66846.png'
26:39.022  render           | Saved: '/tmp/clearvla_eval_opaque_66846.png'
26:39.366  render           | Saved: '/tmp/clearvla_eval_opaque_66846.png'
26:39.746  render           | Saved: '/tmp/clearvla_eval_opaque_66846.png'
26:40.091  render           | Saved: '/tmp/clearvla_eval_opaque_66846.png'
26:41.228  render           | Saved: '/tmp/clearvla_eval_opaque_66846.png'
26:41.550  render           | Saved: '/tmp/clearvla_eval_opaque_66846.png'
26:41.956  render           | Saved: '/tmp/clearvla_eval_opaque_66846.png'
26:42.287  render           | Saved: '/tmp/clearvla_eval_opaque_66846.png'
26:42.676  render           | Saved: '/tmp/clearvla_eval_opaque_66846.png'
26:42.999  render           | Saved: '/tmp/clearvla_eval_opaque_66846.png'
26:43.386  render           | Saved: '/tmp/clearvla_eval_opaque_66846.png'
26:43.725  render           | Saved: '/tmp/clearvla_eval_opaque_66846.png'
26:44.109  render           | Saved: '/tmp/clearvla_eval_opaque_66846.png'
26:44.440  render           | Saved: '/tmp/clearvla_eval_opaque_66846.png'
26:44.831  render           | Saved: '/tmp/clearvla_eval_opaque_66846.png'
26:45.163  render           | Saved: '/tmp/clearvla_eval_opaque_66846.png'
26:45.563  render           | Saved: '/tmp/clearvla_eval_opaque_66846.png'
26:45.901  render           | Saved: '/tmp/clearvla_eval_opaque_66846.png'
26:46.304  render           | Saved: '/tmp/clearvla_eval_opaque_66846.png'
26:46.650  render           | Saved: '/tmp/clearvla_eval_opaque_66846.png'
26:47.063  render           | Saved: '/tmp/clearvla_eval_opaque_66846.png'
26:47.403  render           | Saved: '/tmp/clearvla_eval_opaque_66846.png'
26:47.811  render           | Saved: '/tmp/clearvla_eval_opaque_66846.png'
26:48.147  render           | Saved: '/tmp/clearvla_eval_opaque_66846.png'
26:48.552  render           | Saved: '/tmp/clearvla_eval_opaque_66846.png'
26:48.879  render           | Saved: '/tmp/clearvla_eval_opaque_66846.png'
26:49.318  render           | Saved: '/tmp/clearvla_eval_opaque_66846.png'
26:49.634  render           | Saved: '/tmp/clearvla_eval_opaque_66846.png'
26:50.069  render           | Saved: '/tmp/clearvla_eval_opaque_66846.png'
26:50.388  render           | Saved: '/tmp/clearvla_eval_opaque_66846.png'
26:50.824  render           | Saved: '/tmp/clearvla_eval_opaque_66846.png'
26:51.150  render           | Saved: '/tmp/clearvla_eval_opaque_66846.png'
26:51.551  render           | Saved: '/tmp/clearvla_eval_opaque_66846.png'
26:51.895  render           | Saved: '/tmp/clearvla_eval_opaque_66846.png'
26:52.988  render           | Saved: '/tmp/clearvla_eval_opaque_66846.png'
26:53.341  render           | Saved: '/tmp/clearvla_eval_opaque_66846.png'
26:53.778  render           | Saved: '/tmp/clearvla_eval_opaque_66846.png'
26:54.095  render           | Saved: '/tmp/clearvla_eval_opaque_66846.png'
26:54.503  render           | Saved: '/tmp/clearvla_eval_opaque_66846.png'
26:54.819  render           | Saved: '/tmp/clearvla_eval_opaque_66846.png'
26:55.248  render           | Saved: '/tmp/clearvla_eval_opaque_66846.png'
26:55.569  render           | Saved: '/tmp/clearvla_eval_opaque_66846.png'
26:56.002  render           | Saved: '/tmp/clearvla_eval_opaque_66846.png'
26:56.318  render           | Saved: '/tmp/clearvla_eval_opaque_66846.png'
26:56.743  render           | Saved: '/tmp/clearvla_eval_opaque_66846.png'
26:57.058  render           | Saved: '/tmp/clearvla_eval_opaque_66846.png'
26:57.489  render           | Saved: '/tmp/clearvla_eval_opaque_66846.png'
26:57.805  render           | Saved: '/tmp/clearvla_eval_opaque_66846.png'
26:58.237  render           | Saved: '/tmp/clearvla_eval_opaque_66846.png'
26:58.557  render           | Saved: '/tmp/clearvla_eval_opaque_66846.png'
26:58.992  render           | Saved: '/tmp/clearvla_eval_opaque_66846.png'
26:59.315  render           | Saved: '/tmp/clearvla_eval_opaque_66846.png'
26:59.738  render           | Saved: '/tmp/clearvla_eval_opaque_66846.png'
27:00.057  render           | Saved: '/tmp/clearvla_eval_opaque_66846.png'
27:00.493  render           | Saved: '/tmp/clearvla_eval_opaque_66846.png'
27:00.810  render           | Saved: '/tmp/clearvla_eval_opaque_66846.png'
27:01.245  render           | Saved: '/tmp/clearvla_eval_opaque_66846.png'
27:01.561  render           | Saved: '/tmp/clearvla_eval_opaque_66846.png'
27:01.976  render           | Saved: '/tmp/clearvla_eval_opaque_66846.png'
27:02.295  render           | Saved: '/tmp/clearvla_eval_opaque_66846.png'
27:02.689  render           | Saved: '/tmp/clearvla_eval_opaque_66846.png'
27:03.018  render           | Saved: '/tmp/clearvla_eval_opaque_66846.png'
27:04.116  render           | Saved: '/tmp/clearvla_eval_opaque_66846.png'
27:04.416  render           | Saved: '/tmp/clearvla_eval_opaque_66846.png'
27:04.798  render           | Saved: '/tmp/clearvla_eval_opaque_66846.png'
27:05.119  render           | Saved: '/tmp/clearvla_eval_opaque_66846.png'
27:05.510  render           | Saved: '/tmp/clearvla_eval_opaque_66846.png'
27:05.848  render           | Saved: '/tmp/clearvla_eval_opaque_66846.png'
27:06.297  render           | Saved: '/tmp/clearvla_eval_opaque_66846.png'
27:06.634  render           | Saved: '/tmp/clearvla_eval_opaque_66846.png'
27:07.074  render           | Saved: '/tmp/clearvla_eval_opaque_66846.png'
27:07.458  render           | Saved: '/tmp/clearvla_eval_opaque_66846.png'
27:07.911  render           | Saved: '/tmp/clearvla_eval_opaque_66846.png'
27:08.303  render           | Saved: '/tmp/clearvla_eval_opaque_66846.png'
27:08.721  render           | Saved: '/tmp/clearvla_eval_opaque_66846.png'
27:09.086  render           | Saved: '/tmp/clearvla_eval_opaque_66846.png'
27:09.542  render           | Saved: '/tmp/clearvla_eval_opaque_66846.png'
27:09.915  render           | Saved: '/tmp/clearvla_eval_opaque_66846.png'
27:10.358  render           | Saved: '/tmp/clearvla_eval_opaque_66846.png'
27:10.727  render           | Saved: '/tmp/clearvla_eval_opaque_66846.png'
27:11.153  render           | Saved: '/tmp/clearvla_eval_opaque_66846.png'
27:11.495  render           | Saved: '/tmp/clearvla_eval_opaque_66846.png'
27:11.907  render           | Saved: '/tmp/clearvla_eval_opaque_66846.png'
27:12.266  render           | Saved: '/tmp/clearvla_eval_opaque_66846.png'
27:12.700  render           | Saved: '/tmp/clearvla_eval_opaque_66846.png'
27:13.069  render           | Saved: '/tmp/clearvla_eval_opaque_66846.png'
27:13.515  render           | Saved: '/tmp/clearvla_eval_opaque_66846.png'
27:13.874  render           | Saved: '/tmp/clearvla_eval_opaque_66846.png'
27:14.308  render           | Saved: '/tmp/clearvla_eval_opaque_66846.png'
27:14.674  render           | Saved: '/tmp/clearvla_eval_opaque_66846.png'
27:15.094  render           | Saved: '/tmp/clearvla_eval_opaque_66846.png'
27:15.433  render           | Saved: '/tmp/clearvla_eval_opaque_66846.png'
27:15.855  render           | Saved: '/tmp/clearvla_eval_opaque_66846.png'
27:16.231  render           | Saved: '/tmp/clearvla_eval_opaque_66846.png'
27:16.660  render           | Saved: '/tmp/clearvla_eval_opaque_66846.png'
27:17.019  render           | Saved: '/tmp/clearvla_eval_opaque_66846.png'
27:17.453  render           | Saved: '/tmp/clearvla_eval_opaque_66846.png'
27:17.813  render           | Saved: '/tmp/clearvla_eval_opaque_66846.png'
27:18.239  render           | Saved: '/tmp/clearvla_eval_opaque_66846.png'
27:18.596  render           | Saved: '/tmp/clearvla_eval_opaque_66846.png'
27:19.035  render           | Saved: '/tmp/clearvla_eval_opaque_66846.png'
27:19.368  render           | Saved: '/tmp/clearvla_eval_opaque_66846.png'
27:19.798  render           | Saved: '/tmp/clearvla_eval_opaque_66846.png'
27:20.165  render           | Saved: '/tmp/clearvla_eval_opaque_66846.png'
27:20.600  render           | Saved: '/tmp/clearvla_eval_opaque_66846.png'
27:20.978  render           | Saved: '/tmp/clearvla_eval_opaque_66846.png'
27:21.412  render           | Saved: '/tmp/clearvla_eval_opaque_66846.png'
27:21.760  render           | Saved: '/tmp/clearvla_eval_opaque_66846.png'
27:22.168  render           | Saved: '/tmp/clearvla_eval_opaque_66846.png'
27:22.495  render           | Saved: '/tmp/clearvla_eval_opaque_66846.png'
27:22.877  render           | Saved: '/tmp/clearvla_eval_opaque_66846.png'
27:23.227  render           | Saved: '/tmp/clearvla_eval_opaque_66846.png'
27:23.620  render           | Saved: '/tmp/clearvla_eval_opaque_66846.png'
27:23.957  render           | Saved: '/tmp/clearvla_eval_opaque_66846.png'
27:24.328  render           | Saved: '/tmp/clearvla_eval_opaque_66846.png'
27:24.666  render           | Saved: '/tmp/clearvla_eval_opaque_66846.png'
27:25.038  render           | Saved: '/tmp/clearvla_eval_opaque_66846.png'
27:25.360  render           | Saved: '/tmp/clearvla_eval_opaque_66846.png'
27:25.731  render           | Saved: '/tmp/clearvla_eval_opaque_66846.png'
27:26.059  render           | Saved: '/tmp/clearvla_eval_opaque_66846.png'
27:26.443  render           | Saved: '/tmp/clearvla_eval_opaque_66846.png'
27:26.779  render           | Saved: '/tmp/clearvla_eval_opaque_66846.png'
27:27.170  render           | Saved: '/tmp/clearvla_eval_opaque_66846.png'
27:27.505  render           | Saved: '/tmp/clearvla_eval_opaque_66846.png'
27:27.901  render           | Saved: '/tmp/clearvla_eval_opaque_66846.png'
27:28.232  render           | Saved: '/tmp/clearvla_eval_opaque_66846.png'
27:28.625  render           | Saved: '/tmp/clearvla_eval_opaque_66846.png'
27:28.954  render           | Saved: '/tmp/clearvla_eval_opaque_66846.png'
27:29.332  render           | Saved: '/tmp/clearvla_eval_opaque_66846.png'
27:29.685  render           | Saved: '/tmp/clearvla_eval_opaque_66846.png'
27:30.103  render           | Saved: '/tmp/clearvla_eval_opaque_66846.png'
27:30.440  render           | Saved: '/tmp/clearvla_eval_opaque_66846.png'
27:30.838  render           | Saved: '/tmp/clearvla_eval_opaque_66846.png'
27:31.187  render           | Saved: '/tmp/clearvla_eval_opaque_66846.png'
27:31.582  render           | Saved: '/tmp/clearvla_eval_opaque_66846.png'
27:31.913  render           | Saved: '/tmp/clearvla_eval_opaque_66846.png'
27:32.303  render           | Saved: '/tmp/clearvla_eval_opaque_66846.png'
27:32.618  render           | Saved: '/tmp/clearvla_eval_opaque_66846.png'
27:33.791  render           | Saved: '/tmp/clearvla_eval_opaque_66846.png'
27:34.145  render           | Saved: '/tmp/clearvla_eval_opaque_66846.png'
27:34.581  render           | Saved: '/tmp/clearvla_eval_opaque_66846.png'
27:34.946  render           | Saved: '/tmp/clearvla_eval_opaque_66846.png'
27:35.386  render           | Saved: '/tmp/clearvla_eval_opaque_66846.png'
27:35.750  render           | Saved: '/tmp/clearvla_eval_opaque_66846.png'
27:36.189  render           | Saved: '/tmp/clearvla_eval_opaque_66846.png'
27:36.544  render           | Saved: '/tmp/clearvla_eval_opaque_66846.png'
27:37.000  render           | Saved: '/tmp/clearvla_eval_opaque_66846.png'
27:37.361  render           | Saved: '/tmp/clearvla_eval_opaque_66846.png'
27:37.770  render           | Saved: '/tmp/clearvla_eval_opaque_66846.png'
27:38.102  render           | Saved: '/tmp/clearvla_eval_opaque_66846.png'
27:38.503  render           | Saved: '/tmp/clearvla_eval_opaque_66846.png'
27:38.834  render           | Saved: '/tmp/clearvla_eval_opaque_66846.png'
27:39.233  render           | Saved: '/tmp/clearvla_eval_opaque_66846.png'
27:39.576  render           | Saved: '/tmp/clearvla_eval_opaque_66846.png'
27:40.024  render           | Saved: '/tmp/clearvla_eval_opaque_66846.png'
27:40.423  render           | Saved: '/tmp/clearvla_eval_opaque_66846.png'
27:40.897  render           | Saved: '/tmp/clearvla_eval_opaque_66846.png'
27:41.244  render           | Saved: '/tmp/clearvla_eval_opaque_66846.png'
27:41.685  render           | Saved: '/tmp/clearvla_eval_opaque_66846.png'
27:42.066  render           | Saved: '/tmp/clearvla_eval_opaque_66846.png'
27:42.523  render           | Saved: '/tmp/clearvla_eval_opaque_66846.png'
27:42.890  render           | Saved: '/tmp/clearvla_eval_opaque_66846.png'
27:43.348  render           | Saved: '/tmp/clearvla_eval_opaque_66846.png'
27:43.722  render           | Saved: '/tmp/clearvla_eval_opaque_66846.png'
27:44.186  render           | Saved: '/tmp/clearvla_eval_opaque_66846.png'
27:44.535  render           | Saved: '/tmp/clearvla_eval_opaque_66846.png'
27:44.944  render           | Saved: '/tmp/clearvla_eval_opaque_66846.png'
27:45.280  render           | Saved: '/tmp/clearvla_eval_opaque_66846.png'
27:46.468  render           | Saved: '/tmp/clearvla_eval_opaque_66846.png'
27:46.807  render           | Saved: '/tmp/clearvla_eval_opaque_66846.png'
27:47.241  render           | Saved: '/tmp/clearvla_eval_opaque_66846.png'
27:47.588  render           | Saved: '/tmp/clearvla_eval_opaque_66846.png'
27:47.993  render           | Saved: '/tmp/clearvla_eval_opaque_66846.png'
27:48.330  render           | Saved: '/tmp/clearvla_eval_opaque_66846.png'
27:48.738  render           | Saved: '/tmp/clearvla_eval_opaque_66846.png'
27:49.104  render           | Saved: '/tmp/clearvla_eval_opaque_66846.png'
27:49.540  render           | Saved: '/tmp/clearvla_eval_opaque_66846.png'
27:49.915  render           | Saved: '/tmp/clearvla_eval_opaque_66846.png'
27:50.330  render           | Saved: '/tmp/clearvla_eval_opaque_66846.png'
27:50.661  render           | Saved: '/tmp/clearvla_eval_opaque_66846.png'
27:51.079  render           | Saved: '/tmp/clearvla_eval_opaque_66846.png'
27:51.442  render           | Saved: '/tmp/clearvla_eval_opaque_66846.png'
27:51.886  render           | Saved: '/tmp/clearvla_eval_opaque_66846.png'
27:52.240  render           | Saved: '/tmp/clearvla_eval_opaque_66846.png'
27:52.680  render           | Saved: '/tmp/clearvla_eval_opaque_66846.png'
27:53.054  render           | Saved: '/tmp/clearvla_eval_opaque_66846.png'
27:53.506  render           | Saved: '/tmp/clearvla_eval_opaque_66846.png'
27:53.879  render           | Saved: '/tmp/clearvla_eval_opaque_66846.png'
27:54.330  render           | Saved: '/tmp/clearvla_eval_opaque_66846.png'
27:54.708  render           | Saved: '/tmp/clearvla_eval_opaque_66846.png'
27:55.165  render           | Saved: '/tmp/clearvla_eval_opaque_66846.png'
27:55.543  render           | Saved: '/tmp/clearvla_eval_opaque_66846.png'
27:55.999  render           | Saved: '/tmp/clearvla_eval_opaque_66846.png'
27:56.379  render           | Saved: '/tmp/clearvla_eval_opaque_66846.png'
27:56.815  render           | Saved: '/tmp/clearvla_eval_opaque_66846.png'
27:57.160  render           | Saved: '/tmp/clearvla_eval_opaque_66846.png'
27:58.302  render           | Saved: '/tmp/clearvla_eval_opaque_66846.png'
27:58.629  render           | Saved: '/tmp/clearvla_eval_opaque_66846.png'
27:59.016  render           | Saved: '/tmp/clearvla_eval_opaque_66846.png'
27:59.324  render           | Saved: '/tmp/clearvla_eval_opaque_66846.png'
27:59.691  render           | Saved: '/tmp/clearvla_eval_opaque_66846.png'
28:00.021  render           | Saved: '/tmp/clearvla_eval_opaque_66846.png'
28:00.390  render           | Saved: '/tmp/clearvla_eval_opaque_66846.png'
28:00.706  render           | Saved: '/tmp/clearvla_eval_opaque_66846.png'
28:01.088  render           | Saved: '/tmp/clearvla_eval_opaque_66846.png'
28:01.405  render           | Saved: '/tmp/clearvla_eval_opaque_66846.png'
28:01.785  render           | Saved: '/tmp/clearvla_eval_opaque_66846.png'
28:02.112  render           | Saved: '/tmp/clearvla_eval_opaque_66846.png'
28:02.497  render           | Saved: '/tmp/clearvla_eval_opaque_66846.png'
28:02.821  render           | Saved: '/tmp/clearvla_eval_opaque_66846.png'
28:03.201  render           | Saved: '/tmp/clearvla_eval_opaque_66846.png'
28:03.533  render           | Saved: '/tmp/clearvla_eval_opaque_66846.png'
28:03.917  render           | Saved: '/tmp/clearvla_eval_opaque_66846.png'
28:04.232  render           | Saved: '/tmp/clearvla_eval_opaque_66846.png'
28:04.609  render           | Saved: '/tmp/clearvla_eval_opaque_66846.png'
28:04.921  render           | Saved: '/tmp/clearvla_eval_opaque_66846.png'
28:05.304  render           | Saved: '/tmp/clearvla_eval_opaque_66846.png'
28:05.629  render           | Saved: '/tmp/clearvla_eval_opaque_66846.png'
28:06.008  render           | Saved: '/tmp/clearvla_eval_opaque_66846.png'
28:06.330  render           | Saved: '/tmp/clearvla_eval_opaque_66846.png'
28:06.712  render           | Saved: '/tmp/clearvla_eval_opaque_66846.png'
28:07.033  render           | Saved: '/tmp/clearvla_eval_opaque_66846.png'
28:07.414  render           | Saved: '/tmp/clearvla_eval_opaque_66846.png'
28:07.749  render           | Saved: '/tmp/clearvla_eval_opaque_66846.png'
28:08.126  render           | Saved: '/tmp/clearvla_eval_opaque_66846.png'
28:08.459  render           | Saved: '/tmp/clearvla_eval_opaque_66846.png'
28:08.832  render           | Saved: '/tmp/clearvla_eval_opaque_66846.png'
28:09.159  render           | Saved: '/tmp/clearvla_eval_opaque_66846.png'
28:09.536  render           | Saved: '/tmp/clearvla_eval_opaque_66846.png'
28:09.851  render           | Saved: '/tmp/clearvla_eval_opaque_66846.png'
28:10.225  render           | Saved: '/tmp/clearvla_eval_opaque_66846.png'
28:10.556  render           | Saved: '/tmp/clearvla_eval_opaque_66846.png'
28:10.929  render           | Saved: '/tmp/clearvla_eval_opaque_66846.png'
28:11.262  render           | Saved: '/tmp/clearvla_eval_opaque_66846.png'
28:11.632  render           | Saved: '/tmp/clearvla_eval_opaque_66846.png'
28:11.977  render           | Saved: '/tmp/clearvla_eval_opaque_66846.png'
28:12.347  render           | Saved: '/tmp/clearvla_eval_opaque_66846.png'
28:12.697  render           | Saved: '/tmp/clearvla_eval_opaque_66846.png'
28:13.120  render           | Saved: '/tmp/clearvla_eval_opaque_66846.png'
28:13.510  render           | Saved: '/tmp/clearvla_eval_opaque_66846.png'
28:13.979  render           | Saved: '/tmp/clearvla_eval_opaque_66846.png'
28:14.337  render           | Saved: '/tmp/clearvla_eval_opaque_66846.png'
28:14.759  render           | Saved: '/tmp/clearvla_eval_opaque_66846.png'
28:15.118  render           | Saved: '/tmp/clearvla_eval_opaque_66846.png'
28:15.576  render           | Saved: '/tmp/clearvla_eval_opaque_66846.png'
28:15.952  render           | Saved: '/tmp/clearvla_eval_opaque_66846.png'
28:16.405  render           | Saved: '/tmp/clearvla_eval_opaque_66846.png'
28:16.779  render           | Saved: '/tmp/clearvla_eval_opaque_66846.png'
28:17.225  render           | Saved: '/tmp/clearvla_eval_opaque_66846.png'
28:17.583  render           | Saved: '/tmp/clearvla_eval_opaque_66846.png'
28:18.047  render           | Saved: '/tmp/clearvla_eval_opaque_66846.png'
28:18.417  render           | Saved: '/tmp/clearvla_eval_opaque_66846.png'
28:18.866  render           | Saved: '/tmp/clearvla_eval_opaque_66846.png'
28:19.225  render           | Saved: '/tmp/clearvla_eval_opaque_66846.png'
28:19.637  render           | Saved: '/tmp/clearvla_eval_opaque_66846.png'
28:19.967  render           | Saved: '/tmp/clearvla_eval_opaque_66846.png'
28:20.399  render           | Saved: '/tmp/clearvla_eval_opaque_66846.png'
28:20.765  render           | Saved: '/tmp/clearvla_eval_opaque_66846.png'
28:21.229  render           | Saved: '/tmp/clearvla_eval_opaque_66846.png'
28:21.598  render           | Saved: '/tmp/clearvla_eval_opaque_66846.png'
28:22.044  render           | Saved: '/tmp/clearvla_eval_opaque_66846.png'
28:22.423  render           | Saved: '/tmp/clearvla_eval_opaque_66846.png'
28:22.862  render           | Saved: '/tmp/clearvla_eval_opaque_66846.png'
28:23.208  render           | Saved: '/tmp/clearvla_eval_opaque_66846.png'
28:23.628  render           | Saved: '/tmp/clearvla_eval_opaque_66846.png'
28:23.961  render           | Saved: '/tmp/clearvla_eval_opaque_66846.png'
28:24.398  render           | Saved: '/tmp/clearvla_eval_opaque_66846.png'
28:24.748  render           | Saved: '/tmp/clearvla_eval_opaque_66846.png'
28:25.184  render           | Saved: '/tmp/clearvla_eval_opaque_66846.png'
28:25.538  render           | Saved: '/tmp/clearvla_eval_opaque_66846.png'
28:25.993  render           | Saved: '/tmp/clearvla_eval_opaque_66846.png'
28:26.343  render           | Saved: '/tmp/clearvla_eval_opaque_66846.png'
28:27.449  render           | Saved: '/tmp/clearvla_eval_opaque_66846.png'
28:27.770  render           | Saved: '/tmp/clearvla_eval_opaque_66846.png'
28:28.146  render           | Saved: '/tmp/clearvla_eval_opaque_66846.png'
28:28.475  render           | Saved: '/tmp/clearvla_eval_opaque_66846.png'
28:28.848  render           | Saved: '/tmp/clearvla_eval_opaque_66846.png'
28:29.172  render           | Saved: '/tmp/clearvla_eval_opaque_66846.png'
28:29.546  render           | Saved: '/tmp/clearvla_eval_opaque_66846.png'
28:29.883  render           | Saved: '/tmp/clearvla_eval_opaque_66846.png'
28:30.250  render           | Saved: '/tmp/clearvla_eval_opaque_66846.png'
28:30.572  render           | Saved: '/tmp/clearvla_eval_opaque_66846.png'
28:30.955  render           | Saved: '/tmp/clearvla_eval_opaque_66846.png'
28:31.284  render           | Saved: '/tmp/clearvla_eval_opaque_66846.png'
28:31.686  render           | Saved: '/tmp/clearvla_eval_opaque_66846.png'
28:32.006  render           | Saved: '/tmp/clearvla_eval_opaque_66846.png'
28:32.402  render           | Saved: '/tmp/clearvla_eval_opaque_66846.png'
28:32.722  render           | Saved: '/tmp/clearvla_eval_opaque_66846.png'
28:33.131  render           | Saved: '/tmp/clearvla_eval_opaque_66846.png'
28:33.471  render           | Saved: '/tmp/clearvla_eval_opaque_66846.png'
28:33.874  render           | Saved: '/tmp/clearvla_eval_opaque_66846.png'
28:34.211  render           | Saved: '/tmp/clearvla_eval_opaque_66846.png'
28:34.597  render           | Saved: '/tmp/clearvla_eval_opaque_66846.png'
28:34.925  render           | Saved: '/tmp/clearvla_eval_opaque_66846.png'
28:35.296  render           | Saved: '/tmp/clearvla_eval_opaque_66846.png'
28:35.630  render           | Saved: '/tmp/clearvla_eval_opaque_66846.png'
28:36.002  render           | Saved: '/tmp/clearvla_eval_opaque_66846.png'
28:36.334  render           | Saved: '/tmp/clearvla_eval_opaque_66846.png'
28:36.703  render           | Saved: '/tmp/clearvla_eval_opaque_66846.png'
28:37.035  render           | Saved: '/tmp/clearvla_eval_opaque_66846.png'
28:37.405  render           | Saved: '/tmp/clearvla_eval_opaque_66846.png'
28:37.736  render           | Saved: '/tmp/clearvla_eval_opaque_66846.png'
28:38.108  render           | Saved: '/tmp/clearvla_eval_opaque_66846.png'
28:38.436  render           | Saved: '/tmp/clearvla_eval_opaque_66846.png'
28:38.803  render           | Saved: '/tmp/clearvla_eval_opaque_66846.png'
28:39.134  render           | Saved: '/tmp/clearvla_eval_opaque_66846.png'
28:39.503  render           | Saved: '/tmp/clearvla_eval_opaque_66846.png'
28:39.821  render           | Saved: '/tmp/clearvla_eval_opaque_66846.png'
28:40.200  render           | Saved: '/tmp/clearvla_eval_opaque_66846.png'
28:40.531  render           | Saved: '/tmp/clearvla_eval_opaque_66846.png'
28:40.903  render           | Saved: '/tmp/clearvla_eval_opaque_66846.png'
28:41.234  render           | Saved: '/tmp/clearvla_eval_opaque_66846.png'
28:41.605  render           | Saved: '/tmp/clearvla_eval_opaque_66846.png'
28:41.931  render           | Saved: '/tmp/clearvla_eval_opaque_66846.png'
28:42.310  render           | Saved: '/tmp/clearvla_eval_opaque_66846.png'
28:42.639  render           | Saved: '/tmp/clearvla_eval_opaque_66846.png'
28:43.017  render           | Saved: '/tmp/clearvla_eval_opaque_66846.png'
28:43.348  render           | Saved: '/tmp/clearvla_eval_opaque_66846.png'
28:43.722  render           | Saved: '/tmp/clearvla_eval_opaque_66846.png'
28:44.050  render           | Saved: '/tmp/clearvla_eval_opaque_66846.png'
28:44.419  render           | Saved: '/tmp/clearvla_eval_opaque_66846.png'
28:44.744  render           | Saved: '/tmp/clearvla_eval_opaque_66846.png'
28:45.119  render           | Saved: '/tmp/clearvla_eval_opaque_66846.png'
28:45.456  render           | Saved: '/tmp/clearvla_eval_opaque_66846.png'
28:45.834  render           | Saved: '/tmp/clearvla_eval_opaque_66846.png'
28:46.162  render           | Saved: '/tmp/clearvla_eval_opaque_66846.png'
28:46.535  render           | Saved: '/tmp/clearvla_eval_opaque_66846.png'
28:46.863  render           | Saved: '/tmp/clearvla_eval_opaque_66846.png'
28:47.236  render           | Saved: '/tmp/clearvla_eval_opaque_66846.png'
28:47.563  render           | Saved: '/tmp/clearvla_eval_opaque_66846.png'
28:47.937  render           | Saved: '/tmp/clearvla_eval_opaque_66846.png'
28:48.268  render           | Saved: '/tmp/clearvla_eval_opaque_66846.png'
28:48.647  render           | Saved: '/tmp/clearvla_eval_opaque_66846.png'
28:48.973  render           | Saved: '/tmp/clearvla_eval_opaque_66846.png'
28:49.343  render           | Saved: '/tmp/clearvla_eval_opaque_66846.png'
28:49.681  render           | Saved: '/tmp/clearvla_eval_opaque_66846.png'
28:50.051  render           | Saved: '/tmp/clearvla_eval_opaque_66846.png'
28:50.374  render           | Saved: '/tmp/clearvla_eval_opaque_66846.png'
28:50.745  render           | Saved: '/tmp/clearvla_eval_opaque_66846.png'
28:51.079  render           | Saved: '/tmp/clearvla_eval_opaque_66846.png'
28:51.448  render           | Saved: '/tmp/clearvla_eval_opaque_66846.png'
28:51.775  render           | Saved: '/tmp/clearvla_eval_opaque_66846.png'
28:52.146  render           | Saved: '/tmp/clearvla_eval_opaque_66846.png'
28:52.476  render           | Saved: '/tmp/clearvla_eval_opaque_66846.png'
28:52.846  render           | Saved: '/tmp/clearvla_eval_opaque_66846.png'
28:53.175  render           | Saved: '/tmp/clearvla_eval_opaque_66846.png'
28:53.549  render           | Saved: '/tmp/clearvla_eval_opaque_66846.png'
28:53.881  render           | Saved: '/tmp/clearvla_eval_opaque_66846.png'
[full/opaque] grasp: 80/100  (28.8 min, 26.8 s/ep)
28:55.009  render           | Saved: '/tmp/clearvla_eval_opaque_66846.png'
28:55.333  render           | Saved: '/tmp/clearvla_eval_opaque_66846.png'
28:55.710  render           | Saved: '/tmp/clearvla_eval_opaque_66846.png'
28:56.039  render           | Saved: '/tmp/clearvla_eval_opaque_66846.png'
28:56.417  render           | Saved: '/tmp/clearvla_eval_opaque_66846.png'
28:56.746  render           | Saved: '/tmp/clearvla_eval_opaque_66846.png'
28:57.123  render           | Saved: '/tmp/clearvla_eval_opaque_66846.png'
28:57.458  render           | Saved: '/tmp/clearvla_eval_opaque_66846.png'
28:57.838  render           | Saved: '/tmp/clearvla_eval_opaque_66846.png'
28:58.168  render           | Saved: '/tmp/clearvla_eval_opaque_66846.png'
28:58.554  render           | Saved: '/tmp/clearvla_eval_opaque_66846.png'
28:58.880  render           | Saved: '/tmp/clearvla_eval_opaque_66846.png'
28:59.287  render           | Saved: '/tmp/clearvla_eval_opaque_66846.png'
28:59.629  render           | Saved: '/tmp/clearvla_eval_opaque_66846.png'
29:00.049  render           | Saved: '/tmp/clearvla_eval_opaque_66846.png'
29:00.399  render           | Saved: '/tmp/clearvla_eval_opaque_66846.png'
29:00.787  render           | Saved: '/tmp/clearvla_eval_opaque_66846.png'
29:01.164  render           | Saved: '/tmp/clearvla_eval_opaque_66846.png'
29:01.551  render           | Saved: '/tmp/clearvla_eval_opaque_66846.png'
29:01.928  render           | Saved: '/tmp/clearvla_eval_opaque_66846.png'
29:02.312  render           | Saved: '/tmp/clearvla_eval_opaque_66846.png'
29:02.708  render           | Saved: '/tmp/clearvla_eval_opaque_66846.png'
29:03.087  render           | Saved: '/tmp/clearvla_eval_opaque_66846.png'
29:03.434  render           | Saved: '/tmp/clearvla_eval_opaque_66846.png'
29:03.833  render           | Saved: '/tmp/clearvla_eval_opaque_66846.png'
29:04.146  render           | Saved: '/tmp/clearvla_eval_opaque_66846.png'
29:04.578  render           | Saved: '/tmp/clearvla_eval_opaque_66846.png'
29:04.894  render           | Saved: '/tmp/clearvla_eval_opaque_66846.png'
29:05.305  render           | Saved: '/tmp/clearvla_eval_opaque_66846.png'
29:05.629  render           | Saved: '/tmp/clearvla_eval_opaque_66846.png'
29:06.039  render           | Saved: '/tmp/clearvla_eval_opaque_66846.png'
29:06.365  render           | Saved: '/tmp/clearvla_eval_opaque_66846.png'
29:06.796  render           | Saved: '/tmp/clearvla_eval_opaque_66846.png'
29:07.111  render           | Saved: '/tmp/clearvla_eval_opaque_66846.png'
29:07.524  render           | Saved: '/tmp/clearvla_eval_opaque_66846.png'
29:07.860  render           | Saved: '/tmp/clearvla_eval_opaque_66846.png'
29:08.303  render           | Saved: '/tmp/clearvla_eval_opaque_66846.png'
29:08.622  render           | Saved: '/tmp/clearvla_eval_opaque_66846.png'
29:09.057  render           | Saved: '/tmp/clearvla_eval_opaque_66846.png'
29:09.372  render           | Saved: '/tmp/clearvla_eval_opaque_66846.png'
29:09.798  render           | Saved: '/tmp/clearvla_eval_opaque_66846.png'
29:10.111  render           | Saved: '/tmp/clearvla_eval_opaque_66846.png'
29:10.528  render           | Saved: '/tmp/clearvla_eval_opaque_66846.png'
29:10.855  render           | Saved: '/tmp/clearvla_eval_opaque_66846.png'
29:11.259  render           | Saved: '/tmp/clearvla_eval_opaque_66846.png'
29:11.590  render           | Saved: '/tmp/clearvla_eval_opaque_66846.png'
29:11.971  render           | Saved: '/tmp/clearvla_eval_opaque_66846.png'
29:12.294  render           | Saved: '/tmp/clearvla_eval_opaque_66846.png'
29:12.693  render           | Saved: '/tmp/clearvla_eval_opaque_66846.png'
29:13.031  render           | Saved: '/tmp/clearvla_eval_opaque_66846.png'
29:13.413  render           | Saved: '/tmp/clearvla_eval_opaque_66846.png'
29:13.727  render           | Saved: '/tmp/clearvla_eval_opaque_66846.png'
29:14.121  render           | Saved: '/tmp/clearvla_eval_opaque_66846.png'
29:14.449  render           | Saved: '/tmp/clearvla_eval_opaque_66846.png'
29:14.848  render           | Saved: '/tmp/clearvla_eval_opaque_66846.png'
29:15.173  render           | Saved: '/tmp/clearvla_eval_opaque_66846.png'
29:15.574  render           | Saved: '/tmp/clearvla_eval_opaque_66846.png'
29:15.920  render           | Saved: '/tmp/clearvla_eval_opaque_66846.png'
29:16.307  render           | Saved: '/tmp/clearvla_eval_opaque_66846.png'
29:16.648  render           | Saved: '/tmp/clearvla_eval_opaque_66846.png'
29:17.051  render           | Saved: '/tmp/clearvla_eval_opaque_66846.png'
29:17.390  render           | Saved: '/tmp/clearvla_eval_opaque_66846.png'
29:17.781  render           | Saved: '/tmp/clearvla_eval_opaque_66846.png'
29:18.121  render           | Saved: '/tmp/clearvla_eval_opaque_66846.png'
29:18.525  render           | Saved: '/tmp/clearvla_eval_opaque_66846.png'
29:18.866  render           | Saved: '/tmp/clearvla_eval_opaque_66846.png'
29:19.256  render           | Saved: '/tmp/clearvla_eval_opaque_66846.png'
29:19.598  render           | Saved: '/tmp/clearvla_eval_opaque_66846.png'
29:19.998  render           | Saved: '/tmp/clearvla_eval_opaque_66846.png'
29:20.332  render           | Saved: '/tmp/clearvla_eval_opaque_66846.png'
29:20.728  render           | Saved: '/tmp/clearvla_eval_opaque_66846.png'
29:21.053  render           | Saved: '/tmp/clearvla_eval_opaque_66846.png'
29:21.452  render           | Saved: '/tmp/clearvla_eval_opaque_66846.png'
29:21.778  render           | Saved: '/tmp/clearvla_eval_opaque_66846.png'
29:22.181  render           | Saved: '/tmp/clearvla_eval_opaque_66846.png'
29:22.503  render           | Saved: '/tmp/clearvla_eval_opaque_66846.png'
29:23.720  render           | Saved: '/tmp/clearvla_eval_opaque_66846.png'
29:24.057  render           | Saved: '/tmp/clearvla_eval_opaque_66846.png'
29:24.468  render           | Saved: '/tmp/clearvla_eval_opaque_66846.png'
29:24.801  render           | Saved: '/tmp/clearvla_eval_opaque_66846.png'
29:25.210  render           | Saved: '/tmp/clearvla_eval_opaque_66846.png'
29:25.547  render           | Saved: '/tmp/clearvla_eval_opaque_66846.png'
29:25.947  render           | Saved: '/tmp/clearvla_eval_opaque_66846.png'
29:26.279  render           | Saved: '/tmp/clearvla_eval_opaque_66846.png'
29:26.679  render           | Saved: '/tmp/clearvla_eval_opaque_66846.png'
29:27.014  render           | Saved: '/tmp/clearvla_eval_opaque_66846.png'
29:27.419  render           | Saved: '/tmp/clearvla_eval_opaque_66846.png'
29:27.758  render           | Saved: '/tmp/clearvla_eval_opaque_66846.png'
29:28.162  render           | Saved: '/tmp/clearvla_eval_opaque_66846.png'
29:28.502  render           | Saved: '/tmp/clearvla_eval_opaque_66846.png'
29:28.947  render           | Saved: '/tmp/clearvla_eval_opaque_66846.png'
29:29.287  render           | Saved: '/tmp/clearvla_eval_opaque_66846.png'
29:29.690  render           | Saved: '/tmp/clearvla_eval_opaque_66846.png'
29:30.045  render           | Saved: '/tmp/clearvla_eval_opaque_66846.png'
29:30.442  render           | Saved: '/tmp/clearvla_eval_opaque_66846.png'
29:30.771  render           | Saved: '/tmp/clearvla_eval_opaque_66846.png'
29:31.184  render           | Saved: '/tmp/clearvla_eval_opaque_66846.png'
29:31.507  render           | Saved: '/tmp/clearvla_eval_opaque_66846.png'
29:31.903  render           | Saved: '/tmp/clearvla_eval_opaque_66846.png'
29:32.249  render           | Saved: '/tmp/clearvla_eval_opaque_66846.png'
29:32.640  render           | Saved: '/tmp/clearvla_eval_opaque_66846.png'
29:32.965  render           | Saved: '/tmp/clearvla_eval_opaque_66846.png'
29:33.371  render           | Saved: '/tmp/clearvla_eval_opaque_66846.png'
29:33.709  render           | Saved: '/tmp/clearvla_eval_opaque_66846.png'
29:34.142  render           | Saved: '/tmp/clearvla_eval_opaque_66846.png'
29:34.474  render           | Saved: '/tmp/clearvla_eval_opaque_66846.png'
29:34.871  render           | Saved: '/tmp/clearvla_eval_opaque_66846.png'
29:35.225  render           | Saved: '/tmp/clearvla_eval_opaque_66846.png'
29:35.642  render           | Saved: '/tmp/clearvla_eval_opaque_66846.png'
29:35.966  render           | Saved: '/tmp/clearvla_eval_opaque_66846.png'
29:36.381  render           | Saved: '/tmp/clearvla_eval_opaque_66846.png'
29:36.713  render           | Saved: '/tmp/clearvla_eval_opaque_66846.png'
29:37.141  render           | Saved: '/tmp/clearvla_eval_opaque_66846.png'
29:37.487  render           | Saved: '/tmp/clearvla_eval_opaque_66846.png'
29:37.896  render           | Saved: '/tmp/clearvla_eval_opaque_66846.png'
29:38.246  render           | Saved: '/tmp/clearvla_eval_opaque_66846.png'
29:38.648  render           | Saved: '/tmp/clearvla_eval_opaque_66846.png'
29:38.993  render           | Saved: '/tmp/clearvla_eval_opaque_66846.png'
29:39.398  render           | Saved: '/tmp/clearvla_eval_opaque_66846.png'
29:39.750  render           | Saved: '/tmp/clearvla_eval_opaque_66846.png'
29:40.170  render           | Saved: '/tmp/clearvla_eval_opaque_66846.png'
29:40.509  render           | Saved: '/tmp/clearvla_eval_opaque_66846.png'
29:40.920  render           | Saved: '/tmp/clearvla_eval_opaque_66846.png'
29:41.258  render           | Saved: '/tmp/clearvla_eval_opaque_66846.png'
29:41.657  render           | Saved: '/tmp/clearvla_eval_opaque_66846.png'
29:41.993  render           | Saved: '/tmp/clearvla_eval_opaque_66846.png'
29:42.391  render           | Saved: '/tmp/clearvla_eval_opaque_66846.png'
29:42.727  render           | Saved: '/tmp/clearvla_eval_opaque_66846.png'
29:43.122  render           | Saved: '/tmp/clearvla_eval_opaque_66846.png'
29:43.465  render           | Saved: '/tmp/clearvla_eval_opaque_66846.png'
29:43.859  render           | Saved: '/tmp/clearvla_eval_opaque_66846.png'
29:44.203  render           | Saved: '/tmp/clearvla_eval_opaque_66846.png'
29:44.596  render           | Saved: '/tmp/clearvla_eval_opaque_66846.png'
29:44.935  render           | Saved: '/tmp/clearvla_eval_opaque_66846.png'
29:45.323  render           | Saved: '/tmp/clearvla_eval_opaque_66846.png'
29:45.659  render           | Saved: '/tmp/clearvla_eval_opaque_66846.png'
29:46.044  render           | Saved: '/tmp/clearvla_eval_opaque_66846.png'
29:46.366  render           | Saved: '/tmp/clearvla_eval_opaque_66846.png'
29:46.756  render           | Saved: '/tmp/clearvla_eval_opaque_66846.png'
29:47.080  render           | Saved: '/tmp/clearvla_eval_opaque_66846.png'
29:47.473  render           | Saved: '/tmp/clearvla_eval_opaque_66846.png'
29:47.808  render           | Saved: '/tmp/clearvla_eval_opaque_66846.png'
29:48.193  render           | Saved: '/tmp/clearvla_eval_opaque_66846.png'
29:48.523  render           | Saved: '/tmp/clearvla_eval_opaque_66846.png'
29:48.917  render           | Saved: '/tmp/clearvla_eval_opaque_66846.png'
29:49.257  render           | Saved: '/tmp/clearvla_eval_opaque_66846.png'
29:49.651  render           | Saved: '/tmp/clearvla_eval_opaque_66846.png'
29:49.994  render           | Saved: '/tmp/clearvla_eval_opaque_66846.png'
29:50.376  render           | Saved: '/tmp/clearvla_eval_opaque_66846.png'
29:50.687  render           | Saved: '/tmp/clearvla_eval_opaque_66846.png'
29:51.081  render           | Saved: '/tmp/clearvla_eval_opaque_66846.png'
29:51.422  render           | Saved: '/tmp/clearvla_eval_opaque_66846.png'
29:52.884  render           | Saved: '/tmp/clearvla_eval_opaque_66846.png'
29:53.235  render           | Saved: '/tmp/clearvla_eval_opaque_66846.png'
29:53.765  render           | Saved: '/tmp/clearvla_eval_opaque_66846.png'
29:54.160  render           | Saved: '/tmp/clearvla_eval_opaque_66846.png'
29:54.562  render           | Saved: '/tmp/clearvla_eval_opaque_66846.png'
29:54.892  render           | Saved: '/tmp/clearvla_eval_opaque_66846.png'
29:55.277  render           | Saved: '/tmp/clearvla_eval_opaque_66846.png'
29:55.617  render           | Saved: '/tmp/clearvla_eval_opaque_66846.png'
29:56.059  render           | Saved: '/tmp/clearvla_eval_opaque_66846.png'
29:56.400  render           | Saved: '/tmp/clearvla_eval_opaque_66846.png'
29:56.802  render           | Saved: '/tmp/clearvla_eval_opaque_66846.png'
29:57.181  render           | Saved: '/tmp/clearvla_eval_opaque_66846.png'
29:57.584  render           | Saved: '/tmp/clearvla_eval_opaque_66846.png'
29:57.921  render           | Saved: '/tmp/clearvla_eval_opaque_66846.png'
29:58.345  render           | Saved: '/tmp/clearvla_eval_opaque_66846.png'
29:58.730  render           | Saved: '/tmp/clearvla_eval_opaque_66846.png'
29:59.157  render           | Saved: '/tmp/clearvla_eval_opaque_66846.png'
29:59.540  render           | Saved: '/tmp/clearvla_eval_opaque_66846.png'
29:59.948  render           | Saved: '/tmp/clearvla_eval_opaque_66846.png'
30:00.318  render           | Saved: '/tmp/clearvla_eval_opaque_66846.png'
30:00.735  render           | Saved: '/tmp/clearvla_eval_opaque_66846.png'
30:01.063  render           | Saved: '/tmp/clearvla_eval_opaque_66846.png'
30:01.495  render           | Saved: '/tmp/clearvla_eval_opaque_66846.png'
30:01.834  render           | Saved: '/tmp/clearvla_eval_opaque_66846.png'
30:02.255  render           | Saved: '/tmp/clearvla_eval_opaque_66846.png'
30:02.600  render           | Saved: '/tmp/clearvla_eval_opaque_66846.png'
30:02.999  render           | Saved: '/tmp/clearvla_eval_opaque_66846.png'
30:03.347  render           | Saved: '/tmp/clearvla_eval_opaque_66846.png'
30:03.736  render           | Saved: '/tmp/clearvla_eval_opaque_66846.png'
30:04.080  render           | Saved: '/tmp/clearvla_eval_opaque_66846.png'
30:04.502  render           | Saved: '/tmp/clearvla_eval_opaque_66846.png'
30:04.862  render           | Saved: '/tmp/clearvla_eval_opaque_66846.png'
30:05.271  render           | Saved: '/tmp/clearvla_eval_opaque_66846.png'
30:05.610  render           | Saved: '/tmp/clearvla_eval_opaque_66846.png'
30:06.013  render           | Saved: '/tmp/clearvla_eval_opaque_66846.png'
30:06.354  render           | Saved: '/tmp/clearvla_eval_opaque_66846.png'
30:06.795  render           | Saved: '/tmp/clearvla_eval_opaque_66846.png'
30:07.148  render           | Saved: '/tmp/clearvla_eval_opaque_66846.png'
30:07.570  render           | Saved: '/tmp/clearvla_eval_opaque_66846.png'
30:07.918  render           | Saved: '/tmp/clearvla_eval_opaque_66846.png'
30:08.323  render           | Saved: '/tmp/clearvla_eval_opaque_66846.png'
30:08.671  render           | Saved: '/tmp/clearvla_eval_opaque_66846.png'
30:09.082  render           | Saved: '/tmp/clearvla_eval_opaque_66846.png'
30:09.440  render           | Saved: '/tmp/clearvla_eval_opaque_66846.png'
30:09.845  render           | Saved: '/tmp/clearvla_eval_opaque_66846.png'
30:10.202  render           | Saved: '/tmp/clearvla_eval_opaque_66846.png'
30:10.590  render           | Saved: '/tmp/clearvla_eval_opaque_66846.png'
30:10.935  render           | Saved: '/tmp/clearvla_eval_opaque_66846.png'
30:11.342  render           | Saved: '/tmp/clearvla_eval_opaque_66846.png'
30:11.699  render           | Saved: '/tmp/clearvla_eval_opaque_66846.png'
30:12.093  render           | Saved: '/tmp/clearvla_eval_opaque_66846.png'
30:12.444  render           | Saved: '/tmp/clearvla_eval_opaque_66846.png'
30:12.847  render           | Saved: '/tmp/clearvla_eval_opaque_66846.png'
30:13.196  render           | Saved: '/tmp/clearvla_eval_opaque_66846.png'
30:13.587  render           | Saved: '/tmp/clearvla_eval_opaque_66846.png'
30:13.936  render           | Saved: '/tmp/clearvla_eval_opaque_66846.png'
30:14.344  render           | Saved: '/tmp/clearvla_eval_opaque_66846.png'
30:14.687  render           | Saved: '/tmp/clearvla_eval_opaque_66846.png'
30:15.097  render           | Saved: '/tmp/clearvla_eval_opaque_66846.png'
30:15.446  render           | Saved: '/tmp/clearvla_eval_opaque_66846.png'
30:15.849  render           | Saved: '/tmp/clearvla_eval_opaque_66846.png'
30:16.197  render           | Saved: '/tmp/clearvla_eval_opaque_66846.png'
30:16.594  render           | Saved: '/tmp/clearvla_eval_opaque_66846.png'
30:16.948  render           | Saved: '/tmp/clearvla_eval_opaque_66846.png'
30:17.338  render           | Saved: '/tmp/clearvla_eval_opaque_66846.png'
30:17.670  render           | Saved: '/tmp/clearvla_eval_opaque_66846.png'
30:18.088  render           | Saved: '/tmp/clearvla_eval_opaque_66846.png'
30:18.437  render           | Saved: '/tmp/clearvla_eval_opaque_66846.png'
30:18.863  render           | Saved: '/tmp/clearvla_eval_opaque_66846.png'
30:19.220  render           | Saved: '/tmp/clearvla_eval_opaque_66846.png'
30:19.613  render           | Saved: '/tmp/clearvla_eval_opaque_66846.png'
30:19.968  render           | Saved: '/tmp/clearvla_eval_opaque_66846.png'
30:20.379  render           | Saved: '/tmp/clearvla_eval_opaque_66846.png'
30:20.716  render           | Saved: '/tmp/clearvla_eval_opaque_66846.png'
30:21.112  render           | Saved: '/tmp/clearvla_eval_opaque_66846.png'
30:21.468  render           | Saved: '/tmp/clearvla_eval_opaque_66846.png'
30:22.810  render           | Saved: '/tmp/clearvla_eval_opaque_66846.png'
30:23.171  render           | Saved: '/tmp/clearvla_eval_opaque_66846.png'
30:23.601  render           | Saved: '/tmp/clearvla_eval_opaque_66846.png'
30:23.942  render           | Saved: '/tmp/clearvla_eval_opaque_66846.png'
30:24.382  render           | Saved: '/tmp/clearvla_eval_opaque_66846.png'
30:24.704  render           | Saved: '/tmp/clearvla_eval_opaque_66846.png'
30:25.121  render           | Saved: '/tmp/clearvla_eval_opaque_66846.png'
30:25.469  render           | Saved: '/tmp/clearvla_eval_opaque_66846.png'
30:25.886  render           | Saved: '/tmp/clearvla_eval_opaque_66846.png'
30:26.239  render           | Saved: '/tmp/clearvla_eval_opaque_66846.png'
30:26.641  render           | Saved: '/tmp/clearvla_eval_opaque_66846.png'
30:26.995  render           | Saved: '/tmp/clearvla_eval_opaque_66846.png'
30:27.412  render           | Saved: '/tmp/clearvla_eval_opaque_66846.png'
30:27.754  render           | Saved: '/tmp/clearvla_eval_opaque_66846.png'
30:28.176  render           | Saved: '/tmp/clearvla_eval_opaque_66846.png'
30:28.525  render           | Saved: '/tmp/clearvla_eval_opaque_66846.png'
30:28.912  render           | Saved: '/tmp/clearvla_eval_opaque_66846.png'
30:29.231  render           | Saved: '/tmp/clearvla_eval_opaque_66846.png'
30:29.609  render           | Saved: '/tmp/clearvla_eval_opaque_66846.png'
30:29.951  render           | Saved: '/tmp/clearvla_eval_opaque_66846.png'
30:30.379  render           | Saved: '/tmp/clearvla_eval_opaque_66846.png'
30:30.764  render           | Saved: '/tmp/clearvla_eval_opaque_66846.png'
30:31.205  render           | Saved: '/tmp/clearvla_eval_opaque_66846.png'
30:31.589  render           | Saved: '/tmp/clearvla_eval_opaque_66846.png'
30:32.029  render           | Saved: '/tmp/clearvla_eval_opaque_66846.png'
30:32.409  render           | Saved: '/tmp/clearvla_eval_opaque_66846.png'
30:32.892  render           | Saved: '/tmp/clearvla_eval_opaque_66846.png'
30:33.267  render           | Saved: '/tmp/clearvla_eval_opaque_66846.png'
30:33.721  render           | Saved: '/tmp/clearvla_eval_opaque_66846.png'
30:34.092  render           | Saved: '/tmp/clearvla_eval_opaque_66846.png'
30:34.532  render           | Saved: '/tmp/clearvla_eval_opaque_66846.png'
30:34.890  render           | Saved: '/tmp/clearvla_eval_opaque_66846.png'
30:35.323  render           | Saved: '/tmp/clearvla_eval_opaque_66846.png'
30:35.685  render           | Saved: '/tmp/clearvla_eval_opaque_66846.png'
30:36.105  render           | Saved: '/tmp/clearvla_eval_opaque_66846.png'
30:36.468  render           | Saved: '/tmp/clearvla_eval_opaque_66846.png'
30:36.928  render           | Saved: '/tmp/clearvla_eval_opaque_66846.png'
30:37.311  render           | Saved: '/tmp/clearvla_eval_opaque_66846.png'
30:37.754  render           | Saved: '/tmp/clearvla_eval_opaque_66846.png'
30:38.120  render           | Saved: '/tmp/clearvla_eval_opaque_66846.png'
30:38.558  render           | Saved: '/tmp/clearvla_eval_opaque_66846.png'
30:38.936  render           | Saved: '/tmp/clearvla_eval_opaque_66846.png'
30:39.371  render           | Saved: '/tmp/clearvla_eval_opaque_66846.png'
30:39.749  render           | Saved: '/tmp/clearvla_eval_opaque_66846.png'
30:40.198  render           | Saved: '/tmp/clearvla_eval_opaque_66846.png'
30:40.557  render           | Saved: '/tmp/clearvla_eval_opaque_66846.png'
30:40.986  render           | Saved: '/tmp/clearvla_eval_opaque_66846.png'
30:41.355  render           | Saved: '/tmp/clearvla_eval_opaque_66846.png'
30:41.785  render           | Saved: '/tmp/clearvla_eval_opaque_66846.png'
30:42.153  render           | Saved: '/tmp/clearvla_eval_opaque_66846.png'
30:42.580  render           | Saved: '/tmp/clearvla_eval_opaque_66846.png'
30:42.913  render           | Saved: '/tmp/clearvla_eval_opaque_66846.png'
30:43.313  render           | Saved: '/tmp/clearvla_eval_opaque_66846.png'
30:43.661  render           | Saved: '/tmp/clearvla_eval_opaque_66846.png'
30:44.057  render           | Saved: '/tmp/clearvla_eval_opaque_66846.png'
30:44.410  render           | Saved: '/tmp/clearvla_eval_opaque_66846.png'
30:44.809  render           | Saved: '/tmp/clearvla_eval_opaque_66846.png'
30:45.153  render           | Saved: '/tmp/clearvla_eval_opaque_66846.png'
30:45.553  render           | Saved: '/tmp/clearvla_eval_opaque_66846.png'
30:45.893  render           | Saved: '/tmp/clearvla_eval_opaque_66846.png'
30:46.286  render           | Saved: '/tmp/clearvla_eval_opaque_66846.png'
30:46.621  render           | Saved: '/tmp/clearvla_eval_opaque_66846.png'
30:47.007  render           | Saved: '/tmp/clearvla_eval_opaque_66846.png'
30:47.370  render           | Saved: '/tmp/clearvla_eval_opaque_66846.png'
30:47.803  render           | Saved: '/tmp/clearvla_eval_opaque_66846.png'
30:48.177  render           | Saved: '/tmp/clearvla_eval_opaque_66846.png'
30:48.604  render           | Saved: '/tmp/clearvla_eval_opaque_66846.png'
30:48.982  render           | Saved: '/tmp/clearvla_eval_opaque_66846.png'
30:49.449  render           | Saved: '/tmp/clearvla_eval_opaque_66846.png'
30:49.829  render           | Saved: '/tmp/clearvla_eval_opaque_66846.png'
30:50.293  render           | Saved: '/tmp/clearvla_eval_opaque_66846.png'
30:50.656  render           | Saved: '/tmp/clearvla_eval_opaque_66846.png'
30:51.106  render           | Saved: '/tmp/clearvla_eval_opaque_66846.png'
30:51.483  render           | Saved: '/tmp/clearvla_eval_opaque_66846.png'
30:51.917  render           | Saved: '/tmp/clearvla_eval_opaque_66846.png'
30:52.282  render           | Saved: '/tmp/clearvla_eval_opaque_66846.png'
30:53.504  render           | Saved: '/tmp/clearvla_eval_opaque_66846.png'
30:53.853  render           | Saved: '/tmp/clearvla_eval_opaque_66846.png'
30:54.307  render           | Saved: '/tmp/clearvla_eval_opaque_66846.png'
30:54.660  render           | Saved: '/tmp/clearvla_eval_opaque_66846.png'
30:55.097  render           | Saved: '/tmp/clearvla_eval_opaque_66846.png'
30:55.458  render           | Saved: '/tmp/clearvla_eval_opaque_66846.png'
30:55.895  render           | Saved: '/tmp/clearvla_eval_opaque_66846.png'
30:56.251  render           | Saved: '/tmp/clearvla_eval_opaque_66846.png'
30:56.695  render           | Saved: '/tmp/clearvla_eval_opaque_66846.png'
30:57.069  render           | Saved: '/tmp/clearvla_eval_opaque_66846.png'
30:57.510  render           | Saved: '/tmp/clearvla_eval_opaque_66846.png'
30:57.881  render           | Saved: '/tmp/clearvla_eval_opaque_66846.png'
30:58.345  render           | Saved: '/tmp/clearvla_eval_opaque_66846.png'
30:58.715  render           | Saved: '/tmp/clearvla_eval_opaque_66846.png'
30:59.138  render           | Saved: '/tmp/clearvla_eval_opaque_66846.png'
30:59.479  render           | Saved: '/tmp/clearvla_eval_opaque_66846.png'
30:59.889  render           | Saved: '/tmp/clearvla_eval_opaque_66846.png'
31:00.224  render           | Saved: '/tmp/clearvla_eval_opaque_66846.png'
31:00.613  render           | Saved: '/tmp/clearvla_eval_opaque_66846.png'
31:00.951  render           | Saved: '/tmp/clearvla_eval_opaque_66846.png'
31:01.339  render           | Saved: '/tmp/clearvla_eval_opaque_66846.png'
31:01.679  render           | Saved: '/tmp/clearvla_eval_opaque_66846.png'
31:02.062  render           | Saved: '/tmp/clearvla_eval_opaque_66846.png'
31:02.385  render           | Saved: '/tmp/clearvla_eval_opaque_66846.png'
31:02.771  render           | Saved: '/tmp/clearvla_eval_opaque_66846.png'
31:03.094  render           | Saved: '/tmp/clearvla_eval_opaque_66846.png'
31:03.475  render           | Saved: '/tmp/clearvla_eval_opaque_66846.png'
31:03.819  render           | Saved: '/tmp/clearvla_eval_opaque_66846.png'
31:04.210  render           | Saved: '/tmp/clearvla_eval_opaque_66846.png'
31:04.554  render           | Saved: '/tmp/clearvla_eval_opaque_66846.png'
31:04.938  render           | Saved: '/tmp/clearvla_eval_opaque_66846.png'
31:05.276  render           | Saved: '/tmp/clearvla_eval_opaque_66846.png'
31:05.668  render           | Saved: '/tmp/clearvla_eval_opaque_66846.png'
31:06.011  render           | Saved: '/tmp/clearvla_eval_opaque_66846.png'
31:06.400  render           | Saved: '/tmp/clearvla_eval_opaque_66846.png'
31:06.752  render           | Saved: '/tmp/clearvla_eval_opaque_66846.png'
31:07.196  render           | Saved: '/tmp/clearvla_eval_opaque_66846.png'
31:07.572  render           | Saved: '/tmp/clearvla_eval_opaque_66846.png'
31:08.032  render           | Saved: '/tmp/clearvla_eval_opaque_66846.png'
31:08.391  render           | Saved: '/tmp/clearvla_eval_opaque_66846.png'
31:08.859  render           | Saved: '/tmp/clearvla_eval_opaque_66846.png'
31:09.231  render           | Saved: '/tmp/clearvla_eval_opaque_66846.png'
31:09.698  render           | Saved: '/tmp/clearvla_eval_opaque_66846.png'
31:10.062  render           | Saved: '/tmp/clearvla_eval_opaque_66846.png'
31:10.516  render           | Saved: '/tmp/clearvla_eval_opaque_66846.png'
31:10.887  render           | Saved: '/tmp/clearvla_eval_opaque_66846.png'
31:11.340  render           | Saved: '/tmp/clearvla_eval_opaque_66846.png'
31:11.689  render           | Saved: '/tmp/clearvla_eval_opaque_66846.png'
31:12.097  render           | Saved: '/tmp/clearvla_eval_opaque_66846.png'
31:12.440  render           | Saved: '/tmp/clearvla_eval_opaque_66846.png'
31:12.869  render           | Saved: '/tmp/clearvla_eval_opaque_66846.png'
31:13.245  render           | Saved: '/tmp/clearvla_eval_opaque_66846.png'
31:13.685  render           | Saved: '/tmp/clearvla_eval_opaque_66846.png'
31:14.032  render           | Saved: '/tmp/clearvla_eval_opaque_66846.png'
31:14.482  render           | Saved: '/tmp/clearvla_eval_opaque_66846.png'
31:14.844  render           | Saved: '/tmp/clearvla_eval_opaque_66846.png'
31:15.293  render           | Saved: '/tmp/clearvla_eval_opaque_66846.png'
31:15.681  render           | Saved: '/tmp/clearvla_eval_opaque_66846.png'
31:16.138  render           | Saved: '/tmp/clearvla_eval_opaque_66846.png'
31:16.499  render           | Saved: '/tmp/clearvla_eval_opaque_66846.png'
31:16.942  render           | Saved: '/tmp/clearvla_eval_opaque_66846.png'
31:17.319  render           | Saved: '/tmp/clearvla_eval_opaque_66846.png'
31:17.713  render           | Saved: '/tmp/clearvla_eval_opaque_66846.png'
31:18.062  render           | Saved: '/tmp/clearvla_eval_opaque_66846.png'
31:18.467  render           | Saved: '/tmp/clearvla_eval_opaque_66846.png'
31:18.804  render           | Saved: '/tmp/clearvla_eval_opaque_66846.png'
31:19.194  render           | Saved: '/tmp/clearvla_eval_opaque_66846.png'
31:19.533  render           | Saved: '/tmp/clearvla_eval_opaque_66846.png'
31:19.912  render           | Saved: '/tmp/clearvla_eval_opaque_66846.png'
31:20.256  render           | Saved: '/tmp/clearvla_eval_opaque_66846.png'
31:20.636  render           | Saved: '/tmp/clearvla_eval_opaque_66846.png'
31:20.983  render           | Saved: '/tmp/clearvla_eval_opaque_66846.png'
31:21.360  render           | Saved: '/tmp/clearvla_eval_opaque_66846.png'
31:21.679  render           | Saved: '/tmp/clearvla_eval_opaque_66846.png'
31:22.061  render           | Saved: '/tmp/clearvla_eval_opaque_66846.png'
31:22.409  render           | Saved: '/tmp/clearvla_eval_opaque_66846.png'
31:23.671  render           | Saved: '/tmp/clearvla_eval_opaque_66846.png'
31:24.030  render           | Saved: '/tmp/clearvla_eval_opaque_66846.png'
31:24.511  render           | Saved: '/tmp/clearvla_eval_opaque_66846.png'
31:24.891  render           | Saved: '/tmp/clearvla_eval_opaque_66846.png'
31:25.348  render           | Saved: '/tmp/clearvla_eval_opaque_66846.png'
31:25.722  render           | Saved: '/tmp/clearvla_eval_opaque_66846.png'
31:26.174  render           | Saved: '/tmp/clearvla_eval_opaque_66846.png'
31:26.526  render           | Saved: '/tmp/clearvla_eval_opaque_66846.png'
31:26.974  render           | Saved: '/tmp/clearvla_eval_opaque_66846.png'
31:27.338  render           | Saved: '/tmp/clearvla_eval_opaque_66846.png'
31:27.776  render           | Saved: '/tmp/clearvla_eval_opaque_66846.png'
31:28.157  render           | Saved: '/tmp/clearvla_eval_opaque_66846.png'
31:28.638  render           | Saved: '/tmp/clearvla_eval_opaque_66846.png'
31:29.002  render           | Saved: '/tmp/clearvla_eval_opaque_66846.png'
31:29.438  render           | Saved: '/tmp/clearvla_eval_opaque_66846.png'
31:29.813  render           | Saved: '/tmp/clearvla_eval_opaque_66846.png'
31:30.277  render           | Saved: '/tmp/clearvla_eval_opaque_66846.png'
31:30.649  render           | Saved: '/tmp/clearvla_eval_opaque_66846.png'
31:31.112  render           | Saved: '/tmp/clearvla_eval_opaque_66846.png'
31:31.493  render           | Saved: '/tmp/clearvla_eval_opaque_66846.png'
31:31.955  render           | Saved: '/tmp/clearvla_eval_opaque_66846.png'
31:32.321  render           | Saved: '/tmp/clearvla_eval_opaque_66846.png'
31:32.799  render           | Saved: '/tmp/clearvla_eval_opaque_66846.png'
31:33.160  render           | Saved: '/tmp/clearvla_eval_opaque_66846.png'
31:33.602  render           | Saved: '/tmp/clearvla_eval_opaque_66846.png'
31:33.958  render           | Saved: '/tmp/clearvla_eval_opaque_66846.png'
31:34.388  render           | Saved: '/tmp/clearvla_eval_opaque_66846.png'
31:34.758  render           | Saved: '/tmp/clearvla_eval_opaque_66846.png'
31:35.202  render           | Saved: '/tmp/clearvla_eval_opaque_66846.png'
31:35.553  render           | Saved: '/tmp/clearvla_eval_opaque_66846.png'
31:35.984  render           | Saved: '/tmp/clearvla_eval_opaque_66846.png'
31:36.355  render           | Saved: '/tmp/clearvla_eval_opaque_66846.png'
31:36.802  render           | Saved: '/tmp/clearvla_eval_opaque_66846.png'
31:37.160  render           | Saved: '/tmp/clearvla_eval_opaque_66846.png'
31:37.602  render           | Saved: '/tmp/clearvla_eval_opaque_66846.png'
31:37.965  render           | Saved: '/tmp/clearvla_eval_opaque_66846.png'
31:38.409  render           | Saved: '/tmp/clearvla_eval_opaque_66846.png'
31:38.781  render           | Saved: '/tmp/clearvla_eval_opaque_66846.png'
31:39.234  render           | Saved: '/tmp/clearvla_eval_opaque_66846.png'
31:39.590  render           | Saved: '/tmp/clearvla_eval_opaque_66846.png'
31:40.027  render           | Saved: '/tmp/clearvla_eval_opaque_66846.png'
31:40.394  render           | Saved: '/tmp/clearvla_eval_opaque_66846.png'
31:40.856  render           | Saved: '/tmp/clearvla_eval_opaque_66846.png'
31:41.208  render           | Saved: '/tmp/clearvla_eval_opaque_66846.png'
31:41.643  render           | Saved: '/tmp/clearvla_eval_opaque_66846.png'
31:42.016  render           | Saved: '/tmp/clearvla_eval_opaque_66846.png'
31:42.489  render           | Saved: '/tmp/clearvla_eval_opaque_66846.png'
31:42.870  render           | Saved: '/tmp/clearvla_eval_opaque_66846.png'
31:43.307  render           | Saved: '/tmp/clearvla_eval_opaque_66846.png'
31:43.675  render           | Saved: '/tmp/clearvla_eval_opaque_66846.png'
31:44.138  render           | Saved: '/tmp/clearvla_eval_opaque_66846.png'
31:44.504  render           | Saved: '/tmp/clearvla_eval_opaque_66846.png'
31:44.955  render           | Saved: '/tmp/clearvla_eval_opaque_66846.png'
31:45.313  render           | Saved: '/tmp/clearvla_eval_opaque_66846.png'
31:45.729  render           | Saved: '/tmp/clearvla_eval_opaque_66846.png'
31:46.085  render           | Saved: '/tmp/clearvla_eval_opaque_66846.png'
31:46.525  render           | Saved: '/tmp/clearvla_eval_opaque_66846.png'
31:46.914  render           | Saved: '/tmp/clearvla_eval_opaque_66846.png'
31:47.366  render           | Saved: '/tmp/clearvla_eval_opaque_66846.png'
31:47.722  render           | Saved: '/tmp/clearvla_eval_opaque_66846.png'
31:48.146  render           | Saved: '/tmp/clearvla_eval_opaque_66846.png'
31:48.518  render           | Saved: '/tmp/clearvla_eval_opaque_66846.png'
31:48.946  render           | Saved: '/tmp/clearvla_eval_opaque_66846.png'
31:49.282  render           | Saved: '/tmp/clearvla_eval_opaque_66846.png'
31:49.687  render           | Saved: '/tmp/clearvla_eval_opaque_66846.png'
31:50.034  render           | Saved: '/tmp/clearvla_eval_opaque_66846.png'
31:50.427  render           | Saved: '/tmp/clearvla_eval_opaque_66846.png'
31:50.774  render           | Saved: '/tmp/clearvla_eval_opaque_66846.png'
31:51.208  render           | Saved: '/tmp/clearvla_eval_opaque_66846.png'
31:51.579  render           | Saved: '/tmp/clearvla_eval_opaque_66846.png'
31:52.045  render           | Saved: '/tmp/clearvla_eval_opaque_66846.png'
31:52.432  render           | Saved: '/tmp/clearvla_eval_opaque_66846.png'
31:52.885  render           | Saved: '/tmp/clearvla_eval_opaque_66846.png'
31:53.252  render           | Saved: '/tmp/clearvla_eval_opaque_66846.png'
31:53.717  render           | Saved: '/tmp/clearvla_eval_opaque_66846.png'
31:54.090  render           | Saved: '/tmp/clearvla_eval_opaque_66846.png'
31:55.310  render           | Saved: '/tmp/clearvla_eval_opaque_66846.png'
31:55.671  render           | Saved: '/tmp/clearvla_eval_opaque_66846.png'
31:56.137  render           | Saved: '/tmp/clearvla_eval_opaque_66846.png'
31:56.492  render           | Saved: '/tmp/clearvla_eval_opaque_66846.png'
31:56.944  render           | Saved: '/tmp/clearvla_eval_opaque_66846.png'
31:57.305  render           | Saved: '/tmp/clearvla_eval_opaque_66846.png'
31:57.742  render           | Saved: '/tmp/clearvla_eval_opaque_66846.png'
31:58.099  render           | Saved: '/tmp/clearvla_eval_opaque_66846.png'
31:58.529  render           | Saved: '/tmp/clearvla_eval_opaque_66846.png'
31:58.898  render           | Saved: '/tmp/clearvla_eval_opaque_66846.png'
31:59.352  render           | Saved: '/tmp/clearvla_eval_opaque_66846.png'
31:59.721  render           | Saved: '/tmp/clearvla_eval_opaque_66846.png'
32:00.172  render           | Saved: '/tmp/clearvla_eval_opaque_66846.png'
32:00.531  render           | Saved: '/tmp/clearvla_eval_opaque_66846.png'
32:00.974  render           | Saved: '/tmp/clearvla_eval_opaque_66846.png'
32:01.346  render           | Saved: '/tmp/clearvla_eval_opaque_66846.png'
32:01.804  render           | Saved: '/tmp/clearvla_eval_opaque_66846.png'
32:02.185  render           | Saved: '/tmp/clearvla_eval_opaque_66846.png'
32:02.620  render           | Saved: '/tmp/clearvla_eval_opaque_66846.png'
32:02.984  render           | Saved: '/tmp/clearvla_eval_opaque_66846.png'
32:03.419  render           | Saved: '/tmp/clearvla_eval_opaque_66846.png'
32:03.750  render           | Saved: '/tmp/clearvla_eval_opaque_66846.png'
32:04.187  render           | Saved: '/tmp/clearvla_eval_opaque_66846.png'
32:04.554  render           | Saved: '/tmp/clearvla_eval_opaque_66846.png'
32:04.993  render           | Saved: '/tmp/clearvla_eval_opaque_66846.png'
32:05.353  render           | Saved: '/tmp/clearvla_eval_opaque_66846.png'
32:05.809  render           | Saved: '/tmp/clearvla_eval_opaque_66846.png'
32:06.177  render           | Saved: '/tmp/clearvla_eval_opaque_66846.png'
32:06.636  render           | Saved: '/tmp/clearvla_eval_opaque_66846.png'
32:06.983  render           | Saved: '/tmp/clearvla_eval_opaque_66846.png'
32:07.411  render           | Saved: '/tmp/clearvla_eval_opaque_66846.png'
32:07.788  render           | Saved: '/tmp/clearvla_eval_opaque_66846.png'
32:08.250  render           | Saved: '/tmp/clearvla_eval_opaque_66846.png'
32:08.605  render           | Saved: '/tmp/clearvla_eval_opaque_66846.png'
32:09.030  render           | Saved: '/tmp/clearvla_eval_opaque_66846.png'
32:09.390  render           | Saved: '/tmp/clearvla_eval_opaque_66846.png'
32:09.823  render           | Saved: '/tmp/clearvla_eval_opaque_66846.png'
32:10.175  render           | Saved: '/tmp/clearvla_eval_opaque_66846.png'
32:10.579  render           | Saved: '/tmp/clearvla_eval_opaque_66846.png'
32:10.949  render           | Saved: '/tmp/clearvla_eval_opaque_66846.png'
32:11.424  render           | Saved: '/tmp/clearvla_eval_opaque_66846.png'
32:11.791  render           | Saved: '/tmp/clearvla_eval_opaque_66846.png'
32:12.228  render           | Saved: '/tmp/clearvla_eval_opaque_66846.png'
32:12.589  render           | Saved: '/tmp/clearvla_eval_opaque_66846.png'
32:13.047  render           | Saved: '/tmp/clearvla_eval_opaque_66846.png'
32:13.431  render           | Saved: '/tmp/clearvla_eval_opaque_66846.png'
32:13.880  render           | Saved: '/tmp/clearvla_eval_opaque_66846.png'
32:14.241  render           | Saved: '/tmp/clearvla_eval_opaque_66846.png'
32:14.700  render           | Saved: '/tmp/clearvla_eval_opaque_66846.png'
32:15.057  render           | Saved: '/tmp/clearvla_eval_opaque_66846.png'
32:15.497  render           | Saved: '/tmp/clearvla_eval_opaque_66846.png'
32:15.856  render           | Saved: '/tmp/clearvla_eval_opaque_66846.png'
32:16.293  render           | Saved: '/tmp/clearvla_eval_opaque_66846.png'
32:16.668  render           | Saved: '/tmp/clearvla_eval_opaque_66846.png'
32:17.108  render           | Saved: '/tmp/clearvla_eval_opaque_66846.png'
32:17.475  render           | Saved: '/tmp/clearvla_eval_opaque_66846.png'
32:17.922  render           | Saved: '/tmp/clearvla_eval_opaque_66846.png'
32:18.283  render           | Saved: '/tmp/clearvla_eval_opaque_66846.png'
32:18.721  render           | Saved: '/tmp/clearvla_eval_opaque_66846.png'
32:19.078  render           | Saved: '/tmp/clearvla_eval_opaque_66846.png'
32:19.512  render           | Saved: '/tmp/clearvla_eval_opaque_66846.png'
32:19.881  render           | Saved: '/tmp/clearvla_eval_opaque_66846.png'
32:20.289  render           | Saved: '/tmp/clearvla_eval_opaque_66846.png'
32:20.622  render           | Saved: '/tmp/clearvla_eval_opaque_66846.png'
32:21.015  render           | Saved: '/tmp/clearvla_eval_opaque_66846.png'
32:21.346  render           | Saved: '/tmp/clearvla_eval_opaque_66846.png'
32:21.719  render           | Saved: '/tmp/clearvla_eval_opaque_66846.png'
32:22.048  render           | Saved: '/tmp/clearvla_eval_opaque_66846.png'
32:22.425  render           | Saved: '/tmp/clearvla_eval_opaque_66846.png'
32:22.760  render           | Saved: '/tmp/clearvla_eval_opaque_66846.png'
32:23.128  render           | Saved: '/tmp/clearvla_eval_opaque_66846.png'
32:23.461  render           | Saved: '/tmp/clearvla_eval_opaque_66846.png'
32:23.831  render           | Saved: '/tmp/clearvla_eval_opaque_66846.png'
32:24.158  render           | Saved: '/tmp/clearvla_eval_opaque_66846.png'
32:24.529  render           | Saved: '/tmp/clearvla_eval_opaque_66846.png'
32:24.845  render           | Saved: '/tmp/clearvla_eval_opaque_66846.png'
32:26.086  render           | Saved: '/tmp/clearvla_eval_opaque_66846.png'
32:26.465  render           | Saved: '/tmp/clearvla_eval_opaque_66846.png'
32:26.918  render           | Saved: '/tmp/clearvla_eval_opaque_66846.png'
32:27.279  render           | Saved: '/tmp/clearvla_eval_opaque_66846.png'
32:27.710  render           | Saved: '/tmp/clearvla_eval_opaque_66846.png'
32:28.086  render           | Saved: '/tmp/clearvla_eval_opaque_66846.png'
32:28.534  render           | Saved: '/tmp/clearvla_eval_opaque_66846.png'
32:28.893  render           | Saved: '/tmp/clearvla_eval_opaque_66846.png'
32:29.332  render           | Saved: '/tmp/clearvla_eval_opaque_66846.png'
32:29.721  render           | Saved: '/tmp/clearvla_eval_opaque_66846.png'
32:30.185  render           | Saved: '/tmp/clearvla_eval_opaque_66846.png'
32:30.553  render           | Saved: '/tmp/clearvla_eval_opaque_66846.png'
32:30.991  render           | Saved: '/tmp/clearvla_eval_opaque_66846.png'
32:31.363  render           | Saved: '/tmp/clearvla_eval_opaque_66846.png'
32:31.796  render           | Saved: '/tmp/clearvla_eval_opaque_66846.png'
32:32.136  render           | Saved: '/tmp/clearvla_eval_opaque_66846.png'
32:32.534  render           | Saved: '/tmp/clearvla_eval_opaque_66846.png'
32:32.875  render           | Saved: '/tmp/clearvla_eval_opaque_66846.png'
32:33.287  render           | Saved: '/tmp/clearvla_eval_opaque_66846.png'
32:33.640  render           | Saved: '/tmp/clearvla_eval_opaque_66846.png'
32:34.092  render           | Saved: '/tmp/clearvla_eval_opaque_66846.png'
32:34.452  render           | Saved: '/tmp/clearvla_eval_opaque_66846.png'
32:34.888  render           | Saved: '/tmp/clearvla_eval_opaque_66846.png'
32:35.246  render           | Saved: '/tmp/clearvla_eval_opaque_66846.png'
32:35.680  render           | Saved: '/tmp/clearvla_eval_opaque_66846.png'
32:36.056  render           | Saved: '/tmp/clearvla_eval_opaque_66846.png'
32:36.496  render           | Saved: '/tmp/clearvla_eval_opaque_66846.png'
32:36.853  render           | Saved: '/tmp/clearvla_eval_opaque_66846.png'
32:37.298  render           | Saved: '/tmp/clearvla_eval_opaque_66846.png'
32:37.660  render           | Saved: '/tmp/clearvla_eval_opaque_66846.png'
32:38.084  render           | Saved: '/tmp/clearvla_eval_opaque_66846.png'
32:38.435  render           | Saved: '/tmp/clearvla_eval_opaque_66846.png'
32:38.899  render           | Saved: '/tmp/clearvla_eval_opaque_66846.png'
32:39.266  render           | Saved: '/tmp/clearvla_eval_opaque_66846.png'
32:39.725  render           | Saved: '/tmp/clearvla_eval_opaque_66846.png'
32:40.100  render           | Saved: '/tmp/clearvla_eval_opaque_66846.png'
32:40.552  render           | Saved: '/tmp/clearvla_eval_opaque_66846.png'
32:40.915  render           | Saved: '/tmp/clearvla_eval_opaque_66846.png'
32:41.354  render           | Saved: '/tmp/clearvla_eval_opaque_66846.png'
32:41.709  render           | Saved: '/tmp/clearvla_eval_opaque_66846.png'
32:42.148  render           | Saved: '/tmp/clearvla_eval_opaque_66846.png'
32:42.507  render           | Saved: '/tmp/clearvla_eval_opaque_66846.png'
32:42.941  render           | Saved: '/tmp/clearvla_eval_opaque_66846.png'
32:43.292  render           | Saved: '/tmp/clearvla_eval_opaque_66846.png'
32:43.695  render           | Saved: '/tmp/clearvla_eval_opaque_66846.png'
32:44.037  render           | Saved: '/tmp/clearvla_eval_opaque_66846.png'
32:44.465  render           | Saved: '/tmp/clearvla_eval_opaque_66846.png'
32:44.833  render           | Saved: '/tmp/clearvla_eval_opaque_66846.png'
32:45.276  render           | Saved: '/tmp/clearvla_eval_opaque_66846.png'
32:45.654  render           | Saved: '/tmp/clearvla_eval_opaque_66846.png'
32:46.120  render           | Saved: '/tmp/clearvla_eval_opaque_66846.png'
32:46.489  render           | Saved: '/tmp/clearvla_eval_opaque_66846.png'
32:46.951  render           | Saved: '/tmp/clearvla_eval_opaque_66846.png'
32:47.324  render           | Saved: '/tmp/clearvla_eval_opaque_66846.png'
32:47.772  render           | Saved: '/tmp/clearvla_eval_opaque_66846.png'
32:48.137  render           | Saved: '/tmp/clearvla_eval_opaque_66846.png'
32:48.568  render           | Saved: '/tmp/clearvla_eval_opaque_66846.png'
32:48.933  render           | Saved: '/tmp/clearvla_eval_opaque_66846.png'
32:49.355  render           | Saved: '/tmp/clearvla_eval_opaque_66846.png'
32:49.692  render           | Saved: '/tmp/clearvla_eval_opaque_66846.png'
32:50.095  render           | Saved: '/tmp/clearvla_eval_opaque_66846.png'
32:50.465  render           | Saved: '/tmp/clearvla_eval_opaque_66846.png'
32:50.878  render           | Saved: '/tmp/clearvla_eval_opaque_66846.png'
32:51.213  render           | Saved: '/tmp/clearvla_eval_opaque_66846.png'
32:51.619  render           | Saved: '/tmp/clearvla_eval_opaque_66846.png'
32:51.946  render           | Saved: '/tmp/clearvla_eval_opaque_66846.png'
32:52.324  render           | Saved: '/tmp/clearvla_eval_opaque_66846.png'
32:52.648  render           | Saved: '/tmp/clearvla_eval_opaque_66846.png'
32:53.020  render           | Saved: '/tmp/clearvla_eval_opaque_66846.png'
32:53.352  render           | Saved: '/tmp/clearvla_eval_opaque_66846.png'
32:53.727  render           | Saved: '/tmp/clearvla_eval_opaque_66846.png'
32:54.065  render           | Saved: '/tmp/clearvla_eval_opaque_66846.png'
32:54.452  render           | Saved: '/tmp/clearvla_eval_opaque_66846.png'
32:54.795  render           | Saved: '/tmp/clearvla_eval_opaque_66846.png'
32:55.215  render           | Saved: '/tmp/clearvla_eval_opaque_66846.png'
32:55.557  render           | Saved: '/tmp/clearvla_eval_opaque_66846.png'
32:56.776  render           | Saved: '/tmp/clearvla_eval_opaque_66846.png'
32:57.120  render           | Saved: '/tmp/clearvla_eval_opaque_66846.png'
32:57.575  render           | Saved: '/tmp/clearvla_eval_opaque_66846.png'
32:57.950  render           | Saved: '/tmp/clearvla_eval_opaque_66846.png'
32:58.411  render           | Saved: '/tmp/clearvla_eval_opaque_66846.png'
32:58.783  render           | Saved: '/tmp/clearvla_eval_opaque_66846.png'
32:59.251  render           | Saved: '/tmp/clearvla_eval_opaque_66846.png'
32:59.625  render           | Saved: '/tmp/clearvla_eval_opaque_66846.png'
33:00.070  render           | Saved: '/tmp/clearvla_eval_opaque_66846.png'
33:00.450  render           | Saved: '/tmp/clearvla_eval_opaque_66846.png'
33:00.926  render           | Saved: '/tmp/clearvla_eval_opaque_66846.png'
33:01.306  render           | Saved: '/tmp/clearvla_eval_opaque_66846.png'
33:01.742  render           | Saved: '/tmp/clearvla_eval_opaque_66846.png'
33:02.113  render           | Saved: '/tmp/clearvla_eval_opaque_66846.png'
33:02.565  render           | Saved: '/tmp/clearvla_eval_opaque_66846.png'
33:02.928  render           | Saved: '/tmp/clearvla_eval_opaque_66846.png'
33:03.363  render           | Saved: '/tmp/clearvla_eval_opaque_66846.png'
33:03.733  render           | Saved: '/tmp/clearvla_eval_opaque_66846.png'
33:04.182  render           | Saved: '/tmp/clearvla_eval_opaque_66846.png'
33:04.563  render           | Saved: '/tmp/clearvla_eval_opaque_66846.png'
33:05.008  render           | Saved: '/tmp/clearvla_eval_opaque_66846.png'
33:05.362  render           | Saved: '/tmp/clearvla_eval_opaque_66846.png'
33:05.797  render           | Saved: '/tmp/clearvla_eval_opaque_66846.png'
33:06.136  render           | Saved: '/tmp/clearvla_eval_opaque_66846.png'
33:06.567  render           | Saved: '/tmp/clearvla_eval_opaque_66846.png'
33:06.933  render           | Saved: '/tmp/clearvla_eval_opaque_66846.png'
33:07.374  render           | Saved: '/tmp/clearvla_eval_opaque_66846.png'
33:07.754  render           | Saved: '/tmp/clearvla_eval_opaque_66846.png'
33:08.229  render           | Saved: '/tmp/clearvla_eval_opaque_66846.png'
33:08.613  render           | Saved: '/tmp/clearvla_eval_opaque_66846.png'
33:09.056  render           | Saved: '/tmp/clearvla_eval_opaque_66846.png'
33:09.428  render           | Saved: '/tmp/clearvla_eval_opaque_66846.png'
33:09.871  render           | Saved: '/tmp/clearvla_eval_opaque_66846.png'
33:10.246  render           | Saved: '/tmp/clearvla_eval_opaque_66846.png'
33:10.709  render           | Saved: '/tmp/clearvla_eval_opaque_66846.png'
33:11.075  render           | Saved: '/tmp/clearvla_eval_opaque_66846.png'
33:11.522  render           | Saved: '/tmp/clearvla_eval_opaque_66846.png'
33:11.897  render           | Saved: '/tmp/clearvla_eval_opaque_66846.png'
33:12.366  render           | Saved: '/tmp/clearvla_eval_opaque_66846.png'
33:12.734  render           | Saved: '/tmp/clearvla_eval_opaque_66846.png'
33:13.193  render           | Saved: '/tmp/clearvla_eval_opaque_66846.png'
33:13.556  render           | Saved: '/tmp/clearvla_eval_opaque_66846.png'
33:13.985  render           | Saved: '/tmp/clearvla_eval_opaque_66846.png'
33:14.362  render           | Saved: '/tmp/clearvla_eval_opaque_66846.png'
33:14.805  render           | Saved: '/tmp/clearvla_eval_opaque_66846.png'
33:15.158  render           | Saved: '/tmp/clearvla_eval_opaque_66846.png'
33:15.597  render           | Saved: '/tmp/clearvla_eval_opaque_66846.png'
33:15.984  render           | Saved: '/tmp/clearvla_eval_opaque_66846.png'
33:16.455  render           | Saved: '/tmp/clearvla_eval_opaque_66846.png'
33:16.828  render           | Saved: '/tmp/clearvla_eval_opaque_66846.png'
33:17.271  render           | Saved: '/tmp/clearvla_eval_opaque_66846.png'
33:17.639  render           | Saved: '/tmp/clearvla_eval_opaque_66846.png'
33:18.067  render           | Saved: '/tmp/clearvla_eval_opaque_66846.png'
33:18.422  render           | Saved: '/tmp/clearvla_eval_opaque_66846.png'
33:18.851  render           | Saved: '/tmp/clearvla_eval_opaque_66846.png'
33:19.208  render           | Saved: '/tmp/clearvla_eval_opaque_66846.png'
33:19.649  render           | Saved: '/tmp/clearvla_eval_opaque_66846.png'
33:20.018  render           | Saved: '/tmp/clearvla_eval_opaque_66846.png'
33:20.498  render           | Saved: '/tmp/clearvla_eval_opaque_66846.png'
33:20.893  render           | Saved: '/tmp/clearvla_eval_opaque_66846.png'
33:21.343  render           | Saved: '/tmp/clearvla_eval_opaque_66846.png'
33:21.715  render           | Saved: '/tmp/clearvla_eval_opaque_66846.png'
33:22.129  render           | Saved: '/tmp/clearvla_eval_opaque_66846.png'
33:22.457  render           | Saved: '/tmp/clearvla_eval_opaque_66846.png'
33:22.859  render           | Saved: '/tmp/clearvla_eval_opaque_66846.png'
33:23.203  render           | Saved: '/tmp/clearvla_eval_opaque_66846.png'
33:23.580  render           | Saved: '/tmp/clearvla_eval_opaque_66846.png'
33:23.923  render           | Saved: '/tmp/clearvla_eval_opaque_66846.png'
33:24.322  render           | Saved: '/tmp/clearvla_eval_opaque_66846.png'
33:24.648  render           | Saved: '/tmp/clearvla_eval_opaque_66846.png'
33:25.032  render           | Saved: '/tmp/clearvla_eval_opaque_66846.png'
33:25.378  render           | Saved: '/tmp/clearvla_eval_opaque_66846.png'
33:25.809  render           | Saved: '/tmp/clearvla_eval_opaque_66846.png'
33:26.188  render           | Saved: '/tmp/clearvla_eval_opaque_66846.png'
33:26.616  render           | Saved: '/tmp/clearvla_eval_opaque_66846.png'
33:27.006  render           | Saved: '/tmp/clearvla_eval_opaque_66846.png'
33:28.230  render           | Saved: '/tmp/clearvla_eval_opaque_66846.png'
33:28.578  render           | Saved: '/tmp/clearvla_eval_opaque_66846.png'
33:29.041  render           | Saved: '/tmp/clearvla_eval_opaque_66846.png'
33:29.365  render           | Saved: '/tmp/clearvla_eval_opaque_66846.png'
33:29.744  render           | Saved: '/tmp/clearvla_eval_opaque_66846.png'
33:30.067  render           | Saved: '/tmp/clearvla_eval_opaque_66846.png'
33:30.440  render           | Saved: '/tmp/clearvla_eval_opaque_66846.png'
33:30.780  render           | Saved: '/tmp/clearvla_eval_opaque_66846.png'
33:31.177  render           | Saved: '/tmp/clearvla_eval_opaque_66846.png'
33:31.498  render           | Saved: '/tmp/clearvla_eval_opaque_66846.png'
33:31.871  render           | Saved: '/tmp/clearvla_eval_opaque_66846.png'
33:32.204  render           | Saved: '/tmp/clearvla_eval_opaque_66846.png'
33:32.575  render           | Saved: '/tmp/clearvla_eval_opaque_66846.png'
33:32.901  render           | Saved: '/tmp/clearvla_eval_opaque_66846.png'
33:33.278  render           | Saved: '/tmp/clearvla_eval_opaque_66846.png'
33:33.597  render           | Saved: '/tmp/clearvla_eval_opaque_66846.png'
33:33.976  render           | Saved: '/tmp/clearvla_eval_opaque_66846.png'
33:34.309  render           | Saved: '/tmp/clearvla_eval_opaque_66846.png'
33:34.686  render           | Saved: '/tmp/clearvla_eval_opaque_66846.png'
33:35.023  render           | Saved: '/tmp/clearvla_eval_opaque_66846.png'
33:35.424  render           | Saved: '/tmp/clearvla_eval_opaque_66846.png'
33:35.789  render           | Saved: '/tmp/clearvla_eval_opaque_66846.png'
33:36.275  render           | Saved: '/tmp/clearvla_eval_opaque_66846.png'
33:36.649  render           | Saved: '/tmp/clearvla_eval_opaque_66846.png'
33:37.089  render           | Saved: '/tmp/clearvla_eval_opaque_66846.png'
33:37.451  render           | Saved: '/tmp/clearvla_eval_opaque_66846.png'
33:37.895  render           | Saved: '/tmp/clearvla_eval_opaque_66846.png'
33:38.263  render           | Saved: '/tmp/clearvla_eval_opaque_66846.png'
33:38.711  render           | Saved: '/tmp/clearvla_eval_opaque_66846.png'
33:39.098  render           | Saved: '/tmp/clearvla_eval_opaque_66846.png'
33:39.519  render           | Saved: '/tmp/clearvla_eval_opaque_66846.png'
33:39.852  render           | Saved: '/tmp/clearvla_eval_opaque_66846.png'
33:40.262  render           | Saved: '/tmp/clearvla_eval_opaque_66846.png'
33:40.591  render           | Saved: '/tmp/clearvla_eval_opaque_66846.png'
33:40.992  render           | Saved: '/tmp/clearvla_eval_opaque_66846.png'
33:41.329  render           | Saved: '/tmp/clearvla_eval_opaque_66846.png'
33:41.704  render           | Saved: '/tmp/clearvla_eval_opaque_66846.png'
33:42.027  render           | Saved: '/tmp/clearvla_eval_opaque_66846.png'
33:42.403  render           | Saved: '/tmp/clearvla_eval_opaque_66846.png'
33:42.740  render           | Saved: '/tmp/clearvla_eval_opaque_66846.png'
33:43.109  render           | Saved: '/tmp/clearvla_eval_opaque_66846.png'
33:43.449  render           | Saved: '/tmp/clearvla_eval_opaque_66846.png'
33:43.826  render           | Saved: '/tmp/clearvla_eval_opaque_66846.png'
33:44.154  render           | Saved: '/tmp/clearvla_eval_opaque_66846.png'
33:44.523  render           | Saved: '/tmp/clearvla_eval_opaque_66846.png'
33:44.855  render           | Saved: '/tmp/clearvla_eval_opaque_66846.png'
33:45.233  render           | Saved: '/tmp/clearvla_eval_opaque_66846.png'
33:45.570  render           | Saved: '/tmp/clearvla_eval_opaque_66846.png'
33:45.944  render           | Saved: '/tmp/clearvla_eval_opaque_66846.png'
33:46.262  render           | Saved: '/tmp/clearvla_eval_opaque_66846.png'
33:46.639  render           | Saved: '/tmp/clearvla_eval_opaque_66846.png'
33:46.978  render           | Saved: '/tmp/clearvla_eval_opaque_66846.png'
33:47.356  render           | Saved: '/tmp/clearvla_eval_opaque_66846.png'
33:47.681  render           | Saved: '/tmp/clearvla_eval_opaque_66846.png'
33:48.061  render           | Saved: '/tmp/clearvla_eval_opaque_66846.png'
33:48.413  render           | Saved: '/tmp/clearvla_eval_opaque_66846.png'
33:48.851  render           | Saved: '/tmp/clearvla_eval_opaque_66846.png'
33:49.216  render           | Saved: '/tmp/clearvla_eval_opaque_66846.png'
33:49.647  render           | Saved: '/tmp/clearvla_eval_opaque_66846.png'
33:50.026  render           | Saved: '/tmp/clearvla_eval_opaque_66846.png'
33:50.467  render           | Saved: '/tmp/clearvla_eval_opaque_66846.png'
33:50.839  render           | Saved: '/tmp/clearvla_eval_opaque_66846.png'
33:51.292  render           | Saved: '/tmp/clearvla_eval_opaque_66846.png'
33:51.663  render           | Saved: '/tmp/clearvla_eval_opaque_66846.png'
33:52.109  render           | Saved: '/tmp/clearvla_eval_opaque_66846.png'
33:52.467  render           | Saved: '/tmp/clearvla_eval_opaque_66846.png'
33:52.908  render           | Saved: '/tmp/clearvla_eval_opaque_66846.png'
33:53.283  render           | Saved: '/tmp/clearvla_eval_opaque_66846.png'
33:53.731  render           | Saved: '/tmp/clearvla_eval_opaque_66846.png'
33:54.087  render           | Saved: '/tmp/clearvla_eval_opaque_66846.png'
33:54.536  render           | Saved: '/tmp/clearvla_eval_opaque_66846.png'
33:54.911  render           | Saved: '/tmp/clearvla_eval_opaque_66846.png'
33:55.366  render           | Saved: '/tmp/clearvla_eval_opaque_66846.png'
33:55.726  render           | Saved: '/tmp/clearvla_eval_opaque_66846.png'
33:56.171  render           | Saved: '/tmp/clearvla_eval_opaque_66846.png'
33:56.534  render           | Saved: '/tmp/clearvla_eval_opaque_66846.png'
[full/opaque] pour: 0/10  (33.8 min, 28.7 s/ep)
33:57.771  render           | Saved: '/tmp/clearvla_eval_opaque_66846.png'
33:58.117  render           | Saved: '/tmp/clearvla_eval_opaque_66846.png'
33:58.540  render           | Saved: '/tmp/clearvla_eval_opaque_66846.png'
33:58.877  render           | Saved: '/tmp/clearvla_eval_opaque_66846.png'
33:59.279  render           | Saved: '/tmp/clearvla_eval_opaque_66846.png'
33:59.593  render           | Saved: '/tmp/clearvla_eval_opaque_66846.png'
33:59.978  render           | Saved: '/tmp/clearvla_eval_opaque_66846.png'
34:00.308  render           | Saved: '/tmp/clearvla_eval_opaque_66846.png'
34:00.680  render           | Saved: '/tmp/clearvla_eval_opaque_66846.png'
34:01.016  render           | Saved: '/tmp/clearvla_eval_opaque_66846.png'
34:01.391  render           | Saved: '/tmp/clearvla_eval_opaque_66846.png'
34:01.732  render           | Saved: '/tmp/clearvla_eval_opaque_66846.png'
34:02.113  render           | Saved: '/tmp/clearvla_eval_opaque_66846.png'
34:02.452  render           | Saved: '/tmp/clearvla_eval_opaque_66846.png'
34:02.837  render           | Saved: '/tmp/clearvla_eval_opaque_66846.png'
34:03.183  render           | Saved: '/tmp/clearvla_eval_opaque_66846.png'
34:03.576  render           | Saved: '/tmp/clearvla_eval_opaque_66846.png'
34:03.911  render           | Saved: '/tmp/clearvla_eval_opaque_66846.png'
34:04.333  render           | Saved: '/tmp/clearvla_eval_opaque_66846.png'
34:04.690  render           | Saved: '/tmp/clearvla_eval_opaque_66846.png'
34:05.090  render           | Saved: '/tmp/clearvla_eval_opaque_66846.png'
34:05.437  render           | Saved: '/tmp/clearvla_eval_opaque_66846.png'
34:05.878  render           | Saved: '/tmp/clearvla_eval_opaque_66846.png'
34:06.246  render           | Saved: '/tmp/clearvla_eval_opaque_66846.png'
34:06.689  render           | Saved: '/tmp/clearvla_eval_opaque_66846.png'
34:07.067  render           | Saved: '/tmp/clearvla_eval_opaque_66846.png'
34:07.521  render           | Saved: '/tmp/clearvla_eval_opaque_66846.png'
34:07.895  render           | Saved: '/tmp/clearvla_eval_opaque_66846.png'
34:08.341  render           | Saved: '/tmp/clearvla_eval_opaque_66846.png'
34:08.713  render           | Saved: '/tmp/clearvla_eval_opaque_66846.png'
34:09.160  render           | Saved: '/tmp/clearvla_eval_opaque_66846.png'
34:09.524  render           | Saved: '/tmp/clearvla_eval_opaque_66846.png'
34:09.962  render           | Saved: '/tmp/clearvla_eval_opaque_66846.png'
34:10.328  render           | Saved: '/tmp/clearvla_eval_opaque_66846.png'
34:10.769  render           | Saved: '/tmp/clearvla_eval_opaque_66846.png'
34:11.135  render           | Saved: '/tmp/clearvla_eval_opaque_66846.png'
34:11.567  render           | Saved: '/tmp/clearvla_eval_opaque_66846.png'
34:11.936  render           | Saved: '/tmp/clearvla_eval_opaque_66846.png'
34:12.388  render           | Saved: '/tmp/clearvla_eval_opaque_66846.png'
34:12.759  render           | Saved: '/tmp/clearvla_eval_opaque_66846.png'
34:13.212  render           | Saved: '/tmp/clearvla_eval_opaque_66846.png'
34:13.589  render           | Saved: '/tmp/clearvla_eval_opaque_66846.png'
34:14.036  render           | Saved: '/tmp/clearvla_eval_opaque_66846.png'
34:14.405  render           | Saved: '/tmp/clearvla_eval_opaque_66846.png'
34:14.846  render           | Saved: '/tmp/clearvla_eval_opaque_66846.png'
34:15.205  render           | Saved: '/tmp/clearvla_eval_opaque_66846.png'
34:15.628  render           | Saved: '/tmp/clearvla_eval_opaque_66846.png'
34:16.002  render           | Saved: '/tmp/clearvla_eval_opaque_66846.png'
34:16.436  render           | Saved: '/tmp/clearvla_eval_opaque_66846.png'
34:16.795  render           | Saved: '/tmp/clearvla_eval_opaque_66846.png'
34:17.201  render           | Saved: '/tmp/clearvla_eval_opaque_66846.png'
34:17.546  render           | Saved: '/tmp/clearvla_eval_opaque_66846.png'
34:17.941  render           | Saved: '/tmp/clearvla_eval_opaque_66846.png'
34:18.291  render           | Saved: '/tmp/clearvla_eval_opaque_66846.png'
34:18.693  render           | Saved: '/tmp/clearvla_eval_opaque_66846.png'
34:19.029  render           | Saved: '/tmp/clearvla_eval_opaque_66846.png'
34:19.430  render           | Saved: '/tmp/clearvla_eval_opaque_66846.png'
34:19.787  render           | Saved: '/tmp/clearvla_eval_opaque_66846.png'
34:20.217  render           | Saved: '/tmp/clearvla_eval_opaque_66846.png'
34:20.581  render           | Saved: '/tmp/clearvla_eval_opaque_66846.png'
34:21.025  render           | Saved: '/tmp/clearvla_eval_opaque_66846.png'
34:21.391  render           | Saved: '/tmp/clearvla_eval_opaque_66846.png'
34:21.825  render           | Saved: '/tmp/clearvla_eval_opaque_66846.png'
34:22.196  render           | Saved: '/tmp/clearvla_eval_opaque_66846.png'
34:22.652  render           | Saved: '/tmp/clearvla_eval_opaque_66846.png'
34:23.026  render           | Saved: '/tmp/clearvla_eval_opaque_66846.png'
34:23.468  render           | Saved: '/tmp/clearvla_eval_opaque_66846.png'
34:23.841  render           | Saved: '/tmp/clearvla_eval_opaque_66846.png'
34:24.284  render           | Saved: '/tmp/clearvla_eval_opaque_66846.png'
34:24.645  render           | Saved: '/tmp/clearvla_eval_opaque_66846.png'
34:25.054  render           | Saved: '/tmp/clearvla_eval_opaque_66846.png'
34:25.402  render           | Saved: '/tmp/clearvla_eval_opaque_66846.png'
34:25.841  render           | Saved: '/tmp/clearvla_eval_opaque_66846.png'
34:26.194  render           | Saved: '/tmp/clearvla_eval_opaque_66846.png'
34:26.598  render           | Saved: '/tmp/clearvla_eval_opaque_66846.png'
34:26.942  render           | Saved: '/tmp/clearvla_eval_opaque_66846.png'
34:28.175  render           | Saved: '/tmp/clearvla_eval_opaque_66846.png'
34:28.530  render           | Saved: '/tmp/clearvla_eval_opaque_66846.png'
34:28.959  render           | Saved: '/tmp/clearvla_eval_opaque_66846.png'
34:29.282  render           | Saved: '/tmp/clearvla_eval_opaque_66846.png'
34:29.690  render           | Saved: '/tmp/clearvla_eval_opaque_66846.png'
34:30.023  render           | Saved: '/tmp/clearvla_eval_opaque_66846.png'
34:30.408  render           | Saved: '/tmp/clearvla_eval_opaque_66846.png'
34:30.742  render           | Saved: '/tmp/clearvla_eval_opaque_66846.png'
34:31.114  render           | Saved: '/tmp/clearvla_eval_opaque_66846.png'
34:31.450  render           | Saved: '/tmp/clearvla_eval_opaque_66846.png'
34:31.825  render           | Saved: '/tmp/clearvla_eval_opaque_66846.png'
34:32.146  render           | Saved: '/tmp/clearvla_eval_opaque_66846.png'
34:32.530  render           | Saved: '/tmp/clearvla_eval_opaque_66846.png'
34:32.881  render           | Saved: '/tmp/clearvla_eval_opaque_66846.png'
34:33.284  render           | Saved: '/tmp/clearvla_eval_opaque_66846.png'
34:33.602  render           | Saved: '/tmp/clearvla_eval_opaque_66846.png'
34:33.982  render           | Saved: '/tmp/clearvla_eval_opaque_66846.png'
34:34.321  render           | Saved: '/tmp/clearvla_eval_opaque_66846.png'
34:34.709  render           | Saved: '/tmp/clearvla_eval_opaque_66846.png'
34:35.060  render           | Saved: '/tmp/clearvla_eval_opaque_66846.png'
34:35.490  render           | Saved: '/tmp/clearvla_eval_opaque_66846.png'
34:35.855  render           | Saved: '/tmp/clearvla_eval_opaque_66846.png'
34:36.328  render           | Saved: '/tmp/clearvla_eval_opaque_66846.png'
34:36.697  render           | Saved: '/tmp/clearvla_eval_opaque_66846.png'
34:37.141  render           | Saved: '/tmp/clearvla_eval_opaque_66846.png'
34:37.511  render           | Saved: '/tmp/clearvla_eval_opaque_66846.png'
34:37.969  render           | Saved: '/tmp/clearvla_eval_opaque_66846.png'
34:38.332  render           | Saved: '/tmp/clearvla_eval_opaque_66846.png'
34:38.771  render           | Saved: '/tmp/clearvla_eval_opaque_66846.png'
34:39.099  render           | Saved: '/tmp/clearvla_eval_opaque_66846.png'
34:39.498  render           | Saved: '/tmp/clearvla_eval_opaque_66846.png'
34:39.837  render           | Saved: '/tmp/clearvla_eval_opaque_66846.png'
34:40.226  render           | Saved: '/tmp/clearvla_eval_opaque_66846.png'
34:40.562  render           | Saved: '/tmp/clearvla_eval_opaque_66846.png'
34:40.948  render           | Saved: '/tmp/clearvla_eval_opaque_66846.png'
34:41.304  render           | Saved: '/tmp/clearvla_eval_opaque_66846.png'
34:41.710  render           | Saved: '/tmp/clearvla_eval_opaque_66846.png'
34:42.077  render           | Saved: '/tmp/clearvla_eval_opaque_66846.png'
34:42.526  render           | Saved: '/tmp/clearvla_eval_opaque_66846.png'
34:42.897  render           | Saved: '/tmp/clearvla_eval_opaque_66846.png'
34:43.349  render           | Saved: '/tmp/clearvla_eval_opaque_66846.png'
34:43.706  render           | Saved: '/tmp/clearvla_eval_opaque_66846.png'
34:44.158  render           | Saved: '/tmp/clearvla_eval_opaque_66846.png'
34:44.513  render           | Saved: '/tmp/clearvla_eval_opaque_66846.png'
34:44.967  render           | Saved: '/tmp/clearvla_eval_opaque_66846.png'
34:45.334  render           | Saved: '/tmp/clearvla_eval_opaque_66846.png'
34:45.799  render           | Saved: '/tmp/clearvla_eval_opaque_66846.png'
34:46.143  render           | Saved: '/tmp/clearvla_eval_opaque_66846.png'
34:46.556  render           | Saved: '/tmp/clearvla_eval_opaque_66846.png'
34:46.890  render           | Saved: '/tmp/clearvla_eval_opaque_66846.png'
34:47.320  render           | Saved: '/tmp/clearvla_eval_opaque_66846.png'
34:47.685  render           | Saved: '/tmp/clearvla_eval_opaque_66846.png'
34:48.159  render           | Saved: '/tmp/clearvla_eval_opaque_66846.png'
34:48.506  render           | Saved: '/tmp/clearvla_eval_opaque_66846.png'
34:48.963  render           | Saved: '/tmp/clearvla_eval_opaque_66846.png'
34:49.324  render           | Saved: '/tmp/clearvla_eval_opaque_66846.png'
34:49.785  render           | Saved: '/tmp/clearvla_eval_opaque_66846.png'
34:50.149  render           | Saved: '/tmp/clearvla_eval_opaque_66846.png'
34:50.608  render           | Saved: '/tmp/clearvla_eval_opaque_66846.png'
34:50.969  render           | Saved: '/tmp/clearvla_eval_opaque_66846.png'
34:51.432  render           | Saved: '/tmp/clearvla_eval_opaque_66846.png'
34:51.798  render           | Saved: '/tmp/clearvla_eval_opaque_66846.png'
34:52.276  render           | Saved: '/tmp/clearvla_eval_opaque_66846.png'
34:52.644  render           | Saved: '/tmp/clearvla_eval_opaque_66846.png'
34:53.085  render           | Saved: '/tmp/clearvla_eval_opaque_66846.png'
34:53.442  render           | Saved: '/tmp/clearvla_eval_opaque_66846.png'
34:53.896  render           | Saved: '/tmp/clearvla_eval_opaque_66846.png'
34:54.268  render           | Saved: '/tmp/clearvla_eval_opaque_66846.png'
34:54.719  render           | Saved: '/tmp/clearvla_eval_opaque_66846.png'
34:55.085  render           | Saved: '/tmp/clearvla_eval_opaque_66846.png'
34:55.548  render           | Saved: '/tmp/clearvla_eval_opaque_66846.png'
34:55.927  render           | Saved: '/tmp/clearvla_eval_opaque_66846.png'
34:56.390  render           | Saved: '/tmp/clearvla_eval_opaque_66846.png'
34:56.751  render           | Saved: '/tmp/clearvla_eval_opaque_66846.png'
34:57.159  render           | Saved: '/tmp/clearvla_eval_opaque_66846.png'
34:57.509  render           | Saved: '/tmp/clearvla_eval_opaque_66846.png'
34:58.774  render           | Saved: '/tmp/clearvla_eval_opaque_66846.png'
34:59.139  render           | Saved: '/tmp/clearvla_eval_opaque_66846.png'
34:59.567  render           | Saved: '/tmp/clearvla_eval_opaque_66846.png'
34:59.907  render           | Saved: '/tmp/clearvla_eval_opaque_66846.png'
35:00.322  render           | Saved: '/tmp/clearvla_eval_opaque_66846.png'
35:00.655  render           | Saved: '/tmp/clearvla_eval_opaque_66846.png'
35:01.039  render           | Saved: '/tmp/clearvla_eval_opaque_66846.png'
35:01.372  render           | Saved: '/tmp/clearvla_eval_opaque_66846.png'
35:01.745  render           | Saved: '/tmp/clearvla_eval_opaque_66846.png'
35:02.080  render           | Saved: '/tmp/clearvla_eval_opaque_66846.png'
35:02.456  render           | Saved: '/tmp/clearvla_eval_opaque_66846.png'
35:02.785  render           | Saved: '/tmp/clearvla_eval_opaque_66846.png'
35:03.165  render           | Saved: '/tmp/clearvla_eval_opaque_66846.png'
35:03.487  render           | Saved: '/tmp/clearvla_eval_opaque_66846.png'
35:03.867  render           | Saved: '/tmp/clearvla_eval_opaque_66846.png'
35:04.214  render           | Saved: '/tmp/clearvla_eval_opaque_66846.png'
35:04.652  render           | Saved: '/tmp/clearvla_eval_opaque_66846.png'
35:05.022  render           | Saved: '/tmp/clearvla_eval_opaque_66846.png'
35:05.491  render           | Saved: '/tmp/clearvla_eval_opaque_66846.png'
35:05.868  render           | Saved: '/tmp/clearvla_eval_opaque_66846.png'
35:06.331  render           | Saved: '/tmp/clearvla_eval_opaque_66846.png'
35:06.713  render           | Saved: '/tmp/clearvla_eval_opaque_66846.png'
35:07.151  render           | Saved: '/tmp/clearvla_eval_opaque_66846.png'
35:07.522  render           | Saved: '/tmp/clearvla_eval_opaque_66846.png'
35:07.962  render           | Saved: '/tmp/clearvla_eval_opaque_66846.png'
35:08.336  render           | Saved: '/tmp/clearvla_eval_opaque_66846.png'
35:08.797  render           | Saved: '/tmp/clearvla_eval_opaque_66846.png'
35:09.177  render           | Saved: '/tmp/clearvla_eval_opaque_66846.png'
35:09.639  render           | Saved: '/tmp/clearvla_eval_opaque_66846.png'
35:10.025  render           | Saved: '/tmp/clearvla_eval_opaque_66846.png'
35:10.474  render           | Saved: '/tmp/clearvla_eval_opaque_66846.png'
35:10.821  render           | Saved: '/tmp/clearvla_eval_opaque_66846.png'
35:11.259  render           | Saved: '/tmp/clearvla_eval_opaque_66846.png'
35:11.607  render           | Saved: '/tmp/clearvla_eval_opaque_66846.png'
35:12.048  render           | Saved: '/tmp/clearvla_eval_opaque_66846.png'
35:12.379  render           | Saved: '/tmp/clearvla_eval_opaque_66846.png'
35:12.827  render           | Saved: '/tmp/clearvla_eval_opaque_66846.png'
35:13.193  render           | Saved: '/tmp/clearvla_eval_opaque_66846.png'
35:13.661  render           | Saved: '/tmp/clearvla_eval_opaque_66846.png'
35:14.027  render           | Saved: '/tmp/clearvla_eval_opaque_66846.png'
35:14.497  render           | Saved: '/tmp/clearvla_eval_opaque_66846.png'
35:14.878  render           | Saved: '/tmp/clearvla_eval_opaque_66846.png'
35:15.330  render           | Saved: '/tmp/clearvla_eval_opaque_66846.png'
35:15.697  render           | Saved: '/tmp/clearvla_eval_opaque_66846.png'
35:16.929  render           | Saved: '/tmp/clearvla_eval_opaque_66846.png'
35:17.289  render           | Saved: '/tmp/clearvla_eval_opaque_66846.png'
35:17.729  render           | Saved: '/tmp/clearvla_eval_opaque_66846.png'
35:18.080  render           | Saved: '/tmp/clearvla_eval_opaque_66846.png'
35:18.515  render           | Saved: '/tmp/clearvla_eval_opaque_66846.png'
35:18.870  render           | Saved: '/tmp/clearvla_eval_opaque_66846.png'
35:19.312  render           | Saved: '/tmp/clearvla_eval_opaque_66846.png'
35:19.682  render           | Saved: '/tmp/clearvla_eval_opaque_66846.png'
35:20.107  render           | Saved: '/tmp/clearvla_eval_opaque_66846.png'
35:20.480  render           | Saved: '/tmp/clearvla_eval_opaque_66846.png'
35:20.923  render           | Saved: '/tmp/clearvla_eval_opaque_66846.png'
35:21.286  render           | Saved: '/tmp/clearvla_eval_opaque_66846.png'
35:21.718  render           | Saved: '/tmp/clearvla_eval_opaque_66846.png'
35:22.073  render           | Saved: '/tmp/clearvla_eval_opaque_66846.png'
35:22.511  render           | Saved: '/tmp/clearvla_eval_opaque_66846.png'
35:22.875  render           | Saved: '/tmp/clearvla_eval_opaque_66846.png'
35:23.320  render           | Saved: '/tmp/clearvla_eval_opaque_66846.png'
35:23.685  render           | Saved: '/tmp/clearvla_eval_opaque_66846.png'
35:24.102  render           | Saved: '/tmp/clearvla_eval_opaque_66846.png'
35:24.461  render           | Saved: '/tmp/clearvla_eval_opaque_66846.png'
35:24.919  render           | Saved: '/tmp/clearvla_eval_opaque_66846.png'
35:25.282  render           | Saved: '/tmp/clearvla_eval_opaque_66846.png'
35:25.715  render           | Saved: '/tmp/clearvla_eval_opaque_66846.png'
35:26.054  render           | Saved: '/tmp/clearvla_eval_opaque_66846.png'
35:26.476  render           | Saved: '/tmp/clearvla_eval_opaque_66846.png'
35:26.828  render           | Saved: '/tmp/clearvla_eval_opaque_66846.png'
35:27.261  render           | Saved: '/tmp/clearvla_eval_opaque_66846.png'
35:27.634  render           | Saved: '/tmp/clearvla_eval_opaque_66846.png'
35:28.065  render           | Saved: '/tmp/clearvla_eval_opaque_66846.png'
35:28.428  render           | Saved: '/tmp/clearvla_eval_opaque_66846.png'
35:28.858  render           | Saved: '/tmp/clearvla_eval_opaque_66846.png'
35:29.190  render           | Saved: '/tmp/clearvla_eval_opaque_66846.png'
35:29.592  render           | Saved: '/tmp/clearvla_eval_opaque_66846.png'
35:29.932  render           | Saved: '/tmp/clearvla_eval_opaque_66846.png'
35:30.321  render           | Saved: '/tmp/clearvla_eval_opaque_66846.png'
35:30.657  render           | Saved: '/tmp/clearvla_eval_opaque_66846.png'
35:31.058  render           | Saved: '/tmp/clearvla_eval_opaque_66846.png'
35:31.398  render           | Saved: '/tmp/clearvla_eval_opaque_66846.png'
35:31.776  render           | Saved: '/tmp/clearvla_eval_opaque_66846.png'
35:32.104  render           | Saved: '/tmp/clearvla_eval_opaque_66846.png'
35:32.519  render           | Saved: '/tmp/clearvla_eval_opaque_66846.png'
35:32.834  render           | Saved: '/tmp/clearvla_eval_opaque_66846.png'
35:33.264  render           | Saved: '/tmp/clearvla_eval_opaque_66846.png'
35:33.578  render           | Saved: '/tmp/clearvla_eval_opaque_66846.png'
35:34.006  render           | Saved: '/tmp/clearvla_eval_opaque_66846.png'
35:34.321  render           | Saved: '/tmp/clearvla_eval_opaque_66846.png'
35:34.702  render           | Saved: '/tmp/clearvla_eval_opaque_66846.png'
35:35.021  render           | Saved: '/tmp/clearvla_eval_opaque_66846.png'
35:35.427  render           | Saved: '/tmp/clearvla_eval_opaque_66846.png'
35:35.769  render           | Saved: '/tmp/clearvla_eval_opaque_66846.png'
35:36.166  render           | Saved: '/tmp/clearvla_eval_opaque_66846.png'
35:36.505  render           | Saved: '/tmp/clearvla_eval_opaque_66846.png'
35:36.900  render           | Saved: '/tmp/clearvla_eval_opaque_66846.png'
35:37.241  render           | Saved: '/tmp/clearvla_eval_opaque_66846.png'
35:37.621  render           | Saved: '/tmp/clearvla_eval_opaque_66846.png'
35:37.934  render           | Saved: '/tmp/clearvla_eval_opaque_66846.png'
35:38.337  render           | Saved: '/tmp/clearvla_eval_opaque_66846.png'
35:38.662  render           | Saved: '/tmp/clearvla_eval_opaque_66846.png'
35:39.061  render           | Saved: '/tmp/clearvla_eval_opaque_66846.png'
35:39.410  render           | Saved: '/tmp/clearvla_eval_opaque_66846.png'
35:39.810  render           | Saved: '/tmp/clearvla_eval_opaque_66846.png'
35:40.150  render           | Saved: '/tmp/clearvla_eval_opaque_66846.png'
35:40.533  render           | Saved: '/tmp/clearvla_eval_opaque_66846.png'
35:40.873  render           | Saved: '/tmp/clearvla_eval_opaque_66846.png'
35:41.268  render           | Saved: '/tmp/clearvla_eval_opaque_66846.png'
35:41.604  render           | Saved: '/tmp/clearvla_eval_opaque_66846.png'
35:42.007  render           | Saved: '/tmp/clearvla_eval_opaque_66846.png'
35:42.348  render           | Saved: '/tmp/clearvla_eval_opaque_66846.png'
35:42.749  render           | Saved: '/tmp/clearvla_eval_opaque_66846.png'
35:43.080  render           | Saved: '/tmp/clearvla_eval_opaque_66846.png'
35:43.472  render           | Saved: '/tmp/clearvla_eval_opaque_66846.png'
35:43.820  render           | Saved: '/tmp/clearvla_eval_opaque_66846.png'
35:44.227  render           | Saved: '/tmp/clearvla_eval_opaque_66846.png'
35:44.570  render           | Saved: '/tmp/clearvla_eval_opaque_66846.png'
35:44.968  render           | Saved: '/tmp/clearvla_eval_opaque_66846.png'
35:45.294  render           | Saved: '/tmp/clearvla_eval_opaque_66846.png'
35:46.610  render           | Saved: '/tmp/clearvla_eval_opaque_66846.png'
35:46.924  render           | Saved: '/tmp/clearvla_eval_opaque_66846.png'
35:47.326  render           | Saved: '/tmp/clearvla_eval_opaque_66846.png'
35:47.646  render           | Saved: '/tmp/clearvla_eval_opaque_66846.png'
35:48.041  render           | Saved: '/tmp/clearvla_eval_opaque_66846.png'
35:48.380  render           | Saved: '/tmp/clearvla_eval_opaque_66846.png'
35:48.781  render           | Saved: '/tmp/clearvla_eval_opaque_66846.png'
35:49.091  render           | Saved: '/tmp/clearvla_eval_opaque_66846.png'
35:49.482  render           | Saved: '/tmp/clearvla_eval_opaque_66846.png'
35:49.823  render           | Saved: '/tmp/clearvla_eval_opaque_66846.png'
35:50.213  render           | Saved: '/tmp/clearvla_eval_opaque_66846.png'
35:50.552  render           | Saved: '/tmp/clearvla_eval_opaque_66846.png'
35:50.967  render           | Saved: '/tmp/clearvla_eval_opaque_66846.png'
35:51.292  render           | Saved: '/tmp/clearvla_eval_opaque_66846.png'
35:51.700  render           | Saved: '/tmp/clearvla_eval_opaque_66846.png'
35:52.049  render           | Saved: '/tmp/clearvla_eval_opaque_66846.png'
35:52.452  render           | Saved: '/tmp/clearvla_eval_opaque_66846.png'
35:52.794  render           | Saved: '/tmp/clearvla_eval_opaque_66846.png'
35:53.211  render           | Saved: '/tmp/clearvla_eval_opaque_66846.png'
35:53.535  render           | Saved: '/tmp/clearvla_eval_opaque_66846.png'
35:53.941  render           | Saved: '/tmp/clearvla_eval_opaque_66846.png'
35:54.288  render           | Saved: '/tmp/clearvla_eval_opaque_66846.png'
35:54.697  render           | Saved: '/tmp/clearvla_eval_opaque_66846.png'
35:55.036  render           | Saved: '/tmp/clearvla_eval_opaque_66846.png'
35:55.452  render           | Saved: '/tmp/clearvla_eval_opaque_66846.png'
35:55.795  render           | Saved: '/tmp/clearvla_eval_opaque_66846.png'
35:56.215  render           | Saved: '/tmp/clearvla_eval_opaque_66846.png'
35:56.543  render           | Saved: '/tmp/clearvla_eval_opaque_66846.png'
35:56.969  render           | Saved: '/tmp/clearvla_eval_opaque_66846.png'
35:57.297  render           | Saved: '/tmp/clearvla_eval_opaque_66846.png'
35:57.740  render           | Saved: '/tmp/clearvla_eval_opaque_66846.png'
35:58.054  render           | Saved: '/tmp/clearvla_eval_opaque_66846.png'
35:58.506  render           | Saved: '/tmp/clearvla_eval_opaque_66846.png'
35:58.817  render           | Saved: '/tmp/clearvla_eval_opaque_66846.png'
35:59.253  render           | Saved: '/tmp/clearvla_eval_opaque_66846.png'
35:59.568  render           | Saved: '/tmp/clearvla_eval_opaque_66846.png'
35:59.969  render           | Saved: '/tmp/clearvla_eval_opaque_66846.png'
36:00.304  render           | Saved: '/tmp/clearvla_eval_opaque_66846.png'
36:00.695  render           | Saved: '/tmp/clearvla_eval_opaque_66846.png'
36:01.014  render           | Saved: '/tmp/clearvla_eval_opaque_66846.png'
36:01.429  render           | Saved: '/tmp/clearvla_eval_opaque_66846.png'
36:01.804  render           | Saved: '/tmp/clearvla_eval_opaque_66846.png'
36:03.050  render           | Saved: '/tmp/clearvla_eval_opaque_66846.png'
36:03.401  render           | Saved: '/tmp/clearvla_eval_opaque_66846.png'
36:03.855  render           | Saved: '/tmp/clearvla_eval_opaque_66846.png'
36:04.211  render           | Saved: '/tmp/clearvla_eval_opaque_66846.png'
36:04.616  render           | Saved: '/tmp/clearvla_eval_opaque_66846.png'
36:04.939  render           | Saved: '/tmp/clearvla_eval_opaque_66846.png'
36:05.332  render           | Saved: '/tmp/clearvla_eval_opaque_66846.png'
36:05.674  render           | Saved: '/tmp/clearvla_eval_opaque_66846.png'
36:06.070  render           | Saved: '/tmp/clearvla_eval_opaque_66846.png'
36:06.418  render           | Saved: '/tmp/clearvla_eval_opaque_66846.png'
36:06.852  render           | Saved: '/tmp/clearvla_eval_opaque_66846.png'
36:07.217  render           | Saved: '/tmp/clearvla_eval_opaque_66846.png'
36:07.652  render           | Saved: '/tmp/clearvla_eval_opaque_66846.png'
36:08.016  render           | Saved: '/tmp/clearvla_eval_opaque_66846.png'
36:08.450  render           | Saved: '/tmp/clearvla_eval_opaque_66846.png'
36:08.825  render           | Saved: '/tmp/clearvla_eval_opaque_66846.png'
36:09.267  render           | Saved: '/tmp/clearvla_eval_opaque_66846.png'
36:09.632  render           | Saved: '/tmp/clearvla_eval_opaque_66846.png'
36:10.082  render           | Saved: '/tmp/clearvla_eval_opaque_66846.png'
36:10.447  render           | Saved: '/tmp/clearvla_eval_opaque_66846.png'
36:10.893  render           | Saved: '/tmp/clearvla_eval_opaque_66846.png'
36:11.272  render           | Saved: '/tmp/clearvla_eval_opaque_66846.png'
36:11.727  render           | Saved: '/tmp/clearvla_eval_opaque_66846.png'
36:12.090  render           | Saved: '/tmp/clearvla_eval_opaque_66846.png'
36:12.500  render           | Saved: '/tmp/clearvla_eval_opaque_66846.png'
36:12.845  render           | Saved: '/tmp/clearvla_eval_opaque_66846.png'
36:13.239  render           | Saved: '/tmp/clearvla_eval_opaque_66846.png'
36:13.590  render           | Saved: '/tmp/clearvla_eval_opaque_66846.png'
36:14.019  render           | Saved: '/tmp/clearvla_eval_opaque_66846.png'
36:14.392  render           | Saved: '/tmp/clearvla_eval_opaque_66846.png'
36:14.854  render           | Saved: '/tmp/clearvla_eval_opaque_66846.png'
36:15.232  render           | Saved: '/tmp/clearvla_eval_opaque_66846.png'
36:15.703  render           | Saved: '/tmp/clearvla_eval_opaque_66846.png'
36:16.074  render           | Saved: '/tmp/clearvla_eval_opaque_66846.png'
36:16.519  render           | Saved: '/tmp/clearvla_eval_opaque_66846.png'
36:16.865  render           | Saved: '/tmp/clearvla_eval_opaque_66846.png'
36:17.254  render           | Saved: '/tmp/clearvla_eval_opaque_66846.png'
36:17.597  render           | Saved: '/tmp/clearvla_eval_opaque_66846.png'
36:18.043  render           | Saved: '/tmp/clearvla_eval_opaque_66846.png'
36:18.403  render           | Saved: '/tmp/clearvla_eval_opaque_66846.png'
36:18.859  render           | Saved: '/tmp/clearvla_eval_opaque_66846.png'
36:19.214  render           | Saved: '/tmp/clearvla_eval_opaque_66846.png'
36:19.675  render           | Saved: '/tmp/clearvla_eval_opaque_66846.png'
36:20.041  render           | Saved: '/tmp/clearvla_eval_opaque_66846.png'
36:20.481  render           | Saved: '/tmp/clearvla_eval_opaque_66846.png'
36:20.841  render           | Saved: '/tmp/clearvla_eval_opaque_66846.png'
36:21.291  render           | Saved: '/tmp/clearvla_eval_opaque_66846.png'
36:21.656  render           | Saved: '/tmp/clearvla_eval_opaque_66846.png'
36:22.101  render           | Saved: '/tmp/clearvla_eval_opaque_66846.png'
36:22.471  render           | Saved: '/tmp/clearvla_eval_opaque_66846.png'
36:22.928  render           | Saved: '/tmp/clearvla_eval_opaque_66846.png'
36:23.305  render           | Saved: '/tmp/clearvla_eval_opaque_66846.png'
36:23.752  render           | Saved: '/tmp/clearvla_eval_opaque_66846.png'
36:24.116  render           | Saved: '/tmp/clearvla_eval_opaque_66846.png'
36:24.569  render           | Saved: '/tmp/clearvla_eval_opaque_66846.png'
36:24.955  render           | Saved: '/tmp/clearvla_eval_opaque_66846.png'
36:25.410  render           | Saved: '/tmp/clearvla_eval_opaque_66846.png'
36:25.786  render           | Saved: '/tmp/clearvla_eval_opaque_66846.png'
36:26.241  render           | Saved: '/tmp/clearvla_eval_opaque_66846.png'
36:26.604  render           | Saved: '/tmp/clearvla_eval_opaque_66846.png'
36:27.066  render           | Saved: '/tmp/clearvla_eval_opaque_66846.png'
36:27.433  render           | Saved: '/tmp/clearvla_eval_opaque_66846.png'
36:27.851  render           | Saved: '/tmp/clearvla_eval_opaque_66846.png'
36:28.215  render           | Saved: '/tmp/clearvla_eval_opaque_66846.png'
36:28.657  render           | Saved: '/tmp/clearvla_eval_opaque_66846.png'
36:29.027  render           | Saved: '/tmp/clearvla_eval_opaque_66846.png'
36:29.451  render           | Saved: '/tmp/clearvla_eval_opaque_66846.png'
36:29.788  render           | Saved: '/tmp/clearvla_eval_opaque_66846.png'
36:30.198  render           | Saved: '/tmp/clearvla_eval_opaque_66846.png'
36:30.551  render           | Saved: '/tmp/clearvla_eval_opaque_66846.png'
36:30.948  render           | Saved: '/tmp/clearvla_eval_opaque_66846.png'
36:31.291  render           | Saved: '/tmp/clearvla_eval_opaque_66846.png'
36:31.686  render           | Saved: '/tmp/clearvla_eval_opaque_66846.png'
36:32.024  render           | Saved: '/tmp/clearvla_eval_opaque_66846.png'
36:32.409  render           | Saved: '/tmp/clearvla_eval_opaque_66846.png'
36:32.786  render           | Saved: '/tmp/clearvla_eval_opaque_66846.png'
36:34.039  render           | Saved: '/tmp/clearvla_eval_opaque_66846.png'
36:34.367  render           | Saved: '/tmp/clearvla_eval_opaque_66846.png'
36:34.747  render           | Saved: '/tmp/clearvla_eval_opaque_66846.png'
36:35.067  render           | Saved: '/tmp/clearvla_eval_opaque_66846.png'
36:35.452  render           | Saved: '/tmp/clearvla_eval_opaque_66846.png'
36:35.801  render           | Saved: '/tmp/clearvla_eval_opaque_66846.png'
36:36.191  render           | Saved: '/tmp/clearvla_eval_opaque_66846.png'
36:36.512  render           | Saved: '/tmp/clearvla_eval_opaque_66846.png'
36:36.923  render           | Saved: '/tmp/clearvla_eval_opaque_66846.png'
36:37.249  render           | Saved: '/tmp/clearvla_eval_opaque_66846.png'
36:37.652  render           | Saved: '/tmp/clearvla_eval_opaque_66846.png'
36:37.980  render           | Saved: '/tmp/clearvla_eval_opaque_66846.png'
36:38.395  render           | Saved: '/tmp/clearvla_eval_opaque_66846.png'
36:38.719  render           | Saved: '/tmp/clearvla_eval_opaque_66846.png'
36:39.103  render           | Saved: '/tmp/clearvla_eval_opaque_66846.png'
36:39.453  render           | Saved: '/tmp/clearvla_eval_opaque_66846.png'
36:39.843  render           | Saved: '/tmp/clearvla_eval_opaque_66846.png'
36:40.190  render           | Saved: '/tmp/clearvla_eval_opaque_66846.png'
36:40.595  render           | Saved: '/tmp/clearvla_eval_opaque_66846.png'
36:40.938  render           | Saved: '/tmp/clearvla_eval_opaque_66846.png'
36:41.331  render           | Saved: '/tmp/clearvla_eval_opaque_66846.png'
36:41.648  render           | Saved: '/tmp/clearvla_eval_opaque_66846.png'
36:42.046  render           | Saved: '/tmp/clearvla_eval_opaque_66846.png'
36:42.373  render           | Saved: '/tmp/clearvla_eval_opaque_66846.png'
36:42.773  render           | Saved: '/tmp/clearvla_eval_opaque_66846.png'
36:43.094  render           | Saved: '/tmp/clearvla_eval_opaque_66846.png'
36:43.503  render           | Saved: '/tmp/clearvla_eval_opaque_66846.png'
36:43.853  render           | Saved: '/tmp/clearvla_eval_opaque_66846.png'
36:44.266  render           | Saved: '/tmp/clearvla_eval_opaque_66846.png'
36:44.592  render           | Saved: '/tmp/clearvla_eval_opaque_66846.png'
36:45.001  render           | Saved: '/tmp/clearvla_eval_opaque_66846.png'
36:45.345  render           | Saved: '/tmp/clearvla_eval_opaque_66846.png'
36:45.745  render           | Saved: '/tmp/clearvla_eval_opaque_66846.png'
36:46.086  render           | Saved: '/tmp/clearvla_eval_opaque_66846.png'
36:46.497  render           | Saved: '/tmp/clearvla_eval_opaque_66846.png'
36:46.843  render           | Saved: '/tmp/clearvla_eval_opaque_66846.png'
36:47.241  render           | Saved: '/tmp/clearvla_eval_opaque_66846.png'
36:47.569  render           | Saved: '/tmp/clearvla_eval_opaque_66846.png'
36:47.970  render           | Saved: '/tmp/clearvla_eval_opaque_66846.png'
36:48.315  render           | Saved: '/tmp/clearvla_eval_opaque_66846.png'
36:48.749  render           | Saved: '/tmp/clearvla_eval_opaque_66846.png'
36:49.112  render           | Saved: '/tmp/clearvla_eval_opaque_66846.png'
36:49.519  render           | Saved: '/tmp/clearvla_eval_opaque_66846.png'
36:49.871  render           | Saved: '/tmp/clearvla_eval_opaque_66846.png'
36:50.319  render           | Saved: '/tmp/clearvla_eval_opaque_66846.png'
36:50.681  render           | Saved: '/tmp/clearvla_eval_opaque_66846.png'
36:51.111  render           | Saved: '/tmp/clearvla_eval_opaque_66846.png'
36:51.473  render           | Saved: '/tmp/clearvla_eval_opaque_66846.png'
36:51.915  render           | Saved: '/tmp/clearvla_eval_opaque_66846.png'
36:52.286  render           | Saved: '/tmp/clearvla_eval_opaque_66846.png'
36:52.738  render           | Saved: '/tmp/clearvla_eval_opaque_66846.png'
36:53.115  render           | Saved: '/tmp/clearvla_eval_opaque_66846.png'
36:53.584  render           | Saved: '/tmp/clearvla_eval_opaque_66846.png'
36:53.949  render           | Saved: '/tmp/clearvla_eval_opaque_66846.png'
36:54.401  render           | Saved: '/tmp/clearvla_eval_opaque_66846.png'
36:54.775  render           | Saved: '/tmp/clearvla_eval_opaque_66846.png'
36:55.239  render           | Saved: '/tmp/clearvla_eval_opaque_66846.png'
36:55.607  render           | Saved: '/tmp/clearvla_eval_opaque_66846.png'
36:56.054  render           | Saved: '/tmp/clearvla_eval_opaque_66846.png'
36:56.414  render           | Saved: '/tmp/clearvla_eval_opaque_66846.png'
36:56.849  render           | Saved: '/tmp/clearvla_eval_opaque_66846.png'
36:57.231  render           | Saved: '/tmp/clearvla_eval_opaque_66846.png'
36:57.690  render           | Saved: '/tmp/clearvla_eval_opaque_66846.png'
36:58.068  render           | Saved: '/tmp/clearvla_eval_opaque_66846.png'
36:58.553  render           | Saved: '/tmp/clearvla_eval_opaque_66846.png'
36:58.946  render           | Saved: '/tmp/clearvla_eval_opaque_66846.png'
36:59.427  render           | Saved: '/tmp/clearvla_eval_opaque_66846.png'
36:59.772  render           | Saved: '/tmp/clearvla_eval_opaque_66846.png'
37:00.215  render           | Saved: '/tmp/clearvla_eval_opaque_66846.png'
37:00.597  render           | Saved: '/tmp/clearvla_eval_opaque_66846.png'
37:01.060  render           | Saved: '/tmp/clearvla_eval_opaque_66846.png'
37:01.437  render           | Saved: '/tmp/clearvla_eval_opaque_66846.png'
37:01.897  render           | Saved: '/tmp/clearvla_eval_opaque_66846.png'
37:02.256  render           | Saved: '/tmp/clearvla_eval_opaque_66846.png'
37:02.707  render           | Saved: '/tmp/clearvla_eval_opaque_66846.png'
37:03.076  render           | Saved: '/tmp/clearvla_eval_opaque_66846.png'
37:04.330  render           | Saved: '/tmp/clearvla_eval_opaque_66846.png'
37:04.673  render           | Saved: '/tmp/clearvla_eval_opaque_66846.png'
37:05.106  render           | Saved: '/tmp/clearvla_eval_opaque_66846.png'
37:05.470  render           | Saved: '/tmp/clearvla_eval_opaque_66846.png'
37:05.916  render           | Saved: '/tmp/clearvla_eval_opaque_66846.png'
37:06.289  render           | Saved: '/tmp/clearvla_eval_opaque_66846.png'
37:06.745  render           | Saved: '/tmp/clearvla_eval_opaque_66846.png'
37:07.094  render           | Saved: '/tmp/clearvla_eval_opaque_66846.png'
37:07.524  render           | Saved: '/tmp/clearvla_eval_opaque_66846.png'
37:07.901  render           | Saved: '/tmp/clearvla_eval_opaque_66846.png'
37:08.345  render           | Saved: '/tmp/clearvla_eval_opaque_66846.png'
37:08.711  render           | Saved: '/tmp/clearvla_eval_opaque_66846.png'
37:09.146  render           | Saved: '/tmp/clearvla_eval_opaque_66846.png'
37:09.513  render           | Saved: '/tmp/clearvla_eval_opaque_66846.png'
37:09.950  render           | Saved: '/tmp/clearvla_eval_opaque_66846.png'
37:10.307  render           | Saved: '/tmp/clearvla_eval_opaque_66846.png'
37:10.726  render           | Saved: '/tmp/clearvla_eval_opaque_66846.png'
37:11.100  render           | Saved: '/tmp/clearvla_eval_opaque_66846.png'
37:11.532  render           | Saved: '/tmp/clearvla_eval_opaque_66846.png'
37:11.897  render           | Saved: '/tmp/clearvla_eval_opaque_66846.png'
37:12.344  render           | Saved: '/tmp/clearvla_eval_opaque_66846.png'
37:12.720  render           | Saved: '/tmp/clearvla_eval_opaque_66846.png'
37:13.183  render           | Saved: '/tmp/clearvla_eval_opaque_66846.png'
37:13.571  render           | Saved: '/tmp/clearvla_eval_opaque_66846.png'
37:14.034  render           | Saved: '/tmp/clearvla_eval_opaque_66846.png'
37:14.424  render           | Saved: '/tmp/clearvla_eval_opaque_66846.png'
37:14.874  render           | Saved: '/tmp/clearvla_eval_opaque_66846.png'
37:15.226  render           | Saved: '/tmp/clearvla_eval_opaque_66846.png'
37:15.669  render           | Saved: '/tmp/clearvla_eval_opaque_66846.png'
37:16.053  render           | Saved: '/tmp/clearvla_eval_opaque_66846.png'
37:16.505  render           | Saved: '/tmp/clearvla_eval_opaque_66846.png'
37:16.886  render           | Saved: '/tmp/clearvla_eval_opaque_66846.png'
37:17.343  render           | Saved: '/tmp/clearvla_eval_opaque_66846.png'
37:17.729  render           | Saved: '/tmp/clearvla_eval_opaque_66846.png'
37:18.178  render           | Saved: '/tmp/clearvla_eval_opaque_66846.png'
37:18.559  render           | Saved: '/tmp/clearvla_eval_opaque_66846.png'
37:19.042  render           | Saved: '/tmp/clearvla_eval_opaque_66846.png'
37:19.423  render           | Saved: '/tmp/clearvla_eval_opaque_66846.png'
37:19.839  render           | Saved: '/tmp/clearvla_eval_opaque_66846.png'
37:20.193  render           | Saved: '/tmp/clearvla_eval_opaque_66846.png'
37:20.598  render           | Saved: '/tmp/clearvla_eval_opaque_66846.png'
37:20.924  render           | Saved: '/tmp/clearvla_eval_opaque_66846.png'
37:21.315  render           | Saved: '/tmp/clearvla_eval_opaque_66846.png'
37:21.646  render           | Saved: '/tmp/clearvla_eval_opaque_66846.png'
37:22.063  render           | Saved: '/tmp/clearvla_eval_opaque_66846.png'
37:22.409  render           | Saved: '/tmp/clearvla_eval_opaque_66846.png'
37:22.794  render           | Saved: '/tmp/clearvla_eval_opaque_66846.png'
37:23.138  render           | Saved: '/tmp/clearvla_eval_opaque_66846.png'
37:23.520  render           | Saved: '/tmp/clearvla_eval_opaque_66846.png'
37:23.860  render           | Saved: '/tmp/clearvla_eval_opaque_66846.png'
37:24.239  render           | Saved: '/tmp/clearvla_eval_opaque_66846.png'
37:24.595  render           | Saved: '/tmp/clearvla_eval_opaque_66846.png'
37:25.022  render           | Saved: '/tmp/clearvla_eval_opaque_66846.png'
37:25.389  render           | Saved: '/tmp/clearvla_eval_opaque_66846.png'
37:25.833  render           | Saved: '/tmp/clearvla_eval_opaque_66846.png'
37:26.203  render           | Saved: '/tmp/clearvla_eval_opaque_66846.png'
37:26.648  render           | Saved: '/tmp/clearvla_eval_opaque_66846.png'
37:27.010  render           | Saved: '/tmp/clearvla_eval_opaque_66846.png'
37:27.450  render           | Saved: '/tmp/clearvla_eval_opaque_66846.png'
37:27.827  render           | Saved: '/tmp/clearvla_eval_opaque_66846.png'
37:28.279  render           | Saved: '/tmp/clearvla_eval_opaque_66846.png'
37:28.653  render           | Saved: '/tmp/clearvla_eval_opaque_66846.png'
37:29.095  render           | Saved: '/tmp/clearvla_eval_opaque_66846.png'
37:29.459  render           | Saved: '/tmp/clearvla_eval_opaque_66846.png'
37:29.917  render           | Saved: '/tmp/clearvla_eval_opaque_66846.png'
37:30.315  render           | Saved: '/tmp/clearvla_eval_opaque_66846.png'
37:30.780  render           | Saved: '/tmp/clearvla_eval_opaque_66846.png'
37:31.142  render           | Saved: '/tmp/clearvla_eval_opaque_66846.png'
37:31.544  render           | Saved: '/tmp/clearvla_eval_opaque_66846.png'
37:31.919  render           | Saved: '/tmp/clearvla_eval_opaque_66846.png'
37:32.380  render           | Saved: '/tmp/clearvla_eval_opaque_66846.png'
37:32.747  render           | Saved: '/tmp/clearvla_eval_opaque_66846.png'
37:33.218  render           | Saved: '/tmp/clearvla_eval_opaque_66846.png'
37:33.587  render           | Saved: '/tmp/clearvla_eval_opaque_66846.png'
37:33.989  render           | Saved: '/tmp/clearvla_eval_opaque_66846.png'
37:34.353  render           | Saved: '/tmp/clearvla_eval_opaque_66846.png'
37:35.633  render           | Saved: '/tmp/clearvla_eval_opaque_66846.png'
37:35.960  render           | Saved: '/tmp/clearvla_eval_opaque_66846.png'
37:36.370  render           | Saved: '/tmp/clearvla_eval_opaque_66846.png'
37:36.727  render           | Saved: '/tmp/clearvla_eval_opaque_66846.png'
37:37.169  render           | Saved: '/tmp/clearvla_eval_opaque_66846.png'
37:37.542  render           | Saved: '/tmp/clearvla_eval_opaque_66846.png'
37:38.000  render           | Saved: '/tmp/clearvla_eval_opaque_66846.png'
37:38.373  render           | Saved: '/tmp/clearvla_eval_opaque_66846.png'
37:38.818  render           | Saved: '/tmp/clearvla_eval_opaque_66846.png'
37:39.179  render           | Saved: '/tmp/clearvla_eval_opaque_66846.png'
37:39.586  render           | Saved: '/tmp/clearvla_eval_opaque_66846.png'
37:39.952  render           | Saved: '/tmp/clearvla_eval_opaque_66846.png'
37:40.411  render           | Saved: '/tmp/clearvla_eval_opaque_66846.png'
37:40.794  render           | Saved: '/tmp/clearvla_eval_opaque_66846.png'
37:41.253  render           | Saved: '/tmp/clearvla_eval_opaque_66846.png'
37:41.618  render           | Saved: '/tmp/clearvla_eval_opaque_66846.png'
37:42.081  render           | Saved: '/tmp/clearvla_eval_opaque_66846.png'
37:42.430  render           | Saved: '/tmp/clearvla_eval_opaque_66846.png'
37:42.886  render           | Saved: '/tmp/clearvla_eval_opaque_66846.png'
37:43.272  render           | Saved: '/tmp/clearvla_eval_opaque_66846.png'
37:43.729  render           | Saved: '/tmp/clearvla_eval_opaque_66846.png'
37:44.097  render           | Saved: '/tmp/clearvla_eval_opaque_66846.png'
37:44.568  render           | Saved: '/tmp/clearvla_eval_opaque_66846.png'
37:44.951  render           | Saved: '/tmp/clearvla_eval_opaque_66846.png'
37:45.395  render           | Saved: '/tmp/clearvla_eval_opaque_66846.png'
37:45.734  render           | Saved: '/tmp/clearvla_eval_opaque_66846.png'
37:46.123  render           | Saved: '/tmp/clearvla_eval_opaque_66846.png'
37:46.463  render           | Saved: '/tmp/clearvla_eval_opaque_66846.png'
37:46.847  render           | Saved: '/tmp/clearvla_eval_opaque_66846.png'
37:47.212  render           | Saved: '/tmp/clearvla_eval_opaque_66846.png'
37:47.642  render           | Saved: '/tmp/clearvla_eval_opaque_66846.png'
37:48.010  render           | Saved: '/tmp/clearvla_eval_opaque_66846.png'
37:48.453  render           | Saved: '/tmp/clearvla_eval_opaque_66846.png'
37:48.815  render           | Saved: '/tmp/clearvla_eval_opaque_66846.png'
37:49.255  render           | Saved: '/tmp/clearvla_eval_opaque_66846.png'
37:49.625  render           | Saved: '/tmp/clearvla_eval_opaque_66846.png'
37:50.082  render           | Saved: '/tmp/clearvla_eval_opaque_66846.png'
37:50.457  render           | Saved: '/tmp/clearvla_eval_opaque_66846.png'
37:50.875  render           | Saved: '/tmp/clearvla_eval_opaque_66846.png'
37:51.217  render           | Saved: '/tmp/clearvla_eval_opaque_66846.png'
37:51.605  render           | Saved: '/tmp/clearvla_eval_opaque_66846.png'
37:51.923  render           | Saved: '/tmp/clearvla_eval_opaque_66846.png'
37:52.298  render           | Saved: '/tmp/clearvla_eval_opaque_66846.png'
37:52.621  render           | Saved: '/tmp/clearvla_eval_opaque_66846.png'
37:53.003  render           | Saved: '/tmp/clearvla_eval_opaque_66846.png'
37:53.356  render           | Saved: '/tmp/clearvla_eval_opaque_66846.png'
37:53.741  render           | Saved: '/tmp/clearvla_eval_opaque_66846.png'
37:54.127  render           | Saved: '/tmp/clearvla_eval_opaque_66846.png'
37:54.518  render           | Saved: '/tmp/clearvla_eval_opaque_66846.png'
37:54.892  render           | Saved: '/tmp/clearvla_eval_opaque_66846.png'
37:55.287  render           | Saved: '/tmp/clearvla_eval_opaque_66846.png'
37:55.615  render           | Saved: '/tmp/clearvla_eval_opaque_66846.png'
37:56.048  render           | Saved: '/tmp/clearvla_eval_opaque_66846.png'
37:56.368  render           | Saved: '/tmp/clearvla_eval_opaque_66846.png'
37:56.800  render           | Saved: '/tmp/clearvla_eval_opaque_66846.png'
37:57.115  render           | Saved: '/tmp/clearvla_eval_opaque_66846.png'
37:57.548  render           | Saved: '/tmp/clearvla_eval_opaque_66846.png'
37:57.870  render           | Saved: '/tmp/clearvla_eval_opaque_66846.png'
37:58.310  render           | Saved: '/tmp/clearvla_eval_opaque_66846.png'
37:58.626  render           | Saved: '/tmp/clearvla_eval_opaque_66846.png'
37:59.056  render           | Saved: '/tmp/clearvla_eval_opaque_66846.png'
37:59.378  render           | Saved: '/tmp/clearvla_eval_opaque_66846.png'
37:59.808  render           | Saved: '/tmp/clearvla_eval_opaque_66846.png'
38:00.128  render           | Saved: '/tmp/clearvla_eval_opaque_66846.png'
38:00.555  render           | Saved: '/tmp/clearvla_eval_opaque_66846.png'
38:00.877  render           | Saved: '/tmp/clearvla_eval_opaque_66846.png'
38:01.320  render           | Saved: '/tmp/clearvla_eval_opaque_66846.png'
38:01.636  render           | Saved: '/tmp/clearvla_eval_opaque_66846.png'
38:02.069  render           | Saved: '/tmp/clearvla_eval_opaque_66846.png'
38:02.388  render           | Saved: '/tmp/clearvla_eval_opaque_66846.png'
38:02.821  render           | Saved: '/tmp/clearvla_eval_opaque_66846.png'
38:03.138  render           | Saved: '/tmp/clearvla_eval_opaque_66846.png'
38:03.564  render           | Saved: '/tmp/clearvla_eval_opaque_66846.png'
38:03.894  render           | Saved: '/tmp/clearvla_eval_opaque_66846.png'
38:04.332  render           | Saved: '/tmp/clearvla_eval_opaque_66846.png'
38:04.654  render           | Saved: '/tmp/clearvla_eval_opaque_66846.png'
38:05.917  render           | Saved: '/tmp/clearvla_eval_opaque_66846.png'
38:06.299  render           | Saved: '/tmp/clearvla_eval_opaque_66846.png'
38:06.703  render           | Saved: '/tmp/clearvla_eval_opaque_66846.png'
38:07.062  render           | Saved: '/tmp/clearvla_eval_opaque_66846.png'
38:07.457  render           | Saved: '/tmp/clearvla_eval_opaque_66846.png'
38:07.807  render           | Saved: '/tmp/clearvla_eval_opaque_66846.png'
38:08.213  render           | Saved: '/tmp/clearvla_eval_opaque_66846.png'
38:08.531  render           | Saved: '/tmp/clearvla_eval_opaque_66846.png'
38:08.949  render           | Saved: '/tmp/clearvla_eval_opaque_66846.png'
38:09.275  render           | Saved: '/tmp/clearvla_eval_opaque_66846.png'
38:09.682  render           | Saved: '/tmp/clearvla_eval_opaque_66846.png'
38:10.021  render           | Saved: '/tmp/clearvla_eval_opaque_66846.png'
38:10.458  render           | Saved: '/tmp/clearvla_eval_opaque_66846.png'
38:10.777  render           | Saved: '/tmp/clearvla_eval_opaque_66846.png'
38:11.207  render           | Saved: '/tmp/clearvla_eval_opaque_66846.png'
38:11.524  render           | Saved: '/tmp/clearvla_eval_opaque_66846.png'
38:11.971  render           | Saved: '/tmp/clearvla_eval_opaque_66846.png'
38:12.292  render           | Saved: '/tmp/clearvla_eval_opaque_66846.png'
38:12.735  render           | Saved: '/tmp/clearvla_eval_opaque_66846.png'
38:13.052  render           | Saved: '/tmp/clearvla_eval_opaque_66846.png'
38:13.492  render           | Saved: '/tmp/clearvla_eval_opaque_66846.png'
38:13.809  render           | Saved: '/tmp/clearvla_eval_opaque_66846.png'
38:14.246  render           | Saved: '/tmp/clearvla_eval_opaque_66846.png'
38:14.565  render           | Saved: '/tmp/clearvla_eval_opaque_66846.png'
38:14.960  render           | Saved: '/tmp/clearvla_eval_opaque_66846.png'
38:15.286  render           | Saved: '/tmp/clearvla_eval_opaque_66846.png'
38:15.698  render           | Saved: '/tmp/clearvla_eval_opaque_66846.png'
38:16.024  render           | Saved: '/tmp/clearvla_eval_opaque_66846.png'
38:16.436  render           | Saved: '/tmp/clearvla_eval_opaque_66846.png'
38:16.781  render           | Saved: '/tmp/clearvla_eval_opaque_66846.png'
38:17.216  render           | Saved: '/tmp/clearvla_eval_opaque_66846.png'
38:17.532  render           | Saved: '/tmp/clearvla_eval_opaque_66846.png'
38:17.963  render           | Saved: '/tmp/clearvla_eval_opaque_66846.png'
38:18.284  render           | Saved: '/tmp/clearvla_eval_opaque_66846.png'
38:18.723  render           | Saved: '/tmp/clearvla_eval_opaque_66846.png'
38:19.040  render           | Saved: '/tmp/clearvla_eval_opaque_66846.png'
38:19.472  render           | Saved: '/tmp/clearvla_eval_opaque_66846.png'
38:19.795  render           | Saved: '/tmp/clearvla_eval_opaque_66846.png'
38:20.230  render           | Saved: '/tmp/clearvla_eval_opaque_66846.png'
38:20.559  render           | Saved: '/tmp/clearvla_eval_opaque_66846.png'
38:20.971  render           | Saved: '/tmp/clearvla_eval_opaque_66846.png'
38:21.308  render           | Saved: '/tmp/clearvla_eval_opaque_66846.png'
38:21.692  render           | Saved: '/tmp/clearvla_eval_opaque_66846.png'
38:22.024  render           | Saved: '/tmp/clearvla_eval_opaque_66846.png'
38:22.440  render           | Saved: '/tmp/clearvla_eval_opaque_66846.png'
38:22.797  render           | Saved: '/tmp/clearvla_eval_opaque_66846.png'
38:23.238  render           | Saved: '/tmp/clearvla_eval_opaque_66846.png'
38:23.614  render           | Saved: '/tmp/clearvla_eval_opaque_66846.png'
38:24.057  render           | Saved: '/tmp/clearvla_eval_opaque_66846.png'
38:24.398  render           | Saved: '/tmp/clearvla_eval_opaque_66846.png'
38:24.802  render           | Saved: '/tmp/clearvla_eval_opaque_66846.png'
38:25.153  render           | Saved: '/tmp/clearvla_eval_opaque_66846.png'
38:25.578  render           | Saved: '/tmp/clearvla_eval_opaque_66846.png'
38:25.946  render           | Saved: '/tmp/clearvla_eval_opaque_66846.png'
38:26.384  render           | Saved: '/tmp/clearvla_eval_opaque_66846.png'
38:26.759  render           | Saved: '/tmp/clearvla_eval_opaque_66846.png'
38:27.222  render           | Saved: '/tmp/clearvla_eval_opaque_66846.png'
38:27.619  render           | Saved: '/tmp/clearvla_eval_opaque_66846.png'
38:28.071  render           | Saved: '/tmp/clearvla_eval_opaque_66846.png'
38:28.445  render           | Saved: '/tmp/clearvla_eval_opaque_66846.png'
38:28.884  render           | Saved: '/tmp/clearvla_eval_opaque_66846.png'
38:29.257  render           | Saved: '/tmp/clearvla_eval_opaque_66846.png'
38:29.726  render           | Saved: '/tmp/clearvla_eval_opaque_66846.png'
38:30.104  render           | Saved: '/tmp/clearvla_eval_opaque_66846.png'
38:30.559  render           | Saved: '/tmp/clearvla_eval_opaque_66846.png'
38:30.927  render           | Saved: '/tmp/clearvla_eval_opaque_66846.png'
38:31.378  render           | Saved: '/tmp/clearvla_eval_opaque_66846.png'
38:31.756  render           | Saved: '/tmp/clearvla_eval_opaque_66846.png'
38:32.210  render           | Saved: '/tmp/clearvla_eval_opaque_66846.png'
38:32.580  render           | Saved: '/tmp/clearvla_eval_opaque_66846.png'
38:33.028  render           | Saved: '/tmp/clearvla_eval_opaque_66846.png'
38:33.404  render           | Saved: '/tmp/clearvla_eval_opaque_66846.png'
38:33.837  render           | Saved: '/tmp/clearvla_eval_opaque_66846.png'
38:34.217  render           | Saved: '/tmp/clearvla_eval_opaque_66846.png'
38:34.695  render           | Saved: '/tmp/clearvla_eval_opaque_66846.png'
38:35.085  render           | Saved: '/tmp/clearvla_eval_opaque_66846.png'
[full/opaque] pour: 2/20  (38.5 min, 29.6 s/ep)
38:36.355  render           | Saved: '/tmp/clearvla_eval_opaque_66846.png'
38:36.678  render           | Saved: '/tmp/clearvla_eval_opaque_66846.png'
38:37.081  render           | Saved: '/tmp/clearvla_eval_opaque_66846.png'
38:37.439  render           | Saved: '/tmp/clearvla_eval_opaque_66846.png'
38:37.893  render           | Saved: '/tmp/clearvla_eval_opaque_66846.png'
38:38.247  render           | Saved: '/tmp/clearvla_eval_opaque_66846.png'
38:38.685  render           | Saved: '/tmp/clearvla_eval_opaque_66846.png'
38:39.039  render           | Saved: '/tmp/clearvla_eval_opaque_66846.png'
38:39.466  render           | Saved: '/tmp/clearvla_eval_opaque_66846.png'
38:39.813  render           | Saved: '/tmp/clearvla_eval_opaque_66846.png'
38:40.256  render           | Saved: '/tmp/clearvla_eval_opaque_66846.png'
38:40.627  render           | Saved: '/tmp/clearvla_eval_opaque_66846.png'
38:41.084  render           | Saved: '/tmp/clearvla_eval_opaque_66846.png'
38:41.452  render           | Saved: '/tmp/clearvla_eval_opaque_66846.png'
38:41.899  render           | Saved: '/tmp/clearvla_eval_opaque_66846.png'
38:42.275  render           | Saved: '/tmp/clearvla_eval_opaque_66846.png'
38:42.729  render           | Saved: '/tmp/clearvla_eval_opaque_66846.png'
38:43.090  render           | Saved: '/tmp/clearvla_eval_opaque_66846.png'
38:43.547  render           | Saved: '/tmp/clearvla_eval_opaque_66846.png'
38:43.923  render           | Saved: '/tmp/clearvla_eval_opaque_66846.png'
38:44.387  render           | Saved: '/tmp/clearvla_eval_opaque_66846.png'
38:44.757  render           | Saved: '/tmp/clearvla_eval_opaque_66846.png'
38:45.213  render           | Saved: '/tmp/clearvla_eval_opaque_66846.png'
38:45.585  render           | Saved: '/tmp/clearvla_eval_opaque_66846.png'
38:46.049  render           | Saved: '/tmp/clearvla_eval_opaque_66846.png'
38:46.435  render           | Saved: '/tmp/clearvla_eval_opaque_66846.png'
38:46.907  render           | Saved: '/tmp/clearvla_eval_opaque_66846.png'
38:47.301  render           | Saved: '/tmp/clearvla_eval_opaque_66846.png'
38:47.771  render           | Saved: '/tmp/clearvla_eval_opaque_66846.png'
38:48.154  render           | Saved: '/tmp/clearvla_eval_opaque_66846.png'
38:48.612  render           | Saved: '/tmp/clearvla_eval_opaque_66846.png'
38:48.999  render           | Saved: '/tmp/clearvla_eval_opaque_66846.png'
38:49.470  render           | Saved: '/tmp/clearvla_eval_opaque_66846.png'
38:49.821  render           | Saved: '/tmp/clearvla_eval_opaque_66846.png'
38:50.264  render           | Saved: '/tmp/clearvla_eval_opaque_66846.png'
38:50.632  render           | Saved: '/tmp/clearvla_eval_opaque_66846.png'
38:51.095  render           | Saved: '/tmp/clearvla_eval_opaque_66846.png'
38:51.461  render           | Saved: '/tmp/clearvla_eval_opaque_66846.png'
38:51.922  render           | Saved: '/tmp/clearvla_eval_opaque_66846.png'
38:52.273  render           | Saved: '/tmp/clearvla_eval_opaque_66846.png'
38:52.685  render           | Saved: '/tmp/clearvla_eval_opaque_66846.png'
38:53.021  render           | Saved: '/tmp/clearvla_eval_opaque_66846.png'
38:53.435  render           | Saved: '/tmp/clearvla_eval_opaque_66846.png'
38:53.753  render           | Saved: '/tmp/clearvla_eval_opaque_66846.png'
38:54.163  render           | Saved: '/tmp/clearvla_eval_opaque_66846.png'
38:54.503  render           | Saved: '/tmp/clearvla_eval_opaque_66846.png'
38:54.903  render           | Saved: '/tmp/clearvla_eval_opaque_66846.png'
38:55.270  render           | Saved: '/tmp/clearvla_eval_opaque_66846.png'
38:55.668  render           | Saved: '/tmp/clearvla_eval_opaque_66846.png'
38:55.997  render           | Saved: '/tmp/clearvla_eval_opaque_66846.png'
38:56.413  render           | Saved: '/tmp/clearvla_eval_opaque_66846.png'
38:56.746  render           | Saved: '/tmp/clearvla_eval_opaque_66846.png'
38:57.164  render           | Saved: '/tmp/clearvla_eval_opaque_66846.png'
38:57.481  render           | Saved: '/tmp/clearvla_eval_opaque_66846.png'
38:57.909  render           | Saved: '/tmp/clearvla_eval_opaque_66846.png'
38:58.236  render           | Saved: '/tmp/clearvla_eval_opaque_66846.png'
38:58.648  render           | Saved: '/tmp/clearvla_eval_opaque_66846.png'
38:58.977  render           | Saved: '/tmp/clearvla_eval_opaque_66846.png'
38:59.373  render           | Saved: '/tmp/clearvla_eval_opaque_66846.png'
38:59.711  render           | Saved: '/tmp/clearvla_eval_opaque_66846.png'
39:00.111  render           | Saved: '/tmp/clearvla_eval_opaque_66846.png'
39:00.452  render           | Saved: '/tmp/clearvla_eval_opaque_66846.png'
39:00.851  render           | Saved: '/tmp/clearvla_eval_opaque_66846.png'
39:01.176  render           | Saved: '/tmp/clearvla_eval_opaque_66846.png'
39:01.578  render           | Saved: '/tmp/clearvla_eval_opaque_66846.png'
39:01.918  render           | Saved: '/tmp/clearvla_eval_opaque_66846.png'
39:02.317  render           | Saved: '/tmp/clearvla_eval_opaque_66846.png'
39:02.642  render           | Saved: '/tmp/clearvla_eval_opaque_66846.png'
39:03.060  render           | Saved: '/tmp/clearvla_eval_opaque_66846.png'
39:03.383  render           | Saved: '/tmp/clearvla_eval_opaque_66846.png'
39:03.802  render           | Saved: '/tmp/clearvla_eval_opaque_66846.png'
39:04.126  render           | Saved: '/tmp/clearvla_eval_opaque_66846.png'
39:04.549  render           | Saved: '/tmp/clearvla_eval_opaque_66846.png'
39:04.872  render           | Saved: '/tmp/clearvla_eval_opaque_66846.png'
39:05.292  render           | Saved: '/tmp/clearvla_eval_opaque_66846.png'
39:05.618  render           | Saved: '/tmp/clearvla_eval_opaque_66846.png'
39:06.914  render           | Saved: '/tmp/clearvla_eval_opaque_66846.png'
39:07.232  render           | Saved: '/tmp/clearvla_eval_opaque_66846.png'
39:07.696  render           | Saved: '/tmp/clearvla_eval_opaque_66846.png'
39:08.014  render           | Saved: '/tmp/clearvla_eval_opaque_66846.png'
39:08.451  render           | Saved: '/tmp/clearvla_eval_opaque_66846.png'
39:08.775  render           | Saved: '/tmp/clearvla_eval_opaque_66846.png'
39:09.187  render           | Saved: '/tmp/clearvla_eval_opaque_66846.png'
39:09.518  render           | Saved: '/tmp/clearvla_eval_opaque_66846.png'
39:09.941  render           | Saved: '/tmp/clearvla_eval_opaque_66846.png'
39:10.299  render           | Saved: '/tmp/clearvla_eval_opaque_66846.png'
39:10.779  render           | Saved: '/tmp/clearvla_eval_opaque_66846.png'
39:11.135  render           | Saved: '/tmp/clearvla_eval_opaque_66846.png'
39:11.587  render           | Saved: '/tmp/clearvla_eval_opaque_66846.png'
39:11.961  render           | Saved: '/tmp/clearvla_eval_opaque_66846.png'
39:12.417  render           | Saved: '/tmp/clearvla_eval_opaque_66846.png'
39:12.791  render           | Saved: '/tmp/clearvla_eval_opaque_66846.png'
39:13.243  render           | Saved: '/tmp/clearvla_eval_opaque_66846.png'
39:13.613  render           | Saved: '/tmp/clearvla_eval_opaque_66846.png'
39:14.057  render           | Saved: '/tmp/clearvla_eval_opaque_66846.png'
39:14.429  render           | Saved: '/tmp/clearvla_eval_opaque_66846.png'
39:14.888  render           | Saved: '/tmp/clearvla_eval_opaque_66846.png'
39:15.249  render           | Saved: '/tmp/clearvla_eval_opaque_66846.png'
39:15.697  render           | Saved: '/tmp/clearvla_eval_opaque_66846.png'
39:16.070  render           | Saved: '/tmp/clearvla_eval_opaque_66846.png'
39:16.536  render           | Saved: '/tmp/clearvla_eval_opaque_66846.png'
39:16.914  render           | Saved: '/tmp/clearvla_eval_opaque_66846.png'
39:17.403  render           | Saved: '/tmp/clearvla_eval_opaque_66846.png'
39:17.787  render           | Saved: '/tmp/clearvla_eval_opaque_66846.png'
39:18.227  render           | Saved: '/tmp/clearvla_eval_opaque_66846.png'
39:18.596  render           | Saved: '/tmp/clearvla_eval_opaque_66846.png'
39:19.055  render           | Saved: '/tmp/clearvla_eval_opaque_66846.png'
39:19.438  render           | Saved: '/tmp/clearvla_eval_opaque_66846.png'
39:19.901  render           | Saved: '/tmp/clearvla_eval_opaque_66846.png'
39:20.277  render           | Saved: '/tmp/clearvla_eval_opaque_66846.png'
39:20.735  render           | Saved: '/tmp/clearvla_eval_opaque_66846.png'
39:21.100  render           | Saved: '/tmp/clearvla_eval_opaque_66846.png'
39:21.546  render           | Saved: '/tmp/clearvla_eval_opaque_66846.png'
39:21.925  render           | Saved: '/tmp/clearvla_eval_opaque_66846.png'
39:22.385  render           | Saved: '/tmp/clearvla_eval_opaque_66846.png'
39:22.756  render           | Saved: '/tmp/clearvla_eval_opaque_66846.png'
39:23.204  render           | Saved: '/tmp/clearvla_eval_opaque_66846.png'
39:23.584  render           | Saved: '/tmp/clearvla_eval_opaque_66846.png'
39:24.040  render           | Saved: '/tmp/clearvla_eval_opaque_66846.png'
39:24.404  render           | Saved: '/tmp/clearvla_eval_opaque_66846.png'
39:24.841  render           | Saved: '/tmp/clearvla_eval_opaque_66846.png'
39:25.220  render           | Saved: '/tmp/clearvla_eval_opaque_66846.png'
39:25.665  render           | Saved: '/tmp/clearvla_eval_opaque_66846.png'
39:26.042  render           | Saved: '/tmp/clearvla_eval_opaque_66846.png'
39:26.499  render           | Saved: '/tmp/clearvla_eval_opaque_66846.png'
39:26.880  render           | Saved: '/tmp/clearvla_eval_opaque_66846.png'
39:27.346  render           | Saved: '/tmp/clearvla_eval_opaque_66846.png'
39:27.721  render           | Saved: '/tmp/clearvla_eval_opaque_66846.png'
39:28.174  render           | Saved: '/tmp/clearvla_eval_opaque_66846.png'
39:28.524  render           | Saved: '/tmp/clearvla_eval_opaque_66846.png'
39:28.970  render           | Saved: '/tmp/clearvla_eval_opaque_66846.png'
39:29.344  render           | Saved: '/tmp/clearvla_eval_opaque_66846.png'
39:29.798  render           | Saved: '/tmp/clearvla_eval_opaque_66846.png'
39:30.172  render           | Saved: '/tmp/clearvla_eval_opaque_66846.png'
39:30.619  render           | Saved: '/tmp/clearvla_eval_opaque_66846.png'
39:30.952  render           | Saved: '/tmp/clearvla_eval_opaque_66846.png'
39:31.401  render           | Saved: '/tmp/clearvla_eval_opaque_66846.png'
39:31.776  render           | Saved: '/tmp/clearvla_eval_opaque_66846.png'
39:32.216  render           | Saved: '/tmp/clearvla_eval_opaque_66846.png'
39:32.581  render           | Saved: '/tmp/clearvla_eval_opaque_66846.png'
39:33.030  render           | Saved: '/tmp/clearvla_eval_opaque_66846.png'
39:33.404  render           | Saved: '/tmp/clearvla_eval_opaque_66846.png'
39:33.871  render           | Saved: '/tmp/clearvla_eval_opaque_66846.png'
39:34.239  render           | Saved: '/tmp/clearvla_eval_opaque_66846.png'
39:34.676  render           | Saved: '/tmp/clearvla_eval_opaque_66846.png'
39:35.020  render           | Saved: '/tmp/clearvla_eval_opaque_66846.png'
39:35.461  render           | Saved: '/tmp/clearvla_eval_opaque_66846.png'
39:35.829  render           | Saved: '/tmp/clearvla_eval_opaque_66846.png'
39:36.281  render           | Saved: '/tmp/clearvla_eval_opaque_66846.png'
39:36.648  render           | Saved: '/tmp/clearvla_eval_opaque_66846.png'
39:37.097  render           | Saved: '/tmp/clearvla_eval_opaque_66846.png'
39:37.475  render           | Saved: '/tmp/clearvla_eval_opaque_66846.png'
39:38.764  render           | Saved: '/tmp/clearvla_eval_opaque_66846.png'
39:39.088  render           | Saved: '/tmp/clearvla_eval_opaque_66846.png'
39:39.502  render           | Saved: '/tmp/clearvla_eval_opaque_66846.png'
39:39.858  render           | Saved: '/tmp/clearvla_eval_opaque_66846.png'
39:40.297  render           | Saved: '/tmp/clearvla_eval_opaque_66846.png'
39:40.672  render           | Saved: '/tmp/clearvla_eval_opaque_66846.png'
39:41.077  render           | Saved: '/tmp/clearvla_eval_opaque_66846.png'
39:41.425  render           | Saved: '/tmp/clearvla_eval_opaque_66846.png'
39:41.815  render           | Saved: '/tmp/clearvla_eval_opaque_66846.png'
39:42.146  render           | Saved: '/tmp/clearvla_eval_opaque_66846.png'
39:42.532  render           | Saved: '/tmp/clearvla_eval_opaque_66846.png'
39:42.897  render           | Saved: '/tmp/clearvla_eval_opaque_66846.png'
39:43.293  render           | Saved: '/tmp/clearvla_eval_opaque_66846.png'
39:43.685  render           | Saved: '/tmp/clearvla_eval_opaque_66846.png'
39:44.081  render           | Saved: '/tmp/clearvla_eval_opaque_66846.png'
39:44.435  render           | Saved: '/tmp/clearvla_eval_opaque_66846.png'
39:44.843  render           | Saved: '/tmp/clearvla_eval_opaque_66846.png'
39:45.220  render           | Saved: '/tmp/clearvla_eval_opaque_66846.png'
39:45.613  render           | Saved: '/tmp/clearvla_eval_opaque_66846.png'
39:45.980  render           | Saved: '/tmp/clearvla_eval_opaque_66846.png'
39:46.381  render           | Saved: '/tmp/clearvla_eval_opaque_66846.png'
39:46.717  render           | Saved: '/tmp/clearvla_eval_opaque_66846.png'
39:47.120  render           | Saved: '/tmp/clearvla_eval_opaque_66846.png'
39:47.438  render           | Saved: '/tmp/clearvla_eval_opaque_66846.png'
39:47.873  render           | Saved: '/tmp/clearvla_eval_opaque_66846.png'
39:48.201  render           | Saved: '/tmp/clearvla_eval_opaque_66846.png'
39:48.618  render           | Saved: '/tmp/clearvla_eval_opaque_66846.png'
39:48.939  render           | Saved: '/tmp/clearvla_eval_opaque_66846.png'
39:49.381  render           | Saved: '/tmp/clearvla_eval_opaque_66846.png'
39:49.700  render           | Saved: '/tmp/clearvla_eval_opaque_66846.png'
39:50.142  render           | Saved: '/tmp/clearvla_eval_opaque_66846.png'
39:50.463  render           | Saved: '/tmp/clearvla_eval_opaque_66846.png'
39:50.916  render           | Saved: '/tmp/clearvla_eval_opaque_66846.png'
39:51.231  render           | Saved: '/tmp/clearvla_eval_opaque_66846.png'
39:51.660  render           | Saved: '/tmp/clearvla_eval_opaque_66846.png'
39:51.976  render           | Saved: '/tmp/clearvla_eval_opaque_66846.png'
39:52.380  render           | Saved: '/tmp/clearvla_eval_opaque_66846.png'
39:52.702  render           | Saved: '/tmp/clearvla_eval_opaque_66846.png'
39:53.109  render           | Saved: '/tmp/clearvla_eval_opaque_66846.png'
39:53.426  render           | Saved: '/tmp/clearvla_eval_opaque_66846.png'
39:53.831  render           | Saved: '/tmp/clearvla_eval_opaque_66846.png'
39:54.155  render           | Saved: '/tmp/clearvla_eval_opaque_66846.png'
39:54.574  render           | Saved: '/tmp/clearvla_eval_opaque_66846.png'
39:54.900  render           | Saved: '/tmp/clearvla_eval_opaque_66846.png'
39:55.310  render           | Saved: '/tmp/clearvla_eval_opaque_66846.png'
39:55.633  render           | Saved: '/tmp/clearvla_eval_opaque_66846.png'
39:56.059  render           | Saved: '/tmp/clearvla_eval_opaque_66846.png'
39:56.376  render           | Saved: '/tmp/clearvla_eval_opaque_66846.png'
39:56.808  render           | Saved: '/tmp/clearvla_eval_opaque_66846.png'
39:57.114  render           | Saved: '/tmp/clearvla_eval_opaque_66846.png'
39:57.556  render           | Saved: '/tmp/clearvla_eval_opaque_66846.png'
39:57.870  render           | Saved: '/tmp/clearvla_eval_opaque_66846.png'
39:58.318  render           | Saved: '/tmp/clearvla_eval_opaque_66846.png'
39:58.642  render           | Saved: '/tmp/clearvla_eval_opaque_66846.png'
39:59.064  render           | Saved: '/tmp/clearvla_eval_opaque_66846.png'
39:59.401  render           | Saved: '/tmp/clearvla_eval_opaque_66846.png'
39:59.844  render           | Saved: '/tmp/clearvla_eval_opaque_66846.png'
40:00.203  render           | Saved: '/tmp/clearvla_eval_opaque_66846.png'
40:00.620  render           | Saved: '/tmp/clearvla_eval_opaque_66846.png'
40:00.989  render           | Saved: '/tmp/clearvla_eval_opaque_66846.png'
40:01.459  render           | Saved: '/tmp/clearvla_eval_opaque_66846.png'
40:01.822  render           | Saved: '/tmp/clearvla_eval_opaque_66846.png'
40:02.271  render           | Saved: '/tmp/clearvla_eval_opaque_66846.png'
40:02.638  render           | Saved: '/tmp/clearvla_eval_opaque_66846.png'
40:03.086  render           | Saved: '/tmp/clearvla_eval_opaque_66846.png'
40:03.458  render           | Saved: '/tmp/clearvla_eval_opaque_66846.png'
40:03.911  render           | Saved: '/tmp/clearvla_eval_opaque_66846.png'
40:04.270  render           | Saved: '/tmp/clearvla_eval_opaque_66846.png'
40:04.705  render           | Saved: '/tmp/clearvla_eval_opaque_66846.png'
40:05.058  render           | Saved: '/tmp/clearvla_eval_opaque_66846.png'
40:05.521  render           | Saved: '/tmp/clearvla_eval_opaque_66846.png'
40:05.871  render           | Saved: '/tmp/clearvla_eval_opaque_66846.png'
40:06.324  render           | Saved: '/tmp/clearvla_eval_opaque_66846.png'
40:06.697  render           | Saved: '/tmp/clearvla_eval_opaque_66846.png'
40:07.167  render           | Saved: '/tmp/clearvla_eval_opaque_66846.png'
40:07.537  render           | Saved: '/tmp/clearvla_eval_opaque_66846.png'
40:08.824  render           | Saved: '/tmp/clearvla_eval_opaque_66846.png'
40:09.147  render           | Saved: '/tmp/clearvla_eval_opaque_66846.png'
40:09.553  render           | Saved: '/tmp/clearvla_eval_opaque_66846.png'
40:09.922  render           | Saved: '/tmp/clearvla_eval_opaque_66846.png'
40:10.387  render           | Saved: '/tmp/clearvla_eval_opaque_66846.png'
40:10.782  render           | Saved: '/tmp/clearvla_eval_opaque_66846.png'
40:11.263  render           | Saved: '/tmp/clearvla_eval_opaque_66846.png'
40:11.630  render           | Saved: '/tmp/clearvla_eval_opaque_66846.png'
40:12.069  render           | Saved: '/tmp/clearvla_eval_opaque_66846.png'
40:12.435  render           | Saved: '/tmp/clearvla_eval_opaque_66846.png'
40:12.880  render           | Saved: '/tmp/clearvla_eval_opaque_66846.png'
40:13.272  render           | Saved: '/tmp/clearvla_eval_opaque_66846.png'
40:13.733  render           | Saved: '/tmp/clearvla_eval_opaque_66846.png'
40:14.103  render           | Saved: '/tmp/clearvla_eval_opaque_66846.png'
40:14.577  render           | Saved: '/tmp/clearvla_eval_opaque_66846.png'
40:14.960  render           | Saved: '/tmp/clearvla_eval_opaque_66846.png'
40:15.390  render           | Saved: '/tmp/clearvla_eval_opaque_66846.png'
40:15.770  render           | Saved: '/tmp/clearvla_eval_opaque_66846.png'
40:16.232  render           | Saved: '/tmp/clearvla_eval_opaque_66846.png'
40:16.611  render           | Saved: '/tmp/clearvla_eval_opaque_66846.png'
40:17.059  render           | Saved: '/tmp/clearvla_eval_opaque_66846.png'
40:17.438  render           | Saved: '/tmp/clearvla_eval_opaque_66846.png'
40:17.882  render           | Saved: '/tmp/clearvla_eval_opaque_66846.png'
40:18.259  render           | Saved: '/tmp/clearvla_eval_opaque_66846.png'
40:18.715  render           | Saved: '/tmp/clearvla_eval_opaque_66846.png'
40:19.087  render           | Saved: '/tmp/clearvla_eval_opaque_66846.png'
40:19.527  render           | Saved: '/tmp/clearvla_eval_opaque_66846.png'
40:19.873  render           | Saved: '/tmp/clearvla_eval_opaque_66846.png'
40:20.302  render           | Saved: '/tmp/clearvla_eval_opaque_66846.png'
40:20.682  render           | Saved: '/tmp/clearvla_eval_opaque_66846.png'
40:21.133  render           | Saved: '/tmp/clearvla_eval_opaque_66846.png'
40:21.501  render           | Saved: '/tmp/clearvla_eval_opaque_66846.png'
40:21.971  render           | Saved: '/tmp/clearvla_eval_opaque_66846.png'
40:22.358  render           | Saved: '/tmp/clearvla_eval_opaque_66846.png'
40:22.823  render           | Saved: '/tmp/clearvla_eval_opaque_66846.png'
40:23.186  render           | Saved: '/tmp/clearvla_eval_opaque_66846.png'
40:23.634  render           | Saved: '/tmp/clearvla_eval_opaque_66846.png'
40:24.001  render           | Saved: '/tmp/clearvla_eval_opaque_66846.png'
40:24.472  render           | Saved: '/tmp/clearvla_eval_opaque_66846.png'
40:24.830  render           | Saved: '/tmp/clearvla_eval_opaque_66846.png'
40:25.266  render           | Saved: '/tmp/clearvla_eval_opaque_66846.png'
40:25.631  render           | Saved: '/tmp/clearvla_eval_opaque_66846.png'
40:26.091  render           | Saved: '/tmp/clearvla_eval_opaque_66846.png'
40:26.455  render           | Saved: '/tmp/clearvla_eval_opaque_66846.png'
40:26.906  render           | Saved: '/tmp/clearvla_eval_opaque_66846.png'
40:27.293  render           | Saved: '/tmp/clearvla_eval_opaque_66846.png'
40:27.740  render           | Saved: '/tmp/clearvla_eval_opaque_66846.png'
40:28.105  render           | Saved: '/tmp/clearvla_eval_opaque_66846.png'
40:28.562  render           | Saved: '/tmp/clearvla_eval_opaque_66846.png'
40:28.930  render           | Saved: '/tmp/clearvla_eval_opaque_66846.png'
40:29.395  render           | Saved: '/tmp/clearvla_eval_opaque_66846.png'
40:29.759  render           | Saved: '/tmp/clearvla_eval_opaque_66846.png'
40:30.213  render           | Saved: '/tmp/clearvla_eval_opaque_66846.png'
40:30.580  render           | Saved: '/tmp/clearvla_eval_opaque_66846.png'
40:31.000  render           | Saved: '/tmp/clearvla_eval_opaque_66846.png'
40:31.328  render           | Saved: '/tmp/clearvla_eval_opaque_66846.png'
40:31.742  render           | Saved: '/tmp/clearvla_eval_opaque_66846.png'
40:32.061  render           | Saved: '/tmp/clearvla_eval_opaque_66846.png'
40:32.453  render           | Saved: '/tmp/clearvla_eval_opaque_66846.png'
40:32.821  render           | Saved: '/tmp/clearvla_eval_opaque_66846.png'
40:33.205  render           | Saved: '/tmp/clearvla_eval_opaque_66846.png'
40:33.554  render           | Saved: '/tmp/clearvla_eval_opaque_66846.png'
40:33.959  render           | Saved: '/tmp/clearvla_eval_opaque_66846.png'
40:34.286  render           | Saved: '/tmp/clearvla_eval_opaque_66846.png'
40:34.715  render           | Saved: '/tmp/clearvla_eval_opaque_66846.png'
40:35.031  render           | Saved: '/tmp/clearvla_eval_opaque_66846.png'
40:35.489  render           | Saved: '/tmp/clearvla_eval_opaque_66846.png'
40:35.806  render           | Saved: '/tmp/clearvla_eval_opaque_66846.png'
40:36.237  render           | Saved: '/tmp/clearvla_eval_opaque_66846.png'
40:36.555  render           | Saved: '/tmp/clearvla_eval_opaque_66846.png'
40:36.971  render           | Saved: '/tmp/clearvla_eval_opaque_66846.png'
40:37.293  render           | Saved: '/tmp/clearvla_eval_opaque_66846.png'
40:37.706  render           | Saved: '/tmp/clearvla_eval_opaque_66846.png'
40:38.027  render           | Saved: '/tmp/clearvla_eval_opaque_66846.png'
40:38.436  render           | Saved: '/tmp/clearvla_eval_opaque_66846.png'
40:38.757  render           | Saved: '/tmp/clearvla_eval_opaque_66846.png'
40:40.100  render           | Saved: '/tmp/clearvla_eval_opaque_66846.png'
40:40.422  render           | Saved: '/tmp/clearvla_eval_opaque_66846.png'
40:40.813  render           | Saved: '/tmp/clearvla_eval_opaque_66846.png'
40:41.172  render           | Saved: '/tmp/clearvla_eval_opaque_66846.png'
40:41.571  render           | Saved: '/tmp/clearvla_eval_opaque_66846.png'
40:41.895  render           | Saved: '/tmp/clearvla_eval_opaque_66846.png'
40:42.342  render           | Saved: '/tmp/clearvla_eval_opaque_66846.png'
40:42.660  render           | Saved: '/tmp/clearvla_eval_opaque_66846.png'
40:43.093  render           | Saved: '/tmp/clearvla_eval_opaque_66846.png'
40:43.417  render           | Saved: '/tmp/clearvla_eval_opaque_66846.png'
40:43.845  render           | Saved: '/tmp/clearvla_eval_opaque_66846.png'
40:44.167  render           | Saved: '/tmp/clearvla_eval_opaque_66846.png'
40:44.614  render           | Saved: '/tmp/clearvla_eval_opaque_66846.png'
40:44.935  render           | Saved: '/tmp/clearvla_eval_opaque_66846.png'
40:45.377  render           | Saved: '/tmp/clearvla_eval_opaque_66846.png'
40:45.700  render           | Saved: '/tmp/clearvla_eval_opaque_66846.png'
40:46.132  render           | Saved: '/tmp/clearvla_eval_opaque_66846.png'
40:46.452  render           | Saved: '/tmp/clearvla_eval_opaque_66846.png'
40:46.883  render           | Saved: '/tmp/clearvla_eval_opaque_66846.png'
40:47.203  render           | Saved: '/tmp/clearvla_eval_opaque_66846.png'
40:47.629  render           | Saved: '/tmp/clearvla_eval_opaque_66846.png'
40:47.947  render           | Saved: '/tmp/clearvla_eval_opaque_66846.png'
40:48.379  render           | Saved: '/tmp/clearvla_eval_opaque_66846.png'
40:48.699  render           | Saved: '/tmp/clearvla_eval_opaque_66846.png'
40:49.119  render           | Saved: '/tmp/clearvla_eval_opaque_66846.png'
40:49.447  render           | Saved: '/tmp/clearvla_eval_opaque_66846.png'
40:49.856  render           | Saved: '/tmp/clearvla_eval_opaque_66846.png'
40:50.196  render           | Saved: '/tmp/clearvla_eval_opaque_66846.png'
40:50.606  render           | Saved: '/tmp/clearvla_eval_opaque_66846.png'
40:50.978  render           | Saved: '/tmp/clearvla_eval_opaque_66846.png'
40:51.421  render           | Saved: '/tmp/clearvla_eval_opaque_66846.png'
40:51.789  render           | Saved: '/tmp/clearvla_eval_opaque_66846.png'
40:52.223  render           | Saved: '/tmp/clearvla_eval_opaque_66846.png'
40:52.579  render           | Saved: '/tmp/clearvla_eval_opaque_66846.png'
40:53.017  render           | Saved: '/tmp/clearvla_eval_opaque_66846.png'
40:53.393  render           | Saved: '/tmp/clearvla_eval_opaque_66846.png'
40:53.854  render           | Saved: '/tmp/clearvla_eval_opaque_66846.png'
40:54.232  render           | Saved: '/tmp/clearvla_eval_opaque_66846.png'
40:54.686  render           | Saved: '/tmp/clearvla_eval_opaque_66846.png'
40:55.066  render           | Saved: '/tmp/clearvla_eval_opaque_66846.png'
40:55.511  render           | Saved: '/tmp/clearvla_eval_opaque_66846.png'
40:55.893  render           | Saved: '/tmp/clearvla_eval_opaque_66846.png'
40:56.342  render           | Saved: '/tmp/clearvla_eval_opaque_66846.png'
40:56.710  render           | Saved: '/tmp/clearvla_eval_opaque_66846.png'
40:57.164  render           | Saved: '/tmp/clearvla_eval_opaque_66846.png'
40:57.509  render           | Saved: '/tmp/clearvla_eval_opaque_66846.png'
40:57.907  render           | Saved: '/tmp/clearvla_eval_opaque_66846.png'
40:58.269  render           | Saved: '/tmp/clearvla_eval_opaque_66846.png'
40:58.699  render           | Saved: '/tmp/clearvla_eval_opaque_66846.png'
40:59.047  render           | Saved: '/tmp/clearvla_eval_opaque_66846.png'
40:59.496  render           | Saved: '/tmp/clearvla_eval_opaque_66846.png'
40:59.864  render           | Saved: '/tmp/clearvla_eval_opaque_66846.png'
41:00.300  render           | Saved: '/tmp/clearvla_eval_opaque_66846.png'
41:00.641  render           | Saved: '/tmp/clearvla_eval_opaque_66846.png'
41:01.078  render           | Saved: '/tmp/clearvla_eval_opaque_66846.png'
41:01.431  render           | Saved: '/tmp/clearvla_eval_opaque_66846.png'
41:01.874  render           | Saved: '/tmp/clearvla_eval_opaque_66846.png'
41:02.245  render           | Saved: '/tmp/clearvla_eval_opaque_66846.png'
41:02.703  render           | Saved: '/tmp/clearvla_eval_opaque_66846.png'
41:03.062  render           | Saved: '/tmp/clearvla_eval_opaque_66846.png'
41:03.504  render           | Saved: '/tmp/clearvla_eval_opaque_66846.png'
41:03.880  render           | Saved: '/tmp/clearvla_eval_opaque_66846.png'
41:04.328  render           | Saved: '/tmp/clearvla_eval_opaque_66846.png'
41:04.687  render           | Saved: '/tmp/clearvla_eval_opaque_66846.png'
41:05.104  render           | Saved: '/tmp/clearvla_eval_opaque_66846.png'
41:05.460  render           | Saved: '/tmp/clearvla_eval_opaque_66846.png'
41:05.907  render           | Saved: '/tmp/clearvla_eval_opaque_66846.png'
41:06.273  render           | Saved: '/tmp/clearvla_eval_opaque_66846.png'
41:06.727  render           | Saved: '/tmp/clearvla_eval_opaque_66846.png'
41:07.081  render           | Saved: '/tmp/clearvla_eval_opaque_66846.png'
41:07.496  render           | Saved: '/tmp/clearvla_eval_opaque_66846.png'
41:07.869  render           | Saved: '/tmp/clearvla_eval_opaque_66846.png'
41:08.323  render           | Saved: '/tmp/clearvla_eval_opaque_66846.png'
41:08.706  render           | Saved: '/tmp/clearvla_eval_opaque_66846.png'
41:09.147  render           | Saved: '/tmp/clearvla_eval_opaque_66846.png'
41:09.514  render           | Saved: '/tmp/clearvla_eval_opaque_66846.png'
41:10.817  render           | Saved: '/tmp/clearvla_eval_opaque_66846.png'
41:11.132  render           | Saved: '/tmp/clearvla_eval_opaque_66846.png'
41:11.545  render           | Saved: '/tmp/clearvla_eval_opaque_66846.png'
41:11.914  render           | Saved: '/tmp/clearvla_eval_opaque_66846.png'
41:12.361  render           | Saved: '/tmp/clearvla_eval_opaque_66846.png'
41:12.735  render           | Saved: '/tmp/clearvla_eval_opaque_66846.png'
41:13.188  render           | Saved: '/tmp/clearvla_eval_opaque_66846.png'
41:13.548  render           | Saved: '/tmp/clearvla_eval_opaque_66846.png'
41:13.995  render           | Saved: '/tmp/clearvla_eval_opaque_66846.png'
41:14.367  render           | Saved: '/tmp/clearvla_eval_opaque_66846.png'
41:14.826  render           | Saved: '/tmp/clearvla_eval_opaque_66846.png'
41:15.198  render           | Saved: '/tmp/clearvla_eval_opaque_66846.png'
41:15.634  render           | Saved: '/tmp/clearvla_eval_opaque_66846.png'
41:16.024  render           | Saved: '/tmp/clearvla_eval_opaque_66846.png'
41:16.495  render           | Saved: '/tmp/clearvla_eval_opaque_66846.png'
41:16.866  render           | Saved: '/tmp/clearvla_eval_opaque_66846.png'
41:17.325  render           | Saved: '/tmp/clearvla_eval_opaque_66846.png'
41:17.689  render           | Saved: '/tmp/clearvla_eval_opaque_66846.png'
41:18.138  render           | Saved: '/tmp/clearvla_eval_opaque_66846.png'
41:18.527  render           | Saved: '/tmp/clearvla_eval_opaque_66846.png'
41:18.961  render           | Saved: '/tmp/clearvla_eval_opaque_66846.png'
41:19.332  render           | Saved: '/tmp/clearvla_eval_opaque_66846.png'
41:19.790  render           | Saved: '/tmp/clearvla_eval_opaque_66846.png'
41:20.150  render           | Saved: '/tmp/clearvla_eval_opaque_66846.png'
41:20.587  render           | Saved: '/tmp/clearvla_eval_opaque_66846.png'
41:20.927  render           | Saved: '/tmp/clearvla_eval_opaque_66846.png'
41:21.344  render           | Saved: '/tmp/clearvla_eval_opaque_66846.png'
41:21.701  render           | Saved: '/tmp/clearvla_eval_opaque_66846.png'
41:22.105  render           | Saved: '/tmp/clearvla_eval_opaque_66846.png'
41:22.428  render           | Saved: '/tmp/clearvla_eval_opaque_66846.png'
41:22.814  render           | Saved: '/tmp/clearvla_eval_opaque_66846.png'
41:23.153  render           | Saved: '/tmp/clearvla_eval_opaque_66846.png'
41:23.561  render           | Saved: '/tmp/clearvla_eval_opaque_66846.png'
41:23.924  render           | Saved: '/tmp/clearvla_eval_opaque_66846.png'
41:24.324  render           | Saved: '/tmp/clearvla_eval_opaque_66846.png'
41:24.703  render           | Saved: '/tmp/clearvla_eval_opaque_66846.png'
41:25.097  render           | Saved: '/tmp/clearvla_eval_opaque_66846.png'
41:25.458  render           | Saved: '/tmp/clearvla_eval_opaque_66846.png'
41:25.870  render           | Saved: '/tmp/clearvla_eval_opaque_66846.png'
41:26.204  render           | Saved: '/tmp/clearvla_eval_opaque_66846.png'
41:26.628  render           | Saved: '/tmp/clearvla_eval_opaque_66846.png'
41:26.957  render           | Saved: '/tmp/clearvla_eval_opaque_66846.png'
41:27.385  render           | Saved: '/tmp/clearvla_eval_opaque_66846.png'
41:27.703  render           | Saved: '/tmp/clearvla_eval_opaque_66846.png'
41:28.167  render           | Saved: '/tmp/clearvla_eval_opaque_66846.png'
41:28.475  render           | Saved: '/tmp/clearvla_eval_opaque_66846.png'
41:28.922  render           | Saved: '/tmp/clearvla_eval_opaque_66846.png'
41:29.233  render           | Saved: '/tmp/clearvla_eval_opaque_66846.png'
41:29.664  render           | Saved: '/tmp/clearvla_eval_opaque_66846.png'
41:29.983  render           | Saved: '/tmp/clearvla_eval_opaque_66846.png'
41:30.413  render           | Saved: '/tmp/clearvla_eval_opaque_66846.png'
41:30.724  render           | Saved: '/tmp/clearvla_eval_opaque_66846.png'
41:31.164  render           | Saved: '/tmp/clearvla_eval_opaque_66846.png'
41:31.492  render           | Saved: '/tmp/clearvla_eval_opaque_66846.png'
41:31.924  render           | Saved: '/tmp/clearvla_eval_opaque_66846.png'
41:32.254  render           | Saved: '/tmp/clearvla_eval_opaque_66846.png'
41:32.689  render           | Saved: '/tmp/clearvla_eval_opaque_66846.png'
41:33.006  render           | Saved: '/tmp/clearvla_eval_opaque_66846.png'
41:33.417  render           | Saved: '/tmp/clearvla_eval_opaque_66846.png'
41:33.751  render           | Saved: '/tmp/clearvla_eval_opaque_66846.png'
41:34.181  render           | Saved: '/tmp/clearvla_eval_opaque_66846.png'
41:34.505  render           | Saved: '/tmp/clearvla_eval_opaque_66846.png'
41:34.938  render           | Saved: '/tmp/clearvla_eval_opaque_66846.png'
41:35.268  render           | Saved: '/tmp/clearvla_eval_opaque_66846.png'
41:35.675  render           | Saved: '/tmp/clearvla_eval_opaque_66846.png'
41:36.004  render           | Saved: '/tmp/clearvla_eval_opaque_66846.png'
41:36.413  render           | Saved: '/tmp/clearvla_eval_opaque_66846.png'
41:36.742  render           | Saved: '/tmp/clearvla_eval_opaque_66846.png'
41:37.169  render           | Saved: '/tmp/clearvla_eval_opaque_66846.png'
41:37.494  render           | Saved: '/tmp/clearvla_eval_opaque_66846.png'
41:37.895  render           | Saved: '/tmp/clearvla_eval_opaque_66846.png'
41:38.229  render           | Saved: '/tmp/clearvla_eval_opaque_66846.png'
41:38.624  render           | Saved: '/tmp/clearvla_eval_opaque_66846.png'
41:38.973  render           | Saved: '/tmp/clearvla_eval_opaque_66846.png'
41:39.358  render           | Saved: '/tmp/clearvla_eval_opaque_66846.png'
41:39.708  render           | Saved: '/tmp/clearvla_eval_opaque_66846.png'
41:41.116  render           | Saved: '/tmp/clearvla_eval_opaque_66846.png'
41:41.440  render           | Saved: '/tmp/clearvla_eval_opaque_66846.png'
41:41.831  render           | Saved: '/tmp/clearvla_eval_opaque_66846.png'
41:42.143  render           | Saved: '/tmp/clearvla_eval_opaque_66846.png'
41:42.544  render           | Saved: '/tmp/clearvla_eval_opaque_66846.png'
41:42.865  render           | Saved: '/tmp/clearvla_eval_opaque_66846.png'
41:43.251  render           | Saved: '/tmp/clearvla_eval_opaque_66846.png'
41:43.619  render           | Saved: '/tmp/clearvla_eval_opaque_66846.png'
41:44.020  render           | Saved: '/tmp/clearvla_eval_opaque_66846.png'
41:44.399  render           | Saved: '/tmp/clearvla_eval_opaque_66846.png'
41:44.791  render           | Saved: '/tmp/clearvla_eval_opaque_66846.png'
41:45.169  render           | Saved: '/tmp/clearvla_eval_opaque_66846.png'
41:45.564  render           | Saved: '/tmp/clearvla_eval_opaque_66846.png'
41:45.938  render           | Saved: '/tmp/clearvla_eval_opaque_66846.png'
41:46.349  render           | Saved: '/tmp/clearvla_eval_opaque_66846.png'
41:46.694  render           | Saved: '/tmp/clearvla_eval_opaque_66846.png'
41:47.122  render           | Saved: '/tmp/clearvla_eval_opaque_66846.png'
41:47.460  render           | Saved: '/tmp/clearvla_eval_opaque_66846.png'
41:47.866  render           | Saved: '/tmp/clearvla_eval_opaque_66846.png'
41:48.187  render           | Saved: '/tmp/clearvla_eval_opaque_66846.png'
41:48.585  render           | Saved: '/tmp/clearvla_eval_opaque_66846.png'
41:48.918  render           | Saved: '/tmp/clearvla_eval_opaque_66846.png'
41:49.308  render           | Saved: '/tmp/clearvla_eval_opaque_66846.png'
41:49.657  render           | Saved: '/tmp/clearvla_eval_opaque_66846.png'
41:50.054  render           | Saved: '/tmp/clearvla_eval_opaque_66846.png'
41:50.385  render           | Saved: '/tmp/clearvla_eval_opaque_66846.png'
41:50.807  render           | Saved: '/tmp/clearvla_eval_opaque_66846.png'
41:51.148  render           | Saved: '/tmp/clearvla_eval_opaque_66846.png'
41:51.538  render           | Saved: '/tmp/clearvla_eval_opaque_66846.png'
41:51.887  render           | Saved: '/tmp/clearvla_eval_opaque_66846.png'
41:52.299  render           | Saved: '/tmp/clearvla_eval_opaque_66846.png'
41:52.630  render           | Saved: '/tmp/clearvla_eval_opaque_66846.png'
41:53.044  render           | Saved: '/tmp/clearvla_eval_opaque_66846.png'
41:53.367  render           | Saved: '/tmp/clearvla_eval_opaque_66846.png'
41:53.780  render           | Saved: '/tmp/clearvla_eval_opaque_66846.png'
41:54.126  render           | Saved: '/tmp/clearvla_eval_opaque_66846.png'
41:54.546  render           | Saved: '/tmp/clearvla_eval_opaque_66846.png'
41:54.896  render           | Saved: '/tmp/clearvla_eval_opaque_66846.png'
41:55.289  render           | Saved: '/tmp/clearvla_eval_opaque_66846.png'
41:55.631  render           | Saved: '/tmp/clearvla_eval_opaque_66846.png'
41:56.016  render           | Saved: '/tmp/clearvla_eval_opaque_66846.png'
41:56.344  render           | Saved: '/tmp/clearvla_eval_opaque_66846.png'
41:56.729  render           | Saved: '/tmp/clearvla_eval_opaque_66846.png'
41:57.076  render           | Saved: '/tmp/clearvla_eval_opaque_66846.png'
41:57.460  render           | Saved: '/tmp/clearvla_eval_opaque_66846.png'
41:57.812  render           | Saved: '/tmp/clearvla_eval_opaque_66846.png'
41:58.212  render           | Saved: '/tmp/clearvla_eval_opaque_66846.png'
41:58.573  render           | Saved: '/tmp/clearvla_eval_opaque_66846.png'
41:59.010  render           | Saved: '/tmp/clearvla_eval_opaque_66846.png'
41:59.384  render           | Saved: '/tmp/clearvla_eval_opaque_66846.png'
41:59.835  render           | Saved: '/tmp/clearvla_eval_opaque_66846.png'
42:00.218  render           | Saved: '/tmp/clearvla_eval_opaque_66846.png'
42:00.693  render           | Saved: '/tmp/clearvla_eval_opaque_66846.png'
42:01.077  render           | Saved: '/tmp/clearvla_eval_opaque_66846.png'
42:01.526  render           | Saved: '/tmp/clearvla_eval_opaque_66846.png'
42:01.886  render           | Saved: '/tmp/clearvla_eval_opaque_66846.png'
42:02.338  render           | Saved: '/tmp/clearvla_eval_opaque_66846.png'
42:02.716  render           | Saved: '/tmp/clearvla_eval_opaque_66846.png'
42:03.169  render           | Saved: '/tmp/clearvla_eval_opaque_66846.png'
42:03.554  render           | Saved: '/tmp/clearvla_eval_opaque_66846.png'
42:04.009  render           | Saved: '/tmp/clearvla_eval_opaque_66846.png'
42:04.392  render           | Saved: '/tmp/clearvla_eval_opaque_66846.png'
42:04.856  render           | Saved: '/tmp/clearvla_eval_opaque_66846.png'
42:05.243  render           | Saved: '/tmp/clearvla_eval_opaque_66846.png'
42:05.705  render           | Saved: '/tmp/clearvla_eval_opaque_66846.png'
42:06.077  render           | Saved: '/tmp/clearvla_eval_opaque_66846.png'
42:06.502  render           | Saved: '/tmp/clearvla_eval_opaque_66846.png'
42:06.867  render           | Saved: '/tmp/clearvla_eval_opaque_66846.png'
42:07.309  render           | Saved: '/tmp/clearvla_eval_opaque_66846.png'
42:07.702  render           | Saved: '/tmp/clearvla_eval_opaque_66846.png'
42:08.161  render           | Saved: '/tmp/clearvla_eval_opaque_66846.png'
42:08.541  render           | Saved: '/tmp/clearvla_eval_opaque_66846.png'
42:08.994  render           | Saved: '/tmp/clearvla_eval_opaque_66846.png'
42:09.366  render           | Saved: '/tmp/clearvla_eval_opaque_66846.png'
42:09.800  render           | Saved: '/tmp/clearvla_eval_opaque_66846.png'
42:10.189  render           | Saved: '/tmp/clearvla_eval_opaque_66846.png'
42:11.631  render           | Saved: '/tmp/clearvla_eval_opaque_66846.png'
42:11.961  render           | Saved: '/tmp/clearvla_eval_opaque_66846.png'
42:12.398  render           | Saved: '/tmp/clearvla_eval_opaque_66846.png'
42:12.721  render           | Saved: '/tmp/clearvla_eval_opaque_66846.png'
42:13.113  render           | Saved: '/tmp/clearvla_eval_opaque_66846.png'
42:13.439  render           | Saved: '/tmp/clearvla_eval_opaque_66846.png'
42:13.855  render           | Saved: '/tmp/clearvla_eval_opaque_66846.png'
42:14.181  render           | Saved: '/tmp/clearvla_eval_opaque_66846.png'
42:14.590  render           | Saved: '/tmp/clearvla_eval_opaque_66846.png'
42:14.925  render           | Saved: '/tmp/clearvla_eval_opaque_66846.png'
42:15.322  render           | Saved: '/tmp/clearvla_eval_opaque_66846.png'
42:15.668  render           | Saved: '/tmp/clearvla_eval_opaque_66846.png'
42:16.056  render           | Saved: '/tmp/clearvla_eval_opaque_66846.png'
42:16.391  render           | Saved: '/tmp/clearvla_eval_opaque_66846.png'
42:16.791  render           | Saved: '/tmp/clearvla_eval_opaque_66846.png'
42:17.141  render           | Saved: '/tmp/clearvla_eval_opaque_66846.png'
42:17.534  render           | Saved: '/tmp/clearvla_eval_opaque_66846.png'
42:17.888  render           | Saved: '/tmp/clearvla_eval_opaque_66846.png'
42:18.296  render           | Saved: '/tmp/clearvla_eval_opaque_66846.png'
42:18.630  render           | Saved: '/tmp/clearvla_eval_opaque_66846.png'
42:19.055  render           | Saved: '/tmp/clearvla_eval_opaque_66846.png'
42:19.386  render           | Saved: '/tmp/clearvla_eval_opaque_66846.png'
42:19.820  render           | Saved: '/tmp/clearvla_eval_opaque_66846.png'
42:20.146  render           | Saved: '/tmp/clearvla_eval_opaque_66846.png'
42:20.583  render           | Saved: '/tmp/clearvla_eval_opaque_66846.png'
42:20.915  render           | Saved: '/tmp/clearvla_eval_opaque_66846.png'
42:21.309  render           | Saved: '/tmp/clearvla_eval_opaque_66846.png'
42:21.638  render           | Saved: '/tmp/clearvla_eval_opaque_66846.png'
42:22.052  render           | Saved: '/tmp/clearvla_eval_opaque_66846.png'
42:22.402  render           | Saved: '/tmp/clearvla_eval_opaque_66846.png'
42:22.810  render           | Saved: '/tmp/clearvla_eval_opaque_66846.png'
42:23.132  render           | Saved: '/tmp/clearvla_eval_opaque_66846.png'
42:23.519  render           | Saved: '/tmp/clearvla_eval_opaque_66846.png'
42:23.873  render           | Saved: '/tmp/clearvla_eval_opaque_66846.png'
42:24.271  render           | Saved: '/tmp/clearvla_eval_opaque_66846.png'
42:24.625  render           | Saved: '/tmp/clearvla_eval_opaque_66846.png'
42:25.074  render           | Saved: '/tmp/clearvla_eval_opaque_66846.png'
42:25.454  render           | Saved: '/tmp/clearvla_eval_opaque_66846.png'
42:25.909  render           | Saved: '/tmp/clearvla_eval_opaque_66846.png'
42:26.313  render           | Saved: '/tmp/clearvla_eval_opaque_66846.png'
42:26.770  render           | Saved: '/tmp/clearvla_eval_opaque_66846.png'
42:27.146  render           | Saved: '/tmp/clearvla_eval_opaque_66846.png'
42:27.600  render           | Saved: '/tmp/clearvla_eval_opaque_66846.png'
42:27.999  render           | Saved: '/tmp/clearvla_eval_opaque_66846.png'
42:28.448  render           | Saved: '/tmp/clearvla_eval_opaque_66846.png'
42:28.817  render           | Saved: '/tmp/clearvla_eval_opaque_66846.png'
42:29.264  render           | Saved: '/tmp/clearvla_eval_opaque_66846.png'
42:29.639  render           | Saved: '/tmp/clearvla_eval_opaque_66846.png'
42:30.095  render           | Saved: '/tmp/clearvla_eval_opaque_66846.png'
42:30.480  render           | Saved: '/tmp/clearvla_eval_opaque_66846.png'
42:30.935  render           | Saved: '/tmp/clearvla_eval_opaque_66846.png'
42:31.317  render           | Saved: '/tmp/clearvla_eval_opaque_66846.png'
42:31.742  render           | Saved: '/tmp/clearvla_eval_opaque_66846.png'
42:32.123  render           | Saved: '/tmp/clearvla_eval_opaque_66846.png'
42:32.582  render           | Saved: '/tmp/clearvla_eval_opaque_66846.png'
42:32.963  render           | Saved: '/tmp/clearvla_eval_opaque_66846.png'
42:33.412  render           | Saved: '/tmp/clearvla_eval_opaque_66846.png'
42:33.833  render           | Saved: '/tmp/clearvla_eval_opaque_66846.png'
42:34.288  render           | Saved: '/tmp/clearvla_eval_opaque_66846.png'
42:34.636  render           | Saved: '/tmp/clearvla_eval_opaque_66846.png'
42:35.021  render           | Saved: '/tmp/clearvla_eval_opaque_66846.png'
42:35.389  render           | Saved: '/tmp/clearvla_eval_opaque_66846.png'
42:35.832  render           | Saved: '/tmp/clearvla_eval_opaque_66846.png'
42:36.202  render           | Saved: '/tmp/clearvla_eval_opaque_66846.png'
42:36.606  render           | Saved: '/tmp/clearvla_eval_opaque_66846.png'
42:36.967  render           | Saved: '/tmp/clearvla_eval_opaque_66846.png'
42:37.367  render           | Saved: '/tmp/clearvla_eval_opaque_66846.png'
42:37.700  render           | Saved: '/tmp/clearvla_eval_opaque_66846.png'
42:38.088  render           | Saved: '/tmp/clearvla_eval_opaque_66846.png'
42:38.432  render           | Saved: '/tmp/clearvla_eval_opaque_66846.png'
42:38.833  render           | Saved: '/tmp/clearvla_eval_opaque_66846.png'
42:39.198  render           | Saved: '/tmp/clearvla_eval_opaque_66846.png'
42:39.601  render           | Saved: '/tmp/clearvla_eval_opaque_66846.png'
42:39.931  render           | Saved: '/tmp/clearvla_eval_opaque_66846.png'
42:40.318  render           | Saved: '/tmp/clearvla_eval_opaque_66846.png'
42:40.668  render           | Saved: '/tmp/clearvla_eval_opaque_66846.png'
42:42.176  render           | Saved: '/tmp/clearvla_eval_opaque_66846.png'
42:42.515  render           | Saved: '/tmp/clearvla_eval_opaque_66846.png'
42:42.951  render           | Saved: '/tmp/clearvla_eval_opaque_66846.png'
42:43.325  render           | Saved: '/tmp/clearvla_eval_opaque_66846.png'
42:43.711  render           | Saved: '/tmp/clearvla_eval_opaque_66846.png'
42:44.072  render           | Saved: '/tmp/clearvla_eval_opaque_66846.png'
42:44.455  render           | Saved: '/tmp/clearvla_eval_opaque_66846.png'
42:44.847  render           | Saved: '/tmp/clearvla_eval_opaque_66846.png'
42:45.244  render           | Saved: '/tmp/clearvla_eval_opaque_66846.png'
42:45.610  render           | Saved: '/tmp/clearvla_eval_opaque_66846.png'
42:46.004  render           | Saved: '/tmp/clearvla_eval_opaque_66846.png'
42:46.367  render           | Saved: '/tmp/clearvla_eval_opaque_66846.png'
42:46.761  render           | Saved: '/tmp/clearvla_eval_opaque_66846.png'
42:47.083  render           | Saved: '/tmp/clearvla_eval_opaque_66846.png'
42:47.530  render           | Saved: '/tmp/clearvla_eval_opaque_66846.png'
42:47.863  render           | Saved: '/tmp/clearvla_eval_opaque_66846.png'
42:48.305  render           | Saved: '/tmp/clearvla_eval_opaque_66846.png'
42:48.624  render           | Saved: '/tmp/clearvla_eval_opaque_66846.png'
42:49.053  render           | Saved: '/tmp/clearvla_eval_opaque_66846.png'
42:49.374  render           | Saved: '/tmp/clearvla_eval_opaque_66846.png'
42:49.801  render           | Saved: '/tmp/clearvla_eval_opaque_66846.png'
42:50.122  render           | Saved: '/tmp/clearvla_eval_opaque_66846.png'
42:50.561  render           | Saved: '/tmp/clearvla_eval_opaque_66846.png'
42:50.883  render           | Saved: '/tmp/clearvla_eval_opaque_66846.png'
42:51.321  render           | Saved: '/tmp/clearvla_eval_opaque_66846.png'
42:51.640  render           | Saved: '/tmp/clearvla_eval_opaque_66846.png'
42:52.082  render           | Saved: '/tmp/clearvla_eval_opaque_66846.png'
42:52.403  render           | Saved: '/tmp/clearvla_eval_opaque_66846.png'
42:52.842  render           | Saved: '/tmp/clearvla_eval_opaque_66846.png'
42:53.168  render           | Saved: '/tmp/clearvla_eval_opaque_66846.png'
42:53.609  render           | Saved: '/tmp/clearvla_eval_opaque_66846.png'
42:53.921  render           | Saved: '/tmp/clearvla_eval_opaque_66846.png'
42:54.359  render           | Saved: '/tmp/clearvla_eval_opaque_66846.png'
42:54.675  render           | Saved: '/tmp/clearvla_eval_opaque_66846.png'
42:55.102  render           | Saved: '/tmp/clearvla_eval_opaque_66846.png'
42:55.424  render           | Saved: '/tmp/clearvla_eval_opaque_66846.png'
42:55.864  render           | Saved: '/tmp/clearvla_eval_opaque_66846.png'
42:56.178  render           | Saved: '/tmp/clearvla_eval_opaque_66846.png'
42:56.634  render           | Saved: '/tmp/clearvla_eval_opaque_66846.png'
42:56.954  render           | Saved: '/tmp/clearvla_eval_opaque_66846.png'
42:57.416  render           | Saved: '/tmp/clearvla_eval_opaque_66846.png'
42:57.734  render           | Saved: '/tmp/clearvla_eval_opaque_66846.png'
42:58.180  render           | Saved: '/tmp/clearvla_eval_opaque_66846.png'
42:58.495  render           | Saved: '/tmp/clearvla_eval_opaque_66846.png'
42:58.944  render           | Saved: '/tmp/clearvla_eval_opaque_66846.png'
42:59.262  render           | Saved: '/tmp/clearvla_eval_opaque_66846.png'
42:59.702  render           | Saved: '/tmp/clearvla_eval_opaque_66846.png'
43:00.014  render           | Saved: '/tmp/clearvla_eval_opaque_66846.png'
43:00.452  render           | Saved: '/tmp/clearvla_eval_opaque_66846.png'
43:00.779  render           | Saved: '/tmp/clearvla_eval_opaque_66846.png'
43:01.206  render           | Saved: '/tmp/clearvla_eval_opaque_66846.png'
43:01.522  render           | Saved: '/tmp/clearvla_eval_opaque_66846.png'
43:01.942  render           | Saved: '/tmp/clearvla_eval_opaque_66846.png'
43:02.269  render           | Saved: '/tmp/clearvla_eval_opaque_66846.png'
43:02.722  render           | Saved: '/tmp/clearvla_eval_opaque_66846.png'
43:03.031  render           | Saved: '/tmp/clearvla_eval_opaque_66846.png'
43:03.462  render           | Saved: '/tmp/clearvla_eval_opaque_66846.png'
43:03.781  render           | Saved: '/tmp/clearvla_eval_opaque_66846.png'
43:04.209  render           | Saved: '/tmp/clearvla_eval_opaque_66846.png'
43:04.528  render           | Saved: '/tmp/clearvla_eval_opaque_66846.png'
43:04.978  render           | Saved: '/tmp/clearvla_eval_opaque_66846.png'
43:05.297  render           | Saved: '/tmp/clearvla_eval_opaque_66846.png'
43:05.702  render           | Saved: '/tmp/clearvla_eval_opaque_66846.png'
43:06.024  render           | Saved: '/tmp/clearvla_eval_opaque_66846.png'
43:06.436  render           | Saved: '/tmp/clearvla_eval_opaque_66846.png'
43:06.760  render           | Saved: '/tmp/clearvla_eval_opaque_66846.png'
43:07.176  render           | Saved: '/tmp/clearvla_eval_opaque_66846.png'
43:07.503  render           | Saved: '/tmp/clearvla_eval_opaque_66846.png'
43:07.919  render           | Saved: '/tmp/clearvla_eval_opaque_66846.png'
43:08.250  render           | Saved: '/tmp/clearvla_eval_opaque_66846.png'
43:08.692  render           | Saved: '/tmp/clearvla_eval_opaque_66846.png'
43:09.005  render           | Saved: '/tmp/clearvla_eval_opaque_66846.png'
43:09.447  render           | Saved: '/tmp/clearvla_eval_opaque_66846.png'
43:09.758  render           | Saved: '/tmp/clearvla_eval_opaque_66846.png'
43:10.204  render           | Saved: '/tmp/clearvla_eval_opaque_66846.png'
43:10.525  render           | Saved: '/tmp/clearvla_eval_opaque_66846.png'
43:11.863  render           | Saved: '/tmp/clearvla_eval_opaque_66846.png'
43:12.175  render           | Saved: '/tmp/clearvla_eval_opaque_66846.png'
43:12.656  render           | Saved: '/tmp/clearvla_eval_opaque_66846.png'
43:13.035  render           | Saved: '/tmp/clearvla_eval_opaque_66846.png'
43:13.471  render           | Saved: '/tmp/clearvla_eval_opaque_66846.png'
43:13.828  render           | Saved: '/tmp/clearvla_eval_opaque_66846.png'
43:14.265  render           | Saved: '/tmp/clearvla_eval_opaque_66846.png'
43:14.631  render           | Saved: '/tmp/clearvla_eval_opaque_66846.png'
43:15.087  render           | Saved: '/tmp/clearvla_eval_opaque_66846.png'
43:15.456  render           | Saved: '/tmp/clearvla_eval_opaque_66846.png'
43:15.902  render           | Saved: '/tmp/clearvla_eval_opaque_66846.png'
43:16.262  render           | Saved: '/tmp/clearvla_eval_opaque_66846.png'
43:16.687  render           | Saved: '/tmp/clearvla_eval_opaque_66846.png'
43:17.026  render           | Saved: '/tmp/clearvla_eval_opaque_66846.png'
43:17.435  render           | Saved: '/tmp/clearvla_eval_opaque_66846.png'
43:17.824  render           | Saved: '/tmp/clearvla_eval_opaque_66846.png'
43:18.277  render           | Saved: '/tmp/clearvla_eval_opaque_66846.png'
43:18.636  render           | Saved: '/tmp/clearvla_eval_opaque_66846.png'
43:19.098  render           | Saved: '/tmp/clearvla_eval_opaque_66846.png'
43:19.450  render           | Saved: '/tmp/clearvla_eval_opaque_66846.png'
43:19.898  render           | Saved: '/tmp/clearvla_eval_opaque_66846.png'
43:20.270  render           | Saved: '/tmp/clearvla_eval_opaque_66846.png'
43:20.720  render           | Saved: '/tmp/clearvla_eval_opaque_66846.png'
43:21.079  render           | Saved: '/tmp/clearvla_eval_opaque_66846.png'
43:21.528  render           | Saved: '/tmp/clearvla_eval_opaque_66846.png'
43:21.910  render           | Saved: '/tmp/clearvla_eval_opaque_66846.png'
43:22.359  render           | Saved: '/tmp/clearvla_eval_opaque_66846.png'
43:22.700  render           | Saved: '/tmp/clearvla_eval_opaque_66846.png'
43:23.104  render           | Saved: '/tmp/clearvla_eval_opaque_66846.png'
43:23.449  render           | Saved: '/tmp/clearvla_eval_opaque_66846.png'
43:23.855  render           | Saved: '/tmp/clearvla_eval_opaque_66846.png'
43:24.190  render           | Saved: '/tmp/clearvla_eval_opaque_66846.png'
43:24.598  render           | Saved: '/tmp/clearvla_eval_opaque_66846.png'
43:24.978  render           | Saved: '/tmp/clearvla_eval_opaque_66846.png'
43:25.438  render           | Saved: '/tmp/clearvla_eval_opaque_66846.png'
43:25.806  render           | Saved: '/tmp/clearvla_eval_opaque_66846.png'
43:26.237  render           | Saved: '/tmp/clearvla_eval_opaque_66846.png'
43:26.599  render           | Saved: '/tmp/clearvla_eval_opaque_66846.png'
43:27.028  render           | Saved: '/tmp/clearvla_eval_opaque_66846.png'
43:27.367  render           | Saved: '/tmp/clearvla_eval_opaque_66846.png'
43:27.759  render           | Saved: '/tmp/clearvla_eval_opaque_66846.png'
43:28.113  render           | Saved: '/tmp/clearvla_eval_opaque_66846.png'
43:28.556  render           | Saved: '/tmp/clearvla_eval_opaque_66846.png'
43:28.909  render           | Saved: '/tmp/clearvla_eval_opaque_66846.png'
43:29.349  render           | Saved: '/tmp/clearvla_eval_opaque_66846.png'
43:29.718  render           | Saved: '/tmp/clearvla_eval_opaque_66846.png'
43:30.164  render           | Saved: '/tmp/clearvla_eval_opaque_66846.png'
43:30.522  render           | Saved: '/tmp/clearvla_eval_opaque_66846.png'
43:30.961  render           | Saved: '/tmp/clearvla_eval_opaque_66846.png'
43:31.300  render           | Saved: '/tmp/clearvla_eval_opaque_66846.png'
43:31.706  render           | Saved: '/tmp/clearvla_eval_opaque_66846.png'
43:32.087  render           | Saved: '/tmp/clearvla_eval_opaque_66846.png'
43:32.577  render           | Saved: '/tmp/clearvla_eval_opaque_66846.png'
43:32.948  render           | Saved: '/tmp/clearvla_eval_opaque_66846.png'
43:33.404  render           | Saved: '/tmp/clearvla_eval_opaque_66846.png'
43:33.749  render           | Saved: '/tmp/clearvla_eval_opaque_66846.png'
43:34.198  render           | Saved: '/tmp/clearvla_eval_opaque_66846.png'
43:34.568  render           | Saved: '/tmp/clearvla_eval_opaque_66846.png'
43:35.047  render           | Saved: '/tmp/clearvla_eval_opaque_66846.png'
43:35.397  render           | Saved: '/tmp/clearvla_eval_opaque_66846.png'
43:35.836  render           | Saved: '/tmp/clearvla_eval_opaque_66846.png'
43:36.204  render           | Saved: '/tmp/clearvla_eval_opaque_66846.png'
43:36.649  render           | Saved: '/tmp/clearvla_eval_opaque_66846.png'
43:37.029  render           | Saved: '/tmp/clearvla_eval_opaque_66846.png'
43:37.478  render           | Saved: '/tmp/clearvla_eval_opaque_66846.png'
43:37.833  render           | Saved: '/tmp/clearvla_eval_opaque_66846.png'
43:38.245  render           | Saved: '/tmp/clearvla_eval_opaque_66846.png'
43:38.611  render           | Saved: '/tmp/clearvla_eval_opaque_66846.png'
43:39.062  render           | Saved: '/tmp/clearvla_eval_opaque_66846.png'
43:39.396  render           | Saved: '/tmp/clearvla_eval_opaque_66846.png'
43:39.861  render           | Saved: '/tmp/clearvla_eval_opaque_66846.png'
43:40.217  render           | Saved: '/tmp/clearvla_eval_opaque_66846.png'
43:40.681  render           | Saved: '/tmp/clearvla_eval_opaque_66846.png'
43:41.047  render           | Saved: '/tmp/clearvla_eval_opaque_66846.png'
43:41.498  render           | Saved: '/tmp/clearvla_eval_opaque_66846.png'
43:41.872  render           | Saved: '/tmp/clearvla_eval_opaque_66846.png'
[full/opaque] pour: 2/30  (43.6 min, 30.4 s/ep)
43:43.165  render           | Saved: '/tmp/clearvla_eval_opaque_66846.png'
43:43.495  render           | Saved: '/tmp/clearvla_eval_opaque_66846.png'
43:43.912  render           | Saved: '/tmp/clearvla_eval_opaque_66846.png'
43:44.231  render           | Saved: '/tmp/clearvla_eval_opaque_66846.png'
43:44.661  render           | Saved: '/tmp/clearvla_eval_opaque_66846.png'
43:44.977  render           | Saved: '/tmp/clearvla_eval_opaque_66846.png'
43:45.401  render           | Saved: '/tmp/clearvla_eval_opaque_66846.png'
43:45.716  render           | Saved: '/tmp/clearvla_eval_opaque_66846.png'
43:46.118  render           | Saved: '/tmp/clearvla_eval_opaque_66846.png'
43:46.443  render           | Saved: '/tmp/clearvla_eval_opaque_66846.png'
43:46.878  render           | Saved: '/tmp/clearvla_eval_opaque_66846.png'
43:47.204  render           | Saved: '/tmp/clearvla_eval_opaque_66846.png'
43:47.622  render           | Saved: '/tmp/clearvla_eval_opaque_66846.png'
43:47.940  render           | Saved: '/tmp/clearvla_eval_opaque_66846.png'
43:48.365  render           | Saved: '/tmp/clearvla_eval_opaque_66846.png'
43:48.687  render           | Saved: '/tmp/clearvla_eval_opaque_66846.png'
43:49.081  render           | Saved: '/tmp/clearvla_eval_opaque_66846.png'
43:49.412  render           | Saved: '/tmp/clearvla_eval_opaque_66846.png'
43:49.829  render           | Saved: '/tmp/clearvla_eval_opaque_66846.png'
43:50.156  render           | Saved: '/tmp/clearvla_eval_opaque_66846.png'
43:50.546  render           | Saved: '/tmp/clearvla_eval_opaque_66846.png'
43:50.880  render           | Saved: '/tmp/clearvla_eval_opaque_66846.png'
43:51.289  render           | Saved: '/tmp/clearvla_eval_opaque_66846.png'
43:51.628  render           | Saved: '/tmp/clearvla_eval_opaque_66846.png'
43:52.040  render           | Saved: '/tmp/clearvla_eval_opaque_66846.png'
43:52.367  render           | Saved: '/tmp/clearvla_eval_opaque_66846.png'
43:52.779  render           | Saved: '/tmp/clearvla_eval_opaque_66846.png'
43:53.106  render           | Saved: '/tmp/clearvla_eval_opaque_66846.png'
43:53.513  render           | Saved: '/tmp/clearvla_eval_opaque_66846.png'
43:53.844  render           | Saved: '/tmp/clearvla_eval_opaque_66846.png'
43:54.253  render           | Saved: '/tmp/clearvla_eval_opaque_66846.png'
43:54.579  render           | Saved: '/tmp/clearvla_eval_opaque_66846.png'
43:54.979  render           | Saved: '/tmp/clearvla_eval_opaque_66846.png'
43:55.324  render           | Saved: '/tmp/clearvla_eval_opaque_66846.png'
43:55.742  render           | Saved: '/tmp/clearvla_eval_opaque_66846.png'
43:56.092  render           | Saved: '/tmp/clearvla_eval_opaque_66846.png'
43:56.500  render           | Saved: '/tmp/clearvla_eval_opaque_66846.png'
43:56.852  render           | Saved: '/tmp/clearvla_eval_opaque_66846.png'
43:57.315  render           | Saved: '/tmp/clearvla_eval_opaque_66846.png'
43:57.634  render           | Saved: '/tmp/clearvla_eval_opaque_66846.png'
43:58.059  render           | Saved: '/tmp/clearvla_eval_opaque_66846.png'
43:58.385  render           | Saved: '/tmp/clearvla_eval_opaque_66846.png'
43:58.808  render           | Saved: '/tmp/clearvla_eval_opaque_66846.png'
43:59.153  render           | Saved: '/tmp/clearvla_eval_opaque_66846.png'
43:59.579  render           | Saved: '/tmp/clearvla_eval_opaque_66846.png'
43:59.916  render           | Saved: '/tmp/clearvla_eval_opaque_66846.png'
44:00.324  render           | Saved: '/tmp/clearvla_eval_opaque_66846.png'
44:00.674  render           | Saved: '/tmp/clearvla_eval_opaque_66846.png'
44:01.101  render           | Saved: '/tmp/clearvla_eval_opaque_66846.png'
44:01.459  render           | Saved: '/tmp/clearvla_eval_opaque_66846.png'
44:01.925  render           | Saved: '/tmp/clearvla_eval_opaque_66846.png'
44:02.298  render           | Saved: '/tmp/clearvla_eval_opaque_66846.png'
44:02.760  render           | Saved: '/tmp/clearvla_eval_opaque_66846.png'
44:03.123  render           | Saved: '/tmp/clearvla_eval_opaque_66846.png'
44:03.563  render           | Saved: '/tmp/clearvla_eval_opaque_66846.png'
44:03.941  render           | Saved: '/tmp/clearvla_eval_opaque_66846.png'
44:04.406  render           | Saved: '/tmp/clearvla_eval_opaque_66846.png'
44:04.795  render           | Saved: '/tmp/clearvla_eval_opaque_66846.png'
44:05.254  render           | Saved: '/tmp/clearvla_eval_opaque_66846.png'
44:05.629  render           | Saved: '/tmp/clearvla_eval_opaque_66846.png'
44:06.075  render           | Saved: '/tmp/clearvla_eval_opaque_66846.png'
44:06.451  render           | Saved: '/tmp/clearvla_eval_opaque_66846.png'
44:06.920  render           | Saved: '/tmp/clearvla_eval_opaque_66846.png'
44:07.294  render           | Saved: '/tmp/clearvla_eval_opaque_66846.png'
44:07.753  render           | Saved: '/tmp/clearvla_eval_opaque_66846.png'
44:08.130  render           | Saved: '/tmp/clearvla_eval_opaque_66846.png'
44:08.577  render           | Saved: '/tmp/clearvla_eval_opaque_66846.png'
44:08.965  render           | Saved: '/tmp/clearvla_eval_opaque_66846.png'
44:09.372  render           | Saved: '/tmp/clearvla_eval_opaque_66846.png'
44:09.714  render           | Saved: '/tmp/clearvla_eval_opaque_66846.png'
44:10.108  render           | Saved: '/tmp/clearvla_eval_opaque_66846.png'
44:10.448  render           | Saved: '/tmp/clearvla_eval_opaque_66846.png'
44:10.899  render           | Saved: '/tmp/clearvla_eval_opaque_66846.png'
44:11.280  render           | Saved: '/tmp/clearvla_eval_opaque_66846.png'
44:11.736  render           | Saved: '/tmp/clearvla_eval_opaque_66846.png'
44:12.108  render           | Saved: '/tmp/clearvla_eval_opaque_66846.png'
44:13.479  render           | Saved: '/tmp/clearvla_eval_opaque_66846.png'
44:13.781  render           | Saved: '/tmp/clearvla_eval_opaque_66846.png'
44:14.159  render           | Saved: '/tmp/clearvla_eval_opaque_66846.png'
44:14.471  render           | Saved: '/tmp/clearvla_eval_opaque_66846.png'
44:14.882  render           | Saved: '/tmp/clearvla_eval_opaque_66846.png'
44:15.249  render           | Saved: '/tmp/clearvla_eval_opaque_66846.png'
44:15.709  render           | Saved: '/tmp/clearvla_eval_opaque_66846.png'
44:16.101  render           | Saved: '/tmp/clearvla_eval_opaque_66846.png'
44:16.547  render           | Saved: '/tmp/clearvla_eval_opaque_66846.png'
44:16.928  render           | Saved: '/tmp/clearvla_eval_opaque_66846.png'
44:17.376  render           | Saved: '/tmp/clearvla_eval_opaque_66846.png'
44:17.711  render           | Saved: '/tmp/clearvla_eval_opaque_66846.png'
44:18.117  render           | Saved: '/tmp/clearvla_eval_opaque_66846.png'
44:18.492  render           | Saved: '/tmp/clearvla_eval_opaque_66846.png'
44:18.955  render           | Saved: '/tmp/clearvla_eval_opaque_66846.png'
44:19.315  render           | Saved: '/tmp/clearvla_eval_opaque_66846.png'
44:19.719  render           | Saved: '/tmp/clearvla_eval_opaque_66846.png'
44:20.055  render           | Saved: '/tmp/clearvla_eval_opaque_66846.png'
44:20.456  render           | Saved: '/tmp/clearvla_eval_opaque_66846.png'
44:20.828  render           | Saved: '/tmp/clearvla_eval_opaque_66846.png'
44:21.288  render           | Saved: '/tmp/clearvla_eval_opaque_66846.png'
44:21.666  render           | Saved: '/tmp/clearvla_eval_opaque_66846.png'
44:22.104  render           | Saved: '/tmp/clearvla_eval_opaque_66846.png'
44:22.476  render           | Saved: '/tmp/clearvla_eval_opaque_66846.png'
44:22.930  render           | Saved: '/tmp/clearvla_eval_opaque_66846.png'
44:23.296  render           | Saved: '/tmp/clearvla_eval_opaque_66846.png'
44:23.741  render           | Saved: '/tmp/clearvla_eval_opaque_66846.png'
44:24.108  render           | Saved: '/tmp/clearvla_eval_opaque_66846.png'
44:24.562  render           | Saved: '/tmp/clearvla_eval_opaque_66846.png'
44:24.936  render           | Saved: '/tmp/clearvla_eval_opaque_66846.png'
44:25.392  render           | Saved: '/tmp/clearvla_eval_opaque_66846.png'
44:25.765  render           | Saved: '/tmp/clearvla_eval_opaque_66846.png'
44:26.216  render           | Saved: '/tmp/clearvla_eval_opaque_66846.png'
44:26.573  render           | Saved: '/tmp/clearvla_eval_opaque_66846.png'
44:26.985  render           | Saved: '/tmp/clearvla_eval_opaque_66846.png'
44:27.335  render           | Saved: '/tmp/clearvla_eval_opaque_66846.png'
44:27.735  render           | Saved: '/tmp/clearvla_eval_opaque_66846.png'
44:28.078  render           | Saved: '/tmp/clearvla_eval_opaque_66846.png'
44:28.479  render           | Saved: '/tmp/clearvla_eval_opaque_66846.png'
44:28.817  render           | Saved: '/tmp/clearvla_eval_opaque_66846.png'
44:29.215  render           | Saved: '/tmp/clearvla_eval_opaque_66846.png'
44:29.560  render           | Saved: '/tmp/clearvla_eval_opaque_66846.png'
44:29.964  render           | Saved: '/tmp/clearvla_eval_opaque_66846.png'
44:30.300  render           | Saved: '/tmp/clearvla_eval_opaque_66846.png'
44:30.735  render           | Saved: '/tmp/clearvla_eval_opaque_66846.png'
44:31.046  render           | Saved: '/tmp/clearvla_eval_opaque_66846.png'
44:31.481  render           | Saved: '/tmp/clearvla_eval_opaque_66846.png'
44:31.796  render           | Saved: '/tmp/clearvla_eval_opaque_66846.png'
44:32.219  render           | Saved: '/tmp/clearvla_eval_opaque_66846.png'
44:32.536  render           | Saved: '/tmp/clearvla_eval_opaque_66846.png'
44:32.956  render           | Saved: '/tmp/clearvla_eval_opaque_66846.png'
44:33.276  render           | Saved: '/tmp/clearvla_eval_opaque_66846.png'
44:33.699  render           | Saved: '/tmp/clearvla_eval_opaque_66846.png'
44:34.013  render           | Saved: '/tmp/clearvla_eval_opaque_66846.png'
44:34.443  render           | Saved: '/tmp/clearvla_eval_opaque_66846.png'
44:34.761  render           | Saved: '/tmp/clearvla_eval_opaque_66846.png'
44:35.188  render           | Saved: '/tmp/clearvla_eval_opaque_66846.png'
44:35.504  render           | Saved: '/tmp/clearvla_eval_opaque_66846.png'
44:35.912  render           | Saved: '/tmp/clearvla_eval_opaque_66846.png'
44:36.241  render           | Saved: '/tmp/clearvla_eval_opaque_66846.png'
44:36.653  render           | Saved: '/tmp/clearvla_eval_opaque_66846.png'
44:36.984  render           | Saved: '/tmp/clearvla_eval_opaque_66846.png'
44:37.420  render           | Saved: '/tmp/clearvla_eval_opaque_66846.png'
44:37.743  render           | Saved: '/tmp/clearvla_eval_opaque_66846.png'
44:38.168  render           | Saved: '/tmp/clearvla_eval_opaque_66846.png'
44:38.485  render           | Saved: '/tmp/clearvla_eval_opaque_66846.png'
44:38.923  render           | Saved: '/tmp/clearvla_eval_opaque_66846.png'
44:39.239  render           | Saved: '/tmp/clearvla_eval_opaque_66846.png'
44:39.675  render           | Saved: '/tmp/clearvla_eval_opaque_66846.png'
44:39.991  render           | Saved: '/tmp/clearvla_eval_opaque_66846.png'
44:40.406  render           | Saved: '/tmp/clearvla_eval_opaque_66846.png'
44:40.737  render           | Saved: '/tmp/clearvla_eval_opaque_66846.png'
44:41.167  render           | Saved: '/tmp/clearvla_eval_opaque_66846.png'
44:41.484  render           | Saved: '/tmp/clearvla_eval_opaque_66846.png'
44:41.916  render           | Saved: '/tmp/clearvla_eval_opaque_66846.png'
44:42.238  render           | Saved: '/tmp/clearvla_eval_opaque_66846.png'
44:43.631  render           | Saved: '/tmp/clearvla_eval_opaque_66846.png'
44:43.952  render           | Saved: '/tmp/clearvla_eval_opaque_66846.png'
44:44.376  render           | Saved: '/tmp/clearvla_eval_opaque_66846.png'
44:44.709  render           | Saved: '/tmp/clearvla_eval_opaque_66846.png'
44:45.094  render           | Saved: '/tmp/clearvla_eval_opaque_66846.png'
44:45.422  render           | Saved: '/tmp/clearvla_eval_opaque_66846.png'
44:45.830  render           | Saved: '/tmp/clearvla_eval_opaque_66846.png'
44:46.160  render           | Saved: '/tmp/clearvla_eval_opaque_66846.png'
44:46.575  render           | Saved: '/tmp/clearvla_eval_opaque_66846.png'
44:46.913  render           | Saved: '/tmp/clearvla_eval_opaque_66846.png'
44:47.300  render           | Saved: '/tmp/clearvla_eval_opaque_66846.png'
44:47.646  render           | Saved: '/tmp/clearvla_eval_opaque_66846.png'
44:48.029  render           | Saved: '/tmp/clearvla_eval_opaque_66846.png'
44:48.359  render           | Saved: '/tmp/clearvla_eval_opaque_66846.png'
44:48.741  render           | Saved: '/tmp/clearvla_eval_opaque_66846.png'
44:49.079  render           | Saved: '/tmp/clearvla_eval_opaque_66846.png'
44:49.453  render           | Saved: '/tmp/clearvla_eval_opaque_66846.png'
44:49.789  render           | Saved: '/tmp/clearvla_eval_opaque_66846.png'
44:50.165  render           | Saved: '/tmp/clearvla_eval_opaque_66846.png'
44:50.505  render           | Saved: '/tmp/clearvla_eval_opaque_66846.png'
44:50.879  render           | Saved: '/tmp/clearvla_eval_opaque_66846.png'
44:51.218  render           | Saved: '/tmp/clearvla_eval_opaque_66846.png'
44:51.600  render           | Saved: '/tmp/clearvla_eval_opaque_66846.png'
44:51.938  render           | Saved: '/tmp/clearvla_eval_opaque_66846.png'
44:52.327  render           | Saved: '/tmp/clearvla_eval_opaque_66846.png'
44:52.659  render           | Saved: '/tmp/clearvla_eval_opaque_66846.png'
44:53.031  render           | Saved: '/tmp/clearvla_eval_opaque_66846.png'
44:53.358  render           | Saved: '/tmp/clearvla_eval_opaque_66846.png'
44:53.737  render           | Saved: '/tmp/clearvla_eval_opaque_66846.png'
44:54.077  render           | Saved: '/tmp/clearvla_eval_opaque_66846.png'
44:54.457  render           | Saved: '/tmp/clearvla_eval_opaque_66846.png'
44:54.776  render           | Saved: '/tmp/clearvla_eval_opaque_66846.png'
44:55.151  render           | Saved: '/tmp/clearvla_eval_opaque_66846.png'
44:55.492  render           | Saved: '/tmp/clearvla_eval_opaque_66846.png'
44:55.873  render           | Saved: '/tmp/clearvla_eval_opaque_66846.png'
44:56.217  render           | Saved: '/tmp/clearvla_eval_opaque_66846.png'
44:56.606  render           | Saved: '/tmp/clearvla_eval_opaque_66846.png'
44:56.932  render           | Saved: '/tmp/clearvla_eval_opaque_66846.png'
44:57.315  render           | Saved: '/tmp/clearvla_eval_opaque_66846.png'
44:57.652  render           | Saved: '/tmp/clearvla_eval_opaque_66846.png'
44:58.045  render           | Saved: '/tmp/clearvla_eval_opaque_66846.png'
44:58.391  render           | Saved: '/tmp/clearvla_eval_opaque_66846.png'
44:58.808  render           | Saved: '/tmp/clearvla_eval_opaque_66846.png'
44:59.136  render           | Saved: '/tmp/clearvla_eval_opaque_66846.png'
44:59.568  render           | Saved: '/tmp/clearvla_eval_opaque_66846.png'
44:59.890  render           | Saved: '/tmp/clearvla_eval_opaque_66846.png'
45:00.288  render           | Saved: '/tmp/clearvla_eval_opaque_66846.png'
45:00.619  render           | Saved: '/tmp/clearvla_eval_opaque_66846.png'
45:01.037  render           | Saved: '/tmp/clearvla_eval_opaque_66846.png'
45:01.368  render           | Saved: '/tmp/clearvla_eval_opaque_66846.png'
45:01.779  render           | Saved: '/tmp/clearvla_eval_opaque_66846.png'
45:02.097  render           | Saved: '/tmp/clearvla_eval_opaque_66846.png'
45:02.497  render           | Saved: '/tmp/clearvla_eval_opaque_66846.png'
45:02.818  render           | Saved: '/tmp/clearvla_eval_opaque_66846.png'
45:03.213  render           | Saved: '/tmp/clearvla_eval_opaque_66846.png'
45:03.559  render           | Saved: '/tmp/clearvla_eval_opaque_66846.png'
45:03.974  render           | Saved: '/tmp/clearvla_eval_opaque_66846.png'
45:04.320  render           | Saved: '/tmp/clearvla_eval_opaque_66846.png'
45:04.713  render           | Saved: '/tmp/clearvla_eval_opaque_66846.png'
45:05.060  render           | Saved: '/tmp/clearvla_eval_opaque_66846.png'
45:05.457  render           | Saved: '/tmp/clearvla_eval_opaque_66846.png'
45:05.784  render           | Saved: '/tmp/clearvla_eval_opaque_66846.png'
45:06.186  render           | Saved: '/tmp/clearvla_eval_opaque_66846.png'
45:06.513  render           | Saved: '/tmp/clearvla_eval_opaque_66846.png'
45:06.907  render           | Saved: '/tmp/clearvla_eval_opaque_66846.png'
45:07.253  render           | Saved: '/tmp/clearvla_eval_opaque_66846.png'
45:07.654  render           | Saved: '/tmp/clearvla_eval_opaque_66846.png'
45:07.997  render           | Saved: '/tmp/clearvla_eval_opaque_66846.png'
45:08.403  render           | Saved: '/tmp/clearvla_eval_opaque_66846.png'
45:08.744  render           | Saved: '/tmp/clearvla_eval_opaque_66846.png'
45:09.170  render           | Saved: '/tmp/clearvla_eval_opaque_66846.png'
45:09.488  render           | Saved: '/tmp/clearvla_eval_opaque_66846.png'
45:09.877  render           | Saved: '/tmp/clearvla_eval_opaque_66846.png'
45:10.197  render           | Saved: '/tmp/clearvla_eval_opaque_66846.png'
45:10.587  render           | Saved: '/tmp/clearvla_eval_opaque_66846.png'
45:10.934  render           | Saved: '/tmp/clearvla_eval_opaque_66846.png'
45:12.357  render           | Saved: '/tmp/clearvla_eval_opaque_66846.png'
45:12.674  render           | Saved: '/tmp/clearvla_eval_opaque_66846.png'
45:13.074  render           | Saved: '/tmp/clearvla_eval_opaque_66846.png'
45:13.401  render           | Saved: '/tmp/clearvla_eval_opaque_66846.png'
45:13.780  render           | Saved: '/tmp/clearvla_eval_opaque_66846.png'
45:14.110  render           | Saved: '/tmp/clearvla_eval_opaque_66846.png'
45:14.486  render           | Saved: '/tmp/clearvla_eval_opaque_66846.png'
45:14.861  render           | Saved: '/tmp/clearvla_eval_opaque_66846.png'
45:15.249  render           | Saved: '/tmp/clearvla_eval_opaque_66846.png'
45:15.616  render           | Saved: '/tmp/clearvla_eval_opaque_66846.png'
45:16.012  render           | Saved: '/tmp/clearvla_eval_opaque_66846.png'
45:16.346  render           | Saved: '/tmp/clearvla_eval_opaque_66846.png'
45:16.755  render           | Saved: '/tmp/clearvla_eval_opaque_66846.png'
45:17.095  render           | Saved: '/tmp/clearvla_eval_opaque_66846.png'
45:17.494  render           | Saved: '/tmp/clearvla_eval_opaque_66846.png'
45:17.831  render           | Saved: '/tmp/clearvla_eval_opaque_66846.png'
45:18.237  render           | Saved: '/tmp/clearvla_eval_opaque_66846.png'
45:18.556  render           | Saved: '/tmp/clearvla_eval_opaque_66846.png'
45:18.982  render           | Saved: '/tmp/clearvla_eval_opaque_66846.png'
45:19.302  render           | Saved: '/tmp/clearvla_eval_opaque_66846.png'
45:19.734  render           | Saved: '/tmp/clearvla_eval_opaque_66846.png'
45:20.060  render           | Saved: '/tmp/clearvla_eval_opaque_66846.png'
45:20.480  render           | Saved: '/tmp/clearvla_eval_opaque_66846.png'
45:20.805  render           | Saved: '/tmp/clearvla_eval_opaque_66846.png'
45:21.213  render           | Saved: '/tmp/clearvla_eval_opaque_66846.png'
45:21.538  render           | Saved: '/tmp/clearvla_eval_opaque_66846.png'
45:21.931  render           | Saved: '/tmp/clearvla_eval_opaque_66846.png'
45:22.265  render           | Saved: '/tmp/clearvla_eval_opaque_66846.png'
45:22.668  render           | Saved: '/tmp/clearvla_eval_opaque_66846.png'
45:22.999  render           | Saved: '/tmp/clearvla_eval_opaque_66846.png'
45:23.408  render           | Saved: '/tmp/clearvla_eval_opaque_66846.png'
45:23.749  render           | Saved: '/tmp/clearvla_eval_opaque_66846.png'
45:24.152  render           | Saved: '/tmp/clearvla_eval_opaque_66846.png'
45:24.492  render           | Saved: '/tmp/clearvla_eval_opaque_66846.png'
45:24.892  render           | Saved: '/tmp/clearvla_eval_opaque_66846.png'
45:25.226  render           | Saved: '/tmp/clearvla_eval_opaque_66846.png'
45:25.616  render           | Saved: '/tmp/clearvla_eval_opaque_66846.png'
45:25.964  render           | Saved: '/tmp/clearvla_eval_opaque_66846.png'
45:26.363  render           | Saved: '/tmp/clearvla_eval_opaque_66846.png'
45:26.704  render           | Saved: '/tmp/clearvla_eval_opaque_66846.png'
45:27.107  render           | Saved: '/tmp/clearvla_eval_opaque_66846.png'
45:27.431  render           | Saved: '/tmp/clearvla_eval_opaque_66846.png'
45:27.841  render           | Saved: '/tmp/clearvla_eval_opaque_66846.png'
45:28.171  render           | Saved: '/tmp/clearvla_eval_opaque_66846.png'
45:28.573  render           | Saved: '/tmp/clearvla_eval_opaque_66846.png'
45:28.905  render           | Saved: '/tmp/clearvla_eval_opaque_66846.png'
45:29.317  render           | Saved: '/tmp/clearvla_eval_opaque_66846.png'
45:29.660  render           | Saved: '/tmp/clearvla_eval_opaque_66846.png'
45:30.041  render           | Saved: '/tmp/clearvla_eval_opaque_66846.png'
45:30.375  render           | Saved: '/tmp/clearvla_eval_opaque_66846.png'
45:30.746  render           | Saved: '/tmp/clearvla_eval_opaque_66846.png'
45:31.089  render           | Saved: '/tmp/clearvla_eval_opaque_66846.png'
45:31.481  render           | Saved: '/tmp/clearvla_eval_opaque_66846.png'
45:31.832  render           | Saved: '/tmp/clearvla_eval_opaque_66846.png'
45:32.268  render           | Saved: '/tmp/clearvla_eval_opaque_66846.png'
45:32.643  render           | Saved: '/tmp/clearvla_eval_opaque_66846.png'
45:33.086  render           | Saved: '/tmp/clearvla_eval_opaque_66846.png'
45:33.466  render           | Saved: '/tmp/clearvla_eval_opaque_66846.png'
45:33.898  render           | Saved: '/tmp/clearvla_eval_opaque_66846.png'
45:34.270  render           | Saved: '/tmp/clearvla_eval_opaque_66846.png'
45:34.721  render           | Saved: '/tmp/clearvla_eval_opaque_66846.png'
45:35.093  render           | Saved: '/tmp/clearvla_eval_opaque_66846.png'
45:35.537  render           | Saved: '/tmp/clearvla_eval_opaque_66846.png'
45:35.913  render           | Saved: '/tmp/clearvla_eval_opaque_66846.png'
45:36.381  render           | Saved: '/tmp/clearvla_eval_opaque_66846.png'
45:36.741  render           | Saved: '/tmp/clearvla_eval_opaque_66846.png'
45:37.178  render           | Saved: '/tmp/clearvla_eval_opaque_66846.png'
45:37.552  render           | Saved: '/tmp/clearvla_eval_opaque_66846.png'
45:38.005  render           | Saved: '/tmp/clearvla_eval_opaque_66846.png'
45:38.393  render           | Saved: '/tmp/clearvla_eval_opaque_66846.png'
45:38.847  render           | Saved: '/tmp/clearvla_eval_opaque_66846.png'
45:39.186  render           | Saved: '/tmp/clearvla_eval_opaque_66846.png'
45:39.605  render           | Saved: '/tmp/clearvla_eval_opaque_66846.png'
45:39.977  render           | Saved: '/tmp/clearvla_eval_opaque_66846.png'
45:40.406  render           | Saved: '/tmp/clearvla_eval_opaque_66846.png'
45:40.749  render           | Saved: '/tmp/clearvla_eval_opaque_66846.png'
45:42.165  render           | Saved: '/tmp/clearvla_eval_opaque_66846.png'
45:42.491  render           | Saved: '/tmp/clearvla_eval_opaque_66846.png'
45:42.893  render           | Saved: '/tmp/clearvla_eval_opaque_66846.png'
45:43.222  render           | Saved: '/tmp/clearvla_eval_opaque_66846.png'
45:43.614  render           | Saved: '/tmp/clearvla_eval_opaque_66846.png'
45:43.934  render           | Saved: '/tmp/clearvla_eval_opaque_66846.png'
45:44.350  render           | Saved: '/tmp/clearvla_eval_opaque_66846.png'
45:44.691  render           | Saved: '/tmp/clearvla_eval_opaque_66846.png'
45:45.076  render           | Saved: '/tmp/clearvla_eval_opaque_66846.png'
45:45.391  render           | Saved: '/tmp/clearvla_eval_opaque_66846.png'
45:45.772  render           | Saved: '/tmp/clearvla_eval_opaque_66846.png'
45:46.134  render           | Saved: '/tmp/clearvla_eval_opaque_66846.png'
45:46.512  render           | Saved: '/tmp/clearvla_eval_opaque_66846.png'
45:46.883  render           | Saved: '/tmp/clearvla_eval_opaque_66846.png'
45:47.278  render           | Saved: '/tmp/clearvla_eval_opaque_66846.png'
45:47.607  render           | Saved: '/tmp/clearvla_eval_opaque_66846.png'
45:48.021  render           | Saved: '/tmp/clearvla_eval_opaque_66846.png'
45:48.338  render           | Saved: '/tmp/clearvla_eval_opaque_66846.png'
45:48.786  render           | Saved: '/tmp/clearvla_eval_opaque_66846.png'
45:49.111  render           | Saved: '/tmp/clearvla_eval_opaque_66846.png'
45:49.558  render           | Saved: '/tmp/clearvla_eval_opaque_66846.png'
45:49.870  render           | Saved: '/tmp/clearvla_eval_opaque_66846.png'
45:50.318  render           | Saved: '/tmp/clearvla_eval_opaque_66846.png'
45:50.635  render           | Saved: '/tmp/clearvla_eval_opaque_66846.png'
45:51.088  render           | Saved: '/tmp/clearvla_eval_opaque_66846.png'
45:51.406  render           | Saved: '/tmp/clearvla_eval_opaque_66846.png'
45:51.829  render           | Saved: '/tmp/clearvla_eval_opaque_66846.png'
45:52.153  render           | Saved: '/tmp/clearvla_eval_opaque_66846.png'
45:52.546  render           | Saved: '/tmp/clearvla_eval_opaque_66846.png'
45:52.881  render           | Saved: '/tmp/clearvla_eval_opaque_66846.png'
45:53.285  render           | Saved: '/tmp/clearvla_eval_opaque_66846.png'
45:53.611  render           | Saved: '/tmp/clearvla_eval_opaque_66846.png'
45:54.029  render           | Saved: '/tmp/clearvla_eval_opaque_66846.png'
45:54.354  render           | Saved: '/tmp/clearvla_eval_opaque_66846.png'
45:54.787  render           | Saved: '/tmp/clearvla_eval_opaque_66846.png'
45:55.104  render           | Saved: '/tmp/clearvla_eval_opaque_66846.png'
45:55.528  render           | Saved: '/tmp/clearvla_eval_opaque_66846.png'
45:55.852  render           | Saved: '/tmp/clearvla_eval_opaque_66846.png'
45:56.276  render           | Saved: '/tmp/clearvla_eval_opaque_66846.png'
45:56.596  render           | Saved: '/tmp/clearvla_eval_opaque_66846.png'
45:57.019  render           | Saved: '/tmp/clearvla_eval_opaque_66846.png'
45:57.332  render           | Saved: '/tmp/clearvla_eval_opaque_66846.png'
45:57.730  render           | Saved: '/tmp/clearvla_eval_opaque_66846.png'
45:58.050  render           | Saved: '/tmp/clearvla_eval_opaque_66846.png'
45:58.478  render           | Saved: '/tmp/clearvla_eval_opaque_66846.png'
45:58.797  render           | Saved: '/tmp/clearvla_eval_opaque_66846.png'
45:59.227  render           | Saved: '/tmp/clearvla_eval_opaque_66846.png'
45:59.545  render           | Saved: '/tmp/clearvla_eval_opaque_66846.png'
45:59.964  render           | Saved: '/tmp/clearvla_eval_opaque_66846.png'
46:00.289  render           | Saved: '/tmp/clearvla_eval_opaque_66846.png'
46:00.718  render           | Saved: '/tmp/clearvla_eval_opaque_66846.png'
46:01.044  render           | Saved: '/tmp/clearvla_eval_opaque_66846.png'
46:01.467  render           | Saved: '/tmp/clearvla_eval_opaque_66846.png'
46:01.794  render           | Saved: '/tmp/clearvla_eval_opaque_66846.png'
46:02.217  render           | Saved: '/tmp/clearvla_eval_opaque_66846.png'
46:02.533  render           | Saved: '/tmp/clearvla_eval_opaque_66846.png'
46:02.935  render           | Saved: '/tmp/clearvla_eval_opaque_66846.png'
46:03.261  render           | Saved: '/tmp/clearvla_eval_opaque_66846.png'
46:03.677  render           | Saved: '/tmp/clearvla_eval_opaque_66846.png'
46:04.003  render           | Saved: '/tmp/clearvla_eval_opaque_66846.png'
46:04.434  render           | Saved: '/tmp/clearvla_eval_opaque_66846.png'
46:04.751  render           | Saved: '/tmp/clearvla_eval_opaque_66846.png'
46:05.179  render           | Saved: '/tmp/clearvla_eval_opaque_66846.png'
46:05.495  render           | Saved: '/tmp/clearvla_eval_opaque_66846.png'
46:05.916  render           | Saved: '/tmp/clearvla_eval_opaque_66846.png'
46:06.234  render           | Saved: '/tmp/clearvla_eval_opaque_66846.png'
46:06.670  render           | Saved: '/tmp/clearvla_eval_opaque_66846.png'
46:06.991  render           | Saved: '/tmp/clearvla_eval_opaque_66846.png'
46:07.425  render           | Saved: '/tmp/clearvla_eval_opaque_66846.png'
46:07.741  render           | Saved: '/tmp/clearvla_eval_opaque_66846.png'
46:08.179  render           | Saved: '/tmp/clearvla_eval_opaque_66846.png'
46:08.495  render           | Saved: '/tmp/clearvla_eval_opaque_66846.png'
46:08.927  render           | Saved: '/tmp/clearvla_eval_opaque_66846.png'
46:09.243  render           | Saved: '/tmp/clearvla_eval_opaque_66846.png'
46:09.669  render           | Saved: '/tmp/clearvla_eval_opaque_66846.png'
46:09.984  render           | Saved: '/tmp/clearvla_eval_opaque_66846.png'
46:11.447  render           | Saved: '/tmp/clearvla_eval_opaque_66846.png'
46:11.788  render           | Saved: '/tmp/clearvla_eval_opaque_66846.png'
46:12.182  render           | Saved: '/tmp/clearvla_eval_opaque_66846.png'
46:12.524  render           | Saved: '/tmp/clearvla_eval_opaque_66846.png'
46:12.918  render           | Saved: '/tmp/clearvla_eval_opaque_66846.png'
46:13.261  render           | Saved: '/tmp/clearvla_eval_opaque_66846.png'
46:13.655  render           | Saved: '/tmp/clearvla_eval_opaque_66846.png'
46:13.995  render           | Saved: '/tmp/clearvla_eval_opaque_66846.png'
46:14.403  render           | Saved: '/tmp/clearvla_eval_opaque_66846.png'
46:14.758  render           | Saved: '/tmp/clearvla_eval_opaque_66846.png'
46:15.153  render           | Saved: '/tmp/clearvla_eval_opaque_66846.png'
46:15.484  render           | Saved: '/tmp/clearvla_eval_opaque_66846.png'
46:15.903  render           | Saved: '/tmp/clearvla_eval_opaque_66846.png'
46:16.225  render           | Saved: '/tmp/clearvla_eval_opaque_66846.png'
46:16.652  render           | Saved: '/tmp/clearvla_eval_opaque_66846.png'
46:16.976  render           | Saved: '/tmp/clearvla_eval_opaque_66846.png'
46:17.379  render           | Saved: '/tmp/clearvla_eval_opaque_66846.png'
46:17.702  render           | Saved: '/tmp/clearvla_eval_opaque_66846.png'
46:18.101  render           | Saved: '/tmp/clearvla_eval_opaque_66846.png'
46:18.435  render           | Saved: '/tmp/clearvla_eval_opaque_66846.png'
46:18.849  render           | Saved: '/tmp/clearvla_eval_opaque_66846.png'
46:19.176  render           | Saved: '/tmp/clearvla_eval_opaque_66846.png'
46:19.569  render           | Saved: '/tmp/clearvla_eval_opaque_66846.png'
46:19.902  render           | Saved: '/tmp/clearvla_eval_opaque_66846.png'
46:20.318  render           | Saved: '/tmp/clearvla_eval_opaque_66846.png'
46:20.648  render           | Saved: '/tmp/clearvla_eval_opaque_66846.png'
46:21.057  render           | Saved: '/tmp/clearvla_eval_opaque_66846.png'
46:21.383  render           | Saved: '/tmp/clearvla_eval_opaque_66846.png'
46:21.768  render           | Saved: '/tmp/clearvla_eval_opaque_66846.png'
46:22.115  render           | Saved: '/tmp/clearvla_eval_opaque_66846.png'
46:22.525  render           | Saved: '/tmp/clearvla_eval_opaque_66846.png'
46:22.852  render           | Saved: '/tmp/clearvla_eval_opaque_66846.png'
46:23.262  render           | Saved: '/tmp/clearvla_eval_opaque_66846.png'
46:23.598  render           | Saved: '/tmp/clearvla_eval_opaque_66846.png'
46:23.996  render           | Saved: '/tmp/clearvla_eval_opaque_66846.png'
46:24.322  render           | Saved: '/tmp/clearvla_eval_opaque_66846.png'
46:24.732  render           | Saved: '/tmp/clearvla_eval_opaque_66846.png'
46:25.066  render           | Saved: '/tmp/clearvla_eval_opaque_66846.png'
46:25.460  render           | Saved: '/tmp/clearvla_eval_opaque_66846.png'
46:25.802  render           | Saved: '/tmp/clearvla_eval_opaque_66846.png'
46:26.206  render           | Saved: '/tmp/clearvla_eval_opaque_66846.png'
46:26.541  render           | Saved: '/tmp/clearvla_eval_opaque_66846.png'
46:26.937  render           | Saved: '/tmp/clearvla_eval_opaque_66846.png'
46:27.263  render           | Saved: '/tmp/clearvla_eval_opaque_66846.png'
46:27.658  render           | Saved: '/tmp/clearvla_eval_opaque_66846.png'
46:27.986  render           | Saved: '/tmp/clearvla_eval_opaque_66846.png'
46:28.395  render           | Saved: '/tmp/clearvla_eval_opaque_66846.png'
46:28.730  render           | Saved: '/tmp/clearvla_eval_opaque_66846.png'
46:29.131  render           | Saved: '/tmp/clearvla_eval_opaque_66846.png'
46:29.451  render           | Saved: '/tmp/clearvla_eval_opaque_66846.png'
46:29.882  render           | Saved: '/tmp/clearvla_eval_opaque_66846.png'
46:30.198  render           | Saved: '/tmp/clearvla_eval_opaque_66846.png'
46:30.627  render           | Saved: '/tmp/clearvla_eval_opaque_66846.png'
46:30.940  render           | Saved: '/tmp/clearvla_eval_opaque_66846.png'
46:31.383  render           | Saved: '/tmp/clearvla_eval_opaque_66846.png'
46:31.721  render           | Saved: '/tmp/clearvla_eval_opaque_66846.png'
46:32.135  render           | Saved: '/tmp/clearvla_eval_opaque_66846.png'
46:32.468  render           | Saved: '/tmp/clearvla_eval_opaque_66846.png'
46:32.912  render           | Saved: '/tmp/clearvla_eval_opaque_66846.png'
46:33.229  render           | Saved: '/tmp/clearvla_eval_opaque_66846.png'
46:33.640  render           | Saved: '/tmp/clearvla_eval_opaque_66846.png'
46:33.957  render           | Saved: '/tmp/clearvla_eval_opaque_66846.png'
46:34.390  render           | Saved: '/tmp/clearvla_eval_opaque_66846.png'
46:34.709  render           | Saved: '/tmp/clearvla_eval_opaque_66846.png'
46:35.141  render           | Saved: '/tmp/clearvla_eval_opaque_66846.png'
46:35.459  render           | Saved: '/tmp/clearvla_eval_opaque_66846.png'
46:35.896  render           | Saved: '/tmp/clearvla_eval_opaque_66846.png'
46:36.217  render           | Saved: '/tmp/clearvla_eval_opaque_66846.png'
46:36.611  render           | Saved: '/tmp/clearvla_eval_opaque_66846.png'
46:36.933  render           | Saved: '/tmp/clearvla_eval_opaque_66846.png'
46:37.341  render           | Saved: '/tmp/clearvla_eval_opaque_66846.png'
46:37.674  render           | Saved: '/tmp/clearvla_eval_opaque_66846.png'
46:38.064  render           | Saved: '/tmp/clearvla_eval_opaque_66846.png'
46:38.404  render           | Saved: '/tmp/clearvla_eval_opaque_66846.png'
46:38.813  render           | Saved: '/tmp/clearvla_eval_opaque_66846.png'
46:39.133  render           | Saved: '/tmp/clearvla_eval_opaque_66846.png'
46:40.534  render           | Saved: '/tmp/clearvla_eval_opaque_66846.png'
46:40.844  render           | Saved: '/tmp/clearvla_eval_opaque_66846.png'
46:41.251  render           | Saved: '/tmp/clearvla_eval_opaque_66846.png'
46:41.575  render           | Saved: '/tmp/clearvla_eval_opaque_66846.png'
46:41.986  render           | Saved: '/tmp/clearvla_eval_opaque_66846.png'
46:42.303  render           | Saved: '/tmp/clearvla_eval_opaque_66846.png'
46:42.694  render           | Saved: '/tmp/clearvla_eval_opaque_66846.png'
46:43.041  render           | Saved: '/tmp/clearvla_eval_opaque_66846.png'
46:43.438  render           | Saved: '/tmp/clearvla_eval_opaque_66846.png'
46:43.783  render           | Saved: '/tmp/clearvla_eval_opaque_66846.png'
46:44.232  render           | Saved: '/tmp/clearvla_eval_opaque_66846.png'
46:44.669  render           | Saved: '/tmp/clearvla_eval_opaque_66846.png'
46:45.175  render           | Saved: '/tmp/clearvla_eval_opaque_66846.png'
46:45.521  render           | Saved: '/tmp/clearvla_eval_opaque_66846.png'
46:45.952  render           | Saved: '/tmp/clearvla_eval_opaque_66846.png'
46:46.317  render           | Saved: '/tmp/clearvla_eval_opaque_66846.png'
46:46.735  render           | Saved: '/tmp/clearvla_eval_opaque_66846.png'
46:47.082  render           | Saved: '/tmp/clearvla_eval_opaque_66846.png'
46:47.528  render           | Saved: '/tmp/clearvla_eval_opaque_66846.png'
46:47.891  render           | Saved: '/tmp/clearvla_eval_opaque_66846.png'
46:48.329  render           | Saved: '/tmp/clearvla_eval_opaque_66846.png'
46:48.691  render           | Saved: '/tmp/clearvla_eval_opaque_66846.png'
46:49.147  render           | Saved: '/tmp/clearvla_eval_opaque_66846.png'
46:49.511  render           | Saved: '/tmp/clearvla_eval_opaque_66846.png'
46:49.957  render           | Saved: '/tmp/clearvla_eval_opaque_66846.png'
46:50.330  render           | Saved: '/tmp/clearvla_eval_opaque_66846.png'
46:50.814  render           | Saved: '/tmp/clearvla_eval_opaque_66846.png'
46:51.186  render           | Saved: '/tmp/clearvla_eval_opaque_66846.png'
46:51.635  render           | Saved: '/tmp/clearvla_eval_opaque_66846.png'
46:52.017  render           | Saved: '/tmp/clearvla_eval_opaque_66846.png'
46:52.477  render           | Saved: '/tmp/clearvla_eval_opaque_66846.png'
46:52.865  render           | Saved: '/tmp/clearvla_eval_opaque_66846.png'
46:53.332  render           | Saved: '/tmp/clearvla_eval_opaque_66846.png'
46:53.710  render           | Saved: '/tmp/clearvla_eval_opaque_66846.png'
46:54.157  render           | Saved: '/tmp/clearvla_eval_opaque_66846.png'
46:54.541  render           | Saved: '/tmp/clearvla_eval_opaque_66846.png'
46:55.024  render           | Saved: '/tmp/clearvla_eval_opaque_66846.png'
46:55.409  render           | Saved: '/tmp/clearvla_eval_opaque_66846.png'
46:55.864  render           | Saved: '/tmp/clearvla_eval_opaque_66846.png'
46:56.255  render           | Saved: '/tmp/clearvla_eval_opaque_66846.png'
46:56.735  render           | Saved: '/tmp/clearvla_eval_opaque_66846.png'
46:57.107  render           | Saved: '/tmp/clearvla_eval_opaque_66846.png'
46:57.560  render           | Saved: '/tmp/clearvla_eval_opaque_66846.png'
46:57.931  render           | Saved: '/tmp/clearvla_eval_opaque_66846.png'
46:58.393  render           | Saved: '/tmp/clearvla_eval_opaque_66846.png'
46:58.749  render           | Saved: '/tmp/clearvla_eval_opaque_66846.png'
46:59.215  render           | Saved: '/tmp/clearvla_eval_opaque_66846.png'
46:59.577  render           | Saved: '/tmp/clearvla_eval_opaque_66846.png'
47:00.042  render           | Saved: '/tmp/clearvla_eval_opaque_66846.png'
47:00.419  render           | Saved: '/tmp/clearvla_eval_opaque_66846.png'
47:00.841  render           | Saved: '/tmp/clearvla_eval_opaque_66846.png'
47:01.175  render           | Saved: '/tmp/clearvla_eval_opaque_66846.png'
47:01.589  render           | Saved: '/tmp/clearvla_eval_opaque_66846.png'
47:01.924  render           | Saved: '/tmp/clearvla_eval_opaque_66846.png'
47:02.325  render           | Saved: '/tmp/clearvla_eval_opaque_66846.png'
47:02.657  render           | Saved: '/tmp/clearvla_eval_opaque_66846.png'
47:03.066  render           | Saved: '/tmp/clearvla_eval_opaque_66846.png'
47:03.408  render           | Saved: '/tmp/clearvla_eval_opaque_66846.png'
47:03.824  render           | Saved: '/tmp/clearvla_eval_opaque_66846.png'
47:04.156  render           | Saved: '/tmp/clearvla_eval_opaque_66846.png'
47:04.583  render           | Saved: '/tmp/clearvla_eval_opaque_66846.png'
47:04.899  render           | Saved: '/tmp/clearvla_eval_opaque_66846.png'
47:05.327  render           | Saved: '/tmp/clearvla_eval_opaque_66846.png'
47:05.650  render           | Saved: '/tmp/clearvla_eval_opaque_66846.png'
47:06.085  render           | Saved: '/tmp/clearvla_eval_opaque_66846.png'
47:06.404  render           | Saved: '/tmp/clearvla_eval_opaque_66846.png'
47:06.851  render           | Saved: '/tmp/clearvla_eval_opaque_66846.png'
47:07.164  render           | Saved: '/tmp/clearvla_eval_opaque_66846.png'
47:07.585  render           | Saved: '/tmp/clearvla_eval_opaque_66846.png'
47:07.906  render           | Saved: '/tmp/clearvla_eval_opaque_66846.png'
47:08.323  render           | Saved: '/tmp/clearvla_eval_opaque_66846.png'
47:08.648  render           | Saved: '/tmp/clearvla_eval_opaque_66846.png'
47:09.065  render           | Saved: '/tmp/clearvla_eval_opaque_66846.png'
47:09.387  render           | Saved: '/tmp/clearvla_eval_opaque_66846.png'
47:09.779  render           | Saved: '/tmp/clearvla_eval_opaque_66846.png'
47:10.121  render           | Saved: '/tmp/clearvla_eval_opaque_66846.png'
47:11.660  render           | Saved: '/tmp/clearvla_eval_opaque_66846.png'
47:11.988  render           | Saved: '/tmp/clearvla_eval_opaque_66846.png'
47:12.385  render           | Saved: '/tmp/clearvla_eval_opaque_66846.png'
47:12.720  render           | Saved: '/tmp/clearvla_eval_opaque_66846.png'
47:13.104  render           | Saved: '/tmp/clearvla_eval_opaque_66846.png'
47:13.436  render           | Saved: '/tmp/clearvla_eval_opaque_66846.png'
47:13.825  render           | Saved: '/tmp/clearvla_eval_opaque_66846.png'
47:14.167  render           | Saved: '/tmp/clearvla_eval_opaque_66846.png'
47:14.594  render           | Saved: '/tmp/clearvla_eval_opaque_66846.png'
47:14.958  render           | Saved: '/tmp/clearvla_eval_opaque_66846.png'
47:15.405  render           | Saved: '/tmp/clearvla_eval_opaque_66846.png'
47:15.768  render           | Saved: '/tmp/clearvla_eval_opaque_66846.png'
47:16.227  render           | Saved: '/tmp/clearvla_eval_opaque_66846.png'
47:16.593  render           | Saved: '/tmp/clearvla_eval_opaque_66846.png'
47:17.039  render           | Saved: '/tmp/clearvla_eval_opaque_66846.png'
47:17.368  render           | Saved: '/tmp/clearvla_eval_opaque_66846.png'
47:17.745  render           | Saved: '/tmp/clearvla_eval_opaque_66846.png'
47:18.094  render           | Saved: '/tmp/clearvla_eval_opaque_66846.png'
47:18.492  render           | Saved: '/tmp/clearvla_eval_opaque_66846.png'
47:18.836  render           | Saved: '/tmp/clearvla_eval_opaque_66846.png'
47:19.233  render           | Saved: '/tmp/clearvla_eval_opaque_66846.png'
47:19.580  render           | Saved: '/tmp/clearvla_eval_opaque_66846.png'
47:20.034  render           | Saved: '/tmp/clearvla_eval_opaque_66846.png'
47:20.398  render           | Saved: '/tmp/clearvla_eval_opaque_66846.png'
47:20.851  render           | Saved: '/tmp/clearvla_eval_opaque_66846.png'
47:21.253  render           | Saved: '/tmp/clearvla_eval_opaque_66846.png'
47:21.651  render           | Saved: '/tmp/clearvla_eval_opaque_66846.png'
47:22.006  render           | Saved: '/tmp/clearvla_eval_opaque_66846.png'
47:22.427  render           | Saved: '/tmp/clearvla_eval_opaque_66846.png'
47:22.798  render           | Saved: '/tmp/clearvla_eval_opaque_66846.png'
47:23.252  render           | Saved: '/tmp/clearvla_eval_opaque_66846.png'
47:23.631  render           | Saved: '/tmp/clearvla_eval_opaque_66846.png'
47:24.093  render           | Saved: '/tmp/clearvla_eval_opaque_66846.png'
47:24.471  render           | Saved: '/tmp/clearvla_eval_opaque_66846.png'
47:24.934  render           | Saved: '/tmp/clearvla_eval_opaque_66846.png'
47:25.300  render           | Saved: '/tmp/clearvla_eval_opaque_66846.png'
47:25.753  render           | Saved: '/tmp/clearvla_eval_opaque_66846.png'
47:26.127  render           | Saved: '/tmp/clearvla_eval_opaque_66846.png'
47:26.598  render           | Saved: '/tmp/clearvla_eval_opaque_66846.png'
47:26.976  render           | Saved: '/tmp/clearvla_eval_opaque_66846.png'
47:27.412  render           | Saved: '/tmp/clearvla_eval_opaque_66846.png'
47:27.788  render           | Saved: '/tmp/clearvla_eval_opaque_66846.png'
47:28.264  render           | Saved: '/tmp/clearvla_eval_opaque_66846.png'
47:28.642  render           | Saved: '/tmp/clearvla_eval_opaque_66846.png'
47:29.117  render           | Saved: '/tmp/clearvla_eval_opaque_66846.png'
47:29.512  render           | Saved: '/tmp/clearvla_eval_opaque_66846.png'
47:29.940  render           | Saved: '/tmp/clearvla_eval_opaque_66846.png'
47:30.314  render           | Saved: '/tmp/clearvla_eval_opaque_66846.png'
47:30.774  render           | Saved: '/tmp/clearvla_eval_opaque_66846.png'
47:31.155  render           | Saved: '/tmp/clearvla_eval_opaque_66846.png'
47:31.569  render           | Saved: '/tmp/clearvla_eval_opaque_66846.png'
47:31.917  render           | Saved: '/tmp/clearvla_eval_opaque_66846.png'
47:32.323  render           | Saved: '/tmp/clearvla_eval_opaque_66846.png'
47:32.669  render           | Saved: '/tmp/clearvla_eval_opaque_66846.png'
47:33.073  render           | Saved: '/tmp/clearvla_eval_opaque_66846.png'
47:33.395  render           | Saved: '/tmp/clearvla_eval_opaque_66846.png'
47:33.812  render           | Saved: '/tmp/clearvla_eval_opaque_66846.png'
47:34.157  render           | Saved: '/tmp/clearvla_eval_opaque_66846.png'
47:34.586  render           | Saved: '/tmp/clearvla_eval_opaque_66846.png'
47:34.904  render           | Saved: '/tmp/clearvla_eval_opaque_66846.png'
47:35.333  render           | Saved: '/tmp/clearvla_eval_opaque_66846.png'
47:35.650  render           | Saved: '/tmp/clearvla_eval_opaque_66846.png'
47:36.049  render           | Saved: '/tmp/clearvla_eval_opaque_66846.png'
47:36.375  render           | Saved: '/tmp/clearvla_eval_opaque_66846.png'
47:36.774  render           | Saved: '/tmp/clearvla_eval_opaque_66846.png'
47:37.112  render           | Saved: '/tmp/clearvla_eval_opaque_66846.png'
47:37.522  render           | Saved: '/tmp/clearvla_eval_opaque_66846.png'
47:37.857  render           | Saved: '/tmp/clearvla_eval_opaque_66846.png'
47:38.267  render           | Saved: '/tmp/clearvla_eval_opaque_66846.png'
47:38.608  render           | Saved: '/tmp/clearvla_eval_opaque_66846.png'
47:39.004  render           | Saved: '/tmp/clearvla_eval_opaque_66846.png'
47:39.331  render           | Saved: '/tmp/clearvla_eval_opaque_66846.png'
47:39.741  render           | Saved: '/tmp/clearvla_eval_opaque_66846.png'
47:40.062  render           | Saved: '/tmp/clearvla_eval_opaque_66846.png'
47:40.447  render           | Saved: '/tmp/clearvla_eval_opaque_66846.png'
47:40.798  render           | Saved: '/tmp/clearvla_eval_opaque_66846.png'
47:42.222  render           | Saved: '/tmp/clearvla_eval_opaque_66846.png'
47:42.532  render           | Saved: '/tmp/clearvla_eval_opaque_66846.png'
47:42.920  render           | Saved: '/tmp/clearvla_eval_opaque_66846.png'
47:43.253  render           | Saved: '/tmp/clearvla_eval_opaque_66846.png'
47:43.638  render           | Saved: '/tmp/clearvla_eval_opaque_66846.png'
47:43.982  render           | Saved: '/tmp/clearvla_eval_opaque_66846.png'
47:44.386  render           | Saved: '/tmp/clearvla_eval_opaque_66846.png'
47:44.702  render           | Saved: '/tmp/clearvla_eval_opaque_66846.png'
47:45.133  render           | Saved: '/tmp/clearvla_eval_opaque_66846.png'
47:45.456  render           | Saved: '/tmp/clearvla_eval_opaque_66846.png'
47:45.865  render           | Saved: '/tmp/clearvla_eval_opaque_66846.png'
47:46.206  render           | Saved: '/tmp/clearvla_eval_opaque_66846.png'
47:46.599  render           | Saved: '/tmp/clearvla_eval_opaque_66846.png'
47:46.919  render           | Saved: '/tmp/clearvla_eval_opaque_66846.png'
47:47.308  render           | Saved: '/tmp/clearvla_eval_opaque_66846.png'
47:47.619  render           | Saved: '/tmp/clearvla_eval_opaque_66846.png'
47:48.036  render           | Saved: '/tmp/clearvla_eval_opaque_66846.png'
47:48.376  render           | Saved: '/tmp/clearvla_eval_opaque_66846.png'
47:48.784  render           | Saved: '/tmp/clearvla_eval_opaque_66846.png'
47:49.123  render           | Saved: '/tmp/clearvla_eval_opaque_66846.png'
47:49.514  render           | Saved: '/tmp/clearvla_eval_opaque_66846.png'
47:49.841  render           | Saved: '/tmp/clearvla_eval_opaque_66846.png'
47:50.245  render           | Saved: '/tmp/clearvla_eval_opaque_66846.png'
47:50.582  render           | Saved: '/tmp/clearvla_eval_opaque_66846.png'
47:50.970  render           | Saved: '/tmp/clearvla_eval_opaque_66846.png'
47:51.300  render           | Saved: '/tmp/clearvla_eval_opaque_66846.png'
47:51.707  render           | Saved: '/tmp/clearvla_eval_opaque_66846.png'
47:52.046  render           | Saved: '/tmp/clearvla_eval_opaque_66846.png'
47:52.447  render           | Saved: '/tmp/clearvla_eval_opaque_66846.png'
47:52.789  render           | Saved: '/tmp/clearvla_eval_opaque_66846.png'
47:53.185  render           | Saved: '/tmp/clearvla_eval_opaque_66846.png'
47:53.524  render           | Saved: '/tmp/clearvla_eval_opaque_66846.png'
47:53.933  render           | Saved: '/tmp/clearvla_eval_opaque_66846.png'
47:54.255  render           | Saved: '/tmp/clearvla_eval_opaque_66846.png'
47:54.672  render           | Saved: '/tmp/clearvla_eval_opaque_66846.png'
47:55.011  render           | Saved: '/tmp/clearvla_eval_opaque_66846.png'
47:55.406  render           | Saved: '/tmp/clearvla_eval_opaque_66846.png'
47:55.728  render           | Saved: '/tmp/clearvla_eval_opaque_66846.png'
47:56.118  render           | Saved: '/tmp/clearvla_eval_opaque_66846.png'
47:56.462  render           | Saved: '/tmp/clearvla_eval_opaque_66846.png'
47:56.941  render           | Saved: '/tmp/clearvla_eval_opaque_66846.png'
47:57.301  render           | Saved: '/tmp/clearvla_eval_opaque_66846.png'
47:57.725  render           | Saved: '/tmp/clearvla_eval_opaque_66846.png'
47:58.076  render           | Saved: '/tmp/clearvla_eval_opaque_66846.png'
47:58.465  render           | Saved: '/tmp/clearvla_eval_opaque_66846.png'
47:58.787  render           | Saved: '/tmp/clearvla_eval_opaque_66846.png'
47:59.204  render           | Saved: '/tmp/clearvla_eval_opaque_66846.png'
47:59.532  render           | Saved: '/tmp/clearvla_eval_opaque_66846.png'
47:59.946  render           | Saved: '/tmp/clearvla_eval_opaque_66846.png'
48:00.258  render           | Saved: '/tmp/clearvla_eval_opaque_66846.png'
48:00.642  render           | Saved: '/tmp/clearvla_eval_opaque_66846.png'
48:00.966  render           | Saved: '/tmp/clearvla_eval_opaque_66846.png'
48:01.364  render           | Saved: '/tmp/clearvla_eval_opaque_66846.png'
48:01.691  render           | Saved: '/tmp/clearvla_eval_opaque_66846.png'
48:02.085  render           | Saved: '/tmp/clearvla_eval_opaque_66846.png'
48:02.409  render           | Saved: '/tmp/clearvla_eval_opaque_66846.png'
48:02.809  render           | Saved: '/tmp/clearvla_eval_opaque_66846.png'
48:03.130  render           | Saved: '/tmp/clearvla_eval_opaque_66846.png'
48:03.510  render           | Saved: '/tmp/clearvla_eval_opaque_66846.png'
48:03.824  render           | Saved: '/tmp/clearvla_eval_opaque_66846.png'
48:04.211  render           | Saved: '/tmp/clearvla_eval_opaque_66846.png'
48:04.524  render           | Saved: '/tmp/clearvla_eval_opaque_66846.png'
48:04.904  render           | Saved: '/tmp/clearvla_eval_opaque_66846.png'
48:05.219  render           | Saved: '/tmp/clearvla_eval_opaque_66846.png'
48:05.627  render           | Saved: '/tmp/clearvla_eval_opaque_66846.png'
48:05.947  render           | Saved: '/tmp/clearvla_eval_opaque_66846.png'
48:06.346  render           | Saved: '/tmp/clearvla_eval_opaque_66846.png'
48:06.685  render           | Saved: '/tmp/clearvla_eval_opaque_66846.png'
48:07.095  render           | Saved: '/tmp/clearvla_eval_opaque_66846.png'
48:07.432  render           | Saved: '/tmp/clearvla_eval_opaque_66846.png'
48:07.832  render           | Saved: '/tmp/clearvla_eval_opaque_66846.png'
48:08.150  render           | Saved: '/tmp/clearvla_eval_opaque_66846.png'
48:08.538  render           | Saved: '/tmp/clearvla_eval_opaque_66846.png'
48:08.859  render           | Saved: '/tmp/clearvla_eval_opaque_66846.png'
48:09.248  render           | Saved: '/tmp/clearvla_eval_opaque_66846.png'
48:09.571  render           | Saved: '/tmp/clearvla_eval_opaque_66846.png'
48:11.171  render           | Saved: '/tmp/clearvla_eval_opaque_66846.png'
48:11.523  render           | Saved: '/tmp/clearvla_eval_opaque_66846.png'
48:11.951  render           | Saved: '/tmp/clearvla_eval_opaque_66846.png'
48:12.325  render           | Saved: '/tmp/clearvla_eval_opaque_66846.png'
48:12.719  render           | Saved: '/tmp/clearvla_eval_opaque_66846.png'
48:13.074  render           | Saved: '/tmp/clearvla_eval_opaque_66846.png'
48:13.464  render           | Saved: '/tmp/clearvla_eval_opaque_66846.png'
48:13.807  render           | Saved: '/tmp/clearvla_eval_opaque_66846.png'
48:14.219  render           | Saved: '/tmp/clearvla_eval_opaque_66846.png'
48:14.551  render           | Saved: '/tmp/clearvla_eval_opaque_66846.png'
48:14.982  render           | Saved: '/tmp/clearvla_eval_opaque_66846.png'
48:15.317  render           | Saved: '/tmp/clearvla_eval_opaque_66846.png'
48:15.739  render           | Saved: '/tmp/clearvla_eval_opaque_66846.png'
48:16.070  render           | Saved: '/tmp/clearvla_eval_opaque_66846.png'
48:16.492  render           | Saved: '/tmp/clearvla_eval_opaque_66846.png'
48:16.824  render           | Saved: '/tmp/clearvla_eval_opaque_66846.png'
48:17.247  render           | Saved: '/tmp/clearvla_eval_opaque_66846.png'
48:17.569  render           | Saved: '/tmp/clearvla_eval_opaque_66846.png'
48:17.993  render           | Saved: '/tmp/clearvla_eval_opaque_66846.png'
48:18.311  render           | Saved: '/tmp/clearvla_eval_opaque_66846.png'
48:18.713  render           | Saved: '/tmp/clearvla_eval_opaque_66846.png'
48:19.036  render           | Saved: '/tmp/clearvla_eval_opaque_66846.png'
48:19.441  render           | Saved: '/tmp/clearvla_eval_opaque_66846.png'
48:19.770  render           | Saved: '/tmp/clearvla_eval_opaque_66846.png'
48:20.187  render           | Saved: '/tmp/clearvla_eval_opaque_66846.png'
48:20.511  render           | Saved: '/tmp/clearvla_eval_opaque_66846.png'
48:20.914  render           | Saved: '/tmp/clearvla_eval_opaque_66846.png'
48:21.256  render           | Saved: '/tmp/clearvla_eval_opaque_66846.png'
48:21.668  render           | Saved: '/tmp/clearvla_eval_opaque_66846.png'
48:22.007  render           | Saved: '/tmp/clearvla_eval_opaque_66846.png'
48:22.420  render           | Saved: '/tmp/clearvla_eval_opaque_66846.png'
48:22.762  render           | Saved: '/tmp/clearvla_eval_opaque_66846.png'
48:23.185  render           | Saved: '/tmp/clearvla_eval_opaque_66846.png'
48:23.516  render           | Saved: '/tmp/clearvla_eval_opaque_66846.png'
48:23.924  render           | Saved: '/tmp/clearvla_eval_opaque_66846.png'
48:24.264  render           | Saved: '/tmp/clearvla_eval_opaque_66846.png'
48:24.695  render           | Saved: '/tmp/clearvla_eval_opaque_66846.png'
48:25.024  render           | Saved: '/tmp/clearvla_eval_opaque_66846.png'
48:25.447  render           | Saved: '/tmp/clearvla_eval_opaque_66846.png'
48:25.775  render           | Saved: '/tmp/clearvla_eval_opaque_66846.png'
48:26.201  render           | Saved: '/tmp/clearvla_eval_opaque_66846.png'
48:26.523  render           | Saved: '/tmp/clearvla_eval_opaque_66846.png'
48:26.992  render           | Saved: '/tmp/clearvla_eval_opaque_66846.png'
48:27.324  render           | Saved: '/tmp/clearvla_eval_opaque_66846.png'
48:27.754  render           | Saved: '/tmp/clearvla_eval_opaque_66846.png'
48:28.089  render           | Saved: '/tmp/clearvla_eval_opaque_66846.png'
48:28.515  render           | Saved: '/tmp/clearvla_eval_opaque_66846.png'
48:28.850  render           | Saved: '/tmp/clearvla_eval_opaque_66846.png'
48:29.277  render           | Saved: '/tmp/clearvla_eval_opaque_66846.png'
48:29.603  render           | Saved: '/tmp/clearvla_eval_opaque_66846.png'
48:30.034  render           | Saved: '/tmp/clearvla_eval_opaque_66846.png'
48:30.351  render           | Saved: '/tmp/clearvla_eval_opaque_66846.png'
48:30.761  render           | Saved: '/tmp/clearvla_eval_opaque_66846.png'
48:31.091  render           | Saved: '/tmp/clearvla_eval_opaque_66846.png'
48:31.485  render           | Saved: '/tmp/clearvla_eval_opaque_66846.png'
48:31.810  render           | Saved: '/tmp/clearvla_eval_opaque_66846.png'
48:32.205  render           | Saved: '/tmp/clearvla_eval_opaque_66846.png'
48:32.525  render           | Saved: '/tmp/clearvla_eval_opaque_66846.png'
48:32.925  render           | Saved: '/tmp/clearvla_eval_opaque_66846.png'
48:33.269  render           | Saved: '/tmp/clearvla_eval_opaque_66846.png'
48:33.691  render           | Saved: '/tmp/clearvla_eval_opaque_66846.png'
48:34.027  render           | Saved: '/tmp/clearvla_eval_opaque_66846.png'
48:34.437  render           | Saved: '/tmp/clearvla_eval_opaque_66846.png'
48:34.763  render           | Saved: '/tmp/clearvla_eval_opaque_66846.png'
48:35.169  render           | Saved: '/tmp/clearvla_eval_opaque_66846.png'
48:35.495  render           | Saved: '/tmp/clearvla_eval_opaque_66846.png'
48:35.911  render           | Saved: '/tmp/clearvla_eval_opaque_66846.png'
48:36.242  render           | Saved: '/tmp/clearvla_eval_opaque_66846.png'
48:36.653  render           | Saved: '/tmp/clearvla_eval_opaque_66846.png'
48:36.985  render           | Saved: '/tmp/clearvla_eval_opaque_66846.png'
48:37.395  render           | Saved: '/tmp/clearvla_eval_opaque_66846.png'
48:37.724  render           | Saved: '/tmp/clearvla_eval_opaque_66846.png'
48:38.134  render           | Saved: '/tmp/clearvla_eval_opaque_66846.png'
48:38.462  render           | Saved: '/tmp/clearvla_eval_opaque_66846.png'
48:38.874  render           | Saved: '/tmp/clearvla_eval_opaque_66846.png'
48:39.203  render           | Saved: '/tmp/clearvla_eval_opaque_66846.png'
[full/opaque] pour: 2/40  (48.5 min, 28.4 s/ep)
48:40.920  render           | Saved: '/tmp/clearvla_eval_opaque_66846.png'
48:41.232  render           | Saved: '/tmp/clearvla_eval_opaque_66846.png'
48:41.646  render           | Saved: '/tmp/clearvla_eval_opaque_66846.png'
48:41.974  render           | Saved: '/tmp/clearvla_eval_opaque_66846.png'
48:42.373  render           | Saved: '/tmp/clearvla_eval_opaque_66846.png'
48:42.712  render           | Saved: '/tmp/clearvla_eval_opaque_66846.png'
48:43.114  render           | Saved: '/tmp/clearvla_eval_opaque_66846.png'
48:43.470  render           | Saved: '/tmp/clearvla_eval_opaque_66846.png'
48:43.867  render           | Saved: '/tmp/clearvla_eval_opaque_66846.png'
48:44.199  render           | Saved: '/tmp/clearvla_eval_opaque_66846.png'
48:44.587  render           | Saved: '/tmp/clearvla_eval_opaque_66846.png'
48:44.919  render           | Saved: '/tmp/clearvla_eval_opaque_66846.png'
48:45.297  render           | Saved: '/tmp/clearvla_eval_opaque_66846.png'
48:45.625  render           | Saved: '/tmp/clearvla_eval_opaque_66846.png'
48:46.015  render           | Saved: '/tmp/clearvla_eval_opaque_66846.png'
48:46.340  render           | Saved: '/tmp/clearvla_eval_opaque_66846.png'
48:46.725  render           | Saved: '/tmp/clearvla_eval_opaque_66846.png'
48:47.049  render           | Saved: '/tmp/clearvla_eval_opaque_66846.png'
48:47.434  render           | Saved: '/tmp/clearvla_eval_opaque_66846.png'
48:47.763  render           | Saved: '/tmp/clearvla_eval_opaque_66846.png'
48:48.151  render           | Saved: '/tmp/clearvla_eval_opaque_66846.png'
48:48.486  render           | Saved: '/tmp/clearvla_eval_opaque_66846.png'
48:48.894  render           | Saved: '/tmp/clearvla_eval_opaque_66846.png'
48:49.245  render           | Saved: '/tmp/clearvla_eval_opaque_66846.png'
48:49.661  render           | Saved: '/tmp/clearvla_eval_opaque_66846.png'
48:50.016  render           | Saved: '/tmp/clearvla_eval_opaque_66846.png'
48:50.432  render           | Saved: '/tmp/clearvla_eval_opaque_66846.png'
48:50.774  render           | Saved: '/tmp/clearvla_eval_opaque_66846.png'
48:51.167  render           | Saved: '/tmp/clearvla_eval_opaque_66846.png'
48:51.507  render           | Saved: '/tmp/clearvla_eval_opaque_66846.png'
48:51.905  render           | Saved: '/tmp/clearvla_eval_opaque_66846.png'
48:52.242  render           | Saved: '/tmp/clearvla_eval_opaque_66846.png'
48:52.638  render           | Saved: '/tmp/clearvla_eval_opaque_66846.png'
48:52.977  render           | Saved: '/tmp/clearvla_eval_opaque_66846.png'
48:53.372  render           | Saved: '/tmp/clearvla_eval_opaque_66846.png'
48:53.716  render           | Saved: '/tmp/clearvla_eval_opaque_66846.png'
48:54.114  render           | Saved: '/tmp/clearvla_eval_opaque_66846.png'
48:54.450  render           | Saved: '/tmp/clearvla_eval_opaque_66846.png'
48:54.841  render           | Saved: '/tmp/clearvla_eval_opaque_66846.png'
48:55.178  render           | Saved: '/tmp/clearvla_eval_opaque_66846.png'
48:55.564  render           | Saved: '/tmp/clearvla_eval_opaque_66846.png'
48:55.898  render           | Saved: '/tmp/clearvla_eval_opaque_66846.png'
48:56.285  render           | Saved: '/tmp/clearvla_eval_opaque_66846.png'
48:56.611  render           | Saved: '/tmp/clearvla_eval_opaque_66846.png'
48:57.008  render           | Saved: '/tmp/clearvla_eval_opaque_66846.png'
48:57.346  render           | Saved: '/tmp/clearvla_eval_opaque_66846.png'
48:57.738  render           | Saved: '/tmp/clearvla_eval_opaque_66846.png'
48:58.071  render           | Saved: '/tmp/clearvla_eval_opaque_66846.png'
48:58.454  render           | Saved: '/tmp/clearvla_eval_opaque_66846.png'
48:58.781  render           | Saved: '/tmp/clearvla_eval_opaque_66846.png'
48:59.165  render           | Saved: '/tmp/clearvla_eval_opaque_66846.png'
48:59.497  render           | Saved: '/tmp/clearvla_eval_opaque_66846.png'
48:59.882  render           | Saved: '/tmp/clearvla_eval_opaque_66846.png'
49:00.219  render           | Saved: '/tmp/clearvla_eval_opaque_66846.png'
49:00.603  render           | Saved: '/tmp/clearvla_eval_opaque_66846.png'
49:00.929  render           | Saved: '/tmp/clearvla_eval_opaque_66846.png'
49:01.312  render           | Saved: '/tmp/clearvla_eval_opaque_66846.png'
49:01.649  render           | Saved: '/tmp/clearvla_eval_opaque_66846.png'
49:02.038  render           | Saved: '/tmp/clearvla_eval_opaque_66846.png'
49:02.387  render           | Saved: '/tmp/clearvla_eval_opaque_66846.png'
49:02.778  render           | Saved: '/tmp/clearvla_eval_opaque_66846.png'
49:03.110  render           | Saved: '/tmp/clearvla_eval_opaque_66846.png'
49:03.484  render           | Saved: '/tmp/clearvla_eval_opaque_66846.png'
49:03.808  render           | Saved: '/tmp/clearvla_eval_opaque_66846.png'
49:04.191  render           | Saved: '/tmp/clearvla_eval_opaque_66846.png'
49:04.521  render           | Saved: '/tmp/clearvla_eval_opaque_66846.png'
49:04.916  render           | Saved: '/tmp/clearvla_eval_opaque_66846.png'
49:05.249  render           | Saved: '/tmp/clearvla_eval_opaque_66846.png'
49:05.637  render           | Saved: '/tmp/clearvla_eval_opaque_66846.png'
49:05.966  render           | Saved: '/tmp/clearvla_eval_opaque_66846.png'
49:06.348  render           | Saved: '/tmp/clearvla_eval_opaque_66846.png'
49:06.669  render           | Saved: '/tmp/clearvla_eval_opaque_66846.png'
49:07.079  render           | Saved: '/tmp/clearvla_eval_opaque_66846.png'
49:07.430  render           | Saved: '/tmp/clearvla_eval_opaque_66846.png'
49:07.856  render           | Saved: '/tmp/clearvla_eval_opaque_66846.png'
49:08.193  render           | Saved: '/tmp/clearvla_eval_opaque_66846.png'
49:09.755  render           | Saved: '/tmp/clearvla_eval_opaque_66846.png'
49:10.140  render           | Saved: '/tmp/clearvla_eval_opaque_66846.png'
49:10.539  render           | Saved: '/tmp/clearvla_eval_opaque_66846.png'
49:10.872  render           | Saved: '/tmp/clearvla_eval_opaque_66846.png'
49:11.296  render           | Saved: '/tmp/clearvla_eval_opaque_66846.png'
49:11.634  render           | Saved: '/tmp/clearvla_eval_opaque_66846.png'
49:12.048  render           | Saved: '/tmp/clearvla_eval_opaque_66846.png'
49:12.369  render           | Saved: '/tmp/clearvla_eval_opaque_66846.png'
49:12.804  render           | Saved: '/tmp/clearvla_eval_opaque_66846.png'
49:13.125  render           | Saved: '/tmp/clearvla_eval_opaque_66846.png'
49:13.523  render           | Saved: '/tmp/clearvla_eval_opaque_66846.png'
49:13.855  render           | Saved: '/tmp/clearvla_eval_opaque_66846.png'
49:14.246  render           | Saved: '/tmp/clearvla_eval_opaque_66846.png'
49:14.596  render           | Saved: '/tmp/clearvla_eval_opaque_66846.png'
49:14.993  render           | Saved: '/tmp/clearvla_eval_opaque_66846.png'
49:15.318  render           | Saved: '/tmp/clearvla_eval_opaque_66846.png'
49:15.708  render           | Saved: '/tmp/clearvla_eval_opaque_66846.png'
49:16.044  render           | Saved: '/tmp/clearvla_eval_opaque_66846.png'
49:16.434  render           | Saved: '/tmp/clearvla_eval_opaque_66846.png'
49:16.779  render           | Saved: '/tmp/clearvla_eval_opaque_66846.png'
49:17.184  render           | Saved: '/tmp/clearvla_eval_opaque_66846.png'
49:17.514  render           | Saved: '/tmp/clearvla_eval_opaque_66846.png'
49:17.901  render           | Saved: '/tmp/clearvla_eval_opaque_66846.png'
49:18.237  render           | Saved: '/tmp/clearvla_eval_opaque_66846.png'
49:18.627  render           | Saved: '/tmp/clearvla_eval_opaque_66846.png'
49:18.957  render           | Saved: '/tmp/clearvla_eval_opaque_66846.png'
49:19.361  render           | Saved: '/tmp/clearvla_eval_opaque_66846.png'
49:19.702  render           | Saved: '/tmp/clearvla_eval_opaque_66846.png'
49:20.085  render           | Saved: '/tmp/clearvla_eval_opaque_66846.png'
49:20.424  render           | Saved: '/tmp/clearvla_eval_opaque_66846.png'
49:20.805  render           | Saved: '/tmp/clearvla_eval_opaque_66846.png'
49:21.148  render           | Saved: '/tmp/clearvla_eval_opaque_66846.png'
49:21.533  render           | Saved: '/tmp/clearvla_eval_opaque_66846.png'
49:21.867  render           | Saved: '/tmp/clearvla_eval_opaque_66846.png'
49:22.253  render           | Saved: '/tmp/clearvla_eval_opaque_66846.png'
49:22.582  render           | Saved: '/tmp/clearvla_eval_opaque_66846.png'
49:22.964  render           | Saved: '/tmp/clearvla_eval_opaque_66846.png'
49:23.297  render           | Saved: '/tmp/clearvla_eval_opaque_66846.png'
49:23.687  render           | Saved: '/tmp/clearvla_eval_opaque_66846.png'
49:24.015  render           | Saved: '/tmp/clearvla_eval_opaque_66846.png'
49:24.404  render           | Saved: '/tmp/clearvla_eval_opaque_66846.png'
49:24.752  render           | Saved: '/tmp/clearvla_eval_opaque_66846.png'
49:25.141  render           | Saved: '/tmp/clearvla_eval_opaque_66846.png'
49:25.469  render           | Saved: '/tmp/clearvla_eval_opaque_66846.png'
49:25.863  render           | Saved: '/tmp/clearvla_eval_opaque_66846.png'
49:26.197  render           | Saved: '/tmp/clearvla_eval_opaque_66846.png'
49:26.596  render           | Saved: '/tmp/clearvla_eval_opaque_66846.png'
49:26.927  render           | Saved: '/tmp/clearvla_eval_opaque_66846.png'
49:27.326  render           | Saved: '/tmp/clearvla_eval_opaque_66846.png'
49:27.655  render           | Saved: '/tmp/clearvla_eval_opaque_66846.png'
49:28.083  render           | Saved: '/tmp/clearvla_eval_opaque_66846.png'
49:28.404  render           | Saved: '/tmp/clearvla_eval_opaque_66846.png'
49:28.835  render           | Saved: '/tmp/clearvla_eval_opaque_66846.png'
49:29.155  render           | Saved: '/tmp/clearvla_eval_opaque_66846.png'
49:29.572  render           | Saved: '/tmp/clearvla_eval_opaque_66846.png'
49:29.903  render           | Saved: '/tmp/clearvla_eval_opaque_66846.png'
49:30.316  render           | Saved: '/tmp/clearvla_eval_opaque_66846.png'
49:30.639  render           | Saved: '/tmp/clearvla_eval_opaque_66846.png'
49:31.060  render           | Saved: '/tmp/clearvla_eval_opaque_66846.png'
49:31.383  render           | Saved: '/tmp/clearvla_eval_opaque_66846.png'
49:31.790  render           | Saved: '/tmp/clearvla_eval_opaque_66846.png'
49:32.123  render           | Saved: '/tmp/clearvla_eval_opaque_66846.png'
49:32.542  render           | Saved: '/tmp/clearvla_eval_opaque_66846.png'
49:32.866  render           | Saved: '/tmp/clearvla_eval_opaque_66846.png'
49:33.315  render           | Saved: '/tmp/clearvla_eval_opaque_66846.png'
49:33.650  render           | Saved: '/tmp/clearvla_eval_opaque_66846.png'
49:34.067  render           | Saved: '/tmp/clearvla_eval_opaque_66846.png'
49:34.401  render           | Saved: '/tmp/clearvla_eval_opaque_66846.png'
49:34.791  render           | Saved: '/tmp/clearvla_eval_opaque_66846.png'
49:35.121  render           | Saved: '/tmp/clearvla_eval_opaque_66846.png'
49:35.507  render           | Saved: '/tmp/clearvla_eval_opaque_66846.png'
49:35.824  render           | Saved: '/tmp/clearvla_eval_opaque_66846.png'
49:36.207  render           | Saved: '/tmp/clearvla_eval_opaque_66846.png'
49:36.528  render           | Saved: '/tmp/clearvla_eval_opaque_66846.png'
49:36.916  render           | Saved: '/tmp/clearvla_eval_opaque_66846.png'
49:37.248  render           | Saved: '/tmp/clearvla_eval_opaque_66846.png'
49:38.814  render           | Saved: '/tmp/clearvla_eval_opaque_66846.png'
49:39.147  render           | Saved: '/tmp/clearvla_eval_opaque_66846.png'
49:39.549  render           | Saved: '/tmp/clearvla_eval_opaque_66846.png'
49:39.884  render           | Saved: '/tmp/clearvla_eval_opaque_66846.png'
49:40.259  render           | Saved: '/tmp/clearvla_eval_opaque_66846.png'
49:40.574  render           | Saved: '/tmp/clearvla_eval_opaque_66846.png'
49:40.960  render           | Saved: '/tmp/clearvla_eval_opaque_66846.png'
49:41.298  render           | Saved: '/tmp/clearvla_eval_opaque_66846.png'
49:41.702  render           | Saved: '/tmp/clearvla_eval_opaque_66846.png'
49:42.065  render           | Saved: '/tmp/clearvla_eval_opaque_66846.png'
49:42.503  render           | Saved: '/tmp/clearvla_eval_opaque_66846.png'
49:42.850  render           | Saved: '/tmp/clearvla_eval_opaque_66846.png'
49:43.244  render           | Saved: '/tmp/clearvla_eval_opaque_66846.png'
49:43.589  render           | Saved: '/tmp/clearvla_eval_opaque_66846.png'
49:43.995  render           | Saved: '/tmp/clearvla_eval_opaque_66846.png'
49:44.327  render           | Saved: '/tmp/clearvla_eval_opaque_66846.png'
49:44.712  render           | Saved: '/tmp/clearvla_eval_opaque_66846.png'
49:45.037  render           | Saved: '/tmp/clearvla_eval_opaque_66846.png'
49:45.420  render           | Saved: '/tmp/clearvla_eval_opaque_66846.png'
49:45.760  render           | Saved: '/tmp/clearvla_eval_opaque_66846.png'
49:46.143  render           | Saved: '/tmp/clearvla_eval_opaque_66846.png'
49:46.464  render           | Saved: '/tmp/clearvla_eval_opaque_66846.png'
49:46.843  render           | Saved: '/tmp/clearvla_eval_opaque_66846.png'
49:47.165  render           | Saved: '/tmp/clearvla_eval_opaque_66846.png'
49:47.547  render           | Saved: '/tmp/clearvla_eval_opaque_66846.png'
49:47.869  render           | Saved: '/tmp/clearvla_eval_opaque_66846.png'
49:48.252  render           | Saved: '/tmp/clearvla_eval_opaque_66846.png'
49:48.582  render           | Saved: '/tmp/clearvla_eval_opaque_66846.png'
49:48.959  render           | Saved: '/tmp/clearvla_eval_opaque_66846.png'
49:49.285  render           | Saved: '/tmp/clearvla_eval_opaque_66846.png'
49:49.667  render           | Saved: '/tmp/clearvla_eval_opaque_66846.png'
49:49.990  render           | Saved: '/tmp/clearvla_eval_opaque_66846.png'
49:50.375  render           | Saved: '/tmp/clearvla_eval_opaque_66846.png'
49:50.700  render           | Saved: '/tmp/clearvla_eval_opaque_66846.png'
49:51.078  render           | Saved: '/tmp/clearvla_eval_opaque_66846.png'
49:51.400  render           | Saved: '/tmp/clearvla_eval_opaque_66846.png'
49:51.776  render           | Saved: '/tmp/clearvla_eval_opaque_66846.png'
49:52.101  render           | Saved: '/tmp/clearvla_eval_opaque_66846.png'
49:52.488  render           | Saved: '/tmp/clearvla_eval_opaque_66846.png'
49:52.804  render           | Saved: '/tmp/clearvla_eval_opaque_66846.png'
49:53.179  render           | Saved: '/tmp/clearvla_eval_opaque_66846.png'
49:53.502  render           | Saved: '/tmp/clearvla_eval_opaque_66846.png'
49:53.877  render           | Saved: '/tmp/clearvla_eval_opaque_66846.png'
49:54.211  render           | Saved: '/tmp/clearvla_eval_opaque_66846.png'
49:54.589  render           | Saved: '/tmp/clearvla_eval_opaque_66846.png'
49:54.915  render           | Saved: '/tmp/clearvla_eval_opaque_66846.png'
49:55.299  render           | Saved: '/tmp/clearvla_eval_opaque_66846.png'
49:55.631  render           | Saved: '/tmp/clearvla_eval_opaque_66846.png'
49:56.017  render           | Saved: '/tmp/clearvla_eval_opaque_66846.png'
49:56.346  render           | Saved: '/tmp/clearvla_eval_opaque_66846.png'
49:56.718  render           | Saved: '/tmp/clearvla_eval_opaque_66846.png'
49:57.046  render           | Saved: '/tmp/clearvla_eval_opaque_66846.png'
49:57.427  render           | Saved: '/tmp/clearvla_eval_opaque_66846.png'
49:57.750  render           | Saved: '/tmp/clearvla_eval_opaque_66846.png'
49:58.133  render           | Saved: '/tmp/clearvla_eval_opaque_66846.png'
49:58.453  render           | Saved: '/tmp/clearvla_eval_opaque_66846.png'
49:58.838  render           | Saved: '/tmp/clearvla_eval_opaque_66846.png'
49:59.164  render           | Saved: '/tmp/clearvla_eval_opaque_66846.png'
49:59.544  render           | Saved: '/tmp/clearvla_eval_opaque_66846.png'
49:59.872  render           | Saved: '/tmp/clearvla_eval_opaque_66846.png'
50:00.253  render           | Saved: '/tmp/clearvla_eval_opaque_66846.png'
50:00.583  render           | Saved: '/tmp/clearvla_eval_opaque_66846.png'
50:00.962  render           | Saved: '/tmp/clearvla_eval_opaque_66846.png'
50:01.288  render           | Saved: '/tmp/clearvla_eval_opaque_66846.png'
50:01.667  render           | Saved: '/tmp/clearvla_eval_opaque_66846.png'
50:01.992  render           | Saved: '/tmp/clearvla_eval_opaque_66846.png'
50:02.376  render           | Saved: '/tmp/clearvla_eval_opaque_66846.png'
50:02.701  render           | Saved: '/tmp/clearvla_eval_opaque_66846.png'
50:03.095  render           | Saved: '/tmp/clearvla_eval_opaque_66846.png'
50:03.419  render           | Saved: '/tmp/clearvla_eval_opaque_66846.png'
50:03.808  render           | Saved: '/tmp/clearvla_eval_opaque_66846.png'
50:04.139  render           | Saved: '/tmp/clearvla_eval_opaque_66846.png'
50:04.541  render           | Saved: '/tmp/clearvla_eval_opaque_66846.png'
50:04.879  render           | Saved: '/tmp/clearvla_eval_opaque_66846.png'
50:05.297  render           | Saved: '/tmp/clearvla_eval_opaque_66846.png'
50:05.652  render           | Saved: '/tmp/clearvla_eval_opaque_66846.png'
50:07.238  render           | Saved: '/tmp/clearvla_eval_opaque_66846.png'
50:07.556  render           | Saved: '/tmp/clearvla_eval_opaque_66846.png'
50:07.952  render           | Saved: '/tmp/clearvla_eval_opaque_66846.png'
50:08.304  render           | Saved: '/tmp/clearvla_eval_opaque_66846.png'
50:08.689  render           | Saved: '/tmp/clearvla_eval_opaque_66846.png'
50:09.024  render           | Saved: '/tmp/clearvla_eval_opaque_66846.png'
50:09.432  render           | Saved: '/tmp/clearvla_eval_opaque_66846.png'
50:09.765  render           | Saved: '/tmp/clearvla_eval_opaque_66846.png'
50:10.177  render           | Saved: '/tmp/clearvla_eval_opaque_66846.png'
50:10.503  render           | Saved: '/tmp/clearvla_eval_opaque_66846.png'
50:10.956  render           | Saved: '/tmp/clearvla_eval_opaque_66846.png'
50:11.278  render           | Saved: '/tmp/clearvla_eval_opaque_66846.png'
50:11.711  render           | Saved: '/tmp/clearvla_eval_opaque_66846.png'
50:12.026  render           | Saved: '/tmp/clearvla_eval_opaque_66846.png'
50:12.440  render           | Saved: '/tmp/clearvla_eval_opaque_66846.png'
50:12.755  render           | Saved: '/tmp/clearvla_eval_opaque_66846.png'
50:13.169  render           | Saved: '/tmp/clearvla_eval_opaque_66846.png'
50:13.484  render           | Saved: '/tmp/clearvla_eval_opaque_66846.png'
50:13.904  render           | Saved: '/tmp/clearvla_eval_opaque_66846.png'
50:14.219  render           | Saved: '/tmp/clearvla_eval_opaque_66846.png'
50:14.630  render           | Saved: '/tmp/clearvla_eval_opaque_66846.png'
50:14.951  render           | Saved: '/tmp/clearvla_eval_opaque_66846.png'
50:15.349  render           | Saved: '/tmp/clearvla_eval_opaque_66846.png'
50:15.673  render           | Saved: '/tmp/clearvla_eval_opaque_66846.png'
50:16.056  render           | Saved: '/tmp/clearvla_eval_opaque_66846.png'
50:16.383  render           | Saved: '/tmp/clearvla_eval_opaque_66846.png'
50:16.767  render           | Saved: '/tmp/clearvla_eval_opaque_66846.png'
50:17.117  render           | Saved: '/tmp/clearvla_eval_opaque_66846.png'
50:17.516  render           | Saved: '/tmp/clearvla_eval_opaque_66846.png'
50:17.838  render           | Saved: '/tmp/clearvla_eval_opaque_66846.png'
50:18.227  render           | Saved: '/tmp/clearvla_eval_opaque_66846.png'
50:18.563  render           | Saved: '/tmp/clearvla_eval_opaque_66846.png'
50:18.959  render           | Saved: '/tmp/clearvla_eval_opaque_66846.png'
50:19.291  render           | Saved: '/tmp/clearvla_eval_opaque_66846.png'
50:19.690  render           | Saved: '/tmp/clearvla_eval_opaque_66846.png'
50:20.009  render           | Saved: '/tmp/clearvla_eval_opaque_66846.png'
50:20.399  render           | Saved: '/tmp/clearvla_eval_opaque_66846.png'
50:20.726  render           | Saved: '/tmp/clearvla_eval_opaque_66846.png'
50:21.129  render           | Saved: '/tmp/clearvla_eval_opaque_66846.png'
50:21.446  render           | Saved: '/tmp/clearvla_eval_opaque_66846.png'
50:21.828  render           | Saved: '/tmp/clearvla_eval_opaque_66846.png'
50:22.154  render           | Saved: '/tmp/clearvla_eval_opaque_66846.png'
50:22.536  render           | Saved: '/tmp/clearvla_eval_opaque_66846.png'
50:22.871  render           | Saved: '/tmp/clearvla_eval_opaque_66846.png'
50:23.292  render           | Saved: '/tmp/clearvla_eval_opaque_66846.png'
50:23.606  render           | Saved: '/tmp/clearvla_eval_opaque_66846.png'
50:24.024  render           | Saved: '/tmp/clearvla_eval_opaque_66846.png'
50:24.336  render           | Saved: '/tmp/clearvla_eval_opaque_66846.png'
50:24.729  render           | Saved: '/tmp/clearvla_eval_opaque_66846.png'
50:25.056  render           | Saved: '/tmp/clearvla_eval_opaque_66846.png'
50:25.459  render           | Saved: '/tmp/clearvla_eval_opaque_66846.png'
50:25.788  render           | Saved: '/tmp/clearvla_eval_opaque_66846.png'
50:26.206  render           | Saved: '/tmp/clearvla_eval_opaque_66846.png'
50:26.519  render           | Saved: '/tmp/clearvla_eval_opaque_66846.png'
50:26.914  render           | Saved: '/tmp/clearvla_eval_opaque_66846.png'
50:27.241  render           | Saved: '/tmp/clearvla_eval_opaque_66846.png'
50:27.643  render           | Saved: '/tmp/clearvla_eval_opaque_66846.png'
50:27.965  render           | Saved: '/tmp/clearvla_eval_opaque_66846.png'
50:28.362  render           | Saved: '/tmp/clearvla_eval_opaque_66846.png'
50:28.684  render           | Saved: '/tmp/clearvla_eval_opaque_66846.png'
50:29.066  render           | Saved: '/tmp/clearvla_eval_opaque_66846.png'
50:29.390  render           | Saved: '/tmp/clearvla_eval_opaque_66846.png'
50:29.771  render           | Saved: '/tmp/clearvla_eval_opaque_66846.png'
50:30.110  render           | Saved: '/tmp/clearvla_eval_opaque_66846.png'
50:30.496  render           | Saved: '/tmp/clearvla_eval_opaque_66846.png'
50:30.822  render           | Saved: '/tmp/clearvla_eval_opaque_66846.png'
50:31.211  render           | Saved: '/tmp/clearvla_eval_opaque_66846.png'
50:31.529  render           | Saved: '/tmp/clearvla_eval_opaque_66846.png'
50:31.917  render           | Saved: '/tmp/clearvla_eval_opaque_66846.png'
50:32.241  render           | Saved: '/tmp/clearvla_eval_opaque_66846.png'
50:32.630  render           | Saved: '/tmp/clearvla_eval_opaque_66846.png'
50:32.947  render           | Saved: '/tmp/clearvla_eval_opaque_66846.png'
50:33.339  render           | Saved: '/tmp/clearvla_eval_opaque_66846.png'
50:33.663  render           | Saved: '/tmp/clearvla_eval_opaque_66846.png'
50:34.054  render           | Saved: '/tmp/clearvla_eval_opaque_66846.png'
50:34.375  render           | Saved: '/tmp/clearvla_eval_opaque_66846.png'
50:36.044  render           | Saved: '/tmp/clearvla_eval_opaque_66846.png'
50:36.389  render           | Saved: '/tmp/clearvla_eval_opaque_66846.png'
50:36.833  render           | Saved: '/tmp/clearvla_eval_opaque_66846.png'
50:37.165  render           | Saved: '/tmp/clearvla_eval_opaque_66846.png'
50:37.565  render           | Saved: '/tmp/clearvla_eval_opaque_66846.png'
50:37.893  render           | Saved: '/tmp/clearvla_eval_opaque_66846.png'
50:38.286  render           | Saved: '/tmp/clearvla_eval_opaque_66846.png'
50:38.618  render           | Saved: '/tmp/clearvla_eval_opaque_66846.png'
50:39.009  render           | Saved: '/tmp/clearvla_eval_opaque_66846.png'
50:39.333  render           | Saved: '/tmp/clearvla_eval_opaque_66846.png'
50:39.713  render           | Saved: '/tmp/clearvla_eval_opaque_66846.png'
50:40.042  render           | Saved: '/tmp/clearvla_eval_opaque_66846.png'
50:40.421  render           | Saved: '/tmp/clearvla_eval_opaque_66846.png'
50:40.742  render           | Saved: '/tmp/clearvla_eval_opaque_66846.png'
50:41.119  render           | Saved: '/tmp/clearvla_eval_opaque_66846.png'
50:41.439  render           | Saved: '/tmp/clearvla_eval_opaque_66846.png'
50:41.827  render           | Saved: '/tmp/clearvla_eval_opaque_66846.png'
50:42.146  render           | Saved: '/tmp/clearvla_eval_opaque_66846.png'
50:42.528  render           | Saved: '/tmp/clearvla_eval_opaque_66846.png'
50:42.847  render           | Saved: '/tmp/clearvla_eval_opaque_66846.png'
50:43.227  render           | Saved: '/tmp/clearvla_eval_opaque_66846.png'
50:43.548  render           | Saved: '/tmp/clearvla_eval_opaque_66846.png'
50:43.924  render           | Saved: '/tmp/clearvla_eval_opaque_66846.png'
50:44.250  render           | Saved: '/tmp/clearvla_eval_opaque_66846.png'
50:44.627  render           | Saved: '/tmp/clearvla_eval_opaque_66846.png'
50:44.948  render           | Saved: '/tmp/clearvla_eval_opaque_66846.png'
50:45.330  render           | Saved: '/tmp/clearvla_eval_opaque_66846.png'
50:45.649  render           | Saved: '/tmp/clearvla_eval_opaque_66846.png'
50:46.029  render           | Saved: '/tmp/clearvla_eval_opaque_66846.png'
50:46.348  render           | Saved: '/tmp/clearvla_eval_opaque_66846.png'
50:46.732  render           | Saved: '/tmp/clearvla_eval_opaque_66846.png'
50:47.055  render           | Saved: '/tmp/clearvla_eval_opaque_66846.png'
50:47.433  render           | Saved: '/tmp/clearvla_eval_opaque_66846.png'
50:47.751  render           | Saved: '/tmp/clearvla_eval_opaque_66846.png'
50:48.131  render           | Saved: '/tmp/clearvla_eval_opaque_66846.png'
50:48.455  render           | Saved: '/tmp/clearvla_eval_opaque_66846.png'
50:48.832  render           | Saved: '/tmp/clearvla_eval_opaque_66846.png'
50:49.153  render           | Saved: '/tmp/clearvla_eval_opaque_66846.png'
50:49.538  render           | Saved: '/tmp/clearvla_eval_opaque_66846.png'
50:49.857  render           | Saved: '/tmp/clearvla_eval_opaque_66846.png'
50:50.251  render           | Saved: '/tmp/clearvla_eval_opaque_66846.png'
50:50.580  render           | Saved: '/tmp/clearvla_eval_opaque_66846.png'
50:50.963  render           | Saved: '/tmp/clearvla_eval_opaque_66846.png'
50:51.296  render           | Saved: '/tmp/clearvla_eval_opaque_66846.png'
50:51.676  render           | Saved: '/tmp/clearvla_eval_opaque_66846.png'
50:51.999  render           | Saved: '/tmp/clearvla_eval_opaque_66846.png'
50:52.414  render           | Saved: '/tmp/clearvla_eval_opaque_66846.png'
50:52.735  render           | Saved: '/tmp/clearvla_eval_opaque_66846.png'
50:53.116  render           | Saved: '/tmp/clearvla_eval_opaque_66846.png'
50:53.438  render           | Saved: '/tmp/clearvla_eval_opaque_66846.png'
50:53.821  render           | Saved: '/tmp/clearvla_eval_opaque_66846.png'
50:54.155  render           | Saved: '/tmp/clearvla_eval_opaque_66846.png'
50:54.536  render           | Saved: '/tmp/clearvla_eval_opaque_66846.png'
50:54.859  render           | Saved: '/tmp/clearvla_eval_opaque_66846.png'
50:55.237  render           | Saved: '/tmp/clearvla_eval_opaque_66846.png'
50:55.558  render           | Saved: '/tmp/clearvla_eval_opaque_66846.png'
50:55.939  render           | Saved: '/tmp/clearvla_eval_opaque_66846.png'
50:56.267  render           | Saved: '/tmp/clearvla_eval_opaque_66846.png'
50:56.653  render           | Saved: '/tmp/clearvla_eval_opaque_66846.png'
50:56.988  render           | Saved: '/tmp/clearvla_eval_opaque_66846.png'
50:57.384  render           | Saved: '/tmp/clearvla_eval_opaque_66846.png'
50:57.716  render           | Saved: '/tmp/clearvla_eval_opaque_66846.png'
50:58.100  render           | Saved: '/tmp/clearvla_eval_opaque_66846.png'
50:58.431  render           | Saved: '/tmp/clearvla_eval_opaque_66846.png'
50:58.812  render           | Saved: '/tmp/clearvla_eval_opaque_66846.png'
50:59.143  render           | Saved: '/tmp/clearvla_eval_opaque_66846.png'
50:59.527  render           | Saved: '/tmp/clearvla_eval_opaque_66846.png'
50:59.863  render           | Saved: '/tmp/clearvla_eval_opaque_66846.png'
51:00.241  render           | Saved: '/tmp/clearvla_eval_opaque_66846.png'
51:00.566  render           | Saved: '/tmp/clearvla_eval_opaque_66846.png'
51:00.950  render           | Saved: '/tmp/clearvla_eval_opaque_66846.png'
51:01.273  render           | Saved: '/tmp/clearvla_eval_opaque_66846.png'
51:01.654  render           | Saved: '/tmp/clearvla_eval_opaque_66846.png'
51:01.974  render           | Saved: '/tmp/clearvla_eval_opaque_66846.png'
51:02.352  render           | Saved: '/tmp/clearvla_eval_opaque_66846.png'
51:02.676  render           | Saved: '/tmp/clearvla_eval_opaque_66846.png'
51:04.339  render           | Saved: '/tmp/clearvla_eval_opaque_66846.png'
51:04.668  render           | Saved: '/tmp/clearvla_eval_opaque_66846.png'
51:05.062  render           | Saved: '/tmp/clearvla_eval_opaque_66846.png'
51:05.414  render           | Saved: '/tmp/clearvla_eval_opaque_66846.png'
51:05.803  render           | Saved: '/tmp/clearvla_eval_opaque_66846.png'
51:06.137  render           | Saved: '/tmp/clearvla_eval_opaque_66846.png'
51:06.557  render           | Saved: '/tmp/clearvla_eval_opaque_66846.png'
51:06.895  render           | Saved: '/tmp/clearvla_eval_opaque_66846.png'
51:07.321  render           | Saved: '/tmp/clearvla_eval_opaque_66846.png'
51:07.659  render           | Saved: '/tmp/clearvla_eval_opaque_66846.png'
51:08.078  render           | Saved: '/tmp/clearvla_eval_opaque_66846.png'
51:08.414  render           | Saved: '/tmp/clearvla_eval_opaque_66846.png'
51:08.833  render           | Saved: '/tmp/clearvla_eval_opaque_66846.png'
51:09.164  render           | Saved: '/tmp/clearvla_eval_opaque_66846.png'
51:09.578  render           | Saved: '/tmp/clearvla_eval_opaque_66846.png'
51:09.903  render           | Saved: '/tmp/clearvla_eval_opaque_66846.png'
51:10.315  render           | Saved: '/tmp/clearvla_eval_opaque_66846.png'
51:10.660  render           | Saved: '/tmp/clearvla_eval_opaque_66846.png'
51:11.056  render           | Saved: '/tmp/clearvla_eval_opaque_66846.png'
51:11.382  render           | Saved: '/tmp/clearvla_eval_opaque_66846.png'
51:11.780  render           | Saved: '/tmp/clearvla_eval_opaque_66846.png'
51:12.110  render           | Saved: '/tmp/clearvla_eval_opaque_66846.png'
51:12.522  render           | Saved: '/tmp/clearvla_eval_opaque_66846.png'
51:12.852  render           | Saved: '/tmp/clearvla_eval_opaque_66846.png'
51:13.249  render           | Saved: '/tmp/clearvla_eval_opaque_66846.png'
51:13.579  render           | Saved: '/tmp/clearvla_eval_opaque_66846.png'
51:13.984  render           | Saved: '/tmp/clearvla_eval_opaque_66846.png'
51:14.315  render           | Saved: '/tmp/clearvla_eval_opaque_66846.png'
51:14.717  render           | Saved: '/tmp/clearvla_eval_opaque_66846.png'
51:15.046  render           | Saved: '/tmp/clearvla_eval_opaque_66846.png'
51:15.447  render           | Saved: '/tmp/clearvla_eval_opaque_66846.png'
51:15.777  render           | Saved: '/tmp/clearvla_eval_opaque_66846.png'
51:16.184  render           | Saved: '/tmp/clearvla_eval_opaque_66846.png'
51:16.518  render           | Saved: '/tmp/clearvla_eval_opaque_66846.png'
51:16.917  render           | Saved: '/tmp/clearvla_eval_opaque_66846.png'
51:17.244  render           | Saved: '/tmp/clearvla_eval_opaque_66846.png'
51:17.639  render           | Saved: '/tmp/clearvla_eval_opaque_66846.png'
51:17.971  render           | Saved: '/tmp/clearvla_eval_opaque_66846.png'
51:18.366  render           | Saved: '/tmp/clearvla_eval_opaque_66846.png'
51:18.693  render           | Saved: '/tmp/clearvla_eval_opaque_66846.png'
51:19.088  render           | Saved: '/tmp/clearvla_eval_opaque_66846.png'
51:19.426  render           | Saved: '/tmp/clearvla_eval_opaque_66846.png'
51:19.811  render           | Saved: '/tmp/clearvla_eval_opaque_66846.png'
51:20.139  render           | Saved: '/tmp/clearvla_eval_opaque_66846.png'
51:20.520  render           | Saved: '/tmp/clearvla_eval_opaque_66846.png'
51:20.848  render           | Saved: '/tmp/clearvla_eval_opaque_66846.png'
51:21.251  render           | Saved: '/tmp/clearvla_eval_opaque_66846.png'
51:21.592  render           | Saved: '/tmp/clearvla_eval_opaque_66846.png'
51:21.983  render           | Saved: '/tmp/clearvla_eval_opaque_66846.png'
51:22.322  render           | Saved: '/tmp/clearvla_eval_opaque_66846.png'
51:22.722  render           | Saved: '/tmp/clearvla_eval_opaque_66846.png'
51:23.046  render           | Saved: '/tmp/clearvla_eval_opaque_66846.png'
51:23.456  render           | Saved: '/tmp/clearvla_eval_opaque_66846.png'
51:23.788  render           | Saved: '/tmp/clearvla_eval_opaque_66846.png'
51:24.161  render           | Saved: '/tmp/clearvla_eval_opaque_66846.png'
51:24.513  render           | Saved: '/tmp/clearvla_eval_opaque_66846.png'
51:24.905  render           | Saved: '/tmp/clearvla_eval_opaque_66846.png'
51:25.223  render           | Saved: '/tmp/clearvla_eval_opaque_66846.png'
51:25.606  render           | Saved: '/tmp/clearvla_eval_opaque_66846.png'
51:25.929  render           | Saved: '/tmp/clearvla_eval_opaque_66846.png'
51:26.325  render           | Saved: '/tmp/clearvla_eval_opaque_66846.png'
51:26.681  render           | Saved: '/tmp/clearvla_eval_opaque_66846.png'
51:27.107  render           | Saved: '/tmp/clearvla_eval_opaque_66846.png'
51:27.464  render           | Saved: '/tmp/clearvla_eval_opaque_66846.png'
51:27.885  render           | Saved: '/tmp/clearvla_eval_opaque_66846.png'
51:28.230  render           | Saved: '/tmp/clearvla_eval_opaque_66846.png'
51:28.622  render           | Saved: '/tmp/clearvla_eval_opaque_66846.png'
51:28.973  render           | Saved: '/tmp/clearvla_eval_opaque_66846.png'
51:29.361  render           | Saved: '/tmp/clearvla_eval_opaque_66846.png'
51:29.702  render           | Saved: '/tmp/clearvla_eval_opaque_66846.png'
51:30.094  render           | Saved: '/tmp/clearvla_eval_opaque_66846.png'
51:30.431  render           | Saved: '/tmp/clearvla_eval_opaque_66846.png'
51:30.815  render           | Saved: '/tmp/clearvla_eval_opaque_66846.png'
51:31.143  render           | Saved: '/tmp/clearvla_eval_opaque_66846.png'
51:31.520  render           | Saved: '/tmp/clearvla_eval_opaque_66846.png'
51:31.841  render           | Saved: '/tmp/clearvla_eval_opaque_66846.png'
51:33.524  render           | Saved: '/tmp/clearvla_eval_opaque_66846.png'
51:33.848  render           | Saved: '/tmp/clearvla_eval_opaque_66846.png'
51:34.246  render           | Saved: '/tmp/clearvla_eval_opaque_66846.png'
51:34.630  render           | Saved: '/tmp/clearvla_eval_opaque_66846.png'
51:35.031  render           | Saved: '/tmp/clearvla_eval_opaque_66846.png'
51:35.359  render           | Saved: '/tmp/clearvla_eval_opaque_66846.png'
51:35.779  render           | Saved: '/tmp/clearvla_eval_opaque_66846.png'
51:36.097  render           | Saved: '/tmp/clearvla_eval_opaque_66846.png'
51:36.485  render           | Saved: '/tmp/clearvla_eval_opaque_66846.png'
51:36.817  render           | Saved: '/tmp/clearvla_eval_opaque_66846.png'
51:37.203  render           | Saved: '/tmp/clearvla_eval_opaque_66846.png'
51:37.531  render           | Saved: '/tmp/clearvla_eval_opaque_66846.png'
51:37.923  render           | Saved: '/tmp/clearvla_eval_opaque_66846.png'
51:38.247  render           | Saved: '/tmp/clearvla_eval_opaque_66846.png'
51:38.641  render           | Saved: '/tmp/clearvla_eval_opaque_66846.png'
51:38.976  render           | Saved: '/tmp/clearvla_eval_opaque_66846.png'
51:39.364  render           | Saved: '/tmp/clearvla_eval_opaque_66846.png'
51:39.708  render           | Saved: '/tmp/clearvla_eval_opaque_66846.png'
51:40.093  render           | Saved: '/tmp/clearvla_eval_opaque_66846.png'
51:40.419  render           | Saved: '/tmp/clearvla_eval_opaque_66846.png'
51:40.814  render           | Saved: '/tmp/clearvla_eval_opaque_66846.png'
51:41.138  render           | Saved: '/tmp/clearvla_eval_opaque_66846.png'
51:41.522  render           | Saved: '/tmp/clearvla_eval_opaque_66846.png'
51:41.840  render           | Saved: '/tmp/clearvla_eval_opaque_66846.png'
51:42.236  render           | Saved: '/tmp/clearvla_eval_opaque_66846.png'
51:42.552  render           | Saved: '/tmp/clearvla_eval_opaque_66846.png'
51:42.942  render           | Saved: '/tmp/clearvla_eval_opaque_66846.png'
51:43.261  render           | Saved: '/tmp/clearvla_eval_opaque_66846.png'
51:43.657  render           | Saved: '/tmp/clearvla_eval_opaque_66846.png'
51:43.981  render           | Saved: '/tmp/clearvla_eval_opaque_66846.png'
51:44.374  render           | Saved: '/tmp/clearvla_eval_opaque_66846.png'
51:44.703  render           | Saved: '/tmp/clearvla_eval_opaque_66846.png'
51:45.107  render           | Saved: '/tmp/clearvla_eval_opaque_66846.png'
51:45.436  render           | Saved: '/tmp/clearvla_eval_opaque_66846.png'
51:45.839  render           | Saved: '/tmp/clearvla_eval_opaque_66846.png'
51:46.159  render           | Saved: '/tmp/clearvla_eval_opaque_66846.png'
51:46.553  render           | Saved: '/tmp/clearvla_eval_opaque_66846.png'
51:46.864  render           | Saved: '/tmp/clearvla_eval_opaque_66846.png'
51:47.261  render           | Saved: '/tmp/clearvla_eval_opaque_66846.png'
51:47.580  render           | Saved: '/tmp/clearvla_eval_opaque_66846.png'
51:47.984  render           | Saved: '/tmp/clearvla_eval_opaque_66846.png'
51:48.302  render           | Saved: '/tmp/clearvla_eval_opaque_66846.png'
51:48.710  render           | Saved: '/tmp/clearvla_eval_opaque_66846.png'
51:49.024  render           | Saved: '/tmp/clearvla_eval_opaque_66846.png'
51:49.411  render           | Saved: '/tmp/clearvla_eval_opaque_66846.png'
51:49.747  render           | Saved: '/tmp/clearvla_eval_opaque_66846.png'
51:50.132  render           | Saved: '/tmp/clearvla_eval_opaque_66846.png'
51:50.458  render           | Saved: '/tmp/clearvla_eval_opaque_66846.png'
51:50.852  render           | Saved: '/tmp/clearvla_eval_opaque_66846.png'
51:51.174  render           | Saved: '/tmp/clearvla_eval_opaque_66846.png'
51:51.575  render           | Saved: '/tmp/clearvla_eval_opaque_66846.png'
51:51.892  render           | Saved: '/tmp/clearvla_eval_opaque_66846.png'
51:52.285  render           | Saved: '/tmp/clearvla_eval_opaque_66846.png'
51:52.604  render           | Saved: '/tmp/clearvla_eval_opaque_66846.png'
51:52.994  render           | Saved: '/tmp/clearvla_eval_opaque_66846.png'
51:53.318  render           | Saved: '/tmp/clearvla_eval_opaque_66846.png'
51:53.707  render           | Saved: '/tmp/clearvla_eval_opaque_66846.png'
51:54.028  render           | Saved: '/tmp/clearvla_eval_opaque_66846.png'
51:54.413  render           | Saved: '/tmp/clearvla_eval_opaque_66846.png'
51:54.742  render           | Saved: '/tmp/clearvla_eval_opaque_66846.png'
51:55.131  render           | Saved: '/tmp/clearvla_eval_opaque_66846.png'
51:55.464  render           | Saved: '/tmp/clearvla_eval_opaque_66846.png'
51:55.863  render           | Saved: '/tmp/clearvla_eval_opaque_66846.png'
51:56.197  render           | Saved: '/tmp/clearvla_eval_opaque_66846.png'
51:56.583  render           | Saved: '/tmp/clearvla_eval_opaque_66846.png'
51:56.916  render           | Saved: '/tmp/clearvla_eval_opaque_66846.png'
51:57.306  render           | Saved: '/tmp/clearvla_eval_opaque_66846.png'
51:57.630  render           | Saved: '/tmp/clearvla_eval_opaque_66846.png'
51:58.027  render           | Saved: '/tmp/clearvla_eval_opaque_66846.png'
51:58.369  render           | Saved: '/tmp/clearvla_eval_opaque_66846.png'
51:58.769  render           | Saved: '/tmp/clearvla_eval_opaque_66846.png'
51:59.100  render           | Saved: '/tmp/clearvla_eval_opaque_66846.png'
51:59.501  render           | Saved: '/tmp/clearvla_eval_opaque_66846.png'
51:59.826  render           | Saved: '/tmp/clearvla_eval_opaque_66846.png'
52:00.198  render           | Saved: '/tmp/clearvla_eval_opaque_66846.png'
52:00.512  render           | Saved: '/tmp/clearvla_eval_opaque_66846.png'
52:02.212  render           | Saved: '/tmp/clearvla_eval_opaque_66846.png'
52:02.545  render           | Saved: '/tmp/clearvla_eval_opaque_66846.png'
52:02.953  render           | Saved: '/tmp/clearvla_eval_opaque_66846.png'
52:03.280  render           | Saved: '/tmp/clearvla_eval_opaque_66846.png'
52:03.661  render           | Saved: '/tmp/clearvla_eval_opaque_66846.png'
52:03.986  render           | Saved: '/tmp/clearvla_eval_opaque_66846.png'
52:04.378  render           | Saved: '/tmp/clearvla_eval_opaque_66846.png'
52:04.719  render           | Saved: '/tmp/clearvla_eval_opaque_66846.png'
52:05.106  render           | Saved: '/tmp/clearvla_eval_opaque_66846.png'
52:05.427  render           | Saved: '/tmp/clearvla_eval_opaque_66846.png'
52:05.809  render           | Saved: '/tmp/clearvla_eval_opaque_66846.png'
52:06.133  render           | Saved: '/tmp/clearvla_eval_opaque_66846.png'
52:06.522  render           | Saved: '/tmp/clearvla_eval_opaque_66846.png'
52:06.843  render           | Saved: '/tmp/clearvla_eval_opaque_66846.png'
52:07.231  render           | Saved: '/tmp/clearvla_eval_opaque_66846.png'
52:07.552  render           | Saved: '/tmp/clearvla_eval_opaque_66846.png'
52:07.943  render           | Saved: '/tmp/clearvla_eval_opaque_66846.png'
52:08.259  render           | Saved: '/tmp/clearvla_eval_opaque_66846.png'
52:08.644  render           | Saved: '/tmp/clearvla_eval_opaque_66846.png'
52:08.964  render           | Saved: '/tmp/clearvla_eval_opaque_66846.png'
52:09.342  render           | Saved: '/tmp/clearvla_eval_opaque_66846.png'
52:09.671  render           | Saved: '/tmp/clearvla_eval_opaque_66846.png'
52:10.050  render           | Saved: '/tmp/clearvla_eval_opaque_66846.png'
52:10.364  render           | Saved: '/tmp/clearvla_eval_opaque_66846.png'
52:10.741  render           | Saved: '/tmp/clearvla_eval_opaque_66846.png'
52:11.072  render           | Saved: '/tmp/clearvla_eval_opaque_66846.png'
52:11.465  render           | Saved: '/tmp/clearvla_eval_opaque_66846.png'
52:11.789  render           | Saved: '/tmp/clearvla_eval_opaque_66846.png'
52:12.168  render           | Saved: '/tmp/clearvla_eval_opaque_66846.png'
52:12.496  render           | Saved: '/tmp/clearvla_eval_opaque_66846.png'
52:12.876  render           | Saved: '/tmp/clearvla_eval_opaque_66846.png'
52:13.202  render           | Saved: '/tmp/clearvla_eval_opaque_66846.png'
52:13.583  render           | Saved: '/tmp/clearvla_eval_opaque_66846.png'
52:13.905  render           | Saved: '/tmp/clearvla_eval_opaque_66846.png'
52:14.286  render           | Saved: '/tmp/clearvla_eval_opaque_66846.png'
52:14.617  render           | Saved: '/tmp/clearvla_eval_opaque_66846.png'
52:15.007  render           | Saved: '/tmp/clearvla_eval_opaque_66846.png'
52:15.340  render           | Saved: '/tmp/clearvla_eval_opaque_66846.png'
52:15.731  render           | Saved: '/tmp/clearvla_eval_opaque_66846.png'
52:16.052  render           | Saved: '/tmp/clearvla_eval_opaque_66846.png'
52:16.433  render           | Saved: '/tmp/clearvla_eval_opaque_66846.png'
52:16.757  render           | Saved: '/tmp/clearvla_eval_opaque_66846.png'
52:17.142  render           | Saved: '/tmp/clearvla_eval_opaque_66846.png'
52:17.477  render           | Saved: '/tmp/clearvla_eval_opaque_66846.png'
52:17.857  render           | Saved: '/tmp/clearvla_eval_opaque_66846.png'
52:18.186  render           | Saved: '/tmp/clearvla_eval_opaque_66846.png'
52:18.574  render           | Saved: '/tmp/clearvla_eval_opaque_66846.png'
52:18.896  render           | Saved: '/tmp/clearvla_eval_opaque_66846.png'
52:19.285  render           | Saved: '/tmp/clearvla_eval_opaque_66846.png'
52:19.611  render           | Saved: '/tmp/clearvla_eval_opaque_66846.png'
52:20.008  render           | Saved: '/tmp/clearvla_eval_opaque_66846.png'
52:20.346  render           | Saved: '/tmp/clearvla_eval_opaque_66846.png'
52:20.727  render           | Saved: '/tmp/clearvla_eval_opaque_66846.png'
52:21.046  render           | Saved: '/tmp/clearvla_eval_opaque_66846.png'
52:21.427  render           | Saved: '/tmp/clearvla_eval_opaque_66846.png'
52:21.782  render           | Saved: '/tmp/clearvla_eval_opaque_66846.png'
52:22.171  render           | Saved: '/tmp/clearvla_eval_opaque_66846.png'
52:22.492  render           | Saved: '/tmp/clearvla_eval_opaque_66846.png'
52:22.872  render           | Saved: '/tmp/clearvla_eval_opaque_66846.png'
52:23.190  render           | Saved: '/tmp/clearvla_eval_opaque_66846.png'
52:23.573  render           | Saved: '/tmp/clearvla_eval_opaque_66846.png'
52:23.896  render           | Saved: '/tmp/clearvla_eval_opaque_66846.png'
52:24.271  render           | Saved: '/tmp/clearvla_eval_opaque_66846.png'
52:24.593  render           | Saved: '/tmp/clearvla_eval_opaque_66846.png'
52:24.975  render           | Saved: '/tmp/clearvla_eval_opaque_66846.png'
52:25.293  render           | Saved: '/tmp/clearvla_eval_opaque_66846.png'
52:25.668  render           | Saved: '/tmp/clearvla_eval_opaque_66846.png'
52:25.994  render           | Saved: '/tmp/clearvla_eval_opaque_66846.png'
52:26.371  render           | Saved: '/tmp/clearvla_eval_opaque_66846.png'
52:26.699  render           | Saved: '/tmp/clearvla_eval_opaque_66846.png'
52:27.075  render           | Saved: '/tmp/clearvla_eval_opaque_66846.png'
52:27.395  render           | Saved: '/tmp/clearvla_eval_opaque_66846.png'
52:27.780  render           | Saved: '/tmp/clearvla_eval_opaque_66846.png'
52:28.100  render           | Saved: '/tmp/clearvla_eval_opaque_66846.png'
52:28.487  render           | Saved: '/tmp/clearvla_eval_opaque_66846.png'
52:28.807  render           | Saved: '/tmp/clearvla_eval_opaque_66846.png'
52:30.505  render           | Saved: '/tmp/clearvla_eval_opaque_66846.png'
52:30.841  render           | Saved: '/tmp/clearvla_eval_opaque_66846.png'
52:31.247  render           | Saved: '/tmp/clearvla_eval_opaque_66846.png'
52:31.621  render           | Saved: '/tmp/clearvla_eval_opaque_66846.png'
52:32.018  render           | Saved: '/tmp/clearvla_eval_opaque_66846.png'
52:32.347  render           | Saved: '/tmp/clearvla_eval_opaque_66846.png'
52:32.758  render           | Saved: '/tmp/clearvla_eval_opaque_66846.png'
52:33.069  render           | Saved: '/tmp/clearvla_eval_opaque_66846.png'
52:33.474  render           | Saved: '/tmp/clearvla_eval_opaque_66846.png'
52:33.793  render           | Saved: '/tmp/clearvla_eval_opaque_66846.png'
52:34.183  render           | Saved: '/tmp/clearvla_eval_opaque_66846.png'
52:34.520  render           | Saved: '/tmp/clearvla_eval_opaque_66846.png'
52:34.916  render           | Saved: '/tmp/clearvla_eval_opaque_66846.png'
52:35.238  render           | Saved: '/tmp/clearvla_eval_opaque_66846.png'
52:35.628  render           | Saved: '/tmp/clearvla_eval_opaque_66846.png'
52:35.945  render           | Saved: '/tmp/clearvla_eval_opaque_66846.png'
52:36.343  render           | Saved: '/tmp/clearvla_eval_opaque_66846.png'
52:36.655  render           | Saved: '/tmp/clearvla_eval_opaque_66846.png'
52:37.050  render           | Saved: '/tmp/clearvla_eval_opaque_66846.png'
52:37.368  render           | Saved: '/tmp/clearvla_eval_opaque_66846.png'
52:37.760  render           | Saved: '/tmp/clearvla_eval_opaque_66846.png'
52:38.073  render           | Saved: '/tmp/clearvla_eval_opaque_66846.png'
52:38.467  render           | Saved: '/tmp/clearvla_eval_opaque_66846.png'
52:38.785  render           | Saved: '/tmp/clearvla_eval_opaque_66846.png'
52:39.173  render           | Saved: '/tmp/clearvla_eval_opaque_66846.png'
52:39.489  render           | Saved: '/tmp/clearvla_eval_opaque_66846.png'
52:39.879  render           | Saved: '/tmp/clearvla_eval_opaque_66846.png'
52:40.197  render           | Saved: '/tmp/clearvla_eval_opaque_66846.png'
52:40.587  render           | Saved: '/tmp/clearvla_eval_opaque_66846.png'
52:40.905  render           | Saved: '/tmp/clearvla_eval_opaque_66846.png'
52:41.296  render           | Saved: '/tmp/clearvla_eval_opaque_66846.png'
52:41.615  render           | Saved: '/tmp/clearvla_eval_opaque_66846.png'
52:42.012  render           | Saved: '/tmp/clearvla_eval_opaque_66846.png'
52:42.324  render           | Saved: '/tmp/clearvla_eval_opaque_66846.png'
52:42.728  render           | Saved: '/tmp/clearvla_eval_opaque_66846.png'
52:43.052  render           | Saved: '/tmp/clearvla_eval_opaque_66846.png'
52:43.443  render           | Saved: '/tmp/clearvla_eval_opaque_66846.png'
52:43.758  render           | Saved: '/tmp/clearvla_eval_opaque_66846.png'
52:44.156  render           | Saved: '/tmp/clearvla_eval_opaque_66846.png'
52:44.469  render           | Saved: '/tmp/clearvla_eval_opaque_66846.png'
52:44.865  render           | Saved: '/tmp/clearvla_eval_opaque_66846.png'
52:45.184  render           | Saved: '/tmp/clearvla_eval_opaque_66846.png'
52:45.579  render           | Saved: '/tmp/clearvla_eval_opaque_66846.png'
52:45.902  render           | Saved: '/tmp/clearvla_eval_opaque_66846.png'
52:46.300  render           | Saved: '/tmp/clearvla_eval_opaque_66846.png'
52:46.614  render           | Saved: '/tmp/clearvla_eval_opaque_66846.png'
52:47.006  render           | Saved: '/tmp/clearvla_eval_opaque_66846.png'
52:47.335  render           | Saved: '/tmp/clearvla_eval_opaque_66846.png'
52:47.722  render           | Saved: '/tmp/clearvla_eval_opaque_66846.png'
52:48.044  render           | Saved: '/tmp/clearvla_eval_opaque_66846.png'
52:48.445  render           | Saved: '/tmp/clearvla_eval_opaque_66846.png'
52:48.775  render           | Saved: '/tmp/clearvla_eval_opaque_66846.png'
52:49.149  render           | Saved: '/tmp/clearvla_eval_opaque_66846.png'
52:49.456  render           | Saved: '/tmp/clearvla_eval_opaque_66846.png'
52:49.830  render           | Saved: '/tmp/clearvla_eval_opaque_66846.png'
52:50.155  render           | Saved: '/tmp/clearvla_eval_opaque_66846.png'
52:50.539  render           | Saved: '/tmp/clearvla_eval_opaque_66846.png'
52:50.891  render           | Saved: '/tmp/clearvla_eval_opaque_66846.png'
52:51.311  render           | Saved: '/tmp/clearvla_eval_opaque_66846.png'
52:51.658  render           | Saved: '/tmp/clearvla_eval_opaque_66846.png'
52:52.079  render           | Saved: '/tmp/clearvla_eval_opaque_66846.png'
52:52.440  render           | Saved: '/tmp/clearvla_eval_opaque_66846.png'
52:52.860  render           | Saved: '/tmp/clearvla_eval_opaque_66846.png'
52:53.217  render           | Saved: '/tmp/clearvla_eval_opaque_66846.png'
52:53.646  render           | Saved: '/tmp/clearvla_eval_opaque_66846.png'
52:53.995  render           | Saved: '/tmp/clearvla_eval_opaque_66846.png'
52:54.425  render           | Saved: '/tmp/clearvla_eval_opaque_66846.png'
52:54.768  render           | Saved: '/tmp/clearvla_eval_opaque_66846.png'
52:55.197  render           | Saved: '/tmp/clearvla_eval_opaque_66846.png'
52:55.549  render           | Saved: '/tmp/clearvla_eval_opaque_66846.png'
52:55.943  render           | Saved: '/tmp/clearvla_eval_opaque_66846.png'
52:56.281  render           | Saved: '/tmp/clearvla_eval_opaque_66846.png'
52:56.672  render           | Saved: '/tmp/clearvla_eval_opaque_66846.png'
52:57.000  render           | Saved: '/tmp/clearvla_eval_opaque_66846.png'
52:57.378  render           | Saved: '/tmp/clearvla_eval_opaque_66846.png'
52:57.699  render           | Saved: '/tmp/clearvla_eval_opaque_66846.png'
52:59.385  render           | Saved: '/tmp/clearvla_eval_opaque_66846.png'
52:59.715  render           | Saved: '/tmp/clearvla_eval_opaque_66846.png'
53:00.113  render           | Saved: '/tmp/clearvla_eval_opaque_66846.png'
53:00.466  render           | Saved: '/tmp/clearvla_eval_opaque_66846.png'
53:00.857  render           | Saved: '/tmp/clearvla_eval_opaque_66846.png'
53:01.192  render           | Saved: '/tmp/clearvla_eval_opaque_66846.png'
53:01.601  render           | Saved: '/tmp/clearvla_eval_opaque_66846.png'
53:01.936  render           | Saved: '/tmp/clearvla_eval_opaque_66846.png'
53:02.355  render           | Saved: '/tmp/clearvla_eval_opaque_66846.png'
53:02.686  render           | Saved: '/tmp/clearvla_eval_opaque_66846.png'
53:03.103  render           | Saved: '/tmp/clearvla_eval_opaque_66846.png'
53:03.426  render           | Saved: '/tmp/clearvla_eval_opaque_66846.png'
53:03.822  render           | Saved: '/tmp/clearvla_eval_opaque_66846.png'
53:04.160  render           | Saved: '/tmp/clearvla_eval_opaque_66846.png'
53:04.559  render           | Saved: '/tmp/clearvla_eval_opaque_66846.png'
53:04.884  render           | Saved: '/tmp/clearvla_eval_opaque_66846.png'
53:05.281  render           | Saved: '/tmp/clearvla_eval_opaque_66846.png'
53:05.606  render           | Saved: '/tmp/clearvla_eval_opaque_66846.png'
53:05.999  render           | Saved: '/tmp/clearvla_eval_opaque_66846.png'
53:06.326  render           | Saved: '/tmp/clearvla_eval_opaque_66846.png'
53:06.723  render           | Saved: '/tmp/clearvla_eval_opaque_66846.png'
53:07.051  render           | Saved: '/tmp/clearvla_eval_opaque_66846.png'
53:07.446  render           | Saved: '/tmp/clearvla_eval_opaque_66846.png'
53:07.772  render           | Saved: '/tmp/clearvla_eval_opaque_66846.png'
53:08.177  render           | Saved: '/tmp/clearvla_eval_opaque_66846.png'
53:08.495  render           | Saved: '/tmp/clearvla_eval_opaque_66846.png'
53:08.889  render           | Saved: '/tmp/clearvla_eval_opaque_66846.png'
53:09.214  render           | Saved: '/tmp/clearvla_eval_opaque_66846.png'
53:09.609  render           | Saved: '/tmp/clearvla_eval_opaque_66846.png'
53:09.935  render           | Saved: '/tmp/clearvla_eval_opaque_66846.png'
53:10.333  render           | Saved: '/tmp/clearvla_eval_opaque_66846.png'
53:10.656  render           | Saved: '/tmp/clearvla_eval_opaque_66846.png'
53:11.049  render           | Saved: '/tmp/clearvla_eval_opaque_66846.png'
53:11.372  render           | Saved: '/tmp/clearvla_eval_opaque_66846.png'
53:11.770  render           | Saved: '/tmp/clearvla_eval_opaque_66846.png'
53:12.094  render           | Saved: '/tmp/clearvla_eval_opaque_66846.png'
53:12.476  render           | Saved: '/tmp/clearvla_eval_opaque_66846.png'
53:12.803  render           | Saved: '/tmp/clearvla_eval_opaque_66846.png'
53:13.192  render           | Saved: '/tmp/clearvla_eval_opaque_66846.png'
53:13.517  render           | Saved: '/tmp/clearvla_eval_opaque_66846.png'
53:13.902  render           | Saved: '/tmp/clearvla_eval_opaque_66846.png'
53:14.229  render           | Saved: '/tmp/clearvla_eval_opaque_66846.png'
53:14.637  render           | Saved: '/tmp/clearvla_eval_opaque_66846.png'
53:14.965  render           | Saved: '/tmp/clearvla_eval_opaque_66846.png'
53:15.353  render           | Saved: '/tmp/clearvla_eval_opaque_66846.png'
53:15.702  render           | Saved: '/tmp/clearvla_eval_opaque_66846.png'
53:16.089  render           | Saved: '/tmp/clearvla_eval_opaque_66846.png'
53:16.426  render           | Saved: '/tmp/clearvla_eval_opaque_66846.png'
53:16.818  render           | Saved: '/tmp/clearvla_eval_opaque_66846.png'
53:17.143  render           | Saved: '/tmp/clearvla_eval_opaque_66846.png'
53:17.527  render           | Saved: '/tmp/clearvla_eval_opaque_66846.png'
53:17.859  render           | Saved: '/tmp/clearvla_eval_opaque_66846.png'
53:18.250  render           | Saved: '/tmp/clearvla_eval_opaque_66846.png'
53:18.566  render           | Saved: '/tmp/clearvla_eval_opaque_66846.png'
53:18.968  render           | Saved: '/tmp/clearvla_eval_opaque_66846.png'
53:19.293  render           | Saved: '/tmp/clearvla_eval_opaque_66846.png'
53:19.686  render           | Saved: '/tmp/clearvla_eval_opaque_66846.png'
53:20.002  render           | Saved: '/tmp/clearvla_eval_opaque_66846.png'
53:20.392  render           | Saved: '/tmp/clearvla_eval_opaque_66846.png'
53:20.716  render           | Saved: '/tmp/clearvla_eval_opaque_66846.png'
53:21.111  render           | Saved: '/tmp/clearvla_eval_opaque_66846.png'
53:21.433  render           | Saved: '/tmp/clearvla_eval_opaque_66846.png'
53:21.821  render           | Saved: '/tmp/clearvla_eval_opaque_66846.png'
53:22.142  render           | Saved: '/tmp/clearvla_eval_opaque_66846.png'
53:22.531  render           | Saved: '/tmp/clearvla_eval_opaque_66846.png'
53:22.855  render           | Saved: '/tmp/clearvla_eval_opaque_66846.png'
53:23.251  render           | Saved: '/tmp/clearvla_eval_opaque_66846.png'
53:23.600  render           | Saved: '/tmp/clearvla_eval_opaque_66846.png'
53:23.999  render           | Saved: '/tmp/clearvla_eval_opaque_66846.png'
53:24.318  render           | Saved: '/tmp/clearvla_eval_opaque_66846.png'
53:24.714  render           | Saved: '/tmp/clearvla_eval_opaque_66846.png'
53:25.041  render           | Saved: '/tmp/clearvla_eval_opaque_66846.png'
53:25.437  render           | Saved: '/tmp/clearvla_eval_opaque_66846.png'
53:25.760  render           | Saved: '/tmp/clearvla_eval_opaque_66846.png'
53:26.150  render           | Saved: '/tmp/clearvla_eval_opaque_66846.png'
53:26.483  render           | Saved: '/tmp/clearvla_eval_opaque_66846.png'
[full/opaque] pour: 2/50  (53.3 min, 27.5 s/ep)
53:28.154  render           | Saved: '/tmp/clearvla_eval_opaque_66846.png'
53:28.465  render           | Saved: '/tmp/clearvla_eval_opaque_66846.png'
53:28.871  render           | Saved: '/tmp/clearvla_eval_opaque_66846.png'
53:29.221  render           | Saved: '/tmp/clearvla_eval_opaque_66846.png'
53:29.621  render           | Saved: '/tmp/clearvla_eval_opaque_66846.png'
53:29.943  render           | Saved: '/tmp/clearvla_eval_opaque_66846.png'
53:30.343  render           | Saved: '/tmp/clearvla_eval_opaque_66846.png'
53:30.674  render           | Saved: '/tmp/clearvla_eval_opaque_66846.png'
53:31.050  render           | Saved: '/tmp/clearvla_eval_opaque_66846.png'
53:31.373  render           | Saved: '/tmp/clearvla_eval_opaque_66846.png'
53:31.753  render           | Saved: '/tmp/clearvla_eval_opaque_66846.png'
53:32.076  render           | Saved: '/tmp/clearvla_eval_opaque_66846.png'
53:32.450  render           | Saved: '/tmp/clearvla_eval_opaque_66846.png'
53:32.770  render           | Saved: '/tmp/clearvla_eval_opaque_66846.png'
53:33.150  render           | Saved: '/tmp/clearvla_eval_opaque_66846.png'
53:33.472  render           | Saved: '/tmp/clearvla_eval_opaque_66846.png'
53:33.848  render           | Saved: '/tmp/clearvla_eval_opaque_66846.png'
53:34.166  render           | Saved: '/tmp/clearvla_eval_opaque_66846.png'
53:34.543  render           | Saved: '/tmp/clearvla_eval_opaque_66846.png'
53:34.864  render           | Saved: '/tmp/clearvla_eval_opaque_66846.png'
53:35.250  render           | Saved: '/tmp/clearvla_eval_opaque_66846.png'
53:35.577  render           | Saved: '/tmp/clearvla_eval_opaque_66846.png'
53:35.957  render           | Saved: '/tmp/clearvla_eval_opaque_66846.png'
53:36.278  render           | Saved: '/tmp/clearvla_eval_opaque_66846.png'
53:36.655  render           | Saved: '/tmp/clearvla_eval_opaque_66846.png'
53:36.983  render           | Saved: '/tmp/clearvla_eval_opaque_66846.png'
53:37.363  render           | Saved: '/tmp/clearvla_eval_opaque_66846.png'
53:37.682  render           | Saved: '/tmp/clearvla_eval_opaque_66846.png'
53:38.063  render           | Saved: '/tmp/clearvla_eval_opaque_66846.png'
53:38.393  render           | Saved: '/tmp/clearvla_eval_opaque_66846.png'
53:38.768  render           | Saved: '/tmp/clearvla_eval_opaque_66846.png'
53:39.090  render           | Saved: '/tmp/clearvla_eval_opaque_66846.png'
53:39.473  render           | Saved: '/tmp/clearvla_eval_opaque_66846.png'
53:39.795  render           | Saved: '/tmp/clearvla_eval_opaque_66846.png'
53:40.178  render           | Saved: '/tmp/clearvla_eval_opaque_66846.png'
53:40.505  render           | Saved: '/tmp/clearvla_eval_opaque_66846.png'
53:40.889  render           | Saved: '/tmp/clearvla_eval_opaque_66846.png'
53:41.208  render           | Saved: '/tmp/clearvla_eval_opaque_66846.png'
53:41.594  render           | Saved: '/tmp/clearvla_eval_opaque_66846.png'
53:41.911  render           | Saved: '/tmp/clearvla_eval_opaque_66846.png'
53:42.299  render           | Saved: '/tmp/clearvla_eval_opaque_66846.png'
53:42.611  render           | Saved: '/tmp/clearvla_eval_opaque_66846.png'
53:42.995  render           | Saved: '/tmp/clearvla_eval_opaque_66846.png'
53:43.306  render           | Saved: '/tmp/clearvla_eval_opaque_66846.png'
53:43.696  render           | Saved: '/tmp/clearvla_eval_opaque_66846.png'
53:44.021  render           | Saved: '/tmp/clearvla_eval_opaque_66846.png'
53:44.411  render           | Saved: '/tmp/clearvla_eval_opaque_66846.png'
53:44.738  render           | Saved: '/tmp/clearvla_eval_opaque_66846.png'
53:45.134  render           | Saved: '/tmp/clearvla_eval_opaque_66846.png'
53:45.456  render           | Saved: '/tmp/clearvla_eval_opaque_66846.png'
53:47.056  render           | Saved: '/tmp/clearvla_eval_opaque_66846.png'
53:47.371  render           | Saved: '/tmp/clearvla_eval_opaque_66846.png'
53:47.793  render           | Saved: '/tmp/clearvla_eval_opaque_66846.png'
53:48.111  render           | Saved: '/tmp/clearvla_eval_opaque_66846.png'
53:48.498  render           | Saved: '/tmp/clearvla_eval_opaque_66846.png'
53:48.812  render           | Saved: '/tmp/clearvla_eval_opaque_66846.png'
53:49.202  render           | Saved: '/tmp/clearvla_eval_opaque_66846.png'
53:49.528  render           | Saved: '/tmp/clearvla_eval_opaque_66846.png'
53:49.915  render           | Saved: '/tmp/clearvla_eval_opaque_66846.png'
53:50.238  render           | Saved: '/tmp/clearvla_eval_opaque_66846.png'
53:50.623  render           | Saved: '/tmp/clearvla_eval_opaque_66846.png'
53:50.942  render           | Saved: '/tmp/clearvla_eval_opaque_66846.png'
53:51.339  render           | Saved: '/tmp/clearvla_eval_opaque_66846.png'
53:51.661  render           | Saved: '/tmp/clearvla_eval_opaque_66846.png'
53:52.058  render           | Saved: '/tmp/clearvla_eval_opaque_66846.png'
53:52.404  render           | Saved: '/tmp/clearvla_eval_opaque_66846.png'
53:52.803  render           | Saved: '/tmp/clearvla_eval_opaque_66846.png'
53:53.128  render           | Saved: '/tmp/clearvla_eval_opaque_66846.png'
53:53.516  render           | Saved: '/tmp/clearvla_eval_opaque_66846.png'
53:53.836  render           | Saved: '/tmp/clearvla_eval_opaque_66846.png'
53:54.230  render           | Saved: '/tmp/clearvla_eval_opaque_66846.png'
53:54.555  render           | Saved: '/tmp/clearvla_eval_opaque_66846.png'
53:54.960  render           | Saved: '/tmp/clearvla_eval_opaque_66846.png'
53:55.300  render           | Saved: '/tmp/clearvla_eval_opaque_66846.png'
53:55.686  render           | Saved: '/tmp/clearvla_eval_opaque_66846.png'
53:56.027  render           | Saved: '/tmp/clearvla_eval_opaque_66846.png'
53:56.420  render           | Saved: '/tmp/clearvla_eval_opaque_66846.png'
53:56.765  render           | Saved: '/tmp/clearvla_eval_opaque_66846.png'
53:57.159  render           | Saved: '/tmp/clearvla_eval_opaque_66846.png'
53:57.504  render           | Saved: '/tmp/clearvla_eval_opaque_66846.png'
53:57.899  render           | Saved: '/tmp/clearvla_eval_opaque_66846.png'
53:58.229  render           | Saved: '/tmp/clearvla_eval_opaque_66846.png'
53:58.625  render           | Saved: '/tmp/clearvla_eval_opaque_66846.png'
53:58.953  render           | Saved: '/tmp/clearvla_eval_opaque_66846.png'
53:59.351  render           | Saved: '/tmp/clearvla_eval_opaque_66846.png'
53:59.694  render           | Saved: '/tmp/clearvla_eval_opaque_66846.png'
54:00.100  render           | Saved: '/tmp/clearvla_eval_opaque_66846.png'
54:00.420  render           | Saved: '/tmp/clearvla_eval_opaque_66846.png'
54:00.816  render           | Saved: '/tmp/clearvla_eval_opaque_66846.png'
54:01.144  render           | Saved: '/tmp/clearvla_eval_opaque_66846.png'
54:01.536  render           | Saved: '/tmp/clearvla_eval_opaque_66846.png'
54:01.868  render           | Saved: '/tmp/clearvla_eval_opaque_66846.png'
54:02.256  render           | Saved: '/tmp/clearvla_eval_opaque_66846.png'
54:02.583  render           | Saved: '/tmp/clearvla_eval_opaque_66846.png'
54:02.971  render           | Saved: '/tmp/clearvla_eval_opaque_66846.png'
54:03.297  render           | Saved: '/tmp/clearvla_eval_opaque_66846.png'
54:03.697  render           | Saved: '/tmp/clearvla_eval_opaque_66846.png'
54:04.023  render           | Saved: '/tmp/clearvla_eval_opaque_66846.png'
54:04.417  render           | Saved: '/tmp/clearvla_eval_opaque_66846.png'
54:04.740  render           | Saved: '/tmp/clearvla_eval_opaque_66846.png'
54:05.156  render           | Saved: '/tmp/clearvla_eval_opaque_66846.png'
54:05.485  render           | Saved: '/tmp/clearvla_eval_opaque_66846.png'
54:05.889  render           | Saved: '/tmp/clearvla_eval_opaque_66846.png'
54:06.212  render           | Saved: '/tmp/clearvla_eval_opaque_66846.png'
54:06.614  render           | Saved: '/tmp/clearvla_eval_opaque_66846.png'
54:06.936  render           | Saved: '/tmp/clearvla_eval_opaque_66846.png'
54:07.336  render           | Saved: '/tmp/clearvla_eval_opaque_66846.png'
54:07.654  render           | Saved: '/tmp/clearvla_eval_opaque_66846.png'
54:08.040  render           | Saved: '/tmp/clearvla_eval_opaque_66846.png'
54:08.350  render           | Saved: '/tmp/clearvla_eval_opaque_66846.png'
54:08.749  render           | Saved: '/tmp/clearvla_eval_opaque_66846.png'
54:09.063  render           | Saved: '/tmp/clearvla_eval_opaque_66846.png'
54:09.463  render           | Saved: '/tmp/clearvla_eval_opaque_66846.png'
54:09.792  render           | Saved: '/tmp/clearvla_eval_opaque_66846.png'
54:10.189  render           | Saved: '/tmp/clearvla_eval_opaque_66846.png'
54:10.512  render           | Saved: '/tmp/clearvla_eval_opaque_66846.png'
54:10.920  render           | Saved: '/tmp/clearvla_eval_opaque_66846.png'
54:11.265  render           | Saved: '/tmp/clearvla_eval_opaque_66846.png'
54:11.667  render           | Saved: '/tmp/clearvla_eval_opaque_66846.png'
54:11.984  render           | Saved: '/tmp/clearvla_eval_opaque_66846.png'
54:12.390  render           | Saved: '/tmp/clearvla_eval_opaque_66846.png'
54:12.721  render           | Saved: '/tmp/clearvla_eval_opaque_66846.png'
54:13.121  render           | Saved: '/tmp/clearvla_eval_opaque_66846.png'
54:13.428  render           | Saved: '/tmp/clearvla_eval_opaque_66846.png'
54:13.829  render           | Saved: '/tmp/clearvla_eval_opaque_66846.png'
54:14.137  render           | Saved: '/tmp/clearvla_eval_opaque_66846.png'
54:15.864  render           | Saved: '/tmp/clearvla_eval_opaque_66846.png'
54:16.186  render           | Saved: '/tmp/clearvla_eval_opaque_66846.png'
54:16.584  render           | Saved: '/tmp/clearvla_eval_opaque_66846.png'
54:16.942  render           | Saved: '/tmp/clearvla_eval_opaque_66846.png'
54:17.369  render           | Saved: '/tmp/clearvla_eval_opaque_66846.png'
54:17.704  render           | Saved: '/tmp/clearvla_eval_opaque_66846.png'
54:18.097  render           | Saved: '/tmp/clearvla_eval_opaque_66846.png'
54:18.417  render           | Saved: '/tmp/clearvla_eval_opaque_66846.png'
54:18.792  render           | Saved: '/tmp/clearvla_eval_opaque_66846.png'
54:19.111  render           | Saved: '/tmp/clearvla_eval_opaque_66846.png'
54:19.487  render           | Saved: '/tmp/clearvla_eval_opaque_66846.png'
54:19.810  render           | Saved: '/tmp/clearvla_eval_opaque_66846.png'
54:20.196  render           | Saved: '/tmp/clearvla_eval_opaque_66846.png'
54:20.520  render           | Saved: '/tmp/clearvla_eval_opaque_66846.png'
54:20.904  render           | Saved: '/tmp/clearvla_eval_opaque_66846.png'
54:21.224  render           | Saved: '/tmp/clearvla_eval_opaque_66846.png'
54:21.602  render           | Saved: '/tmp/clearvla_eval_opaque_66846.png'
54:21.921  render           | Saved: '/tmp/clearvla_eval_opaque_66846.png'
54:22.304  render           | Saved: '/tmp/clearvla_eval_opaque_66846.png'
54:22.625  render           | Saved: '/tmp/clearvla_eval_opaque_66846.png'
54:23.005  render           | Saved: '/tmp/clearvla_eval_opaque_66846.png'
54:23.326  render           | Saved: '/tmp/clearvla_eval_opaque_66846.png'
54:23.705  render           | Saved: '/tmp/clearvla_eval_opaque_66846.png'
54:24.024  render           | Saved: '/tmp/clearvla_eval_opaque_66846.png'
54:24.406  render           | Saved: '/tmp/clearvla_eval_opaque_66846.png'
54:24.730  render           | Saved: '/tmp/clearvla_eval_opaque_66846.png'
54:25.112  render           | Saved: '/tmp/clearvla_eval_opaque_66846.png'
54:25.437  render           | Saved: '/tmp/clearvla_eval_opaque_66846.png'
54:25.826  render           | Saved: '/tmp/clearvla_eval_opaque_66846.png'
54:26.169  render           | Saved: '/tmp/clearvla_eval_opaque_66846.png'
54:26.576  render           | Saved: '/tmp/clearvla_eval_opaque_66846.png'
54:26.910  render           | Saved: '/tmp/clearvla_eval_opaque_66846.png'
54:27.299  render           | Saved: '/tmp/clearvla_eval_opaque_66846.png'
54:27.638  render           | Saved: '/tmp/clearvla_eval_opaque_66846.png'
54:28.041  render           | Saved: '/tmp/clearvla_eval_opaque_66846.png'
54:28.370  render           | Saved: '/tmp/clearvla_eval_opaque_66846.png'
54:28.752  render           | Saved: '/tmp/clearvla_eval_opaque_66846.png'
54:29.078  render           | Saved: '/tmp/clearvla_eval_opaque_66846.png'
54:29.456  render           | Saved: '/tmp/clearvla_eval_opaque_66846.png'
54:29.781  render           | Saved: '/tmp/clearvla_eval_opaque_66846.png'
54:30.167  render           | Saved: '/tmp/clearvla_eval_opaque_66846.png'
54:30.490  render           | Saved: '/tmp/clearvla_eval_opaque_66846.png'
54:30.874  render           | Saved: '/tmp/clearvla_eval_opaque_66846.png'
54:31.199  render           | Saved: '/tmp/clearvla_eval_opaque_66846.png'
54:31.582  render           | Saved: '/tmp/clearvla_eval_opaque_66846.png'
54:31.907  render           | Saved: '/tmp/clearvla_eval_opaque_66846.png'
54:32.287  render           | Saved: '/tmp/clearvla_eval_opaque_66846.png'
54:32.617  render           | Saved: '/tmp/clearvla_eval_opaque_66846.png'
54:33.001  render           | Saved: '/tmp/clearvla_eval_opaque_66846.png'
54:33.313  render           | Saved: '/tmp/clearvla_eval_opaque_66846.png'
54:33.682  render           | Saved: '/tmp/clearvla_eval_opaque_66846.png'
54:34.007  render           | Saved: '/tmp/clearvla_eval_opaque_66846.png'
54:34.383  render           | Saved: '/tmp/clearvla_eval_opaque_66846.png'
54:34.735  render           | Saved: '/tmp/clearvla_eval_opaque_66846.png'
54:35.126  render           | Saved: '/tmp/clearvla_eval_opaque_66846.png'
54:35.458  render           | Saved: '/tmp/clearvla_eval_opaque_66846.png'
54:35.872  render           | Saved: '/tmp/clearvla_eval_opaque_66846.png'
54:36.192  render           | Saved: '/tmp/clearvla_eval_opaque_66846.png'
54:36.618  render           | Saved: '/tmp/clearvla_eval_opaque_66846.png'
54:36.938  render           | Saved: '/tmp/clearvla_eval_opaque_66846.png'
54:37.328  render           | Saved: '/tmp/clearvla_eval_opaque_66846.png'
54:37.652  render           | Saved: '/tmp/clearvla_eval_opaque_66846.png'
54:38.053  render           | Saved: '/tmp/clearvla_eval_opaque_66846.png'
54:38.387  render           | Saved: '/tmp/clearvla_eval_opaque_66846.png'
54:38.787  render           | Saved: '/tmp/clearvla_eval_opaque_66846.png'
54:39.117  render           | Saved: '/tmp/clearvla_eval_opaque_66846.png'
54:39.522  render           | Saved: '/tmp/clearvla_eval_opaque_66846.png'
54:39.849  render           | Saved: '/tmp/clearvla_eval_opaque_66846.png'
54:40.251  render           | Saved: '/tmp/clearvla_eval_opaque_66846.png'
54:40.573  render           | Saved: '/tmp/clearvla_eval_opaque_66846.png'
54:40.963  render           | Saved: '/tmp/clearvla_eval_opaque_66846.png'
54:41.288  render           | Saved: '/tmp/clearvla_eval_opaque_66846.png'
54:41.683  render           | Saved: '/tmp/clearvla_eval_opaque_66846.png'
54:42.008  render           | Saved: '/tmp/clearvla_eval_opaque_66846.png'
54:42.414  render           | Saved: '/tmp/clearvla_eval_opaque_66846.png'
54:42.752  render           | Saved: '/tmp/clearvla_eval_opaque_66846.png'
54:44.543  render           | Saved: '/tmp/clearvla_eval_opaque_66846.png'
54:44.860  render           | Saved: '/tmp/clearvla_eval_opaque_66846.png'
54:45.256  render           | Saved: '/tmp/clearvla_eval_opaque_66846.png'
54:45.576  render           | Saved: '/tmp/clearvla_eval_opaque_66846.png'
54:46.048  render           | Saved: '/tmp/clearvla_eval_opaque_66846.png'
54:46.405  render           | Saved: '/tmp/clearvla_eval_opaque_66846.png'
54:46.809  render           | Saved: '/tmp/clearvla_eval_opaque_66846.png'
54:47.119  render           | Saved: '/tmp/clearvla_eval_opaque_66846.png'
54:47.493  render           | Saved: '/tmp/clearvla_eval_opaque_66846.png'
54:47.834  render           | Saved: '/tmp/clearvla_eval_opaque_66846.png'
54:48.230  render           | Saved: '/tmp/clearvla_eval_opaque_66846.png'
54:48.593  render           | Saved: '/tmp/clearvla_eval_opaque_66846.png'
54:49.007  render           | Saved: '/tmp/clearvla_eval_opaque_66846.png'
54:49.366  render           | Saved: '/tmp/clearvla_eval_opaque_66846.png'
54:49.794  render           | Saved: '/tmp/clearvla_eval_opaque_66846.png'
54:50.160  render           | Saved: '/tmp/clearvla_eval_opaque_66846.png'
54:50.575  render           | Saved: '/tmp/clearvla_eval_opaque_66846.png'
54:50.928  render           | Saved: '/tmp/clearvla_eval_opaque_66846.png'
54:51.334  render           | Saved: '/tmp/clearvla_eval_opaque_66846.png'
54:51.663  render           | Saved: '/tmp/clearvla_eval_opaque_66846.png'
54:52.054  render           | Saved: '/tmp/clearvla_eval_opaque_66846.png'
54:52.389  render           | Saved: '/tmp/clearvla_eval_opaque_66846.png'
54:52.785  render           | Saved: '/tmp/clearvla_eval_opaque_66846.png'
54:53.118  render           | Saved: '/tmp/clearvla_eval_opaque_66846.png'
54:53.501  render           | Saved: '/tmp/clearvla_eval_opaque_66846.png'
54:53.824  render           | Saved: '/tmp/clearvla_eval_opaque_66846.png'
54:54.206  render           | Saved: '/tmp/clearvla_eval_opaque_66846.png'
54:54.531  render           | Saved: '/tmp/clearvla_eval_opaque_66846.png'
54:54.903  render           | Saved: '/tmp/clearvla_eval_opaque_66846.png'
54:55.227  render           | Saved: '/tmp/clearvla_eval_opaque_66846.png'
54:55.610  render           | Saved: '/tmp/clearvla_eval_opaque_66846.png'
54:55.928  render           | Saved: '/tmp/clearvla_eval_opaque_66846.png'
54:56.310  render           | Saved: '/tmp/clearvla_eval_opaque_66846.png'
54:56.631  render           | Saved: '/tmp/clearvla_eval_opaque_66846.png'
54:57.015  render           | Saved: '/tmp/clearvla_eval_opaque_66846.png'
54:57.336  render           | Saved: '/tmp/clearvla_eval_opaque_66846.png'
54:57.716  render           | Saved: '/tmp/clearvla_eval_opaque_66846.png'
54:58.039  render           | Saved: '/tmp/clearvla_eval_opaque_66846.png'
54:58.416  render           | Saved: '/tmp/clearvla_eval_opaque_66846.png'
54:58.737  render           | Saved: '/tmp/clearvla_eval_opaque_66846.png'
54:59.120  render           | Saved: '/tmp/clearvla_eval_opaque_66846.png'
54:59.450  render           | Saved: '/tmp/clearvla_eval_opaque_66846.png'
54:59.828  render           | Saved: '/tmp/clearvla_eval_opaque_66846.png'
55:00.152  render           | Saved: '/tmp/clearvla_eval_opaque_66846.png'
55:00.547  render           | Saved: '/tmp/clearvla_eval_opaque_66846.png'
55:00.878  render           | Saved: '/tmp/clearvla_eval_opaque_66846.png'
55:01.267  render           | Saved: '/tmp/clearvla_eval_opaque_66846.png'
55:01.586  render           | Saved: '/tmp/clearvla_eval_opaque_66846.png'
55:01.991  render           | Saved: '/tmp/clearvla_eval_opaque_66846.png'
55:02.336  render           | Saved: '/tmp/clearvla_eval_opaque_66846.png'
55:02.750  render           | Saved: '/tmp/clearvla_eval_opaque_66846.png'
55:03.090  render           | Saved: '/tmp/clearvla_eval_opaque_66846.png'
55:03.472  render           | Saved: '/tmp/clearvla_eval_opaque_66846.png'
55:03.793  render           | Saved: '/tmp/clearvla_eval_opaque_66846.png'
55:04.174  render           | Saved: '/tmp/clearvla_eval_opaque_66846.png'
55:04.493  render           | Saved: '/tmp/clearvla_eval_opaque_66846.png'
55:04.881  render           | Saved: '/tmp/clearvla_eval_opaque_66846.png'
55:05.206  render           | Saved: '/tmp/clearvla_eval_opaque_66846.png'
55:05.598  render           | Saved: '/tmp/clearvla_eval_opaque_66846.png'
55:05.927  render           | Saved: '/tmp/clearvla_eval_opaque_66846.png'
55:06.317  render           | Saved: '/tmp/clearvla_eval_opaque_66846.png'
55:06.632  render           | Saved: '/tmp/clearvla_eval_opaque_66846.png'
55:07.014  render           | Saved: '/tmp/clearvla_eval_opaque_66846.png'
55:07.332  render           | Saved: '/tmp/clearvla_eval_opaque_66846.png'
55:07.716  render           | Saved: '/tmp/clearvla_eval_opaque_66846.png'
55:08.029  render           | Saved: '/tmp/clearvla_eval_opaque_66846.png'
55:08.417  render           | Saved: '/tmp/clearvla_eval_opaque_66846.png'
55:08.736  render           | Saved: '/tmp/clearvla_eval_opaque_66846.png'
55:09.121  render           | Saved: '/tmp/clearvla_eval_opaque_66846.png'
55:09.435  render           | Saved: '/tmp/clearvla_eval_opaque_66846.png'
55:09.820  render           | Saved: '/tmp/clearvla_eval_opaque_66846.png'
55:10.135  render           | Saved: '/tmp/clearvla_eval_opaque_66846.png'
55:10.515  render           | Saved: '/tmp/clearvla_eval_opaque_66846.png'
55:10.825  render           | Saved: '/tmp/clearvla_eval_opaque_66846.png'
55:11.227  render           | Saved: '/tmp/clearvla_eval_opaque_66846.png'
55:11.550  render           | Saved: '/tmp/clearvla_eval_opaque_66846.png'
55:13.253  render           | Saved: '/tmp/clearvla_eval_opaque_66846.png'
55:13.571  render           | Saved: '/tmp/clearvla_eval_opaque_66846.png'
55:13.962  render           | Saved: '/tmp/clearvla_eval_opaque_66846.png'
55:14.287  render           | Saved: '/tmp/clearvla_eval_opaque_66846.png'
55:14.659  render           | Saved: '/tmp/clearvla_eval_opaque_66846.png'
55:15.024  render           | Saved: '/tmp/clearvla_eval_opaque_66846.png'
55:15.398  render           | Saved: '/tmp/clearvla_eval_opaque_66846.png'
55:15.753  render           | Saved: '/tmp/clearvla_eval_opaque_66846.png'
55:16.134  render           | Saved: '/tmp/clearvla_eval_opaque_66846.png'
55:16.452  render           | Saved: '/tmp/clearvla_eval_opaque_66846.png'
55:16.876  render           | Saved: '/tmp/clearvla_eval_opaque_66846.png'
55:17.201  render           | Saved: '/tmp/clearvla_eval_opaque_66846.png'
55:17.592  render           | Saved: '/tmp/clearvla_eval_opaque_66846.png'
55:17.915  render           | Saved: '/tmp/clearvla_eval_opaque_66846.png'
55:18.298  render           | Saved: '/tmp/clearvla_eval_opaque_66846.png'
55:18.629  render           | Saved: '/tmp/clearvla_eval_opaque_66846.png'
55:19.023  render           | Saved: '/tmp/clearvla_eval_opaque_66846.png'
55:19.348  render           | Saved: '/tmp/clearvla_eval_opaque_66846.png'
55:19.749  render           | Saved: '/tmp/clearvla_eval_opaque_66846.png'
55:20.094  render           | Saved: '/tmp/clearvla_eval_opaque_66846.png'
55:20.489  render           | Saved: '/tmp/clearvla_eval_opaque_66846.png'
55:20.818  render           | Saved: '/tmp/clearvla_eval_opaque_66846.png'
55:21.213  render           | Saved: '/tmp/clearvla_eval_opaque_66846.png'
55:21.537  render           | Saved: '/tmp/clearvla_eval_opaque_66846.png'
55:21.960  render           | Saved: '/tmp/clearvla_eval_opaque_66846.png'
55:22.275  render           | Saved: '/tmp/clearvla_eval_opaque_66846.png'
55:22.695  render           | Saved: '/tmp/clearvla_eval_opaque_66846.png'
55:23.012  render           | Saved: '/tmp/clearvla_eval_opaque_66846.png'
55:23.426  render           | Saved: '/tmp/clearvla_eval_opaque_66846.png'
55:23.751  render           | Saved: '/tmp/clearvla_eval_opaque_66846.png'
55:24.172  render           | Saved: '/tmp/clearvla_eval_opaque_66846.png'
55:24.499  render           | Saved: '/tmp/clearvla_eval_opaque_66846.png'
55:24.910  render           | Saved: '/tmp/clearvla_eval_opaque_66846.png'
55:25.250  render           | Saved: '/tmp/clearvla_eval_opaque_66846.png'
55:25.650  render           | Saved: '/tmp/clearvla_eval_opaque_66846.png'
55:25.978  render           | Saved: '/tmp/clearvla_eval_opaque_66846.png'
55:26.367  render           | Saved: '/tmp/clearvla_eval_opaque_66846.png'
55:26.695  render           | Saved: '/tmp/clearvla_eval_opaque_66846.png'
55:27.078  render           | Saved: '/tmp/clearvla_eval_opaque_66846.png'
55:27.407  render           | Saved: '/tmp/clearvla_eval_opaque_66846.png'
55:27.799  render           | Saved: '/tmp/clearvla_eval_opaque_66846.png'
55:28.139  render           | Saved: '/tmp/clearvla_eval_opaque_66846.png'
55:28.527  render           | Saved: '/tmp/clearvla_eval_opaque_66846.png'
55:28.851  render           | Saved: '/tmp/clearvla_eval_opaque_66846.png'
55:29.243  render           | Saved: '/tmp/clearvla_eval_opaque_66846.png'
55:29.560  render           | Saved: '/tmp/clearvla_eval_opaque_66846.png'
55:29.953  render           | Saved: '/tmp/clearvla_eval_opaque_66846.png'
55:30.268  render           | Saved: '/tmp/clearvla_eval_opaque_66846.png'
55:30.663  render           | Saved: '/tmp/clearvla_eval_opaque_66846.png'
55:30.981  render           | Saved: '/tmp/clearvla_eval_opaque_66846.png'
55:31.374  render           | Saved: '/tmp/clearvla_eval_opaque_66846.png'
55:31.699  render           | Saved: '/tmp/clearvla_eval_opaque_66846.png'
55:32.102  render           | Saved: '/tmp/clearvla_eval_opaque_66846.png'
55:32.426  render           | Saved: '/tmp/clearvla_eval_opaque_66846.png'
55:32.819  render           | Saved: '/tmp/clearvla_eval_opaque_66846.png'
55:33.160  render           | Saved: '/tmp/clearvla_eval_opaque_66846.png'
55:33.555  render           | Saved: '/tmp/clearvla_eval_opaque_66846.png'
55:33.897  render           | Saved: '/tmp/clearvla_eval_opaque_66846.png'
55:34.295  render           | Saved: '/tmp/clearvla_eval_opaque_66846.png'
55:34.623  render           | Saved: '/tmp/clearvla_eval_opaque_66846.png'
55:35.024  render           | Saved: '/tmp/clearvla_eval_opaque_66846.png'
55:35.348  render           | Saved: '/tmp/clearvla_eval_opaque_66846.png'
55:35.760  render           | Saved: '/tmp/clearvla_eval_opaque_66846.png'
55:36.091  render           | Saved: '/tmp/clearvla_eval_opaque_66846.png'
55:36.530  render           | Saved: '/tmp/clearvla_eval_opaque_66846.png'
55:36.862  render           | Saved: '/tmp/clearvla_eval_opaque_66846.png'
55:37.307  render           | Saved: '/tmp/clearvla_eval_opaque_66846.png'
55:37.643  render           | Saved: '/tmp/clearvla_eval_opaque_66846.png'
55:38.058  render           | Saved: '/tmp/clearvla_eval_opaque_66846.png'
55:38.392  render           | Saved: '/tmp/clearvla_eval_opaque_66846.png'
55:38.796  render           | Saved: '/tmp/clearvla_eval_opaque_66846.png'
55:39.132  render           | Saved: '/tmp/clearvla_eval_opaque_66846.png'
55:39.527  render           | Saved: '/tmp/clearvla_eval_opaque_66846.png'
55:39.855  render           | Saved: '/tmp/clearvla_eval_opaque_66846.png'
55:40.257  render           | Saved: '/tmp/clearvla_eval_opaque_66846.png'
55:40.592  render           | Saved: '/tmp/clearvla_eval_opaque_66846.png'
55:42.482  render           | Saved: '/tmp/clearvla_eval_opaque_66846.png'
55:42.813  render           | Saved: '/tmp/clearvla_eval_opaque_66846.png'
55:43.278  render           | Saved: '/tmp/clearvla_eval_opaque_66846.png'
55:43.610  render           | Saved: '/tmp/clearvla_eval_opaque_66846.png'
55:44.010  render           | Saved: '/tmp/clearvla_eval_opaque_66846.png'
55:44.332  render           | Saved: '/tmp/clearvla_eval_opaque_66846.png'
55:44.710  render           | Saved: '/tmp/clearvla_eval_opaque_66846.png'
55:45.043  render           | Saved: '/tmp/clearvla_eval_opaque_66846.png'
55:45.440  render           | Saved: '/tmp/clearvla_eval_opaque_66846.png'
55:45.762  render           | Saved: '/tmp/clearvla_eval_opaque_66846.png'
55:46.137  render           | Saved: '/tmp/clearvla_eval_opaque_66846.png'
55:46.457  render           | Saved: '/tmp/clearvla_eval_opaque_66846.png'
55:46.852  render           | Saved: '/tmp/clearvla_eval_opaque_66846.png'
55:47.184  render           | Saved: '/tmp/clearvla_eval_opaque_66846.png'
55:47.572  render           | Saved: '/tmp/clearvla_eval_opaque_66846.png'
55:47.898  render           | Saved: '/tmp/clearvla_eval_opaque_66846.png'
55:48.288  render           | Saved: '/tmp/clearvla_eval_opaque_66846.png'
55:48.611  render           | Saved: '/tmp/clearvla_eval_opaque_66846.png'
55:49.022  render           | Saved: '/tmp/clearvla_eval_opaque_66846.png'
55:49.351  render           | Saved: '/tmp/clearvla_eval_opaque_66846.png'
55:49.742  render           | Saved: '/tmp/clearvla_eval_opaque_66846.png'
55:50.073  render           | Saved: '/tmp/clearvla_eval_opaque_66846.png'
55:50.462  render           | Saved: '/tmp/clearvla_eval_opaque_66846.png'
55:50.790  render           | Saved: '/tmp/clearvla_eval_opaque_66846.png'
55:51.176  render           | Saved: '/tmp/clearvla_eval_opaque_66846.png'
55:51.507  render           | Saved: '/tmp/clearvla_eval_opaque_66846.png'
55:51.903  render           | Saved: '/tmp/clearvla_eval_opaque_66846.png'
55:52.236  render           | Saved: '/tmp/clearvla_eval_opaque_66846.png'
55:52.628  render           | Saved: '/tmp/clearvla_eval_opaque_66846.png'
55:52.962  render           | Saved: '/tmp/clearvla_eval_opaque_66846.png'
55:53.345  render           | Saved: '/tmp/clearvla_eval_opaque_66846.png'
55:53.695  render           | Saved: '/tmp/clearvla_eval_opaque_66846.png'
55:54.086  render           | Saved: '/tmp/clearvla_eval_opaque_66846.png'
55:54.408  render           | Saved: '/tmp/clearvla_eval_opaque_66846.png'
55:54.884  render           | Saved: '/tmp/clearvla_eval_opaque_66846.png'
55:55.282  render           | Saved: '/tmp/clearvla_eval_opaque_66846.png'
55:55.702  render           | Saved: '/tmp/clearvla_eval_opaque_66846.png'
55:56.038  render           | Saved: '/tmp/clearvla_eval_opaque_66846.png'
55:56.443  render           | Saved: '/tmp/clearvla_eval_opaque_66846.png'
55:56.769  render           | Saved: '/tmp/clearvla_eval_opaque_66846.png'
55:57.155  render           | Saved: '/tmp/clearvla_eval_opaque_66846.png'
55:57.486  render           | Saved: '/tmp/clearvla_eval_opaque_66846.png'
55:57.897  render           | Saved: '/tmp/clearvla_eval_opaque_66846.png'
55:58.225  render           | Saved: '/tmp/clearvla_eval_opaque_66846.png'
55:58.620  render           | Saved: '/tmp/clearvla_eval_opaque_66846.png'
55:58.960  render           | Saved: '/tmp/clearvla_eval_opaque_66846.png'
56:00.818  render           | Saved: '/tmp/clearvla_eval_opaque_66846.png'
56:01.152  render           | Saved: '/tmp/clearvla_eval_opaque_66846.png'
56:01.567  render           | Saved: '/tmp/clearvla_eval_opaque_66846.png'
56:01.891  render           | Saved: '/tmp/clearvla_eval_opaque_66846.png'
56:02.275  render           | Saved: '/tmp/clearvla_eval_opaque_66846.png'
56:02.593  render           | Saved: '/tmp/clearvla_eval_opaque_66846.png'
56:02.977  render           | Saved: '/tmp/clearvla_eval_opaque_66846.png'
56:03.300  render           | Saved: '/tmp/clearvla_eval_opaque_66846.png'
56:03.683  render           | Saved: '/tmp/clearvla_eval_opaque_66846.png'
56:04.010  render           | Saved: '/tmp/clearvla_eval_opaque_66846.png'
56:04.391  render           | Saved: '/tmp/clearvla_eval_opaque_66846.png'
56:04.718  render           | Saved: '/tmp/clearvla_eval_opaque_66846.png'
56:05.096  render           | Saved: '/tmp/clearvla_eval_opaque_66846.png'
56:05.421  render           | Saved: '/tmp/clearvla_eval_opaque_66846.png'
56:05.808  render           | Saved: '/tmp/clearvla_eval_opaque_66846.png'
56:06.140  render           | Saved: '/tmp/clearvla_eval_opaque_66846.png'
56:06.526  render           | Saved: '/tmp/clearvla_eval_opaque_66846.png'
56:06.856  render           | Saved: '/tmp/clearvla_eval_opaque_66846.png'
56:07.248  render           | Saved: '/tmp/clearvla_eval_opaque_66846.png'
56:07.577  render           | Saved: '/tmp/clearvla_eval_opaque_66846.png'
56:07.965  render           | Saved: '/tmp/clearvla_eval_opaque_66846.png'
56:08.290  render           | Saved: '/tmp/clearvla_eval_opaque_66846.png'
56:08.678  render           | Saved: '/tmp/clearvla_eval_opaque_66846.png'
56:09.009  render           | Saved: '/tmp/clearvla_eval_opaque_66846.png'
56:09.390  render           | Saved: '/tmp/clearvla_eval_opaque_66846.png'
56:09.716  render           | Saved: '/tmp/clearvla_eval_opaque_66846.png'
56:10.106  render           | Saved: '/tmp/clearvla_eval_opaque_66846.png'
56:10.441  render           | Saved: '/tmp/clearvla_eval_opaque_66846.png'
56:10.823  render           | Saved: '/tmp/clearvla_eval_opaque_66846.png'
56:11.161  render           | Saved: '/tmp/clearvla_eval_opaque_66846.png'
56:11.544  render           | Saved: '/tmp/clearvla_eval_opaque_66846.png'
56:11.886  render           | Saved: '/tmp/clearvla_eval_opaque_66846.png'
56:12.266  render           | Saved: '/tmp/clearvla_eval_opaque_66846.png'
56:12.590  render           | Saved: '/tmp/clearvla_eval_opaque_66846.png'
56:12.964  render           | Saved: '/tmp/clearvla_eval_opaque_66846.png'
56:13.282  render           | Saved: '/tmp/clearvla_eval_opaque_66846.png'
56:13.659  render           | Saved: '/tmp/clearvla_eval_opaque_66846.png'
56:13.990  render           | Saved: '/tmp/clearvla_eval_opaque_66846.png'
56:14.379  render           | Saved: '/tmp/clearvla_eval_opaque_66846.png'
56:14.703  render           | Saved: '/tmp/clearvla_eval_opaque_66846.png'
56:15.085  render           | Saved: '/tmp/clearvla_eval_opaque_66846.png'
56:15.406  render           | Saved: '/tmp/clearvla_eval_opaque_66846.png'
56:15.805  render           | Saved: '/tmp/clearvla_eval_opaque_66846.png'
56:16.137  render           | Saved: '/tmp/clearvla_eval_opaque_66846.png'
56:16.518  render           | Saved: '/tmp/clearvla_eval_opaque_66846.png'
56:16.855  render           | Saved: '/tmp/clearvla_eval_opaque_66846.png'
56:17.242  render           | Saved: '/tmp/clearvla_eval_opaque_66846.png'
56:17.580  render           | Saved: '/tmp/clearvla_eval_opaque_66846.png'
56:17.969  render           | Saved: '/tmp/clearvla_eval_opaque_66846.png'
56:18.287  render           | Saved: '/tmp/clearvla_eval_opaque_66846.png'
56:18.670  render           | Saved: '/tmp/clearvla_eval_opaque_66846.png'
56:18.996  render           | Saved: '/tmp/clearvla_eval_opaque_66846.png'
56:19.372  render           | Saved: '/tmp/clearvla_eval_opaque_66846.png'
56:19.731  render           | Saved: '/tmp/clearvla_eval_opaque_66846.png'
56:20.127  render           | Saved: '/tmp/clearvla_eval_opaque_66846.png'
56:20.491  render           | Saved: '/tmp/clearvla_eval_opaque_66846.png'
56:20.882  render           | Saved: '/tmp/clearvla_eval_opaque_66846.png'
56:21.216  render           | Saved: '/tmp/clearvla_eval_opaque_66846.png'
56:21.639  render           | Saved: '/tmp/clearvla_eval_opaque_66846.png'
56:21.971  render           | Saved: '/tmp/clearvla_eval_opaque_66846.png'
56:22.380  render           | Saved: '/tmp/clearvla_eval_opaque_66846.png'
56:22.705  render           | Saved: '/tmp/clearvla_eval_opaque_66846.png'
56:23.126  render           | Saved: '/tmp/clearvla_eval_opaque_66846.png'
56:23.446  render           | Saved: '/tmp/clearvla_eval_opaque_66846.png'
56:23.861  render           | Saved: '/tmp/clearvla_eval_opaque_66846.png'
56:24.184  render           | Saved: '/tmp/clearvla_eval_opaque_66846.png'
56:24.602  render           | Saved: '/tmp/clearvla_eval_opaque_66846.png'
56:24.925  render           | Saved: '/tmp/clearvla_eval_opaque_66846.png'
56:25.383  render           | Saved: '/tmp/clearvla_eval_opaque_66846.png'
56:25.724  render           | Saved: '/tmp/clearvla_eval_opaque_66846.png'
56:26.143  render           | Saved: '/tmp/clearvla_eval_opaque_66846.png'
56:26.477  render           | Saved: '/tmp/clearvla_eval_opaque_66846.png'
56:26.898  render           | Saved: '/tmp/clearvla_eval_opaque_66846.png'
56:27.236  render           | Saved: '/tmp/clearvla_eval_opaque_66846.png'
56:27.661  render           | Saved: '/tmp/clearvla_eval_opaque_66846.png'
56:28.001  render           | Saved: '/tmp/clearvla_eval_opaque_66846.png'
56:29.805  render           | Saved: '/tmp/clearvla_eval_opaque_66846.png'
56:30.152  render           | Saved: '/tmp/clearvla_eval_opaque_66846.png'
56:30.587  render           | Saved: '/tmp/clearvla_eval_opaque_66846.png'
56:30.922  render           | Saved: '/tmp/clearvla_eval_opaque_66846.png'
56:31.320  render           | Saved: '/tmp/clearvla_eval_opaque_66846.png'
56:31.650  render           | Saved: '/tmp/clearvla_eval_opaque_66846.png'
56:32.045  render           | Saved: '/tmp/clearvla_eval_opaque_66846.png'
56:32.376  render           | Saved: '/tmp/clearvla_eval_opaque_66846.png'
56:32.778  render           | Saved: '/tmp/clearvla_eval_opaque_66846.png'
56:33.102  render           | Saved: '/tmp/clearvla_eval_opaque_66846.png'
56:33.493  render           | Saved: '/tmp/clearvla_eval_opaque_66846.png'
56:33.816  render           | Saved: '/tmp/clearvla_eval_opaque_66846.png'
56:34.221  render           | Saved: '/tmp/clearvla_eval_opaque_66846.png'
56:34.575  render           | Saved: '/tmp/clearvla_eval_opaque_66846.png'
56:34.973  render           | Saved: '/tmp/clearvla_eval_opaque_66846.png'
56:35.309  render           | Saved: '/tmp/clearvla_eval_opaque_66846.png'
56:35.732  render           | Saved: '/tmp/clearvla_eval_opaque_66846.png'
56:36.054  render           | Saved: '/tmp/clearvla_eval_opaque_66846.png'
56:36.489  render           | Saved: '/tmp/clearvla_eval_opaque_66846.png'
56:36.818  render           | Saved: '/tmp/clearvla_eval_opaque_66846.png'
56:37.254  render           | Saved: '/tmp/clearvla_eval_opaque_66846.png'
56:37.578  render           | Saved: '/tmp/clearvla_eval_opaque_66846.png'
56:37.973  render           | Saved: '/tmp/clearvla_eval_opaque_66846.png'
56:38.305  render           | Saved: '/tmp/clearvla_eval_opaque_66846.png'
56:38.703  render           | Saved: '/tmp/clearvla_eval_opaque_66846.png'
56:39.029  render           | Saved: '/tmp/clearvla_eval_opaque_66846.png'
56:39.428  render           | Saved: '/tmp/clearvla_eval_opaque_66846.png'
56:39.752  render           | Saved: '/tmp/clearvla_eval_opaque_66846.png'
56:40.171  render           | Saved: '/tmp/clearvla_eval_opaque_66846.png'
56:40.495  render           | Saved: '/tmp/clearvla_eval_opaque_66846.png'
56:40.919  render           | Saved: '/tmp/clearvla_eval_opaque_66846.png'
56:41.242  render           | Saved: '/tmp/clearvla_eval_opaque_66846.png'
56:41.650  render           | Saved: '/tmp/clearvla_eval_opaque_66846.png'
56:41.975  render           | Saved: '/tmp/clearvla_eval_opaque_66846.png'
56:42.402  render           | Saved: '/tmp/clearvla_eval_opaque_66846.png'
56:42.727  render           | Saved: '/tmp/clearvla_eval_opaque_66846.png'
56:43.152  render           | Saved: '/tmp/clearvla_eval_opaque_66846.png'
56:43.477  render           | Saved: '/tmp/clearvla_eval_opaque_66846.png'
56:43.905  render           | Saved: '/tmp/clearvla_eval_opaque_66846.png'
56:44.229  render           | Saved: '/tmp/clearvla_eval_opaque_66846.png'
56:44.639  render           | Saved: '/tmp/clearvla_eval_opaque_66846.png'
56:44.964  render           | Saved: '/tmp/clearvla_eval_opaque_66846.png'
56:45.377  render           | Saved: '/tmp/clearvla_eval_opaque_66846.png'
56:45.699  render           | Saved: '/tmp/clearvla_eval_opaque_66846.png'
56:46.085  render           | Saved: '/tmp/clearvla_eval_opaque_66846.png'
56:46.414  render           | Saved: '/tmp/clearvla_eval_opaque_66846.png'
56:46.800  render           | Saved: '/tmp/clearvla_eval_opaque_66846.png'
56:47.122  render           | Saved: '/tmp/clearvla_eval_opaque_66846.png'
56:47.534  render           | Saved: '/tmp/clearvla_eval_opaque_66846.png'
56:47.865  render           | Saved: '/tmp/clearvla_eval_opaque_66846.png'
56:48.246  render           | Saved: '/tmp/clearvla_eval_opaque_66846.png'
56:48.571  render           | Saved: '/tmp/clearvla_eval_opaque_66846.png'
56:48.966  render           | Saved: '/tmp/clearvla_eval_opaque_66846.png'
56:49.328  render           | Saved: '/tmp/clearvla_eval_opaque_66846.png'
56:49.740  render           | Saved: '/tmp/clearvla_eval_opaque_66846.png'
56:50.072  render           | Saved: '/tmp/clearvla_eval_opaque_66846.png'
56:50.454  render           | Saved: '/tmp/clearvla_eval_opaque_66846.png'
56:50.813  render           | Saved: '/tmp/clearvla_eval_opaque_66846.png'
56:51.218  render           | Saved: '/tmp/clearvla_eval_opaque_66846.png'
56:51.557  render           | Saved: '/tmp/clearvla_eval_opaque_66846.png'
56:51.951  render           | Saved: '/tmp/clearvla_eval_opaque_66846.png'
56:52.278  render           | Saved: '/tmp/clearvla_eval_opaque_66846.png'
56:52.672  render           | Saved: '/tmp/clearvla_eval_opaque_66846.png'
56:53.011  render           | Saved: '/tmp/clearvla_eval_opaque_66846.png'
56:53.408  render           | Saved: '/tmp/clearvla_eval_opaque_66846.png'
56:53.746  render           | Saved: '/tmp/clearvla_eval_opaque_66846.png'
56:54.141  render           | Saved: '/tmp/clearvla_eval_opaque_66846.png'
56:54.481  render           | Saved: '/tmp/clearvla_eval_opaque_66846.png'
56:54.877  render           | Saved: '/tmp/clearvla_eval_opaque_66846.png'
56:55.215  render           | Saved: '/tmp/clearvla_eval_opaque_66846.png'
56:55.612  render           | Saved: '/tmp/clearvla_eval_opaque_66846.png'
56:55.943  render           | Saved: '/tmp/clearvla_eval_opaque_66846.png'
56:56.324  render           | Saved: '/tmp/clearvla_eval_opaque_66846.png'
56:56.655  render           | Saved: '/tmp/clearvla_eval_opaque_66846.png'
56:57.035  render           | Saved: '/tmp/clearvla_eval_opaque_66846.png'
56:57.361  render           | Saved: '/tmp/clearvla_eval_opaque_66846.png'
56:59.141  render           | Saved: '/tmp/clearvla_eval_opaque_66846.png'
56:59.473  render           | Saved: '/tmp/clearvla_eval_opaque_66846.png'
56:59.890  render           | Saved: '/tmp/clearvla_eval_opaque_66846.png'
57:00.220  render           | Saved: '/tmp/clearvla_eval_opaque_66846.png'
57:00.619  render           | Saved: '/tmp/clearvla_eval_opaque_66846.png'
57:00.940  render           | Saved: '/tmp/clearvla_eval_opaque_66846.png'
57:01.325  render           | Saved: '/tmp/clearvla_eval_opaque_66846.png'
57:01.656  render           | Saved: '/tmp/clearvla_eval_opaque_66846.png'
57:02.035  render           | Saved: '/tmp/clearvla_eval_opaque_66846.png'
57:02.354  render           | Saved: '/tmp/clearvla_eval_opaque_66846.png'
57:02.735  render           | Saved: '/tmp/clearvla_eval_opaque_66846.png'
57:03.061  render           | Saved: '/tmp/clearvla_eval_opaque_66846.png'
57:03.452  render           | Saved: '/tmp/clearvla_eval_opaque_66846.png'
57:03.773  render           | Saved: '/tmp/clearvla_eval_opaque_66846.png'
57:04.159  render           | Saved: '/tmp/clearvla_eval_opaque_66846.png'
57:04.480  render           | Saved: '/tmp/clearvla_eval_opaque_66846.png'
57:04.858  render           | Saved: '/tmp/clearvla_eval_opaque_66846.png'
57:05.182  render           | Saved: '/tmp/clearvla_eval_opaque_66846.png'
57:05.568  render           | Saved: '/tmp/clearvla_eval_opaque_66846.png'
57:05.894  render           | Saved: '/tmp/clearvla_eval_opaque_66846.png'
57:06.274  render           | Saved: '/tmp/clearvla_eval_opaque_66846.png'
57:06.596  render           | Saved: '/tmp/clearvla_eval_opaque_66846.png'
57:06.979  render           | Saved: '/tmp/clearvla_eval_opaque_66846.png'
57:07.301  render           | Saved: '/tmp/clearvla_eval_opaque_66846.png'
57:07.690  render           | Saved: '/tmp/clearvla_eval_opaque_66846.png'
57:08.017  render           | Saved: '/tmp/clearvla_eval_opaque_66846.png'
57:08.406  render           | Saved: '/tmp/clearvla_eval_opaque_66846.png'
57:08.729  render           | Saved: '/tmp/clearvla_eval_opaque_66846.png'
57:09.111  render           | Saved: '/tmp/clearvla_eval_opaque_66846.png'
57:09.432  render           | Saved: '/tmp/clearvla_eval_opaque_66846.png'
57:09.814  render           | Saved: '/tmp/clearvla_eval_opaque_66846.png'
57:10.140  render           | Saved: '/tmp/clearvla_eval_opaque_66846.png'
57:10.518  render           | Saved: '/tmp/clearvla_eval_opaque_66846.png'
57:10.838  render           | Saved: '/tmp/clearvla_eval_opaque_66846.png'
57:11.219  render           | Saved: '/tmp/clearvla_eval_opaque_66846.png'
57:11.547  render           | Saved: '/tmp/clearvla_eval_opaque_66846.png'
57:11.933  render           | Saved: '/tmp/clearvla_eval_opaque_66846.png'
57:12.258  render           | Saved: '/tmp/clearvla_eval_opaque_66846.png'
57:12.635  render           | Saved: '/tmp/clearvla_eval_opaque_66846.png'
57:12.956  render           | Saved: '/tmp/clearvla_eval_opaque_66846.png'
57:13.333  render           | Saved: '/tmp/clearvla_eval_opaque_66846.png'
57:13.657  render           | Saved: '/tmp/clearvla_eval_opaque_66846.png'
57:14.038  render           | Saved: '/tmp/clearvla_eval_opaque_66846.png'
57:14.369  render           | Saved: '/tmp/clearvla_eval_opaque_66846.png'
57:14.752  render           | Saved: '/tmp/clearvla_eval_opaque_66846.png'
57:15.081  render           | Saved: '/tmp/clearvla_eval_opaque_66846.png'
57:15.466  render           | Saved: '/tmp/clearvla_eval_opaque_66846.png'
57:15.796  render           | Saved: '/tmp/clearvla_eval_opaque_66846.png'
57:16.173  render           | Saved: '/tmp/clearvla_eval_opaque_66846.png'
57:16.522  render           | Saved: '/tmp/clearvla_eval_opaque_66846.png'
57:16.909  render           | Saved: '/tmp/clearvla_eval_opaque_66846.png'
57:17.247  render           | Saved: '/tmp/clearvla_eval_opaque_66846.png'
57:17.620  render           | Saved: '/tmp/clearvla_eval_opaque_66846.png'
57:17.986  render           | Saved: '/tmp/clearvla_eval_opaque_66846.png'
57:18.365  render           | Saved: '/tmp/clearvla_eval_opaque_66846.png'
57:18.720  render           | Saved: '/tmp/clearvla_eval_opaque_66846.png'
57:19.115  render           | Saved: '/tmp/clearvla_eval_opaque_66846.png'
57:19.456  render           | Saved: '/tmp/clearvla_eval_opaque_66846.png'
57:19.868  render           | Saved: '/tmp/clearvla_eval_opaque_66846.png'
57:20.201  render           | Saved: '/tmp/clearvla_eval_opaque_66846.png'
57:20.619  render           | Saved: '/tmp/clearvla_eval_opaque_66846.png'
57:20.944  render           | Saved: '/tmp/clearvla_eval_opaque_66846.png'
57:21.374  render           | Saved: '/tmp/clearvla_eval_opaque_66846.png'
57:21.699  render           | Saved: '/tmp/clearvla_eval_opaque_66846.png'
57:22.119  render           | Saved: '/tmp/clearvla_eval_opaque_66846.png'
57:22.439  render           | Saved: '/tmp/clearvla_eval_opaque_66846.png'
57:22.848  render           | Saved: '/tmp/clearvla_eval_opaque_66846.png'
57:23.166  render           | Saved: '/tmp/clearvla_eval_opaque_66846.png'
57:23.561  render           | Saved: '/tmp/clearvla_eval_opaque_66846.png'
57:23.889  render           | Saved: '/tmp/clearvla_eval_opaque_66846.png'
57:24.276  render           | Saved: '/tmp/clearvla_eval_opaque_66846.png'
57:24.600  render           | Saved: '/tmp/clearvla_eval_opaque_66846.png'
57:24.995  render           | Saved: '/tmp/clearvla_eval_opaque_66846.png'
57:25.345  render           | Saved: '/tmp/clearvla_eval_opaque_66846.png'
57:25.723  render           | Saved: '/tmp/clearvla_eval_opaque_66846.png'
57:26.066  render           | Saved: '/tmp/clearvla_eval_opaque_66846.png'
57:27.772  render           | Saved: '/tmp/clearvla_eval_opaque_66846.png'
57:28.080  render           | Saved: '/tmp/clearvla_eval_opaque_66846.png'
57:28.466  render           | Saved: '/tmp/clearvla_eval_opaque_66846.png'
57:28.786  render           | Saved: '/tmp/clearvla_eval_opaque_66846.png'
57:29.179  render           | Saved: '/tmp/clearvla_eval_opaque_66846.png'
57:29.526  render           | Saved: '/tmp/clearvla_eval_opaque_66846.png'
57:29.924  render           | Saved: '/tmp/clearvla_eval_opaque_66846.png'
57:30.256  render           | Saved: '/tmp/clearvla_eval_opaque_66846.png'
57:30.648  render           | Saved: '/tmp/clearvla_eval_opaque_66846.png'
57:30.971  render           | Saved: '/tmp/clearvla_eval_opaque_66846.png'
57:31.351  render           | Saved: '/tmp/clearvla_eval_opaque_66846.png'
57:31.674  render           | Saved: '/tmp/clearvla_eval_opaque_66846.png'
57:32.052  render           | Saved: '/tmp/clearvla_eval_opaque_66846.png'
57:32.372  render           | Saved: '/tmp/clearvla_eval_opaque_66846.png'
57:32.752  render           | Saved: '/tmp/clearvla_eval_opaque_66846.png'
57:33.080  render           | Saved: '/tmp/clearvla_eval_opaque_66846.png'
57:33.458  render           | Saved: '/tmp/clearvla_eval_opaque_66846.png'
57:33.776  render           | Saved: '/tmp/clearvla_eval_opaque_66846.png'
57:34.165  render           | Saved: '/tmp/clearvla_eval_opaque_66846.png'
57:34.514  render           | Saved: '/tmp/clearvla_eval_opaque_66846.png'
57:34.920  render           | Saved: '/tmp/clearvla_eval_opaque_66846.png'
57:35.262  render           | Saved: '/tmp/clearvla_eval_opaque_66846.png'
57:35.672  render           | Saved: '/tmp/clearvla_eval_opaque_66846.png'
57:35.996  render           | Saved: '/tmp/clearvla_eval_opaque_66846.png'
57:36.385  render           | Saved: '/tmp/clearvla_eval_opaque_66846.png'
57:36.708  render           | Saved: '/tmp/clearvla_eval_opaque_66846.png'
57:37.095  render           | Saved: '/tmp/clearvla_eval_opaque_66846.png'
57:37.421  render           | Saved: '/tmp/clearvla_eval_opaque_66846.png'
57:37.812  render           | Saved: '/tmp/clearvla_eval_opaque_66846.png'
57:38.148  render           | Saved: '/tmp/clearvla_eval_opaque_66846.png'
57:38.547  render           | Saved: '/tmp/clearvla_eval_opaque_66846.png'
57:38.875  render           | Saved: '/tmp/clearvla_eval_opaque_66846.png'
57:39.272  render           | Saved: '/tmp/clearvla_eval_opaque_66846.png'
57:39.601  render           | Saved: '/tmp/clearvla_eval_opaque_66846.png'
57:40.005  render           | Saved: '/tmp/clearvla_eval_opaque_66846.png'
57:40.333  render           | Saved: '/tmp/clearvla_eval_opaque_66846.png'
57:40.720  render           | Saved: '/tmp/clearvla_eval_opaque_66846.png'
57:41.040  render           | Saved: '/tmp/clearvla_eval_opaque_66846.png'
57:41.426  render           | Saved: '/tmp/clearvla_eval_opaque_66846.png'
57:41.754  render           | Saved: '/tmp/clearvla_eval_opaque_66846.png'
[full/opaque] pour: 5/60  (57.6 min, 14.4 s/ep)
57:43.573  render           | Saved: '/tmp/clearvla_eval_opaque_66846.png'
57:43.889  render           | Saved: '/tmp/clearvla_eval_opaque_66846.png'
57:44.292  render           | Saved: '/tmp/clearvla_eval_opaque_66846.png'
57:44.625  render           | Saved: '/tmp/clearvla_eval_opaque_66846.png'
57:45.010  render           | Saved: '/tmp/clearvla_eval_opaque_66846.png'
57:45.335  render           | Saved: '/tmp/clearvla_eval_opaque_66846.png'
57:45.712  render           | Saved: '/tmp/clearvla_eval_opaque_66846.png'
57:46.057  render           | Saved: '/tmp/clearvla_eval_opaque_66846.png'
57:46.455  render           | Saved: '/tmp/clearvla_eval_opaque_66846.png'
57:46.783  render           | Saved: '/tmp/clearvla_eval_opaque_66846.png'
57:47.400  render           | Saved: '/tmp/clearvla_eval_opaque_66846.png'
57:47.784  render           | Saved: '/tmp/clearvla_eval_opaque_66846.png'
57:48.252  render           | Saved: '/tmp/clearvla_eval_opaque_66846.png'
57:48.607  render           | Saved: '/tmp/clearvla_eval_opaque_66846.png'
57:49.008  render           | Saved: '/tmp/clearvla_eval_opaque_66846.png'
57:49.349  render           | Saved: '/tmp/clearvla_eval_opaque_66846.png'
57:49.771  render           | Saved: '/tmp/clearvla_eval_opaque_66846.png'
57:50.123  render           | Saved: '/tmp/clearvla_eval_opaque_66846.png'
57:50.522  render           | Saved: '/tmp/clearvla_eval_opaque_66846.png'
57:50.883  render           | Saved: '/tmp/clearvla_eval_opaque_66846.png'
57:51.305  render           | Saved: '/tmp/clearvla_eval_opaque_66846.png'
57:51.658  render           | Saved: '/tmp/clearvla_eval_opaque_66846.png'
57:52.102  render           | Saved: '/tmp/clearvla_eval_opaque_66846.png'
57:52.462  render           | Saved: '/tmp/clearvla_eval_opaque_66846.png'
57:52.914  render           | Saved: '/tmp/clearvla_eval_opaque_66846.png'
57:53.274  render           | Saved: '/tmp/clearvla_eval_opaque_66846.png'
57:53.694  render           | Saved: '/tmp/clearvla_eval_opaque_66846.png'
57:54.044  render           | Saved: '/tmp/clearvla_eval_opaque_66846.png'
57:54.440  render           | Saved: '/tmp/clearvla_eval_opaque_66846.png'
57:54.769  render           | Saved: '/tmp/clearvla_eval_opaque_66846.png'
57:55.166  render           | Saved: '/tmp/clearvla_eval_opaque_66846.png'
57:55.509  render           | Saved: '/tmp/clearvla_eval_opaque_66846.png'
57:55.912  render           | Saved: '/tmp/clearvla_eval_opaque_66846.png'
57:56.241  render           | Saved: '/tmp/clearvla_eval_opaque_66846.png'
57:56.649  render           | Saved: '/tmp/clearvla_eval_opaque_66846.png'
57:56.975  render           | Saved: '/tmp/clearvla_eval_opaque_66846.png'
57:57.385  render           | Saved: '/tmp/clearvla_eval_opaque_66846.png'
57:57.721  render           | Saved: '/tmp/clearvla_eval_opaque_66846.png'
57:58.122  render           | Saved: '/tmp/clearvla_eval_opaque_66846.png'
57:58.456  render           | Saved: '/tmp/clearvla_eval_opaque_66846.png'
57:58.865  render           | Saved: '/tmp/clearvla_eval_opaque_66846.png'
57:59.200  render           | Saved: '/tmp/clearvla_eval_opaque_66846.png'
57:59.604  render           | Saved: '/tmp/clearvla_eval_opaque_66846.png'
57:59.934  render           | Saved: '/tmp/clearvla_eval_opaque_66846.png'
58:02.015  render           | Saved: '/tmp/clearvla_eval_opaque_66846.png'
58:02.361  render           | Saved: '/tmp/clearvla_eval_opaque_66846.png'
58:02.811  render           | Saved: '/tmp/clearvla_eval_opaque_66846.png'
58:03.131  render           | Saved: '/tmp/clearvla_eval_opaque_66846.png'
58:03.516  render           | Saved: '/tmp/clearvla_eval_opaque_66846.png'
58:03.861  render           | Saved: '/tmp/clearvla_eval_opaque_66846.png'
58:04.297  render           | Saved: '/tmp/clearvla_eval_opaque_66846.png'
58:04.656  render           | Saved: '/tmp/clearvla_eval_opaque_66846.png'
58:05.064  render           | Saved: '/tmp/clearvla_eval_opaque_66846.png'
58:05.430  render           | Saved: '/tmp/clearvla_eval_opaque_66846.png'
58:05.838  render           | Saved: '/tmp/clearvla_eval_opaque_66846.png'
58:06.188  render           | Saved: '/tmp/clearvla_eval_opaque_66846.png'
58:06.596  render           | Saved: '/tmp/clearvla_eval_opaque_66846.png'
58:06.938  render           | Saved: '/tmp/clearvla_eval_opaque_66846.png'
58:07.349  render           | Saved: '/tmp/clearvla_eval_opaque_66846.png'
58:07.700  render           | Saved: '/tmp/clearvla_eval_opaque_66846.png'
58:08.116  render           | Saved: '/tmp/clearvla_eval_opaque_66846.png'
58:08.462  render           | Saved: '/tmp/clearvla_eval_opaque_66846.png'
58:08.882  render           | Saved: '/tmp/clearvla_eval_opaque_66846.png'
58:09.241  render           | Saved: '/tmp/clearvla_eval_opaque_66846.png'
58:09.664  render           | Saved: '/tmp/clearvla_eval_opaque_66846.png'
58:09.995  render           | Saved: '/tmp/clearvla_eval_opaque_66846.png'
58:10.384  render           | Saved: '/tmp/clearvla_eval_opaque_66846.png'
58:10.723  render           | Saved: '/tmp/clearvla_eval_opaque_66846.png'
58:11.119  render           | Saved: '/tmp/clearvla_eval_opaque_66846.png'
58:11.468  render           | Saved: '/tmp/clearvla_eval_opaque_66846.png'
58:11.860  render           | Saved: '/tmp/clearvla_eval_opaque_66846.png'
58:12.193  render           | Saved: '/tmp/clearvla_eval_opaque_66846.png'
58:12.589  render           | Saved: '/tmp/clearvla_eval_opaque_66846.png'
58:12.925  render           | Saved: '/tmp/clearvla_eval_opaque_66846.png'
58:13.321  render           | Saved: '/tmp/clearvla_eval_opaque_66846.png'
58:13.678  render           | Saved: '/tmp/clearvla_eval_opaque_66846.png'
58:14.094  render           | Saved: '/tmp/clearvla_eval_opaque_66846.png'
58:14.447  render           | Saved: '/tmp/clearvla_eval_opaque_66846.png'
58:14.843  render           | Saved: '/tmp/clearvla_eval_opaque_66846.png'
58:15.179  render           | Saved: '/tmp/clearvla_eval_opaque_66846.png'
58:15.571  render           | Saved: '/tmp/clearvla_eval_opaque_66846.png'
58:15.901  render           | Saved: '/tmp/clearvla_eval_opaque_66846.png'
58:16.283  render           | Saved: '/tmp/clearvla_eval_opaque_66846.png'
58:16.611  render           | Saved: '/tmp/clearvla_eval_opaque_66846.png'
58:16.999  render           | Saved: '/tmp/clearvla_eval_opaque_66846.png'
58:17.374  render           | Saved: '/tmp/clearvla_eval_opaque_66846.png'
58:17.755  render           | Saved: '/tmp/clearvla_eval_opaque_66846.png'
58:18.114  render           | Saved: '/tmp/clearvla_eval_opaque_66846.png'
58:18.520  render           | Saved: '/tmp/clearvla_eval_opaque_66846.png'
58:18.862  render           | Saved: '/tmp/clearvla_eval_opaque_66846.png'
58:19.243  render           | Saved: '/tmp/clearvla_eval_opaque_66846.png'
58:19.615  render           | Saved: '/tmp/clearvla_eval_opaque_66846.png'
58:19.999  render           | Saved: '/tmp/clearvla_eval_opaque_66846.png'
58:20.384  render           | Saved: '/tmp/clearvla_eval_opaque_66846.png'
58:20.776  render           | Saved: '/tmp/clearvla_eval_opaque_66846.png'
58:21.116  render           | Saved: '/tmp/clearvla_eval_opaque_66846.png'
58:21.547  render           | Saved: '/tmp/clearvla_eval_opaque_66846.png'
58:21.880  render           | Saved: '/tmp/clearvla_eval_opaque_66846.png'
58:22.330  render           | Saved: '/tmp/clearvla_eval_opaque_66846.png'
58:22.663  render           | Saved: '/tmp/clearvla_eval_opaque_66846.png'
58:23.089  render           | Saved: '/tmp/clearvla_eval_opaque_66846.png'
58:23.414  render           | Saved: '/tmp/clearvla_eval_opaque_66846.png'
58:23.848  render           | Saved: '/tmp/clearvla_eval_opaque_66846.png'
58:24.191  render           | Saved: '/tmp/clearvla_eval_opaque_66846.png'
58:24.627  render           | Saved: '/tmp/clearvla_eval_opaque_66846.png'
58:24.955  render           | Saved: '/tmp/clearvla_eval_opaque_66846.png'
58:25.379  render           | Saved: '/tmp/clearvla_eval_opaque_66846.png'
58:25.718  render           | Saved: '/tmp/clearvla_eval_opaque_66846.png'
58:26.111  render           | Saved: '/tmp/clearvla_eval_opaque_66846.png'
58:26.447  render           | Saved: '/tmp/clearvla_eval_opaque_66846.png'
58:26.856  render           | Saved: '/tmp/clearvla_eval_opaque_66846.png'
58:27.188  render           | Saved: '/tmp/clearvla_eval_opaque_66846.png'
58:27.585  render           | Saved: '/tmp/clearvla_eval_opaque_66846.png'
58:27.922  render           | Saved: '/tmp/clearvla_eval_opaque_66846.png'
58:28.321  render           | Saved: '/tmp/clearvla_eval_opaque_66846.png'
58:28.651  render           | Saved: '/tmp/clearvla_eval_opaque_66846.png'
58:29.056  render           | Saved: '/tmp/clearvla_eval_opaque_66846.png'
58:29.393  render           | Saved: '/tmp/clearvla_eval_opaque_66846.png'
58:29.820  render           | Saved: '/tmp/clearvla_eval_opaque_66846.png'
58:30.161  render           | Saved: '/tmp/clearvla_eval_opaque_66846.png'
58:32.135  render           | Saved: '/tmp/clearvla_eval_opaque_66846.png'
58:32.486  render           | Saved: '/tmp/clearvla_eval_opaque_66846.png'
58:32.923  render           | Saved: '/tmp/clearvla_eval_opaque_66846.png'
58:33.252  render           | Saved: '/tmp/clearvla_eval_opaque_66846.png'
58:33.679  render           | Saved: '/tmp/clearvla_eval_opaque_66846.png'
58:34.004  render           | Saved: '/tmp/clearvla_eval_opaque_66846.png'
58:34.448  render           | Saved: '/tmp/clearvla_eval_opaque_66846.png'
58:34.764  render           | Saved: '/tmp/clearvla_eval_opaque_66846.png'
58:35.183  render           | Saved: '/tmp/clearvla_eval_opaque_66846.png'
58:35.504  render           | Saved: '/tmp/clearvla_eval_opaque_66846.png'
58:35.899  render           | Saved: '/tmp/clearvla_eval_opaque_66846.png'
58:36.232  render           | Saved: '/tmp/clearvla_eval_opaque_66846.png'
58:36.633  render           | Saved: '/tmp/clearvla_eval_opaque_66846.png'
58:36.965  render           | Saved: '/tmp/clearvla_eval_opaque_66846.png'
58:37.370  render           | Saved: '/tmp/clearvla_eval_opaque_66846.png'
58:37.701  render           | Saved: '/tmp/clearvla_eval_opaque_66846.png'
58:38.121  render           | Saved: '/tmp/clearvla_eval_opaque_66846.png'
58:38.442  render           | Saved: '/tmp/clearvla_eval_opaque_66846.png'
58:38.845  render           | Saved: '/tmp/clearvla_eval_opaque_66846.png'
58:39.172  render           | Saved: '/tmp/clearvla_eval_opaque_66846.png'
58:39.577  render           | Saved: '/tmp/clearvla_eval_opaque_66846.png'
58:39.910  render           | Saved: '/tmp/clearvla_eval_opaque_66846.png'
58:40.294  render           | Saved: '/tmp/clearvla_eval_opaque_66846.png'
58:40.626  render           | Saved: '/tmp/clearvla_eval_opaque_66846.png'
58:41.026  render           | Saved: '/tmp/clearvla_eval_opaque_66846.png'
58:41.357  render           | Saved: '/tmp/clearvla_eval_opaque_66846.png'
58:41.748  render           | Saved: '/tmp/clearvla_eval_opaque_66846.png'
58:42.095  render           | Saved: '/tmp/clearvla_eval_opaque_66846.png'
58:42.477  render           | Saved: '/tmp/clearvla_eval_opaque_66846.png'
58:42.800  render           | Saved: '/tmp/clearvla_eval_opaque_66846.png'
58:43.194  render           | Saved: '/tmp/clearvla_eval_opaque_66846.png'
58:43.523  render           | Saved: '/tmp/clearvla_eval_opaque_66846.png'
58:43.913  render           | Saved: '/tmp/clearvla_eval_opaque_66846.png'
58:44.242  render           | Saved: '/tmp/clearvla_eval_opaque_66846.png'
58:44.635  render           | Saved: '/tmp/clearvla_eval_opaque_66846.png'
58:44.985  render           | Saved: '/tmp/clearvla_eval_opaque_66846.png'
58:45.381  render           | Saved: '/tmp/clearvla_eval_opaque_66846.png'
58:45.704  render           | Saved: '/tmp/clearvla_eval_opaque_66846.png'
58:46.093  render           | Saved: '/tmp/clearvla_eval_opaque_66846.png'
58:46.418  render           | Saved: '/tmp/clearvla_eval_opaque_66846.png'
58:46.807  render           | Saved: '/tmp/clearvla_eval_opaque_66846.png'
58:47.135  render           | Saved: '/tmp/clearvla_eval_opaque_66846.png'
58:47.586  render           | Saved: '/tmp/clearvla_eval_opaque_66846.png'
58:47.911  render           | Saved: '/tmp/clearvla_eval_opaque_66846.png'
58:48.304  render           | Saved: '/tmp/clearvla_eval_opaque_66846.png'
58:48.636  render           | Saved: '/tmp/clearvla_eval_opaque_66846.png'
58:49.030  render           | Saved: '/tmp/clearvla_eval_opaque_66846.png'
58:49.371  render           | Saved: '/tmp/clearvla_eval_opaque_66846.png'
58:49.769  render           | Saved: '/tmp/clearvla_eval_opaque_66846.png'
58:50.099  render           | Saved: '/tmp/clearvla_eval_opaque_66846.png'
58:50.484  render           | Saved: '/tmp/clearvla_eval_opaque_66846.png'
58:50.808  render           | Saved: '/tmp/clearvla_eval_opaque_66846.png'
58:51.186  render           | Saved: '/tmp/clearvla_eval_opaque_66846.png'
58:51.507  render           | Saved: '/tmp/clearvla_eval_opaque_66846.png'
58:51.890  render           | Saved: '/tmp/clearvla_eval_opaque_66846.png'
58:52.208  render           | Saved: '/tmp/clearvla_eval_opaque_66846.png'
58:52.588  render           | Saved: '/tmp/clearvla_eval_opaque_66846.png'
58:52.912  render           | Saved: '/tmp/clearvla_eval_opaque_66846.png'
58:53.294  render           | Saved: '/tmp/clearvla_eval_opaque_66846.png'
58:53.620  render           | Saved: '/tmp/clearvla_eval_opaque_66846.png'
58:54.001  render           | Saved: '/tmp/clearvla_eval_opaque_66846.png'
58:54.321  render           | Saved: '/tmp/clearvla_eval_opaque_66846.png'
58:54.705  render           | Saved: '/tmp/clearvla_eval_opaque_66846.png'
58:55.030  render           | Saved: '/tmp/clearvla_eval_opaque_66846.png'
58:55.418  render           | Saved: '/tmp/clearvla_eval_opaque_66846.png'
58:55.743  render           | Saved: '/tmp/clearvla_eval_opaque_66846.png'
58:56.128  render           | Saved: '/tmp/clearvla_eval_opaque_66846.png'
58:56.450  render           | Saved: '/tmp/clearvla_eval_opaque_66846.png'
58:56.829  render           | Saved: '/tmp/clearvla_eval_opaque_66846.png'
58:57.148  render           | Saved: '/tmp/clearvla_eval_opaque_66846.png'
58:57.531  render           | Saved: '/tmp/clearvla_eval_opaque_66846.png'
58:57.852  render           | Saved: '/tmp/clearvla_eval_opaque_66846.png'
58:58.236  render           | Saved: '/tmp/clearvla_eval_opaque_66846.png'
58:58.558  render           | Saved: '/tmp/clearvla_eval_opaque_66846.png'
58:58.935  render           | Saved: '/tmp/clearvla_eval_opaque_66846.png'
58:59.260  render           | Saved: '/tmp/clearvla_eval_opaque_66846.png'
59:01.064  render           | Saved: '/tmp/clearvla_eval_opaque_66846.png'
59:01.377  render           | Saved: '/tmp/clearvla_eval_opaque_66846.png'
59:01.766  render           | Saved: '/tmp/clearvla_eval_opaque_66846.png'
59:02.076  render           | Saved: '/tmp/clearvla_eval_opaque_66846.png'
59:02.442  render           | Saved: '/tmp/clearvla_eval_opaque_66846.png'
59:02.766  render           | Saved: '/tmp/clearvla_eval_opaque_66846.png'
59:03.175  render           | Saved: '/tmp/clearvla_eval_opaque_66846.png'
59:03.491  render           | Saved: '/tmp/clearvla_eval_opaque_66846.png'
59:03.923  render           | Saved: '/tmp/clearvla_eval_opaque_66846.png'
59:04.250  render           | Saved: '/tmp/clearvla_eval_opaque_66846.png'
59:04.685  render           | Saved: '/tmp/clearvla_eval_opaque_66846.png'
59:05.002  render           | Saved: '/tmp/clearvla_eval_opaque_66846.png'
59:05.398  render           | Saved: '/tmp/clearvla_eval_opaque_66846.png'
59:05.726  render           | Saved: '/tmp/clearvla_eval_opaque_66846.png'
59:06.119  render           | Saved: '/tmp/clearvla_eval_opaque_66846.png'
59:06.458  render           | Saved: '/tmp/clearvla_eval_opaque_66846.png'
59:06.857  render           | Saved: '/tmp/clearvla_eval_opaque_66846.png'
59:07.181  render           | Saved: '/tmp/clearvla_eval_opaque_66846.png'
59:07.586  render           | Saved: '/tmp/clearvla_eval_opaque_66846.png'
59:07.909  render           | Saved: '/tmp/clearvla_eval_opaque_66846.png'
59:08.304  render           | Saved: '/tmp/clearvla_eval_opaque_66846.png'
59:08.630  render           | Saved: '/tmp/clearvla_eval_opaque_66846.png'
59:09.023  render           | Saved: '/tmp/clearvla_eval_opaque_66846.png'
59:09.351  render           | Saved: '/tmp/clearvla_eval_opaque_66846.png'
59:09.742  render           | Saved: '/tmp/clearvla_eval_opaque_66846.png'
59:10.069  render           | Saved: '/tmp/clearvla_eval_opaque_66846.png'
59:10.464  render           | Saved: '/tmp/clearvla_eval_opaque_66846.png'
59:10.801  render           | Saved: '/tmp/clearvla_eval_opaque_66846.png'
59:11.201  render           | Saved: '/tmp/clearvla_eval_opaque_66846.png'
59:11.528  render           | Saved: '/tmp/clearvla_eval_opaque_66846.png'
59:11.935  render           | Saved: '/tmp/clearvla_eval_opaque_66846.png'
59:12.265  render           | Saved: '/tmp/clearvla_eval_opaque_66846.png'
59:12.646  render           | Saved: '/tmp/clearvla_eval_opaque_66846.png'
59:12.995  render           | Saved: '/tmp/clearvla_eval_opaque_66846.png'
59:13.376  render           | Saved: '/tmp/clearvla_eval_opaque_66846.png'
59:13.690  render           | Saved: '/tmp/clearvla_eval_opaque_66846.png'
59:14.068  render           | Saved: '/tmp/clearvla_eval_opaque_66846.png'
59:14.402  render           | Saved: '/tmp/clearvla_eval_opaque_66846.png'
59:14.800  render           | Saved: '/tmp/clearvla_eval_opaque_66846.png'
59:15.131  render           | Saved: '/tmp/clearvla_eval_opaque_66846.png'
59:15.526  render           | Saved: '/tmp/clearvla_eval_opaque_66846.png'
59:15.850  render           | Saved: '/tmp/clearvla_eval_opaque_66846.png'
59:16.241  render           | Saved: '/tmp/clearvla_eval_opaque_66846.png'
59:16.566  render           | Saved: '/tmp/clearvla_eval_opaque_66846.png'
59:16.971  render           | Saved: '/tmp/clearvla_eval_opaque_66846.png'
59:17.303  render           | Saved: '/tmp/clearvla_eval_opaque_66846.png'
59:17.696  render           | Saved: '/tmp/clearvla_eval_opaque_66846.png'
59:18.020  render           | Saved: '/tmp/clearvla_eval_opaque_66846.png'
59:18.440  render           | Saved: '/tmp/clearvla_eval_opaque_66846.png'
59:18.774  render           | Saved: '/tmp/clearvla_eval_opaque_66846.png'
59:19.172  render           | Saved: '/tmp/clearvla_eval_opaque_66846.png'
59:19.488  render           | Saved: '/tmp/clearvla_eval_opaque_66846.png'
59:19.874  render           | Saved: '/tmp/clearvla_eval_opaque_66846.png'
59:20.195  render           | Saved: '/tmp/clearvla_eval_opaque_66846.png'
59:20.581  render           | Saved: '/tmp/clearvla_eval_opaque_66846.png'
59:20.891  render           | Saved: '/tmp/clearvla_eval_opaque_66846.png'
59:21.276  render           | Saved: '/tmp/clearvla_eval_opaque_66846.png'
59:21.588  render           | Saved: '/tmp/clearvla_eval_opaque_66846.png'
59:21.975  render           | Saved: '/tmp/clearvla_eval_opaque_66846.png'
59:22.297  render           | Saved: '/tmp/clearvla_eval_opaque_66846.png'
59:22.683  render           | Saved: '/tmp/clearvla_eval_opaque_66846.png'
59:22.998  render           | Saved: '/tmp/clearvla_eval_opaque_66846.png'
59:23.380  render           | Saved: '/tmp/clearvla_eval_opaque_66846.png'
59:23.696  render           | Saved: '/tmp/clearvla_eval_opaque_66846.png'
59:24.068  render           | Saved: '/tmp/clearvla_eval_opaque_66846.png'
59:24.384  render           | Saved: '/tmp/clearvla_eval_opaque_66846.png'
59:24.768  render           | Saved: '/tmp/clearvla_eval_opaque_66846.png'
59:25.082  render           | Saved: '/tmp/clearvla_eval_opaque_66846.png'
59:25.463  render           | Saved: '/tmp/clearvla_eval_opaque_66846.png'
59:25.781  render           | Saved: '/tmp/clearvla_eval_opaque_66846.png'
59:26.164  render           | Saved: '/tmp/clearvla_eval_opaque_66846.png'
59:26.471  render           | Saved: '/tmp/clearvla_eval_opaque_66846.png'
59:26.854  render           | Saved: '/tmp/clearvla_eval_opaque_66846.png'
59:27.179  render           | Saved: '/tmp/clearvla_eval_opaque_66846.png'
59:27.564  render           | Saved: '/tmp/clearvla_eval_opaque_66846.png'
59:27.880  render           | Saved: '/tmp/clearvla_eval_opaque_66846.png'
59:29.751  render           | Saved: '/tmp/clearvla_eval_opaque_66846.png'
59:30.072  render           | Saved: '/tmp/clearvla_eval_opaque_66846.png'
59:30.482  render           | Saved: '/tmp/clearvla_eval_opaque_66846.png'
59:30.805  render           | Saved: '/tmp/clearvla_eval_opaque_66846.png'
59:31.193  render           | Saved: '/tmp/clearvla_eval_opaque_66846.png'
59:31.525  render           | Saved: '/tmp/clearvla_eval_opaque_66846.png'
59:31.903  render           | Saved: '/tmp/clearvla_eval_opaque_66846.png'
59:32.227  render           | Saved: '/tmp/clearvla_eval_opaque_66846.png'
59:32.610  render           | Saved: '/tmp/clearvla_eval_opaque_66846.png'
59:32.949  render           | Saved: '/tmp/clearvla_eval_opaque_66846.png'
59:33.341  render           | Saved: '/tmp/clearvla_eval_opaque_66846.png'
59:33.682  render           | Saved: '/tmp/clearvla_eval_opaque_66846.png'
59:34.075  render           | Saved: '/tmp/clearvla_eval_opaque_66846.png'
59:34.399  render           | Saved: '/tmp/clearvla_eval_opaque_66846.png'
59:34.782  render           | Saved: '/tmp/clearvla_eval_opaque_66846.png'
59:35.107  render           | Saved: '/tmp/clearvla_eval_opaque_66846.png'
59:35.490  render           | Saved: '/tmp/clearvla_eval_opaque_66846.png'
59:35.825  render           | Saved: '/tmp/clearvla_eval_opaque_66846.png'
59:36.212  render           | Saved: '/tmp/clearvla_eval_opaque_66846.png'
59:36.546  render           | Saved: '/tmp/clearvla_eval_opaque_66846.png'
59:36.927  render           | Saved: '/tmp/clearvla_eval_opaque_66846.png'
59:37.255  render           | Saved: '/tmp/clearvla_eval_opaque_66846.png'
59:37.636  render           | Saved: '/tmp/clearvla_eval_opaque_66846.png'
59:37.969  render           | Saved: '/tmp/clearvla_eval_opaque_66846.png'
59:38.365  render           | Saved: '/tmp/clearvla_eval_opaque_66846.png'
59:38.701  render           | Saved: '/tmp/clearvla_eval_opaque_66846.png'
59:39.093  render           | Saved: '/tmp/clearvla_eval_opaque_66846.png'
59:39.434  render           | Saved: '/tmp/clearvla_eval_opaque_66846.png'
59:39.816  render           | Saved: '/tmp/clearvla_eval_opaque_66846.png'
59:40.151  render           | Saved: '/tmp/clearvla_eval_opaque_66846.png'
59:40.536  render           | Saved: '/tmp/clearvla_eval_opaque_66846.png'
59:40.862  render           | Saved: '/tmp/clearvla_eval_opaque_66846.png'
59:41.263  render           | Saved: '/tmp/clearvla_eval_opaque_66846.png'
59:41.595  render           | Saved: '/tmp/clearvla_eval_opaque_66846.png'
59:41.990  render           | Saved: '/tmp/clearvla_eval_opaque_66846.png'
59:42.327  render           | Saved: '/tmp/clearvla_eval_opaque_66846.png'
59:42.729  render           | Saved: '/tmp/clearvla_eval_opaque_66846.png'
59:43.066  render           | Saved: '/tmp/clearvla_eval_opaque_66846.png'
59:43.450  render           | Saved: '/tmp/clearvla_eval_opaque_66846.png'
59:43.773  render           | Saved: '/tmp/clearvla_eval_opaque_66846.png'
59:44.169  render           | Saved: '/tmp/clearvla_eval_opaque_66846.png'
59:44.499  render           | Saved: '/tmp/clearvla_eval_opaque_66846.png'
59:44.889  render           | Saved: '/tmp/clearvla_eval_opaque_66846.png'
59:45.210  render           | Saved: '/tmp/clearvla_eval_opaque_66846.png'
59:45.588  render           | Saved: '/tmp/clearvla_eval_opaque_66846.png'
59:45.927  render           | Saved: '/tmp/clearvla_eval_opaque_66846.png'
59:46.358  render           | Saved: '/tmp/clearvla_eval_opaque_66846.png'
59:46.711  render           | Saved: '/tmp/clearvla_eval_opaque_66846.png'
59:47.112  render           | Saved: '/tmp/clearvla_eval_opaque_66846.png'
59:47.445  render           | Saved: '/tmp/clearvla_eval_opaque_66846.png'
59:47.833  render           | Saved: '/tmp/clearvla_eval_opaque_66846.png'
59:48.163  render           | Saved: '/tmp/clearvla_eval_opaque_66846.png'
59:48.561  render           | Saved: '/tmp/clearvla_eval_opaque_66846.png'
59:48.891  render           | Saved: '/tmp/clearvla_eval_opaque_66846.png'
59:49.282  render           | Saved: '/tmp/clearvla_eval_opaque_66846.png'
59:49.619  render           | Saved: '/tmp/clearvla_eval_opaque_66846.png'
59:50.024  render           | Saved: '/tmp/clearvla_eval_opaque_66846.png'
59:50.356  render           | Saved: '/tmp/clearvla_eval_opaque_66846.png'
59:50.766  render           | Saved: '/tmp/clearvla_eval_opaque_66846.png'
59:51.095  render           | Saved: '/tmp/clearvla_eval_opaque_66846.png'
59:51.494  render           | Saved: '/tmp/clearvla_eval_opaque_66846.png'
59:51.826  render           | Saved: '/tmp/clearvla_eval_opaque_66846.png'
59:52.222  render           | Saved: '/tmp/clearvla_eval_opaque_66846.png'
59:52.556  render           | Saved: '/tmp/clearvla_eval_opaque_66846.png'
59:52.954  render           | Saved: '/tmp/clearvla_eval_opaque_66846.png'
59:53.289  render           | Saved: '/tmp/clearvla_eval_opaque_66846.png'
59:53.693  render           | Saved: '/tmp/clearvla_eval_opaque_66846.png'
59:54.019  render           | Saved: '/tmp/clearvla_eval_opaque_66846.png'
59:54.413  render           | Saved: '/tmp/clearvla_eval_opaque_66846.png'
59:54.731  render           | Saved: '/tmp/clearvla_eval_opaque_66846.png'
59:55.116  render           | Saved: '/tmp/clearvla_eval_opaque_66846.png'
59:55.431  render           | Saved: '/tmp/clearvla_eval_opaque_66846.png'
59:55.825  render           | Saved: '/tmp/clearvla_eval_opaque_66846.png'
59:56.137  render           | Saved: '/tmp/clearvla_eval_opaque_66846.png'
59:56.535  render           | Saved: '/tmp/clearvla_eval_opaque_66846.png'
59:56.847  render           | Saved: '/tmp/clearvla_eval_opaque_66846.png'
59:58.742  render           | Saved: '/tmp/clearvla_eval_opaque_66846.png'
59:59.053  render           | Saved: '/tmp/clearvla_eval_opaque_66846.png'
59:59.477  render           | Saved: '/tmp/clearvla_eval_opaque_66846.png'
59:59.789  render           | Saved: '/tmp/clearvla_eval_opaque_66846.png'
01:00:00.183  render           | Saved: '/tmp/clearvla_eval_opaque_66846.png'
01:00:00.500  render           | Saved: '/tmp/clearvla_eval_opaque_66846.png'
01:00:00.886  render           | Saved: '/tmp/clearvla_eval_opaque_66846.png'
01:00:01.201  render           | Saved: '/tmp/clearvla_eval_opaque_66846.png'
01:00:01.590  render           | Saved: '/tmp/clearvla_eval_opaque_66846.png'
01:00:01.901  render           | Saved: '/tmp/clearvla_eval_opaque_66846.png'
01:00:02.293  render           | Saved: '/tmp/clearvla_eval_opaque_66846.png'
01:00:02.605  render           | Saved: '/tmp/clearvla_eval_opaque_66846.png'
01:00:02.992  render           | Saved: '/tmp/clearvla_eval_opaque_66846.png'
01:00:03.307  render           | Saved: '/tmp/clearvla_eval_opaque_66846.png'
01:00:03.692  render           | Saved: '/tmp/clearvla_eval_opaque_66846.png'
01:00:04.004  render           | Saved: '/tmp/clearvla_eval_opaque_66846.png'
01:00:04.399  render           | Saved: '/tmp/clearvla_eval_opaque_66846.png'
01:00:04.715  render           | Saved: '/tmp/clearvla_eval_opaque_66846.png'
01:00:05.098  render           | Saved: '/tmp/clearvla_eval_opaque_66846.png'
01:00:05.411  render           | Saved: '/tmp/clearvla_eval_opaque_66846.png'
01:00:05.802  render           | Saved: '/tmp/clearvla_eval_opaque_66846.png'
01:00:06.122  render           | Saved: '/tmp/clearvla_eval_opaque_66846.png'
01:00:06.512  render           | Saved: '/tmp/clearvla_eval_opaque_66846.png'
01:00:06.835  render           | Saved: '/tmp/clearvla_eval_opaque_66846.png'
01:00:07.226  render           | Saved: '/tmp/clearvla_eval_opaque_66846.png'
01:00:07.555  render           | Saved: '/tmp/clearvla_eval_opaque_66846.png'
01:00:07.940  render           | Saved: '/tmp/clearvla_eval_opaque_66846.png'
01:00:08.283  render           | Saved: '/tmp/clearvla_eval_opaque_66846.png'
01:00:08.672  render           | Saved: '/tmp/clearvla_eval_opaque_66846.png'
01:00:08.996  render           | Saved: '/tmp/clearvla_eval_opaque_66846.png'
01:00:09.389  render           | Saved: '/tmp/clearvla_eval_opaque_66846.png'
01:00:09.734  render           | Saved: '/tmp/clearvla_eval_opaque_66846.png'
01:00:10.139  render           | Saved: '/tmp/clearvla_eval_opaque_66846.png'
01:00:10.468  render           | Saved: '/tmp/clearvla_eval_opaque_66846.png'
01:00:10.870  render           | Saved: '/tmp/clearvla_eval_opaque_66846.png'
01:00:11.198  render           | Saved: '/tmp/clearvla_eval_opaque_66846.png'
01:00:11.598  render           | Saved: '/tmp/clearvla_eval_opaque_66846.png'
01:00:11.923  render           | Saved: '/tmp/clearvla_eval_opaque_66846.png'
01:00:12.344  render           | Saved: '/tmp/clearvla_eval_opaque_66846.png'
01:00:12.661  render           | Saved: '/tmp/clearvla_eval_opaque_66846.png'
01:00:13.081  render           | Saved: '/tmp/clearvla_eval_opaque_66846.png'
01:00:13.410  render           | Saved: '/tmp/clearvla_eval_opaque_66846.png'
01:00:13.795  render           | Saved: '/tmp/clearvla_eval_opaque_66846.png'
01:00:14.122  render           | Saved: '/tmp/clearvla_eval_opaque_66846.png'
01:00:14.507  render           | Saved: '/tmp/clearvla_eval_opaque_66846.png'
01:00:14.828  render           | Saved: '/tmp/clearvla_eval_opaque_66846.png'
01:00:15.254  render           | Saved: '/tmp/clearvla_eval_opaque_66846.png'
01:00:15.601  render           | Saved: '/tmp/clearvla_eval_opaque_66846.png'
01:00:16.027  render           | Saved: '/tmp/clearvla_eval_opaque_66846.png'
01:00:16.361  render           | Saved: '/tmp/clearvla_eval_opaque_66846.png'
01:00:16.745  render           | Saved: '/tmp/clearvla_eval_opaque_66846.png'
01:00:17.074  render           | Saved: '/tmp/clearvla_eval_opaque_66846.png'
01:00:17.468  render           | Saved: '/tmp/clearvla_eval_opaque_66846.png'
01:00:17.798  render           | Saved: '/tmp/clearvla_eval_opaque_66846.png'
01:00:18.178  render           | Saved: '/tmp/clearvla_eval_opaque_66846.png'
01:00:18.521  render           | Saved: '/tmp/clearvla_eval_opaque_66846.png'
01:00:18.952  render           | Saved: '/tmp/clearvla_eval_opaque_66846.png'
01:00:19.308  render           | Saved: '/tmp/clearvla_eval_opaque_66846.png'
01:00:19.736  render           | Saved: '/tmp/clearvla_eval_opaque_66846.png'
01:00:20.070  render           | Saved: '/tmp/clearvla_eval_opaque_66846.png'
01:00:20.463  render           | Saved: '/tmp/clearvla_eval_opaque_66846.png'
01:00:20.800  render           | Saved: '/tmp/clearvla_eval_opaque_66846.png'
01:00:21.200  render           | Saved: '/tmp/clearvla_eval_opaque_66846.png'
01:00:21.544  render           | Saved: '/tmp/clearvla_eval_opaque_66846.png'
01:00:21.952  render           | Saved: '/tmp/clearvla_eval_opaque_66846.png'
01:00:22.318  render           | Saved: '/tmp/clearvla_eval_opaque_66846.png'
01:00:22.746  render           | Saved: '/tmp/clearvla_eval_opaque_66846.png'
01:00:23.108  render           | Saved: '/tmp/clearvla_eval_opaque_66846.png'
01:00:23.523  render           | Saved: '/tmp/clearvla_eval_opaque_66846.png'
01:00:23.909  render           | Saved: '/tmp/clearvla_eval_opaque_66846.png'
01:00:24.324  render           | Saved: '/tmp/clearvla_eval_opaque_66846.png'
01:00:24.670  render           | Saved: '/tmp/clearvla_eval_opaque_66846.png'
01:00:25.066  render           | Saved: '/tmp/clearvla_eval_opaque_66846.png'
01:00:25.400  render           | Saved: '/tmp/clearvla_eval_opaque_66846.png'
01:00:25.812  render           | Saved: '/tmp/clearvla_eval_opaque_66846.png'
01:00:26.143  render           | Saved: '/tmp/clearvla_eval_opaque_66846.png'
01:00:28.248  render           | Saved: '/tmp/clearvla_eval_opaque_66846.png'
01:00:28.558  render           | Saved: '/tmp/clearvla_eval_opaque_66846.png'
01:00:29.043  render           | Saved: '/tmp/clearvla_eval_opaque_66846.png'
01:00:29.359  render           | Saved: '/tmp/clearvla_eval_opaque_66846.png'
01:00:29.727  render           | Saved: '/tmp/clearvla_eval_opaque_66846.png'
01:00:30.034  render           | Saved: '/tmp/clearvla_eval_opaque_66846.png'
01:00:30.407  render           | Saved: '/tmp/clearvla_eval_opaque_66846.png'
01:00:30.722  render           | Saved: '/tmp/clearvla_eval_opaque_66846.png'
01:00:31.101  render           | Saved: '/tmp/clearvla_eval_opaque_66846.png'
01:00:31.442  render           | Saved: '/tmp/clearvla_eval_opaque_66846.png'
01:00:31.836  render           | Saved: '/tmp/clearvla_eval_opaque_66846.png'
01:00:32.181  render           | Saved: '/tmp/clearvla_eval_opaque_66846.png'
01:00:32.583  render           | Saved: '/tmp/clearvla_eval_opaque_66846.png'
01:00:32.919  render           | Saved: '/tmp/clearvla_eval_opaque_66846.png'
01:00:33.322  render           | Saved: '/tmp/clearvla_eval_opaque_66846.png'
01:00:33.656  render           | Saved: '/tmp/clearvla_eval_opaque_66846.png'
01:00:34.049  render           | Saved: '/tmp/clearvla_eval_opaque_66846.png'
01:00:34.382  render           | Saved: '/tmp/clearvla_eval_opaque_66846.png'
01:00:34.769  render           | Saved: '/tmp/clearvla_eval_opaque_66846.png'
01:00:35.104  render           | Saved: '/tmp/clearvla_eval_opaque_66846.png'
01:00:35.484  render           | Saved: '/tmp/clearvla_eval_opaque_66846.png'
01:00:35.805  render           | Saved: '/tmp/clearvla_eval_opaque_66846.png'
01:00:36.179  render           | Saved: '/tmp/clearvla_eval_opaque_66846.png'
01:00:36.495  render           | Saved: '/tmp/clearvla_eval_opaque_66846.png'
01:00:36.873  render           | Saved: '/tmp/clearvla_eval_opaque_66846.png'
01:00:37.192  render           | Saved: '/tmp/clearvla_eval_opaque_66846.png'
01:00:37.572  render           | Saved: '/tmp/clearvla_eval_opaque_66846.png'
01:00:37.897  render           | Saved: '/tmp/clearvla_eval_opaque_66846.png'
01:00:38.283  render           | Saved: '/tmp/clearvla_eval_opaque_66846.png'
01:00:38.609  render           | Saved: '/tmp/clearvla_eval_opaque_66846.png'
01:00:38.992  render           | Saved: '/tmp/clearvla_eval_opaque_66846.png'
01:00:39.332  render           | Saved: '/tmp/clearvla_eval_opaque_66846.png'
01:00:39.759  render           | Saved: '/tmp/clearvla_eval_opaque_66846.png'
01:00:40.087  render           | Saved: '/tmp/clearvla_eval_opaque_66846.png'
01:00:40.497  render           | Saved: '/tmp/clearvla_eval_opaque_66846.png'
01:00:40.836  render           | Saved: '/tmp/clearvla_eval_opaque_66846.png'
01:00:41.229  render           | Saved: '/tmp/clearvla_eval_opaque_66846.png'
01:00:41.577  render           | Saved: '/tmp/clearvla_eval_opaque_66846.png'
01:00:41.973  render           | Saved: '/tmp/clearvla_eval_opaque_66846.png'
01:00:42.311  render           | Saved: '/tmp/clearvla_eval_opaque_66846.png'
01:00:42.699  render           | Saved: '/tmp/clearvla_eval_opaque_66846.png'
01:00:43.055  render           | Saved: '/tmp/clearvla_eval_opaque_66846.png'
01:00:43.445  render           | Saved: '/tmp/clearvla_eval_opaque_66846.png'
01:00:43.774  render           | Saved: '/tmp/clearvla_eval_opaque_66846.png'
01:00:44.163  render           | Saved: '/tmp/clearvla_eval_opaque_66846.png'
01:00:44.488  render           | Saved: '/tmp/clearvla_eval_opaque_66846.png'
01:00:44.868  render           | Saved: '/tmp/clearvla_eval_opaque_66846.png'
01:00:45.248  render           | Saved: '/tmp/clearvla_eval_opaque_66846.png'
01:00:45.626  render           | Saved: '/tmp/clearvla_eval_opaque_66846.png'
01:00:45.994  render           | Saved: '/tmp/clearvla_eval_opaque_66846.png'
01:00:46.382  render           | Saved: '/tmp/clearvla_eval_opaque_66846.png'
01:00:46.723  render           | Saved: '/tmp/clearvla_eval_opaque_66846.png'
01:00:47.128  render           | Saved: '/tmp/clearvla_eval_opaque_66846.png'
01:00:47.465  render           | Saved: '/tmp/clearvla_eval_opaque_66846.png'
01:00:47.879  render           | Saved: '/tmp/clearvla_eval_opaque_66846.png'
01:00:48.215  render           | Saved: '/tmp/clearvla_eval_opaque_66846.png'
01:00:48.614  render           | Saved: '/tmp/clearvla_eval_opaque_66846.png'
01:00:48.932  render           | Saved: '/tmp/clearvla_eval_opaque_66846.png'
01:00:49.348  render           | Saved: '/tmp/clearvla_eval_opaque_66846.png'
01:00:49.666  render           | Saved: '/tmp/clearvla_eval_opaque_66846.png'
01:00:50.066  render           | Saved: '/tmp/clearvla_eval_opaque_66846.png'
01:00:50.386  render           | Saved: '/tmp/clearvla_eval_opaque_66846.png'
01:00:50.778  render           | Saved: '/tmp/clearvla_eval_opaque_66846.png'
01:00:51.107  render           | Saved: '/tmp/clearvla_eval_opaque_66846.png'
01:00:51.510  render           | Saved: '/tmp/clearvla_eval_opaque_66846.png'
01:00:51.839  render           | Saved: '/tmp/clearvla_eval_opaque_66846.png'
01:00:52.235  render           | Saved: '/tmp/clearvla_eval_opaque_66846.png'
01:00:52.565  render           | Saved: '/tmp/clearvla_eval_opaque_66846.png'
01:00:52.964  render           | Saved: '/tmp/clearvla_eval_opaque_66846.png'
01:00:53.293  render           | Saved: '/tmp/clearvla_eval_opaque_66846.png'
01:00:53.684  render           | Saved: '/tmp/clearvla_eval_opaque_66846.png'
01:00:54.016  render           | Saved: '/tmp/clearvla_eval_opaque_66846.png'
01:00:54.412  render           | Saved: '/tmp/clearvla_eval_opaque_66846.png'
01:00:54.741  render           | Saved: '/tmp/clearvla_eval_opaque_66846.png'
01:00:55.138  render           | Saved: '/tmp/clearvla_eval_opaque_66846.png'
01:00:55.467  render           | Saved: '/tmp/clearvla_eval_opaque_66846.png'
01:00:57.343  render           | Saved: '/tmp/clearvla_eval_opaque_66846.png'
01:00:57.676  render           | Saved: '/tmp/clearvla_eval_opaque_66846.png'
01:00:58.070  render           | Saved: '/tmp/clearvla_eval_opaque_66846.png'
01:00:58.393  render           | Saved: '/tmp/clearvla_eval_opaque_66846.png'
01:00:58.775  render           | Saved: '/tmp/clearvla_eval_opaque_66846.png'
01:00:59.088  render           | Saved: '/tmp/clearvla_eval_opaque_66846.png'
01:00:59.472  render           | Saved: '/tmp/clearvla_eval_opaque_66846.png'
01:00:59.785  render           | Saved: '/tmp/clearvla_eval_opaque_66846.png'
01:01:00.173  render           | Saved: '/tmp/clearvla_eval_opaque_66846.png'
01:01:00.487  render           | Saved: '/tmp/clearvla_eval_opaque_66846.png'
01:01:00.874  render           | Saved: '/tmp/clearvla_eval_opaque_66846.png'
01:01:01.197  render           | Saved: '/tmp/clearvla_eval_opaque_66846.png'
01:01:01.580  render           | Saved: '/tmp/clearvla_eval_opaque_66846.png'
01:01:01.903  render           | Saved: '/tmp/clearvla_eval_opaque_66846.png'
01:01:02.286  render           | Saved: '/tmp/clearvla_eval_opaque_66846.png'
01:01:02.604  render           | Saved: '/tmp/clearvla_eval_opaque_66846.png'
01:01:03.008  render           | Saved: '/tmp/clearvla_eval_opaque_66846.png'
01:01:03.369  render           | Saved: '/tmp/clearvla_eval_opaque_66846.png'
01:01:03.788  render           | Saved: '/tmp/clearvla_eval_opaque_66846.png'
01:01:04.137  render           | Saved: '/tmp/clearvla_eval_opaque_66846.png'
01:01:04.568  render           | Saved: '/tmp/clearvla_eval_opaque_66846.png'
01:01:04.902  render           | Saved: '/tmp/clearvla_eval_opaque_66846.png'
01:01:05.295  render           | Saved: '/tmp/clearvla_eval_opaque_66846.png'
01:01:05.625  render           | Saved: '/tmp/clearvla_eval_opaque_66846.png'
01:01:06.017  render           | Saved: '/tmp/clearvla_eval_opaque_66846.png'
01:01:06.350  render           | Saved: '/tmp/clearvla_eval_opaque_66846.png'
01:01:06.747  render           | Saved: '/tmp/clearvla_eval_opaque_66846.png'
01:01:07.080  render           | Saved: '/tmp/clearvla_eval_opaque_66846.png'
01:01:07.472  render           | Saved: '/tmp/clearvla_eval_opaque_66846.png'
01:01:07.803  render           | Saved: '/tmp/clearvla_eval_opaque_66846.png'
01:01:08.210  render           | Saved: '/tmp/clearvla_eval_opaque_66846.png'
01:01:08.540  render           | Saved: '/tmp/clearvla_eval_opaque_66846.png'
01:01:08.938  render           | Saved: '/tmp/clearvla_eval_opaque_66846.png'
01:01:09.266  render           | Saved: '/tmp/clearvla_eval_opaque_66846.png'
01:01:09.667  render           | Saved: '/tmp/clearvla_eval_opaque_66846.png'
01:01:09.992  render           | Saved: '/tmp/clearvla_eval_opaque_66846.png'
01:01:10.390  render           | Saved: '/tmp/clearvla_eval_opaque_66846.png'
01:01:10.722  render           | Saved: '/tmp/clearvla_eval_opaque_66846.png'
01:01:11.139  render           | Saved: '/tmp/clearvla_eval_opaque_66846.png'
01:01:11.492  render           | Saved: '/tmp/clearvla_eval_opaque_66846.png'
01:01:11.920  render           | Saved: '/tmp/clearvla_eval_opaque_66846.png'
01:01:12.265  render           | Saved: '/tmp/clearvla_eval_opaque_66846.png'
01:01:12.657  render           | Saved: '/tmp/clearvla_eval_opaque_66846.png'
01:01:12.989  render           | Saved: '/tmp/clearvla_eval_opaque_66846.png'
01:01:13.386  render           | Saved: '/tmp/clearvla_eval_opaque_66846.png'
01:01:13.706  render           | Saved: '/tmp/clearvla_eval_opaque_66846.png'
01:01:14.092  render           | Saved: '/tmp/clearvla_eval_opaque_66846.png'
01:01:14.424  render           | Saved: '/tmp/clearvla_eval_opaque_66846.png'
01:01:14.816  render           | Saved: '/tmp/clearvla_eval_opaque_66846.png'
01:01:15.142  render           | Saved: '/tmp/clearvla_eval_opaque_66846.png'
01:01:15.539  render           | Saved: '/tmp/clearvla_eval_opaque_66846.png'
01:01:15.869  render           | Saved: '/tmp/clearvla_eval_opaque_66846.png'
01:01:16.271  render           | Saved: '/tmp/clearvla_eval_opaque_66846.png'
01:01:16.590  render           | Saved: '/tmp/clearvla_eval_opaque_66846.png'
01:01:16.987  render           | Saved: '/tmp/clearvla_eval_opaque_66846.png'
01:01:17.325  render           | Saved: '/tmp/clearvla_eval_opaque_66846.png'
01:01:17.715  render           | Saved: '/tmp/clearvla_eval_opaque_66846.png'
01:01:18.047  render           | Saved: '/tmp/clearvla_eval_opaque_66846.png'
01:01:18.429  render           | Saved: '/tmp/clearvla_eval_opaque_66846.png'
01:01:18.753  render           | Saved: '/tmp/clearvla_eval_opaque_66846.png'
01:01:19.130  render           | Saved: '/tmp/clearvla_eval_opaque_66846.png'
01:01:19.453  render           | Saved: '/tmp/clearvla_eval_opaque_66846.png'
01:01:19.830  render           | Saved: '/tmp/clearvla_eval_opaque_66846.png'
01:01:20.149  render           | Saved: '/tmp/clearvla_eval_opaque_66846.png'
01:01:20.525  render           | Saved: '/tmp/clearvla_eval_opaque_66846.png'
01:01:20.841  render           | Saved: '/tmp/clearvla_eval_opaque_66846.png'
01:01:21.218  render           | Saved: '/tmp/clearvla_eval_opaque_66846.png'
01:01:21.535  render           | Saved: '/tmp/clearvla_eval_opaque_66846.png'
01:01:21.910  render           | Saved: '/tmp/clearvla_eval_opaque_66846.png'
01:01:22.228  render           | Saved: '/tmp/clearvla_eval_opaque_66846.png'
01:01:22.604  render           | Saved: '/tmp/clearvla_eval_opaque_66846.png'
01:01:22.924  render           | Saved: '/tmp/clearvla_eval_opaque_66846.png'
01:01:23.301  render           | Saved: '/tmp/clearvla_eval_opaque_66846.png'
01:01:23.624  render           | Saved: '/tmp/clearvla_eval_opaque_66846.png'
01:01:23.999  render           | Saved: '/tmp/clearvla_eval_opaque_66846.png'
01:01:24.319  render           | Saved: '/tmp/clearvla_eval_opaque_66846.png'
01:01:26.137  render           | Saved: '/tmp/clearvla_eval_opaque_66846.png'
01:01:26.456  render           | Saved: '/tmp/clearvla_eval_opaque_66846.png'
01:01:26.857  render           | Saved: '/tmp/clearvla_eval_opaque_66846.png'
01:01:27.178  render           | Saved: '/tmp/clearvla_eval_opaque_66846.png'
01:01:27.560  render           | Saved: '/tmp/clearvla_eval_opaque_66846.png'
01:01:27.885  render           | Saved: '/tmp/clearvla_eval_opaque_66846.png'
01:01:28.263  render           | Saved: '/tmp/clearvla_eval_opaque_66846.png'
01:01:28.593  render           | Saved: '/tmp/clearvla_eval_opaque_66846.png'
01:01:28.969  render           | Saved: '/tmp/clearvla_eval_opaque_66846.png'
01:01:29.294  render           | Saved: '/tmp/clearvla_eval_opaque_66846.png'
01:01:29.678  render           | Saved: '/tmp/clearvla_eval_opaque_66846.png'
01:01:30.009  render           | Saved: '/tmp/clearvla_eval_opaque_66846.png'
01:01:30.397  render           | Saved: '/tmp/clearvla_eval_opaque_66846.png'
01:01:30.722  render           | Saved: '/tmp/clearvla_eval_opaque_66846.png'
01:01:31.105  render           | Saved: '/tmp/clearvla_eval_opaque_66846.png'
01:01:31.418  render           | Saved: '/tmp/clearvla_eval_opaque_66846.png'
01:01:31.792  render           | Saved: '/tmp/clearvla_eval_opaque_66846.png'
01:01:32.148  render           | Saved: '/tmp/clearvla_eval_opaque_66846.png'
01:01:32.527  render           | Saved: '/tmp/clearvla_eval_opaque_66846.png'
01:01:32.924  render           | Saved: '/tmp/clearvla_eval_opaque_66846.png'
01:01:33.309  render           | Saved: '/tmp/clearvla_eval_opaque_66846.png'
01:01:33.665  render           | Saved: '/tmp/clearvla_eval_opaque_66846.png'
01:01:34.068  render           | Saved: '/tmp/clearvla_eval_opaque_66846.png'
01:01:34.403  render           | Saved: '/tmp/clearvla_eval_opaque_66846.png'
01:01:34.819  render           | Saved: '/tmp/clearvla_eval_opaque_66846.png'
01:01:35.148  render           | Saved: '/tmp/clearvla_eval_opaque_66846.png'
01:01:35.583  render           | Saved: '/tmp/clearvla_eval_opaque_66846.png'
01:01:35.902  render           | Saved: '/tmp/clearvla_eval_opaque_66846.png'
01:01:36.342  render           | Saved: '/tmp/clearvla_eval_opaque_66846.png'
01:01:36.676  render           | Saved: '/tmp/clearvla_eval_opaque_66846.png'
01:01:37.102  render           | Saved: '/tmp/clearvla_eval_opaque_66846.png'
01:01:37.432  render           | Saved: '/tmp/clearvla_eval_opaque_66846.png'
01:01:37.845  render           | Saved: '/tmp/clearvla_eval_opaque_66846.png'
01:01:38.183  render           | Saved: '/tmp/clearvla_eval_opaque_66846.png'
01:01:38.587  render           | Saved: '/tmp/clearvla_eval_opaque_66846.png'
01:01:38.909  render           | Saved: '/tmp/clearvla_eval_opaque_66846.png'
01:01:39.313  render           | Saved: '/tmp/clearvla_eval_opaque_66846.png'
01:01:39.639  render           | Saved: '/tmp/clearvla_eval_opaque_66846.png'
01:01:40.043  render           | Saved: '/tmp/clearvla_eval_opaque_66846.png'
01:01:40.364  render           | Saved: '/tmp/clearvla_eval_opaque_66846.png'
01:01:40.759  render           | Saved: '/tmp/clearvla_eval_opaque_66846.png'
01:01:41.089  render           | Saved: '/tmp/clearvla_eval_opaque_66846.png'
01:01:41.480  render           | Saved: '/tmp/clearvla_eval_opaque_66846.png'
01:01:41.805  render           | Saved: '/tmp/clearvla_eval_opaque_66846.png'
01:01:42.183  render           | Saved: '/tmp/clearvla_eval_opaque_66846.png'
01:01:42.512  render           | Saved: '/tmp/clearvla_eval_opaque_66846.png'
01:01:42.894  render           | Saved: '/tmp/clearvla_eval_opaque_66846.png'
01:01:43.223  render           | Saved: '/tmp/clearvla_eval_opaque_66846.png'
01:01:43.623  render           | Saved: '/tmp/clearvla_eval_opaque_66846.png'
01:01:43.947  render           | Saved: '/tmp/clearvla_eval_opaque_66846.png'
01:01:44.346  render           | Saved: '/tmp/clearvla_eval_opaque_66846.png'
01:01:44.679  render           | Saved: '/tmp/clearvla_eval_opaque_66846.png'
01:01:45.092  render           | Saved: '/tmp/clearvla_eval_opaque_66846.png'
01:01:45.428  render           | Saved: '/tmp/clearvla_eval_opaque_66846.png'
01:01:45.815  render           | Saved: '/tmp/clearvla_eval_opaque_66846.png'
01:01:46.155  render           | Saved: '/tmp/clearvla_eval_opaque_66846.png'
01:01:46.537  render           | Saved: '/tmp/clearvla_eval_opaque_66846.png'
01:01:46.874  render           | Saved: '/tmp/clearvla_eval_opaque_66846.png'
01:01:47.262  render           | Saved: '/tmp/clearvla_eval_opaque_66846.png'
01:01:47.590  render           | Saved: '/tmp/clearvla_eval_opaque_66846.png'
01:01:47.971  render           | Saved: '/tmp/clearvla_eval_opaque_66846.png'
01:01:48.294  render           | Saved: '/tmp/clearvla_eval_opaque_66846.png'
01:01:48.686  render           | Saved: '/tmp/clearvla_eval_opaque_66846.png'
01:01:49.005  render           | Saved: '/tmp/clearvla_eval_opaque_66846.png'
01:01:49.403  render           | Saved: '/tmp/clearvla_eval_opaque_66846.png'
01:01:49.749  render           | Saved: '/tmp/clearvla_eval_opaque_66846.png'
01:01:50.135  render           | Saved: '/tmp/clearvla_eval_opaque_66846.png'
01:01:50.461  render           | Saved: '/tmp/clearvla_eval_opaque_66846.png'
01:01:50.852  render           | Saved: '/tmp/clearvla_eval_opaque_66846.png'
01:01:51.196  render           | Saved: '/tmp/clearvla_eval_opaque_66846.png'
01:01:51.586  render           | Saved: '/tmp/clearvla_eval_opaque_66846.png'
01:01:51.918  render           | Saved: '/tmp/clearvla_eval_opaque_66846.png'
01:01:52.312  render           | Saved: '/tmp/clearvla_eval_opaque_66846.png'
01:01:52.639  render           | Saved: '/tmp/clearvla_eval_opaque_66846.png'
01:01:53.060  render           | Saved: '/tmp/clearvla_eval_opaque_66846.png'
01:01:53.379  render           | Saved: '/tmp/clearvla_eval_opaque_66846.png'
01:01:55.285  render           | Saved: '/tmp/clearvla_eval_opaque_66846.png'
01:01:55.619  render           | Saved: '/tmp/clearvla_eval_opaque_66846.png'
01:01:56.036  render           | Saved: '/tmp/clearvla_eval_opaque_66846.png'
01:01:56.366  render           | Saved: '/tmp/clearvla_eval_opaque_66846.png'
01:01:56.781  render           | Saved: '/tmp/clearvla_eval_opaque_66846.png'
01:01:57.117  render           | Saved: '/tmp/clearvla_eval_opaque_66846.png'
01:01:57.534  render           | Saved: '/tmp/clearvla_eval_opaque_66846.png'
01:01:57.869  render           | Saved: '/tmp/clearvla_eval_opaque_66846.png'
01:01:58.283  render           | Saved: '/tmp/clearvla_eval_opaque_66846.png'
01:01:58.616  render           | Saved: '/tmp/clearvla_eval_opaque_66846.png'
01:01:59.023  render           | Saved: '/tmp/clearvla_eval_opaque_66846.png'
01:01:59.349  render           | Saved: '/tmp/clearvla_eval_opaque_66846.png'
01:01:59.740  render           | Saved: '/tmp/clearvla_eval_opaque_66846.png'
01:02:00.069  render           | Saved: '/tmp/clearvla_eval_opaque_66846.png'
01:02:00.462  render           | Saved: '/tmp/clearvla_eval_opaque_66846.png'
01:02:00.789  render           | Saved: '/tmp/clearvla_eval_opaque_66846.png'
01:02:01.162  render           | Saved: '/tmp/clearvla_eval_opaque_66846.png'
01:02:01.486  render           | Saved: '/tmp/clearvla_eval_opaque_66846.png'
01:02:01.875  render           | Saved: '/tmp/clearvla_eval_opaque_66846.png'
01:02:02.190  render           | Saved: '/tmp/clearvla_eval_opaque_66846.png'
01:02:02.569  render           | Saved: '/tmp/clearvla_eval_opaque_66846.png'
01:02:02.896  render           | Saved: '/tmp/clearvla_eval_opaque_66846.png'
01:02:03.285  render           | Saved: '/tmp/clearvla_eval_opaque_66846.png'
01:02:03.618  render           | Saved: '/tmp/clearvla_eval_opaque_66846.png'
01:02:04.039  render           | Saved: '/tmp/clearvla_eval_opaque_66846.png'
01:02:04.395  render           | Saved: '/tmp/clearvla_eval_opaque_66846.png'
01:02:04.818  render           | Saved: '/tmp/clearvla_eval_opaque_66846.png'
01:02:05.183  render           | Saved: '/tmp/clearvla_eval_opaque_66846.png'
01:02:05.585  render           | Saved: '/tmp/clearvla_eval_opaque_66846.png'
01:02:05.928  render           | Saved: '/tmp/clearvla_eval_opaque_66846.png'
01:02:06.332  render           | Saved: '/tmp/clearvla_eval_opaque_66846.png'
01:02:06.667  render           | Saved: '/tmp/clearvla_eval_opaque_66846.png'
01:02:07.062  render           | Saved: '/tmp/clearvla_eval_opaque_66846.png'
01:02:07.397  render           | Saved: '/tmp/clearvla_eval_opaque_66846.png'
01:02:07.793  render           | Saved: '/tmp/clearvla_eval_opaque_66846.png'
01:02:08.129  render           | Saved: '/tmp/clearvla_eval_opaque_66846.png'
01:02:08.525  render           | Saved: '/tmp/clearvla_eval_opaque_66846.png'
01:02:08.853  render           | Saved: '/tmp/clearvla_eval_opaque_66846.png'
01:02:09.250  render           | Saved: '/tmp/clearvla_eval_opaque_66846.png'
01:02:09.585  render           | Saved: '/tmp/clearvla_eval_opaque_66846.png'
01:02:09.982  render           | Saved: '/tmp/clearvla_eval_opaque_66846.png'
01:02:10.312  render           | Saved: '/tmp/clearvla_eval_opaque_66846.png'
01:02:10.712  render           | Saved: '/tmp/clearvla_eval_opaque_66846.png'
01:02:11.040  render           | Saved: '/tmp/clearvla_eval_opaque_66846.png'
01:02:11.436  render           | Saved: '/tmp/clearvla_eval_opaque_66846.png'
01:02:11.762  render           | Saved: '/tmp/clearvla_eval_opaque_66846.png'
01:02:12.151  render           | Saved: '/tmp/clearvla_eval_opaque_66846.png'
01:02:12.470  render           | Saved: '/tmp/clearvla_eval_opaque_66846.png'
01:02:12.860  render           | Saved: '/tmp/clearvla_eval_opaque_66846.png'
01:02:13.173  render           | Saved: '/tmp/clearvla_eval_opaque_66846.png'
01:02:13.563  render           | Saved: '/tmp/clearvla_eval_opaque_66846.png'
01:02:13.889  render           | Saved: '/tmp/clearvla_eval_opaque_66846.png'
01:02:14.297  render           | Saved: '/tmp/clearvla_eval_opaque_66846.png'
01:02:14.637  render           | Saved: '/tmp/clearvla_eval_opaque_66846.png'
01:02:15.038  render           | Saved: '/tmp/clearvla_eval_opaque_66846.png'
01:02:15.365  render           | Saved: '/tmp/clearvla_eval_opaque_66846.png'
01:02:15.759  render           | Saved: '/tmp/clearvla_eval_opaque_66846.png'
01:02:16.075  render           | Saved: '/tmp/clearvla_eval_opaque_66846.png'
01:02:16.463  render           | Saved: '/tmp/clearvla_eval_opaque_66846.png'
01:02:16.782  render           | Saved: '/tmp/clearvla_eval_opaque_66846.png'
01:02:17.173  render           | Saved: '/tmp/clearvla_eval_opaque_66846.png'
01:02:17.487  render           | Saved: '/tmp/clearvla_eval_opaque_66846.png'
01:02:17.869  render           | Saved: '/tmp/clearvla_eval_opaque_66846.png'
01:02:18.182  render           | Saved: '/tmp/clearvla_eval_opaque_66846.png'
01:02:18.564  render           | Saved: '/tmp/clearvla_eval_opaque_66846.png'
01:02:18.881  render           | Saved: '/tmp/clearvla_eval_opaque_66846.png'
01:02:19.271  render           | Saved: '/tmp/clearvla_eval_opaque_66846.png'
01:02:19.588  render           | Saved: '/tmp/clearvla_eval_opaque_66846.png'
01:02:19.978  render           | Saved: '/tmp/clearvla_eval_opaque_66846.png'
01:02:20.299  render           | Saved: '/tmp/clearvla_eval_opaque_66846.png'
01:02:20.688  render           | Saved: '/tmp/clearvla_eval_opaque_66846.png'
01:02:21.007  render           | Saved: '/tmp/clearvla_eval_opaque_66846.png'
01:02:21.393  render           | Saved: '/tmp/clearvla_eval_opaque_66846.png'
01:02:21.713  render           | Saved: '/tmp/clearvla_eval_opaque_66846.png'
01:02:22.101  render           | Saved: '/tmp/clearvla_eval_opaque_66846.png'
01:02:22.419  render           | Saved: '/tmp/clearvla_eval_opaque_66846.png'
[full/opaque] pour: 7/70  (62.3 min, 27.5 s/ep)
01:02:24.362  render           | Saved: '/tmp/clearvla_eval_opaque_66846.png'
01:02:24.724  render           | Saved: '/tmp/clearvla_eval_opaque_66846.png'
01:02:25.176  render           | Saved: '/tmp/clearvla_eval_opaque_66846.png'
01:02:25.524  render           | Saved: '/tmp/clearvla_eval_opaque_66846.png'
01:02:25.909  render           | Saved: '/tmp/clearvla_eval_opaque_66846.png'
01:02:26.228  render           | Saved: '/tmp/clearvla_eval_opaque_66846.png'
01:02:26.600  render           | Saved: '/tmp/clearvla_eval_opaque_66846.png'
01:02:26.913  render           | Saved: '/tmp/clearvla_eval_opaque_66846.png'
01:02:27.287  render           | Saved: '/tmp/clearvla_eval_opaque_66846.png'
01:02:27.608  render           | Saved: '/tmp/clearvla_eval_opaque_66846.png'
01:02:27.985  render           | Saved: '/tmp/clearvla_eval_opaque_66846.png'
01:02:28.308  render           | Saved: '/tmp/clearvla_eval_opaque_66846.png'
01:02:28.688  render           | Saved: '/tmp/clearvla_eval_opaque_66846.png'
01:02:29.008  render           | Saved: '/tmp/clearvla_eval_opaque_66846.png'
01:02:29.397  render           | Saved: '/tmp/clearvla_eval_opaque_66846.png'
01:02:29.727  render           | Saved: '/tmp/clearvla_eval_opaque_66846.png'
01:02:30.116  render           | Saved: '/tmp/clearvla_eval_opaque_66846.png'
01:02:30.491  render           | Saved: '/tmp/clearvla_eval_opaque_66846.png'
01:02:30.873  render           | Saved: '/tmp/clearvla_eval_opaque_66846.png'
01:02:31.233  render           | Saved: '/tmp/clearvla_eval_opaque_66846.png'
01:02:31.623  render           | Saved: '/tmp/clearvla_eval_opaque_66846.png'
01:02:31.958  render           | Saved: '/tmp/clearvla_eval_opaque_66846.png'
01:02:32.362  render           | Saved: '/tmp/clearvla_eval_opaque_66846.png'
01:02:32.698  render           | Saved: '/tmp/clearvla_eval_opaque_66846.png'
01:02:33.116  render           | Saved: '/tmp/clearvla_eval_opaque_66846.png'
01:02:33.444  render           | Saved: '/tmp/clearvla_eval_opaque_66846.png'
01:02:33.878  render           | Saved: '/tmp/clearvla_eval_opaque_66846.png'
01:02:34.202  render           | Saved: '/tmp/clearvla_eval_opaque_66846.png'
01:02:34.622  render           | Saved: '/tmp/clearvla_eval_opaque_66846.png'
01:02:34.942  render           | Saved: '/tmp/clearvla_eval_opaque_66846.png'
01:02:35.352  render           | Saved: '/tmp/clearvla_eval_opaque_66846.png'
01:02:35.665  render           | Saved: '/tmp/clearvla_eval_opaque_66846.png'
01:02:36.085  render           | Saved: '/tmp/clearvla_eval_opaque_66846.png'
01:02:36.390  render           | Saved: '/tmp/clearvla_eval_opaque_66846.png'
01:02:36.794  render           | Saved: '/tmp/clearvla_eval_opaque_66846.png'
01:02:37.111  render           | Saved: '/tmp/clearvla_eval_opaque_66846.png'
01:02:37.497  render           | Saved: '/tmp/clearvla_eval_opaque_66846.png'
01:02:37.830  render           | Saved: '/tmp/clearvla_eval_opaque_66846.png'
01:02:38.232  render           | Saved: '/tmp/clearvla_eval_opaque_66846.png'
01:02:38.551  render           | Saved: '/tmp/clearvla_eval_opaque_66846.png'
01:02:38.944  render           | Saved: '/tmp/clearvla_eval_opaque_66846.png'
01:02:39.282  render           | Saved: '/tmp/clearvla_eval_opaque_66846.png'
01:02:39.666  render           | Saved: '/tmp/clearvla_eval_opaque_66846.png'
01:02:39.996  render           | Saved: '/tmp/clearvla_eval_opaque_66846.png'
01:02:41.886  render           | Saved: '/tmp/clearvla_eval_opaque_66846.png'
01:02:42.204  render           | Saved: '/tmp/clearvla_eval_opaque_66846.png'
01:02:42.596  render           | Saved: '/tmp/clearvla_eval_opaque_66846.png'
01:02:42.916  render           | Saved: '/tmp/clearvla_eval_opaque_66846.png'
01:02:43.300  render           | Saved: '/tmp/clearvla_eval_opaque_66846.png'
01:02:43.617  render           | Saved: '/tmp/clearvla_eval_opaque_66846.png'
01:02:44.002  render           | Saved: '/tmp/clearvla_eval_opaque_66846.png'
01:02:44.314  render           | Saved: '/tmp/clearvla_eval_opaque_66846.png'
01:02:44.694  render           | Saved: '/tmp/clearvla_eval_opaque_66846.png'
01:02:45.011  render           | Saved: '/tmp/clearvla_eval_opaque_66846.png'
01:02:45.395  render           | Saved: '/tmp/clearvla_eval_opaque_66846.png'
01:02:45.712  render           | Saved: '/tmp/clearvla_eval_opaque_66846.png'
01:02:46.099  render           | Saved: '/tmp/clearvla_eval_opaque_66846.png'
01:02:46.415  render           | Saved: '/tmp/clearvla_eval_opaque_66846.png'
01:02:46.804  render           | Saved: '/tmp/clearvla_eval_opaque_66846.png'
01:02:47.120  render           | Saved: '/tmp/clearvla_eval_opaque_66846.png'
01:02:47.509  render           | Saved: '/tmp/clearvla_eval_opaque_66846.png'
01:02:47.820  render           | Saved: '/tmp/clearvla_eval_opaque_66846.png'
01:02:48.209  render           | Saved: '/tmp/clearvla_eval_opaque_66846.png'
01:02:48.520  render           | Saved: '/tmp/clearvla_eval_opaque_66846.png'
01:02:48.914  render           | Saved: '/tmp/clearvla_eval_opaque_66846.png'
01:02:49.233  render           | Saved: '/tmp/clearvla_eval_opaque_66846.png'
01:02:49.624  render           | Saved: '/tmp/clearvla_eval_opaque_66846.png'
01:02:49.938  render           | Saved: '/tmp/clearvla_eval_opaque_66846.png'
01:02:50.329  render           | Saved: '/tmp/clearvla_eval_opaque_66846.png'
01:02:50.642  render           | Saved: '/tmp/clearvla_eval_opaque_66846.png'
01:02:51.028  render           | Saved: '/tmp/clearvla_eval_opaque_66846.png'
01:02:51.337  render           | Saved: '/tmp/clearvla_eval_opaque_66846.png'
01:02:51.724  render           | Saved: '/tmp/clearvla_eval_opaque_66846.png'
01:02:52.038  render           | Saved: '/tmp/clearvla_eval_opaque_66846.png'
01:02:52.428  render           | Saved: '/tmp/clearvla_eval_opaque_66846.png'
01:02:52.746  render           | Saved: '/tmp/clearvla_eval_opaque_66846.png'
01:02:53.143  render           | Saved: '/tmp/clearvla_eval_opaque_66846.png'
01:02:53.464  render           | Saved: '/tmp/clearvla_eval_opaque_66846.png'
01:02:53.854  render           | Saved: '/tmp/clearvla_eval_opaque_66846.png'
01:02:54.174  render           | Saved: '/tmp/clearvla_eval_opaque_66846.png'
01:02:54.563  render           | Saved: '/tmp/clearvla_eval_opaque_66846.png'
01:02:54.897  render           | Saved: '/tmp/clearvla_eval_opaque_66846.png'
01:02:55.283  render           | Saved: '/tmp/clearvla_eval_opaque_66846.png'
01:02:55.625  render           | Saved: '/tmp/clearvla_eval_opaque_66846.png'
01:02:56.012  render           | Saved: '/tmp/clearvla_eval_opaque_66846.png'
01:02:56.353  render           | Saved: '/tmp/clearvla_eval_opaque_66846.png'
01:02:56.734  render           | Saved: '/tmp/clearvla_eval_opaque_66846.png'
01:02:57.064  render           | Saved: '/tmp/clearvla_eval_opaque_66846.png'
01:02:57.452  render           | Saved: '/tmp/clearvla_eval_opaque_66846.png'
01:02:57.770  render           | Saved: '/tmp/clearvla_eval_opaque_66846.png'
01:02:58.155  render           | Saved: '/tmp/clearvla_eval_opaque_66846.png'
01:02:58.497  render           | Saved: '/tmp/clearvla_eval_opaque_66846.png'
01:02:58.883  render           | Saved: '/tmp/clearvla_eval_opaque_66846.png'
01:02:59.202  render           | Saved: '/tmp/clearvla_eval_opaque_66846.png'
01:02:59.589  render           | Saved: '/tmp/clearvla_eval_opaque_66846.png'
01:02:59.915  render           | Saved: '/tmp/clearvla_eval_opaque_66846.png'
01:03:00.302  render           | Saved: '/tmp/clearvla_eval_opaque_66846.png'
01:03:00.665  render           | Saved: '/tmp/clearvla_eval_opaque_66846.png'
01:03:01.066  render           | Saved: '/tmp/clearvla_eval_opaque_66846.png'
01:03:01.419  render           | Saved: '/tmp/clearvla_eval_opaque_66846.png'
01:03:01.854  render           | Saved: '/tmp/clearvla_eval_opaque_66846.png'
01:03:02.204  render           | Saved: '/tmp/clearvla_eval_opaque_66846.png'
01:03:02.637  render           | Saved: '/tmp/clearvla_eval_opaque_66846.png'
01:03:02.972  render           | Saved: '/tmp/clearvla_eval_opaque_66846.png'
01:03:03.365  render           | Saved: '/tmp/clearvla_eval_opaque_66846.png'
01:03:03.703  render           | Saved: '/tmp/clearvla_eval_opaque_66846.png'
01:03:04.089  render           | Saved: '/tmp/clearvla_eval_opaque_66846.png'
01:03:04.421  render           | Saved: '/tmp/clearvla_eval_opaque_66846.png'
01:03:04.818  render           | Saved: '/tmp/clearvla_eval_opaque_66846.png'
01:03:05.147  render           | Saved: '/tmp/clearvla_eval_opaque_66846.png'
01:03:05.550  render           | Saved: '/tmp/clearvla_eval_opaque_66846.png'
01:03:05.871  render           | Saved: '/tmp/clearvla_eval_opaque_66846.png'
01:03:06.255  render           | Saved: '/tmp/clearvla_eval_opaque_66846.png'
01:03:06.581  render           | Saved: '/tmp/clearvla_eval_opaque_66846.png'
01:03:06.968  render           | Saved: '/tmp/clearvla_eval_opaque_66846.png'
01:03:07.295  render           | Saved: '/tmp/clearvla_eval_opaque_66846.png'
01:03:07.681  render           | Saved: '/tmp/clearvla_eval_opaque_66846.png'
01:03:08.006  render           | Saved: '/tmp/clearvla_eval_opaque_66846.png'
01:03:08.401  render           | Saved: '/tmp/clearvla_eval_opaque_66846.png'
01:03:08.722  render           | Saved: '/tmp/clearvla_eval_opaque_66846.png'
01:03:10.691  render           | Saved: '/tmp/clearvla_eval_opaque_66846.png'
01:03:11.082  render           | Saved: '/tmp/clearvla_eval_opaque_66846.png'
01:03:11.533  render           | Saved: '/tmp/clearvla_eval_opaque_66846.png'
01:03:11.865  render           | Saved: '/tmp/clearvla_eval_opaque_66846.png'
01:03:12.251  render           | Saved: '/tmp/clearvla_eval_opaque_66846.png'
01:03:12.582  render           | Saved: '/tmp/clearvla_eval_opaque_66846.png'
01:03:12.972  render           | Saved: '/tmp/clearvla_eval_opaque_66846.png'
01:03:13.303  render           | Saved: '/tmp/clearvla_eval_opaque_66846.png'
01:03:13.697  render           | Saved: '/tmp/clearvla_eval_opaque_66846.png'
01:03:14.028  render           | Saved: '/tmp/clearvla_eval_opaque_66846.png'
01:03:14.419  render           | Saved: '/tmp/clearvla_eval_opaque_66846.png'
01:03:14.757  render           | Saved: '/tmp/clearvla_eval_opaque_66846.png'
01:03:15.144  render           | Saved: '/tmp/clearvla_eval_opaque_66846.png'
01:03:15.466  render           | Saved: '/tmp/clearvla_eval_opaque_66846.png'
01:03:15.848  render           | Saved: '/tmp/clearvla_eval_opaque_66846.png'
01:03:16.182  render           | Saved: '/tmp/clearvla_eval_opaque_66846.png'
01:03:16.580  render           | Saved: '/tmp/clearvla_eval_opaque_66846.png'
01:03:16.915  render           | Saved: '/tmp/clearvla_eval_opaque_66846.png'
01:03:17.311  render           | Saved: '/tmp/clearvla_eval_opaque_66846.png'
01:03:17.646  render           | Saved: '/tmp/clearvla_eval_opaque_66846.png'
01:03:18.038  render           | Saved: '/tmp/clearvla_eval_opaque_66846.png'
01:03:18.375  render           | Saved: '/tmp/clearvla_eval_opaque_66846.png'
01:03:18.770  render           | Saved: '/tmp/clearvla_eval_opaque_66846.png'
01:03:19.106  render           | Saved: '/tmp/clearvla_eval_opaque_66846.png'
01:03:19.498  render           | Saved: '/tmp/clearvla_eval_opaque_66846.png'
01:03:19.830  render           | Saved: '/tmp/clearvla_eval_opaque_66846.png'
01:03:20.228  render           | Saved: '/tmp/clearvla_eval_opaque_66846.png'
01:03:20.566  render           | Saved: '/tmp/clearvla_eval_opaque_66846.png'
01:03:20.958  render           | Saved: '/tmp/clearvla_eval_opaque_66846.png'
01:03:21.297  render           | Saved: '/tmp/clearvla_eval_opaque_66846.png'
01:03:21.694  render           | Saved: '/tmp/clearvla_eval_opaque_66846.png'
01:03:22.021  render           | Saved: '/tmp/clearvla_eval_opaque_66846.png'
01:03:22.423  render           | Saved: '/tmp/clearvla_eval_opaque_66846.png'
01:03:22.764  render           | Saved: '/tmp/clearvla_eval_opaque_66846.png'
01:03:23.161  render           | Saved: '/tmp/clearvla_eval_opaque_66846.png'
01:03:23.494  render           | Saved: '/tmp/clearvla_eval_opaque_66846.png'
01:03:23.889  render           | Saved: '/tmp/clearvla_eval_opaque_66846.png'
01:03:24.219  render           | Saved: '/tmp/clearvla_eval_opaque_66846.png'
01:03:24.617  render           | Saved: '/tmp/clearvla_eval_opaque_66846.png'
01:03:24.936  render           | Saved: '/tmp/clearvla_eval_opaque_66846.png'
01:03:25.321  render           | Saved: '/tmp/clearvla_eval_opaque_66846.png'
01:03:25.638  render           | Saved: '/tmp/clearvla_eval_opaque_66846.png'
01:03:26.025  render           | Saved: '/tmp/clearvla_eval_opaque_66846.png'
01:03:26.347  render           | Saved: '/tmp/clearvla_eval_opaque_66846.png'
01:03:26.733  render           | Saved: '/tmp/clearvla_eval_opaque_66846.png'
01:03:27.053  render           | Saved: '/tmp/clearvla_eval_opaque_66846.png'
01:03:27.440  render           | Saved: '/tmp/clearvla_eval_opaque_66846.png'
01:03:27.766  render           | Saved: '/tmp/clearvla_eval_opaque_66846.png'
01:03:28.155  render           | Saved: '/tmp/clearvla_eval_opaque_66846.png'
01:03:28.483  render           | Saved: '/tmp/clearvla_eval_opaque_66846.png'
01:03:28.867  render           | Saved: '/tmp/clearvla_eval_opaque_66846.png'
01:03:29.221  render           | Saved: '/tmp/clearvla_eval_opaque_66846.png'
01:03:29.610  render           | Saved: '/tmp/clearvla_eval_opaque_66846.png'
01:03:29.996  render           | Saved: '/tmp/clearvla_eval_opaque_66846.png'
01:03:30.390  render           | Saved: '/tmp/clearvla_eval_opaque_66846.png'
01:03:30.739  render           | Saved: '/tmp/clearvla_eval_opaque_66846.png'
01:03:31.131  render           | Saved: '/tmp/clearvla_eval_opaque_66846.png'
01:03:31.456  render           | Saved: '/tmp/clearvla_eval_opaque_66846.png'
01:03:31.887  render           | Saved: '/tmp/clearvla_eval_opaque_66846.png'
01:03:32.215  render           | Saved: '/tmp/clearvla_eval_opaque_66846.png'
01:03:32.669  render           | Saved: '/tmp/clearvla_eval_opaque_66846.png'
01:03:32.990  render           | Saved: '/tmp/clearvla_eval_opaque_66846.png'
01:03:33.432  render           | Saved: '/tmp/clearvla_eval_opaque_66846.png'
01:03:33.763  render           | Saved: '/tmp/clearvla_eval_opaque_66846.png'
01:03:34.182  render           | Saved: '/tmp/clearvla_eval_opaque_66846.png'
01:03:34.514  render           | Saved: '/tmp/clearvla_eval_opaque_66846.png'
01:03:34.935  render           | Saved: '/tmp/clearvla_eval_opaque_66846.png'
01:03:35.267  render           | Saved: '/tmp/clearvla_eval_opaque_66846.png'
01:03:35.676  render           | Saved: '/tmp/clearvla_eval_opaque_66846.png'
01:03:35.995  render           | Saved: '/tmp/clearvla_eval_opaque_66846.png'
01:03:36.406  render           | Saved: '/tmp/clearvla_eval_opaque_66846.png'
01:03:36.730  render           | Saved: '/tmp/clearvla_eval_opaque_66846.png'
01:03:37.136  render           | Saved: '/tmp/clearvla_eval_opaque_66846.png'
01:03:37.459  render           | Saved: '/tmp/clearvla_eval_opaque_66846.png'
01:03:37.866  render           | Saved: '/tmp/clearvla_eval_opaque_66846.png'
01:03:38.192  render           | Saved: '/tmp/clearvla_eval_opaque_66846.png'
01:03:40.085  render           | Saved: '/tmp/clearvla_eval_opaque_66846.png'
01:03:40.402  render           | Saved: '/tmp/clearvla_eval_opaque_66846.png'
01:03:40.834  render           | Saved: '/tmp/clearvla_eval_opaque_66846.png'
01:03:41.147  render           | Saved: '/tmp/clearvla_eval_opaque_66846.png'
01:03:41.535  render           | Saved: '/tmp/clearvla_eval_opaque_66846.png'
01:03:41.863  render           | Saved: '/tmp/clearvla_eval_opaque_66846.png'
01:03:42.256  render           | Saved: '/tmp/clearvla_eval_opaque_66846.png'
01:03:42.580  render           | Saved: '/tmp/clearvla_eval_opaque_66846.png'
01:03:42.968  render           | Saved: '/tmp/clearvla_eval_opaque_66846.png'
01:03:43.289  render           | Saved: '/tmp/clearvla_eval_opaque_66846.png'
01:03:43.682  render           | Saved: '/tmp/clearvla_eval_opaque_66846.png'
01:03:44.002  render           | Saved: '/tmp/clearvla_eval_opaque_66846.png'
01:03:44.380  render           | Saved: '/tmp/clearvla_eval_opaque_66846.png'
01:03:44.695  render           | Saved: '/tmp/clearvla_eval_opaque_66846.png'
01:03:45.077  render           | Saved: '/tmp/clearvla_eval_opaque_66846.png'
01:03:45.396  render           | Saved: '/tmp/clearvla_eval_opaque_66846.png'
01:03:45.785  render           | Saved: '/tmp/clearvla_eval_opaque_66846.png'
01:03:46.104  render           | Saved: '/tmp/clearvla_eval_opaque_66846.png'
01:03:46.532  render           | Saved: '/tmp/clearvla_eval_opaque_66846.png'
01:03:46.868  render           | Saved: '/tmp/clearvla_eval_opaque_66846.png'
01:03:47.276  render           | Saved: '/tmp/clearvla_eval_opaque_66846.png'
01:03:47.619  render           | Saved: '/tmp/clearvla_eval_opaque_66846.png'
01:03:48.006  render           | Saved: '/tmp/clearvla_eval_opaque_66846.png'
01:03:48.339  render           | Saved: '/tmp/clearvla_eval_opaque_66846.png'
01:03:48.730  render           | Saved: '/tmp/clearvla_eval_opaque_66846.png'
01:03:49.070  render           | Saved: '/tmp/clearvla_eval_opaque_66846.png'
01:03:49.463  render           | Saved: '/tmp/clearvla_eval_opaque_66846.png'
01:03:49.792  render           | Saved: '/tmp/clearvla_eval_opaque_66846.png'
01:03:50.181  render           | Saved: '/tmp/clearvla_eval_opaque_66846.png'
01:03:50.511  render           | Saved: '/tmp/clearvla_eval_opaque_66846.png'
01:03:50.895  render           | Saved: '/tmp/clearvla_eval_opaque_66846.png'
01:03:51.212  render           | Saved: '/tmp/clearvla_eval_opaque_66846.png'
01:03:51.585  render           | Saved: '/tmp/clearvla_eval_opaque_66846.png'
01:03:51.901  render           | Saved: '/tmp/clearvla_eval_opaque_66846.png'
01:03:52.275  render           | Saved: '/tmp/clearvla_eval_opaque_66846.png'
01:03:52.592  render           | Saved: '/tmp/clearvla_eval_opaque_66846.png'
01:03:52.970  render           | Saved: '/tmp/clearvla_eval_opaque_66846.png'
01:03:53.286  render           | Saved: '/tmp/clearvla_eval_opaque_66846.png'
01:03:53.664  render           | Saved: '/tmp/clearvla_eval_opaque_66846.png'
01:03:53.981  render           | Saved: '/tmp/clearvla_eval_opaque_66846.png'
01:03:54.357  render           | Saved: '/tmp/clearvla_eval_opaque_66846.png'
01:03:54.677  render           | Saved: '/tmp/clearvla_eval_opaque_66846.png'
01:03:55.056  render           | Saved: '/tmp/clearvla_eval_opaque_66846.png'
01:03:55.375  render           | Saved: '/tmp/clearvla_eval_opaque_66846.png'
01:03:55.753  render           | Saved: '/tmp/clearvla_eval_opaque_66846.png'
01:03:56.073  render           | Saved: '/tmp/clearvla_eval_opaque_66846.png'
01:03:56.471  render           | Saved: '/tmp/clearvla_eval_opaque_66846.png'
01:03:56.801  render           | Saved: '/tmp/clearvla_eval_opaque_66846.png'
01:03:57.209  render           | Saved: '/tmp/clearvla_eval_opaque_66846.png'
01:03:57.547  render           | Saved: '/tmp/clearvla_eval_opaque_66846.png'
01:03:57.944  render           | Saved: '/tmp/clearvla_eval_opaque_66846.png'
01:03:58.266  render           | Saved: '/tmp/clearvla_eval_opaque_66846.png'
01:03:58.650  render           | Saved: '/tmp/clearvla_eval_opaque_66846.png'
01:03:58.966  render           | Saved: '/tmp/clearvla_eval_opaque_66846.png'
01:03:59.345  render           | Saved: '/tmp/clearvla_eval_opaque_66846.png'
01:03:59.672  render           | Saved: '/tmp/clearvla_eval_opaque_66846.png'
01:04:00.053  render           | Saved: '/tmp/clearvla_eval_opaque_66846.png'
01:04:00.387  render           | Saved: '/tmp/clearvla_eval_opaque_66846.png'
01:04:00.768  render           | Saved: '/tmp/clearvla_eval_opaque_66846.png'
01:04:01.107  render           | Saved: '/tmp/clearvla_eval_opaque_66846.png'
01:04:01.491  render           | Saved: '/tmp/clearvla_eval_opaque_66846.png'
01:04:01.823  render           | Saved: '/tmp/clearvla_eval_opaque_66846.png'
01:04:02.204  render           | Saved: '/tmp/clearvla_eval_opaque_66846.png'
01:04:02.587  render           | Saved: '/tmp/clearvla_eval_opaque_66846.png'
01:04:02.971  render           | Saved: '/tmp/clearvla_eval_opaque_66846.png'
01:04:03.311  render           | Saved: '/tmp/clearvla_eval_opaque_66846.png'
01:04:03.694  render           | Saved: '/tmp/clearvla_eval_opaque_66846.png'
01:04:04.017  render           | Saved: '/tmp/clearvla_eval_opaque_66846.png'
01:04:04.409  render           | Saved: '/tmp/clearvla_eval_opaque_66846.png'
01:04:04.745  render           | Saved: '/tmp/clearvla_eval_opaque_66846.png'
01:04:05.127  render           | Saved: '/tmp/clearvla_eval_opaque_66846.png'
01:04:05.446  render           | Saved: '/tmp/clearvla_eval_opaque_66846.png'
01:04:05.870  render           | Saved: '/tmp/clearvla_eval_opaque_66846.png'
01:04:06.208  render           | Saved: '/tmp/clearvla_eval_opaque_66846.png'
01:04:06.579  render           | Saved: '/tmp/clearvla_eval_opaque_66846.png'
01:04:06.907  render           | Saved: '/tmp/clearvla_eval_opaque_66846.png'
01:04:08.920  render           | Saved: '/tmp/clearvla_eval_opaque_66846.png'
01:04:09.238  render           | Saved: '/tmp/clearvla_eval_opaque_66846.png'
01:04:09.673  render           | Saved: '/tmp/clearvla_eval_opaque_66846.png'
01:04:09.984  render           | Saved: '/tmp/clearvla_eval_opaque_66846.png'
01:04:10.365  render           | Saved: '/tmp/clearvla_eval_opaque_66846.png'
01:04:10.706  render           | Saved: '/tmp/clearvla_eval_opaque_66846.png'
01:04:11.131  render           | Saved: '/tmp/clearvla_eval_opaque_66846.png'
01:04:11.478  render           | Saved: '/tmp/clearvla_eval_opaque_66846.png'
01:04:11.884  render           | Saved: '/tmp/clearvla_eval_opaque_66846.png'
01:04:12.228  render           | Saved: '/tmp/clearvla_eval_opaque_66846.png'
01:04:12.616  render           | Saved: '/tmp/clearvla_eval_opaque_66846.png'
01:04:12.946  render           | Saved: '/tmp/clearvla_eval_opaque_66846.png'
01:04:13.333  render           | Saved: '/tmp/clearvla_eval_opaque_66846.png'
01:04:13.655  render           | Saved: '/tmp/clearvla_eval_opaque_66846.png'
01:04:14.035  render           | Saved: '/tmp/clearvla_eval_opaque_66846.png'
01:04:14.355  render           | Saved: '/tmp/clearvla_eval_opaque_66846.png'
01:04:14.734  render           | Saved: '/tmp/clearvla_eval_opaque_66846.png'
01:04:15.055  render           | Saved: '/tmp/clearvla_eval_opaque_66846.png'
01:04:15.433  render           | Saved: '/tmp/clearvla_eval_opaque_66846.png'
01:04:15.764  render           | Saved: '/tmp/clearvla_eval_opaque_66846.png'
01:04:16.146  render           | Saved: '/tmp/clearvla_eval_opaque_66846.png'
01:04:16.469  render           | Saved: '/tmp/clearvla_eval_opaque_66846.png'
01:04:16.850  render           | Saved: '/tmp/clearvla_eval_opaque_66846.png'
01:04:17.172  render           | Saved: '/tmp/clearvla_eval_opaque_66846.png'
01:04:17.559  render           | Saved: '/tmp/clearvla_eval_opaque_66846.png'
01:04:17.883  render           | Saved: '/tmp/clearvla_eval_opaque_66846.png'
01:04:18.265  render           | Saved: '/tmp/clearvla_eval_opaque_66846.png'
01:04:18.591  render           | Saved: '/tmp/clearvla_eval_opaque_66846.png'
01:04:18.976  render           | Saved: '/tmp/clearvla_eval_opaque_66846.png'
01:04:19.297  render           | Saved: '/tmp/clearvla_eval_opaque_66846.png'
01:04:19.669  render           | Saved: '/tmp/clearvla_eval_opaque_66846.png'
01:04:19.994  render           | Saved: '/tmp/clearvla_eval_opaque_66846.png'
01:04:20.382  render           | Saved: '/tmp/clearvla_eval_opaque_66846.png'
01:04:20.703  render           | Saved: '/tmp/clearvla_eval_opaque_66846.png'
01:04:21.088  render           | Saved: '/tmp/clearvla_eval_opaque_66846.png'
01:04:21.408  render           | Saved: '/tmp/clearvla_eval_opaque_66846.png'
01:04:21.795  render           | Saved: '/tmp/clearvla_eval_opaque_66846.png'
01:04:22.121  render           | Saved: '/tmp/clearvla_eval_opaque_66846.png'
01:04:22.508  render           | Saved: '/tmp/clearvla_eval_opaque_66846.png'
01:04:22.834  render           | Saved: '/tmp/clearvla_eval_opaque_66846.png'
01:04:23.218  render           | Saved: '/tmp/clearvla_eval_opaque_66846.png'
01:04:23.540  render           | Saved: '/tmp/clearvla_eval_opaque_66846.png'
01:04:23.926  render           | Saved: '/tmp/clearvla_eval_opaque_66846.png'
01:04:24.251  render           | Saved: '/tmp/clearvla_eval_opaque_66846.png'
01:04:24.636  render           | Saved: '/tmp/clearvla_eval_opaque_66846.png'
01:04:24.963  render           | Saved: '/tmp/clearvla_eval_opaque_66846.png'
01:04:25.341  render           | Saved: '/tmp/clearvla_eval_opaque_66846.png'
01:04:25.664  render           | Saved: '/tmp/clearvla_eval_opaque_66846.png'
01:04:26.045  render           | Saved: '/tmp/clearvla_eval_opaque_66846.png'
01:04:26.371  render           | Saved: '/tmp/clearvla_eval_opaque_66846.png'
01:04:26.751  render           | Saved: '/tmp/clearvla_eval_opaque_66846.png'
01:04:27.075  render           | Saved: '/tmp/clearvla_eval_opaque_66846.png'
01:04:27.456  render           | Saved: '/tmp/clearvla_eval_opaque_66846.png'
01:04:27.781  render           | Saved: '/tmp/clearvla_eval_opaque_66846.png'
01:04:28.167  render           | Saved: '/tmp/clearvla_eval_opaque_66846.png'
01:04:28.497  render           | Saved: '/tmp/clearvla_eval_opaque_66846.png'
01:04:28.887  render           | Saved: '/tmp/clearvla_eval_opaque_66846.png'
01:04:29.215  render           | Saved: '/tmp/clearvla_eval_opaque_66846.png'
01:04:29.596  render           | Saved: '/tmp/clearvla_eval_opaque_66846.png'
01:04:29.923  render           | Saved: '/tmp/clearvla_eval_opaque_66846.png'
01:04:30.305  render           | Saved: '/tmp/clearvla_eval_opaque_66846.png'
01:04:30.643  render           | Saved: '/tmp/clearvla_eval_opaque_66846.png'
01:04:31.024  render           | Saved: '/tmp/clearvla_eval_opaque_66846.png'
01:04:31.356  render           | Saved: '/tmp/clearvla_eval_opaque_66846.png'
01:04:31.743  render           | Saved: '/tmp/clearvla_eval_opaque_66846.png'
01:04:32.060  render           | Saved: '/tmp/clearvla_eval_opaque_66846.png'
01:04:32.442  render           | Saved: '/tmp/clearvla_eval_opaque_66846.png'
01:04:32.766  render           | Saved: '/tmp/clearvla_eval_opaque_66846.png'
01:04:33.154  render           | Saved: '/tmp/clearvla_eval_opaque_66846.png'
01:04:33.478  render           | Saved: '/tmp/clearvla_eval_opaque_66846.png'
01:04:33.861  render           | Saved: '/tmp/clearvla_eval_opaque_66846.png'
01:04:34.189  render           | Saved: '/tmp/clearvla_eval_opaque_66846.png'
01:04:34.574  render           | Saved: '/tmp/clearvla_eval_opaque_66846.png'
01:04:34.925  render           | Saved: '/tmp/clearvla_eval_opaque_66846.png'
01:04:35.373  render           | Saved: '/tmp/clearvla_eval_opaque_66846.png'
01:04:35.708  render           | Saved: '/tmp/clearvla_eval_opaque_66846.png'
01:04:37.740  render           | Saved: '/tmp/clearvla_eval_opaque_66846.png'
01:04:38.109  render           | Saved: '/tmp/clearvla_eval_opaque_66846.png'
01:04:38.539  render           | Saved: '/tmp/clearvla_eval_opaque_66846.png'
01:04:38.888  render           | Saved: '/tmp/clearvla_eval_opaque_66846.png'
01:04:39.297  render           | Saved: '/tmp/clearvla_eval_opaque_66846.png'
01:04:39.627  render           | Saved: '/tmp/clearvla_eval_opaque_66846.png'
01:04:40.036  render           | Saved: '/tmp/clearvla_eval_opaque_66846.png'
01:04:40.366  render           | Saved: '/tmp/clearvla_eval_opaque_66846.png'
01:04:40.749  render           | Saved: '/tmp/clearvla_eval_opaque_66846.png'
01:04:41.089  render           | Saved: '/tmp/clearvla_eval_opaque_66846.png'
01:04:41.494  render           | Saved: '/tmp/clearvla_eval_opaque_66846.png'
01:04:41.822  render           | Saved: '/tmp/clearvla_eval_opaque_66846.png'
01:04:42.213  render           | Saved: '/tmp/clearvla_eval_opaque_66846.png'
01:04:42.538  render           | Saved: '/tmp/clearvla_eval_opaque_66846.png'
01:04:42.926  render           | Saved: '/tmp/clearvla_eval_opaque_66846.png'
01:04:43.246  render           | Saved: '/tmp/clearvla_eval_opaque_66846.png'
01:04:43.642  render           | Saved: '/tmp/clearvla_eval_opaque_66846.png'
01:04:43.982  render           | Saved: '/tmp/clearvla_eval_opaque_66846.png'
01:04:44.371  render           | Saved: '/tmp/clearvla_eval_opaque_66846.png'
01:04:44.695  render           | Saved: '/tmp/clearvla_eval_opaque_66846.png'
01:04:45.092  render           | Saved: '/tmp/clearvla_eval_opaque_66846.png'
01:04:45.414  render           | Saved: '/tmp/clearvla_eval_opaque_66846.png'
01:04:45.812  render           | Saved: '/tmp/clearvla_eval_opaque_66846.png'
01:04:46.134  render           | Saved: '/tmp/clearvla_eval_opaque_66846.png'
01:04:46.529  render           | Saved: '/tmp/clearvla_eval_opaque_66846.png'
01:04:46.853  render           | Saved: '/tmp/clearvla_eval_opaque_66846.png'
01:04:47.252  render           | Saved: '/tmp/clearvla_eval_opaque_66846.png'
01:04:47.580  render           | Saved: '/tmp/clearvla_eval_opaque_66846.png'
01:04:47.977  render           | Saved: '/tmp/clearvla_eval_opaque_66846.png'
01:04:48.325  render           | Saved: '/tmp/clearvla_eval_opaque_66846.png'
01:04:48.738  render           | Saved: '/tmp/clearvla_eval_opaque_66846.png'
01:04:49.060  render           | Saved: '/tmp/clearvla_eval_opaque_66846.png'
01:04:49.465  render           | Saved: '/tmp/clearvla_eval_opaque_66846.png'
01:04:49.798  render           | Saved: '/tmp/clearvla_eval_opaque_66846.png'
01:04:50.196  render           | Saved: '/tmp/clearvla_eval_opaque_66846.png'
01:04:50.533  render           | Saved: '/tmp/clearvla_eval_opaque_66846.png'
01:04:50.929  render           | Saved: '/tmp/clearvla_eval_opaque_66846.png'
01:04:51.245  render           | Saved: '/tmp/clearvla_eval_opaque_66846.png'
01:04:51.657  render           | Saved: '/tmp/clearvla_eval_opaque_66846.png'
01:04:51.996  render           | Saved: '/tmp/clearvla_eval_opaque_66846.png'
01:04:52.394  render           | Saved: '/tmp/clearvla_eval_opaque_66846.png'
01:04:52.732  render           | Saved: '/tmp/clearvla_eval_opaque_66846.png'
01:04:53.129  render           | Saved: '/tmp/clearvla_eval_opaque_66846.png'
01:04:53.475  render           | Saved: '/tmp/clearvla_eval_opaque_66846.png'
01:04:55.452  render           | Saved: '/tmp/clearvla_eval_opaque_66846.png'
01:04:55.776  render           | Saved: '/tmp/clearvla_eval_opaque_66846.png'
01:04:56.222  render           | Saved: '/tmp/clearvla_eval_opaque_66846.png'
01:04:56.551  render           | Saved: '/tmp/clearvla_eval_opaque_66846.png'
01:04:56.951  render           | Saved: '/tmp/clearvla_eval_opaque_66846.png'
01:04:57.292  render           | Saved: '/tmp/clearvla_eval_opaque_66846.png'
01:04:57.694  render           | Saved: '/tmp/clearvla_eval_opaque_66846.png'
01:04:58.022  render           | Saved: '/tmp/clearvla_eval_opaque_66846.png'
01:04:58.423  render           | Saved: '/tmp/clearvla_eval_opaque_66846.png'
01:04:58.745  render           | Saved: '/tmp/clearvla_eval_opaque_66846.png'
01:04:59.148  render           | Saved: '/tmp/clearvla_eval_opaque_66846.png'
01:04:59.476  render           | Saved: '/tmp/clearvla_eval_opaque_66846.png'
01:04:59.875  render           | Saved: '/tmp/clearvla_eval_opaque_66846.png'
01:05:00.200  render           | Saved: '/tmp/clearvla_eval_opaque_66846.png'
01:05:00.604  render           | Saved: '/tmp/clearvla_eval_opaque_66846.png'
01:05:00.939  render           | Saved: '/tmp/clearvla_eval_opaque_66846.png'
01:05:01.342  render           | Saved: '/tmp/clearvla_eval_opaque_66846.png'
01:05:01.674  render           | Saved: '/tmp/clearvla_eval_opaque_66846.png'
01:05:02.071  render           | Saved: '/tmp/clearvla_eval_opaque_66846.png'
01:05:02.402  render           | Saved: '/tmp/clearvla_eval_opaque_66846.png'
01:05:02.804  render           | Saved: '/tmp/clearvla_eval_opaque_66846.png'
01:05:03.132  render           | Saved: '/tmp/clearvla_eval_opaque_66846.png'
01:05:03.526  render           | Saved: '/tmp/clearvla_eval_opaque_66846.png'
01:05:03.860  render           | Saved: '/tmp/clearvla_eval_opaque_66846.png'
01:05:04.257  render           | Saved: '/tmp/clearvla_eval_opaque_66846.png'
01:05:04.588  render           | Saved: '/tmp/clearvla_eval_opaque_66846.png'
01:05:04.984  render           | Saved: '/tmp/clearvla_eval_opaque_66846.png'
01:05:05.317  render           | Saved: '/tmp/clearvla_eval_opaque_66846.png'
01:05:05.722  render           | Saved: '/tmp/clearvla_eval_opaque_66846.png'
01:05:06.062  render           | Saved: '/tmp/clearvla_eval_opaque_66846.png'
01:05:06.455  render           | Saved: '/tmp/clearvla_eval_opaque_66846.png'
01:05:06.780  render           | Saved: '/tmp/clearvla_eval_opaque_66846.png'
01:05:07.161  render           | Saved: '/tmp/clearvla_eval_opaque_66846.png'
01:05:07.485  render           | Saved: '/tmp/clearvla_eval_opaque_66846.png'
01:05:07.870  render           | Saved: '/tmp/clearvla_eval_opaque_66846.png'
01:05:08.189  render           | Saved: '/tmp/clearvla_eval_opaque_66846.png'
01:05:08.565  render           | Saved: '/tmp/clearvla_eval_opaque_66846.png'
01:05:08.891  render           | Saved: '/tmp/clearvla_eval_opaque_66846.png'
01:05:09.264  render           | Saved: '/tmp/clearvla_eval_opaque_66846.png'
01:05:09.588  render           | Saved: '/tmp/clearvla_eval_opaque_66846.png'
01:05:09.971  render           | Saved: '/tmp/clearvla_eval_opaque_66846.png'
01:05:10.298  render           | Saved: '/tmp/clearvla_eval_opaque_66846.png'
01:05:10.675  render           | Saved: '/tmp/clearvla_eval_opaque_66846.png'
01:05:11.008  render           | Saved: '/tmp/clearvla_eval_opaque_66846.png'
01:05:11.388  render           | Saved: '/tmp/clearvla_eval_opaque_66846.png'
01:05:11.717  render           | Saved: '/tmp/clearvla_eval_opaque_66846.png'
01:05:12.090  render           | Saved: '/tmp/clearvla_eval_opaque_66846.png'
01:05:12.415  render           | Saved: '/tmp/clearvla_eval_opaque_66846.png'
01:05:12.798  render           | Saved: '/tmp/clearvla_eval_opaque_66846.png'
01:05:13.124  render           | Saved: '/tmp/clearvla_eval_opaque_66846.png'
01:05:13.501  render           | Saved: '/tmp/clearvla_eval_opaque_66846.png'
01:05:13.824  render           | Saved: '/tmp/clearvla_eval_opaque_66846.png'
01:05:14.201  render           | Saved: '/tmp/clearvla_eval_opaque_66846.png'
01:05:14.526  render           | Saved: '/tmp/clearvla_eval_opaque_66846.png'
01:05:14.906  render           | Saved: '/tmp/clearvla_eval_opaque_66846.png'
01:05:15.225  render           | Saved: '/tmp/clearvla_eval_opaque_66846.png'
01:05:15.609  render           | Saved: '/tmp/clearvla_eval_opaque_66846.png'
01:05:15.935  render           | Saved: '/tmp/clearvla_eval_opaque_66846.png'
01:05:16.320  render           | Saved: '/tmp/clearvla_eval_opaque_66846.png'
01:05:16.646  render           | Saved: '/tmp/clearvla_eval_opaque_66846.png'
01:05:17.026  render           | Saved: '/tmp/clearvla_eval_opaque_66846.png'
01:05:17.347  render           | Saved: '/tmp/clearvla_eval_opaque_66846.png'
01:05:17.732  render           | Saved: '/tmp/clearvla_eval_opaque_66846.png'
01:05:18.053  render           | Saved: '/tmp/clearvla_eval_opaque_66846.png'
01:05:18.442  render           | Saved: '/tmp/clearvla_eval_opaque_66846.png'
01:05:18.777  render           | Saved: '/tmp/clearvla_eval_opaque_66846.png'
01:05:19.165  render           | Saved: '/tmp/clearvla_eval_opaque_66846.png'
01:05:19.487  render           | Saved: '/tmp/clearvla_eval_opaque_66846.png'
01:05:19.864  render           | Saved: '/tmp/clearvla_eval_opaque_66846.png'
01:05:20.184  render           | Saved: '/tmp/clearvla_eval_opaque_66846.png'
01:05:20.562  render           | Saved: '/tmp/clearvla_eval_opaque_66846.png'
01:05:20.889  render           | Saved: '/tmp/clearvla_eval_opaque_66846.png'
01:05:21.272  render           | Saved: '/tmp/clearvla_eval_opaque_66846.png'
01:05:21.592  render           | Saved: '/tmp/clearvla_eval_opaque_66846.png'
01:05:21.972  render           | Saved: '/tmp/clearvla_eval_opaque_66846.png'
01:05:22.289  render           | Saved: '/tmp/clearvla_eval_opaque_66846.png'
01:05:24.286  render           | Saved: '/tmp/clearvla_eval_opaque_66846.png'
01:05:24.620  render           | Saved: '/tmp/clearvla_eval_opaque_66846.png'
01:05:25.038  render           | Saved: '/tmp/clearvla_eval_opaque_66846.png'
01:05:25.376  render           | Saved: '/tmp/clearvla_eval_opaque_66846.png'
01:05:25.800  render           | Saved: '/tmp/clearvla_eval_opaque_66846.png'
01:05:26.148  render           | Saved: '/tmp/clearvla_eval_opaque_66846.png'
01:05:26.551  render           | Saved: '/tmp/clearvla_eval_opaque_66846.png'
01:05:26.883  render           | Saved: '/tmp/clearvla_eval_opaque_66846.png'
01:05:27.266  render           | Saved: '/tmp/clearvla_eval_opaque_66846.png'
01:05:27.592  render           | Saved: '/tmp/clearvla_eval_opaque_66846.png'
01:05:27.972  render           | Saved: '/tmp/clearvla_eval_opaque_66846.png'
01:05:28.291  render           | Saved: '/tmp/clearvla_eval_opaque_66846.png'
01:05:28.670  render           | Saved: '/tmp/clearvla_eval_opaque_66846.png'
01:05:28.994  render           | Saved: '/tmp/clearvla_eval_opaque_66846.png'
01:05:29.370  render           | Saved: '/tmp/clearvla_eval_opaque_66846.png'
01:05:29.689  render           | Saved: '/tmp/clearvla_eval_opaque_66846.png'
01:05:30.063  render           | Saved: '/tmp/clearvla_eval_opaque_66846.png'
01:05:30.383  render           | Saved: '/tmp/clearvla_eval_opaque_66846.png'
01:05:30.759  render           | Saved: '/tmp/clearvla_eval_opaque_66846.png'
01:05:31.078  render           | Saved: '/tmp/clearvla_eval_opaque_66846.png'
01:05:31.459  render           | Saved: '/tmp/clearvla_eval_opaque_66846.png'
01:05:31.778  render           | Saved: '/tmp/clearvla_eval_opaque_66846.png'
01:05:32.163  render           | Saved: '/tmp/clearvla_eval_opaque_66846.png'
01:05:32.500  render           | Saved: '/tmp/clearvla_eval_opaque_66846.png'
01:05:32.887  render           | Saved: '/tmp/clearvla_eval_opaque_66846.png'
01:05:33.221  render           | Saved: '/tmp/clearvla_eval_opaque_66846.png'
01:05:33.600  render           | Saved: '/tmp/clearvla_eval_opaque_66846.png'
01:05:33.977  render           | Saved: '/tmp/clearvla_eval_opaque_66846.png'
01:05:34.366  render           | Saved: '/tmp/clearvla_eval_opaque_66846.png'
01:05:34.692  render           | Saved: '/tmp/clearvla_eval_opaque_66846.png'
01:05:35.105  render           | Saved: '/tmp/clearvla_eval_opaque_66846.png'
01:05:35.423  render           | Saved: '/tmp/clearvla_eval_opaque_66846.png'
01:05:35.815  render           | Saved: '/tmp/clearvla_eval_opaque_66846.png'
01:05:36.142  render           | Saved: '/tmp/clearvla_eval_opaque_66846.png'
01:05:36.536  render           | Saved: '/tmp/clearvla_eval_opaque_66846.png'
01:05:36.865  render           | Saved: '/tmp/clearvla_eval_opaque_66846.png'
01:05:37.265  render           | Saved: '/tmp/clearvla_eval_opaque_66846.png'
01:05:37.588  render           | Saved: '/tmp/clearvla_eval_opaque_66846.png'
01:05:37.972  render           | Saved: '/tmp/clearvla_eval_opaque_66846.png'
01:05:38.313  render           | Saved: '/tmp/clearvla_eval_opaque_66846.png'
01:05:38.695  render           | Saved: '/tmp/clearvla_eval_opaque_66846.png'
01:05:39.038  render           | Saved: '/tmp/clearvla_eval_opaque_66846.png'
01:05:39.431  render           | Saved: '/tmp/clearvla_eval_opaque_66846.png'
01:05:39.755  render           | Saved: '/tmp/clearvla_eval_opaque_66846.png'
01:05:40.142  render           | Saved: '/tmp/clearvla_eval_opaque_66846.png'
01:05:40.459  render           | Saved: '/tmp/clearvla_eval_opaque_66846.png'
01:05:40.849  render           | Saved: '/tmp/clearvla_eval_opaque_66846.png'
01:05:41.162  render           | Saved: '/tmp/clearvla_eval_opaque_66846.png'
01:05:41.559  render           | Saved: '/tmp/clearvla_eval_opaque_66846.png'
01:05:41.889  render           | Saved: '/tmp/clearvla_eval_opaque_66846.png'
01:05:42.283  render           | Saved: '/tmp/clearvla_eval_opaque_66846.png'
01:05:42.598  render           | Saved: '/tmp/clearvla_eval_opaque_66846.png'
01:05:43.002  render           | Saved: '/tmp/clearvla_eval_opaque_66846.png'
01:05:43.334  render           | Saved: '/tmp/clearvla_eval_opaque_66846.png'
01:05:43.725  render           | Saved: '/tmp/clearvla_eval_opaque_66846.png'
01:05:44.041  render           | Saved: '/tmp/clearvla_eval_opaque_66846.png'
01:05:44.441  render           | Saved: '/tmp/clearvla_eval_opaque_66846.png'
01:05:44.767  render           | Saved: '/tmp/clearvla_eval_opaque_66846.png'
01:05:45.162  render           | Saved: '/tmp/clearvla_eval_opaque_66846.png'
01:05:45.485  render           | Saved: '/tmp/clearvla_eval_opaque_66846.png'
01:05:45.878  render           | Saved: '/tmp/clearvla_eval_opaque_66846.png'
01:05:46.199  render           | Saved: '/tmp/clearvla_eval_opaque_66846.png'
01:05:46.594  render           | Saved: '/tmp/clearvla_eval_opaque_66846.png'
01:05:46.912  render           | Saved: '/tmp/clearvla_eval_opaque_66846.png'
01:05:47.303  render           | Saved: '/tmp/clearvla_eval_opaque_66846.png'
01:05:47.621  render           | Saved: '/tmp/clearvla_eval_opaque_66846.png'
01:05:48.008  render           | Saved: '/tmp/clearvla_eval_opaque_66846.png'
01:05:48.326  render           | Saved: '/tmp/clearvla_eval_opaque_66846.png'
01:05:48.723  render           | Saved: '/tmp/clearvla_eval_opaque_66846.png'
01:05:49.048  render           | Saved: '/tmp/clearvla_eval_opaque_66846.png'
01:05:49.437  render           | Saved: '/tmp/clearvla_eval_opaque_66846.png'
01:05:49.751  render           | Saved: '/tmp/clearvla_eval_opaque_66846.png'
01:05:50.141  render           | Saved: '/tmp/clearvla_eval_opaque_66846.png'
01:05:50.456  render           | Saved: '/tmp/clearvla_eval_opaque_66846.png'
01:05:50.851  render           | Saved: '/tmp/clearvla_eval_opaque_66846.png'
01:05:51.172  render           | Saved: '/tmp/clearvla_eval_opaque_66846.png'
01:05:53.210  render           | Saved: '/tmp/clearvla_eval_opaque_66846.png'
01:05:53.537  render           | Saved: '/tmp/clearvla_eval_opaque_66846.png'
01:05:53.948  render           | Saved: '/tmp/clearvla_eval_opaque_66846.png'
01:05:54.263  render           | Saved: '/tmp/clearvla_eval_opaque_66846.png'
01:05:54.673  render           | Saved: '/tmp/clearvla_eval_opaque_66846.png'
01:05:54.988  render           | Saved: '/tmp/clearvla_eval_opaque_66846.png'
01:05:55.389  render           | Saved: '/tmp/clearvla_eval_opaque_66846.png'
01:05:55.709  render           | Saved: '/tmp/clearvla_eval_opaque_66846.png'
01:05:56.099  render           | Saved: '/tmp/clearvla_eval_opaque_66846.png'
01:05:56.429  render           | Saved: '/tmp/clearvla_eval_opaque_66846.png'
01:05:56.828  render           | Saved: '/tmp/clearvla_eval_opaque_66846.png'
01:05:57.160  render           | Saved: '/tmp/clearvla_eval_opaque_66846.png'
01:05:57.581  render           | Saved: '/tmp/clearvla_eval_opaque_66846.png'
01:05:57.900  render           | Saved: '/tmp/clearvla_eval_opaque_66846.png'
01:05:58.305  render           | Saved: '/tmp/clearvla_eval_opaque_66846.png'
01:05:58.624  render           | Saved: '/tmp/clearvla_eval_opaque_66846.png'
01:05:59.015  render           | Saved: '/tmp/clearvla_eval_opaque_66846.png'
01:05:59.358  render           | Saved: '/tmp/clearvla_eval_opaque_66846.png'
01:05:59.747  render           | Saved: '/tmp/clearvla_eval_opaque_66846.png'
01:06:00.072  render           | Saved: '/tmp/clearvla_eval_opaque_66846.png'
01:06:00.458  render           | Saved: '/tmp/clearvla_eval_opaque_66846.png'
01:06:00.785  render           | Saved: '/tmp/clearvla_eval_opaque_66846.png'
01:06:01.173  render           | Saved: '/tmp/clearvla_eval_opaque_66846.png'
01:06:01.491  render           | Saved: '/tmp/clearvla_eval_opaque_66846.png'
01:06:01.880  render           | Saved: '/tmp/clearvla_eval_opaque_66846.png'
01:06:02.205  render           | Saved: '/tmp/clearvla_eval_opaque_66846.png'
01:06:02.588  render           | Saved: '/tmp/clearvla_eval_opaque_66846.png'
01:06:02.921  render           | Saved: '/tmp/clearvla_eval_opaque_66846.png'
01:06:03.310  render           | Saved: '/tmp/clearvla_eval_opaque_66846.png'
01:06:03.639  render           | Saved: '/tmp/clearvla_eval_opaque_66846.png'
01:06:04.027  render           | Saved: '/tmp/clearvla_eval_opaque_66846.png'
01:06:04.352  render           | Saved: '/tmp/clearvla_eval_opaque_66846.png'
01:06:04.730  render           | Saved: '/tmp/clearvla_eval_opaque_66846.png'
01:06:05.057  render           | Saved: '/tmp/clearvla_eval_opaque_66846.png'
01:06:05.445  render           | Saved: '/tmp/clearvla_eval_opaque_66846.png'
01:06:05.770  render           | Saved: '/tmp/clearvla_eval_opaque_66846.png'
01:06:06.155  render           | Saved: '/tmp/clearvla_eval_opaque_66846.png'
01:06:06.477  render           | Saved: '/tmp/clearvla_eval_opaque_66846.png'
01:06:06.861  render           | Saved: '/tmp/clearvla_eval_opaque_66846.png'
01:06:07.193  render           | Saved: '/tmp/clearvla_eval_opaque_66846.png'
01:06:07.584  render           | Saved: '/tmp/clearvla_eval_opaque_66846.png'
01:06:07.930  render           | Saved: '/tmp/clearvla_eval_opaque_66846.png'
01:06:08.311  render           | Saved: '/tmp/clearvla_eval_opaque_66846.png'
01:06:08.649  render           | Saved: '/tmp/clearvla_eval_opaque_66846.png'
01:06:09.041  render           | Saved: '/tmp/clearvla_eval_opaque_66846.png'
01:06:09.385  render           | Saved: '/tmp/clearvla_eval_opaque_66846.png'
01:06:09.764  render           | Saved: '/tmp/clearvla_eval_opaque_66846.png'
01:06:10.104  render           | Saved: '/tmp/clearvla_eval_opaque_66846.png'
01:06:10.494  render           | Saved: '/tmp/clearvla_eval_opaque_66846.png'
01:06:10.831  render           | Saved: '/tmp/clearvla_eval_opaque_66846.png'
01:06:11.216  render           | Saved: '/tmp/clearvla_eval_opaque_66846.png'
01:06:11.547  render           | Saved: '/tmp/clearvla_eval_opaque_66846.png'
01:06:11.942  render           | Saved: '/tmp/clearvla_eval_opaque_66846.png'
01:06:12.280  render           | Saved: '/tmp/clearvla_eval_opaque_66846.png'
01:06:12.673  render           | Saved: '/tmp/clearvla_eval_opaque_66846.png'
01:06:13.010  render           | Saved: '/tmp/clearvla_eval_opaque_66846.png'
01:06:13.401  render           | Saved: '/tmp/clearvla_eval_opaque_66846.png'
01:06:13.748  render           | Saved: '/tmp/clearvla_eval_opaque_66846.png'
01:06:14.136  render           | Saved: '/tmp/clearvla_eval_opaque_66846.png'
01:06:14.460  render           | Saved: '/tmp/clearvla_eval_opaque_66846.png'
01:06:14.848  render           | Saved: '/tmp/clearvla_eval_opaque_66846.png'
01:06:15.169  render           | Saved: '/tmp/clearvla_eval_opaque_66846.png'
01:06:15.551  render           | Saved: '/tmp/clearvla_eval_opaque_66846.png'
01:06:15.876  render           | Saved: '/tmp/clearvla_eval_opaque_66846.png'
01:06:16.259  render           | Saved: '/tmp/clearvla_eval_opaque_66846.png'
01:06:16.581  render           | Saved: '/tmp/clearvla_eval_opaque_66846.png'
01:06:16.963  render           | Saved: '/tmp/clearvla_eval_opaque_66846.png'
01:06:17.284  render           | Saved: '/tmp/clearvla_eval_opaque_66846.png'
01:06:17.665  render           | Saved: '/tmp/clearvla_eval_opaque_66846.png'
01:06:17.986  render           | Saved: '/tmp/clearvla_eval_opaque_66846.png'
01:06:18.380  render           | Saved: '/tmp/clearvla_eval_opaque_66846.png'
01:06:18.716  render           | Saved: '/tmp/clearvla_eval_opaque_66846.png'
01:06:19.104  render           | Saved: '/tmp/clearvla_eval_opaque_66846.png'
01:06:19.442  render           | Saved: '/tmp/clearvla_eval_opaque_66846.png'
01:06:19.831  render           | Saved: '/tmp/clearvla_eval_opaque_66846.png'
01:06:20.163  render           | Saved: '/tmp/clearvla_eval_opaque_66846.png'
01:06:22.219  render           | Saved: '/tmp/clearvla_eval_opaque_66846.png'
01:06:22.549  render           | Saved: '/tmp/clearvla_eval_opaque_66846.png'
01:06:22.957  render           | Saved: '/tmp/clearvla_eval_opaque_66846.png'
01:06:23.283  render           | Saved: '/tmp/clearvla_eval_opaque_66846.png'
01:06:23.700  render           | Saved: '/tmp/clearvla_eval_opaque_66846.png'
01:06:24.028  render           | Saved: '/tmp/clearvla_eval_opaque_66846.png'
01:06:24.410  render           | Saved: '/tmp/clearvla_eval_opaque_66846.png'
01:06:24.743  render           | Saved: '/tmp/clearvla_eval_opaque_66846.png'
01:06:25.120  render           | Saved: '/tmp/clearvla_eval_opaque_66846.png'
01:06:25.447  render           | Saved: '/tmp/clearvla_eval_opaque_66846.png'
01:06:25.821  render           | Saved: '/tmp/clearvla_eval_opaque_66846.png'
01:06:26.147  render           | Saved: '/tmp/clearvla_eval_opaque_66846.png'
01:06:26.531  render           | Saved: '/tmp/clearvla_eval_opaque_66846.png'
01:06:26.853  render           | Saved: '/tmp/clearvla_eval_opaque_66846.png'
01:06:27.241  render           | Saved: '/tmp/clearvla_eval_opaque_66846.png'
01:06:27.565  render           | Saved: '/tmp/clearvla_eval_opaque_66846.png'
01:06:27.946  render           | Saved: '/tmp/clearvla_eval_opaque_66846.png'
01:06:28.267  render           | Saved: '/tmp/clearvla_eval_opaque_66846.png'
01:06:28.650  render           | Saved: '/tmp/clearvla_eval_opaque_66846.png'
01:06:28.973  render           | Saved: '/tmp/clearvla_eval_opaque_66846.png'
01:06:29.356  render           | Saved: '/tmp/clearvla_eval_opaque_66846.png'
01:06:29.682  render           | Saved: '/tmp/clearvla_eval_opaque_66846.png'
01:06:30.067  render           | Saved: '/tmp/clearvla_eval_opaque_66846.png'
01:06:30.389  render           | Saved: '/tmp/clearvla_eval_opaque_66846.png'
01:06:30.772  render           | Saved: '/tmp/clearvla_eval_opaque_66846.png'
01:06:31.094  render           | Saved: '/tmp/clearvla_eval_opaque_66846.png'
01:06:31.479  render           | Saved: '/tmp/clearvla_eval_opaque_66846.png'
01:06:31.803  render           | Saved: '/tmp/clearvla_eval_opaque_66846.png'
01:06:32.184  render           | Saved: '/tmp/clearvla_eval_opaque_66846.png'
01:06:32.515  render           | Saved: '/tmp/clearvla_eval_opaque_66846.png'
01:06:32.902  render           | Saved: '/tmp/clearvla_eval_opaque_66846.png'
01:06:33.227  render           | Saved: '/tmp/clearvla_eval_opaque_66846.png'
01:06:33.603  render           | Saved: '/tmp/clearvla_eval_opaque_66846.png'
01:06:33.922  render           | Saved: '/tmp/clearvla_eval_opaque_66846.png'
01:06:34.334  render           | Saved: '/tmp/clearvla_eval_opaque_66846.png'
01:06:34.663  render           | Saved: '/tmp/clearvla_eval_opaque_66846.png'
01:06:35.049  render           | Saved: '/tmp/clearvla_eval_opaque_66846.png'
01:06:35.362  render           | Saved: '/tmp/clearvla_eval_opaque_66846.png'
01:06:35.748  render           | Saved: '/tmp/clearvla_eval_opaque_66846.png'
01:06:36.075  render           | Saved: '/tmp/clearvla_eval_opaque_66846.png'
01:06:36.466  render           | Saved: '/tmp/clearvla_eval_opaque_66846.png'
01:06:36.849  render           | Saved: '/tmp/clearvla_eval_opaque_66846.png'
01:06:37.289  render           | Saved: '/tmp/clearvla_eval_opaque_66846.png'
01:06:37.623  render           | Saved: '/tmp/clearvla_eval_opaque_66846.png'
01:06:38.006  render           | Saved: '/tmp/clearvla_eval_opaque_66846.png'
01:06:38.335  render           | Saved: '/tmp/clearvla_eval_opaque_66846.png'
01:06:38.716  render           | Saved: '/tmp/clearvla_eval_opaque_66846.png'
01:06:39.044  render           | Saved: '/tmp/clearvla_eval_opaque_66846.png'
01:06:39.424  render           | Saved: '/tmp/clearvla_eval_opaque_66846.png'
01:06:39.745  render           | Saved: '/tmp/clearvla_eval_opaque_66846.png'
01:06:40.123  render           | Saved: '/tmp/clearvla_eval_opaque_66846.png'
01:06:40.441  render           | Saved: '/tmp/clearvla_eval_opaque_66846.png'
01:06:40.820  render           | Saved: '/tmp/clearvla_eval_opaque_66846.png'
01:06:41.138  render           | Saved: '/tmp/clearvla_eval_opaque_66846.png'
01:06:41.524  render           | Saved: '/tmp/clearvla_eval_opaque_66846.png'
01:06:41.847  render           | Saved: '/tmp/clearvla_eval_opaque_66846.png'
01:06:42.227  render           | Saved: '/tmp/clearvla_eval_opaque_66846.png'
01:06:42.549  render           | Saved: '/tmp/clearvla_eval_opaque_66846.png'
01:06:42.930  render           | Saved: '/tmp/clearvla_eval_opaque_66846.png'
01:06:43.251  render           | Saved: '/tmp/clearvla_eval_opaque_66846.png'
01:06:43.636  render           | Saved: '/tmp/clearvla_eval_opaque_66846.png'
01:06:43.957  render           | Saved: '/tmp/clearvla_eval_opaque_66846.png'
01:06:44.341  render           | Saved: '/tmp/clearvla_eval_opaque_66846.png'
01:06:44.660  render           | Saved: '/tmp/clearvla_eval_opaque_66846.png'
01:06:45.037  render           | Saved: '/tmp/clearvla_eval_opaque_66846.png'
01:06:45.363  render           | Saved: '/tmp/clearvla_eval_opaque_66846.png'
01:06:45.753  render           | Saved: '/tmp/clearvla_eval_opaque_66846.png'
01:06:46.077  render           | Saved: '/tmp/clearvla_eval_opaque_66846.png'
01:06:46.460  render           | Saved: '/tmp/clearvla_eval_opaque_66846.png'
01:06:46.788  render           | Saved: '/tmp/clearvla_eval_opaque_66846.png'
01:06:47.168  render           | Saved: '/tmp/clearvla_eval_opaque_66846.png'
01:06:47.491  render           | Saved: '/tmp/clearvla_eval_opaque_66846.png'
01:06:47.876  render           | Saved: '/tmp/clearvla_eval_opaque_66846.png'
01:06:48.197  render           | Saved: '/tmp/clearvla_eval_opaque_66846.png'
01:06:48.574  render           | Saved: '/tmp/clearvla_eval_opaque_66846.png'
01:06:48.893  render           | Saved: '/tmp/clearvla_eval_opaque_66846.png'
[full/opaque] pour: 9/80  (66.7 min, 27.1 s/ep)
01:06:50.957  render           | Saved: '/tmp/clearvla_eval_opaque_66846.png'
01:06:51.272  render           | Saved: '/tmp/clearvla_eval_opaque_66846.png'
01:06:51.672  render           | Saved: '/tmp/clearvla_eval_opaque_66846.png'
01:06:51.992  render           | Saved: '/tmp/clearvla_eval_opaque_66846.png'
01:06:52.391  render           | Saved: '/tmp/clearvla_eval_opaque_66846.png'
01:06:52.744  render           | Saved: '/tmp/clearvla_eval_opaque_66846.png'
01:06:53.158  render           | Saved: '/tmp/clearvla_eval_opaque_66846.png'
01:06:53.490  render           | Saved: '/tmp/clearvla_eval_opaque_66846.png'
01:06:53.878  render           | Saved: '/tmp/clearvla_eval_opaque_66846.png'
01:06:54.213  render           | Saved: '/tmp/clearvla_eval_opaque_66846.png'
01:06:54.597  render           | Saved: '/tmp/clearvla_eval_opaque_66846.png'
01:06:54.926  render           | Saved: '/tmp/clearvla_eval_opaque_66846.png'
01:06:55.311  render           | Saved: '/tmp/clearvla_eval_opaque_66846.png'
01:06:55.638  render           | Saved: '/tmp/clearvla_eval_opaque_66846.png'
01:06:56.021  render           | Saved: '/tmp/clearvla_eval_opaque_66846.png'
01:06:56.339  render           | Saved: '/tmp/clearvla_eval_opaque_66846.png'
01:06:56.718  render           | Saved: '/tmp/clearvla_eval_opaque_66846.png'
01:06:57.041  render           | Saved: '/tmp/clearvla_eval_opaque_66846.png'
01:06:57.426  render           | Saved: '/tmp/clearvla_eval_opaque_66846.png'
01:06:57.753  render           | Saved: '/tmp/clearvla_eval_opaque_66846.png'
01:06:58.156  render           | Saved: '/tmp/clearvla_eval_opaque_66846.png'
01:06:58.539  render           | Saved: '/tmp/clearvla_eval_opaque_66846.png'
01:06:58.939  render           | Saved: '/tmp/clearvla_eval_opaque_66846.png'
01:06:59.278  render           | Saved: '/tmp/clearvla_eval_opaque_66846.png'
01:06:59.675  render           | Saved: '/tmp/clearvla_eval_opaque_66846.png'
01:07:00.013  render           | Saved: '/tmp/clearvla_eval_opaque_66846.png'
01:07:00.402  render           | Saved: '/tmp/clearvla_eval_opaque_66846.png'
01:07:00.737  render           | Saved: '/tmp/clearvla_eval_opaque_66846.png'
01:07:01.122  render           | Saved: '/tmp/clearvla_eval_opaque_66846.png'
01:07:01.448  render           | Saved: '/tmp/clearvla_eval_opaque_66846.png'
01:07:01.828  render           | Saved: '/tmp/clearvla_eval_opaque_66846.png'
01:07:02.173  render           | Saved: '/tmp/clearvla_eval_opaque_66846.png'
01:07:02.574  render           | Saved: '/tmp/clearvla_eval_opaque_66846.png'
01:07:02.906  render           | Saved: '/tmp/clearvla_eval_opaque_66846.png'
01:07:03.329  render           | Saved: '/tmp/clearvla_eval_opaque_66846.png'
01:07:03.667  render           | Saved: '/tmp/clearvla_eval_opaque_66846.png'
01:07:04.064  render           | Saved: '/tmp/clearvla_eval_opaque_66846.png'
01:07:04.390  render           | Saved: '/tmp/clearvla_eval_opaque_66846.png'
01:07:04.802  render           | Saved: '/tmp/clearvla_eval_opaque_66846.png'
01:07:05.121  render           | Saved: '/tmp/clearvla_eval_opaque_66846.png'
01:07:05.505  render           | Saved: '/tmp/clearvla_eval_opaque_66846.png'
01:07:05.828  render           | Saved: '/tmp/clearvla_eval_opaque_66846.png'
01:07:06.227  render           | Saved: '/tmp/clearvla_eval_opaque_66846.png'
01:07:06.587  render           | Saved: '/tmp/clearvla_eval_opaque_66846.png'
01:07:07.032  render           | Saved: '/tmp/clearvla_eval_opaque_66846.png'
01:07:07.368  render           | Saved: '/tmp/clearvla_eval_opaque_66846.png'
01:07:07.764  render           | Saved: '/tmp/clearvla_eval_opaque_66846.png'
01:07:08.101  render           | Saved: '/tmp/clearvla_eval_opaque_66846.png'
01:07:08.499  render           | Saved: '/tmp/clearvla_eval_opaque_66846.png'
01:07:08.832  render           | Saved: '/tmp/clearvla_eval_opaque_66846.png'
01:07:09.220  render           | Saved: '/tmp/clearvla_eval_opaque_66846.png'
01:07:09.544  render           | Saved: '/tmp/clearvla_eval_opaque_66846.png'
01:07:09.923  render           | Saved: '/tmp/clearvla_eval_opaque_66846.png'
01:07:10.248  render           | Saved: '/tmp/clearvla_eval_opaque_66846.png'
01:07:10.639  render           | Saved: '/tmp/clearvla_eval_opaque_66846.png'
01:07:10.961  render           | Saved: '/tmp/clearvla_eval_opaque_66846.png'
01:07:11.348  render           | Saved: '/tmp/clearvla_eval_opaque_66846.png'
01:07:11.674  render           | Saved: '/tmp/clearvla_eval_opaque_66846.png'
01:07:12.069  render           | Saved: '/tmp/clearvla_eval_opaque_66846.png'
01:07:12.404  render           | Saved: '/tmp/clearvla_eval_opaque_66846.png'
01:07:12.807  render           | Saved: '/tmp/clearvla_eval_opaque_66846.png'
01:07:13.147  render           | Saved: '/tmp/clearvla_eval_opaque_66846.png'
01:07:13.544  render           | Saved: '/tmp/clearvla_eval_opaque_66846.png'
01:07:13.886  render           | Saved: '/tmp/clearvla_eval_opaque_66846.png'
01:07:14.281  render           | Saved: '/tmp/clearvla_eval_opaque_66846.png'
01:07:14.627  render           | Saved: '/tmp/clearvla_eval_opaque_66846.png'
01:07:15.030  render           | Saved: '/tmp/clearvla_eval_opaque_66846.png'
01:07:15.373  render           | Saved: '/tmp/clearvla_eval_opaque_66846.png'
01:07:15.779  render           | Saved: '/tmp/clearvla_eval_opaque_66846.png'
01:07:16.127  render           | Saved: '/tmp/clearvla_eval_opaque_66846.png'
01:07:16.522  render           | Saved: '/tmp/clearvla_eval_opaque_66846.png'
01:07:16.853  render           | Saved: '/tmp/clearvla_eval_opaque_66846.png'
01:07:17.247  render           | Saved: '/tmp/clearvla_eval_opaque_66846.png'
01:07:17.615  render           | Saved: '/tmp/clearvla_eval_opaque_66846.png'
01:07:18.201  render           | Saved: '/tmp/clearvla_eval_opaque_66846.png'
01:07:18.669  render           | Saved: '/tmp/clearvla_eval_opaque_66846.png'
01:07:20.857  render           | Saved: '/tmp/clearvla_eval_opaque_66846.png'
01:07:21.214  render           | Saved: '/tmp/clearvla_eval_opaque_66846.png'
01:07:21.626  render           | Saved: '/tmp/clearvla_eval_opaque_66846.png'
01:07:21.977  render           | Saved: '/tmp/clearvla_eval_opaque_66846.png'
01:07:22.426  render           | Saved: '/tmp/clearvla_eval_opaque_66846.png'
01:07:22.768  render           | Saved: '/tmp/clearvla_eval_opaque_66846.png'
01:07:23.178  render           | Saved: '/tmp/clearvla_eval_opaque_66846.png'
01:07:23.538  render           | Saved: '/tmp/clearvla_eval_opaque_66846.png'
01:07:23.956  render           | Saved: '/tmp/clearvla_eval_opaque_66846.png'
01:07:24.280  render           | Saved: '/tmp/clearvla_eval_opaque_66846.png'
01:07:24.675  render           | Saved: '/tmp/clearvla_eval_opaque_66846.png'
01:07:25.021  render           | Saved: '/tmp/clearvla_eval_opaque_66846.png'
01:07:25.418  render           | Saved: '/tmp/clearvla_eval_opaque_66846.png'
01:07:25.755  render           | Saved: '/tmp/clearvla_eval_opaque_66846.png'
01:07:26.171  render           | Saved: '/tmp/clearvla_eval_opaque_66846.png'
01:07:26.526  render           | Saved: '/tmp/clearvla_eval_opaque_66846.png'
01:07:26.958  render           | Saved: '/tmp/clearvla_eval_opaque_66846.png'
01:07:27.320  render           | Saved: '/tmp/clearvla_eval_opaque_66846.png'
01:07:27.728  render           | Saved: '/tmp/clearvla_eval_opaque_66846.png'
01:07:28.067  render           | Saved: '/tmp/clearvla_eval_opaque_66846.png'
01:07:28.468  render           | Saved: '/tmp/clearvla_eval_opaque_66846.png'
01:07:28.810  render           | Saved: '/tmp/clearvla_eval_opaque_66846.png'
01:07:29.215  render           | Saved: '/tmp/clearvla_eval_opaque_66846.png'
01:07:29.553  render           | Saved: '/tmp/clearvla_eval_opaque_66846.png'
01:07:29.954  render           | Saved: '/tmp/clearvla_eval_opaque_66846.png'
01:07:30.303  render           | Saved: '/tmp/clearvla_eval_opaque_66846.png'
01:07:30.706  render           | Saved: '/tmp/clearvla_eval_opaque_66846.png'
01:07:31.036  render           | Saved: '/tmp/clearvla_eval_opaque_66846.png'
01:07:31.434  render           | Saved: '/tmp/clearvla_eval_opaque_66846.png'
01:07:31.772  render           | Saved: '/tmp/clearvla_eval_opaque_66846.png'
01:07:32.162  render           | Saved: '/tmp/clearvla_eval_opaque_66846.png'
01:07:32.491  render           | Saved: '/tmp/clearvla_eval_opaque_66846.png'
01:07:32.884  render           | Saved: '/tmp/clearvla_eval_opaque_66846.png'
01:07:33.204  render           | Saved: '/tmp/clearvla_eval_opaque_66846.png'
01:07:33.634  render           | Saved: '/tmp/clearvla_eval_opaque_66846.png'
01:07:33.953  render           | Saved: '/tmp/clearvla_eval_opaque_66846.png'
01:07:34.391  render           | Saved: '/tmp/clearvla_eval_opaque_66846.png'
01:07:34.706  render           | Saved: '/tmp/clearvla_eval_opaque_66846.png'
01:07:35.097  render           | Saved: '/tmp/clearvla_eval_opaque_66846.png'
01:07:35.420  render           | Saved: '/tmp/clearvla_eval_opaque_66846.png'
01:07:35.836  render           | Saved: '/tmp/clearvla_eval_opaque_66846.png'
01:07:36.174  render           | Saved: '/tmp/clearvla_eval_opaque_66846.png'
01:07:36.629  render           | Saved: '/tmp/clearvla_eval_opaque_66846.png'
01:07:37.008  render           | Saved: '/tmp/clearvla_eval_opaque_66846.png'
01:07:37.463  render           | Saved: '/tmp/clearvla_eval_opaque_66846.png'
01:07:37.817  render           | Saved: '/tmp/clearvla_eval_opaque_66846.png'
01:07:38.243  render           | Saved: '/tmp/clearvla_eval_opaque_66846.png'
01:07:38.578  render           | Saved: '/tmp/clearvla_eval_opaque_66846.png'
01:07:38.987  render           | Saved: '/tmp/clearvla_eval_opaque_66846.png'
01:07:39.333  render           | Saved: '/tmp/clearvla_eval_opaque_66846.png'
01:07:39.743  render           | Saved: '/tmp/clearvla_eval_opaque_66846.png'
01:07:40.079  render           | Saved: '/tmp/clearvla_eval_opaque_66846.png'
01:07:40.469  render           | Saved: '/tmp/clearvla_eval_opaque_66846.png'
01:07:40.791  render           | Saved: '/tmp/clearvla_eval_opaque_66846.png'
01:07:41.184  render           | Saved: '/tmp/clearvla_eval_opaque_66846.png'
01:07:41.505  render           | Saved: '/tmp/clearvla_eval_opaque_66846.png'
01:07:41.899  render           | Saved: '/tmp/clearvla_eval_opaque_66846.png'
01:07:42.218  render           | Saved: '/tmp/clearvla_eval_opaque_66846.png'
01:07:42.609  render           | Saved: '/tmp/clearvla_eval_opaque_66846.png'
01:07:42.926  render           | Saved: '/tmp/clearvla_eval_opaque_66846.png'
01:07:43.329  render           | Saved: '/tmp/clearvla_eval_opaque_66846.png'
01:07:43.658  render           | Saved: '/tmp/clearvla_eval_opaque_66846.png'
01:07:44.067  render           | Saved: '/tmp/clearvla_eval_opaque_66846.png'
01:07:44.389  render           | Saved: '/tmp/clearvla_eval_opaque_66846.png'
01:07:44.801  render           | Saved: '/tmp/clearvla_eval_opaque_66846.png'
01:07:45.129  render           | Saved: '/tmp/clearvla_eval_opaque_66846.png'
01:07:45.527  render           | Saved: '/tmp/clearvla_eval_opaque_66846.png'
01:07:45.861  render           | Saved: '/tmp/clearvla_eval_opaque_66846.png'
01:07:46.258  render           | Saved: '/tmp/clearvla_eval_opaque_66846.png'
01:07:46.606  render           | Saved: '/tmp/clearvla_eval_opaque_66846.png'
01:07:46.999  render           | Saved: '/tmp/clearvla_eval_opaque_66846.png'
01:07:47.376  render           | Saved: '/tmp/clearvla_eval_opaque_66846.png'
01:07:47.774  render           | Saved: '/tmp/clearvla_eval_opaque_66846.png'
01:07:48.086  render           | Saved: '/tmp/clearvla_eval_opaque_66846.png'
01:07:48.476  render           | Saved: '/tmp/clearvla_eval_opaque_66846.png'
01:07:48.798  render           | Saved: '/tmp/clearvla_eval_opaque_66846.png'
01:07:50.921  render           | Saved: '/tmp/clearvla_eval_opaque_66846.png'
01:07:51.262  render           | Saved: '/tmp/clearvla_eval_opaque_66846.png'
01:07:51.700  render           | Saved: '/tmp/clearvla_eval_opaque_66846.png'
01:07:52.048  render           | Saved: '/tmp/clearvla_eval_opaque_66846.png'
01:07:52.442  render           | Saved: '/tmp/clearvla_eval_opaque_66846.png'
01:07:52.773  render           | Saved: '/tmp/clearvla_eval_opaque_66846.png'
01:07:53.170  render           | Saved: '/tmp/clearvla_eval_opaque_66846.png'
01:07:53.499  render           | Saved: '/tmp/clearvla_eval_opaque_66846.png'
01:07:53.884  render           | Saved: '/tmp/clearvla_eval_opaque_66846.png'
01:07:54.217  render           | Saved: '/tmp/clearvla_eval_opaque_66846.png'
01:07:54.605  render           | Saved: '/tmp/clearvla_eval_opaque_66846.png'
01:07:54.938  render           | Saved: '/tmp/clearvla_eval_opaque_66846.png'
01:07:55.320  render           | Saved: '/tmp/clearvla_eval_opaque_66846.png'
01:07:55.650  render           | Saved: '/tmp/clearvla_eval_opaque_66846.png'
01:07:56.038  render           | Saved: '/tmp/clearvla_eval_opaque_66846.png'
01:07:56.369  render           | Saved: '/tmp/clearvla_eval_opaque_66846.png'
01:07:56.761  render           | Saved: '/tmp/clearvla_eval_opaque_66846.png'
01:07:57.088  render           | Saved: '/tmp/clearvla_eval_opaque_66846.png'
01:07:57.473  render           | Saved: '/tmp/clearvla_eval_opaque_66846.png'
01:07:57.813  render           | Saved: '/tmp/clearvla_eval_opaque_66846.png'
01:07:58.198  render           | Saved: '/tmp/clearvla_eval_opaque_66846.png'
01:07:58.534  render           | Saved: '/tmp/clearvla_eval_opaque_66846.png'
01:07:58.929  render           | Saved: '/tmp/clearvla_eval_opaque_66846.png'
01:07:59.255  render           | Saved: '/tmp/clearvla_eval_opaque_66846.png'
01:07:59.649  render           | Saved: '/tmp/clearvla_eval_opaque_66846.png'
01:07:59.981  render           | Saved: '/tmp/clearvla_eval_opaque_66846.png'
01:08:00.368  render           | Saved: '/tmp/clearvla_eval_opaque_66846.png'
01:08:00.697  render           | Saved: '/tmp/clearvla_eval_opaque_66846.png'
01:08:01.079  render           | Saved: '/tmp/clearvla_eval_opaque_66846.png'
01:08:01.410  render           | Saved: '/tmp/clearvla_eval_opaque_66846.png'
01:08:01.799  render           | Saved: '/tmp/clearvla_eval_opaque_66846.png'
01:08:02.131  render           | Saved: '/tmp/clearvla_eval_opaque_66846.png'
01:08:02.522  render           | Saved: '/tmp/clearvla_eval_opaque_66846.png'
01:08:02.857  render           | Saved: '/tmp/clearvla_eval_opaque_66846.png'
01:08:03.246  render           | Saved: '/tmp/clearvla_eval_opaque_66846.png'
01:08:03.601  render           | Saved: '/tmp/clearvla_eval_opaque_66846.png'
01:08:04.004  render           | Saved: '/tmp/clearvla_eval_opaque_66846.png'
01:08:04.325  render           | Saved: '/tmp/clearvla_eval_opaque_66846.png'
01:08:04.730  render           | Saved: '/tmp/clearvla_eval_opaque_66846.png'
01:08:05.048  render           | Saved: '/tmp/clearvla_eval_opaque_66846.png'
01:08:05.456  render           | Saved: '/tmp/clearvla_eval_opaque_66846.png'
01:08:05.784  render           | Saved: '/tmp/clearvla_eval_opaque_66846.png'
01:08:06.185  render           | Saved: '/tmp/clearvla_eval_opaque_66846.png'
01:08:06.511  render           | Saved: '/tmp/clearvla_eval_opaque_66846.png'
01:08:06.913  render           | Saved: '/tmp/clearvla_eval_opaque_66846.png'
01:08:07.264  render           | Saved: '/tmp/clearvla_eval_opaque_66846.png'
01:08:07.660  render           | Saved: '/tmp/clearvla_eval_opaque_66846.png'
01:08:07.998  render           | Saved: '/tmp/clearvla_eval_opaque_66846.png'
01:08:08.417  render           | Saved: '/tmp/clearvla_eval_opaque_66846.png'
01:08:08.760  render           | Saved: '/tmp/clearvla_eval_opaque_66846.png'
01:08:09.166  render           | Saved: '/tmp/clearvla_eval_opaque_66846.png'
01:08:09.508  render           | Saved: '/tmp/clearvla_eval_opaque_66846.png'
01:08:09.917  render           | Saved: '/tmp/clearvla_eval_opaque_66846.png'
01:08:10.253  render           | Saved: '/tmp/clearvla_eval_opaque_66846.png'
01:08:10.679  render           | Saved: '/tmp/clearvla_eval_opaque_66846.png'
01:08:11.022  render           | Saved: '/tmp/clearvla_eval_opaque_66846.png'
01:08:11.457  render           | Saved: '/tmp/clearvla_eval_opaque_66846.png'
01:08:11.790  render           | Saved: '/tmp/clearvla_eval_opaque_66846.png'
01:08:12.251  render           | Saved: '/tmp/clearvla_eval_opaque_66846.png'
01:08:12.580  render           | Saved: '/tmp/clearvla_eval_opaque_66846.png'
01:08:12.997  render           | Saved: '/tmp/clearvla_eval_opaque_66846.png'
01:08:13.336  render           | Saved: '/tmp/clearvla_eval_opaque_66846.png'
01:08:13.748  render           | Saved: '/tmp/clearvla_eval_opaque_66846.png'
01:08:14.078  render           | Saved: '/tmp/clearvla_eval_opaque_66846.png'
01:08:14.522  render           | Saved: '/tmp/clearvla_eval_opaque_66846.png'
01:08:14.858  render           | Saved: '/tmp/clearvla_eval_opaque_66846.png'
01:08:15.327  render           | Saved: '/tmp/clearvla_eval_opaque_66846.png'
01:08:15.652  render           | Saved: '/tmp/clearvla_eval_opaque_66846.png'
01:08:16.097  render           | Saved: '/tmp/clearvla_eval_opaque_66846.png'
01:08:16.422  render           | Saved: '/tmp/clearvla_eval_opaque_66846.png'
01:08:16.862  render           | Saved: '/tmp/clearvla_eval_opaque_66846.png'
01:08:17.187  render           | Saved: '/tmp/clearvla_eval_opaque_66846.png'
01:08:17.636  render           | Saved: '/tmp/clearvla_eval_opaque_66846.png'
01:08:17.960  render           | Saved: '/tmp/clearvla_eval_opaque_66846.png'
01:08:18.383  render           | Saved: '/tmp/clearvla_eval_opaque_66846.png'
01:08:18.707  render           | Saved: '/tmp/clearvla_eval_opaque_66846.png'
01:08:20.803  render           | Saved: '/tmp/clearvla_eval_opaque_66846.png'
01:08:21.122  render           | Saved: '/tmp/clearvla_eval_opaque_66846.png'
01:08:21.537  render           | Saved: '/tmp/clearvla_eval_opaque_66846.png'
01:08:21.863  render           | Saved: '/tmp/clearvla_eval_opaque_66846.png'
01:08:22.246  render           | Saved: '/tmp/clearvla_eval_opaque_66846.png'
01:08:22.581  render           | Saved: '/tmp/clearvla_eval_opaque_66846.png'
01:08:22.961  render           | Saved: '/tmp/clearvla_eval_opaque_66846.png'
01:08:23.310  render           | Saved: '/tmp/clearvla_eval_opaque_66846.png'
01:08:23.700  render           | Saved: '/tmp/clearvla_eval_opaque_66846.png'
01:08:24.032  render           | Saved: '/tmp/clearvla_eval_opaque_66846.png'
01:08:24.416  render           | Saved: '/tmp/clearvla_eval_opaque_66846.png'
01:08:24.766  render           | Saved: '/tmp/clearvla_eval_opaque_66846.png'
01:08:25.165  render           | Saved: '/tmp/clearvla_eval_opaque_66846.png'
01:08:25.510  render           | Saved: '/tmp/clearvla_eval_opaque_66846.png'
01:08:25.899  render           | Saved: '/tmp/clearvla_eval_opaque_66846.png'
01:08:26.240  render           | Saved: '/tmp/clearvla_eval_opaque_66846.png'
01:08:26.633  render           | Saved: '/tmp/clearvla_eval_opaque_66846.png'
01:08:26.959  render           | Saved: '/tmp/clearvla_eval_opaque_66846.png'
01:08:27.338  render           | Saved: '/tmp/clearvla_eval_opaque_66846.png'
01:08:27.655  render           | Saved: '/tmp/clearvla_eval_opaque_66846.png'
01:08:28.044  render           | Saved: '/tmp/clearvla_eval_opaque_66846.png'
01:08:28.366  render           | Saved: '/tmp/clearvla_eval_opaque_66846.png'
01:08:28.743  render           | Saved: '/tmp/clearvla_eval_opaque_66846.png'
01:08:29.113  render           | Saved: '/tmp/clearvla_eval_opaque_66846.png'
01:08:29.497  render           | Saved: '/tmp/clearvla_eval_opaque_66846.png'
01:08:29.847  render           | Saved: '/tmp/clearvla_eval_opaque_66846.png'
01:08:30.264  render           | Saved: '/tmp/clearvla_eval_opaque_66846.png'
01:08:30.606  render           | Saved: '/tmp/clearvla_eval_opaque_66846.png'
01:08:31.036  render           | Saved: '/tmp/clearvla_eval_opaque_66846.png'
01:08:31.377  render           | Saved: '/tmp/clearvla_eval_opaque_66846.png'
01:08:31.806  render           | Saved: '/tmp/clearvla_eval_opaque_66846.png'
01:08:32.131  render           | Saved: '/tmp/clearvla_eval_opaque_66846.png'
01:08:32.534  render           | Saved: '/tmp/clearvla_eval_opaque_66846.png'
01:08:32.860  render           | Saved: '/tmp/clearvla_eval_opaque_66846.png'
01:08:33.261  render           | Saved: '/tmp/clearvla_eval_opaque_66846.png'
01:08:33.588  render           | Saved: '/tmp/clearvla_eval_opaque_66846.png'
01:08:33.993  render           | Saved: '/tmp/clearvla_eval_opaque_66846.png'
01:08:34.313  render           | Saved: '/tmp/clearvla_eval_opaque_66846.png'
01:08:34.726  render           | Saved: '/tmp/clearvla_eval_opaque_66846.png'
01:08:35.072  render           | Saved: '/tmp/clearvla_eval_opaque_66846.png'
01:08:35.500  render           | Saved: '/tmp/clearvla_eval_opaque_66846.png'
01:08:35.842  render           | Saved: '/tmp/clearvla_eval_opaque_66846.png'
01:08:36.257  render           | Saved: '/tmp/clearvla_eval_opaque_66846.png'
01:08:36.591  render           | Saved: '/tmp/clearvla_eval_opaque_66846.png'
01:08:36.994  render           | Saved: '/tmp/clearvla_eval_opaque_66846.png'
01:08:37.323  render           | Saved: '/tmp/clearvla_eval_opaque_66846.png'
01:08:37.728  render           | Saved: '/tmp/clearvla_eval_opaque_66846.png'
01:08:38.052  render           | Saved: '/tmp/clearvla_eval_opaque_66846.png'
01:08:38.442  render           | Saved: '/tmp/clearvla_eval_opaque_66846.png'
01:08:38.775  render           | Saved: '/tmp/clearvla_eval_opaque_66846.png'
01:08:39.163  render           | Saved: '/tmp/clearvla_eval_opaque_66846.png'
01:08:39.495  render           | Saved: '/tmp/clearvla_eval_opaque_66846.png'
01:08:39.900  render           | Saved: '/tmp/clearvla_eval_opaque_66846.png'
01:08:40.239  render           | Saved: '/tmp/clearvla_eval_opaque_66846.png'
01:08:40.654  render           | Saved: '/tmp/clearvla_eval_opaque_66846.png'
01:08:40.982  render           | Saved: '/tmp/clearvla_eval_opaque_66846.png'
01:08:41.379  render           | Saved: '/tmp/clearvla_eval_opaque_66846.png'
01:08:41.705  render           | Saved: '/tmp/clearvla_eval_opaque_66846.png'
01:08:42.088  render           | Saved: '/tmp/clearvla_eval_opaque_66846.png'
01:08:42.403  render           | Saved: '/tmp/clearvla_eval_opaque_66846.png'
01:08:42.787  render           | Saved: '/tmp/clearvla_eval_opaque_66846.png'
01:08:43.106  render           | Saved: '/tmp/clearvla_eval_opaque_66846.png'
01:08:43.505  render           | Saved: '/tmp/clearvla_eval_opaque_66846.png'
01:08:43.828  render           | Saved: '/tmp/clearvla_eval_opaque_66846.png'
01:08:44.214  render           | Saved: '/tmp/clearvla_eval_opaque_66846.png'
01:08:44.548  render           | Saved: '/tmp/clearvla_eval_opaque_66846.png'
01:08:44.942  render           | Saved: '/tmp/clearvla_eval_opaque_66846.png'
01:08:45.264  render           | Saved: '/tmp/clearvla_eval_opaque_66846.png'
01:08:45.657  render           | Saved: '/tmp/clearvla_eval_opaque_66846.png'
01:08:45.990  render           | Saved: '/tmp/clearvla_eval_opaque_66846.png'
01:08:46.386  render           | Saved: '/tmp/clearvla_eval_opaque_66846.png'
01:08:46.709  render           | Saved: '/tmp/clearvla_eval_opaque_66846.png'
01:08:47.103  render           | Saved: '/tmp/clearvla_eval_opaque_66846.png'
01:08:47.423  render           | Saved: '/tmp/clearvla_eval_opaque_66846.png'
01:08:47.812  render           | Saved: '/tmp/clearvla_eval_opaque_66846.png'
01:08:48.138  render           | Saved: '/tmp/clearvla_eval_opaque_66846.png'
01:08:50.198  render           | Saved: '/tmp/clearvla_eval_opaque_66846.png'
01:08:50.514  render           | Saved: '/tmp/clearvla_eval_opaque_66846.png'
01:08:50.924  render           | Saved: '/tmp/clearvla_eval_opaque_66846.png'
01:08:51.237  render           | Saved: '/tmp/clearvla_eval_opaque_66846.png'
01:08:51.619  render           | Saved: '/tmp/clearvla_eval_opaque_66846.png'
01:08:51.944  render           | Saved: '/tmp/clearvla_eval_opaque_66846.png'
01:08:52.340  render           | Saved: '/tmp/clearvla_eval_opaque_66846.png'
01:08:52.688  render           | Saved: '/tmp/clearvla_eval_opaque_66846.png'
01:08:53.117  render           | Saved: '/tmp/clearvla_eval_opaque_66846.png'
01:08:53.467  render           | Saved: '/tmp/clearvla_eval_opaque_66846.png'
01:08:53.895  render           | Saved: '/tmp/clearvla_eval_opaque_66846.png'
01:08:54.252  render           | Saved: '/tmp/clearvla_eval_opaque_66846.png'
01:08:54.663  render           | Saved: '/tmp/clearvla_eval_opaque_66846.png'
01:08:55.019  render           | Saved: '/tmp/clearvla_eval_opaque_66846.png'
01:08:55.434  render           | Saved: '/tmp/clearvla_eval_opaque_66846.png'
01:08:55.779  render           | Saved: '/tmp/clearvla_eval_opaque_66846.png'
01:08:56.166  render           | Saved: '/tmp/clearvla_eval_opaque_66846.png'
01:08:56.502  render           | Saved: '/tmp/clearvla_eval_opaque_66846.png'
01:08:56.885  render           | Saved: '/tmp/clearvla_eval_opaque_66846.png'
01:08:57.220  render           | Saved: '/tmp/clearvla_eval_opaque_66846.png'
01:08:57.602  render           | Saved: '/tmp/clearvla_eval_opaque_66846.png'
01:08:57.927  render           | Saved: '/tmp/clearvla_eval_opaque_66846.png'
01:08:58.305  render           | Saved: '/tmp/clearvla_eval_opaque_66846.png'
01:08:58.629  render           | Saved: '/tmp/clearvla_eval_opaque_66846.png'
01:08:59.019  render           | Saved: '/tmp/clearvla_eval_opaque_66846.png'
01:08:59.341  render           | Saved: '/tmp/clearvla_eval_opaque_66846.png'
01:08:59.722  render           | Saved: '/tmp/clearvla_eval_opaque_66846.png'
01:09:00.044  render           | Saved: '/tmp/clearvla_eval_opaque_66846.png'
01:09:00.418  render           | Saved: '/tmp/clearvla_eval_opaque_66846.png'
01:09:00.740  render           | Saved: '/tmp/clearvla_eval_opaque_66846.png'
01:09:01.119  render           | Saved: '/tmp/clearvla_eval_opaque_66846.png'
01:09:01.440  render           | Saved: '/tmp/clearvla_eval_opaque_66846.png'
01:09:01.833  render           | Saved: '/tmp/clearvla_eval_opaque_66846.png'
01:09:02.160  render           | Saved: '/tmp/clearvla_eval_opaque_66846.png'
01:09:02.544  render           | Saved: '/tmp/clearvla_eval_opaque_66846.png'
01:09:02.875  render           | Saved: '/tmp/clearvla_eval_opaque_66846.png'
01:09:03.263  render           | Saved: '/tmp/clearvla_eval_opaque_66846.png'
01:09:03.585  render           | Saved: '/tmp/clearvla_eval_opaque_66846.png'
01:09:04.006  render           | Saved: '/tmp/clearvla_eval_opaque_66846.png'
01:09:04.331  render           | Saved: '/tmp/clearvla_eval_opaque_66846.png'
01:09:04.757  render           | Saved: '/tmp/clearvla_eval_opaque_66846.png'
01:09:05.078  render           | Saved: '/tmp/clearvla_eval_opaque_66846.png'
01:09:05.507  render           | Saved: '/tmp/clearvla_eval_opaque_66846.png'
01:09:05.833  render           | Saved: '/tmp/clearvla_eval_opaque_66846.png'
01:09:06.257  render           | Saved: '/tmp/clearvla_eval_opaque_66846.png'
01:09:06.579  render           | Saved: '/tmp/clearvla_eval_opaque_66846.png'
01:09:07.002  render           | Saved: '/tmp/clearvla_eval_opaque_66846.png'
01:09:07.324  render           | Saved: '/tmp/clearvla_eval_opaque_66846.png'
01:09:07.749  render           | Saved: '/tmp/clearvla_eval_opaque_66846.png'
01:09:08.069  render           | Saved: '/tmp/clearvla_eval_opaque_66846.png'
01:09:08.490  render           | Saved: '/tmp/clearvla_eval_opaque_66846.png'
01:09:08.813  render           | Saved: '/tmp/clearvla_eval_opaque_66846.png'
01:09:09.228  render           | Saved: '/tmp/clearvla_eval_opaque_66846.png'
01:09:09.550  render           | Saved: '/tmp/clearvla_eval_opaque_66846.png'
01:09:09.966  render           | Saved: '/tmp/clearvla_eval_opaque_66846.png'
01:09:10.289  render           | Saved: '/tmp/clearvla_eval_opaque_66846.png'
01:09:10.689  render           | Saved: '/tmp/clearvla_eval_opaque_66846.png'
01:09:11.018  render           | Saved: '/tmp/clearvla_eval_opaque_66846.png'
01:09:11.410  render           | Saved: '/tmp/clearvla_eval_opaque_66846.png'
01:09:11.755  render           | Saved: '/tmp/clearvla_eval_opaque_66846.png'
01:09:12.148  render           | Saved: '/tmp/clearvla_eval_opaque_66846.png'
01:09:12.479  render           | Saved: '/tmp/clearvla_eval_opaque_66846.png'
01:09:12.877  render           | Saved: '/tmp/clearvla_eval_opaque_66846.png'
01:09:13.207  render           | Saved: '/tmp/clearvla_eval_opaque_66846.png'
01:09:13.592  render           | Saved: '/tmp/clearvla_eval_opaque_66846.png'
01:09:13.910  render           | Saved: '/tmp/clearvla_eval_opaque_66846.png'
01:09:14.303  render           | Saved: '/tmp/clearvla_eval_opaque_66846.png'
01:09:14.627  render           | Saved: '/tmp/clearvla_eval_opaque_66846.png'
01:09:15.024  render           | Saved: '/tmp/clearvla_eval_opaque_66846.png'
01:09:15.350  render           | Saved: '/tmp/clearvla_eval_opaque_66846.png'
01:09:15.756  render           | Saved: '/tmp/clearvla_eval_opaque_66846.png'
01:09:16.085  render           | Saved: '/tmp/clearvla_eval_opaque_66846.png'
01:09:16.473  render           | Saved: '/tmp/clearvla_eval_opaque_66846.png'
01:09:16.797  render           | Saved: '/tmp/clearvla_eval_opaque_66846.png'
01:09:17.183  render           | Saved: '/tmp/clearvla_eval_opaque_66846.png'
01:09:17.510  render           | Saved: '/tmp/clearvla_eval_opaque_66846.png'
01:09:19.512  render           | Saved: '/tmp/clearvla_eval_opaque_66846.png'
01:09:19.832  render           | Saved: '/tmp/clearvla_eval_opaque_66846.png'
01:09:20.220  render           | Saved: '/tmp/clearvla_eval_opaque_66846.png'
01:09:20.587  render           | Saved: '/tmp/clearvla_eval_opaque_66846.png'
01:09:20.975  render           | Saved: '/tmp/clearvla_eval_opaque_66846.png'
01:09:21.303  render           | Saved: '/tmp/clearvla_eval_opaque_66846.png'
01:09:21.720  render           | Saved: '/tmp/clearvla_eval_opaque_66846.png'
01:09:22.053  render           | Saved: '/tmp/clearvla_eval_opaque_66846.png'
01:09:22.474  render           | Saved: '/tmp/clearvla_eval_opaque_66846.png'
01:09:22.814  render           | Saved: '/tmp/clearvla_eval_opaque_66846.png'
01:09:23.232  render           | Saved: '/tmp/clearvla_eval_opaque_66846.png'
01:09:23.553  render           | Saved: '/tmp/clearvla_eval_opaque_66846.png'
01:09:24.005  render           | Saved: '/tmp/clearvla_eval_opaque_66846.png'
01:09:24.330  render           | Saved: '/tmp/clearvla_eval_opaque_66846.png'
01:09:24.759  render           | Saved: '/tmp/clearvla_eval_opaque_66846.png'
01:09:25.076  render           | Saved: '/tmp/clearvla_eval_opaque_66846.png'
01:09:25.505  render           | Saved: '/tmp/clearvla_eval_opaque_66846.png'
01:09:25.820  render           | Saved: '/tmp/clearvla_eval_opaque_66846.png'
01:09:26.260  render           | Saved: '/tmp/clearvla_eval_opaque_66846.png'
01:09:26.579  render           | Saved: '/tmp/clearvla_eval_opaque_66846.png'
01:09:27.017  render           | Saved: '/tmp/clearvla_eval_opaque_66846.png'
01:09:27.335  render           | Saved: '/tmp/clearvla_eval_opaque_66846.png'
01:09:27.753  render           | Saved: '/tmp/clearvla_eval_opaque_66846.png'
01:09:28.073  render           | Saved: '/tmp/clearvla_eval_opaque_66846.png'
01:09:28.485  render           | Saved: '/tmp/clearvla_eval_opaque_66846.png'
01:09:28.803  render           | Saved: '/tmp/clearvla_eval_opaque_66846.png'
01:09:29.224  render           | Saved: '/tmp/clearvla_eval_opaque_66846.png'
01:09:29.544  render           | Saved: '/tmp/clearvla_eval_opaque_66846.png'
01:09:29.964  render           | Saved: '/tmp/clearvla_eval_opaque_66846.png'
01:09:30.279  render           | Saved: '/tmp/clearvla_eval_opaque_66846.png'
01:09:30.692  render           | Saved: '/tmp/clearvla_eval_opaque_66846.png'
01:09:31.019  render           | Saved: '/tmp/clearvla_eval_opaque_66846.png'
01:09:31.460  render           | Saved: '/tmp/clearvla_eval_opaque_66846.png'
01:09:31.786  render           | Saved: '/tmp/clearvla_eval_opaque_66846.png'
01:09:32.170  render           | Saved: '/tmp/clearvla_eval_opaque_66846.png'
01:09:32.490  render           | Saved: '/tmp/clearvla_eval_opaque_66846.png'
01:09:32.877  render           | Saved: '/tmp/clearvla_eval_opaque_66846.png'
01:09:33.202  render           | Saved: '/tmp/clearvla_eval_opaque_66846.png'
01:09:33.604  render           | Saved: '/tmp/clearvla_eval_opaque_66846.png'
01:09:33.938  render           | Saved: '/tmp/clearvla_eval_opaque_66846.png'
01:09:34.321  render           | Saved: '/tmp/clearvla_eval_opaque_66846.png'
01:09:34.639  render           | Saved: '/tmp/clearvla_eval_opaque_66846.png'
01:09:35.014  render           | Saved: '/tmp/clearvla_eval_opaque_66846.png'
01:09:35.327  render           | Saved: '/tmp/clearvla_eval_opaque_66846.png'
01:09:35.700  render           | Saved: '/tmp/clearvla_eval_opaque_66846.png'
01:09:36.020  render           | Saved: '/tmp/clearvla_eval_opaque_66846.png'
01:09:36.395  render           | Saved: '/tmp/clearvla_eval_opaque_66846.png'
01:09:36.715  render           | Saved: '/tmp/clearvla_eval_opaque_66846.png'
01:09:37.086  render           | Saved: '/tmp/clearvla_eval_opaque_66846.png'
01:09:37.407  render           | Saved: '/tmp/clearvla_eval_opaque_66846.png'
01:09:37.779  render           | Saved: '/tmp/clearvla_eval_opaque_66846.png'
01:09:38.099  render           | Saved: '/tmp/clearvla_eval_opaque_66846.png'
01:09:38.477  render           | Saved: '/tmp/clearvla_eval_opaque_66846.png'
01:09:38.806  render           | Saved: '/tmp/clearvla_eval_opaque_66846.png'
01:09:39.189  render           | Saved: '/tmp/clearvla_eval_opaque_66846.png'
01:09:39.518  render           | Saved: '/tmp/clearvla_eval_opaque_66846.png'
01:09:39.887  render           | Saved: '/tmp/clearvla_eval_opaque_66846.png'
01:09:40.211  render           | Saved: '/tmp/clearvla_eval_opaque_66846.png'
01:09:40.584  render           | Saved: '/tmp/clearvla_eval_opaque_66846.png'
01:09:40.902  render           | Saved: '/tmp/clearvla_eval_opaque_66846.png'
01:09:41.275  render           | Saved: '/tmp/clearvla_eval_opaque_66846.png'
01:09:41.604  render           | Saved: '/tmp/clearvla_eval_opaque_66846.png'
01:09:41.982  render           | Saved: '/tmp/clearvla_eval_opaque_66846.png'
01:09:42.300  render           | Saved: '/tmp/clearvla_eval_opaque_66846.png'
01:09:42.684  render           | Saved: '/tmp/clearvla_eval_opaque_66846.png'
01:09:43.008  render           | Saved: '/tmp/clearvla_eval_opaque_66846.png'
01:09:43.389  render           | Saved: '/tmp/clearvla_eval_opaque_66846.png'
01:09:43.710  render           | Saved: '/tmp/clearvla_eval_opaque_66846.png'
01:09:44.098  render           | Saved: '/tmp/clearvla_eval_opaque_66846.png'
01:09:44.422  render           | Saved: '/tmp/clearvla_eval_opaque_66846.png'
01:09:44.808  render           | Saved: '/tmp/clearvla_eval_opaque_66846.png'
01:09:45.127  render           | Saved: '/tmp/clearvla_eval_opaque_66846.png'
01:09:45.506  render           | Saved: '/tmp/clearvla_eval_opaque_66846.png'
01:09:45.821  render           | Saved: '/tmp/clearvla_eval_opaque_66846.png'
01:09:46.198  render           | Saved: '/tmp/clearvla_eval_opaque_66846.png'
01:09:46.521  render           | Saved: '/tmp/clearvla_eval_opaque_66846.png'
01:09:48.577  render           | Saved: '/tmp/clearvla_eval_opaque_66846.png'
01:09:48.897  render           | Saved: '/tmp/clearvla_eval_opaque_66846.png'
01:09:49.291  render           | Saved: '/tmp/clearvla_eval_opaque_66846.png'
01:09:49.615  render           | Saved: '/tmp/clearvla_eval_opaque_66846.png'
01:09:50.007  render           | Saved: '/tmp/clearvla_eval_opaque_66846.png'
01:09:50.349  render           | Saved: '/tmp/clearvla_eval_opaque_66846.png'
01:09:50.723  render           | Saved: '/tmp/clearvla_eval_opaque_66846.png'
01:09:51.057  render           | Saved: '/tmp/clearvla_eval_opaque_66846.png'
01:09:51.426  render           | Saved: '/tmp/clearvla_eval_opaque_66846.png'
01:09:51.784  render           | Saved: '/tmp/clearvla_eval_opaque_66846.png'
01:09:52.163  render           | Saved: '/tmp/clearvla_eval_opaque_66846.png'
01:09:52.501  render           | Saved: '/tmp/clearvla_eval_opaque_66846.png'
01:09:52.923  render           | Saved: '/tmp/clearvla_eval_opaque_66846.png'
01:09:53.257  render           | Saved: '/tmp/clearvla_eval_opaque_66846.png'
01:09:53.674  render           | Saved: '/tmp/clearvla_eval_opaque_66846.png'
01:09:54.009  render           | Saved: '/tmp/clearvla_eval_opaque_66846.png'
01:09:54.433  render           | Saved: '/tmp/clearvla_eval_opaque_66846.png'
01:09:54.761  render           | Saved: '/tmp/clearvla_eval_opaque_66846.png'
01:09:55.183  render           | Saved: '/tmp/clearvla_eval_opaque_66846.png'
01:09:55.502  render           | Saved: '/tmp/clearvla_eval_opaque_66846.png'
01:09:55.957  render           | Saved: '/tmp/clearvla_eval_opaque_66846.png'
01:09:56.293  render           | Saved: '/tmp/clearvla_eval_opaque_66846.png'
01:09:56.707  render           | Saved: '/tmp/clearvla_eval_opaque_66846.png'
01:09:57.027  render           | Saved: '/tmp/clearvla_eval_opaque_66846.png'
01:09:57.450  render           | Saved: '/tmp/clearvla_eval_opaque_66846.png'
01:09:57.772  render           | Saved: '/tmp/clearvla_eval_opaque_66846.png'
01:09:58.170  render           | Saved: '/tmp/clearvla_eval_opaque_66846.png'
01:09:58.499  render           | Saved: '/tmp/clearvla_eval_opaque_66846.png'
01:09:58.915  render           | Saved: '/tmp/clearvla_eval_opaque_66846.png'
01:09:59.238  render           | Saved: '/tmp/clearvla_eval_opaque_66846.png'
01:09:59.661  render           | Saved: '/tmp/clearvla_eval_opaque_66846.png'
01:09:59.984  render           | Saved: '/tmp/clearvla_eval_opaque_66846.png'
01:10:00.431  render           | Saved: '/tmp/clearvla_eval_opaque_66846.png'
01:10:00.748  render           | Saved: '/tmp/clearvla_eval_opaque_66846.png'
01:10:01.188  render           | Saved: '/tmp/clearvla_eval_opaque_66846.png'
01:10:01.500  render           | Saved: '/tmp/clearvla_eval_opaque_66846.png'
01:10:01.915  render           | Saved: '/tmp/clearvla_eval_opaque_66846.png'
01:10:02.228  render           | Saved: '/tmp/clearvla_eval_opaque_66846.png'
01:10:02.624  render           | Saved: '/tmp/clearvla_eval_opaque_66846.png'
01:10:02.944  render           | Saved: '/tmp/clearvla_eval_opaque_66846.png'
01:10:03.348  render           | Saved: '/tmp/clearvla_eval_opaque_66846.png'
01:10:03.672  render           | Saved: '/tmp/clearvla_eval_opaque_66846.png'
01:10:04.075  render           | Saved: '/tmp/clearvla_eval_opaque_66846.png'
01:10:04.401  render           | Saved: '/tmp/clearvla_eval_opaque_66846.png'
01:10:04.804  render           | Saved: '/tmp/clearvla_eval_opaque_66846.png'
01:10:05.134  render           | Saved: '/tmp/clearvla_eval_opaque_66846.png'
01:10:05.522  render           | Saved: '/tmp/clearvla_eval_opaque_66846.png'
01:10:05.850  render           | Saved: '/tmp/clearvla_eval_opaque_66846.png'
01:10:06.240  render           | Saved: '/tmp/clearvla_eval_opaque_66846.png'
01:10:06.581  render           | Saved: '/tmp/clearvla_eval_opaque_66846.png'
01:10:06.969  render           | Saved: '/tmp/clearvla_eval_opaque_66846.png'
01:10:07.293  render           | Saved: '/tmp/clearvla_eval_opaque_66846.png'
01:10:07.682  render           | Saved: '/tmp/clearvla_eval_opaque_66846.png'
01:10:08.009  render           | Saved: '/tmp/clearvla_eval_opaque_66846.png'
01:10:08.395  render           | Saved: '/tmp/clearvla_eval_opaque_66846.png'
01:10:08.726  render           | Saved: '/tmp/clearvla_eval_opaque_66846.png'
01:10:09.115  render           | Saved: '/tmp/clearvla_eval_opaque_66846.png'
01:10:09.458  render           | Saved: '/tmp/clearvla_eval_opaque_66846.png'
01:10:09.866  render           | Saved: '/tmp/clearvla_eval_opaque_66846.png'
01:10:10.194  render           | Saved: '/tmp/clearvla_eval_opaque_66846.png'
01:10:10.588  render           | Saved: '/tmp/clearvla_eval_opaque_66846.png'
01:10:10.914  render           | Saved: '/tmp/clearvla_eval_opaque_66846.png'
01:10:11.325  render           | Saved: '/tmp/clearvla_eval_opaque_66846.png'
01:10:11.644  render           | Saved: '/tmp/clearvla_eval_opaque_66846.png'
01:10:12.069  render           | Saved: '/tmp/clearvla_eval_opaque_66846.png'
01:10:12.392  render           | Saved: '/tmp/clearvla_eval_opaque_66846.png'
01:10:12.805  render           | Saved: '/tmp/clearvla_eval_opaque_66846.png'
01:10:13.132  render           | Saved: '/tmp/clearvla_eval_opaque_66846.png'
01:10:13.545  render           | Saved: '/tmp/clearvla_eval_opaque_66846.png'
01:10:13.865  render           | Saved: '/tmp/clearvla_eval_opaque_66846.png'
01:10:14.271  render           | Saved: '/tmp/clearvla_eval_opaque_66846.png'
01:10:14.597  render           | Saved: '/tmp/clearvla_eval_opaque_66846.png'
01:10:15.021  render           | Saved: '/tmp/clearvla_eval_opaque_66846.png'
01:10:15.340  render           | Saved: '/tmp/clearvla_eval_opaque_66846.png'
01:10:15.748  render           | Saved: '/tmp/clearvla_eval_opaque_66846.png'
01:10:16.071  render           | Saved: '/tmp/clearvla_eval_opaque_66846.png'
01:10:18.099  render           | Saved: '/tmp/clearvla_eval_opaque_66846.png'
01:10:18.427  render           | Saved: '/tmp/clearvla_eval_opaque_66846.png'
01:10:18.818  render           | Saved: '/tmp/clearvla_eval_opaque_66846.png'
01:10:19.145  render           | Saved: '/tmp/clearvla_eval_opaque_66846.png'
01:10:19.531  render           | Saved: '/tmp/clearvla_eval_opaque_66846.png'
01:10:19.854  render           | Saved: '/tmp/clearvla_eval_opaque_66846.png'
01:10:20.231  render           | Saved: '/tmp/clearvla_eval_opaque_66846.png'
01:10:20.543  render           | Saved: '/tmp/clearvla_eval_opaque_66846.png'
01:10:20.912  render           | Saved: '/tmp/clearvla_eval_opaque_66846.png'
01:10:21.232  render           | Saved: '/tmp/clearvla_eval_opaque_66846.png'
01:10:21.615  render           | Saved: '/tmp/clearvla_eval_opaque_66846.png'
01:10:21.947  render           | Saved: '/tmp/clearvla_eval_opaque_66846.png'
01:10:22.369  render           | Saved: '/tmp/clearvla_eval_opaque_66846.png'
01:10:22.724  render           | Saved: '/tmp/clearvla_eval_opaque_66846.png'
01:10:23.165  render           | Saved: '/tmp/clearvla_eval_opaque_66846.png'
01:10:23.520  render           | Saved: '/tmp/clearvla_eval_opaque_66846.png'
01:10:23.932  render           | Saved: '/tmp/clearvla_eval_opaque_66846.png'
01:10:24.268  render           | Saved: '/tmp/clearvla_eval_opaque_66846.png'
01:10:24.662  render           | Saved: '/tmp/clearvla_eval_opaque_66846.png'
01:10:25.000  render           | Saved: '/tmp/clearvla_eval_opaque_66846.png'
01:10:25.394  render           | Saved: '/tmp/clearvla_eval_opaque_66846.png'
01:10:25.729  render           | Saved: '/tmp/clearvla_eval_opaque_66846.png'
01:10:26.127  render           | Saved: '/tmp/clearvla_eval_opaque_66846.png'
01:10:26.464  render           | Saved: '/tmp/clearvla_eval_opaque_66846.png'
01:10:26.860  render           | Saved: '/tmp/clearvla_eval_opaque_66846.png'
01:10:27.195  render           | Saved: '/tmp/clearvla_eval_opaque_66846.png'
01:10:27.591  render           | Saved: '/tmp/clearvla_eval_opaque_66846.png'
01:10:27.932  render           | Saved: '/tmp/clearvla_eval_opaque_66846.png'
01:10:28.330  render           | Saved: '/tmp/clearvla_eval_opaque_66846.png'
01:10:28.665  render           | Saved: '/tmp/clearvla_eval_opaque_66846.png'
01:10:29.068  render           | Saved: '/tmp/clearvla_eval_opaque_66846.png'
01:10:29.404  render           | Saved: '/tmp/clearvla_eval_opaque_66846.png'
01:10:29.809  render           | Saved: '/tmp/clearvla_eval_opaque_66846.png'
01:10:30.139  render           | Saved: '/tmp/clearvla_eval_opaque_66846.png'
01:10:30.539  render           | Saved: '/tmp/clearvla_eval_opaque_66846.png'
01:10:30.869  render           | Saved: '/tmp/clearvla_eval_opaque_66846.png'
01:10:31.269  render           | Saved: '/tmp/clearvla_eval_opaque_66846.png'
01:10:31.589  render           | Saved: '/tmp/clearvla_eval_opaque_66846.png'
01:10:31.977  render           | Saved: '/tmp/clearvla_eval_opaque_66846.png'
01:10:32.298  render           | Saved: '/tmp/clearvla_eval_opaque_66846.png'
01:10:32.682  render           | Saved: '/tmp/clearvla_eval_opaque_66846.png'
01:10:33.001  render           | Saved: '/tmp/clearvla_eval_opaque_66846.png'
01:10:33.382  render           | Saved: '/tmp/clearvla_eval_opaque_66846.png'
01:10:33.696  render           | Saved: '/tmp/clearvla_eval_opaque_66846.png'
01:10:34.079  render           | Saved: '/tmp/clearvla_eval_opaque_66846.png'
01:10:34.391  render           | Saved: '/tmp/clearvla_eval_opaque_66846.png'
01:10:34.775  render           | Saved: '/tmp/clearvla_eval_opaque_66846.png'
01:10:35.085  render           | Saved: '/tmp/clearvla_eval_opaque_66846.png'
01:10:35.471  render           | Saved: '/tmp/clearvla_eval_opaque_66846.png'
01:10:35.783  render           | Saved: '/tmp/clearvla_eval_opaque_66846.png'
01:10:36.170  render           | Saved: '/tmp/clearvla_eval_opaque_66846.png'
01:10:36.482  render           | Saved: '/tmp/clearvla_eval_opaque_66846.png'
01:10:36.891  render           | Saved: '/tmp/clearvla_eval_opaque_66846.png'
01:10:37.215  render           | Saved: '/tmp/clearvla_eval_opaque_66846.png'
01:10:37.617  render           | Saved: '/tmp/clearvla_eval_opaque_66846.png'
01:10:37.946  render           | Saved: '/tmp/clearvla_eval_opaque_66846.png'
01:10:38.339  render           | Saved: '/tmp/clearvla_eval_opaque_66846.png'
01:10:38.657  render           | Saved: '/tmp/clearvla_eval_opaque_66846.png'
01:10:39.050  render           | Saved: '/tmp/clearvla_eval_opaque_66846.png'
01:10:39.368  render           | Saved: '/tmp/clearvla_eval_opaque_66846.png'
01:10:39.759  render           | Saved: '/tmp/clearvla_eval_opaque_66846.png'
01:10:40.079  render           | Saved: '/tmp/clearvla_eval_opaque_66846.png'
01:10:40.456  render           | Saved: '/tmp/clearvla_eval_opaque_66846.png'
01:10:40.781  render           | Saved: '/tmp/clearvla_eval_opaque_66846.png'
01:10:41.169  render           | Saved: '/tmp/clearvla_eval_opaque_66846.png'
01:10:41.497  render           | Saved: '/tmp/clearvla_eval_opaque_66846.png'
01:10:41.882  render           | Saved: '/tmp/clearvla_eval_opaque_66846.png'
01:10:42.203  render           | Saved: '/tmp/clearvla_eval_opaque_66846.png'
01:10:42.584  render           | Saved: '/tmp/clearvla_eval_opaque_66846.png'
01:10:42.900  render           | Saved: '/tmp/clearvla_eval_opaque_66846.png'
01:10:43.280  render           | Saved: '/tmp/clearvla_eval_opaque_66846.png'
01:10:43.605  render           | Saved: '/tmp/clearvla_eval_opaque_66846.png'
01:10:43.981  render           | Saved: '/tmp/clearvla_eval_opaque_66846.png'
01:10:44.305  render           | Saved: '/tmp/clearvla_eval_opaque_66846.png'
01:10:44.687  render           | Saved: '/tmp/clearvla_eval_opaque_66846.png'
01:10:45.017  render           | Saved: '/tmp/clearvla_eval_opaque_66846.png'
01:10:47.045  render           | Saved: '/tmp/clearvla_eval_opaque_66846.png'
01:10:47.352  render           | Saved: '/tmp/clearvla_eval_opaque_66846.png'
01:10:47.757  render           | Saved: '/tmp/clearvla_eval_opaque_66846.png'
01:10:48.080  render           | Saved: '/tmp/clearvla_eval_opaque_66846.png'
01:10:48.461  render           | Saved: '/tmp/clearvla_eval_opaque_66846.png'
01:10:48.784  render           | Saved: '/tmp/clearvla_eval_opaque_66846.png'
01:10:49.166  render           | Saved: '/tmp/clearvla_eval_opaque_66846.png'
01:10:49.493  render           | Saved: '/tmp/clearvla_eval_opaque_66846.png'
01:10:49.862  render           | Saved: '/tmp/clearvla_eval_opaque_66846.png'
01:10:50.230  render           | Saved: '/tmp/clearvla_eval_opaque_66846.png'
01:10:50.630  render           | Saved: '/tmp/clearvla_eval_opaque_66846.png'
01:10:50.956  render           | Saved: '/tmp/clearvla_eval_opaque_66846.png'
01:10:51.389  render           | Saved: '/tmp/clearvla_eval_opaque_66846.png'
01:10:51.707  render           | Saved: '/tmp/clearvla_eval_opaque_66846.png'
01:10:52.117  render           | Saved: '/tmp/clearvla_eval_opaque_66846.png'
01:10:52.431  render           | Saved: '/tmp/clearvla_eval_opaque_66846.png'
01:10:52.834  render           | Saved: '/tmp/clearvla_eval_opaque_66846.png'
01:10:53.156  render           | Saved: '/tmp/clearvla_eval_opaque_66846.png'
01:10:53.549  render           | Saved: '/tmp/clearvla_eval_opaque_66846.png'
01:10:53.881  render           | Saved: '/tmp/clearvla_eval_opaque_66846.png'
01:10:54.274  render           | Saved: '/tmp/clearvla_eval_opaque_66846.png'
01:10:54.600  render           | Saved: '/tmp/clearvla_eval_opaque_66846.png'
01:10:54.997  render           | Saved: '/tmp/clearvla_eval_opaque_66846.png'
01:10:55.319  render           | Saved: '/tmp/clearvla_eval_opaque_66846.png'
01:10:55.725  render           | Saved: '/tmp/clearvla_eval_opaque_66846.png'
01:10:56.050  render           | Saved: '/tmp/clearvla_eval_opaque_66846.png'
01:10:56.450  render           | Saved: '/tmp/clearvla_eval_opaque_66846.png'
01:10:56.775  render           | Saved: '/tmp/clearvla_eval_opaque_66846.png'
01:10:57.171  render           | Saved: '/tmp/clearvla_eval_opaque_66846.png'
01:10:57.496  render           | Saved: '/tmp/clearvla_eval_opaque_66846.png'
01:10:57.888  render           | Saved: '/tmp/clearvla_eval_opaque_66846.png'
01:10:58.218  render           | Saved: '/tmp/clearvla_eval_opaque_66846.png'
01:10:58.612  render           | Saved: '/tmp/clearvla_eval_opaque_66846.png'
01:10:58.938  render           | Saved: '/tmp/clearvla_eval_opaque_66846.png'
01:10:59.334  render           | Saved: '/tmp/clearvla_eval_opaque_66846.png'
01:10:59.660  render           | Saved: '/tmp/clearvla_eval_opaque_66846.png'
01:11:00.078  render           | Saved: '/tmp/clearvla_eval_opaque_66846.png'
01:11:00.402  render           | Saved: '/tmp/clearvla_eval_opaque_66846.png'
01:11:00.814  render           | Saved: '/tmp/clearvla_eval_opaque_66846.png'
01:11:01.135  render           | Saved: '/tmp/clearvla_eval_opaque_66846.png'
01:11:01.564  render           | Saved: '/tmp/clearvla_eval_opaque_66846.png'
01:11:01.883  render           | Saved: '/tmp/clearvla_eval_opaque_66846.png'
01:11:02.303  render           | Saved: '/tmp/clearvla_eval_opaque_66846.png'
01:11:02.619  render           | Saved: '/tmp/clearvla_eval_opaque_66846.png'
01:11:03.029  render           | Saved: '/tmp/clearvla_eval_opaque_66846.png'
01:11:03.351  render           | Saved: '/tmp/clearvla_eval_opaque_66846.png'
01:11:03.743  render           | Saved: '/tmp/clearvla_eval_opaque_66846.png'
01:11:04.068  render           | Saved: '/tmp/clearvla_eval_opaque_66846.png'
01:11:04.465  render           | Saved: '/tmp/clearvla_eval_opaque_66846.png'
01:11:04.787  render           | Saved: '/tmp/clearvla_eval_opaque_66846.png'
01:11:05.179  render           | Saved: '/tmp/clearvla_eval_opaque_66846.png'
01:11:05.507  render           | Saved: '/tmp/clearvla_eval_opaque_66846.png'
01:11:05.902  render           | Saved: '/tmp/clearvla_eval_opaque_66846.png'
01:11:06.226  render           | Saved: '/tmp/clearvla_eval_opaque_66846.png'
01:11:06.617  render           | Saved: '/tmp/clearvla_eval_opaque_66846.png'
01:11:06.939  render           | Saved: '/tmp/clearvla_eval_opaque_66846.png'
01:11:07.334  render           | Saved: '/tmp/clearvla_eval_opaque_66846.png'
01:11:07.663  render           | Saved: '/tmp/clearvla_eval_opaque_66846.png'
01:11:08.050  render           | Saved: '/tmp/clearvla_eval_opaque_66846.png'
01:11:08.397  render           | Saved: '/tmp/clearvla_eval_opaque_66846.png'
01:11:08.799  render           | Saved: '/tmp/clearvla_eval_opaque_66846.png'
01:11:09.119  render           | Saved: '/tmp/clearvla_eval_opaque_66846.png'
01:11:09.536  render           | Saved: '/tmp/clearvla_eval_opaque_66846.png'
01:11:09.859  render           | Saved: '/tmp/clearvla_eval_opaque_66846.png'
01:11:10.290  render           | Saved: '/tmp/clearvla_eval_opaque_66846.png'
01:11:10.607  render           | Saved: '/tmp/clearvla_eval_opaque_66846.png'
01:11:11.026  render           | Saved: '/tmp/clearvla_eval_opaque_66846.png'
01:11:11.346  render           | Saved: '/tmp/clearvla_eval_opaque_66846.png'
01:11:11.763  render           | Saved: '/tmp/clearvla_eval_opaque_66846.png'
01:11:12.087  render           | Saved: '/tmp/clearvla_eval_opaque_66846.png'
01:11:12.523  render           | Saved: '/tmp/clearvla_eval_opaque_66846.png'
01:11:12.843  render           | Saved: '/tmp/clearvla_eval_opaque_66846.png'
01:11:13.271  render           | Saved: '/tmp/clearvla_eval_opaque_66846.png'
01:11:13.590  render           | Saved: '/tmp/clearvla_eval_opaque_66846.png'
01:11:14.004  render           | Saved: '/tmp/clearvla_eval_opaque_66846.png'
01:11:14.322  render           | Saved: '/tmp/clearvla_eval_opaque_66846.png'
01:11:16.352  render           | Saved: '/tmp/clearvla_eval_opaque_66846.png'
01:11:16.659  render           | Saved: '/tmp/clearvla_eval_opaque_66846.png'
01:11:17.049  render           | Saved: '/tmp/clearvla_eval_opaque_66846.png'
01:11:17.377  render           | Saved: '/tmp/clearvla_eval_opaque_66846.png'
01:11:17.765  render           | Saved: '/tmp/clearvla_eval_opaque_66846.png'
01:11:18.091  render           | Saved: '/tmp/clearvla_eval_opaque_66846.png'
01:11:18.476  render           | Saved: '/tmp/clearvla_eval_opaque_66846.png'
01:11:18.800  render           | Saved: '/tmp/clearvla_eval_opaque_66846.png'
01:11:19.177  render           | Saved: '/tmp/clearvla_eval_opaque_66846.png'
01:11:19.515  render           | Saved: '/tmp/clearvla_eval_opaque_66846.png'
01:11:19.906  render           | Saved: '/tmp/clearvla_eval_opaque_66846.png'
01:11:20.235  render           | Saved: '/tmp/clearvla_eval_opaque_66846.png'
01:11:20.620  render           | Saved: '/tmp/clearvla_eval_opaque_66846.png'
01:11:20.945  render           | Saved: '/tmp/clearvla_eval_opaque_66846.png'
01:11:21.354  render           | Saved: '/tmp/clearvla_eval_opaque_66846.png'
01:11:21.702  render           | Saved: '/tmp/clearvla_eval_opaque_66846.png'
01:11:22.107  render           | Saved: '/tmp/clearvla_eval_opaque_66846.png'
01:11:22.448  render           | Saved: '/tmp/clearvla_eval_opaque_66846.png'
01:11:22.878  render           | Saved: '/tmp/clearvla_eval_opaque_66846.png'
01:11:23.239  render           | Saved: '/tmp/clearvla_eval_opaque_66846.png'
01:11:23.666  render           | Saved: '/tmp/clearvla_eval_opaque_66846.png'
01:11:24.018  render           | Saved: '/tmp/clearvla_eval_opaque_66846.png'
01:11:24.444  render           | Saved: '/tmp/clearvla_eval_opaque_66846.png'
01:11:24.790  render           | Saved: '/tmp/clearvla_eval_opaque_66846.png'
01:11:25.191  render           | Saved: '/tmp/clearvla_eval_opaque_66846.png'
01:11:25.529  render           | Saved: '/tmp/clearvla_eval_opaque_66846.png'
01:11:25.927  render           | Saved: '/tmp/clearvla_eval_opaque_66846.png'
01:11:26.262  render           | Saved: '/tmp/clearvla_eval_opaque_66846.png'
01:11:26.658  render           | Saved: '/tmp/clearvla_eval_opaque_66846.png'
01:11:26.995  render           | Saved: '/tmp/clearvla_eval_opaque_66846.png'
01:11:27.392  render           | Saved: '/tmp/clearvla_eval_opaque_66846.png'
01:11:27.739  render           | Saved: '/tmp/clearvla_eval_opaque_66846.png'
01:11:28.140  render           | Saved: '/tmp/clearvla_eval_opaque_66846.png'
01:11:28.463  render           | Saved: '/tmp/clearvla_eval_opaque_66846.png'
01:11:28.866  render           | Saved: '/tmp/clearvla_eval_opaque_66846.png'
01:11:29.195  render           | Saved: '/tmp/clearvla_eval_opaque_66846.png'
01:11:29.606  render           | Saved: '/tmp/clearvla_eval_opaque_66846.png'
01:11:29.949  render           | Saved: '/tmp/clearvla_eval_opaque_66846.png'
01:11:30.356  render           | Saved: '/tmp/clearvla_eval_opaque_66846.png'
01:11:30.692  render           | Saved: '/tmp/clearvla_eval_opaque_66846.png'
01:11:31.094  render           | Saved: '/tmp/clearvla_eval_opaque_66846.png'
01:11:31.438  render           | Saved: '/tmp/clearvla_eval_opaque_66846.png'
01:11:31.835  render           | Saved: '/tmp/clearvla_eval_opaque_66846.png'
01:11:32.171  render           | Saved: '/tmp/clearvla_eval_opaque_66846.png'
01:11:32.560  render           | Saved: '/tmp/clearvla_eval_opaque_66846.png'
01:11:32.903  render           | Saved: '/tmp/clearvla_eval_opaque_66846.png'
01:11:33.299  render           | Saved: '/tmp/clearvla_eval_opaque_66846.png'
01:11:33.637  render           | Saved: '/tmp/clearvla_eval_opaque_66846.png'
01:11:34.031  render           | Saved: '/tmp/clearvla_eval_opaque_66846.png'
01:11:34.363  render           | Saved: '/tmp/clearvla_eval_opaque_66846.png'
01:11:34.755  render           | Saved: '/tmp/clearvla_eval_opaque_66846.png'
01:11:35.098  render           | Saved: '/tmp/clearvla_eval_opaque_66846.png'
01:11:35.490  render           | Saved: '/tmp/clearvla_eval_opaque_66846.png'
01:11:35.832  render           | Saved: '/tmp/clearvla_eval_opaque_66846.png'
01:11:36.225  render           | Saved: '/tmp/clearvla_eval_opaque_66846.png'
01:11:36.557  render           | Saved: '/tmp/clearvla_eval_opaque_66846.png'
01:11:36.954  render           | Saved: '/tmp/clearvla_eval_opaque_66846.png'
01:11:37.290  render           | Saved: '/tmp/clearvla_eval_opaque_66846.png'
01:11:37.681  render           | Saved: '/tmp/clearvla_eval_opaque_66846.png'
01:11:38.015  render           | Saved: '/tmp/clearvla_eval_opaque_66846.png'
01:11:38.403  render           | Saved: '/tmp/clearvla_eval_opaque_66846.png'
01:11:38.751  render           | Saved: '/tmp/clearvla_eval_opaque_66846.png'
01:11:39.147  render           | Saved: '/tmp/clearvla_eval_opaque_66846.png'
01:11:39.486  render           | Saved: '/tmp/clearvla_eval_opaque_66846.png'
01:11:39.874  render           | Saved: '/tmp/clearvla_eval_opaque_66846.png'
01:11:40.211  render           | Saved: '/tmp/clearvla_eval_opaque_66846.png'
01:11:40.597  render           | Saved: '/tmp/clearvla_eval_opaque_66846.png'
01:11:40.933  render           | Saved: '/tmp/clearvla_eval_opaque_66846.png'
01:11:41.319  render           | Saved: '/tmp/clearvla_eval_opaque_66846.png'
01:11:41.651  render           | Saved: '/tmp/clearvla_eval_opaque_66846.png'
01:11:42.046  render           | Saved: '/tmp/clearvla_eval_opaque_66846.png'
01:11:42.378  render           | Saved: '/tmp/clearvla_eval_opaque_66846.png'
01:11:42.772  render           | Saved: '/tmp/clearvla_eval_opaque_66846.png'
01:11:43.104  render           | Saved: '/tmp/clearvla_eval_opaque_66846.png'
01:11:43.486  render           | Saved: '/tmp/clearvla_eval_opaque_66846.png'
01:11:43.811  render           | Saved: '/tmp/clearvla_eval_opaque_66846.png'
[full/opaque] pour: 9/90  (71.6 min, 27.8 s/ep)
01:11:45.920  render           | Saved: '/tmp/clearvla_eval_opaque_66846.png'
01:11:46.244  render           | Saved: '/tmp/clearvla_eval_opaque_66846.png'
01:11:46.686  render           | Saved: '/tmp/clearvla_eval_opaque_66846.png'
01:11:47.009  render           | Saved: '/tmp/clearvla_eval_opaque_66846.png'
01:11:47.393  render           | Saved: '/tmp/clearvla_eval_opaque_66846.png'
01:11:47.715  render           | Saved: '/tmp/clearvla_eval_opaque_66846.png'
01:11:48.108  render           | Saved: '/tmp/clearvla_eval_opaque_66846.png'
01:11:48.434  render           | Saved: '/tmp/clearvla_eval_opaque_66846.png'
01:11:48.810  render           | Saved: '/tmp/clearvla_eval_opaque_66846.png'
01:11:49.178  render           | Saved: '/tmp/clearvla_eval_opaque_66846.png'
01:11:49.566  render           | Saved: '/tmp/clearvla_eval_opaque_66846.png'
01:11:49.920  render           | Saved: '/tmp/clearvla_eval_opaque_66846.png'
01:11:50.297  render           | Saved: '/tmp/clearvla_eval_opaque_66846.png'
01:11:50.662  render           | Saved: '/tmp/clearvla_eval_opaque_66846.png'
01:11:51.045  render           | Saved: '/tmp/clearvla_eval_opaque_66846.png'
01:11:51.428  render           | Saved: '/tmp/clearvla_eval_opaque_66846.png'
01:11:51.819  render           | Saved: '/tmp/clearvla_eval_opaque_66846.png'
01:11:52.160  render           | Saved: '/tmp/clearvla_eval_opaque_66846.png'
01:11:52.572  render           | Saved: '/tmp/clearvla_eval_opaque_66846.png'
01:11:52.897  render           | Saved: '/tmp/clearvla_eval_opaque_66846.png'
01:11:53.346  render           | Saved: '/tmp/clearvla_eval_opaque_66846.png'
01:11:53.673  render           | Saved: '/tmp/clearvla_eval_opaque_66846.png'
01:11:54.097  render           | Saved: '/tmp/clearvla_eval_opaque_66846.png'
01:11:54.418  render           | Saved: '/tmp/clearvla_eval_opaque_66846.png'
01:11:54.841  render           | Saved: '/tmp/clearvla_eval_opaque_66846.png'
01:11:55.160  render           | Saved: '/tmp/clearvla_eval_opaque_66846.png'
01:11:55.558  render           | Saved: '/tmp/clearvla_eval_opaque_66846.png'
01:11:55.882  render           | Saved: '/tmp/clearvla_eval_opaque_66846.png'
01:11:56.306  render           | Saved: '/tmp/clearvla_eval_opaque_66846.png'
01:11:56.624  render           | Saved: '/tmp/clearvla_eval_opaque_66846.png'
01:11:57.046  render           | Saved: '/tmp/clearvla_eval_opaque_66846.png'
01:11:57.368  render           | Saved: '/tmp/clearvla_eval_opaque_66846.png'
01:11:57.763  render           | Saved: '/tmp/clearvla_eval_opaque_66846.png'
01:11:58.080  render           | Saved: '/tmp/clearvla_eval_opaque_66846.png'
01:11:58.478  render           | Saved: '/tmp/clearvla_eval_opaque_66846.png'
01:11:58.805  render           | Saved: '/tmp/clearvla_eval_opaque_66846.png'
01:11:59.205  render           | Saved: '/tmp/clearvla_eval_opaque_66846.png'
01:11:59.531  render           | Saved: '/tmp/clearvla_eval_opaque_66846.png'
01:11:59.947  render           | Saved: '/tmp/clearvla_eval_opaque_66846.png'
01:12:00.266  render           | Saved: '/tmp/clearvla_eval_opaque_66846.png'
01:12:00.670  render           | Saved: '/tmp/clearvla_eval_opaque_66846.png'
01:12:00.996  render           | Saved: '/tmp/clearvla_eval_opaque_66846.png'
01:12:01.402  render           | Saved: '/tmp/clearvla_eval_opaque_66846.png'
01:12:01.735  render           | Saved: '/tmp/clearvla_eval_opaque_66846.png'
01:12:02.134  render           | Saved: '/tmp/clearvla_eval_opaque_66846.png'
01:12:02.459  render           | Saved: '/tmp/clearvla_eval_opaque_66846.png'
01:12:02.851  render           | Saved: '/tmp/clearvla_eval_opaque_66846.png'
01:12:03.178  render           | Saved: '/tmp/clearvla_eval_opaque_66846.png'
01:12:03.581  render           | Saved: '/tmp/clearvla_eval_opaque_66846.png'
01:12:03.930  render           | Saved: '/tmp/clearvla_eval_opaque_66846.png'
01:12:04.330  render           | Saved: '/tmp/clearvla_eval_opaque_66846.png'
01:12:04.659  render           | Saved: '/tmp/clearvla_eval_opaque_66846.png'
01:12:05.051  render           | Saved: '/tmp/clearvla_eval_opaque_66846.png'
01:12:05.374  render           | Saved: '/tmp/clearvla_eval_opaque_66846.png'
01:12:05.787  render           | Saved: '/tmp/clearvla_eval_opaque_66846.png'
01:12:06.102  render           | Saved: '/tmp/clearvla_eval_opaque_66846.png'
01:12:06.519  render           | Saved: '/tmp/clearvla_eval_opaque_66846.png'
01:12:06.838  render           | Saved: '/tmp/clearvla_eval_opaque_66846.png'
01:12:07.280  render           | Saved: '/tmp/clearvla_eval_opaque_66846.png'
01:12:07.618  render           | Saved: '/tmp/clearvla_eval_opaque_66846.png'
01:12:08.033  render           | Saved: '/tmp/clearvla_eval_opaque_66846.png'
01:12:08.361  render           | Saved: '/tmp/clearvla_eval_opaque_66846.png'
01:12:08.785  render           | Saved: '/tmp/clearvla_eval_opaque_66846.png'
01:12:09.123  render           | Saved: '/tmp/clearvla_eval_opaque_66846.png'
01:12:09.538  render           | Saved: '/tmp/clearvla_eval_opaque_66846.png'
01:12:09.880  render           | Saved: '/tmp/clearvla_eval_opaque_66846.png'
01:12:10.304  render           | Saved: '/tmp/clearvla_eval_opaque_66846.png'
01:12:10.658  render           | Saved: '/tmp/clearvla_eval_opaque_66846.png'
01:12:11.047  render           | Saved: '/tmp/clearvla_eval_opaque_66846.png'
01:12:11.393  render           | Saved: '/tmp/clearvla_eval_opaque_66846.png'
01:12:11.813  render           | Saved: '/tmp/clearvla_eval_opaque_66846.png'
01:12:12.152  render           | Saved: '/tmp/clearvla_eval_opaque_66846.png'
01:12:12.568  render           | Saved: '/tmp/clearvla_eval_opaque_66846.png'
01:12:12.898  render           | Saved: '/tmp/clearvla_eval_opaque_66846.png'
01:12:13.337  render           | Saved: '/tmp/clearvla_eval_opaque_66846.png'
01:12:13.660  render           | Saved: '/tmp/clearvla_eval_opaque_66846.png'
01:12:15.805  render           | Saved: '/tmp/clearvla_eval_opaque_66846.png'
01:12:16.142  render           | Saved: '/tmp/clearvla_eval_opaque_66846.png'
01:12:16.566  render           | Saved: '/tmp/clearvla_eval_opaque_66846.png'
01:12:16.884  render           | Saved: '/tmp/clearvla_eval_opaque_66846.png'
01:12:17.275  render           | Saved: '/tmp/clearvla_eval_opaque_66846.png'
01:12:17.607  render           | Saved: '/tmp/clearvla_eval_opaque_66846.png'
01:12:17.988  render           | Saved: '/tmp/clearvla_eval_opaque_66846.png'
01:12:18.319  render           | Saved: '/tmp/clearvla_eval_opaque_66846.png'
01:12:18.704  render           | Saved: '/tmp/clearvla_eval_opaque_66846.png'
01:12:19.029  render           | Saved: '/tmp/clearvla_eval_opaque_66846.png'
01:12:19.435  render           | Saved: '/tmp/clearvla_eval_opaque_66846.png'
01:12:19.785  render           | Saved: '/tmp/clearvla_eval_opaque_66846.png'
01:12:20.166  render           | Saved: '/tmp/clearvla_eval_opaque_66846.png'
01:12:20.486  render           | Saved: '/tmp/clearvla_eval_opaque_66846.png'
01:12:20.893  render           | Saved: '/tmp/clearvla_eval_opaque_66846.png'
01:12:21.229  render           | Saved: '/tmp/clearvla_eval_opaque_66846.png'
01:12:21.633  render           | Saved: '/tmp/clearvla_eval_opaque_66846.png'
01:12:21.945  render           | Saved: '/tmp/clearvla_eval_opaque_66846.png'
01:12:22.329  render           | Saved: '/tmp/clearvla_eval_opaque_66846.png'
01:12:22.669  render           | Saved: '/tmp/clearvla_eval_opaque_66846.png'
01:12:23.056  render           | Saved: '/tmp/clearvla_eval_opaque_66846.png'
01:12:23.392  render           | Saved: '/tmp/clearvla_eval_opaque_66846.png'
01:12:23.772  render           | Saved: '/tmp/clearvla_eval_opaque_66846.png'
01:12:24.106  render           | Saved: '/tmp/clearvla_eval_opaque_66846.png'
01:12:24.509  render           | Saved: '/tmp/clearvla_eval_opaque_66846.png'
01:12:24.875  render           | Saved: '/tmp/clearvla_eval_opaque_66846.png'
01:12:25.304  render           | Saved: '/tmp/clearvla_eval_opaque_66846.png'
01:12:25.673  render           | Saved: '/tmp/clearvla_eval_opaque_66846.png'
01:12:26.107  render           | Saved: '/tmp/clearvla_eval_opaque_66846.png'
01:12:26.460  render           | Saved: '/tmp/clearvla_eval_opaque_66846.png'
01:12:26.887  render           | Saved: '/tmp/clearvla_eval_opaque_66846.png'
01:12:27.227  render           | Saved: '/tmp/clearvla_eval_opaque_66846.png'
01:12:27.634  render           | Saved: '/tmp/clearvla_eval_opaque_66846.png'
01:12:27.969  render           | Saved: '/tmp/clearvla_eval_opaque_66846.png'
01:12:28.366  render           | Saved: '/tmp/clearvla_eval_opaque_66846.png'
01:12:28.691  render           | Saved: '/tmp/clearvla_eval_opaque_66846.png'
01:12:29.081  render           | Saved: '/tmp/clearvla_eval_opaque_66846.png'
01:12:29.407  render           | Saved: '/tmp/clearvla_eval_opaque_66846.png'
01:12:29.797  render           | Saved: '/tmp/clearvla_eval_opaque_66846.png'
01:12:30.118  render           | Saved: '/tmp/clearvla_eval_opaque_66846.png'
01:12:30.507  render           | Saved: '/tmp/clearvla_eval_opaque_66846.png'
01:12:30.838  render           | Saved: '/tmp/clearvla_eval_opaque_66846.png'
01:12:31.239  render           | Saved: '/tmp/clearvla_eval_opaque_66846.png'
01:12:31.575  render           | Saved: '/tmp/clearvla_eval_opaque_66846.png'
01:12:31.968  render           | Saved: '/tmp/clearvla_eval_opaque_66846.png'
01:12:32.313  render           | Saved: '/tmp/clearvla_eval_opaque_66846.png'
01:12:32.704  render           | Saved: '/tmp/clearvla_eval_opaque_66846.png'
01:12:33.033  render           | Saved: '/tmp/clearvla_eval_opaque_66846.png'
01:12:33.418  render           | Saved: '/tmp/clearvla_eval_opaque_66846.png'
01:12:33.745  render           | Saved: '/tmp/clearvla_eval_opaque_66846.png'
01:12:34.130  render           | Saved: '/tmp/clearvla_eval_opaque_66846.png'
01:12:34.449  render           | Saved: '/tmp/clearvla_eval_opaque_66846.png'
01:12:34.834  render           | Saved: '/tmp/clearvla_eval_opaque_66846.png'
01:12:35.162  render           | Saved: '/tmp/clearvla_eval_opaque_66846.png'
01:12:35.545  render           | Saved: '/tmp/clearvla_eval_opaque_66846.png'
01:12:35.867  render           | Saved: '/tmp/clearvla_eval_opaque_66846.png'
01:12:36.247  render           | Saved: '/tmp/clearvla_eval_opaque_66846.png'
01:12:36.572  render           | Saved: '/tmp/clearvla_eval_opaque_66846.png'
01:12:36.957  render           | Saved: '/tmp/clearvla_eval_opaque_66846.png'
01:12:37.291  render           | Saved: '/tmp/clearvla_eval_opaque_66846.png'
01:12:37.675  render           | Saved: '/tmp/clearvla_eval_opaque_66846.png'
01:12:37.997  render           | Saved: '/tmp/clearvla_eval_opaque_66846.png'
01:12:38.380  render           | Saved: '/tmp/clearvla_eval_opaque_66846.png'
01:12:38.708  render           | Saved: '/tmp/clearvla_eval_opaque_66846.png'
01:12:39.093  render           | Saved: '/tmp/clearvla_eval_opaque_66846.png'
01:12:39.429  render           | Saved: '/tmp/clearvla_eval_opaque_66846.png'
01:12:39.813  render           | Saved: '/tmp/clearvla_eval_opaque_66846.png'
01:12:40.134  render           | Saved: '/tmp/clearvla_eval_opaque_66846.png'
01:12:40.517  render           | Saved: '/tmp/clearvla_eval_opaque_66846.png'
01:12:40.846  render           | Saved: '/tmp/clearvla_eval_opaque_66846.png'
01:12:41.234  render           | Saved: '/tmp/clearvla_eval_opaque_66846.png'
01:12:41.562  render           | Saved: '/tmp/clearvla_eval_opaque_66846.png'
01:12:41.945  render           | Saved: '/tmp/clearvla_eval_opaque_66846.png'
01:12:42.270  render           | Saved: '/tmp/clearvla_eval_opaque_66846.png'
01:12:42.657  render           | Saved: '/tmp/clearvla_eval_opaque_66846.png'
01:12:42.992  render           | Saved: '/tmp/clearvla_eval_opaque_66846.png'
01:12:45.139  render           | Saved: '/tmp/clearvla_eval_opaque_66846.png'
01:12:45.456  render           | Saved: '/tmp/clearvla_eval_opaque_66846.png'
01:12:45.896  render           | Saved: '/tmp/clearvla_eval_opaque_66846.png'
01:12:46.215  render           | Saved: '/tmp/clearvla_eval_opaque_66846.png'
01:12:46.607  render           | Saved: '/tmp/clearvla_eval_opaque_66846.png'
01:12:46.933  render           | Saved: '/tmp/clearvla_eval_opaque_66846.png'
01:12:47.323  render           | Saved: '/tmp/clearvla_eval_opaque_66846.png'
01:12:47.654  render           | Saved: '/tmp/clearvla_eval_opaque_66846.png'
01:12:48.041  render           | Saved: '/tmp/clearvla_eval_opaque_66846.png'
01:12:48.370  render           | Saved: '/tmp/clearvla_eval_opaque_66846.png'
01:12:48.753  render           | Saved: '/tmp/clearvla_eval_opaque_66846.png'
01:12:49.103  render           | Saved: '/tmp/clearvla_eval_opaque_66846.png'
01:12:49.477  render           | Saved: '/tmp/clearvla_eval_opaque_66846.png'
01:12:49.815  render           | Saved: '/tmp/clearvla_eval_opaque_66846.png'
01:12:50.200  render           | Saved: '/tmp/clearvla_eval_opaque_66846.png'
01:12:50.565  render           | Saved: '/tmp/clearvla_eval_opaque_66846.png'
01:12:50.940  render           | Saved: '/tmp/clearvla_eval_opaque_66846.png'
01:12:51.307  render           | Saved: '/tmp/clearvla_eval_opaque_66846.png'
01:12:51.689  render           | Saved: '/tmp/clearvla_eval_opaque_66846.png'
01:12:52.073  render           | Saved: '/tmp/clearvla_eval_opaque_66846.png'
01:12:52.468  render           | Saved: '/tmp/clearvla_eval_opaque_66846.png'
01:12:52.804  render           | Saved: '/tmp/clearvla_eval_opaque_66846.png'
01:12:53.223  render           | Saved: '/tmp/clearvla_eval_opaque_66846.png'
01:12:53.545  render           | Saved: '/tmp/clearvla_eval_opaque_66846.png'
01:12:53.981  render           | Saved: '/tmp/clearvla_eval_opaque_66846.png'
01:12:54.307  render           | Saved: '/tmp/clearvla_eval_opaque_66846.png'
01:12:54.704  render           | Saved: '/tmp/clearvla_eval_opaque_66846.png'
01:12:55.033  render           | Saved: '/tmp/clearvla_eval_opaque_66846.png'
01:12:55.427  render           | Saved: '/tmp/clearvla_eval_opaque_66846.png'
01:12:55.755  render           | Saved: '/tmp/clearvla_eval_opaque_66846.png'
01:12:56.152  render           | Saved: '/tmp/clearvla_eval_opaque_66846.png'
01:12:56.480  render           | Saved: '/tmp/clearvla_eval_opaque_66846.png'
01:12:56.869  render           | Saved: '/tmp/clearvla_eval_opaque_66846.png'
01:12:57.200  render           | Saved: '/tmp/clearvla_eval_opaque_66846.png'
01:12:57.597  render           | Saved: '/tmp/clearvla_eval_opaque_66846.png'
01:12:57.932  render           | Saved: '/tmp/clearvla_eval_opaque_66846.png'
01:12:58.340  render           | Saved: '/tmp/clearvla_eval_opaque_66846.png'
01:12:58.666  render           | Saved: '/tmp/clearvla_eval_opaque_66846.png'
01:12:59.052  render           | Saved: '/tmp/clearvla_eval_opaque_66846.png'
01:12:59.390  render           | Saved: '/tmp/clearvla_eval_opaque_66846.png'
01:12:59.779  render           | Saved: '/tmp/clearvla_eval_opaque_66846.png'
01:13:00.104  render           | Saved: '/tmp/clearvla_eval_opaque_66846.png'
01:13:00.484  render           | Saved: '/tmp/clearvla_eval_opaque_66846.png'
01:13:00.803  render           | Saved: '/tmp/clearvla_eval_opaque_66846.png'
01:13:01.187  render           | Saved: '/tmp/clearvla_eval_opaque_66846.png'
01:13:01.510  render           | Saved: '/tmp/clearvla_eval_opaque_66846.png'
01:13:01.902  render           | Saved: '/tmp/clearvla_eval_opaque_66846.png'
01:13:02.221  render           | Saved: '/tmp/clearvla_eval_opaque_66846.png'
01:13:02.614  render           | Saved: '/tmp/clearvla_eval_opaque_66846.png'
01:13:02.934  render           | Saved: '/tmp/clearvla_eval_opaque_66846.png'
01:13:03.332  render           | Saved: '/tmp/clearvla_eval_opaque_66846.png'
01:13:03.653  render           | Saved: '/tmp/clearvla_eval_opaque_66846.png'
01:13:04.039  render           | Saved: '/tmp/clearvla_eval_opaque_66846.png'
01:13:04.359  render           | Saved: '/tmp/clearvla_eval_opaque_66846.png'
01:13:04.755  render           | Saved: '/tmp/clearvla_eval_opaque_66846.png'
01:13:05.069  render           | Saved: '/tmp/clearvla_eval_opaque_66846.png'
01:13:05.461  render           | Saved: '/tmp/clearvla_eval_opaque_66846.png'
01:13:05.779  render           | Saved: '/tmp/clearvla_eval_opaque_66846.png'
01:13:06.172  render           | Saved: '/tmp/clearvla_eval_opaque_66846.png'
01:13:06.487  render           | Saved: '/tmp/clearvla_eval_opaque_66846.png'
01:13:06.879  render           | Saved: '/tmp/clearvla_eval_opaque_66846.png'
01:13:07.211  render           | Saved: '/tmp/clearvla_eval_opaque_66846.png'
01:13:07.605  render           | Saved: '/tmp/clearvla_eval_opaque_66846.png'
01:13:07.932  render           | Saved: '/tmp/clearvla_eval_opaque_66846.png'
01:13:08.319  render           | Saved: '/tmp/clearvla_eval_opaque_66846.png'
01:13:08.642  render           | Saved: '/tmp/clearvla_eval_opaque_66846.png'
01:13:09.031  render           | Saved: '/tmp/clearvla_eval_opaque_66846.png'
01:13:09.365  render           | Saved: '/tmp/clearvla_eval_opaque_66846.png'
01:13:09.752  render           | Saved: '/tmp/clearvla_eval_opaque_66846.png'
01:13:10.103  render           | Saved: '/tmp/clearvla_eval_opaque_66846.png'
01:13:10.488  render           | Saved: '/tmp/clearvla_eval_opaque_66846.png'
01:13:10.836  render           | Saved: '/tmp/clearvla_eval_opaque_66846.png'
01:13:11.223  render           | Saved: '/tmp/clearvla_eval_opaque_66846.png'
01:13:11.563  render           | Saved: '/tmp/clearvla_eval_opaque_66846.png'
01:13:11.947  render           | Saved: '/tmp/clearvla_eval_opaque_66846.png'
01:13:12.275  render           | Saved: '/tmp/clearvla_eval_opaque_66846.png'
01:13:14.420  render           | Saved: '/tmp/clearvla_eval_opaque_66846.png'
01:13:14.747  render           | Saved: '/tmp/clearvla_eval_opaque_66846.png'
01:13:15.150  render           | Saved: '/tmp/clearvla_eval_opaque_66846.png'
01:13:15.474  render           | Saved: '/tmp/clearvla_eval_opaque_66846.png'
01:13:15.850  render           | Saved: '/tmp/clearvla_eval_opaque_66846.png'
01:13:16.197  render           | Saved: '/tmp/clearvla_eval_opaque_66846.png'
01:13:16.579  render           | Saved: '/tmp/clearvla_eval_opaque_66846.png'
01:13:16.905  render           | Saved: '/tmp/clearvla_eval_opaque_66846.png'
01:13:17.297  render           | Saved: '/tmp/clearvla_eval_opaque_66846.png'
01:13:17.627  render           | Saved: '/tmp/clearvla_eval_opaque_66846.png'
01:13:18.003  render           | Saved: '/tmp/clearvla_eval_opaque_66846.png'
01:13:18.330  render           | Saved: '/tmp/clearvla_eval_opaque_66846.png'
01:13:18.813  render           | Saved: '/tmp/clearvla_eval_opaque_66846.png'
01:13:19.159  render           | Saved: '/tmp/clearvla_eval_opaque_66846.png'
01:13:19.613  render           | Saved: '/tmp/clearvla_eval_opaque_66846.png'
01:13:19.953  render           | Saved: '/tmp/clearvla_eval_opaque_66846.png'
01:13:20.354  render           | Saved: '/tmp/clearvla_eval_opaque_66846.png'
01:13:20.690  render           | Saved: '/tmp/clearvla_eval_opaque_66846.png'
01:13:21.110  render           | Saved: '/tmp/clearvla_eval_opaque_66846.png'
01:13:21.432  render           | Saved: '/tmp/clearvla_eval_opaque_66846.png'
01:13:21.842  render           | Saved: '/tmp/clearvla_eval_opaque_66846.png'
01:13:22.189  render           | Saved: '/tmp/clearvla_eval_opaque_66846.png'
01:13:22.605  render           | Saved: '/tmp/clearvla_eval_opaque_66846.png'
01:13:22.975  render           | Saved: '/tmp/clearvla_eval_opaque_66846.png'
01:13:23.382  render           | Saved: '/tmp/clearvla_eval_opaque_66846.png'
01:13:23.706  render           | Saved: '/tmp/clearvla_eval_opaque_66846.png'
01:13:24.085  render           | Saved: '/tmp/clearvla_eval_opaque_66846.png'
01:13:24.402  render           | Saved: '/tmp/clearvla_eval_opaque_66846.png'
01:13:24.786  render           | Saved: '/tmp/clearvla_eval_opaque_66846.png'
01:13:25.113  render           | Saved: '/tmp/clearvla_eval_opaque_66846.png'
01:13:25.495  render           | Saved: '/tmp/clearvla_eval_opaque_66846.png'
01:13:25.820  render           | Saved: '/tmp/clearvla_eval_opaque_66846.png'
01:13:26.198  render           | Saved: '/tmp/clearvla_eval_opaque_66846.png'
01:13:26.513  render           | Saved: '/tmp/clearvla_eval_opaque_66846.png'
01:13:26.900  render           | Saved: '/tmp/clearvla_eval_opaque_66846.png'
01:13:27.226  render           | Saved: '/tmp/clearvla_eval_opaque_66846.png'
01:13:27.617  render           | Saved: '/tmp/clearvla_eval_opaque_66846.png'
01:13:27.942  render           | Saved: '/tmp/clearvla_eval_opaque_66846.png'
01:13:28.342  render           | Saved: '/tmp/clearvla_eval_opaque_66846.png'
01:13:28.673  render           | Saved: '/tmp/clearvla_eval_opaque_66846.png'
01:13:29.058  render           | Saved: '/tmp/clearvla_eval_opaque_66846.png'
01:13:29.394  render           | Saved: '/tmp/clearvla_eval_opaque_66846.png'
01:13:29.783  render           | Saved: '/tmp/clearvla_eval_opaque_66846.png'
01:13:30.126  render           | Saved: '/tmp/clearvla_eval_opaque_66846.png'
01:13:30.527  render           | Saved: '/tmp/clearvla_eval_opaque_66846.png'
01:13:30.871  render           | Saved: '/tmp/clearvla_eval_opaque_66846.png'
01:13:31.265  render           | Saved: '/tmp/clearvla_eval_opaque_66846.png'
01:13:31.589  render           | Saved: '/tmp/clearvla_eval_opaque_66846.png'
01:13:31.976  render           | Saved: '/tmp/clearvla_eval_opaque_66846.png'
01:13:32.301  render           | Saved: '/tmp/clearvla_eval_opaque_66846.png'
01:13:32.688  render           | Saved: '/tmp/clearvla_eval_opaque_66846.png'
01:13:33.012  render           | Saved: '/tmp/clearvla_eval_opaque_66846.png'
01:13:33.399  render           | Saved: '/tmp/clearvla_eval_opaque_66846.png'
01:13:33.725  render           | Saved: '/tmp/clearvla_eval_opaque_66846.png'
01:13:34.107  render           | Saved: '/tmp/clearvla_eval_opaque_66846.png'
01:13:34.444  render           | Saved: '/tmp/clearvla_eval_opaque_66846.png'
01:13:34.827  render           | Saved: '/tmp/clearvla_eval_opaque_66846.png'
01:13:35.150  render           | Saved: '/tmp/clearvla_eval_opaque_66846.png'
01:13:35.538  render           | Saved: '/tmp/clearvla_eval_opaque_66846.png'
01:13:35.862  render           | Saved: '/tmp/clearvla_eval_opaque_66846.png'
01:13:36.239  render           | Saved: '/tmp/clearvla_eval_opaque_66846.png'
01:13:36.551  render           | Saved: '/tmp/clearvla_eval_opaque_66846.png'
01:13:36.920  render           | Saved: '/tmp/clearvla_eval_opaque_66846.png'
01:13:37.232  render           | Saved: '/tmp/clearvla_eval_opaque_66846.png'
01:13:37.615  render           | Saved: '/tmp/clearvla_eval_opaque_66846.png'
01:13:37.935  render           | Saved: '/tmp/clearvla_eval_opaque_66846.png'
01:13:38.326  render           | Saved: '/tmp/clearvla_eval_opaque_66846.png'
01:13:38.678  render           | Saved: '/tmp/clearvla_eval_opaque_66846.png'
01:13:39.100  render           | Saved: '/tmp/clearvla_eval_opaque_66846.png'
01:13:39.449  render           | Saved: '/tmp/clearvla_eval_opaque_66846.png'
01:13:39.847  render           | Saved: '/tmp/clearvla_eval_opaque_66846.png'
01:13:40.198  render           | Saved: '/tmp/clearvla_eval_opaque_66846.png'
01:13:40.595  render           | Saved: '/tmp/clearvla_eval_opaque_66846.png'
01:13:40.934  render           | Saved: '/tmp/clearvla_eval_opaque_66846.png'
01:13:41.329  render           | Saved: '/tmp/clearvla_eval_opaque_66846.png'
01:13:41.665  render           | Saved: '/tmp/clearvla_eval_opaque_66846.png'
01:13:43.808  render           | Saved: '/tmp/clearvla_eval_opaque_66846.png'
01:13:44.132  render           | Saved: '/tmp/clearvla_eval_opaque_66846.png'
01:13:44.557  render           | Saved: '/tmp/clearvla_eval_opaque_66846.png'
01:13:44.869  render           | Saved: '/tmp/clearvla_eval_opaque_66846.png'
01:13:45.238  render           | Saved: '/tmp/clearvla_eval_opaque_66846.png'
01:13:45.558  render           | Saved: '/tmp/clearvla_eval_opaque_66846.png'
01:13:45.932  render           | Saved: '/tmp/clearvla_eval_opaque_66846.png'
01:13:46.255  render           | Saved: '/tmp/clearvla_eval_opaque_66846.png'
01:13:46.640  render           | Saved: '/tmp/clearvla_eval_opaque_66846.png'
01:13:47.004  render           | Saved: '/tmp/clearvla_eval_opaque_66846.png'
01:13:47.429  render           | Saved: '/tmp/clearvla_eval_opaque_66846.png'
01:13:47.816  render           | Saved: '/tmp/clearvla_eval_opaque_66846.png'
01:13:48.225  render           | Saved: '/tmp/clearvla_eval_opaque_66846.png'
01:13:48.555  render           | Saved: '/tmp/clearvla_eval_opaque_66846.png'
01:13:48.946  render           | Saved: '/tmp/clearvla_eval_opaque_66846.png'
01:13:49.283  render           | Saved: '/tmp/clearvla_eval_opaque_66846.png'
01:13:49.684  render           | Saved: '/tmp/clearvla_eval_opaque_66846.png'
01:13:50.024  render           | Saved: '/tmp/clearvla_eval_opaque_66846.png'
01:13:50.413  render           | Saved: '/tmp/clearvla_eval_opaque_66846.png'
01:13:50.738  render           | Saved: '/tmp/clearvla_eval_opaque_66846.png'
01:13:51.118  render           | Saved: '/tmp/clearvla_eval_opaque_66846.png'
01:13:51.435  render           | Saved: '/tmp/clearvla_eval_opaque_66846.png'
01:13:51.816  render           | Saved: '/tmp/clearvla_eval_opaque_66846.png'
01:13:52.137  render           | Saved: '/tmp/clearvla_eval_opaque_66846.png'
01:13:52.510  render           | Saved: '/tmp/clearvla_eval_opaque_66846.png'
01:13:52.836  render           | Saved: '/tmp/clearvla_eval_opaque_66846.png'
01:13:53.214  render           | Saved: '/tmp/clearvla_eval_opaque_66846.png'
01:13:53.545  render           | Saved: '/tmp/clearvla_eval_opaque_66846.png'
01:13:53.926  render           | Saved: '/tmp/clearvla_eval_opaque_66846.png'
01:13:54.254  render           | Saved: '/tmp/clearvla_eval_opaque_66846.png'
01:13:54.642  render           | Saved: '/tmp/clearvla_eval_opaque_66846.png'
01:13:54.965  render           | Saved: '/tmp/clearvla_eval_opaque_66846.png'
01:13:55.369  render           | Saved: '/tmp/clearvla_eval_opaque_66846.png'
01:13:55.710  render           | Saved: '/tmp/clearvla_eval_opaque_66846.png'
01:13:56.125  render           | Saved: '/tmp/clearvla_eval_opaque_66846.png'
01:13:56.451  render           | Saved: '/tmp/clearvla_eval_opaque_66846.png'
01:13:56.857  render           | Saved: '/tmp/clearvla_eval_opaque_66846.png'
01:13:57.171  render           | Saved: '/tmp/clearvla_eval_opaque_66846.png'
01:13:57.568  render           | Saved: '/tmp/clearvla_eval_opaque_66846.png'
01:13:57.916  render           | Saved: '/tmp/clearvla_eval_opaque_66846.png'
01:13:58.307  render           | Saved: '/tmp/clearvla_eval_opaque_66846.png'
01:13:58.627  render           | Saved: '/tmp/clearvla_eval_opaque_66846.png'
01:13:59.020  render           | Saved: '/tmp/clearvla_eval_opaque_66846.png'
01:13:59.343  render           | Saved: '/tmp/clearvla_eval_opaque_66846.png'
01:13:59.734  render           | Saved: '/tmp/clearvla_eval_opaque_66846.png'
01:14:00.059  render           | Saved: '/tmp/clearvla_eval_opaque_66846.png'
01:14:00.453  render           | Saved: '/tmp/clearvla_eval_opaque_66846.png'
01:14:00.808  render           | Saved: '/tmp/clearvla_eval_opaque_66846.png'
01:14:01.231  render           | Saved: '/tmp/clearvla_eval_opaque_66846.png'
01:14:01.545  render           | Saved: '/tmp/clearvla_eval_opaque_66846.png'
01:14:01.979  render           | Saved: '/tmp/clearvla_eval_opaque_66846.png'
01:14:02.290  render           | Saved: '/tmp/clearvla_eval_opaque_66846.png'
01:14:02.693  render           | Saved: '/tmp/clearvla_eval_opaque_66846.png'
01:14:03.017  render           | Saved: '/tmp/clearvla_eval_opaque_66846.png'
01:14:03.412  render           | Saved: '/tmp/clearvla_eval_opaque_66846.png'
01:14:03.736  render           | Saved: '/tmp/clearvla_eval_opaque_66846.png'
01:14:04.123  render           | Saved: '/tmp/clearvla_eval_opaque_66846.png'
01:14:04.439  render           | Saved: '/tmp/clearvla_eval_opaque_66846.png'
01:14:04.836  render           | Saved: '/tmp/clearvla_eval_opaque_66846.png'
01:14:05.162  render           | Saved: '/tmp/clearvla_eval_opaque_66846.png'
01:14:05.550  render           | Saved: '/tmp/clearvla_eval_opaque_66846.png'
01:14:05.870  render           | Saved: '/tmp/clearvla_eval_opaque_66846.png'
01:14:06.253  render           | Saved: '/tmp/clearvla_eval_opaque_66846.png'
01:14:06.611  render           | Saved: '/tmp/clearvla_eval_opaque_66846.png'
01:14:07.020  render           | Saved: '/tmp/clearvla_eval_opaque_66846.png'
01:14:07.354  render           | Saved: '/tmp/clearvla_eval_opaque_66846.png'
01:14:07.737  render           | Saved: '/tmp/clearvla_eval_opaque_66846.png'
01:14:08.128  render           | Saved: '/tmp/clearvla_eval_opaque_66846.png'
01:14:08.524  render           | Saved: '/tmp/clearvla_eval_opaque_66846.png'
01:14:08.851  render           | Saved: '/tmp/clearvla_eval_opaque_66846.png'
01:14:09.272  render           | Saved: '/tmp/clearvla_eval_opaque_66846.png'
01:14:09.588  render           | Saved: '/tmp/clearvla_eval_opaque_66846.png'
01:14:10.031  render           | Saved: '/tmp/clearvla_eval_opaque_66846.png'
01:14:10.349  render           | Saved: '/tmp/clearvla_eval_opaque_66846.png'
01:14:10.755  render           | Saved: '/tmp/clearvla_eval_opaque_66846.png'
01:14:11.083  render           | Saved: '/tmp/clearvla_eval_opaque_66846.png'
01:14:13.272  render           | Saved: '/tmp/clearvla_eval_opaque_66846.png'
01:14:13.586  render           | Saved: '/tmp/clearvla_eval_opaque_66846.png'
01:14:13.979  render           | Saved: '/tmp/clearvla_eval_opaque_66846.png'
01:14:14.298  render           | Saved: '/tmp/clearvla_eval_opaque_66846.png'
01:14:14.673  render           | Saved: '/tmp/clearvla_eval_opaque_66846.png'
01:14:14.991  render           | Saved: '/tmp/clearvla_eval_opaque_66846.png'
01:14:15.468  render           | Saved: '/tmp/clearvla_eval_opaque_66846.png'
01:14:15.794  render           | Saved: '/tmp/clearvla_eval_opaque_66846.png'
01:14:16.223  render           | Saved: '/tmp/clearvla_eval_opaque_66846.png'
01:14:16.554  render           | Saved: '/tmp/clearvla_eval_opaque_66846.png'
01:14:16.986  render           | Saved: '/tmp/clearvla_eval_opaque_66846.png'
01:14:17.360  render           | Saved: '/tmp/clearvla_eval_opaque_66846.png'
01:14:17.759  render           | Saved: '/tmp/clearvla_eval_opaque_66846.png'
01:14:18.093  render           | Saved: '/tmp/clearvla_eval_opaque_66846.png'
01:14:18.473  render           | Saved: '/tmp/clearvla_eval_opaque_66846.png'
01:14:18.796  render           | Saved: '/tmp/clearvla_eval_opaque_66846.png'
01:14:19.186  render           | Saved: '/tmp/clearvla_eval_opaque_66846.png'
01:14:19.511  render           | Saved: '/tmp/clearvla_eval_opaque_66846.png'
01:14:19.899  render           | Saved: '/tmp/clearvla_eval_opaque_66846.png'
01:14:20.220  render           | Saved: '/tmp/clearvla_eval_opaque_66846.png'
01:14:20.600  render           | Saved: '/tmp/clearvla_eval_opaque_66846.png'
01:14:20.927  render           | Saved: '/tmp/clearvla_eval_opaque_66846.png'
01:14:21.308  render           | Saved: '/tmp/clearvla_eval_opaque_66846.png'
01:14:21.642  render           | Saved: '/tmp/clearvla_eval_opaque_66846.png'
01:14:22.031  render           | Saved: '/tmp/clearvla_eval_opaque_66846.png'
01:14:22.367  render           | Saved: '/tmp/clearvla_eval_opaque_66846.png'
01:14:22.760  render           | Saved: '/tmp/clearvla_eval_opaque_66846.png'
01:14:23.084  render           | Saved: '/tmp/clearvla_eval_opaque_66846.png'
01:14:23.466  render           | Saved: '/tmp/clearvla_eval_opaque_66846.png'
01:14:23.791  render           | Saved: '/tmp/clearvla_eval_opaque_66846.png'
01:14:24.219  render           | Saved: '/tmp/clearvla_eval_opaque_66846.png'
01:14:24.569  render           | Saved: '/tmp/clearvla_eval_opaque_66846.png'
01:14:24.972  render           | Saved: '/tmp/clearvla_eval_opaque_66846.png'
01:14:25.293  render           | Saved: '/tmp/clearvla_eval_opaque_66846.png'
01:14:25.672  render           | Saved: '/tmp/clearvla_eval_opaque_66846.png'
01:14:25.992  render           | Saved: '/tmp/clearvla_eval_opaque_66846.png'
01:14:26.369  render           | Saved: '/tmp/clearvla_eval_opaque_66846.png'
01:14:26.688  render           | Saved: '/tmp/clearvla_eval_opaque_66846.png'
01:14:27.067  render           | Saved: '/tmp/clearvla_eval_opaque_66846.png'
01:14:27.387  render           | Saved: '/tmp/clearvla_eval_opaque_66846.png'
01:14:27.768  render           | Saved: '/tmp/clearvla_eval_opaque_66846.png'
01:14:28.086  render           | Saved: '/tmp/clearvla_eval_opaque_66846.png'
01:14:28.466  render           | Saved: '/tmp/clearvla_eval_opaque_66846.png'
01:14:28.782  render           | Saved: '/tmp/clearvla_eval_opaque_66846.png'
01:14:29.160  render           | Saved: '/tmp/clearvla_eval_opaque_66846.png'
01:14:29.488  render           | Saved: '/tmp/clearvla_eval_opaque_66846.png'
01:14:29.870  render           | Saved: '/tmp/clearvla_eval_opaque_66846.png'
01:14:30.191  render           | Saved: '/tmp/clearvla_eval_opaque_66846.png'
01:14:30.573  render           | Saved: '/tmp/clearvla_eval_opaque_66846.png'
01:14:30.903  render           | Saved: '/tmp/clearvla_eval_opaque_66846.png'
01:14:31.281  render           | Saved: '/tmp/clearvla_eval_opaque_66846.png'
01:14:31.624  render           | Saved: '/tmp/clearvla_eval_opaque_66846.png'
01:14:32.007  render           | Saved: '/tmp/clearvla_eval_opaque_66846.png'
01:14:32.325  render           | Saved: '/tmp/clearvla_eval_opaque_66846.png'
01:14:32.716  render           | Saved: '/tmp/clearvla_eval_opaque_66846.png'
01:14:33.037  render           | Saved: '/tmp/clearvla_eval_opaque_66846.png'
01:14:33.410  render           | Saved: '/tmp/clearvla_eval_opaque_66846.png'
01:14:33.731  render           | Saved: '/tmp/clearvla_eval_opaque_66846.png'
01:14:34.129  render           | Saved: '/tmp/clearvla_eval_opaque_66846.png'
01:14:34.483  render           | Saved: '/tmp/clearvla_eval_opaque_66846.png'
01:14:34.875  render           | Saved: '/tmp/clearvla_eval_opaque_66846.png'
01:14:35.203  render           | Saved: '/tmp/clearvla_eval_opaque_66846.png'
01:14:35.585  render           | Saved: '/tmp/clearvla_eval_opaque_66846.png'
01:14:35.905  render           | Saved: '/tmp/clearvla_eval_opaque_66846.png'
01:14:36.283  render           | Saved: '/tmp/clearvla_eval_opaque_66846.png'
01:14:36.598  render           | Saved: '/tmp/clearvla_eval_opaque_66846.png'
01:14:36.983  render           | Saved: '/tmp/clearvla_eval_opaque_66846.png'
01:14:37.305  render           | Saved: '/tmp/clearvla_eval_opaque_66846.png'
01:14:37.683  render           | Saved: '/tmp/clearvla_eval_opaque_66846.png'
01:14:38.003  render           | Saved: '/tmp/clearvla_eval_opaque_66846.png'
01:14:38.389  render           | Saved: '/tmp/clearvla_eval_opaque_66846.png'
01:14:38.717  render           | Saved: '/tmp/clearvla_eval_opaque_66846.png'
01:14:39.107  render           | Saved: '/tmp/clearvla_eval_opaque_66846.png'
01:14:39.428  render           | Saved: '/tmp/clearvla_eval_opaque_66846.png'
01:14:39.817  render           | Saved: '/tmp/clearvla_eval_opaque_66846.png'
01:14:40.145  render           | Saved: '/tmp/clearvla_eval_opaque_66846.png'
01:14:42.320  render           | Saved: '/tmp/clearvla_eval_opaque_66846.png'
01:14:42.686  render           | Saved: '/tmp/clearvla_eval_opaque_66846.png'
01:14:43.105  render           | Saved: '/tmp/clearvla_eval_opaque_66846.png'
01:14:43.427  render           | Saved: '/tmp/clearvla_eval_opaque_66846.png'
01:14:43.805  render           | Saved: '/tmp/clearvla_eval_opaque_66846.png'
01:14:44.122  render           | Saved: '/tmp/clearvla_eval_opaque_66846.png'
01:14:44.507  render           | Saved: '/tmp/clearvla_eval_opaque_66846.png'
01:14:44.836  render           | Saved: '/tmp/clearvla_eval_opaque_66846.png'
01:14:45.234  render           | Saved: '/tmp/clearvla_eval_opaque_66846.png'
01:14:45.588  render           | Saved: '/tmp/clearvla_eval_opaque_66846.png'
01:14:45.979  render           | Saved: '/tmp/clearvla_eval_opaque_66846.png'
01:14:46.374  render           | Saved: '/tmp/clearvla_eval_opaque_66846.png'
01:14:46.769  render           | Saved: '/tmp/clearvla_eval_opaque_66846.png'
01:14:47.143  render           | Saved: '/tmp/clearvla_eval_opaque_66846.png'
01:14:47.531  render           | Saved: '/tmp/clearvla_eval_opaque_66846.png'
01:14:47.856  render           | Saved: '/tmp/clearvla_eval_opaque_66846.png'
01:14:48.235  render           | Saved: '/tmp/clearvla_eval_opaque_66846.png'
01:14:48.560  render           | Saved: '/tmp/clearvla_eval_opaque_66846.png'
01:14:48.950  render           | Saved: '/tmp/clearvla_eval_opaque_66846.png'
01:14:49.278  render           | Saved: '/tmp/clearvla_eval_opaque_66846.png'
01:14:49.662  render           | Saved: '/tmp/clearvla_eval_opaque_66846.png'
01:14:49.987  render           | Saved: '/tmp/clearvla_eval_opaque_66846.png'
01:14:50.379  render           | Saved: '/tmp/clearvla_eval_opaque_66846.png'
01:14:50.703  render           | Saved: '/tmp/clearvla_eval_opaque_66846.png'
01:14:51.087  render           | Saved: '/tmp/clearvla_eval_opaque_66846.png'
01:14:51.427  render           | Saved: '/tmp/clearvla_eval_opaque_66846.png'
01:14:51.810  render           | Saved: '/tmp/clearvla_eval_opaque_66846.png'
01:14:52.139  render           | Saved: '/tmp/clearvla_eval_opaque_66846.png'
01:14:52.538  render           | Saved: '/tmp/clearvla_eval_opaque_66846.png'
01:14:52.867  render           | Saved: '/tmp/clearvla_eval_opaque_66846.png'
01:14:53.258  render           | Saved: '/tmp/clearvla_eval_opaque_66846.png'
01:14:53.582  render           | Saved: '/tmp/clearvla_eval_opaque_66846.png'
01:14:53.971  render           | Saved: '/tmp/clearvla_eval_opaque_66846.png'
01:14:54.290  render           | Saved: '/tmp/clearvla_eval_opaque_66846.png'
01:14:54.673  render           | Saved: '/tmp/clearvla_eval_opaque_66846.png'
01:14:54.998  render           | Saved: '/tmp/clearvla_eval_opaque_66846.png'
01:14:55.382  render           | Saved: '/tmp/clearvla_eval_opaque_66846.png'
01:14:55.704  render           | Saved: '/tmp/clearvla_eval_opaque_66846.png'
01:14:56.094  render           | Saved: '/tmp/clearvla_eval_opaque_66846.png'
01:14:56.419  render           | Saved: '/tmp/clearvla_eval_opaque_66846.png'
01:14:56.813  render           | Saved: '/tmp/clearvla_eval_opaque_66846.png'
01:14:57.130  render           | Saved: '/tmp/clearvla_eval_opaque_66846.png'
01:14:57.518  render           | Saved: '/tmp/clearvla_eval_opaque_66846.png'
01:14:57.833  render           | Saved: '/tmp/clearvla_eval_opaque_66846.png'
01:14:58.262  render           | Saved: '/tmp/clearvla_eval_opaque_66846.png'
01:14:58.589  render           | Saved: '/tmp/clearvla_eval_opaque_66846.png'
01:14:58.986  render           | Saved: '/tmp/clearvla_eval_opaque_66846.png'
01:14:59.317  render           | Saved: '/tmp/clearvla_eval_opaque_66846.png'
01:14:59.720  render           | Saved: '/tmp/clearvla_eval_opaque_66846.png'
01:15:00.069  render           | Saved: '/tmp/clearvla_eval_opaque_66846.png'
01:15:00.480  render           | Saved: '/tmp/clearvla_eval_opaque_66846.png'
01:15:00.813  render           | Saved: '/tmp/clearvla_eval_opaque_66846.png'
01:15:01.214  render           | Saved: '/tmp/clearvla_eval_opaque_66846.png'
01:15:01.545  render           | Saved: '/tmp/clearvla_eval_opaque_66846.png'
01:15:01.948  render           | Saved: '/tmp/clearvla_eval_opaque_66846.png'
01:15:02.274  render           | Saved: '/tmp/clearvla_eval_opaque_66846.png'
01:15:02.671  render           | Saved: '/tmp/clearvla_eval_opaque_66846.png'
01:15:02.990  render           | Saved: '/tmp/clearvla_eval_opaque_66846.png'
01:15:03.388  render           | Saved: '/tmp/clearvla_eval_opaque_66846.png'
01:15:03.706  render           | Saved: '/tmp/clearvla_eval_opaque_66846.png'
01:15:04.103  render           | Saved: '/tmp/clearvla_eval_opaque_66846.png'
01:15:04.431  render           | Saved: '/tmp/clearvla_eval_opaque_66846.png'
01:15:04.817  render           | Saved: '/tmp/clearvla_eval_opaque_66846.png'
01:15:05.139  render           | Saved: '/tmp/clearvla_eval_opaque_66846.png'
01:15:05.525  render           | Saved: '/tmp/clearvla_eval_opaque_66846.png'
01:15:05.841  render           | Saved: '/tmp/clearvla_eval_opaque_66846.png'
01:15:06.239  render           | Saved: '/tmp/clearvla_eval_opaque_66846.png'
01:15:06.553  render           | Saved: '/tmp/clearvla_eval_opaque_66846.png'
01:15:06.946  render           | Saved: '/tmp/clearvla_eval_opaque_66846.png'
01:15:07.254  render           | Saved: '/tmp/clearvla_eval_opaque_66846.png'
01:15:07.650  render           | Saved: '/tmp/clearvla_eval_opaque_66846.png'
01:15:07.967  render           | Saved: '/tmp/clearvla_eval_opaque_66846.png'
01:15:08.367  render           | Saved: '/tmp/clearvla_eval_opaque_66846.png'
01:15:08.674  render           | Saved: '/tmp/clearvla_eval_opaque_66846.png'
01:15:09.069  render           | Saved: '/tmp/clearvla_eval_opaque_66846.png'
01:15:09.381  render           | Saved: '/tmp/clearvla_eval_opaque_66846.png'
01:15:11.566  render           | Saved: '/tmp/clearvla_eval_opaque_66846.png'
01:15:11.882  render           | Saved: '/tmp/clearvla_eval_opaque_66846.png'
01:15:12.319  render           | Saved: '/tmp/clearvla_eval_opaque_66846.png'
01:15:12.667  render           | Saved: '/tmp/clearvla_eval_opaque_66846.png'
01:15:13.052  render           | Saved: '/tmp/clearvla_eval_opaque_66846.png'
01:15:13.386  render           | Saved: '/tmp/clearvla_eval_opaque_66846.png'
01:15:13.779  render           | Saved: '/tmp/clearvla_eval_opaque_66846.png'
01:15:14.105  render           | Saved: '/tmp/clearvla_eval_opaque_66846.png'
01:15:14.496  render           | Saved: '/tmp/clearvla_eval_opaque_66846.png'
01:15:14.823  render           | Saved: '/tmp/clearvla_eval_opaque_66846.png'
01:15:15.227  render           | Saved: '/tmp/clearvla_eval_opaque_66846.png'
01:15:15.548  render           | Saved: '/tmp/clearvla_eval_opaque_66846.png'
01:15:15.991  render           | Saved: '/tmp/clearvla_eval_opaque_66846.png'
01:15:16.345  render           | Saved: '/tmp/clearvla_eval_opaque_66846.png'
01:15:16.767  render           | Saved: '/tmp/clearvla_eval_opaque_66846.png'
01:15:17.124  render           | Saved: '/tmp/clearvla_eval_opaque_66846.png'
01:15:17.537  render           | Saved: '/tmp/clearvla_eval_opaque_66846.png'
01:15:17.883  render           | Saved: '/tmp/clearvla_eval_opaque_66846.png'
01:15:18.278  render           | Saved: '/tmp/clearvla_eval_opaque_66846.png'
01:15:18.617  render           | Saved: '/tmp/clearvla_eval_opaque_66846.png'
01:15:19.019  render           | Saved: '/tmp/clearvla_eval_opaque_66846.png'
01:15:19.359  render           | Saved: '/tmp/clearvla_eval_opaque_66846.png'
01:15:19.758  render           | Saved: '/tmp/clearvla_eval_opaque_66846.png'
01:15:20.098  render           | Saved: '/tmp/clearvla_eval_opaque_66846.png'
01:15:20.499  render           | Saved: '/tmp/clearvla_eval_opaque_66846.png'
01:15:20.838  render           | Saved: '/tmp/clearvla_eval_opaque_66846.png'
01:15:21.238  render           | Saved: '/tmp/clearvla_eval_opaque_66846.png'
01:15:21.580  render           | Saved: '/tmp/clearvla_eval_opaque_66846.png'
01:15:21.967  render           | Saved: '/tmp/clearvla_eval_opaque_66846.png'
01:15:22.298  render           | Saved: '/tmp/clearvla_eval_opaque_66846.png'
01:15:22.700  render           | Saved: '/tmp/clearvla_eval_opaque_66846.png'
01:15:23.032  render           | Saved: '/tmp/clearvla_eval_opaque_66846.png'
01:15:23.420  render           | Saved: '/tmp/clearvla_eval_opaque_66846.png'
01:15:23.743  render           | Saved: '/tmp/clearvla_eval_opaque_66846.png'
01:15:24.119  render           | Saved: '/tmp/clearvla_eval_opaque_66846.png'
01:15:24.438  render           | Saved: '/tmp/clearvla_eval_opaque_66846.png'
01:15:24.817  render           | Saved: '/tmp/clearvla_eval_opaque_66846.png'
01:15:25.131  render           | Saved: '/tmp/clearvla_eval_opaque_66846.png'
01:15:25.518  render           | Saved: '/tmp/clearvla_eval_opaque_66846.png'
01:15:25.841  render           | Saved: '/tmp/clearvla_eval_opaque_66846.png'
01:15:26.238  render           | Saved: '/tmp/clearvla_eval_opaque_66846.png'
01:15:26.590  render           | Saved: '/tmp/clearvla_eval_opaque_66846.png'
01:15:26.992  render           | Saved: '/tmp/clearvla_eval_opaque_66846.png'
01:15:27.339  render           | Saved: '/tmp/clearvla_eval_opaque_66846.png'
01:15:27.737  render           | Saved: '/tmp/clearvla_eval_opaque_66846.png'
01:15:28.072  render           | Saved: '/tmp/clearvla_eval_opaque_66846.png'
01:15:28.475  render           | Saved: '/tmp/clearvla_eval_opaque_66846.png'
01:15:28.819  render           | Saved: '/tmp/clearvla_eval_opaque_66846.png'
01:15:29.214  render           | Saved: '/tmp/clearvla_eval_opaque_66846.png'
01:15:29.556  render           | Saved: '/tmp/clearvla_eval_opaque_66846.png'
01:15:29.960  render           | Saved: '/tmp/clearvla_eval_opaque_66846.png'
01:15:30.316  render           | Saved: '/tmp/clearvla_eval_opaque_66846.png'
01:15:30.709  render           | Saved: '/tmp/clearvla_eval_opaque_66846.png'
01:15:31.034  render           | Saved: '/tmp/clearvla_eval_opaque_66846.png'
01:15:31.419  render           | Saved: '/tmp/clearvla_eval_opaque_66846.png'
01:15:31.753  render           | Saved: '/tmp/clearvla_eval_opaque_66846.png'
01:15:32.132  render           | Saved: '/tmp/clearvla_eval_opaque_66846.png'
01:15:32.451  render           | Saved: '/tmp/clearvla_eval_opaque_66846.png'
01:15:32.845  render           | Saved: '/tmp/clearvla_eval_opaque_66846.png'
01:15:33.161  render           | Saved: '/tmp/clearvla_eval_opaque_66846.png'
01:15:33.536  render           | Saved: '/tmp/clearvla_eval_opaque_66846.png'
01:15:33.854  render           | Saved: '/tmp/clearvla_eval_opaque_66846.png'
01:15:34.228  render           | Saved: '/tmp/clearvla_eval_opaque_66846.png'
01:15:34.541  render           | Saved: '/tmp/clearvla_eval_opaque_66846.png'
01:15:34.919  render           | Saved: '/tmp/clearvla_eval_opaque_66846.png'
01:15:35.256  render           | Saved: '/tmp/clearvla_eval_opaque_66846.png'
01:15:35.697  render           | Saved: '/tmp/clearvla_eval_opaque_66846.png'
01:15:36.050  render           | Saved: '/tmp/clearvla_eval_opaque_66846.png'
01:15:36.449  render           | Saved: '/tmp/clearvla_eval_opaque_66846.png'
01:15:36.789  render           | Saved: '/tmp/clearvla_eval_opaque_66846.png'
01:15:37.182  render           | Saved: '/tmp/clearvla_eval_opaque_66846.png'
01:15:37.518  render           | Saved: '/tmp/clearvla_eval_opaque_66846.png'
01:15:37.902  render           | Saved: '/tmp/clearvla_eval_opaque_66846.png'
01:15:38.231  render           | Saved: '/tmp/clearvla_eval_opaque_66846.png'
01:15:38.614  render           | Saved: '/tmp/clearvla_eval_opaque_66846.png'
01:15:38.943  render           | Saved: '/tmp/clearvla_eval_opaque_66846.png'
01:15:41.125  render           | Saved: '/tmp/clearvla_eval_opaque_66846.png'
01:15:41.482  render           | Saved: '/tmp/clearvla_eval_opaque_66846.png'
01:15:41.895  render           | Saved: '/tmp/clearvla_eval_opaque_66846.png'
01:15:42.231  render           | Saved: '/tmp/clearvla_eval_opaque_66846.png'
01:15:42.650  render           | Saved: '/tmp/clearvla_eval_opaque_66846.png'
01:15:42.974  render           | Saved: '/tmp/clearvla_eval_opaque_66846.png'
01:15:43.374  render           | Saved: '/tmp/clearvla_eval_opaque_66846.png'
01:15:43.712  render           | Saved: '/tmp/clearvla_eval_opaque_66846.png'
01:15:44.089  render           | Saved: '/tmp/clearvla_eval_opaque_66846.png'
01:15:44.465  render           | Saved: '/tmp/clearvla_eval_opaque_66846.png'
01:15:44.865  render           | Saved: '/tmp/clearvla_eval_opaque_66846.png'
01:15:45.210  render           | Saved: '/tmp/clearvla_eval_opaque_66846.png'
01:15:45.630  render           | Saved: '/tmp/clearvla_eval_opaque_66846.png'
01:15:45.972  render           | Saved: '/tmp/clearvla_eval_opaque_66846.png'
01:15:46.402  render           | Saved: '/tmp/clearvla_eval_opaque_66846.png'
01:15:46.731  render           | Saved: '/tmp/clearvla_eval_opaque_66846.png'
01:15:47.191  render           | Saved: '/tmp/clearvla_eval_opaque_66846.png'
01:15:47.515  render           | Saved: '/tmp/clearvla_eval_opaque_66846.png'
01:15:47.965  render           | Saved: '/tmp/clearvla_eval_opaque_66846.png'
01:15:48.291  render           | Saved: '/tmp/clearvla_eval_opaque_66846.png'
01:15:48.688  render           | Saved: '/tmp/clearvla_eval_opaque_66846.png'
01:15:49.027  render           | Saved: '/tmp/clearvla_eval_opaque_66846.png'
01:15:49.423  render           | Saved: '/tmp/clearvla_eval_opaque_66846.png'
01:15:49.759  render           | Saved: '/tmp/clearvla_eval_opaque_66846.png'
01:15:50.157  render           | Saved: '/tmp/clearvla_eval_opaque_66846.png'
01:15:50.520  render           | Saved: '/tmp/clearvla_eval_opaque_66846.png'
01:15:50.899  render           | Saved: '/tmp/clearvla_eval_opaque_66846.png'
01:15:51.234  render           | Saved: '/tmp/clearvla_eval_opaque_66846.png'
01:15:51.618  render           | Saved: '/tmp/clearvla_eval_opaque_66846.png'
01:15:51.948  render           | Saved: '/tmp/clearvla_eval_opaque_66846.png'
01:15:52.328  render           | Saved: '/tmp/clearvla_eval_opaque_66846.png'
01:15:52.657  render           | Saved: '/tmp/clearvla_eval_opaque_66846.png'
01:15:53.062  render           | Saved: '/tmp/clearvla_eval_opaque_66846.png'
01:15:53.391  render           | Saved: '/tmp/clearvla_eval_opaque_66846.png'
01:15:53.815  render           | Saved: '/tmp/clearvla_eval_opaque_66846.png'
01:15:54.142  render           | Saved: '/tmp/clearvla_eval_opaque_66846.png'
01:15:54.570  render           | Saved: '/tmp/clearvla_eval_opaque_66846.png'
01:15:54.887  render           | Saved: '/tmp/clearvla_eval_opaque_66846.png'
01:15:55.305  render           | Saved: '/tmp/clearvla_eval_opaque_66846.png'
01:15:55.631  render           | Saved: '/tmp/clearvla_eval_opaque_66846.png'
01:15:57.874  render           | Saved: '/tmp/clearvla_eval_opaque_66846.png'
01:15:58.192  render           | Saved: '/tmp/clearvla_eval_opaque_66846.png'
01:15:58.581  render           | Saved: '/tmp/clearvla_eval_opaque_66846.png'
01:15:58.895  render           | Saved: '/tmp/clearvla_eval_opaque_66846.png'
01:15:59.286  render           | Saved: '/tmp/clearvla_eval_opaque_66846.png'
01:15:59.622  render           | Saved: '/tmp/clearvla_eval_opaque_66846.png'
01:16:00.048  render           | Saved: '/tmp/clearvla_eval_opaque_66846.png'
01:16:00.385  render           | Saved: '/tmp/clearvla_eval_opaque_66846.png'
01:16:00.787  render           | Saved: '/tmp/clearvla_eval_opaque_66846.png'
01:16:01.100  render           | Saved: '/tmp/clearvla_eval_opaque_66846.png'
01:16:01.474  render           | Saved: '/tmp/clearvla_eval_opaque_66846.png'
01:16:01.799  render           | Saved: '/tmp/clearvla_eval_opaque_66846.png'
01:16:02.204  render           | Saved: '/tmp/clearvla_eval_opaque_66846.png'
01:16:02.553  render           | Saved: '/tmp/clearvla_eval_opaque_66846.png'
01:16:02.947  render           | Saved: '/tmp/clearvla_eval_opaque_66846.png'
01:16:03.283  render           | Saved: '/tmp/clearvla_eval_opaque_66846.png'
01:16:03.672  render           | Saved: '/tmp/clearvla_eval_opaque_66846.png'
01:16:04.004  render           | Saved: '/tmp/clearvla_eval_opaque_66846.png'
01:16:04.387  render           | Saved: '/tmp/clearvla_eval_opaque_66846.png'
01:16:04.712  render           | Saved: '/tmp/clearvla_eval_opaque_66846.png'
01:16:05.095  render           | Saved: '/tmp/clearvla_eval_opaque_66846.png'
01:16:05.418  render           | Saved: '/tmp/clearvla_eval_opaque_66846.png'
01:16:05.804  render           | Saved: '/tmp/clearvla_eval_opaque_66846.png'
01:16:06.138  render           | Saved: '/tmp/clearvla_eval_opaque_66846.png'
01:16:06.521  render           | Saved: '/tmp/clearvla_eval_opaque_66846.png'
01:16:06.850  render           | Saved: '/tmp/clearvla_eval_opaque_66846.png'
01:16:07.230  render           | Saved: '/tmp/clearvla_eval_opaque_66846.png'
01:16:07.549  render           | Saved: '/tmp/clearvla_eval_opaque_66846.png'
01:16:07.995  render           | Saved: '/tmp/clearvla_eval_opaque_66846.png'
01:16:08.329  render           | Saved: '/tmp/clearvla_eval_opaque_66846.png'
01:16:08.719  render           | Saved: '/tmp/clearvla_eval_opaque_66846.png'
01:16:09.046  render           | Saved: '/tmp/clearvla_eval_opaque_66846.png'
01:16:09.429  render           | Saved: '/tmp/clearvla_eval_opaque_66846.png'
01:16:09.749  render           | Saved: '/tmp/clearvla_eval_opaque_66846.png'
01:16:10.125  render           | Saved: '/tmp/clearvla_eval_opaque_66846.png'
01:16:10.442  render           | Saved: '/tmp/clearvla_eval_opaque_66846.png'
01:16:10.821  render           | Saved: '/tmp/clearvla_eval_opaque_66846.png'
01:16:11.143  render           | Saved: '/tmp/clearvla_eval_opaque_66846.png'
01:16:11.529  render           | Saved: '/tmp/clearvla_eval_opaque_66846.png'
01:16:11.859  render           | Saved: '/tmp/clearvla_eval_opaque_66846.png'
01:16:12.239  render           | Saved: '/tmp/clearvla_eval_opaque_66846.png'
01:16:12.552  render           | Saved: '/tmp/clearvla_eval_opaque_66846.png'
01:16:12.924  render           | Saved: '/tmp/clearvla_eval_opaque_66846.png'
01:16:13.242  render           | Saved: '/tmp/clearvla_eval_opaque_66846.png'
01:16:13.617  render           | Saved: '/tmp/clearvla_eval_opaque_66846.png'
01:16:13.939  render           | Saved: '/tmp/clearvla_eval_opaque_66846.png'
01:16:14.315  render           | Saved: '/tmp/clearvla_eval_opaque_66846.png'
01:16:14.646  render           | Saved: '/tmp/clearvla_eval_opaque_66846.png'
01:16:15.023  render           | Saved: '/tmp/clearvla_eval_opaque_66846.png'
01:16:15.349  render           | Saved: '/tmp/clearvla_eval_opaque_66846.png'
01:16:15.743  render           | Saved: '/tmp/clearvla_eval_opaque_66846.png'
01:16:16.066  render           | Saved: '/tmp/clearvla_eval_opaque_66846.png'
01:16:16.448  render           | Saved: '/tmp/clearvla_eval_opaque_66846.png'
01:16:16.790  render           | Saved: '/tmp/clearvla_eval_opaque_66846.png'
01:16:17.226  render           | Saved: '/tmp/clearvla_eval_opaque_66846.png'
01:16:17.589  render           | Saved: '/tmp/clearvla_eval_opaque_66846.png'
01:16:18.000  render           | Saved: '/tmp/clearvla_eval_opaque_66846.png'
01:16:18.350  render           | Saved: '/tmp/clearvla_eval_opaque_66846.png'
01:16:18.739  render           | Saved: '/tmp/clearvla_eval_opaque_66846.png'
01:16:19.062  render           | Saved: '/tmp/clearvla_eval_opaque_66846.png'
01:16:19.443  render           | Saved: '/tmp/clearvla_eval_opaque_66846.png'
01:16:19.764  render           | Saved: '/tmp/clearvla_eval_opaque_66846.png'
01:16:20.143  render           | Saved: '/tmp/clearvla_eval_opaque_66846.png'
01:16:20.470  render           | Saved: '/tmp/clearvla_eval_opaque_66846.png'
01:16:20.853  render           | Saved: '/tmp/clearvla_eval_opaque_66846.png'
01:16:21.173  render           | Saved: '/tmp/clearvla_eval_opaque_66846.png'
01:16:21.550  render           | Saved: '/tmp/clearvla_eval_opaque_66846.png'
01:16:21.864  render           | Saved: '/tmp/clearvla_eval_opaque_66846.png'
01:16:22.240  render           | Saved: '/tmp/clearvla_eval_opaque_66846.png'
01:16:22.563  render           | Saved: '/tmp/clearvla_eval_opaque_66846.png'
01:16:22.956  render           | Saved: '/tmp/clearvla_eval_opaque_66846.png'
01:16:23.282  render           | Saved: '/tmp/clearvla_eval_opaque_66846.png'
01:16:23.662  render           | Saved: '/tmp/clearvla_eval_opaque_66846.png'
01:16:23.986  render           | Saved: '/tmp/clearvla_eval_opaque_66846.png'
01:16:24.362  render           | Saved: '/tmp/clearvla_eval_opaque_66846.png'
01:16:24.685  render           | Saved: '/tmp/clearvla_eval_opaque_66846.png'
[full/opaque] pour: 10/100  (76.3 min, 27.2 s/ep)
01:16:26.887  render           | Saved: '/tmp/clearvla_eval_opaque_66846.png'
01:16:27.232  render           | Saved: '/tmp/clearvla_eval_opaque_66846.png'
01:16:27.655  render           | Saved: '/tmp/clearvla_eval_opaque_66846.png'
01:16:28.033  render           | Saved: '/tmp/clearvla_eval_opaque_66846.png'
01:16:28.431  render           | Saved: '/tmp/clearvla_eval_opaque_66846.png'
01:16:28.759  render           | Saved: '/tmp/clearvla_eval_opaque_66846.png'
01:16:29.175  render           | Saved: '/tmp/clearvla_eval_opaque_66846.png'
01:16:29.503  render           | Saved: '/tmp/clearvla_eval_opaque_66846.png'
01:16:29.903  render           | Saved: '/tmp/clearvla_eval_opaque_66846.png'
01:16:30.230  render           | Saved: '/tmp/clearvla_eval_opaque_66846.png'
01:16:30.630  render           | Saved: '/tmp/clearvla_eval_opaque_66846.png'
01:16:30.953  render           | Saved: '/tmp/clearvla_eval_opaque_66846.png'
01:16:31.350  render           | Saved: '/tmp/clearvla_eval_opaque_66846.png'
01:16:31.668  render           | Saved: '/tmp/clearvla_eval_opaque_66846.png'
01:16:32.054  render           | Saved: '/tmp/clearvla_eval_opaque_66846.png'
01:16:32.378  render           | Saved: '/tmp/clearvla_eval_opaque_66846.png'
01:16:32.763  render           | Saved: '/tmp/clearvla_eval_opaque_66846.png'
01:16:33.082  render           | Saved: '/tmp/clearvla_eval_opaque_66846.png'
01:16:35.296  render           | Saved: '/tmp/clearvla_eval_opaque_66846.png'
01:16:35.625  render           | Saved: '/tmp/clearvla_eval_opaque_66846.png'
01:16:36.096  render           | Saved: '/tmp/clearvla_eval_opaque_66846.png'
01:16:36.428  render           | Saved: '/tmp/clearvla_eval_opaque_66846.png'
01:16:36.821  render           | Saved: '/tmp/clearvla_eval_opaque_66846.png'
01:16:37.142  render           | Saved: '/tmp/clearvla_eval_opaque_66846.png'
01:16:37.531  render           | Saved: '/tmp/clearvla_eval_opaque_66846.png'
01:16:37.850  render           | Saved: '/tmp/clearvla_eval_opaque_66846.png'
01:16:38.242  render           | Saved: '/tmp/clearvla_eval_opaque_66846.png'
01:16:38.562  render           | Saved: '/tmp/clearvla_eval_opaque_66846.png'
01:16:38.950  render           | Saved: '/tmp/clearvla_eval_opaque_66846.png'
01:16:39.268  render           | Saved: '/tmp/clearvla_eval_opaque_66846.png'
01:16:39.654  render           | Saved: '/tmp/clearvla_eval_opaque_66846.png'
01:16:39.970  render           | Saved: '/tmp/clearvla_eval_opaque_66846.png'
01:16:40.368  render           | Saved: '/tmp/clearvla_eval_opaque_66846.png'
01:16:40.700  render           | Saved: '/tmp/clearvla_eval_opaque_66846.png'
01:16:41.086  render           | Saved: '/tmp/clearvla_eval_opaque_66846.png'
01:16:41.407  render           | Saved: '/tmp/clearvla_eval_opaque_66846.png'
01:16:43.635  render           | Saved: '/tmp/clearvla_eval_opaque_66846.png'
01:16:43.977  render           | Saved: '/tmp/clearvla_eval_opaque_66846.png'
01:16:44.433  render           | Saved: '/tmp/clearvla_eval_opaque_66846.png'
01:16:44.770  render           | Saved: '/tmp/clearvla_eval_opaque_66846.png'
01:16:45.145  render           | Saved: '/tmp/clearvla_eval_opaque_66846.png'
01:16:45.476  render           | Saved: '/tmp/clearvla_eval_opaque_66846.png'
01:16:45.855  render           | Saved: '/tmp/clearvla_eval_opaque_66846.png'
01:16:46.175  render           | Saved: '/tmp/clearvla_eval_opaque_66846.png'
01:16:46.561  render           | Saved: '/tmp/clearvla_eval_opaque_66846.png'
01:16:46.921  render           | Saved: '/tmp/clearvla_eval_opaque_66846.png'
01:16:47.310  render           | Saved: '/tmp/clearvla_eval_opaque_66846.png'
01:16:47.670  render           | Saved: '/tmp/clearvla_eval_opaque_66846.png'
01:16:48.068  render           | Saved: '/tmp/clearvla_eval_opaque_66846.png'
01:16:48.381  render           | Saved: '/tmp/clearvla_eval_opaque_66846.png'
01:16:48.817  render           | Saved: '/tmp/clearvla_eval_opaque_66846.png'
01:16:49.142  render           | Saved: '/tmp/clearvla_eval_opaque_66846.png'
01:16:49.536  render           | Saved: '/tmp/clearvla_eval_opaque_66846.png'
01:16:49.856  render           | Saved: '/tmp/clearvla_eval_opaque_66846.png'
01:16:52.129  render           | Saved: '/tmp/clearvla_eval_opaque_66846.png'
01:16:52.542  render           | Saved: '/tmp/clearvla_eval_opaque_66846.png'
01:16:53.060  render           | Saved: '/tmp/clearvla_eval_opaque_66846.png'
01:16:53.388  render           | Saved: '/tmp/clearvla_eval_opaque_66846.png'
01:16:53.793  render           | Saved: '/tmp/clearvla_eval_opaque_66846.png'
01:16:54.114  render           | Saved: '/tmp/clearvla_eval_opaque_66846.png'
01:16:54.527  render           | Saved: '/tmp/clearvla_eval_opaque_66846.png'
01:16:54.854  render           | Saved: '/tmp/clearvla_eval_opaque_66846.png'
01:16:55.265  render           | Saved: '/tmp/clearvla_eval_opaque_66846.png'
01:16:55.606  render           | Saved: '/tmp/clearvla_eval_opaque_66846.png'
01:16:56.001  render           | Saved: '/tmp/clearvla_eval_opaque_66846.png'
01:16:56.329  render           | Saved: '/tmp/clearvla_eval_opaque_66846.png'
01:16:56.720  render           | Saved: '/tmp/clearvla_eval_opaque_66846.png'
01:16:57.035  render           | Saved: '/tmp/clearvla_eval_opaque_66846.png'
01:16:57.414  render           | Saved: '/tmp/clearvla_eval_opaque_66846.png'
01:16:57.734  render           | Saved: '/tmp/clearvla_eval_opaque_66846.png'
01:16:58.112  render           | Saved: '/tmp/clearvla_eval_opaque_66846.png'
01:16:58.429  render           | Saved: '/tmp/clearvla_eval_opaque_66846.png'
01:17:00.688  render           | Saved: '/tmp/clearvla_eval_opaque_66846.png'
01:17:01.012  render           | Saved: '/tmp/clearvla_eval_opaque_66846.png'
01:17:01.456  render           | Saved: '/tmp/clearvla_eval_opaque_66846.png'
01:17:01.776  render           | Saved: '/tmp/clearvla_eval_opaque_66846.png'
01:17:02.156  render           | Saved: '/tmp/clearvla_eval_opaque_66846.png'
01:17:02.513  render           | Saved: '/tmp/clearvla_eval_opaque_66846.png'
01:17:02.913  render           | Saved: '/tmp/clearvla_eval_opaque_66846.png'
01:17:03.245  render           | Saved: '/tmp/clearvla_eval_opaque_66846.png'
01:17:03.629  render           | Saved: '/tmp/clearvla_eval_opaque_66846.png'
01:17:03.980  render           | Saved: '/tmp/clearvla_eval_opaque_66846.png'
01:17:04.366  render           | Saved: '/tmp/clearvla_eval_opaque_66846.png'
01:17:04.698  render           | Saved: '/tmp/clearvla_eval_opaque_66846.png'
01:17:05.082  render           | Saved: '/tmp/clearvla_eval_opaque_66846.png'
01:17:05.417  render           | Saved: '/tmp/clearvla_eval_opaque_66846.png'
01:17:05.811  render           | Saved: '/tmp/clearvla_eval_opaque_66846.png'
01:17:06.156  render           | Saved: '/tmp/clearvla_eval_opaque_66846.png'
01:17:06.540  render           | Saved: '/tmp/clearvla_eval_opaque_66846.png'
01:17:06.864  render           | Saved: '/tmp/clearvla_eval_opaque_66846.png'
01:17:09.112  render           | Saved: '/tmp/clearvla_eval_opaque_66846.png'
01:17:09.440  render           | Saved: '/tmp/clearvla_eval_opaque_66846.png'
01:17:09.953  render           | Saved: '/tmp/clearvla_eval_opaque_66846.png'
01:17:10.275  render           | Saved: '/tmp/clearvla_eval_opaque_66846.png'
01:17:10.653  render           | Saved: '/tmp/clearvla_eval_opaque_66846.png'
01:17:10.990  render           | Saved: '/tmp/clearvla_eval_opaque_66846.png'
01:17:11.375  render           | Saved: '/tmp/clearvla_eval_opaque_66846.png'
01:17:11.698  render           | Saved: '/tmp/clearvla_eval_opaque_66846.png'
01:17:12.096  render           | Saved: '/tmp/clearvla_eval_opaque_66846.png'
01:17:12.437  render           | Saved: '/tmp/clearvla_eval_opaque_66846.png'
01:17:12.875  render           | Saved: '/tmp/clearvla_eval_opaque_66846.png'
01:17:13.243  render           | Saved: '/tmp/clearvla_eval_opaque_66846.png'
01:17:13.663  render           | Saved: '/tmp/clearvla_eval_opaque_66846.png'
01:17:14.021  render           | Saved: '/tmp/clearvla_eval_opaque_66846.png'
01:17:14.441  render           | Saved: '/tmp/clearvla_eval_opaque_66846.png'
01:17:14.802  render           | Saved: '/tmp/clearvla_eval_opaque_66846.png'
01:17:15.194  render           | Saved: '/tmp/clearvla_eval_opaque_66846.png'
01:17:15.522  render           | Saved: '/tmp/clearvla_eval_opaque_66846.png'
01:17:17.768  render           | Saved: '/tmp/clearvla_eval_opaque_66846.png'
01:17:18.107  render           | Saved: '/tmp/clearvla_eval_opaque_66846.png'
01:17:18.527  render           | Saved: '/tmp/clearvla_eval_opaque_66846.png'
01:17:18.854  render           | Saved: '/tmp/clearvla_eval_opaque_66846.png'
01:17:19.223  render           | Saved: '/tmp/clearvla_eval_opaque_66846.png'
01:17:19.604  render           | Saved: '/tmp/clearvla_eval_opaque_66846.png'
01:17:19.980  render           | Saved: '/tmp/clearvla_eval_opaque_66846.png'
01:17:20.348  render           | Saved: '/tmp/clearvla_eval_opaque_66846.png'
01:17:20.747  render           | Saved: '/tmp/clearvla_eval_opaque_66846.png'
01:17:21.073  render           | Saved: '/tmp/clearvla_eval_opaque_66846.png'
01:17:21.496  render           | Saved: '/tmp/clearvla_eval_opaque_66846.png'
01:17:21.812  render           | Saved: '/tmp/clearvla_eval_opaque_66846.png'
01:17:22.259  render           | Saved: '/tmp/clearvla_eval_opaque_66846.png'
01:17:22.576  render           | Saved: '/tmp/clearvla_eval_opaque_66846.png'
01:17:22.965  render           | Saved: '/tmp/clearvla_eval_opaque_66846.png'
01:17:23.287  render           | Saved: '/tmp/clearvla_eval_opaque_66846.png'
01:17:23.680  render           | Saved: '/tmp/clearvla_eval_opaque_66846.png'
01:17:23.995  render           | Saved: '/tmp/clearvla_eval_opaque_66846.png'
01:17:26.329  render           | Saved: '/tmp/clearvla_eval_opaque_66846.png'
01:17:26.661  render           | Saved: '/tmp/clearvla_eval_opaque_66846.png'
01:17:27.186  render           | Saved: '/tmp/clearvla_eval_opaque_66846.png'
01:17:27.516  render           | Saved: '/tmp/clearvla_eval_opaque_66846.png'
01:17:27.910  render           | Saved: '/tmp/clearvla_eval_opaque_66846.png'
01:17:28.239  render           | Saved: '/tmp/clearvla_eval_opaque_66846.png'
01:17:28.651  render           | Saved: '/tmp/clearvla_eval_opaque_66846.png'
01:17:28.980  render           | Saved: '/tmp/clearvla_eval_opaque_66846.png'
01:17:29.381  render           | Saved: '/tmp/clearvla_eval_opaque_66846.png'
01:17:29.724  render           | Saved: '/tmp/clearvla_eval_opaque_66846.png'
01:17:30.112  render           | Saved: '/tmp/clearvla_eval_opaque_66846.png'
01:17:30.443  render           | Saved: '/tmp/clearvla_eval_opaque_66846.png'
01:17:30.832  render           | Saved: '/tmp/clearvla_eval_opaque_66846.png'
01:17:31.162  render           | Saved: '/tmp/clearvla_eval_opaque_66846.png'
01:17:31.562  render           | Saved: '/tmp/clearvla_eval_opaque_66846.png'
01:17:31.888  render           | Saved: '/tmp/clearvla_eval_opaque_66846.png'
01:17:32.263  render           | Saved: '/tmp/clearvla_eval_opaque_66846.png'
01:17:32.594  render           | Saved: '/tmp/clearvla_eval_opaque_66846.png'
01:17:34.859  render           | Saved: '/tmp/clearvla_eval_opaque_66846.png'
01:17:35.204  render           | Saved: '/tmp/clearvla_eval_opaque_66846.png'
01:17:35.599  render           | Saved: '/tmp/clearvla_eval_opaque_66846.png'
01:17:35.940  render           | Saved: '/tmp/clearvla_eval_opaque_66846.png'
01:17:36.317  render           | Saved: '/tmp/clearvla_eval_opaque_66846.png'
01:17:36.665  render           | Saved: '/tmp/clearvla_eval_opaque_66846.png'
01:17:37.044  render           | Saved: '/tmp/clearvla_eval_opaque_66846.png'
01:17:37.418  render           | Saved: '/tmp/clearvla_eval_opaque_66846.png'
01:17:37.806  render           | Saved: '/tmp/clearvla_eval_opaque_66846.png'
01:17:38.132  render           | Saved: '/tmp/clearvla_eval_opaque_66846.png'
01:17:38.545  render           | Saved: '/tmp/clearvla_eval_opaque_66846.png'
01:17:38.861  render           | Saved: '/tmp/clearvla_eval_opaque_66846.png'
01:17:39.272  render           | Saved: '/tmp/clearvla_eval_opaque_66846.png'
01:17:39.591  render           | Saved: '/tmp/clearvla_eval_opaque_66846.png'
01:17:39.986  render           | Saved: '/tmp/clearvla_eval_opaque_66846.png'
01:17:40.303  render           | Saved: '/tmp/clearvla_eval_opaque_66846.png'
01:17:40.694  render           | Saved: '/tmp/clearvla_eval_opaque_66846.png'
01:17:41.009  render           | Saved: '/tmp/clearvla_eval_opaque_66846.png'
01:17:43.335  render           | Saved: '/tmp/clearvla_eval_opaque_66846.png'
01:17:43.656  render           | Saved: '/tmp/clearvla_eval_opaque_66846.png'
01:17:44.225  render           | Saved: '/tmp/clearvla_eval_opaque_66846.png'
01:17:44.554  render           | Saved: '/tmp/clearvla_eval_opaque_66846.png'
01:17:45.091  render           | Saved: '/tmp/clearvla_eval_opaque_66846.png'
01:17:45.446  render           | Saved: '/tmp/clearvla_eval_opaque_66846.png'
01:17:45.840  render           | Saved: '/tmp/clearvla_eval_opaque_66846.png'
01:17:46.207  render           | Saved: '/tmp/clearvla_eval_opaque_66846.png'
01:17:46.646  render           | Saved: '/tmp/clearvla_eval_opaque_66846.png'
01:17:46.982  render           | Saved: '/tmp/clearvla_eval_opaque_66846.png'
01:17:47.392  render           | Saved: '/tmp/clearvla_eval_opaque_66846.png'
01:17:47.726  render           | Saved: '/tmp/clearvla_eval_opaque_66846.png'
01:17:48.133  render           | Saved: '/tmp/clearvla_eval_opaque_66846.png'
01:17:48.457  render           | Saved: '/tmp/clearvla_eval_opaque_66846.png'
01:17:48.838  render           | Saved: '/tmp/clearvla_eval_opaque_66846.png'
01:17:49.158  render           | Saved: '/tmp/clearvla_eval_opaque_66846.png'
01:17:49.527  render           | Saved: '/tmp/clearvla_eval_opaque_66846.png'
01:17:49.836  render           | Saved: '/tmp/clearvla_eval_opaque_66846.png'
[full/opaque] insert: 10/10  (77.7 min, 6.9 s/ep)
01:17:52.134  render           | Saved: '/tmp/clearvla_eval_opaque_66846.png'
01:17:52.454  render           | Saved: '/tmp/clearvla_eval_opaque_66846.png'
01:17:52.847  render           | Saved: '/tmp/clearvla_eval_opaque_66846.png'
01:17:53.228  render           | Saved: '/tmp/clearvla_eval_opaque_66846.png'
01:17:53.612  render           | Saved: '/tmp/clearvla_eval_opaque_66846.png'
01:17:53.974  render           | Saved: '/tmp/clearvla_eval_opaque_66846.png'
01:17:54.355  render           | Saved: '/tmp/clearvla_eval_opaque_66846.png'
01:17:54.746  render           | Saved: '/tmp/clearvla_eval_opaque_66846.png'
01:17:55.149  render           | Saved: '/tmp/clearvla_eval_opaque_66846.png'
01:17:55.515  render           | Saved: '/tmp/clearvla_eval_opaque_66846.png'
01:17:55.913  render           | Saved: '/tmp/clearvla_eval_opaque_66846.png'
01:17:56.242  render           | Saved: '/tmp/clearvla_eval_opaque_66846.png'
01:17:56.674  render           | Saved: '/tmp/clearvla_eval_opaque_66846.png'
01:17:57.016  render           | Saved: '/tmp/clearvla_eval_opaque_66846.png'
01:17:57.422  render           | Saved: '/tmp/clearvla_eval_opaque_66846.png'
01:17:57.743  render           | Saved: '/tmp/clearvla_eval_opaque_66846.png'
01:17:58.145  render           | Saved: '/tmp/clearvla_eval_opaque_66846.png'
01:17:58.468  render           | Saved: '/tmp/clearvla_eval_opaque_66846.png'
01:18:00.773  render           | Saved: '/tmp/clearvla_eval_opaque_66846.png'
01:18:01.090  render           | Saved: '/tmp/clearvla_eval_opaque_66846.png'
01:18:01.488  render           | Saved: '/tmp/clearvla_eval_opaque_66846.png'
01:18:01.808  render           | Saved: '/tmp/clearvla_eval_opaque_66846.png'
01:18:02.197  render           | Saved: '/tmp/clearvla_eval_opaque_66846.png'
01:18:02.533  render           | Saved: '/tmp/clearvla_eval_opaque_66846.png'
01:18:02.948  render           | Saved: '/tmp/clearvla_eval_opaque_66846.png'
01:18:03.276  render           | Saved: '/tmp/clearvla_eval_opaque_66846.png'
01:18:03.656  render           | Saved: '/tmp/clearvla_eval_opaque_66846.png'
01:18:03.974  render           | Saved: '/tmp/clearvla_eval_opaque_66846.png'
01:18:04.359  render           | Saved: '/tmp/clearvla_eval_opaque_66846.png'
01:18:04.689  render           | Saved: '/tmp/clearvla_eval_opaque_66846.png'
01:18:05.089  render           | Saved: '/tmp/clearvla_eval_opaque_66846.png'
01:18:05.412  render           | Saved: '/tmp/clearvla_eval_opaque_66846.png'
01:18:05.811  render           | Saved: '/tmp/clearvla_eval_opaque_66846.png'
01:18:06.175  render           | Saved: '/tmp/clearvla_eval_opaque_66846.png'
01:18:06.620  render           | Saved: '/tmp/clearvla_eval_opaque_66846.png'
01:18:06.962  render           | Saved: '/tmp/clearvla_eval_opaque_66846.png'
01:18:09.244  render           | Saved: '/tmp/clearvla_eval_opaque_66846.png'
01:18:09.555  render           | Saved: '/tmp/clearvla_eval_opaque_66846.png'
01:18:09.958  render           | Saved: '/tmp/clearvla_eval_opaque_66846.png'
01:18:10.279  render           | Saved: '/tmp/clearvla_eval_opaque_66846.png'
01:18:10.660  render           | Saved: '/tmp/clearvla_eval_opaque_66846.png'
01:18:11.053  render           | Saved: '/tmp/clearvla_eval_opaque_66846.png'
01:18:11.500  render           | Saved: '/tmp/clearvla_eval_opaque_66846.png'
01:18:11.847  render           | Saved: '/tmp/clearvla_eval_opaque_66846.png'
01:18:12.282  render           | Saved: '/tmp/clearvla_eval_opaque_66846.png'
01:18:12.605  render           | Saved: '/tmp/clearvla_eval_opaque_66846.png'
01:18:13.029  render           | Saved: '/tmp/clearvla_eval_opaque_66846.png'
01:18:13.348  render           | Saved: '/tmp/clearvla_eval_opaque_66846.png'
01:18:13.777  render           | Saved: '/tmp/clearvla_eval_opaque_66846.png'
01:18:14.093  render           | Saved: '/tmp/clearvla_eval_opaque_66846.png'
01:18:14.504  render           | Saved: '/tmp/clearvla_eval_opaque_66846.png'
01:18:14.831  render           | Saved: '/tmp/clearvla_eval_opaque_66846.png'
01:18:15.227  render           | Saved: '/tmp/clearvla_eval_opaque_66846.png'
01:18:15.555  render           | Saved: '/tmp/clearvla_eval_opaque_66846.png'
01:18:17.900  render           | Saved: '/tmp/clearvla_eval_opaque_66846.png'
01:18:18.220  render           | Saved: '/tmp/clearvla_eval_opaque_66846.png'
01:18:18.612  render           | Saved: '/tmp/clearvla_eval_opaque_66846.png'
01:18:18.923  render           | Saved: '/tmp/clearvla_eval_opaque_66846.png'
01:18:19.304  render           | Saved: '/tmp/clearvla_eval_opaque_66846.png'
01:18:19.621  render           | Saved: '/tmp/clearvla_eval_opaque_66846.png'
01:18:20.040  render           | Saved: '/tmp/clearvla_eval_opaque_66846.png'
01:18:20.350  render           | Saved: '/tmp/clearvla_eval_opaque_66846.png'
01:18:20.736  render           | Saved: '/tmp/clearvla_eval_opaque_66846.png'
01:18:21.063  render           | Saved: '/tmp/clearvla_eval_opaque_66846.png'
01:18:21.449  render           | Saved: '/tmp/clearvla_eval_opaque_66846.png'
01:18:21.767  render           | Saved: '/tmp/clearvla_eval_opaque_66846.png'
01:18:22.147  render           | Saved: '/tmp/clearvla_eval_opaque_66846.png'
01:18:22.482  render           | Saved: '/tmp/clearvla_eval_opaque_66846.png'
01:18:22.885  render           | Saved: '/tmp/clearvla_eval_opaque_66846.png'
01:18:23.251  render           | Saved: '/tmp/clearvla_eval_opaque_66846.png'
01:18:23.684  render           | Saved: '/tmp/clearvla_eval_opaque_66846.png'
01:18:24.011  render           | Saved: '/tmp/clearvla_eval_opaque_66846.png'
01:18:26.319  render           | Saved: '/tmp/clearvla_eval_opaque_66846.png'
01:18:26.639  render           | Saved: '/tmp/clearvla_eval_opaque_66846.png'
01:18:27.056  render           | Saved: '/tmp/clearvla_eval_opaque_66846.png'
01:18:27.375  render           | Saved: '/tmp/clearvla_eval_opaque_66846.png'
01:18:27.756  render           | Saved: '/tmp/clearvla_eval_opaque_66846.png'
01:18:28.074  render           | Saved: '/tmp/clearvla_eval_opaque_66846.png'
01:18:28.453  render           | Saved: '/tmp/clearvla_eval_opaque_66846.png'
01:18:28.811  render           | Saved: '/tmp/clearvla_eval_opaque_66846.png'
01:18:29.194  render           | Saved: '/tmp/clearvla_eval_opaque_66846.png'
01:18:29.511  render           | Saved: '/tmp/clearvla_eval_opaque_66846.png'
01:18:29.956  render           | Saved: '/tmp/clearvla_eval_opaque_66846.png'
01:18:30.268  render           | Saved: '/tmp/clearvla_eval_opaque_66846.png'
01:18:30.686  render           | Saved: '/tmp/clearvla_eval_opaque_66846.png'
01:18:31.000  render           | Saved: '/tmp/clearvla_eval_opaque_66846.png'
01:18:31.384  render           | Saved: '/tmp/clearvla_eval_opaque_66846.png'
01:18:31.707  render           | Saved: '/tmp/clearvla_eval_opaque_66846.png'
01:18:32.091  render           | Saved: '/tmp/clearvla_eval_opaque_66846.png'
01:18:32.430  render           | Saved: '/tmp/clearvla_eval_opaque_66846.png'
01:18:34.823  render           | Saved: '/tmp/clearvla_eval_opaque_66846.png'
01:18:35.144  render           | Saved: '/tmp/clearvla_eval_opaque_66846.png'
01:18:35.555  render           | Saved: '/tmp/clearvla_eval_opaque_66846.png'
01:18:35.878  render           | Saved: '/tmp/clearvla_eval_opaque_66846.png'
01:18:36.268  render           | Saved: '/tmp/clearvla_eval_opaque_66846.png'
01:18:36.590  render           | Saved: '/tmp/clearvla_eval_opaque_66846.png'
01:18:36.978  render           | Saved: '/tmp/clearvla_eval_opaque_66846.png'
01:18:37.293  render           | Saved: '/tmp/clearvla_eval_opaque_66846.png'
01:18:37.715  render           | Saved: '/tmp/clearvla_eval_opaque_66846.png'
01:18:38.030  render           | Saved: '/tmp/clearvla_eval_opaque_66846.png'
01:18:38.432  render           | Saved: '/tmp/clearvla_eval_opaque_66846.png'
01:18:38.780  render           | Saved: '/tmp/clearvla_eval_opaque_66846.png'
01:18:39.206  render           | Saved: '/tmp/clearvla_eval_opaque_66846.png'
01:18:39.548  render           | Saved: '/tmp/clearvla_eval_opaque_66846.png'
01:18:39.941  render           | Saved: '/tmp/clearvla_eval_opaque_66846.png'
01:18:40.275  render           | Saved: '/tmp/clearvla_eval_opaque_66846.png'
01:18:40.666  render           | Saved: '/tmp/clearvla_eval_opaque_66846.png'
01:18:41.008  render           | Saved: '/tmp/clearvla_eval_opaque_66846.png'
01:18:43.293  render           | Saved: '/tmp/clearvla_eval_opaque_66846.png'
01:18:43.642  render           | Saved: '/tmp/clearvla_eval_opaque_66846.png'
01:18:44.034  render           | Saved: '/tmp/clearvla_eval_opaque_66846.png'
01:18:44.356  render           | Saved: '/tmp/clearvla_eval_opaque_66846.png'
01:18:44.735  render           | Saved: '/tmp/clearvla_eval_opaque_66846.png'
01:18:45.050  render           | Saved: '/tmp/clearvla_eval_opaque_66846.png'
01:18:45.428  render           | Saved: '/tmp/clearvla_eval_opaque_66846.png'
01:18:45.750  render           | Saved: '/tmp/clearvla_eval_opaque_66846.png'
01:18:46.127  render           | Saved: '/tmp/clearvla_eval_opaque_66846.png'
01:18:46.473  render           | Saved: '/tmp/clearvla_eval_opaque_66846.png'
01:18:46.874  render           | Saved: '/tmp/clearvla_eval_opaque_66846.png'
01:18:47.205  render           | Saved: '/tmp/clearvla_eval_opaque_66846.png'
01:18:47.597  render           | Saved: '/tmp/clearvla_eval_opaque_66846.png'
01:18:47.908  render           | Saved: '/tmp/clearvla_eval_opaque_66846.png'
01:18:48.293  render           | Saved: '/tmp/clearvla_eval_opaque_66846.png'
01:18:48.603  render           | Saved: '/tmp/clearvla_eval_opaque_66846.png'
01:18:48.987  render           | Saved: '/tmp/clearvla_eval_opaque_66846.png'
01:18:49.294  render           | Saved: '/tmp/clearvla_eval_opaque_66846.png'
01:18:51.703  render           | Saved: '/tmp/clearvla_eval_opaque_66846.png'
01:18:52.039  render           | Saved: '/tmp/clearvla_eval_opaque_66846.png'
01:18:52.470  render           | Saved: '/tmp/clearvla_eval_opaque_66846.png'
01:18:52.790  render           | Saved: '/tmp/clearvla_eval_opaque_66846.png'
01:18:53.171  render           | Saved: '/tmp/clearvla_eval_opaque_66846.png'
01:18:53.489  render           | Saved: '/tmp/clearvla_eval_opaque_66846.png'
01:18:53.868  render           | Saved: '/tmp/clearvla_eval_opaque_66846.png'
01:18:54.182  render           | Saved: '/tmp/clearvla_eval_opaque_66846.png'
01:18:54.562  render           | Saved: '/tmp/clearvla_eval_opaque_66846.png'
01:18:54.873  render           | Saved: '/tmp/clearvla_eval_opaque_66846.png'
01:18:55.281  render           | Saved: '/tmp/clearvla_eval_opaque_66846.png'
01:18:55.606  render           | Saved: '/tmp/clearvla_eval_opaque_66846.png'
01:18:55.988  render           | Saved: '/tmp/clearvla_eval_opaque_66846.png'
01:18:56.301  render           | Saved: '/tmp/clearvla_eval_opaque_66846.png'
01:18:56.674  render           | Saved: '/tmp/clearvla_eval_opaque_66846.png'
01:18:56.992  render           | Saved: '/tmp/clearvla_eval_opaque_66846.png'
01:18:57.367  render           | Saved: '/tmp/clearvla_eval_opaque_66846.png'
01:18:57.684  render           | Saved: '/tmp/clearvla_eval_opaque_66846.png'
01:19:00.060  render           | Saved: '/tmp/clearvla_eval_opaque_66846.png'
01:19:00.434  render           | Saved: '/tmp/clearvla_eval_opaque_66846.png'
01:19:00.848  render           | Saved: '/tmp/clearvla_eval_opaque_66846.png'
01:19:01.205  render           | Saved: '/tmp/clearvla_eval_opaque_66846.png'
01:19:01.577  render           | Saved: '/tmp/clearvla_eval_opaque_66846.png'
01:19:01.897  render           | Saved: '/tmp/clearvla_eval_opaque_66846.png'
01:19:02.282  render           | Saved: '/tmp/clearvla_eval_opaque_66846.png'
01:19:02.599  render           | Saved: '/tmp/clearvla_eval_opaque_66846.png'
01:19:02.982  render           | Saved: '/tmp/clearvla_eval_opaque_66846.png'
01:19:03.303  render           | Saved: '/tmp/clearvla_eval_opaque_66846.png'
01:19:03.685  render           | Saved: '/tmp/clearvla_eval_opaque_66846.png'
01:19:04.000  render           | Saved: '/tmp/clearvla_eval_opaque_66846.png'
01:19:04.401  render           | Saved: '/tmp/clearvla_eval_opaque_66846.png'
01:19:04.714  render           | Saved: '/tmp/clearvla_eval_opaque_66846.png'
01:19:05.116  render           | Saved: '/tmp/clearvla_eval_opaque_66846.png'
01:19:05.434  render           | Saved: '/tmp/clearvla_eval_opaque_66846.png'
01:19:05.824  render           | Saved: '/tmp/clearvla_eval_opaque_66846.png'
01:19:06.139  render           | Saved: '/tmp/clearvla_eval_opaque_66846.png'
01:19:08.661  render           | Saved: '/tmp/clearvla_eval_opaque_66846.png'
01:19:09.055  render           | Saved: '/tmp/clearvla_eval_opaque_66846.png'
01:19:09.527  render           | Saved: '/tmp/clearvla_eval_opaque_66846.png'
01:19:09.854  render           | Saved: '/tmp/clearvla_eval_opaque_66846.png'
01:19:10.250  render           | Saved: '/tmp/clearvla_eval_opaque_66846.png'
01:19:10.596  render           | Saved: '/tmp/clearvla_eval_opaque_66846.png'
01:19:10.992  render           | Saved: '/tmp/clearvla_eval_opaque_66846.png'
01:19:11.318  render           | Saved: '/tmp/clearvla_eval_opaque_66846.png'
01:19:11.707  render           | Saved: '/tmp/clearvla_eval_opaque_66846.png'
01:19:12.019  render           | Saved: '/tmp/clearvla_eval_opaque_66846.png'
01:19:12.402  render           | Saved: '/tmp/clearvla_eval_opaque_66846.png'
01:19:12.723  render           | Saved: '/tmp/clearvla_eval_opaque_66846.png'
01:19:13.148  render           | Saved: '/tmp/clearvla_eval_opaque_66846.png'
01:19:13.526  render           | Saved: '/tmp/clearvla_eval_opaque_66846.png'
01:19:13.909  render           | Saved: '/tmp/clearvla_eval_opaque_66846.png'
01:19:14.279  render           | Saved: '/tmp/clearvla_eval_opaque_66846.png'
01:19:14.657  render           | Saved: '/tmp/clearvla_eval_opaque_66846.png'
01:19:15.001  render           | Saved: '/tmp/clearvla_eval_opaque_66846.png'
[full/opaque] insert: 20/20  (79.1 min, 6.8 s/ep)
01:19:17.473  render           | Saved: '/tmp/clearvla_eval_opaque_66846.png'
01:19:17.818  render           | Saved: '/tmp/clearvla_eval_opaque_66846.png'
01:19:18.260  render           | Saved: '/tmp/clearvla_eval_opaque_66846.png'
01:19:18.615  render           | Saved: '/tmp/clearvla_eval_opaque_66846.png'
01:19:19.015  render           | Saved: '/tmp/clearvla_eval_opaque_66846.png'
01:19:19.394  render           | Saved: '/tmp/clearvla_eval_opaque_66846.png'
01:19:19.789  render           | Saved: '/tmp/clearvla_eval_opaque_66846.png'
01:19:20.117  render           | Saved: '/tmp/clearvla_eval_opaque_66846.png'
01:19:20.503  render           | Saved: '/tmp/clearvla_eval_opaque_66846.png'
01:19:20.824  render           | Saved: '/tmp/clearvla_eval_opaque_66846.png'
01:19:21.208  render           | Saved: '/tmp/clearvla_eval_opaque_66846.png'
01:19:21.528  render           | Saved: '/tmp/clearvla_eval_opaque_66846.png'
01:19:21.915  render           | Saved: '/tmp/clearvla_eval_opaque_66846.png'
01:19:22.273  render           | Saved: '/tmp/clearvla_eval_opaque_66846.png'
01:19:22.661  render           | Saved: '/tmp/clearvla_eval_opaque_66846.png'
01:19:22.980  render           | Saved: '/tmp/clearvla_eval_opaque_66846.png'
01:19:23.384  render           | Saved: '/tmp/clearvla_eval_opaque_66846.png'
01:19:23.699  render           | Saved: '/tmp/clearvla_eval_opaque_66846.png'
01:19:26.063  render           | Saved: '/tmp/clearvla_eval_opaque_66846.png'
01:19:26.383  render           | Saved: '/tmp/clearvla_eval_opaque_66846.png'
01:19:26.795  render           | Saved: '/tmp/clearvla_eval_opaque_66846.png'
01:19:27.115  render           | Saved: '/tmp/clearvla_eval_opaque_66846.png'
01:19:27.492  render           | Saved: '/tmp/clearvla_eval_opaque_66846.png'
01:19:27.810  render           | Saved: '/tmp/clearvla_eval_opaque_66846.png'
01:19:28.192  render           | Saved: '/tmp/clearvla_eval_opaque_66846.png'
01:19:28.506  render           | Saved: '/tmp/clearvla_eval_opaque_66846.png'
01:19:28.891  render           | Saved: '/tmp/clearvla_eval_opaque_66846.png'
01:19:29.211  render           | Saved: '/tmp/clearvla_eval_opaque_66846.png'
01:19:29.596  render           | Saved: '/tmp/clearvla_eval_opaque_66846.png'
01:19:29.912  render           | Saved: '/tmp/clearvla_eval_opaque_66846.png'
01:19:30.293  render           | Saved: '/tmp/clearvla_eval_opaque_66846.png'
01:19:30.606  render           | Saved: '/tmp/clearvla_eval_opaque_66846.png'
01:19:31.000  render           | Saved: '/tmp/clearvla_eval_opaque_66846.png'
01:19:31.321  render           | Saved: '/tmp/clearvla_eval_opaque_66846.png'
01:19:31.713  render           | Saved: '/tmp/clearvla_eval_opaque_66846.png'
01:19:32.043  render           | Saved: '/tmp/clearvla_eval_opaque_66846.png'
01:19:34.459  render           | Saved: '/tmp/clearvla_eval_opaque_66846.png'
01:19:34.797  render           | Saved: '/tmp/clearvla_eval_opaque_66846.png'
01:19:35.226  render           | Saved: '/tmp/clearvla_eval_opaque_66846.png'
01:19:35.591  render           | Saved: '/tmp/clearvla_eval_opaque_66846.png'
01:19:35.991  render           | Saved: '/tmp/clearvla_eval_opaque_66846.png'
01:19:36.330  render           | Saved: '/tmp/clearvla_eval_opaque_66846.png'
01:19:36.750  render           | Saved: '/tmp/clearvla_eval_opaque_66846.png'
01:19:37.077  render           | Saved: '/tmp/clearvla_eval_opaque_66846.png'
01:19:37.509  render           | Saved: '/tmp/clearvla_eval_opaque_66846.png'
01:19:37.838  render           | Saved: '/tmp/clearvla_eval_opaque_66846.png'
01:19:38.229  render           | Saved: '/tmp/clearvla_eval_opaque_66846.png'
01:19:38.546  render           | Saved: '/tmp/clearvla_eval_opaque_66846.png'
01:19:38.932  render           | Saved: '/tmp/clearvla_eval_opaque_66846.png'
01:19:39.272  render           | Saved: '/tmp/clearvla_eval_opaque_66846.png'
01:19:39.649  render           | Saved: '/tmp/clearvla_eval_opaque_66846.png'
01:19:39.962  render           | Saved: '/tmp/clearvla_eval_opaque_66846.png'
01:19:40.362  render           | Saved: '/tmp/clearvla_eval_opaque_66846.png'
01:19:40.695  render           | Saved: '/tmp/clearvla_eval_opaque_66846.png'
01:19:43.101  render           | Saved: '/tmp/clearvla_eval_opaque_66846.png'
01:19:43.419  render           | Saved: '/tmp/clearvla_eval_opaque_66846.png'
01:19:43.846  render           | Saved: '/tmp/clearvla_eval_opaque_66846.png'
01:19:44.177  render           | Saved: '/tmp/clearvla_eval_opaque_66846.png'
01:19:44.564  render           | Saved: '/tmp/clearvla_eval_opaque_66846.png'
01:19:44.907  render           | Saved: '/tmp/clearvla_eval_opaque_66846.png'
01:19:45.305  render           | Saved: '/tmp/clearvla_eval_opaque_66846.png'
01:19:45.624  render           | Saved: '/tmp/clearvla_eval_opaque_66846.png'
01:19:46.009  render           | Saved: '/tmp/clearvla_eval_opaque_66846.png'
01:19:46.326  render           | Saved: '/tmp/clearvla_eval_opaque_66846.png'
01:19:46.721  render           | Saved: '/tmp/clearvla_eval_opaque_66846.png'
01:19:47.048  render           | Saved: '/tmp/clearvla_eval_opaque_66846.png'
01:19:47.445  render           | Saved: '/tmp/clearvla_eval_opaque_66846.png'
01:19:47.776  render           | Saved: '/tmp/clearvla_eval_opaque_66846.png'
01:19:48.164  render           | Saved: '/tmp/clearvla_eval_opaque_66846.png'
01:19:48.487  render           | Saved: '/tmp/clearvla_eval_opaque_66846.png'
01:19:48.870  render           | Saved: '/tmp/clearvla_eval_opaque_66846.png'
01:19:49.209  render           | Saved: '/tmp/clearvla_eval_opaque_66846.png'
01:19:51.653  render           | Saved: '/tmp/clearvla_eval_opaque_66846.png'
01:19:52.000  render           | Saved: '/tmp/clearvla_eval_opaque_66846.png'
01:19:52.553  render           | Saved: '/tmp/clearvla_eval_opaque_66846.png'
01:19:52.895  render           | Saved: '/tmp/clearvla_eval_opaque_66846.png'
01:19:53.312  render           | Saved: '/tmp/clearvla_eval_opaque_66846.png'
01:19:53.629  render           | Saved: '/tmp/clearvla_eval_opaque_66846.png'
01:19:54.079  render           | Saved: '/tmp/clearvla_eval_opaque_66846.png'
01:19:54.394  render           | Saved: '/tmp/clearvla_eval_opaque_66846.png'
01:19:54.801  render           | Saved: '/tmp/clearvla_eval_opaque_66846.png'
01:19:55.123  render           | Saved: '/tmp/clearvla_eval_opaque_66846.png'
01:19:55.522  render           | Saved: '/tmp/clearvla_eval_opaque_66846.png'
01:19:55.859  render           | Saved: '/tmp/clearvla_eval_opaque_66846.png'
01:19:56.257  render           | Saved: '/tmp/clearvla_eval_opaque_66846.png'
01:19:56.581  render           | Saved: '/tmp/clearvla_eval_opaque_66846.png'
01:19:56.979  render           | Saved: '/tmp/clearvla_eval_opaque_66846.png'
01:19:57.296  render           | Saved: '/tmp/clearvla_eval_opaque_66846.png'
01:19:59.705  render           | Saved: '/tmp/clearvla_eval_opaque_66846.png'
01:20:00.034  render           | Saved: '/tmp/clearvla_eval_opaque_66846.png'
01:20:00.428  render           | Saved: '/tmp/clearvla_eval_opaque_66846.png'
01:20:00.745  render           | Saved: '/tmp/clearvla_eval_opaque_66846.png'
01:20:01.121  render           | Saved: '/tmp/clearvla_eval_opaque_66846.png'
01:20:01.435  render           | Saved: '/tmp/clearvla_eval_opaque_66846.png'
01:20:01.811  render           | Saved: '/tmp/clearvla_eval_opaque_66846.png'
01:20:02.131  render           | Saved: '/tmp/clearvla_eval_opaque_66846.png'
01:20:02.506  render           | Saved: '/tmp/clearvla_eval_opaque_66846.png'
01:20:02.827  render           | Saved: '/tmp/clearvla_eval_opaque_66846.png'
01:20:03.214  render           | Saved: '/tmp/clearvla_eval_opaque_66846.png'
01:20:03.530  render           | Saved: '/tmp/clearvla_eval_opaque_66846.png'
01:20:03.923  render           | Saved: '/tmp/clearvla_eval_opaque_66846.png'
01:20:04.276  render           | Saved: '/tmp/clearvla_eval_opaque_66846.png'
01:20:04.740  render           | Saved: '/tmp/clearvla_eval_opaque_66846.png'
01:20:05.088  render           | Saved: '/tmp/clearvla_eval_opaque_66846.png'
01:20:05.508  render           | Saved: '/tmp/clearvla_eval_opaque_66846.png'
01:20:05.859  render           | Saved: '/tmp/clearvla_eval_opaque_66846.png'
01:20:08.264  render           | Saved: '/tmp/clearvla_eval_opaque_66846.png'
01:20:08.586  render           | Saved: '/tmp/clearvla_eval_opaque_66846.png'
01:20:08.998  render           | Saved: '/tmp/clearvla_eval_opaque_66846.png'
01:20:09.329  render           | Saved: '/tmp/clearvla_eval_opaque_66846.png'
01:20:09.719  render           | Saved: '/tmp/clearvla_eval_opaque_66846.png'
01:20:10.042  render           | Saved: '/tmp/clearvla_eval_opaque_66846.png'
01:20:10.438  render           | Saved: '/tmp/clearvla_eval_opaque_66846.png'
01:20:10.763  render           | Saved: '/tmp/clearvla_eval_opaque_66846.png'
01:20:11.162  render           | Saved: '/tmp/clearvla_eval_opaque_66846.png'
01:20:11.482  render           | Saved: '/tmp/clearvla_eval_opaque_66846.png'
01:20:11.881  render           | Saved: '/tmp/clearvla_eval_opaque_66846.png'
01:20:12.216  render           | Saved: '/tmp/clearvla_eval_opaque_66846.png'
01:20:12.621  render           | Saved: '/tmp/clearvla_eval_opaque_66846.png'
01:20:12.952  render           | Saved: '/tmp/clearvla_eval_opaque_66846.png'
01:20:13.337  render           | Saved: '/tmp/clearvla_eval_opaque_66846.png'
01:20:13.661  render           | Saved: '/tmp/clearvla_eval_opaque_66846.png'
01:20:14.041  render           | Saved: '/tmp/clearvla_eval_opaque_66846.png'
01:20:14.368  render           | Saved: '/tmp/clearvla_eval_opaque_66846.png'
01:20:16.763  render           | Saved: '/tmp/clearvla_eval_opaque_66846.png'
01:20:17.085  render           | Saved: '/tmp/clearvla_eval_opaque_66846.png'
01:20:17.485  render           | Saved: '/tmp/clearvla_eval_opaque_66846.png'
01:20:17.809  render           | Saved: '/tmp/clearvla_eval_opaque_66846.png'
01:20:18.196  render           | Saved: '/tmp/clearvla_eval_opaque_66846.png'
01:20:18.522  render           | Saved: '/tmp/clearvla_eval_opaque_66846.png'
01:20:18.900  render           | Saved: '/tmp/clearvla_eval_opaque_66846.png'
01:20:19.228  render           | Saved: '/tmp/clearvla_eval_opaque_66846.png'
01:20:19.627  render           | Saved: '/tmp/clearvla_eval_opaque_66846.png'
01:20:19.945  render           | Saved: '/tmp/clearvla_eval_opaque_66846.png'
01:20:20.344  render           | Saved: '/tmp/clearvla_eval_opaque_66846.png'
01:20:20.662  render           | Saved: '/tmp/clearvla_eval_opaque_66846.png'
01:20:21.056  render           | Saved: '/tmp/clearvla_eval_opaque_66846.png'
01:20:21.372  render           | Saved: '/tmp/clearvla_eval_opaque_66846.png'
01:20:21.762  render           | Saved: '/tmp/clearvla_eval_opaque_66846.png'
01:20:22.073  render           | Saved: '/tmp/clearvla_eval_opaque_66846.png'
01:20:22.467  render           | Saved: '/tmp/clearvla_eval_opaque_66846.png'
01:20:22.780  render           | Saved: '/tmp/clearvla_eval_opaque_66846.png'
01:20:25.270  render           | Saved: '/tmp/clearvla_eval_opaque_66846.png'
01:20:25.594  render           | Saved: '/tmp/clearvla_eval_opaque_66846.png'
01:20:26.010  render           | Saved: '/tmp/clearvla_eval_opaque_66846.png'
01:20:26.333  render           | Saved: '/tmp/clearvla_eval_opaque_66846.png'
01:20:26.717  render           | Saved: '/tmp/clearvla_eval_opaque_66846.png'
01:20:27.032  render           | Saved: '/tmp/clearvla_eval_opaque_66846.png'
01:20:27.420  render           | Saved: '/tmp/clearvla_eval_opaque_66846.png'
01:20:27.738  render           | Saved: '/tmp/clearvla_eval_opaque_66846.png'
01:20:28.163  render           | Saved: '/tmp/clearvla_eval_opaque_66846.png'
01:20:28.481  render           | Saved: '/tmp/clearvla_eval_opaque_66846.png'
01:20:28.897  render           | Saved: '/tmp/clearvla_eval_opaque_66846.png'
01:20:29.250  render           | Saved: '/tmp/clearvla_eval_opaque_66846.png'
01:20:29.667  render           | Saved: '/tmp/clearvla_eval_opaque_66846.png'
01:20:30.000  render           | Saved: '/tmp/clearvla_eval_opaque_66846.png'
01:20:30.394  render           | Saved: '/tmp/clearvla_eval_opaque_66846.png'
01:20:30.724  render           | Saved: '/tmp/clearvla_eval_opaque_66846.png'
01:20:31.104  render           | Saved: '/tmp/clearvla_eval_opaque_66846.png'
01:20:31.419  render           | Saved: '/tmp/clearvla_eval_opaque_66846.png'
01:20:33.824  render           | Saved: '/tmp/clearvla_eval_opaque_66846.png'
01:20:34.145  render           | Saved: '/tmp/clearvla_eval_opaque_66846.png'
01:20:34.546  render           | Saved: '/tmp/clearvla_eval_opaque_66846.png'
01:20:34.859  render           | Saved: '/tmp/clearvla_eval_opaque_66846.png'
01:20:35.239  render           | Saved: '/tmp/clearvla_eval_opaque_66846.png'
01:20:35.554  render           | Saved: '/tmp/clearvla_eval_opaque_66846.png'
01:20:35.937  render           | Saved: '/tmp/clearvla_eval_opaque_66846.png'
01:20:36.252  render           | Saved: '/tmp/clearvla_eval_opaque_66846.png'
01:20:36.635  render           | Saved: '/tmp/clearvla_eval_opaque_66846.png'
01:20:36.973  render           | Saved: '/tmp/clearvla_eval_opaque_66846.png'
01:20:37.416  render           | Saved: '/tmp/clearvla_eval_opaque_66846.png'
01:20:37.751  render           | Saved: '/tmp/clearvla_eval_opaque_66846.png'
01:20:38.145  render           | Saved: '/tmp/clearvla_eval_opaque_66846.png'
01:20:38.461  render           | Saved: '/tmp/clearvla_eval_opaque_66846.png'
01:20:38.845  render           | Saved: '/tmp/clearvla_eval_opaque_66846.png'
01:20:39.154  render           | Saved: '/tmp/clearvla_eval_opaque_66846.png'
01:20:39.537  render           | Saved: '/tmp/clearvla_eval_opaque_66846.png'
01:20:39.843  render           | Saved: '/tmp/clearvla_eval_opaque_66846.png'
[full/opaque] insert: 30/30  (80.5 min, 6.4 s/ep)
01:20:42.346  render           | Saved: '/tmp/clearvla_eval_opaque_66846.png'
01:20:42.673  render           | Saved: '/tmp/clearvla_eval_opaque_66846.png'
01:20:43.132  render           | Saved: '/tmp/clearvla_eval_opaque_66846.png'
01:20:43.456  render           | Saved: '/tmp/clearvla_eval_opaque_66846.png'
01:20:43.840  render           | Saved: '/tmp/clearvla_eval_opaque_66846.png'
01:20:44.158  render           | Saved: '/tmp/clearvla_eval_opaque_66846.png'
01:20:44.546  render           | Saved: '/tmp/clearvla_eval_opaque_66846.png'
01:20:44.867  render           | Saved: '/tmp/clearvla_eval_opaque_66846.png'
01:20:45.249  render           | Saved: '/tmp/clearvla_eval_opaque_66846.png'
01:20:45.559  render           | Saved: '/tmp/clearvla_eval_opaque_66846.png'
01:20:46.019  render           | Saved: '/tmp/clearvla_eval_opaque_66846.png'
01:20:46.365  render           | Saved: '/tmp/clearvla_eval_opaque_66846.png'
01:20:46.750  render           | Saved: '/tmp/clearvla_eval_opaque_66846.png'
01:20:47.072  render           | Saved: '/tmp/clearvla_eval_opaque_66846.png'
01:20:47.446  render           | Saved: '/tmp/clearvla_eval_opaque_66846.png'
01:20:47.762  render           | Saved: '/tmp/clearvla_eval_opaque_66846.png'
01:20:48.140  render           | Saved: '/tmp/clearvla_eval_opaque_66846.png'
01:20:48.449  render           | Saved: '/tmp/clearvla_eval_opaque_66846.png'
01:20:50.886  render           | Saved: '/tmp/clearvla_eval_opaque_66846.png'
01:20:51.208  render           | Saved: '/tmp/clearvla_eval_opaque_66846.png'
01:20:51.612  render           | Saved: '/tmp/clearvla_eval_opaque_66846.png'
01:20:51.919  render           | Saved: '/tmp/clearvla_eval_opaque_66846.png'
01:20:52.296  render           | Saved: '/tmp/clearvla_eval_opaque_66846.png'
01:20:52.613  render           | Saved: '/tmp/clearvla_eval_opaque_66846.png'
01:20:52.989  render           | Saved: '/tmp/clearvla_eval_opaque_66846.png'
01:20:53.308  render           | Saved: '/tmp/clearvla_eval_opaque_66846.png'
01:20:53.689  render           | Saved: '/tmp/clearvla_eval_opaque_66846.png'
01:20:54.000  render           | Saved: '/tmp/clearvla_eval_opaque_66846.png'
01:20:54.375  render           | Saved: '/tmp/clearvla_eval_opaque_66846.png'
01:20:54.692  render           | Saved: '/tmp/clearvla_eval_opaque_66846.png'
01:20:55.081  render           | Saved: '/tmp/clearvla_eval_opaque_66846.png'
01:20:55.395  render           | Saved: '/tmp/clearvla_eval_opaque_66846.png'
01:20:55.768  render           | Saved: '/tmp/clearvla_eval_opaque_66846.png'
01:20:56.075  render           | Saved: '/tmp/clearvla_eval_opaque_66846.png'
01:20:56.439  render           | Saved: '/tmp/clearvla_eval_opaque_66846.png'
01:20:56.751  render           | Saved: '/tmp/clearvla_eval_opaque_66846.png'
01:20:59.276  render           | Saved: '/tmp/clearvla_eval_opaque_66846.png'
01:20:59.658  render           | Saved: '/tmp/clearvla_eval_opaque_66846.png'
01:21:00.197  render           | Saved: '/tmp/clearvla_eval_opaque_66846.png'
01:21:00.526  render           | Saved: '/tmp/clearvla_eval_opaque_66846.png'
01:21:00.912  render           | Saved: '/tmp/clearvla_eval_opaque_66846.png'
01:21:01.226  render           | Saved: '/tmp/clearvla_eval_opaque_66846.png'
01:21:01.616  render           | Saved: '/tmp/clearvla_eval_opaque_66846.png'
01:21:01.933  render           | Saved: '/tmp/clearvla_eval_opaque_66846.png'
01:21:02.314  render           | Saved: '/tmp/clearvla_eval_opaque_66846.png'
01:21:02.630  render           | Saved: '/tmp/clearvla_eval_opaque_66846.png'
01:21:03.011  render           | Saved: '/tmp/clearvla_eval_opaque_66846.png'
01:21:03.331  render           | Saved: '/tmp/clearvla_eval_opaque_66846.png'
01:21:03.713  render           | Saved: '/tmp/clearvla_eval_opaque_66846.png'
01:21:04.059  render           | Saved: '/tmp/clearvla_eval_opaque_66846.png'
01:21:04.436  render           | Saved: '/tmp/clearvla_eval_opaque_66846.png'
01:21:04.792  render           | Saved: '/tmp/clearvla_eval_opaque_66846.png'
01:21:05.170  render           | Saved: '/tmp/clearvla_eval_opaque_66846.png'
01:21:05.551  render           | Saved: '/tmp/clearvla_eval_opaque_66846.png'
01:21:08.027  render           | Saved: '/tmp/clearvla_eval_opaque_66846.png'
01:21:08.362  render           | Saved: '/tmp/clearvla_eval_opaque_66846.png'
01:21:08.791  render           | Saved: '/tmp/clearvla_eval_opaque_66846.png'
01:21:09.109  render           | Saved: '/tmp/clearvla_eval_opaque_66846.png'
01:21:09.490  render           | Saved: '/tmp/clearvla_eval_opaque_66846.png'
01:21:09.804  render           | Saved: '/tmp/clearvla_eval_opaque_66846.png'
01:21:10.212  render           | Saved: '/tmp/clearvla_eval_opaque_66846.png'
01:21:10.538  render           | Saved: '/tmp/clearvla_eval_opaque_66846.png'
01:21:10.926  render           | Saved: '/tmp/clearvla_eval_opaque_66846.png'
01:21:11.244  render           | Saved: '/tmp/clearvla_eval_opaque_66846.png'
01:21:11.636  render           | Saved: '/tmp/clearvla_eval_opaque_66846.png'
01:21:11.959  render           | Saved: '/tmp/clearvla_eval_opaque_66846.png'
01:21:12.345  render           | Saved: '/tmp/clearvla_eval_opaque_66846.png'
01:21:12.671  render           | Saved: '/tmp/clearvla_eval_opaque_66846.png'
01:21:13.099  render           | Saved: '/tmp/clearvla_eval_opaque_66846.png'
01:21:13.446  render           | Saved: '/tmp/clearvla_eval_opaque_66846.png'
01:21:13.846  render           | Saved: '/tmp/clearvla_eval_opaque_66846.png'
01:21:14.162  render           | Saved: '/tmp/clearvla_eval_opaque_66846.png'
01:21:16.607  render           | Saved: '/tmp/clearvla_eval_opaque_66846.png'
01:21:16.929  render           | Saved: '/tmp/clearvla_eval_opaque_66846.png'
01:21:17.331  render           | Saved: '/tmp/clearvla_eval_opaque_66846.png'
01:21:17.684  render           | Saved: '/tmp/clearvla_eval_opaque_66846.png'
01:21:18.066  render           | Saved: '/tmp/clearvla_eval_opaque_66846.png'
01:21:18.402  render           | Saved: '/tmp/clearvla_eval_opaque_66846.png'
01:21:18.788  render           | Saved: '/tmp/clearvla_eval_opaque_66846.png'
01:21:19.092  render           | Saved: '/tmp/clearvla_eval_opaque_66846.png'
01:21:19.470  render           | Saved: '/tmp/clearvla_eval_opaque_66846.png'
01:21:19.800  render           | Saved: '/tmp/clearvla_eval_opaque_66846.png'
01:21:20.197  render           | Saved: '/tmp/clearvla_eval_opaque_66846.png'
01:21:20.526  render           | Saved: '/tmp/clearvla_eval_opaque_66846.png'
01:21:20.912  render           | Saved: '/tmp/clearvla_eval_opaque_66846.png'
01:21:21.238  render           | Saved: '/tmp/clearvla_eval_opaque_66846.png'
01:21:21.622  render           | Saved: '/tmp/clearvla_eval_opaque_66846.png'
01:21:21.935  render           | Saved: '/tmp/clearvla_eval_opaque_66846.png'
01:21:22.325  render           | Saved: '/tmp/clearvla_eval_opaque_66846.png'
01:21:22.665  render           | Saved: '/tmp/clearvla_eval_opaque_66846.png'
01:21:25.187  render           | Saved: '/tmp/clearvla_eval_opaque_66846.png'
01:21:25.498  render           | Saved: '/tmp/clearvla_eval_opaque_66846.png'
01:21:25.928  render           | Saved: '/tmp/clearvla_eval_opaque_66846.png'
01:21:26.243  render           | Saved: '/tmp/clearvla_eval_opaque_66846.png'
01:21:26.637  render           | Saved: '/tmp/clearvla_eval_opaque_66846.png'
01:21:26.951  render           | Saved: '/tmp/clearvla_eval_opaque_66846.png'
01:21:27.351  render           | Saved: '/tmp/clearvla_eval_opaque_66846.png'
01:21:27.666  render           | Saved: '/tmp/clearvla_eval_opaque_66846.png'
01:21:28.065  render           | Saved: '/tmp/clearvla_eval_opaque_66846.png'
01:21:28.380  render           | Saved: '/tmp/clearvla_eval_opaque_66846.png'
01:21:28.774  render           | Saved: '/tmp/clearvla_eval_opaque_66846.png'
01:21:29.083  render           | Saved: '/tmp/clearvla_eval_opaque_66846.png'
01:21:29.482  render           | Saved: '/tmp/clearvla_eval_opaque_66846.png'
01:21:29.801  render           | Saved: '/tmp/clearvla_eval_opaque_66846.png'
01:21:30.180  render           | Saved: '/tmp/clearvla_eval_opaque_66846.png'
01:21:30.493  render           | Saved: '/tmp/clearvla_eval_opaque_66846.png'
01:21:30.877  render           | Saved: '/tmp/clearvla_eval_opaque_66846.png'
01:21:31.197  render           | Saved: '/tmp/clearvla_eval_opaque_66846.png'
01:21:33.665  render           | Saved: '/tmp/clearvla_eval_opaque_66846.png'
01:21:33.976  render           | Saved: '/tmp/clearvla_eval_opaque_66846.png'
01:21:34.370  render           | Saved: '/tmp/clearvla_eval_opaque_66846.png'
01:21:34.676  render           | Saved: '/tmp/clearvla_eval_opaque_66846.png'
01:21:35.049  render           | Saved: '/tmp/clearvla_eval_opaque_66846.png'
01:21:35.366  render           | Saved: '/tmp/clearvla_eval_opaque_66846.png'
01:21:35.754  render           | Saved: '/tmp/clearvla_eval_opaque_66846.png'
01:21:36.087  render           | Saved: '/tmp/clearvla_eval_opaque_66846.png'
01:21:36.492  render           | Saved: '/tmp/clearvla_eval_opaque_66846.png'
01:21:36.819  render           | Saved: '/tmp/clearvla_eval_opaque_66846.png'
01:21:37.213  render           | Saved: '/tmp/clearvla_eval_opaque_66846.png'
01:21:37.546  render           | Saved: '/tmp/clearvla_eval_opaque_66846.png'
01:21:37.945  render           | Saved: '/tmp/clearvla_eval_opaque_66846.png'
01:21:38.271  render           | Saved: '/tmp/clearvla_eval_opaque_66846.png'
01:21:38.662  render           | Saved: '/tmp/clearvla_eval_opaque_66846.png'
01:21:38.995  render           | Saved: '/tmp/clearvla_eval_opaque_66846.png'
01:21:39.387  render           | Saved: '/tmp/clearvla_eval_opaque_66846.png'
01:21:39.718  render           | Saved: '/tmp/clearvla_eval_opaque_66846.png'
01:21:42.249  render           | Saved: '/tmp/clearvla_eval_opaque_66846.png'
01:21:42.580  render           | Saved: '/tmp/clearvla_eval_opaque_66846.png'
01:21:43.012  render           | Saved: '/tmp/clearvla_eval_opaque_66846.png'
01:21:43.350  render           | Saved: '/tmp/clearvla_eval_opaque_66846.png'
01:21:43.746  render           | Saved: '/tmp/clearvla_eval_opaque_66846.png'
01:21:44.082  render           | Saved: '/tmp/clearvla_eval_opaque_66846.png'
01:21:44.489  render           | Saved: '/tmp/clearvla_eval_opaque_66846.png'
01:21:44.822  render           | Saved: '/tmp/clearvla_eval_opaque_66846.png'
01:21:45.225  render           | Saved: '/tmp/clearvla_eval_opaque_66846.png'
01:21:45.549  render           | Saved: '/tmp/clearvla_eval_opaque_66846.png'
01:21:45.951  render           | Saved: '/tmp/clearvla_eval_opaque_66846.png'
01:21:46.279  render           | Saved: '/tmp/clearvla_eval_opaque_66846.png'
01:21:46.672  render           | Saved: '/tmp/clearvla_eval_opaque_66846.png'
01:21:46.992  render           | Saved: '/tmp/clearvla_eval_opaque_66846.png'
01:21:47.373  render           | Saved: '/tmp/clearvla_eval_opaque_66846.png'
01:21:47.693  render           | Saved: '/tmp/clearvla_eval_opaque_66846.png'
01:21:48.075  render           | Saved: '/tmp/clearvla_eval_opaque_66846.png'
01:21:48.395  render           | Saved: '/tmp/clearvla_eval_opaque_66846.png'
01:21:50.919  render           | Saved: '/tmp/clearvla_eval_opaque_66846.png'
01:21:51.240  render           | Saved: '/tmp/clearvla_eval_opaque_66846.png'
01:21:51.633  render           | Saved: '/tmp/clearvla_eval_opaque_66846.png'
01:21:51.989  render           | Saved: '/tmp/clearvla_eval_opaque_66846.png'
01:21:52.411  render           | Saved: '/tmp/clearvla_eval_opaque_66846.png'
01:21:52.801  render           | Saved: '/tmp/clearvla_eval_opaque_66846.png'
01:21:53.180  render           | Saved: '/tmp/clearvla_eval_opaque_66846.png'
01:21:53.539  render           | Saved: '/tmp/clearvla_eval_opaque_66846.png'
01:21:53.921  render           | Saved: '/tmp/clearvla_eval_opaque_66846.png'
01:21:54.272  render           | Saved: '/tmp/clearvla_eval_opaque_66846.png'
01:21:54.666  render           | Saved: '/tmp/clearvla_eval_opaque_66846.png'
01:21:54.993  render           | Saved: '/tmp/clearvla_eval_opaque_66846.png'
01:21:55.419  render           | Saved: '/tmp/clearvla_eval_opaque_66846.png'
01:21:55.757  render           | Saved: '/tmp/clearvla_eval_opaque_66846.png'
01:21:56.175  render           | Saved: '/tmp/clearvla_eval_opaque_66846.png'
01:21:56.508  render           | Saved: '/tmp/clearvla_eval_opaque_66846.png'
01:21:56.918  render           | Saved: '/tmp/clearvla_eval_opaque_66846.png'
01:21:57.234  render           | Saved: '/tmp/clearvla_eval_opaque_66846.png'
01:21:59.739  render           | Saved: '/tmp/clearvla_eval_opaque_66846.png'
01:22:00.050  render           | Saved: '/tmp/clearvla_eval_opaque_66846.png'
01:22:00.452  render           | Saved: '/tmp/clearvla_eval_opaque_66846.png'
01:22:00.770  render           | Saved: '/tmp/clearvla_eval_opaque_66846.png'
01:22:01.145  render           | Saved: '/tmp/clearvla_eval_opaque_66846.png'
01:22:01.470  render           | Saved: '/tmp/clearvla_eval_opaque_66846.png'
01:22:01.865  render           | Saved: '/tmp/clearvla_eval_opaque_66846.png'
01:22:02.195  render           | Saved: '/tmp/clearvla_eval_opaque_66846.png'
01:22:02.591  render           | Saved: '/tmp/clearvla_eval_opaque_66846.png'
01:22:02.919  render           | Saved: '/tmp/clearvla_eval_opaque_66846.png'
01:22:03.297  render           | Saved: '/tmp/clearvla_eval_opaque_66846.png'
01:22:03.613  render           | Saved: '/tmp/clearvla_eval_opaque_66846.png'
01:22:03.998  render           | Saved: '/tmp/clearvla_eval_opaque_66846.png'
01:22:04.338  render           | Saved: '/tmp/clearvla_eval_opaque_66846.png'
01:22:04.753  render           | Saved: '/tmp/clearvla_eval_opaque_66846.png'
01:22:05.102  render           | Saved: '/tmp/clearvla_eval_opaque_66846.png'
01:22:05.507  render           | Saved: '/tmp/clearvla_eval_opaque_66846.png'
01:22:05.865  render           | Saved: '/tmp/clearvla_eval_opaque_66846.png'
[full/opaque] insert: 40/40  (82.0 min, 6.5 s/ep)
01:22:08.360  render           | Saved: '/tmp/clearvla_eval_opaque_66846.png'
01:22:08.671  render           | Saved: '/tmp/clearvla_eval_opaque_66846.png'
01:22:09.098  render           | Saved: '/tmp/clearvla_eval_opaque_66846.png'
01:22:09.483  render           | Saved: '/tmp/clearvla_eval_opaque_66846.png'
01:22:09.876  render           | Saved: '/tmp/clearvla_eval_opaque_66846.png'
01:22:10.250  render           | Saved: '/tmp/clearvla_eval_opaque_66846.png'
01:22:10.642  render           | Saved: '/tmp/clearvla_eval_opaque_66846.png'
01:22:10.964  render           | Saved: '/tmp/clearvla_eval_opaque_66846.png'
01:22:11.349  render           | Saved: '/tmp/clearvla_eval_opaque_66846.png'
01:22:11.692  render           | Saved: '/tmp/clearvla_eval_opaque_66846.png'
01:22:12.085  render           | Saved: '/tmp/clearvla_eval_opaque_66846.png'
01:22:12.412  render           | Saved: '/tmp/clearvla_eval_opaque_66846.png'
01:22:12.853  render           | Saved: '/tmp/clearvla_eval_opaque_66846.png'
01:22:13.169  render           | Saved: '/tmp/clearvla_eval_opaque_66846.png'
01:22:13.563  render           | Saved: '/tmp/clearvla_eval_opaque_66846.png'
01:22:13.890  render           | Saved: '/tmp/clearvla_eval_opaque_66846.png'
01:22:14.276  render           | Saved: '/tmp/clearvla_eval_opaque_66846.png'
01:22:14.610  render           | Saved: '/tmp/clearvla_eval_opaque_66846.png'
01:22:17.149  render           | Saved: '/tmp/clearvla_eval_opaque_66846.png'
01:22:17.468  render           | Saved: '/tmp/clearvla_eval_opaque_66846.png'
01:22:17.868  render           | Saved: '/tmp/clearvla_eval_opaque_66846.png'
01:22:18.177  render           | Saved: '/tmp/clearvla_eval_opaque_66846.png'
01:22:18.572  render           | Saved: '/tmp/clearvla_eval_opaque_66846.png'
01:22:18.900  render           | Saved: '/tmp/clearvla_eval_opaque_66846.png'
01:22:19.306  render           | Saved: '/tmp/clearvla_eval_opaque_66846.png'
01:22:19.660  render           | Saved: '/tmp/clearvla_eval_opaque_66846.png'
01:22:20.073  render           | Saved: '/tmp/clearvla_eval_opaque_66846.png'
01:22:20.393  render           | Saved: '/tmp/clearvla_eval_opaque_66846.png'
01:22:20.780  render           | Saved: '/tmp/clearvla_eval_opaque_66846.png'
01:22:21.109  render           | Saved: '/tmp/clearvla_eval_opaque_66846.png'
01:22:21.505  render           | Saved: '/tmp/clearvla_eval_opaque_66846.png'
01:22:21.845  render           | Saved: '/tmp/clearvla_eval_opaque_66846.png'
01:22:22.266  render           | Saved: '/tmp/clearvla_eval_opaque_66846.png'
01:22:22.610  render           | Saved: '/tmp/clearvla_eval_opaque_66846.png'
01:22:23.010  render           | Saved: '/tmp/clearvla_eval_opaque_66846.png'
01:22:23.333  render           | Saved: '/tmp/clearvla_eval_opaque_66846.png'
01:22:25.889  render           | Saved: '/tmp/clearvla_eval_opaque_66846.png'
01:22:26.210  render           | Saved: '/tmp/clearvla_eval_opaque_66846.png'
01:22:26.604  render           | Saved: '/tmp/clearvla_eval_opaque_66846.png'
01:22:26.923  render           | Saved: '/tmp/clearvla_eval_opaque_66846.png'
01:22:27.309  render           | Saved: '/tmp/clearvla_eval_opaque_66846.png'
01:22:27.813  render           | Saved: '/tmp/clearvla_eval_opaque_66846.png'
01:22:28.201  render           | Saved: '/tmp/clearvla_eval_opaque_66846.png'
01:22:28.603  render           | Saved: '/tmp/clearvla_eval_opaque_66846.png'
01:22:29.018  render           | Saved: '/tmp/clearvla_eval_opaque_66846.png'
01:22:29.365  render           | Saved: '/tmp/clearvla_eval_opaque_66846.png'
01:22:29.774  render           | Saved: '/tmp/clearvla_eval_opaque_66846.png'
01:22:30.161  render           | Saved: '/tmp/clearvla_eval_opaque_66846.png'
01:22:30.561  render           | Saved: '/tmp/clearvla_eval_opaque_66846.png'
01:22:30.930  render           | Saved: '/tmp/clearvla_eval_opaque_66846.png'
01:22:31.371  render           | Saved: '/tmp/clearvla_eval_opaque_66846.png'
01:22:31.720  render           | Saved: '/tmp/clearvla_eval_opaque_66846.png'
01:22:32.150  render           | Saved: '/tmp/clearvla_eval_opaque_66846.png'
01:22:32.473  render           | Saved: '/tmp/clearvla_eval_opaque_66846.png'
01:22:35.100  render           | Saved: '/tmp/clearvla_eval_opaque_66846.png'
01:22:35.420  render           | Saved: '/tmp/clearvla_eval_opaque_66846.png'
01:22:35.827  render           | Saved: '/tmp/clearvla_eval_opaque_66846.png'
01:22:36.145  render           | Saved: '/tmp/clearvla_eval_opaque_66846.png'
01:22:36.527  render           | Saved: '/tmp/clearvla_eval_opaque_66846.png'
01:22:36.842  render           | Saved: '/tmp/clearvla_eval_opaque_66846.png'
01:22:37.329  render           | Saved: '/tmp/clearvla_eval_opaque_66846.png'
01:22:37.794  render           | Saved: '/tmp/clearvla_eval_opaque_66846.png'
01:22:38.242  render           | Saved: '/tmp/clearvla_eval_opaque_66846.png'
01:22:38.599  render           | Saved: '/tmp/clearvla_eval_opaque_66846.png'
01:22:39.019  render           | Saved: '/tmp/clearvla_eval_opaque_66846.png'
01:22:39.376  render           | Saved: '/tmp/clearvla_eval_opaque_66846.png'
01:22:39.802  render           | Saved: '/tmp/clearvla_eval_opaque_66846.png'
01:22:40.134  render           | Saved: '/tmp/clearvla_eval_opaque_66846.png'
01:22:40.517  render           | Saved: '/tmp/clearvla_eval_opaque_66846.png'
01:22:40.836  render           | Saved: '/tmp/clearvla_eval_opaque_66846.png'
01:22:41.209  render           | Saved: '/tmp/clearvla_eval_opaque_66846.png'
01:22:41.532  render           | Saved: '/tmp/clearvla_eval_opaque_66846.png'
01:22:44.215  render           | Saved: '/tmp/clearvla_eval_opaque_66846.png'
01:22:44.536  render           | Saved: '/tmp/clearvla_eval_opaque_66846.png'
01:22:44.932  render           | Saved: '/tmp/clearvla_eval_opaque_66846.png'
01:22:45.256  render           | Saved: '/tmp/clearvla_eval_opaque_66846.png'
01:22:45.624  render           | Saved: '/tmp/clearvla_eval_opaque_66846.png'
01:22:45.933  render           | Saved: '/tmp/clearvla_eval_opaque_66846.png'
01:22:46.304  render           | Saved: '/tmp/clearvla_eval_opaque_66846.png'
01:22:46.856  render           | Saved: '/tmp/clearvla_eval_opaque_66846.png'
01:22:47.404  render           | Saved: '/tmp/clearvla_eval_opaque_66846.png'
01:22:47.737  render           | Saved: '/tmp/clearvla_eval_opaque_66846.png'
01:22:48.159  render           | Saved: '/tmp/clearvla_eval_opaque_66846.png'
01:22:48.478  render           | Saved: '/tmp/clearvla_eval_opaque_66846.png'
01:22:48.878  render           | Saved: '/tmp/clearvla_eval_opaque_66846.png'
01:22:49.201  render           | Saved: '/tmp/clearvla_eval_opaque_66846.png'
01:22:49.593  render           | Saved: '/tmp/clearvla_eval_opaque_66846.png'
01:22:49.950  render           | Saved: '/tmp/clearvla_eval_opaque_66846.png'
01:22:50.358  render           | Saved: '/tmp/clearvla_eval_opaque_66846.png'
01:22:50.678  render           | Saved: '/tmp/clearvla_eval_opaque_66846.png'
01:22:53.422  render           | Saved: '/tmp/clearvla_eval_opaque_66846.png'
01:22:53.764  render           | Saved: '/tmp/clearvla_eval_opaque_66846.png'
01:22:54.208  render           | Saved: '/tmp/clearvla_eval_opaque_66846.png'
01:22:54.527  render           | Saved: '/tmp/clearvla_eval_opaque_66846.png'
01:22:54.913  render           | Saved: '/tmp/clearvla_eval_opaque_66846.png'
01:22:55.240  render           | Saved: '/tmp/clearvla_eval_opaque_66846.png'
01:22:55.635  render           | Saved: '/tmp/clearvla_eval_opaque_66846.png'
01:22:55.954  render           | Saved: '/tmp/clearvla_eval_opaque_66846.png'
01:22:56.397  render           | Saved: '/tmp/clearvla_eval_opaque_66846.png'
01:22:56.790  render           | Saved: '/tmp/clearvla_eval_opaque_66846.png'
01:22:57.205  render           | Saved: '/tmp/clearvla_eval_opaque_66846.png'
01:22:57.566  render           | Saved: '/tmp/clearvla_eval_opaque_66846.png'
01:22:57.964  render           | Saved: '/tmp/clearvla_eval_opaque_66846.png'
01:22:58.289  render           | Saved: '/tmp/clearvla_eval_opaque_66846.png'
01:22:58.728  render           | Saved: '/tmp/clearvla_eval_opaque_66846.png'
01:22:59.086  render           | Saved: '/tmp/clearvla_eval_opaque_66846.png'
01:22:59.481  render           | Saved: '/tmp/clearvla_eval_opaque_66846.png'
01:22:59.861  render           | Saved: '/tmp/clearvla_eval_opaque_66846.png'
01:23:02.564  render           | Saved: '/tmp/clearvla_eval_opaque_66846.png'
01:23:02.947  render           | Saved: '/tmp/clearvla_eval_opaque_66846.png'
01:23:03.377  render           | Saved: '/tmp/clearvla_eval_opaque_66846.png'
01:23:03.704  render           | Saved: '/tmp/clearvla_eval_opaque_66846.png'
01:23:04.090  render           | Saved: '/tmp/clearvla_eval_opaque_66846.png'
01:23:04.413  render           | Saved: '/tmp/clearvla_eval_opaque_66846.png'
01:23:04.803  render           | Saved: '/tmp/clearvla_eval_opaque_66846.png'
01:23:05.127  render           | Saved: '/tmp/clearvla_eval_opaque_66846.png'
01:23:05.513  render           | Saved: '/tmp/clearvla_eval_opaque_66846.png'
01:23:05.834  render           | Saved: '/tmp/clearvla_eval_opaque_66846.png'
01:23:06.314  render           | Saved: '/tmp/clearvla_eval_opaque_66846.png'
01:23:06.660  render           | Saved: '/tmp/clearvla_eval_opaque_66846.png'
01:23:07.098  render           | Saved: '/tmp/clearvla_eval_opaque_66846.png'
01:23:07.472  render           | Saved: '/tmp/clearvla_eval_opaque_66846.png'
01:23:07.864  render           | Saved: '/tmp/clearvla_eval_opaque_66846.png'
01:23:08.184  render           | Saved: '/tmp/clearvla_eval_opaque_66846.png'
01:23:08.576  render           | Saved: '/tmp/clearvla_eval_opaque_66846.png'
01:23:08.909  render           | Saved: '/tmp/clearvla_eval_opaque_66846.png'
01:23:11.651  render           | Saved: '/tmp/clearvla_eval_opaque_66846.png'
01:23:12.001  render           | Saved: '/tmp/clearvla_eval_opaque_66846.png'
01:23:12.467  render           | Saved: '/tmp/clearvla_eval_opaque_66846.png'
01:23:12.795  render           | Saved: '/tmp/clearvla_eval_opaque_66846.png'
01:23:13.184  render           | Saved: '/tmp/clearvla_eval_opaque_66846.png'
01:23:13.513  render           | Saved: '/tmp/clearvla_eval_opaque_66846.png'
01:23:13.900  render           | Saved: '/tmp/clearvla_eval_opaque_66846.png'
01:23:14.223  render           | Saved: '/tmp/clearvla_eval_opaque_66846.png'
01:23:14.604  render           | Saved: '/tmp/clearvla_eval_opaque_66846.png'
01:23:14.931  render           | Saved: '/tmp/clearvla_eval_opaque_66846.png'
01:23:15.325  render           | Saved: '/tmp/clearvla_eval_opaque_66846.png'
01:23:15.658  render           | Saved: '/tmp/clearvla_eval_opaque_66846.png'
01:23:16.063  render           | Saved: '/tmp/clearvla_eval_opaque_66846.png'
01:23:16.507  render           | Saved: '/tmp/clearvla_eval_opaque_66846.png'
01:23:16.892  render           | Saved: '/tmp/clearvla_eval_opaque_66846.png'
01:23:17.248  render           | Saved: '/tmp/clearvla_eval_opaque_66846.png'
01:23:17.633  render           | Saved: '/tmp/clearvla_eval_opaque_66846.png'
01:23:17.961  render           | Saved: '/tmp/clearvla_eval_opaque_66846.png'
01:23:20.682  render           | Saved: '/tmp/clearvla_eval_opaque_66846.png'
01:23:21.020  render           | Saved: '/tmp/clearvla_eval_opaque_66846.png'
01:23:21.472  render           | Saved: '/tmp/clearvla_eval_opaque_66846.png'
01:23:21.852  render           | Saved: '/tmp/clearvla_eval_opaque_66846.png'
01:23:22.260  render           | Saved: '/tmp/clearvla_eval_opaque_66846.png'
01:23:22.585  render           | Saved: '/tmp/clearvla_eval_opaque_66846.png'
01:23:22.984  render           | Saved: '/tmp/clearvla_eval_opaque_66846.png'
01:23:23.313  render           | Saved: '/tmp/clearvla_eval_opaque_66846.png'
01:23:23.705  render           | Saved: '/tmp/clearvla_eval_opaque_66846.png'
01:23:24.029  render           | Saved: '/tmp/clearvla_eval_opaque_66846.png'
01:23:24.428  render           | Saved: '/tmp/clearvla_eval_opaque_66846.png'
01:23:24.752  render           | Saved: '/tmp/clearvla_eval_opaque_66846.png'
01:23:25.204  render           | Saved: '/tmp/clearvla_eval_opaque_66846.png'
01:23:25.540  render           | Saved: '/tmp/clearvla_eval_opaque_66846.png'
01:23:26.108  render           | Saved: '/tmp/clearvla_eval_opaque_66846.png'
01:23:26.456  render           | Saved: '/tmp/clearvla_eval_opaque_66846.png'
01:23:26.867  render           | Saved: '/tmp/clearvla_eval_opaque_66846.png'
01:23:27.231  render           | Saved: '/tmp/clearvla_eval_opaque_66846.png'
01:23:27.678  render           | Saved: '/tmp/clearvla_eval_opaque_66846.png'
01:23:28.082  render           | Saved: '/tmp/clearvla_eval_opaque_66846.png'
01:23:28.518  render           | Saved: '/tmp/clearvla_eval_opaque_66846.png'
01:23:28.858  render           | Saved: '/tmp/clearvla_eval_opaque_66846.png'
01:23:29.248  render           | Saved: '/tmp/clearvla_eval_opaque_66846.png'
01:23:29.573  render           | Saved: '/tmp/clearvla_eval_opaque_66846.png'
01:23:29.959  render           | Saved: '/tmp/clearvla_eval_opaque_66846.png'
01:23:30.293  render           | Saved: '/tmp/clearvla_eval_opaque_66846.png'
01:23:30.678  render           | Saved: '/tmp/clearvla_eval_opaque_66846.png'
01:23:31.012  render           | Saved: '/tmp/clearvla_eval_opaque_66846.png'
01:23:31.391  render           | Saved: '/tmp/clearvla_eval_opaque_66846.png'
01:23:31.710  render           | Saved: '/tmp/clearvla_eval_opaque_66846.png'
01:23:32.106  render           | Saved: '/tmp/clearvla_eval_opaque_66846.png'
01:23:32.443  render           | Saved: '/tmp/clearvla_eval_opaque_66846.png'
01:23:32.826  render           | Saved: '/tmp/clearvla_eval_opaque_66846.png'
01:23:33.149  render           | Saved: '/tmp/clearvla_eval_opaque_66846.png'
01:23:33.528  render           | Saved: '/tmp/clearvla_eval_opaque_66846.png'
01:23:33.846  render           | Saved: '/tmp/clearvla_eval_opaque_66846.png'
01:23:34.224  render           | Saved: '/tmp/clearvla_eval_opaque_66846.png'
01:23:34.541  render           | Saved: '/tmp/clearvla_eval_opaque_66846.png'
01:23:34.931  render           | Saved: '/tmp/clearvla_eval_opaque_66846.png'
01:23:35.251  render           | Saved: '/tmp/clearvla_eval_opaque_66846.png'
01:23:35.643  render           | Saved: '/tmp/clearvla_eval_opaque_66846.png'
01:23:35.969  render           | Saved: '/tmp/clearvla_eval_opaque_66846.png'
01:23:36.369  render           | Saved: '/tmp/clearvla_eval_opaque_66846.png'
01:23:36.695  render           | Saved: '/tmp/clearvla_eval_opaque_66846.png'
01:23:37.080  render           | Saved: '/tmp/clearvla_eval_opaque_66846.png'
01:23:37.407  render           | Saved: '/tmp/clearvla_eval_opaque_66846.png'
01:23:37.805  render           | Saved: '/tmp/clearvla_eval_opaque_66846.png'
01:23:38.141  render           | Saved: '/tmp/clearvla_eval_opaque_66846.png'
01:23:38.533  render           | Saved: '/tmp/clearvla_eval_opaque_66846.png'
01:23:38.849  render           | Saved: '/tmp/clearvla_eval_opaque_66846.png'
01:23:39.234  render           | Saved: '/tmp/clearvla_eval_opaque_66846.png'
01:23:39.576  render           | Saved: '/tmp/clearvla_eval_opaque_66846.png'
01:23:40.000  render           | Saved: '/tmp/clearvla_eval_opaque_66846.png'
01:23:40.390  render           | Saved: '/tmp/clearvla_eval_opaque_66846.png'
01:23:40.865  render           | Saved: '/tmp/clearvla_eval_opaque_66846.png'
01:23:41.259  render           | Saved: '/tmp/clearvla_eval_opaque_66846.png'
01:23:41.659  render           | Saved: '/tmp/clearvla_eval_opaque_66846.png'
01:23:41.987  render           | Saved: '/tmp/clearvla_eval_opaque_66846.png'
01:23:42.369  render           | Saved: '/tmp/clearvla_eval_opaque_66846.png'
01:23:42.692  render           | Saved: '/tmp/clearvla_eval_opaque_66846.png'
01:23:43.066  render           | Saved: '/tmp/clearvla_eval_opaque_66846.png'
01:23:43.393  render           | Saved: '/tmp/clearvla_eval_opaque_66846.png'
01:23:43.768  render           | Saved: '/tmp/clearvla_eval_opaque_66846.png'
01:23:44.149  render           | Saved: '/tmp/clearvla_eval_opaque_66846.png'
01:23:44.564  render           | Saved: '/tmp/clearvla_eval_opaque_66846.png'
01:23:44.895  render           | Saved: '/tmp/clearvla_eval_opaque_66846.png'
01:23:45.320  render           | Saved: '/tmp/clearvla_eval_opaque_66846.png'
01:23:45.636  render           | Saved: '/tmp/clearvla_eval_opaque_66846.png'
01:23:46.034  render           | Saved: '/tmp/clearvla_eval_opaque_66846.png'
01:23:46.370  render           | Saved: '/tmp/clearvla_eval_opaque_66846.png'
01:23:46.766  render           | Saved: '/tmp/clearvla_eval_opaque_66846.png'
01:23:47.095  render           | Saved: '/tmp/clearvla_eval_opaque_66846.png'
01:23:47.475  render           | Saved: '/tmp/clearvla_eval_opaque_66846.png'
01:23:47.815  render           | Saved: '/tmp/clearvla_eval_opaque_66846.png'
01:23:48.198  render           | Saved: '/tmp/clearvla_eval_opaque_66846.png'
01:23:48.536  render           | Saved: '/tmp/clearvla_eval_opaque_66846.png'
01:23:51.243  render           | Saved: '/tmp/clearvla_eval_opaque_66846.png'
01:23:51.562  render           | Saved: '/tmp/clearvla_eval_opaque_66846.png'
01:23:51.954  render           | Saved: '/tmp/clearvla_eval_opaque_66846.png'
01:23:52.278  render           | Saved: '/tmp/clearvla_eval_opaque_66846.png'
01:23:52.658  render           | Saved: '/tmp/clearvla_eval_opaque_66846.png'
01:23:52.979  render           | Saved: '/tmp/clearvla_eval_opaque_66846.png'
01:23:53.409  render           | Saved: '/tmp/clearvla_eval_opaque_66846.png'
01:23:53.735  render           | Saved: '/tmp/clearvla_eval_opaque_66846.png'
01:23:54.188  render           | Saved: '/tmp/clearvla_eval_opaque_66846.png'
01:23:54.538  render           | Saved: '/tmp/clearvla_eval_opaque_66846.png'
01:23:54.946  render           | Saved: '/tmp/clearvla_eval_opaque_66846.png'
01:23:55.295  render           | Saved: '/tmp/clearvla_eval_opaque_66846.png'
01:23:55.708  render           | Saved: '/tmp/clearvla_eval_opaque_66846.png'
01:23:56.027  render           | Saved: '/tmp/clearvla_eval_opaque_66846.png'
01:23:56.402  render           | Saved: '/tmp/clearvla_eval_opaque_66846.png'
01:23:56.723  render           | Saved: '/tmp/clearvla_eval_opaque_66846.png'
01:23:57.113  render           | Saved: '/tmp/clearvla_eval_opaque_66846.png'
01:23:57.453  render           | Saved: '/tmp/clearvla_eval_opaque_66846.png'
[full/opaque] insert: 49/50  (83.8 min, 6.6 s/ep)
01:24:00.082  render           | Saved: '/tmp/clearvla_eval_opaque_66846.png'
01:24:00.397  render           | Saved: '/tmp/clearvla_eval_opaque_66846.png'
01:24:00.793  render           | Saved: '/tmp/clearvla_eval_opaque_66846.png'
01:24:01.116  render           | Saved: '/tmp/clearvla_eval_opaque_66846.png'
01:24:01.500  render           | Saved: '/tmp/clearvla_eval_opaque_66846.png'
01:24:01.818  render           | Saved: '/tmp/clearvla_eval_opaque_66846.png'
01:24:02.203  render           | Saved: '/tmp/clearvla_eval_opaque_66846.png'
01:24:02.549  render           | Saved: '/tmp/clearvla_eval_opaque_66846.png'
01:24:02.937  render           | Saved: '/tmp/clearvla_eval_opaque_66846.png'
01:24:03.273  render           | Saved: '/tmp/clearvla_eval_opaque_66846.png'
01:24:03.672  render           | Saved: '/tmp/clearvla_eval_opaque_66846.png'
01:24:04.012  render           | Saved: '/tmp/clearvla_eval_opaque_66846.png'
01:24:04.393  render           | Saved: '/tmp/clearvla_eval_opaque_66846.png'
01:24:04.763  render           | Saved: '/tmp/clearvla_eval_opaque_66846.png'
01:24:05.145  render           | Saved: '/tmp/clearvla_eval_opaque_66846.png'
01:24:05.513  render           | Saved: '/tmp/clearvla_eval_opaque_66846.png'
01:24:05.905  render           | Saved: '/tmp/clearvla_eval_opaque_66846.png'
01:24:06.229  render           | Saved: '/tmp/clearvla_eval_opaque_66846.png'
01:24:08.858  render           | Saved: '/tmp/clearvla_eval_opaque_66846.png'
01:24:09.195  render           | Saved: '/tmp/clearvla_eval_opaque_66846.png'
01:24:09.635  render           | Saved: '/tmp/clearvla_eval_opaque_66846.png'
01:24:10.012  render           | Saved: '/tmp/clearvla_eval_opaque_66846.png'
01:24:10.402  render           | Saved: '/tmp/clearvla_eval_opaque_66846.png'
01:24:10.755  render           | Saved: '/tmp/clearvla_eval_opaque_66846.png'
01:24:11.146  render           | Saved: '/tmp/clearvla_eval_opaque_66846.png'
01:24:11.500  render           | Saved: '/tmp/clearvla_eval_opaque_66846.png'
01:24:11.896  render           | Saved: '/tmp/clearvla_eval_opaque_66846.png'
01:24:12.227  render           | Saved: '/tmp/clearvla_eval_opaque_66846.png'
01:24:12.639  render           | Saved: '/tmp/clearvla_eval_opaque_66846.png'
01:24:12.951  render           | Saved: '/tmp/clearvla_eval_opaque_66846.png'
01:24:13.394  render           | Saved: '/tmp/clearvla_eval_opaque_66846.png'
01:24:13.712  render           | Saved: '/tmp/clearvla_eval_opaque_66846.png'
01:24:14.130  render           | Saved: '/tmp/clearvla_eval_opaque_66846.png'
01:24:14.447  render           | Saved: '/tmp/clearvla_eval_opaque_66846.png'
01:24:14.863  render           | Saved: '/tmp/clearvla_eval_opaque_66846.png'
01:24:15.183  render           | Saved: '/tmp/clearvla_eval_opaque_66846.png'
01:24:17.831  render           | Saved: '/tmp/clearvla_eval_opaque_66846.png'
01:24:18.194  render           | Saved: '/tmp/clearvla_eval_opaque_66846.png'
01:24:18.628  render           | Saved: '/tmp/clearvla_eval_opaque_66846.png'
01:24:18.997  render           | Saved: '/tmp/clearvla_eval_opaque_66846.png'
01:24:19.380  render           | Saved: '/tmp/clearvla_eval_opaque_66846.png'
01:24:19.724  render           | Saved: '/tmp/clearvla_eval_opaque_66846.png'
01:24:20.123  render           | Saved: '/tmp/clearvla_eval_opaque_66846.png'
01:24:20.474  render           | Saved: '/tmp/clearvla_eval_opaque_66846.png'
01:24:20.869  render           | Saved: '/tmp/clearvla_eval_opaque_66846.png'
01:24:21.208  render           | Saved: '/tmp/clearvla_eval_opaque_66846.png'
01:24:21.632  render           | Saved: '/tmp/clearvla_eval_opaque_66846.png'
01:24:21.963  render           | Saved: '/tmp/clearvla_eval_opaque_66846.png'
01:24:22.382  render           | Saved: '/tmp/clearvla_eval_opaque_66846.png'
01:24:22.722  render           | Saved: '/tmp/clearvla_eval_opaque_66846.png'
01:24:23.140  render           | Saved: '/tmp/clearvla_eval_opaque_66846.png'
01:24:23.481  render           | Saved: '/tmp/clearvla_eval_opaque_66846.png'
01:24:23.894  render           | Saved: '/tmp/clearvla_eval_opaque_66846.png'
01:24:24.211  render           | Saved: '/tmp/clearvla_eval_opaque_66846.png'
01:24:26.855  render           | Saved: '/tmp/clearvla_eval_opaque_66846.png'
01:24:27.215  render           | Saved: '/tmp/clearvla_eval_opaque_66846.png'
01:24:27.624  render           | Saved: '/tmp/clearvla_eval_opaque_66846.png'
01:24:27.983  render           | Saved: '/tmp/clearvla_eval_opaque_66846.png'
01:24:28.367  render           | Saved: '/tmp/clearvla_eval_opaque_66846.png'
01:24:28.728  render           | Saved: '/tmp/clearvla_eval_opaque_66846.png'
01:24:29.127  render           | Saved: '/tmp/clearvla_eval_opaque_66846.png'
01:24:29.475  render           | Saved: '/tmp/clearvla_eval_opaque_66846.png'
01:24:29.875  render           | Saved: '/tmp/clearvla_eval_opaque_66846.png'
01:24:30.202  render           | Saved: '/tmp/clearvla_eval_opaque_66846.png'
01:24:30.619  render           | Saved: '/tmp/clearvla_eval_opaque_66846.png'
01:24:30.944  render           | Saved: '/tmp/clearvla_eval_opaque_66846.png'
01:24:31.335  render           | Saved: '/tmp/clearvla_eval_opaque_66846.png'
01:24:31.657  render           | Saved: '/tmp/clearvla_eval_opaque_66846.png'
01:24:32.046  render           | Saved: '/tmp/clearvla_eval_opaque_66846.png'
01:24:32.372  render           | Saved: '/tmp/clearvla_eval_opaque_66846.png'
01:24:32.752  render           | Saved: '/tmp/clearvla_eval_opaque_66846.png'
01:24:33.074  render           | Saved: '/tmp/clearvla_eval_opaque_66846.png'
01:24:35.786  render           | Saved: '/tmp/clearvla_eval_opaque_66846.png'
01:24:36.218  render           | Saved: '/tmp/clearvla_eval_opaque_66846.png'
01:24:36.754  render           | Saved: '/tmp/clearvla_eval_opaque_66846.png'
01:24:37.076  render           | Saved: '/tmp/clearvla_eval_opaque_66846.png'
01:24:37.475  render           | Saved: '/tmp/clearvla_eval_opaque_66846.png'
01:24:37.793  render           | Saved: '/tmp/clearvla_eval_opaque_66846.png'
01:24:38.181  render           | Saved: '/tmp/clearvla_eval_opaque_66846.png'
01:24:38.503  render           | Saved: '/tmp/clearvla_eval_opaque_66846.png'
01:24:38.884  render           | Saved: '/tmp/clearvla_eval_opaque_66846.png'
01:24:39.207  render           | Saved: '/tmp/clearvla_eval_opaque_66846.png'
01:24:39.585  render           | Saved: '/tmp/clearvla_eval_opaque_66846.png'
01:24:39.903  render           | Saved: '/tmp/clearvla_eval_opaque_66846.png'
01:24:40.296  render           | Saved: '/tmp/clearvla_eval_opaque_66846.png'
01:24:40.624  render           | Saved: '/tmp/clearvla_eval_opaque_66846.png'
01:24:41.003  render           | Saved: '/tmp/clearvla_eval_opaque_66846.png'
01:24:41.328  render           | Saved: '/tmp/clearvla_eval_opaque_66846.png'
01:24:41.712  render           | Saved: '/tmp/clearvla_eval_opaque_66846.png'
01:24:42.030  render           | Saved: '/tmp/clearvla_eval_opaque_66846.png'
01:24:44.693  render           | Saved: '/tmp/clearvla_eval_opaque_66846.png'
01:24:45.016  render           | Saved: '/tmp/clearvla_eval_opaque_66846.png'
01:24:45.429  render           | Saved: '/tmp/clearvla_eval_opaque_66846.png'
01:24:45.756  render           | Saved: '/tmp/clearvla_eval_opaque_66846.png'
01:24:46.155  render           | Saved: '/tmp/clearvla_eval_opaque_66846.png'
01:24:46.484  render           | Saved: '/tmp/clearvla_eval_opaque_66846.png'
01:24:46.880  render           | Saved: '/tmp/clearvla_eval_opaque_66846.png'
01:24:47.208  render           | Saved: '/tmp/clearvla_eval_opaque_66846.png'
01:24:47.599  render           | Saved: '/tmp/clearvla_eval_opaque_66846.png'
01:24:47.930  render           | Saved: '/tmp/clearvla_eval_opaque_66846.png'
01:24:48.326  render           | Saved: '/tmp/clearvla_eval_opaque_66846.png'
01:24:48.656  render           | Saved: '/tmp/clearvla_eval_opaque_66846.png'
01:24:49.043  render           | Saved: '/tmp/clearvla_eval_opaque_66846.png'
01:24:49.372  render           | Saved: '/tmp/clearvla_eval_opaque_66846.png'
01:24:49.762  render           | Saved: '/tmp/clearvla_eval_opaque_66846.png'
01:24:50.088  render           | Saved: '/tmp/clearvla_eval_opaque_66846.png'
01:24:50.468  render           | Saved: '/tmp/clearvla_eval_opaque_66846.png'
01:24:50.791  render           | Saved: '/tmp/clearvla_eval_opaque_66846.png'
01:24:53.464  render           | Saved: '/tmp/clearvla_eval_opaque_66846.png'
01:24:53.833  render           | Saved: '/tmp/clearvla_eval_opaque_66846.png'
01:24:54.332  render           | Saved: '/tmp/clearvla_eval_opaque_66846.png'
01:24:54.684  render           | Saved: '/tmp/clearvla_eval_opaque_66846.png'
01:24:55.065  render           | Saved: '/tmp/clearvla_eval_opaque_66846.png'
01:24:55.418  render           | Saved: '/tmp/clearvla_eval_opaque_66846.png'
01:24:55.801  render           | Saved: '/tmp/clearvla_eval_opaque_66846.png'
01:24:56.184  render           | Saved: '/tmp/clearvla_eval_opaque_66846.png'
01:24:56.575  render           | Saved: '/tmp/clearvla_eval_opaque_66846.png'
01:24:56.908  render           | Saved: '/tmp/clearvla_eval_opaque_66846.png'
01:24:57.320  render           | Saved: '/tmp/clearvla_eval_opaque_66846.png'
01:24:57.651  render           | Saved: '/tmp/clearvla_eval_opaque_66846.png'
01:24:58.058  render           | Saved: '/tmp/clearvla_eval_opaque_66846.png'
01:24:58.378  render           | Saved: '/tmp/clearvla_eval_opaque_66846.png'
01:24:58.765  render           | Saved: '/tmp/clearvla_eval_opaque_66846.png'
01:24:59.088  render           | Saved: '/tmp/clearvla_eval_opaque_66846.png'
01:24:59.470  render           | Saved: '/tmp/clearvla_eval_opaque_66846.png'
01:24:59.792  render           | Saved: '/tmp/clearvla_eval_opaque_66846.png'
01:25:02.447  render           | Saved: '/tmp/clearvla_eval_opaque_66846.png'
01:25:02.784  render           | Saved: '/tmp/clearvla_eval_opaque_66846.png'
01:25:03.193  render           | Saved: '/tmp/clearvla_eval_opaque_66846.png'
01:25:03.527  render           | Saved: '/tmp/clearvla_eval_opaque_66846.png'
01:25:03.911  render           | Saved: '/tmp/clearvla_eval_opaque_66846.png'
01:25:04.224  render           | Saved: '/tmp/clearvla_eval_opaque_66846.png'
01:25:04.612  render           | Saved: '/tmp/clearvla_eval_opaque_66846.png'
01:25:04.938  render           | Saved: '/tmp/clearvla_eval_opaque_66846.png'
01:25:05.320  render           | Saved: '/tmp/clearvla_eval_opaque_66846.png'
01:25:05.639  render           | Saved: '/tmp/clearvla_eval_opaque_66846.png'
01:25:06.044  render           | Saved: '/tmp/clearvla_eval_opaque_66846.png'
01:25:06.390  render           | Saved: '/tmp/clearvla_eval_opaque_66846.png'
01:25:06.786  render           | Saved: '/tmp/clearvla_eval_opaque_66846.png'
01:25:07.121  render           | Saved: '/tmp/clearvla_eval_opaque_66846.png'
01:25:07.508  render           | Saved: '/tmp/clearvla_eval_opaque_66846.png'
01:25:07.826  render           | Saved: '/tmp/clearvla_eval_opaque_66846.png'
01:25:08.210  render           | Saved: '/tmp/clearvla_eval_opaque_66846.png'
01:25:08.538  render           | Saved: '/tmp/clearvla_eval_opaque_66846.png'
01:25:11.211  render           | Saved: '/tmp/clearvla_eval_opaque_66846.png'
01:25:11.620  render           | Saved: '/tmp/clearvla_eval_opaque_66846.png'
01:25:12.107  render           | Saved: '/tmp/clearvla_eval_opaque_66846.png'
01:25:12.449  render           | Saved: '/tmp/clearvla_eval_opaque_66846.png'
01:25:12.837  render           | Saved: '/tmp/clearvla_eval_opaque_66846.png'
01:25:13.174  render           | Saved: '/tmp/clearvla_eval_opaque_66846.png'
01:25:13.568  render           | Saved: '/tmp/clearvla_eval_opaque_66846.png'
01:25:13.927  render           | Saved: '/tmp/clearvla_eval_opaque_66846.png'
01:25:14.323  render           | Saved: '/tmp/clearvla_eval_opaque_66846.png'
01:25:14.649  render           | Saved: '/tmp/clearvla_eval_opaque_66846.png'
01:25:15.038  render           | Saved: '/tmp/clearvla_eval_opaque_66846.png'
01:25:15.364  render           | Saved: '/tmp/clearvla_eval_opaque_66846.png'
01:25:15.755  render           | Saved: '/tmp/clearvla_eval_opaque_66846.png'
01:25:16.085  render           | Saved: '/tmp/clearvla_eval_opaque_66846.png'
01:25:16.484  render           | Saved: '/tmp/clearvla_eval_opaque_66846.png'
01:25:16.818  render           | Saved: '/tmp/clearvla_eval_opaque_66846.png'
01:25:17.197  render           | Saved: '/tmp/clearvla_eval_opaque_66846.png'
01:25:17.527  render           | Saved: '/tmp/clearvla_eval_opaque_66846.png'
01:25:20.232  render           | Saved: '/tmp/clearvla_eval_opaque_66846.png'
01:25:20.570  render           | Saved: '/tmp/clearvla_eval_opaque_66846.png'
01:25:21.144  render           | Saved: '/tmp/clearvla_eval_opaque_66846.png'
01:25:21.470  render           | Saved: '/tmp/clearvla_eval_opaque_66846.png'
01:25:21.881  render           | Saved: '/tmp/clearvla_eval_opaque_66846.png'
01:25:22.207  render           | Saved: '/tmp/clearvla_eval_opaque_66846.png'
01:25:22.617  render           | Saved: '/tmp/clearvla_eval_opaque_66846.png'
01:25:22.936  render           | Saved: '/tmp/clearvla_eval_opaque_66846.png'
01:25:23.345  render           | Saved: '/tmp/clearvla_eval_opaque_66846.png'
01:25:23.682  render           | Saved: '/tmp/clearvla_eval_opaque_66846.png'
01:25:24.090  render           | Saved: '/tmp/clearvla_eval_opaque_66846.png'
01:25:24.431  render           | Saved: '/tmp/clearvla_eval_opaque_66846.png'
01:25:24.841  render           | Saved: '/tmp/clearvla_eval_opaque_66846.png'
01:25:25.195  render           | Saved: '/tmp/clearvla_eval_opaque_66846.png'
01:25:25.587  render           | Saved: '/tmp/clearvla_eval_opaque_66846.png'
01:25:25.971  render           | Saved: '/tmp/clearvla_eval_opaque_66846.png'
01:25:26.374  render           | Saved: '/tmp/clearvla_eval_opaque_66846.png'
01:25:26.696  render           | Saved: '/tmp/clearvla_eval_opaque_66846.png'
[full/opaque] insert: 59/60  (85.3 min, 6.9 s/ep)
01:25:29.487  render           | Saved: '/tmp/clearvla_eval_opaque_66846.png'
01:25:29.856  render           | Saved: '/tmp/clearvla_eval_opaque_66846.png'
01:25:30.421  render           | Saved: '/tmp/clearvla_eval_opaque_66846.png'
01:25:30.780  render           | Saved: '/tmp/clearvla_eval_opaque_66846.png'
01:25:31.180  render           | Saved: '/tmp/clearvla_eval_opaque_66846.png'
01:25:31.519  render           | Saved: '/tmp/clearvla_eval_opaque_66846.png'
01:25:31.931  render           | Saved: '/tmp/clearvla_eval_opaque_66846.png'
01:25:32.258  render           | Saved: '/tmp/clearvla_eval_opaque_66846.png'
01:25:32.642  render           | Saved: '/tmp/clearvla_eval_opaque_66846.png'
01:25:32.961  render           | Saved: '/tmp/clearvla_eval_opaque_66846.png'
01:25:33.345  render           | Saved: '/tmp/clearvla_eval_opaque_66846.png'
01:25:33.667  render           | Saved: '/tmp/clearvla_eval_opaque_66846.png'
01:25:34.055  render           | Saved: '/tmp/clearvla_eval_opaque_66846.png'
01:25:34.390  render           | Saved: '/tmp/clearvla_eval_opaque_66846.png'
01:25:34.785  render           | Saved: '/tmp/clearvla_eval_opaque_66846.png'
01:25:35.127  render           | Saved: '/tmp/clearvla_eval_opaque_66846.png'
01:25:35.517  render           | Saved: '/tmp/clearvla_eval_opaque_66846.png'
01:25:35.842  render           | Saved: '/tmp/clearvla_eval_opaque_66846.png'
01:25:38.533  render           | Saved: '/tmp/clearvla_eval_opaque_66846.png'
01:25:38.976  render           | Saved: '/tmp/clearvla_eval_opaque_66846.png'
01:25:39.476  render           | Saved: '/tmp/clearvla_eval_opaque_66846.png'
01:25:39.817  render           | Saved: '/tmp/clearvla_eval_opaque_66846.png'
01:25:40.243  render           | Saved: '/tmp/clearvla_eval_opaque_66846.png'
01:25:40.580  render           | Saved: '/tmp/clearvla_eval_opaque_66846.png'
01:25:40.971  render           | Saved: '/tmp/clearvla_eval_opaque_66846.png'
01:25:41.311  render           | Saved: '/tmp/clearvla_eval_opaque_66846.png'
01:25:41.719  render           | Saved: '/tmp/clearvla_eval_opaque_66846.png'
01:25:42.051  render           | Saved: '/tmp/clearvla_eval_opaque_66846.png'
01:25:42.434  render           | Saved: '/tmp/clearvla_eval_opaque_66846.png'
01:25:42.754  render           | Saved: '/tmp/clearvla_eval_opaque_66846.png'
01:25:43.145  render           | Saved: '/tmp/clearvla_eval_opaque_66846.png'
01:25:43.466  render           | Saved: '/tmp/clearvla_eval_opaque_66846.png'
01:25:43.848  render           | Saved: '/tmp/clearvla_eval_opaque_66846.png'
01:25:44.196  render           | Saved: '/tmp/clearvla_eval_opaque_66846.png'
01:25:44.590  render           | Saved: '/tmp/clearvla_eval_opaque_66846.png'
01:25:44.914  render           | Saved: '/tmp/clearvla_eval_opaque_66846.png'
01:25:47.658  render           | Saved: '/tmp/clearvla_eval_opaque_66846.png'
01:25:47.987  render           | Saved: '/tmp/clearvla_eval_opaque_66846.png'
01:25:48.527  render           | Saved: '/tmp/clearvla_eval_opaque_66846.png'
01:25:48.911  render           | Saved: '/tmp/clearvla_eval_opaque_66846.png'
01:25:49.291  render           | Saved: '/tmp/clearvla_eval_opaque_66846.png'
01:25:49.677  render           | Saved: '/tmp/clearvla_eval_opaque_66846.png'
01:25:50.075  render           | Saved: '/tmp/clearvla_eval_opaque_66846.png'
01:25:50.412  render           | Saved: '/tmp/clearvla_eval_opaque_66846.png'
01:25:50.833  render           | Saved: '/tmp/clearvla_eval_opaque_66846.png'
01:25:51.168  render           | Saved: '/tmp/clearvla_eval_opaque_66846.png'
01:25:51.606  render           | Saved: '/tmp/clearvla_eval_opaque_66846.png'
01:25:51.942  render           | Saved: '/tmp/clearvla_eval_opaque_66846.png'
01:25:52.366  render           | Saved: '/tmp/clearvla_eval_opaque_66846.png'
01:25:52.695  render           | Saved: '/tmp/clearvla_eval_opaque_66846.png'
01:25:53.104  render           | Saved: '/tmp/clearvla_eval_opaque_66846.png'
01:25:53.429  render           | Saved: '/tmp/clearvla_eval_opaque_66846.png'
01:25:53.827  render           | Saved: '/tmp/clearvla_eval_opaque_66846.png'
01:25:54.155  render           | Saved: '/tmp/clearvla_eval_opaque_66846.png'
01:25:56.821  render           | Saved: '/tmp/clearvla_eval_opaque_66846.png'
01:25:57.152  render           | Saved: '/tmp/clearvla_eval_opaque_66846.png'
01:25:57.578  render           | Saved: '/tmp/clearvla_eval_opaque_66846.png'
01:25:57.925  render           | Saved: '/tmp/clearvla_eval_opaque_66846.png'
01:25:58.307  render           | Saved: '/tmp/clearvla_eval_opaque_66846.png'
01:25:58.615  render           | Saved: '/tmp/clearvla_eval_opaque_66846.png'
01:25:58.996  render           | Saved: '/tmp/clearvla_eval_opaque_66846.png'
01:25:59.326  render           | Saved: '/tmp/clearvla_eval_opaque_66846.png'
01:25:59.735  render           | Saved: '/tmp/clearvla_eval_opaque_66846.png'
01:26:00.089  render           | Saved: '/tmp/clearvla_eval_opaque_66846.png'
01:26:00.529  render           | Saved: '/tmp/clearvla_eval_opaque_66846.png'
01:26:00.885  render           | Saved: '/tmp/clearvla_eval_opaque_66846.png'
01:26:01.307  render           | Saved: '/tmp/clearvla_eval_opaque_66846.png'
01:26:01.661  render           | Saved: '/tmp/clearvla_eval_opaque_66846.png'
01:26:02.084  render           | Saved: '/tmp/clearvla_eval_opaque_66846.png'
01:26:02.436  render           | Saved: '/tmp/clearvla_eval_opaque_66846.png'
01:26:02.842  render           | Saved: '/tmp/clearvla_eval_opaque_66846.png'
01:26:03.173  render           | Saved: '/tmp/clearvla_eval_opaque_66846.png'
01:26:05.827  render           | Saved: '/tmp/clearvla_eval_opaque_66846.png'
01:26:06.180  render           | Saved: '/tmp/clearvla_eval_opaque_66846.png'
01:26:06.591  render           | Saved: '/tmp/clearvla_eval_opaque_66846.png'
01:26:06.938  render           | Saved: '/tmp/clearvla_eval_opaque_66846.png'
01:26:07.341  render           | Saved: '/tmp/clearvla_eval_opaque_66846.png'
01:26:07.660  render           | Saved: '/tmp/clearvla_eval_opaque_66846.png'
01:26:08.042  render           | Saved: '/tmp/clearvla_eval_opaque_66846.png'
01:26:08.363  render           | Saved: '/tmp/clearvla_eval_opaque_66846.png'
01:26:08.753  render           | Saved: '/tmp/clearvla_eval_opaque_66846.png'
01:26:09.088  render           | Saved: '/tmp/clearvla_eval_opaque_66846.png'
01:26:09.467  render           | Saved: '/tmp/clearvla_eval_opaque_66846.png'
01:26:09.859  render           | Saved: '/tmp/clearvla_eval_opaque_66846.png'
01:26:10.243  render           | Saved: '/tmp/clearvla_eval_opaque_66846.png'
01:26:10.593  render           | Saved: '/tmp/clearvla_eval_opaque_66846.png'
01:26:10.999  render           | Saved: '/tmp/clearvla_eval_opaque_66846.png'
01:26:11.328  render           | Saved: '/tmp/clearvla_eval_opaque_66846.png'
01:26:11.735  render           | Saved: '/tmp/clearvla_eval_opaque_66846.png'
01:26:12.047  render           | Saved: '/tmp/clearvla_eval_opaque_66846.png'
01:26:14.722  render           | Saved: '/tmp/clearvla_eval_opaque_66846.png'
01:26:15.044  render           | Saved: '/tmp/clearvla_eval_opaque_66846.png'
01:26:15.452  render           | Saved: '/tmp/clearvla_eval_opaque_66846.png'
01:26:15.781  render           | Saved: '/tmp/clearvla_eval_opaque_66846.png'
01:26:16.156  render           | Saved: '/tmp/clearvla_eval_opaque_66846.png'
01:26:16.478  render           | Saved: '/tmp/clearvla_eval_opaque_66846.png'
01:26:16.859  render           | Saved: '/tmp/clearvla_eval_opaque_66846.png'
01:26:17.184  render           | Saved: '/tmp/clearvla_eval_opaque_66846.png'
01:26:17.570  render           | Saved: '/tmp/clearvla_eval_opaque_66846.png'
01:26:17.880  render           | Saved: '/tmp/clearvla_eval_opaque_66846.png'
01:26:18.277  render           | Saved: '/tmp/clearvla_eval_opaque_66846.png'
01:26:18.607  render           | Saved: '/tmp/clearvla_eval_opaque_66846.png'
01:26:19.002  render           | Saved: '/tmp/clearvla_eval_opaque_66846.png'
01:26:19.340  render           | Saved: '/tmp/clearvla_eval_opaque_66846.png'
01:26:19.746  render           | Saved: '/tmp/clearvla_eval_opaque_66846.png'
01:26:20.111  render           | Saved: '/tmp/clearvla_eval_opaque_66846.png'
01:26:20.532  render           | Saved: '/tmp/clearvla_eval_opaque_66846.png'
01:26:20.881  render           | Saved: '/tmp/clearvla_eval_opaque_66846.png'
01:26:23.553  render           | Saved: '/tmp/clearvla_eval_opaque_66846.png'
01:26:23.874  render           | Saved: '/tmp/clearvla_eval_opaque_66846.png'
01:26:24.265  render           | Saved: '/tmp/clearvla_eval_opaque_66846.png'
01:26:24.611  render           | Saved: '/tmp/clearvla_eval_opaque_66846.png'
01:26:24.988  render           | Saved: '/tmp/clearvla_eval_opaque_66846.png'
01:26:25.318  render           | Saved: '/tmp/clearvla_eval_opaque_66846.png'
01:26:25.693  render           | Saved: '/tmp/clearvla_eval_opaque_66846.png'
01:26:26.048  render           | Saved: '/tmp/clearvla_eval_opaque_66846.png'
01:26:26.433  render           | Saved: '/tmp/clearvla_eval_opaque_66846.png'
01:26:26.814  render           | Saved: '/tmp/clearvla_eval_opaque_66846.png'
01:26:27.208  render           | Saved: '/tmp/clearvla_eval_opaque_66846.png'
01:26:27.542  render           | Saved: '/tmp/clearvla_eval_opaque_66846.png'
01:26:27.952  render           | Saved: '/tmp/clearvla_eval_opaque_66846.png'
01:26:28.285  render           | Saved: '/tmp/clearvla_eval_opaque_66846.png'
01:26:28.719  render           | Saved: '/tmp/clearvla_eval_opaque_66846.png'
01:26:29.057  render           | Saved: '/tmp/clearvla_eval_opaque_66846.png'
01:26:29.482  render           | Saved: '/tmp/clearvla_eval_opaque_66846.png'
01:26:29.802  render           | Saved: '/tmp/clearvla_eval_opaque_66846.png'
01:26:32.598  render           | Saved: '/tmp/clearvla_eval_opaque_66846.png'
01:26:32.914  render           | Saved: '/tmp/clearvla_eval_opaque_66846.png'
01:26:33.296  render           | Saved: '/tmp/clearvla_eval_opaque_66846.png'
01:26:33.617  render           | Saved: '/tmp/clearvla_eval_opaque_66846.png'
01:26:34.055  render           | Saved: '/tmp/clearvla_eval_opaque_66846.png'
01:26:34.371  render           | Saved: '/tmp/clearvla_eval_opaque_66846.png'
01:26:34.802  render           | Saved: '/tmp/clearvla_eval_opaque_66846.png'
01:26:35.134  render           | Saved: '/tmp/clearvla_eval_opaque_66846.png'
01:26:35.506  render           | Saved: '/tmp/clearvla_eval_opaque_66846.png'
01:26:35.828  render           | Saved: '/tmp/clearvla_eval_opaque_66846.png'
01:26:36.215  render           | Saved: '/tmp/clearvla_eval_opaque_66846.png'
01:26:36.554  render           | Saved: '/tmp/clearvla_eval_opaque_66846.png'
01:26:36.991  render           | Saved: '/tmp/clearvla_eval_opaque_66846.png'
01:26:37.355  render           | Saved: '/tmp/clearvla_eval_opaque_66846.png'
01:26:37.773  render           | Saved: '/tmp/clearvla_eval_opaque_66846.png'
01:26:38.115  render           | Saved: '/tmp/clearvla_eval_opaque_66846.png'
01:26:38.498  render           | Saved: '/tmp/clearvla_eval_opaque_66846.png'
01:26:38.826  render           | Saved: '/tmp/clearvla_eval_opaque_66846.png'
01:26:41.597  render           | Saved: '/tmp/clearvla_eval_opaque_66846.png'
01:26:41.935  render           | Saved: '/tmp/clearvla_eval_opaque_66846.png'
01:26:42.352  render           | Saved: '/tmp/clearvla_eval_opaque_66846.png'
01:26:42.670  render           | Saved: '/tmp/clearvla_eval_opaque_66846.png'
01:26:43.055  render           | Saved: '/tmp/clearvla_eval_opaque_66846.png'
01:26:43.359  render           | Saved: '/tmp/clearvla_eval_opaque_66846.png'
01:26:43.746  render           | Saved: '/tmp/clearvla_eval_opaque_66846.png'
01:26:44.096  render           | Saved: '/tmp/clearvla_eval_opaque_66846.png'
01:26:44.484  render           | Saved: '/tmp/clearvla_eval_opaque_66846.png'
01:26:44.797  render           | Saved: '/tmp/clearvla_eval_opaque_66846.png'
01:26:45.186  render           | Saved: '/tmp/clearvla_eval_opaque_66846.png'
01:26:45.508  render           | Saved: '/tmp/clearvla_eval_opaque_66846.png'
01:26:45.887  render           | Saved: '/tmp/clearvla_eval_opaque_66846.png'
01:26:46.217  render           | Saved: '/tmp/clearvla_eval_opaque_66846.png'
01:26:46.612  render           | Saved: '/tmp/clearvla_eval_opaque_66846.png'
01:26:46.964  render           | Saved: '/tmp/clearvla_eval_opaque_66846.png'
01:26:47.365  render           | Saved: '/tmp/clearvla_eval_opaque_66846.png'
01:26:47.720  render           | Saved: '/tmp/clearvla_eval_opaque_66846.png'
01:26:50.521  render           | Saved: '/tmp/clearvla_eval_opaque_66846.png'
01:26:50.837  render           | Saved: '/tmp/clearvla_eval_opaque_66846.png'
01:26:51.261  render           | Saved: '/tmp/clearvla_eval_opaque_66846.png'
01:26:51.580  render           | Saved: '/tmp/clearvla_eval_opaque_66846.png'
01:26:51.980  render           | Saved: '/tmp/clearvla_eval_opaque_66846.png'
01:26:52.306  render           | Saved: '/tmp/clearvla_eval_opaque_66846.png'
01:26:52.700  render           | Saved: '/tmp/clearvla_eval_opaque_66846.png'
01:26:53.041  render           | Saved: '/tmp/clearvla_eval_opaque_66846.png'
01:26:53.440  render           | Saved: '/tmp/clearvla_eval_opaque_66846.png'
01:26:53.767  render           | Saved: '/tmp/clearvla_eval_opaque_66846.png'
01:26:54.167  render           | Saved: '/tmp/clearvla_eval_opaque_66846.png'
01:26:54.490  render           | Saved: '/tmp/clearvla_eval_opaque_66846.png'
01:26:54.911  render           | Saved: '/tmp/clearvla_eval_opaque_66846.png'
01:26:55.229  render           | Saved: '/tmp/clearvla_eval_opaque_66846.png'
01:26:55.645  render           | Saved: '/tmp/clearvla_eval_opaque_66846.png'
01:26:55.969  render           | Saved: '/tmp/clearvla_eval_opaque_66846.png'
01:26:56.381  render           | Saved: '/tmp/clearvla_eval_opaque_66846.png'
01:26:56.704  render           | Saved: '/tmp/clearvla_eval_opaque_66846.png'
[full/opaque] insert: 69/70  (86.8 min, 6.6 s/ep)
01:26:59.493  render           | Saved: '/tmp/clearvla_eval_opaque_66846.png'
01:26:59.825  render           | Saved: '/tmp/clearvla_eval_opaque_66846.png'
01:27:00.257  render           | Saved: '/tmp/clearvla_eval_opaque_66846.png'
01:27:00.589  render           | Saved: '/tmp/clearvla_eval_opaque_66846.png'
01:27:00.988  render           | Saved: '/tmp/clearvla_eval_opaque_66846.png'
01:27:01.312  render           | Saved: '/tmp/clearvla_eval_opaque_66846.png'
01:27:01.707  render           | Saved: '/tmp/clearvla_eval_opaque_66846.png'
01:27:02.029  render           | Saved: '/tmp/clearvla_eval_opaque_66846.png'
01:27:02.414  render           | Saved: '/tmp/clearvla_eval_opaque_66846.png'
01:27:02.732  render           | Saved: '/tmp/clearvla_eval_opaque_66846.png'
01:27:03.120  render           | Saved: '/tmp/clearvla_eval_opaque_66846.png'
01:27:03.438  render           | Saved: '/tmp/clearvla_eval_opaque_66846.png'
01:27:03.821  render           | Saved: '/tmp/clearvla_eval_opaque_66846.png'
01:27:04.143  render           | Saved: '/tmp/clearvla_eval_opaque_66846.png'
01:27:04.563  render           | Saved: '/tmp/clearvla_eval_opaque_66846.png'
01:27:04.871  render           | Saved: '/tmp/clearvla_eval_opaque_66846.png'
01:27:05.273  render           | Saved: '/tmp/clearvla_eval_opaque_66846.png'
01:27:05.603  render           | Saved: '/tmp/clearvla_eval_opaque_66846.png'
01:27:08.439  render           | Saved: '/tmp/clearvla_eval_opaque_66846.png'
01:27:08.765  render           | Saved: '/tmp/clearvla_eval_opaque_66846.png'
01:27:09.200  render           | Saved: '/tmp/clearvla_eval_opaque_66846.png'
01:27:09.522  render           | Saved: '/tmp/clearvla_eval_opaque_66846.png'
01:27:09.923  render           | Saved: '/tmp/clearvla_eval_opaque_66846.png'
01:27:10.237  render           | Saved: '/tmp/clearvla_eval_opaque_66846.png'
01:27:10.633  render           | Saved: '/tmp/clearvla_eval_opaque_66846.png'
01:27:10.950  render           | Saved: '/tmp/clearvla_eval_opaque_66846.png'
01:27:11.337  render           | Saved: '/tmp/clearvla_eval_opaque_66846.png'
01:27:11.657  render           | Saved: '/tmp/clearvla_eval_opaque_66846.png'
01:27:12.038  render           | Saved: '/tmp/clearvla_eval_opaque_66846.png'
01:27:12.363  render           | Saved: '/tmp/clearvla_eval_opaque_66846.png'
01:27:12.752  render           | Saved: '/tmp/clearvla_eval_opaque_66846.png'
01:27:13.073  render           | Saved: '/tmp/clearvla_eval_opaque_66846.png'
01:27:13.455  render           | Saved: '/tmp/clearvla_eval_opaque_66846.png'
01:27:13.766  render           | Saved: '/tmp/clearvla_eval_opaque_66846.png'
01:27:14.152  render           | Saved: '/tmp/clearvla_eval_opaque_66846.png'
01:27:14.503  render           | Saved: '/tmp/clearvla_eval_opaque_66846.png'
01:27:17.368  render           | Saved: '/tmp/clearvla_eval_opaque_66846.png'
01:27:17.695  render           | Saved: '/tmp/clearvla_eval_opaque_66846.png'
01:27:18.242  render           | Saved: '/tmp/clearvla_eval_opaque_66846.png'
01:27:18.610  render           | Saved: '/tmp/clearvla_eval_opaque_66846.png'
01:27:19.012  render           | Saved: '/tmp/clearvla_eval_opaque_66846.png'
01:27:19.350  render           | Saved: '/tmp/clearvla_eval_opaque_66846.png'
01:27:19.727  render           | Saved: '/tmp/clearvla_eval_opaque_66846.png'
01:27:20.041  render           | Saved: '/tmp/clearvla_eval_opaque_66846.png'
01:27:20.426  render           | Saved: '/tmp/clearvla_eval_opaque_66846.png'
01:27:20.744  render           | Saved: '/tmp/clearvla_eval_opaque_66846.png'
01:27:21.133  render           | Saved: '/tmp/clearvla_eval_opaque_66846.png'
01:27:21.447  render           | Saved: '/tmp/clearvla_eval_opaque_66846.png'
01:27:21.834  render           | Saved: '/tmp/clearvla_eval_opaque_66846.png'
01:27:22.154  render           | Saved: '/tmp/clearvla_eval_opaque_66846.png'
01:27:22.527  render           | Saved: '/tmp/clearvla_eval_opaque_66846.png'
01:27:22.860  render           | Saved: '/tmp/clearvla_eval_opaque_66846.png'
01:27:23.249  render           | Saved: '/tmp/clearvla_eval_opaque_66846.png'
01:27:23.560  render           | Saved: '/tmp/clearvla_eval_opaque_66846.png'
01:27:26.400  render           | Saved: '/tmp/clearvla_eval_opaque_66846.png'
01:27:26.825  render           | Saved: '/tmp/clearvla_eval_opaque_66846.png'
01:27:27.329  render           | Saved: '/tmp/clearvla_eval_opaque_66846.png'
01:27:27.651  render           | Saved: '/tmp/clearvla_eval_opaque_66846.png'
01:27:28.040  render           | Saved: '/tmp/clearvla_eval_opaque_66846.png'
01:27:28.356  render           | Saved: '/tmp/clearvla_eval_opaque_66846.png'
01:27:28.773  render           | Saved: '/tmp/clearvla_eval_opaque_66846.png'
01:27:29.103  render           | Saved: '/tmp/clearvla_eval_opaque_66846.png'
01:27:29.503  render           | Saved: '/tmp/clearvla_eval_opaque_66846.png'
01:27:29.826  render           | Saved: '/tmp/clearvla_eval_opaque_66846.png'
01:27:30.219  render           | Saved: '/tmp/clearvla_eval_opaque_66846.png'
01:27:30.540  render           | Saved: '/tmp/clearvla_eval_opaque_66846.png'
01:27:30.936  render           | Saved: '/tmp/clearvla_eval_opaque_66846.png'
01:27:31.257  render           | Saved: '/tmp/clearvla_eval_opaque_66846.png'
01:27:31.640  render           | Saved: '/tmp/clearvla_eval_opaque_66846.png'
01:27:31.956  render           | Saved: '/tmp/clearvla_eval_opaque_66846.png'
01:27:32.380  render           | Saved: '/tmp/clearvla_eval_opaque_66846.png'
01:27:32.702  render           | Saved: '/tmp/clearvla_eval_opaque_66846.png'
01:27:35.576  render           | Saved: '/tmp/clearvla_eval_opaque_66846.png'
01:27:35.916  render           | Saved: '/tmp/clearvla_eval_opaque_66846.png'
01:27:36.413  render           | Saved: '/tmp/clearvla_eval_opaque_66846.png'
01:27:36.745  render           | Saved: '/tmp/clearvla_eval_opaque_66846.png'
01:27:37.123  render           | Saved: '/tmp/clearvla_eval_opaque_66846.png'
01:27:37.464  render           | Saved: '/tmp/clearvla_eval_opaque_66846.png'
01:27:37.841  render           | Saved: '/tmp/clearvla_eval_opaque_66846.png'
01:27:38.196  render           | Saved: '/tmp/clearvla_eval_opaque_66846.png'
01:27:38.591  render           | Saved: '/tmp/clearvla_eval_opaque_66846.png'
01:27:38.905  render           | Saved: '/tmp/clearvla_eval_opaque_66846.png'
01:27:39.298  render           | Saved: '/tmp/clearvla_eval_opaque_66846.png'
01:27:39.615  render           | Saved: '/tmp/clearvla_eval_opaque_66846.png'
01:27:40.002  render           | Saved: '/tmp/clearvla_eval_opaque_66846.png'
01:27:40.329  render           | Saved: '/tmp/clearvla_eval_opaque_66846.png'
01:27:40.715  render           | Saved: '/tmp/clearvla_eval_opaque_66846.png'
01:27:41.030  render           | Saved: '/tmp/clearvla_eval_opaque_66846.png'
01:27:41.416  render           | Saved: '/tmp/clearvla_eval_opaque_66846.png'
01:27:41.734  render           | Saved: '/tmp/clearvla_eval_opaque_66846.png'
01:27:44.672  render           | Saved: '/tmp/clearvla_eval_opaque_66846.png'
01:27:45.025  render           | Saved: '/tmp/clearvla_eval_opaque_66846.png'
01:27:45.493  render           | Saved: '/tmp/clearvla_eval_opaque_66846.png'
01:27:45.812  render           | Saved: '/tmp/clearvla_eval_opaque_66846.png'
01:27:46.212  render           | Saved: '/tmp/clearvla_eval_opaque_66846.png'
01:27:46.552  render           | Saved: '/tmp/clearvla_eval_opaque_66846.png'
01:27:46.949  render           | Saved: '/tmp/clearvla_eval_opaque_66846.png'
01:27:47.270  render           | Saved: '/tmp/clearvla_eval_opaque_66846.png'
01:27:47.664  render           | Saved: '/tmp/clearvla_eval_opaque_66846.png'
01:27:47.976  render           | Saved: '/tmp/clearvla_eval_opaque_66846.png'
01:27:48.369  render           | Saved: '/tmp/clearvla_eval_opaque_66846.png'
01:27:48.692  render           | Saved: '/tmp/clearvla_eval_opaque_66846.png'
01:27:49.082  render           | Saved: '/tmp/clearvla_eval_opaque_66846.png'
01:27:49.414  render           | Saved: '/tmp/clearvla_eval_opaque_66846.png'
01:27:49.801  render           | Saved: '/tmp/clearvla_eval_opaque_66846.png'
01:27:50.121  render           | Saved: '/tmp/clearvla_eval_opaque_66846.png'
01:27:50.501  render           | Saved: '/tmp/clearvla_eval_opaque_66846.png'
01:27:50.827  render           | Saved: '/tmp/clearvla_eval_opaque_66846.png'
01:27:53.707  render           | Saved: '/tmp/clearvla_eval_opaque_66846.png'
01:27:54.145  render           | Saved: '/tmp/clearvla_eval_opaque_66846.png'
01:27:54.698  render           | Saved: '/tmp/clearvla_eval_opaque_66846.png'
01:27:55.059  render           | Saved: '/tmp/clearvla_eval_opaque_66846.png'
01:27:55.454  render           | Saved: '/tmp/clearvla_eval_opaque_66846.png'
01:27:55.803  render           | Saved: '/tmp/clearvla_eval_opaque_66846.png'
01:27:56.209  render           | Saved: '/tmp/clearvla_eval_opaque_66846.png'
01:27:56.532  render           | Saved: '/tmp/clearvla_eval_opaque_66846.png'
01:27:56.922  render           | Saved: '/tmp/clearvla_eval_opaque_66846.png'
01:27:57.242  render           | Saved: '/tmp/clearvla_eval_opaque_66846.png'
01:27:57.633  render           | Saved: '/tmp/clearvla_eval_opaque_66846.png'
01:27:57.957  render           | Saved: '/tmp/clearvla_eval_opaque_66846.png'
01:27:58.352  render           | Saved: '/tmp/clearvla_eval_opaque_66846.png'
01:27:58.680  render           | Saved: '/tmp/clearvla_eval_opaque_66846.png'
01:27:59.057  render           | Saved: '/tmp/clearvla_eval_opaque_66846.png'
01:27:59.380  render           | Saved: '/tmp/clearvla_eval_opaque_66846.png'
01:27:59.752  render           | Saved: '/tmp/clearvla_eval_opaque_66846.png'
01:28:00.070  render           | Saved: '/tmp/clearvla_eval_opaque_66846.png'
01:28:03.068  render           | Saved: '/tmp/clearvla_eval_opaque_66846.png'
01:28:03.400  render           | Saved: '/tmp/clearvla_eval_opaque_66846.png'
01:28:03.895  render           | Saved: '/tmp/clearvla_eval_opaque_66846.png'
01:28:04.252  render           | Saved: '/tmp/clearvla_eval_opaque_66846.png'
01:28:04.640  render           | Saved: '/tmp/clearvla_eval_opaque_66846.png'
01:28:04.974  render           | Saved: '/tmp/clearvla_eval_opaque_66846.png'
01:28:05.363  render           | Saved: '/tmp/clearvla_eval_opaque_66846.png'
01:28:05.696  render           | Saved: '/tmp/clearvla_eval_opaque_66846.png'
01:28:06.075  render           | Saved: '/tmp/clearvla_eval_opaque_66846.png'
01:28:06.393  render           | Saved: '/tmp/clearvla_eval_opaque_66846.png'
01:28:06.774  render           | Saved: '/tmp/clearvla_eval_opaque_66846.png'
01:28:07.094  render           | Saved: '/tmp/clearvla_eval_opaque_66846.png'
01:28:07.483  render           | Saved: '/tmp/clearvla_eval_opaque_66846.png'
01:28:07.811  render           | Saved: '/tmp/clearvla_eval_opaque_66846.png'
01:28:08.198  render           | Saved: '/tmp/clearvla_eval_opaque_66846.png'
01:28:08.520  render           | Saved: '/tmp/clearvla_eval_opaque_66846.png'
01:28:08.901  render           | Saved: '/tmp/clearvla_eval_opaque_66846.png'
01:28:09.235  render           | Saved: '/tmp/clearvla_eval_opaque_66846.png'
01:28:12.316  render           | Saved: '/tmp/clearvla_eval_opaque_66846.png'
01:28:12.657  render           | Saved: '/tmp/clearvla_eval_opaque_66846.png'
01:28:13.160  render           | Saved: '/tmp/clearvla_eval_opaque_66846.png'
01:28:13.497  render           | Saved: '/tmp/clearvla_eval_opaque_66846.png'
01:28:13.892  render           | Saved: '/tmp/clearvla_eval_opaque_66846.png'
01:28:14.212  render           | Saved: '/tmp/clearvla_eval_opaque_66846.png'
01:28:14.622  render           | Saved: '/tmp/clearvla_eval_opaque_66846.png'
01:28:14.948  render           | Saved: '/tmp/clearvla_eval_opaque_66846.png'
01:28:15.344  render           | Saved: '/tmp/clearvla_eval_opaque_66846.png'
01:28:15.675  render           | Saved: '/tmp/clearvla_eval_opaque_66846.png'
01:28:16.076  render           | Saved: '/tmp/clearvla_eval_opaque_66846.png'
01:28:16.408  render           | Saved: '/tmp/clearvla_eval_opaque_66846.png'
01:28:16.796  render           | Saved: '/tmp/clearvla_eval_opaque_66846.png'
01:28:17.123  render           | Saved: '/tmp/clearvla_eval_opaque_66846.png'
01:28:17.515  render           | Saved: '/tmp/clearvla_eval_opaque_66846.png'
01:28:17.841  render           | Saved: '/tmp/clearvla_eval_opaque_66846.png'
01:28:18.230  render           | Saved: '/tmp/clearvla_eval_opaque_66846.png'
01:28:18.558  render           | Saved: '/tmp/clearvla_eval_opaque_66846.png'
01:28:21.578  render           | Saved: '/tmp/clearvla_eval_opaque_66846.png'
01:28:21.951  render           | Saved: '/tmp/clearvla_eval_opaque_66846.png'
01:28:22.466  render           | Saved: '/tmp/clearvla_eval_opaque_66846.png'
01:28:22.792  render           | Saved: '/tmp/clearvla_eval_opaque_66846.png'
01:28:23.187  render           | Saved: '/tmp/clearvla_eval_opaque_66846.png'
01:28:23.510  render           | Saved: '/tmp/clearvla_eval_opaque_66846.png'
01:28:23.922  render           | Saved: '/tmp/clearvla_eval_opaque_66846.png'
01:28:24.258  render           | Saved: '/tmp/clearvla_eval_opaque_66846.png'
01:28:24.655  render           | Saved: '/tmp/clearvla_eval_opaque_66846.png'
01:28:24.980  render           | Saved: '/tmp/clearvla_eval_opaque_66846.png'
01:28:25.377  render           | Saved: '/tmp/clearvla_eval_opaque_66846.png'
01:28:25.706  render           | Saved: '/tmp/clearvla_eval_opaque_66846.png'
01:28:26.099  render           | Saved: '/tmp/clearvla_eval_opaque_66846.png'
01:28:26.430  render           | Saved: '/tmp/clearvla_eval_opaque_66846.png'
01:28:26.814  render           | Saved: '/tmp/clearvla_eval_opaque_66846.png'
01:28:27.139  render           | Saved: '/tmp/clearvla_eval_opaque_66846.png'
01:28:27.516  render           | Saved: '/tmp/clearvla_eval_opaque_66846.png'
01:28:27.838  render           | Saved: '/tmp/clearvla_eval_opaque_66846.png'
[full/opaque] insert: 79/80  (88.3 min, 6.8 s/ep)
01:28:30.722  render           | Saved: '/tmp/clearvla_eval_opaque_66846.png'
01:28:31.198  render           | Saved: '/tmp/clearvla_eval_opaque_66846.png'
01:28:31.745  render           | Saved: '/tmp/clearvla_eval_opaque_66846.png'
01:28:32.093  render           | Saved: '/tmp/clearvla_eval_opaque_66846.png'
01:28:32.522  render           | Saved: '/tmp/clearvla_eval_opaque_66846.png'
01:28:32.862  render           | Saved: '/tmp/clearvla_eval_opaque_66846.png'
01:28:33.263  render           | Saved: '/tmp/clearvla_eval_opaque_66846.png'
01:28:33.598  render           | Saved: '/tmp/clearvla_eval_opaque_66846.png'
01:28:33.991  render           | Saved: '/tmp/clearvla_eval_opaque_66846.png'
01:28:34.318  render           | Saved: '/tmp/clearvla_eval_opaque_66846.png'
01:28:34.723  render           | Saved: '/tmp/clearvla_eval_opaque_66846.png'
01:28:35.052  render           | Saved: '/tmp/clearvla_eval_opaque_66846.png'
01:28:35.439  render           | Saved: '/tmp/clearvla_eval_opaque_66846.png'
01:28:35.767  render           | Saved: '/tmp/clearvla_eval_opaque_66846.png'
01:28:36.153  render           | Saved: '/tmp/clearvla_eval_opaque_66846.png'
01:28:36.477  render           | Saved: '/tmp/clearvla_eval_opaque_66846.png'
01:28:36.865  render           | Saved: '/tmp/clearvla_eval_opaque_66846.png'
01:28:37.190  render           | Saved: '/tmp/clearvla_eval_opaque_66846.png'
01:28:40.117  render           | Saved: '/tmp/clearvla_eval_opaque_66846.png'
01:28:40.494  render           | Saved: '/tmp/clearvla_eval_opaque_66846.png'
01:28:41.028  render           | Saved: '/tmp/clearvla_eval_opaque_66846.png'
01:28:41.389  render           | Saved: '/tmp/clearvla_eval_opaque_66846.png'
01:28:41.792  render           | Saved: '/tmp/clearvla_eval_opaque_66846.png'
01:28:42.123  render           | Saved: '/tmp/clearvla_eval_opaque_66846.png'
01:28:42.502  render           | Saved: '/tmp/clearvla_eval_opaque_66846.png'
01:28:42.843  render           | Saved: '/tmp/clearvla_eval_opaque_66846.png'
01:28:43.249  render           | Saved: '/tmp/clearvla_eval_opaque_66846.png'
01:28:43.594  render           | Saved: '/tmp/clearvla_eval_opaque_66846.png'
01:28:43.995  render           | Saved: '/tmp/clearvla_eval_opaque_66846.png'
01:28:44.326  render           | Saved: '/tmp/clearvla_eval_opaque_66846.png'
01:28:44.724  render           | Saved: '/tmp/clearvla_eval_opaque_66846.png'
01:28:45.048  render           | Saved: '/tmp/clearvla_eval_opaque_66846.png'
01:28:45.429  render           | Saved: '/tmp/clearvla_eval_opaque_66846.png'
01:28:45.752  render           | Saved: '/tmp/clearvla_eval_opaque_66846.png'
01:28:46.137  render           | Saved: '/tmp/clearvla_eval_opaque_66846.png'
01:28:46.457  render           | Saved: '/tmp/clearvla_eval_opaque_66846.png'
01:28:49.408  render           | Saved: '/tmp/clearvla_eval_opaque_66846.png'
01:28:49.733  render           | Saved: '/tmp/clearvla_eval_opaque_66846.png'
01:28:50.218  render           | Saved: '/tmp/clearvla_eval_opaque_66846.png'
01:28:50.564  render           | Saved: '/tmp/clearvla_eval_opaque_66846.png'
01:28:50.961  render           | Saved: '/tmp/clearvla_eval_opaque_66846.png'
01:28:51.301  render           | Saved: '/tmp/clearvla_eval_opaque_66846.png'
01:28:51.705  render           | Saved: '/tmp/clearvla_eval_opaque_66846.png'
01:28:52.044  render           | Saved: '/tmp/clearvla_eval_opaque_66846.png'
01:28:52.436  render           | Saved: '/tmp/clearvla_eval_opaque_66846.png'
01:28:52.774  render           | Saved: '/tmp/clearvla_eval_opaque_66846.png'
01:28:53.167  render           | Saved: '/tmp/clearvla_eval_opaque_66846.png'
01:28:53.494  render           | Saved: '/tmp/clearvla_eval_opaque_66846.png'
01:28:53.881  render           | Saved: '/tmp/clearvla_eval_opaque_66846.png'
01:28:54.211  render           | Saved: '/tmp/clearvla_eval_opaque_66846.png'
01:28:54.598  render           | Saved: '/tmp/clearvla_eval_opaque_66846.png'
01:28:54.918  render           | Saved: '/tmp/clearvla_eval_opaque_66846.png'
01:28:55.299  render           | Saved: '/tmp/clearvla_eval_opaque_66846.png'
01:28:55.617  render           | Saved: '/tmp/clearvla_eval_opaque_66846.png'
01:28:58.538  render           | Saved: '/tmp/clearvla_eval_opaque_66846.png'
01:28:58.860  render           | Saved: '/tmp/clearvla_eval_opaque_66846.png'
01:28:59.328  render           | Saved: '/tmp/clearvla_eval_opaque_66846.png'
01:28:59.660  render           | Saved: '/tmp/clearvla_eval_opaque_66846.png'
01:29:00.054  render           | Saved: '/tmp/clearvla_eval_opaque_66846.png'
01:29:00.380  render           | Saved: '/tmp/clearvla_eval_opaque_66846.png'
01:29:00.768  render           | Saved: '/tmp/clearvla_eval_opaque_66846.png'
01:29:01.104  render           | Saved: '/tmp/clearvla_eval_opaque_66846.png'
01:29:01.493  render           | Saved: '/tmp/clearvla_eval_opaque_66846.png'
01:29:01.827  render           | Saved: '/tmp/clearvla_eval_opaque_66846.png'
01:29:02.224  render           | Saved: '/tmp/clearvla_eval_opaque_66846.png'
01:29:02.555  render           | Saved: '/tmp/clearvla_eval_opaque_66846.png'
01:29:02.952  render           | Saved: '/tmp/clearvla_eval_opaque_66846.png'
01:29:03.293  render           | Saved: '/tmp/clearvla_eval_opaque_66846.png'
01:29:03.679  render           | Saved: '/tmp/clearvla_eval_opaque_66846.png'
01:29:04.005  render           | Saved: '/tmp/clearvla_eval_opaque_66846.png'
01:29:04.400  render           | Saved: '/tmp/clearvla_eval_opaque_66846.png'
01:29:04.722  render           | Saved: '/tmp/clearvla_eval_opaque_66846.png'
01:29:07.778  render           | Saved: '/tmp/clearvla_eval_opaque_66846.png'
01:29:08.122  render           | Saved: '/tmp/clearvla_eval_opaque_66846.png'
01:29:08.626  render           | Saved: '/tmp/clearvla_eval_opaque_66846.png'
01:29:08.973  render           | Saved: '/tmp/clearvla_eval_opaque_66846.png'
01:29:09.359  render           | Saved: '/tmp/clearvla_eval_opaque_66846.png'
01:29:09.677  render           | Saved: '/tmp/clearvla_eval_opaque_66846.png'
01:29:10.058  render           | Saved: '/tmp/clearvla_eval_opaque_66846.png'
01:29:10.381  render           | Saved: '/tmp/clearvla_eval_opaque_66846.png'
01:29:10.757  render           | Saved: '/tmp/clearvla_eval_opaque_66846.png'
01:29:11.070  render           | Saved: '/tmp/clearvla_eval_opaque_66846.png'
01:29:11.466  render           | Saved: '/tmp/clearvla_eval_opaque_66846.png'
01:29:11.781  render           | Saved: '/tmp/clearvla_eval_opaque_66846.png'
01:29:12.167  render           | Saved: '/tmp/clearvla_eval_opaque_66846.png'
01:29:12.493  render           | Saved: '/tmp/clearvla_eval_opaque_66846.png'
01:29:12.888  render           | Saved: '/tmp/clearvla_eval_opaque_66846.png'
01:29:13.211  render           | Saved: '/tmp/clearvla_eval_opaque_66846.png'
01:29:13.596  render           | Saved: '/tmp/clearvla_eval_opaque_66846.png'
01:29:13.914  render           | Saved: '/tmp/clearvla_eval_opaque_66846.png'
01:29:14.295  render           | Saved: '/tmp/clearvla_eval_opaque_66846.png'
01:29:14.624  render           | Saved: '/tmp/clearvla_eval_opaque_66846.png'
01:29:15.030  render           | Saved: '/tmp/clearvla_eval_opaque_66846.png'
01:29:15.374  render           | Saved: '/tmp/clearvla_eval_opaque_66846.png'
01:29:15.768  render           | Saved: '/tmp/clearvla_eval_opaque_66846.png'
01:29:16.093  render           | Saved: '/tmp/clearvla_eval_opaque_66846.png'
01:29:16.472  render           | Saved: '/tmp/clearvla_eval_opaque_66846.png'
01:29:16.837  render           | Saved: '/tmp/clearvla_eval_opaque_66846.png'
01:29:17.217  render           | Saved: '/tmp/clearvla_eval_opaque_66846.png'
01:29:17.556  render           | Saved: '/tmp/clearvla_eval_opaque_66846.png'
01:29:17.937  render           | Saved: '/tmp/clearvla_eval_opaque_66846.png'
01:29:18.285  render           | Saved: '/tmp/clearvla_eval_opaque_66846.png'
01:29:18.662  render           | Saved: '/tmp/clearvla_eval_opaque_66846.png'
01:29:19.034  render           | Saved: '/tmp/clearvla_eval_opaque_66846.png'
01:29:19.415  render           | Saved: '/tmp/clearvla_eval_opaque_66846.png'
01:29:19.783  render           | Saved: '/tmp/clearvla_eval_opaque_66846.png'
01:29:20.167  render           | Saved: '/tmp/clearvla_eval_opaque_66846.png'
01:29:20.482  render           | Saved: '/tmp/clearvla_eval_opaque_66846.png'
01:29:20.858  render           | Saved: '/tmp/clearvla_eval_opaque_66846.png'
01:29:21.178  render           | Saved: '/tmp/clearvla_eval_opaque_66846.png'
01:29:21.560  render           | Saved: '/tmp/clearvla_eval_opaque_66846.png'
01:29:21.888  render           | Saved: '/tmp/clearvla_eval_opaque_66846.png'
01:29:22.269  render           | Saved: '/tmp/clearvla_eval_opaque_66846.png'
01:29:22.591  render           | Saved: '/tmp/clearvla_eval_opaque_66846.png'
01:29:22.973  render           | Saved: '/tmp/clearvla_eval_opaque_66846.png'
01:29:23.306  render           | Saved: '/tmp/clearvla_eval_opaque_66846.png'
01:29:23.692  render           | Saved: '/tmp/clearvla_eval_opaque_66846.png'
01:29:24.008  render           | Saved: '/tmp/clearvla_eval_opaque_66846.png'
01:29:24.413  render           | Saved: '/tmp/clearvla_eval_opaque_66846.png'
01:29:24.764  render           | Saved: '/tmp/clearvla_eval_opaque_66846.png'
01:29:25.163  render           | Saved: '/tmp/clearvla_eval_opaque_66846.png'
01:29:25.528  render           | Saved: '/tmp/clearvla_eval_opaque_66846.png'
01:29:25.912  render           | Saved: '/tmp/clearvla_eval_opaque_66846.png'
01:29:26.241  render           | Saved: '/tmp/clearvla_eval_opaque_66846.png'
01:29:26.620  render           | Saved: '/tmp/clearvla_eval_opaque_66846.png'
01:29:26.954  render           | Saved: '/tmp/clearvla_eval_opaque_66846.png'
01:29:27.339  render           | Saved: '/tmp/clearvla_eval_opaque_66846.png'
01:29:27.670  render           | Saved: '/tmp/clearvla_eval_opaque_66846.png'
01:29:28.036  render           | Saved: '/tmp/clearvla_eval_opaque_66846.png'
01:29:28.414  render           | Saved: '/tmp/clearvla_eval_opaque_66846.png'
01:29:28.817  render           | Saved: '/tmp/clearvla_eval_opaque_66846.png'
01:29:29.145  render           | Saved: '/tmp/clearvla_eval_opaque_66846.png'
01:29:29.544  render           | Saved: '/tmp/clearvla_eval_opaque_66846.png'
01:29:29.865  render           | Saved: '/tmp/clearvla_eval_opaque_66846.png'
01:29:30.256  render           | Saved: '/tmp/clearvla_eval_opaque_66846.png'
01:29:30.583  render           | Saved: '/tmp/clearvla_eval_opaque_66846.png'
01:29:30.963  render           | Saved: '/tmp/clearvla_eval_opaque_66846.png'
01:29:31.287  render           | Saved: '/tmp/clearvla_eval_opaque_66846.png'
01:29:31.673  render           | Saved: '/tmp/clearvla_eval_opaque_66846.png'
01:29:31.997  render           | Saved: '/tmp/clearvla_eval_opaque_66846.png'
01:29:32.375  render           | Saved: '/tmp/clearvla_eval_opaque_66846.png'
01:29:32.702  render           | Saved: '/tmp/clearvla_eval_opaque_66846.png'
01:29:33.088  render           | Saved: '/tmp/clearvla_eval_opaque_66846.png'
01:29:33.417  render           | Saved: '/tmp/clearvla_eval_opaque_66846.png'
01:29:33.801  render           | Saved: '/tmp/clearvla_eval_opaque_66846.png'
01:29:34.148  render           | Saved: '/tmp/clearvla_eval_opaque_66846.png'
01:29:34.521  render           | Saved: '/tmp/clearvla_eval_opaque_66846.png'
01:29:34.892  render           | Saved: '/tmp/clearvla_eval_opaque_66846.png'
01:29:37.985  render           | Saved: '/tmp/clearvla_eval_opaque_66846.png'
01:29:38.371  render           | Saved: '/tmp/clearvla_eval_opaque_66846.png'
01:29:38.905  render           | Saved: '/tmp/clearvla_eval_opaque_66846.png'
01:29:39.223  render           | Saved: '/tmp/clearvla_eval_opaque_66846.png'
01:29:39.620  render           | Saved: '/tmp/clearvla_eval_opaque_66846.png'
01:29:39.938  render           | Saved: '/tmp/clearvla_eval_opaque_66846.png'
01:29:40.342  render           | Saved: '/tmp/clearvla_eval_opaque_66846.png'
01:29:40.670  render           | Saved: '/tmp/clearvla_eval_opaque_66846.png'
01:29:41.063  render           | Saved: '/tmp/clearvla_eval_opaque_66846.png'
01:29:41.395  render           | Saved: '/tmp/clearvla_eval_opaque_66846.png'
01:29:41.782  render           | Saved: '/tmp/clearvla_eval_opaque_66846.png'
01:29:42.110  render           | Saved: '/tmp/clearvla_eval_opaque_66846.png'
01:29:42.503  render           | Saved: '/tmp/clearvla_eval_opaque_66846.png'
01:29:42.822  render           | Saved: '/tmp/clearvla_eval_opaque_66846.png'
01:29:43.197  render           | Saved: '/tmp/clearvla_eval_opaque_66846.png'
01:29:43.527  render           | Saved: '/tmp/clearvla_eval_opaque_66846.png'
01:29:43.924  render           | Saved: '/tmp/clearvla_eval_opaque_66846.png'
01:29:44.236  render           | Saved: '/tmp/clearvla_eval_opaque_66846.png'
01:29:47.122  render           | Saved: '/tmp/clearvla_eval_opaque_66846.png'
01:29:47.450  render           | Saved: '/tmp/clearvla_eval_opaque_66846.png'
01:29:47.897  render           | Saved: '/tmp/clearvla_eval_opaque_66846.png'
01:29:48.225  render           | Saved: '/tmp/clearvla_eval_opaque_66846.png'
01:29:48.613  render           | Saved: '/tmp/clearvla_eval_opaque_66846.png'
01:29:48.960  render           | Saved: '/tmp/clearvla_eval_opaque_66846.png'
01:29:49.338  render           | Saved: '/tmp/clearvla_eval_opaque_66846.png'
01:29:49.693  render           | Saved: '/tmp/clearvla_eval_opaque_66846.png'
01:29:50.075  render           | Saved: '/tmp/clearvla_eval_opaque_66846.png'
01:29:50.419  render           | Saved: '/tmp/clearvla_eval_opaque_66846.png'
01:29:50.807  render           | Saved: '/tmp/clearvla_eval_opaque_66846.png'
01:29:51.128  render           | Saved: '/tmp/clearvla_eval_opaque_66846.png'
01:29:51.518  render           | Saved: '/tmp/clearvla_eval_opaque_66846.png'
01:29:51.836  render           | Saved: '/tmp/clearvla_eval_opaque_66846.png'
01:29:52.218  render           | Saved: '/tmp/clearvla_eval_opaque_66846.png'
01:29:52.537  render           | Saved: '/tmp/clearvla_eval_opaque_66846.png'
01:29:52.917  render           | Saved: '/tmp/clearvla_eval_opaque_66846.png'
01:29:53.238  render           | Saved: '/tmp/clearvla_eval_opaque_66846.png'
01:29:56.137  render           | Saved: '/tmp/clearvla_eval_opaque_66846.png'
01:29:56.454  render           | Saved: '/tmp/clearvla_eval_opaque_66846.png'
01:29:56.848  render           | Saved: '/tmp/clearvla_eval_opaque_66846.png'
01:29:57.181  render           | Saved: '/tmp/clearvla_eval_opaque_66846.png'
01:29:57.587  render           | Saved: '/tmp/clearvla_eval_opaque_66846.png'
01:29:57.926  render           | Saved: '/tmp/clearvla_eval_opaque_66846.png'
01:29:58.319  render           | Saved: '/tmp/clearvla_eval_opaque_66846.png'
01:29:58.642  render           | Saved: '/tmp/clearvla_eval_opaque_66846.png'
01:29:59.031  render           | Saved: '/tmp/clearvla_eval_opaque_66846.png'
01:29:59.346  render           | Saved: '/tmp/clearvla_eval_opaque_66846.png'
01:29:59.736  render           | Saved: '/tmp/clearvla_eval_opaque_66846.png'
01:30:00.060  render           | Saved: '/tmp/clearvla_eval_opaque_66846.png'
01:30:00.455  render           | Saved: '/tmp/clearvla_eval_opaque_66846.png'
01:30:00.779  render           | Saved: '/tmp/clearvla_eval_opaque_66846.png'
01:30:01.161  render           | Saved: '/tmp/clearvla_eval_opaque_66846.png'
01:30:01.483  render           | Saved: '/tmp/clearvla_eval_opaque_66846.png'
01:30:01.865  render           | Saved: '/tmp/clearvla_eval_opaque_66846.png'
01:30:02.186  render           | Saved: '/tmp/clearvla_eval_opaque_66846.png'
01:30:05.158  render           | Saved: '/tmp/clearvla_eval_opaque_66846.png'
01:30:05.485  render           | Saved: '/tmp/clearvla_eval_opaque_66846.png'
01:30:05.947  render           | Saved: '/tmp/clearvla_eval_opaque_66846.png'
01:30:06.276  render           | Saved: '/tmp/clearvla_eval_opaque_66846.png'
01:30:06.657  render           | Saved: '/tmp/clearvla_eval_opaque_66846.png'
01:30:06.983  render           | Saved: '/tmp/clearvla_eval_opaque_66846.png'
01:30:07.361  render           | Saved: '/tmp/clearvla_eval_opaque_66846.png'
01:30:07.711  render           | Saved: '/tmp/clearvla_eval_opaque_66846.png'
01:30:08.110  render           | Saved: '/tmp/clearvla_eval_opaque_66846.png'
01:30:08.445  render           | Saved: '/tmp/clearvla_eval_opaque_66846.png'
01:30:08.874  render           | Saved: '/tmp/clearvla_eval_opaque_66846.png'
01:30:09.211  render           | Saved: '/tmp/clearvla_eval_opaque_66846.png'
01:30:09.616  render           | Saved: '/tmp/clearvla_eval_opaque_66846.png'
01:30:09.939  render           | Saved: '/tmp/clearvla_eval_opaque_66846.png'
01:30:10.321  render           | Saved: '/tmp/clearvla_eval_opaque_66846.png'
01:30:10.638  render           | Saved: '/tmp/clearvla_eval_opaque_66846.png'
01:30:11.013  render           | Saved: '/tmp/clearvla_eval_opaque_66846.png'
01:30:11.330  render           | Saved: '/tmp/clearvla_eval_opaque_66846.png'
01:30:14.253  render           | Saved: '/tmp/clearvla_eval_opaque_66846.png'
01:30:14.569  render           | Saved: '/tmp/clearvla_eval_opaque_66846.png'
01:30:14.995  render           | Saved: '/tmp/clearvla_eval_opaque_66846.png'
01:30:15.316  render           | Saved: '/tmp/clearvla_eval_opaque_66846.png'
01:30:15.705  render           | Saved: '/tmp/clearvla_eval_opaque_66846.png'
01:30:16.031  render           | Saved: '/tmp/clearvla_eval_opaque_66846.png'
01:30:16.436  render           | Saved: '/tmp/clearvla_eval_opaque_66846.png'
01:30:16.796  render           | Saved: '/tmp/clearvla_eval_opaque_66846.png'
01:30:17.238  render           | Saved: '/tmp/clearvla_eval_opaque_66846.png'
01:30:17.594  render           | Saved: '/tmp/clearvla_eval_opaque_66846.png'
01:30:18.010  render           | Saved: '/tmp/clearvla_eval_opaque_66846.png'
01:30:18.351  render           | Saved: '/tmp/clearvla_eval_opaque_66846.png'
01:30:18.738  render           | Saved: '/tmp/clearvla_eval_opaque_66846.png'
01:30:19.060  render           | Saved: '/tmp/clearvla_eval_opaque_66846.png'
01:30:19.448  render           | Saved: '/tmp/clearvla_eval_opaque_66846.png'
01:30:19.770  render           | Saved: '/tmp/clearvla_eval_opaque_66846.png'
01:30:20.152  render           | Saved: '/tmp/clearvla_eval_opaque_66846.png'
01:30:20.485  render           | Saved: '/tmp/clearvla_eval_opaque_66846.png'
[full/opaque] insert: 88/90  (90.2 min, 6.7 s/ep)
01:30:23.417  render           | Saved: '/tmp/clearvla_eval_opaque_66846.png'
01:30:23.782  render           | Saved: '/tmp/clearvla_eval_opaque_66846.png'
01:30:24.209  render           | Saved: '/tmp/clearvla_eval_opaque_66846.png'
01:30:24.597  render           | Saved: '/tmp/clearvla_eval_opaque_66846.png'
01:30:24.984  render           | Saved: '/tmp/clearvla_eval_opaque_66846.png'
01:30:25.313  render           | Saved: '/tmp/clearvla_eval_opaque_66846.png'
01:30:25.694  render           | Saved: '/tmp/clearvla_eval_opaque_66846.png'
01:30:26.004  render           | Saved: '/tmp/clearvla_eval_opaque_66846.png'
01:30:26.386  render           | Saved: '/tmp/clearvla_eval_opaque_66846.png'
01:30:26.704  render           | Saved: '/tmp/clearvla_eval_opaque_66846.png'
01:30:27.081  render           | Saved: '/tmp/clearvla_eval_opaque_66846.png'
01:30:27.435  render           | Saved: '/tmp/clearvla_eval_opaque_66846.png'
01:30:27.812  render           | Saved: '/tmp/clearvla_eval_opaque_66846.png'
01:30:28.160  render           | Saved: '/tmp/clearvla_eval_opaque_66846.png'
01:30:28.547  render           | Saved: '/tmp/clearvla_eval_opaque_66846.png'
01:30:28.867  render           | Saved: '/tmp/clearvla_eval_opaque_66846.png'
01:30:29.245  render           | Saved: '/tmp/clearvla_eval_opaque_66846.png'
01:30:29.566  render           | Saved: '/tmp/clearvla_eval_opaque_66846.png'
01:30:32.482  render           | Saved: '/tmp/clearvla_eval_opaque_66846.png'
01:30:32.794  render           | Saved: '/tmp/clearvla_eval_opaque_66846.png'
01:30:33.240  render           | Saved: '/tmp/clearvla_eval_opaque_66846.png'
01:30:33.560  render           | Saved: '/tmp/clearvla_eval_opaque_66846.png'
01:30:33.945  render           | Saved: '/tmp/clearvla_eval_opaque_66846.png'
01:30:34.285  render           | Saved: '/tmp/clearvla_eval_opaque_66846.png'
01:30:34.706  render           | Saved: '/tmp/clearvla_eval_opaque_66846.png'
01:30:35.056  render           | Saved: '/tmp/clearvla_eval_opaque_66846.png'
01:30:35.500  render           | Saved: '/tmp/clearvla_eval_opaque_66846.png'
01:30:35.863  render           | Saved: '/tmp/clearvla_eval_opaque_66846.png'
01:30:36.299  render           | Saved: '/tmp/clearvla_eval_opaque_66846.png'
01:30:36.634  render           | Saved: '/tmp/clearvla_eval_opaque_66846.png'
01:30:37.066  render           | Saved: '/tmp/clearvla_eval_opaque_66846.png'
01:30:37.413  render           | Saved: '/tmp/clearvla_eval_opaque_66846.png'
01:30:37.813  render           | Saved: '/tmp/clearvla_eval_opaque_66846.png'
01:30:38.144  render           | Saved: '/tmp/clearvla_eval_opaque_66846.png'
01:30:38.530  render           | Saved: '/tmp/clearvla_eval_opaque_66846.png'
01:30:38.845  render           | Saved: '/tmp/clearvla_eval_opaque_66846.png'
01:30:41.546  render           | Saved: '/tmp/clearvla_eval_opaque_66846.png'
01:30:41.848  render           | Saved: '/tmp/clearvla_eval_opaque_66846.png'
01:30:42.231  render           | Saved: '/tmp/clearvla_eval_opaque_66846.png'
01:30:42.540  render           | Saved: '/tmp/clearvla_eval_opaque_66846.png'
01:30:42.912  render           | Saved: '/tmp/clearvla_eval_opaque_66846.png'
01:30:43.216  render           | Saved: '/tmp/clearvla_eval_opaque_66846.png'
01:30:43.588  render           | Saved: '/tmp/clearvla_eval_opaque_66846.png'
01:30:43.910  render           | Saved: '/tmp/clearvla_eval_opaque_66846.png'
01:30:44.285  render           | Saved: '/tmp/clearvla_eval_opaque_66846.png'
01:30:44.597  render           | Saved: '/tmp/clearvla_eval_opaque_66846.png'
01:30:44.975  render           | Saved: '/tmp/clearvla_eval_opaque_66846.png'
01:30:45.283  render           | Saved: '/tmp/clearvla_eval_opaque_66846.png'
01:30:45.675  render           | Saved: '/tmp/clearvla_eval_opaque_66846.png'
01:30:45.996  render           | Saved: '/tmp/clearvla_eval_opaque_66846.png'
01:30:46.381  render           | Saved: '/tmp/clearvla_eval_opaque_66846.png'
01:30:46.712  render           | Saved: '/tmp/clearvla_eval_opaque_66846.png'
01:30:49.405  render           | Saved: '/tmp/clearvla_eval_opaque_66846.png'
01:30:49.717  render           | Saved: '/tmp/clearvla_eval_opaque_66846.png'
01:30:50.095  render           | Saved: '/tmp/clearvla_eval_opaque_66846.png'
01:30:50.412  render           | Saved: '/tmp/clearvla_eval_opaque_66846.png'
01:30:50.782  render           | Saved: '/tmp/clearvla_eval_opaque_66846.png'
01:30:51.085  render           | Saved: '/tmp/clearvla_eval_opaque_66846.png'
01:30:51.453  render           | Saved: '/tmp/clearvla_eval_opaque_66846.png'
01:30:51.761  render           | Saved: '/tmp/clearvla_eval_opaque_66846.png'
01:30:52.136  render           | Saved: '/tmp/clearvla_eval_opaque_66846.png'
01:30:52.443  render           | Saved: '/tmp/clearvla_eval_opaque_66846.png'
01:30:52.816  render           | Saved: '/tmp/clearvla_eval_opaque_66846.png'
01:30:53.135  render           | Saved: '/tmp/clearvla_eval_opaque_66846.png'
01:30:53.507  render           | Saved: '/tmp/clearvla_eval_opaque_66846.png'
01:30:53.816  render           | Saved: '/tmp/clearvla_eval_opaque_66846.png'
01:30:54.193  render           | Saved: '/tmp/clearvla_eval_opaque_66846.png'
01:30:54.511  render           | Saved: '/tmp/clearvla_eval_opaque_66846.png'
01:30:54.877  render           | Saved: '/tmp/clearvla_eval_opaque_66846.png'
01:30:55.182  render           | Saved: '/tmp/clearvla_eval_opaque_66846.png'
01:30:57.624  render           | Saved: '/tmp/clearvla_eval_opaque_66846.png'
01:30:57.925  render           | Saved: '/tmp/clearvla_eval_opaque_66846.png'
01:30:58.302  render           | Saved: '/tmp/clearvla_eval_opaque_66846.png'
01:30:58.608  render           | Saved: '/tmp/clearvla_eval_opaque_66846.png'
01:30:58.972  render           | Saved: '/tmp/clearvla_eval_opaque_66846.png'
01:30:59.277  render           | Saved: '/tmp/clearvla_eval_opaque_66846.png'
01:30:59.648  render           | Saved: '/tmp/clearvla_eval_opaque_66846.png'
01:30:59.960  render           | Saved: '/tmp/clearvla_eval_opaque_66846.png'
01:31:00.322  render           | Saved: '/tmp/clearvla_eval_opaque_66846.png'
01:31:00.626  render           | Saved: '/tmp/clearvla_eval_opaque_66846.png'
01:31:01.002  render           | Saved: '/tmp/clearvla_eval_opaque_66846.png'
01:31:01.307  render           | Saved: '/tmp/clearvla_eval_opaque_66846.png'
01:31:01.678  render           | Saved: '/tmp/clearvla_eval_opaque_66846.png'
01:31:01.985  render           | Saved: '/tmp/clearvla_eval_opaque_66846.png'
01:31:02.352  render           | Saved: '/tmp/clearvla_eval_opaque_66846.png'
01:31:02.664  render           | Saved: '/tmp/clearvla_eval_opaque_66846.png'
01:31:03.032  render           | Saved: '/tmp/clearvla_eval_opaque_66846.png'
01:31:03.333  render           | Saved: '/tmp/clearvla_eval_opaque_66846.png'
01:31:05.760  render           | Saved: '/tmp/clearvla_eval_opaque_66846.png'
01:31:06.067  render           | Saved: '/tmp/clearvla_eval_opaque_66846.png'
01:31:06.447  render           | Saved: '/tmp/clearvla_eval_opaque_66846.png'
01:31:06.752  render           | Saved: '/tmp/clearvla_eval_opaque_66846.png'
01:31:07.115  render           | Saved: '/tmp/clearvla_eval_opaque_66846.png'
01:31:07.419  render           | Saved: '/tmp/clearvla_eval_opaque_66846.png'
01:31:07.787  render           | Saved: '/tmp/clearvla_eval_opaque_66846.png'
01:31:08.090  render           | Saved: '/tmp/clearvla_eval_opaque_66846.png'
01:31:08.456  render           | Saved: '/tmp/clearvla_eval_opaque_66846.png'
01:31:08.760  render           | Saved: '/tmp/clearvla_eval_opaque_66846.png'
01:31:09.138  render           | Saved: '/tmp/clearvla_eval_opaque_66846.png'
01:31:09.443  render           | Saved: '/tmp/clearvla_eval_opaque_66846.png'
01:31:09.809  render           | Saved: '/tmp/clearvla_eval_opaque_66846.png'
01:31:10.112  render           | Saved: '/tmp/clearvla_eval_opaque_66846.png'
01:31:10.473  render           | Saved: '/tmp/clearvla_eval_opaque_66846.png'
01:31:10.774  render           | Saved: '/tmp/clearvla_eval_opaque_66846.png'
01:31:11.135  render           | Saved: '/tmp/clearvla_eval_opaque_66846.png'
01:31:11.437  render           | Saved: '/tmp/clearvla_eval_opaque_66846.png'
01:31:13.803  render           | Saved: '/tmp/clearvla_eval_opaque_66846.png'
01:31:14.111  render           | Saved: '/tmp/clearvla_eval_opaque_66846.png'
01:31:14.496  render           | Saved: '/tmp/clearvla_eval_opaque_66846.png'
01:31:14.803  render           | Saved: '/tmp/clearvla_eval_opaque_66846.png'
01:31:15.174  render           | Saved: '/tmp/clearvla_eval_opaque_66846.png'
01:31:15.481  render           | Saved: '/tmp/clearvla_eval_opaque_66846.png'
01:31:15.849  render           | Saved: '/tmp/clearvla_eval_opaque_66846.png'
01:31:16.163  render           | Saved: '/tmp/clearvla_eval_opaque_66846.png'
01:31:16.537  render           | Saved: '/tmp/clearvla_eval_opaque_66846.png'
01:31:16.845  render           | Saved: '/tmp/clearvla_eval_opaque_66846.png'
01:31:17.218  render           | Saved: '/tmp/clearvla_eval_opaque_66846.png'
01:31:17.526  render           | Saved: '/tmp/clearvla_eval_opaque_66846.png'
01:31:17.902  render           | Saved: '/tmp/clearvla_eval_opaque_66846.png'
01:31:18.213  render           | Saved: '/tmp/clearvla_eval_opaque_66846.png'
01:31:18.585  render           | Saved: '/tmp/clearvla_eval_opaque_66846.png'
01:31:18.894  render           | Saved: '/tmp/clearvla_eval_opaque_66846.png'
01:31:19.260  render           | Saved: '/tmp/clearvla_eval_opaque_66846.png'
01:31:19.570  render           | Saved: '/tmp/clearvla_eval_opaque_66846.png'
01:31:21.917  render           | Saved: '/tmp/clearvla_eval_opaque_66846.png'
01:31:22.223  render           | Saved: '/tmp/clearvla_eval_opaque_66846.png'
01:31:22.603  render           | Saved: '/tmp/clearvla_eval_opaque_66846.png'
01:31:22.908  render           | Saved: '/tmp/clearvla_eval_opaque_66846.png'
01:31:23.280  render           | Saved: '/tmp/clearvla_eval_opaque_66846.png'
01:31:23.585  render           | Saved: '/tmp/clearvla_eval_opaque_66846.png'
01:31:23.957  render           | Saved: '/tmp/clearvla_eval_opaque_66846.png'
01:31:24.278  render           | Saved: '/tmp/clearvla_eval_opaque_66846.png'
01:31:24.650  render           | Saved: '/tmp/clearvla_eval_opaque_66846.png'
01:31:24.955  render           | Saved: '/tmp/clearvla_eval_opaque_66846.png'
01:31:25.324  render           | Saved: '/tmp/clearvla_eval_opaque_66846.png'
01:31:25.629  render           | Saved: '/tmp/clearvla_eval_opaque_66846.png'
01:31:26.015  render           | Saved: '/tmp/clearvla_eval_opaque_66846.png'
01:31:26.324  render           | Saved: '/tmp/clearvla_eval_opaque_66846.png'
01:31:26.690  render           | Saved: '/tmp/clearvla_eval_opaque_66846.png'
01:31:27.016  render           | Saved: '/tmp/clearvla_eval_opaque_66846.png'
01:31:27.385  render           | Saved: '/tmp/clearvla_eval_opaque_66846.png'
01:31:27.693  render           | Saved: '/tmp/clearvla_eval_opaque_66846.png'
01:31:30.025  render           | Saved: '/tmp/clearvla_eval_opaque_66846.png'
01:31:30.351  render           | Saved: '/tmp/clearvla_eval_opaque_66846.png'
01:31:30.731  render           | Saved: '/tmp/clearvla_eval_opaque_66846.png'
01:31:31.040  render           | Saved: '/tmp/clearvla_eval_opaque_66846.png'
01:31:31.419  render           | Saved: '/tmp/clearvla_eval_opaque_66846.png'
01:31:31.727  render           | Saved: '/tmp/clearvla_eval_opaque_66846.png'
01:31:32.098  render           | Saved: '/tmp/clearvla_eval_opaque_66846.png'
01:31:32.404  render           | Saved: '/tmp/clearvla_eval_opaque_66846.png'
01:31:32.794  render           | Saved: '/tmp/clearvla_eval_opaque_66846.png'
01:31:33.110  render           | Saved: '/tmp/clearvla_eval_opaque_66846.png'
01:31:33.489  render           | Saved: '/tmp/clearvla_eval_opaque_66846.png'
01:31:33.800  render           | Saved: '/tmp/clearvla_eval_opaque_66846.png'
01:31:34.180  render           | Saved: '/tmp/clearvla_eval_opaque_66846.png'
01:31:34.489  render           | Saved: '/tmp/clearvla_eval_opaque_66846.png'
01:31:34.861  render           | Saved: '/tmp/clearvla_eval_opaque_66846.png'
01:31:35.169  render           | Saved: '/tmp/clearvla_eval_opaque_66846.png'
01:31:35.543  render           | Saved: '/tmp/clearvla_eval_opaque_66846.png'
01:31:35.851  render           | Saved: '/tmp/clearvla_eval_opaque_66846.png'
01:31:38.294  render           | Saved: '/tmp/clearvla_eval_opaque_66846.png'
01:31:38.600  render           | Saved: '/tmp/clearvla_eval_opaque_66846.png'
01:31:38.979  render           | Saved: '/tmp/clearvla_eval_opaque_66846.png'
01:31:39.286  render           | Saved: '/tmp/clearvla_eval_opaque_66846.png'
01:31:39.655  render           | Saved: '/tmp/clearvla_eval_opaque_66846.png'
01:31:39.965  render           | Saved: '/tmp/clearvla_eval_opaque_66846.png'
01:31:40.338  render           | Saved: '/tmp/clearvla_eval_opaque_66846.png'
01:31:40.649  render           | Saved: '/tmp/clearvla_eval_opaque_66846.png'
01:31:41.025  render           | Saved: '/tmp/clearvla_eval_opaque_66846.png'
01:31:41.350  render           | Saved: '/tmp/clearvla_eval_opaque_66846.png'
01:31:41.723  render           | Saved: '/tmp/clearvla_eval_opaque_66846.png'
01:31:42.032  render           | Saved: '/tmp/clearvla_eval_opaque_66846.png'
01:31:42.415  render           | Saved: '/tmp/clearvla_eval_opaque_66846.png'
01:31:42.726  render           | Saved: '/tmp/clearvla_eval_opaque_66846.png'
01:31:43.097  render           | Saved: '/tmp/clearvla_eval_opaque_66846.png'
01:31:43.408  render           | Saved: '/tmp/clearvla_eval_opaque_66846.png'
01:31:43.775  render           | Saved: '/tmp/clearvla_eval_opaque_66846.png'
01:31:44.083  render           | Saved: '/tmp/clearvla_eval_opaque_66846.png'
[full/opaque] insert: 98/100  (91.6 min, 6.2 s/ep)
done 300 new episodes in 91.6 min -> /Users/yogyamehrotra/Desktop/ClearVLA/results/week3/v3/full_opaque.jsonl
