[transformers] Model config: bos_token_id must be `None` or an integer within the vocabulary (between 0 and 31999), got 49406. This may result in unexpected behavior.
[transformers] Model config: eos_token_id must be `None` or an integer within the vocabulary (between 0 and 31999), got 49407. This may result in unexpected behavior.
Loading weights:   0%|          | 0/408 [00:00<?, ?it/s]Loading weights: 100%|██████████| 408/408 [00:00<00:00, 9598.86it/s]
00:08.626  render           | Saved: '/tmp/clearvla_eval_glass_41453.png'
00:09.111  render           | Saved: '/tmp/clearvla_eval_glass_41453.png'
/Users/yogyamehrotra/miniconda3/envs/clearvla/lib/python3.11/site-packages/transformers/image_processing_backends.py:135: UserWarning: The given NumPy array is not writable, and PyTorch does not support non-writable tensors. This means writing to this tensor will result in undefined behavior. You may want to copy the array to protect its data or make it writable before converting it to a tensor. This type of warning will be suppressed for the rest of this program. (Triggered internally at /Users/runner/work/pytorch/pytorch/torch/csrc/utils/tensor_numpy.cpp:219.)
  image = torch.from_numpy(image).contiguous()
00:10.178  render           | Saved: '/tmp/clearvla_eval_glass_41453.png'
00:10.544  render           | Saved: '/tmp/clearvla_eval_glass_41453.png'
00:10.997  render           | Saved: '/tmp/clearvla_eval_glass_41453.png'
00:11.363  render           | Saved: '/tmp/clearvla_eval_glass_41453.png'
00:11.844  render           | Saved: '/tmp/clearvla_eval_glass_41453.png'
00:12.210  render           | Saved: '/tmp/clearvla_eval_glass_41453.png'
00:12.680  render           | Saved: '/tmp/clearvla_eval_glass_41453.png'
00:13.062  render           | Saved: '/tmp/clearvla_eval_glass_41453.png'
00:13.514  render           | Saved: '/tmp/clearvla_eval_glass_41453.png'
00:13.893  render           | Saved: '/tmp/clearvla_eval_glass_41453.png'
00:14.359  render           | Saved: '/tmp/clearvla_eval_glass_41453.png'
00:14.748  render           | Saved: '/tmp/clearvla_eval_glass_41453.png'
00:15.236  render           | Saved: '/tmp/clearvla_eval_glass_41453.png'
00:15.615  render           | Saved: '/tmp/clearvla_eval_glass_41453.png'
00:16.063  render           | Saved: '/tmp/clearvla_eval_glass_41453.png'
00:16.435  render           | Saved: '/tmp/clearvla_eval_glass_41453.png'
00:16.910  render           | Saved: '/tmp/clearvla_eval_glass_41453.png'
00:17.277  render           | Saved: '/tmp/clearvla_eval_glass_41453.png'
00:17.720  render           | Saved: '/tmp/clearvla_eval_glass_41453.png'
00:18.095  render           | Saved: '/tmp/clearvla_eval_glass_41453.png'
00:18.572  render           | Saved: '/tmp/clearvla_eval_glass_41453.png'
00:18.942  render           | Saved: '/tmp/clearvla_eval_glass_41453.png'
00:19.417  render           | Saved: '/tmp/clearvla_eval_glass_41453.png'
00:19.801  render           | Saved: '/tmp/clearvla_eval_glass_41453.png'
00:20.224  render           | Saved: '/tmp/clearvla_eval_glass_41453.png'
00:20.592  render           | Saved: '/tmp/clearvla_eval_glass_41453.png'
00:21.445  render           | Saved: '/tmp/clearvla_eval_glass_41453.png'
00:21.781  render           | Saved: '/tmp/clearvla_eval_glass_41453.png'
00:22.272  render           | Saved: '/tmp/clearvla_eval_glass_41453.png'
00:22.666  render           | Saved: '/tmp/clearvla_eval_glass_41453.png'
00:23.124  render           | Saved: '/tmp/clearvla_eval_glass_41453.png'
00:23.494  render           | Saved: '/tmp/clearvla_eval_glass_41453.png'
00:23.976  render           | Saved: '/tmp/clearvla_eval_glass_41453.png'
00:24.378  render           | Saved: '/tmp/clearvla_eval_glass_41453.png'
00:24.847  render           | Saved: '/tmp/clearvla_eval_glass_41453.png'
00:25.245  render           | Saved: '/tmp/clearvla_eval_glass_41453.png'
00:25.696  render           | Saved: '/tmp/clearvla_eval_glass_41453.png'
00:26.068  render           | Saved: '/tmp/clearvla_eval_glass_41453.png'
00:26.519  render           | Saved: '/tmp/clearvla_eval_glass_41453.png'
00:26.917  render           | Saved: '/tmp/clearvla_eval_glass_41453.png'
00:27.365  render           | Saved: '/tmp/clearvla_eval_glass_41453.png'
00:27.748  render           | Saved: '/tmp/clearvla_eval_glass_41453.png'
00:28.186  render           | Saved: '/tmp/clearvla_eval_glass_41453.png'
00:28.561  render           | Saved: '/tmp/clearvla_eval_glass_41453.png'
00:29.041  render           | Saved: '/tmp/clearvla_eval_glass_41453.png'
00:29.426  render           | Saved: '/tmp/clearvla_eval_glass_41453.png'
00:29.917  render           | Saved: '/tmp/clearvla_eval_glass_41453.png'
00:30.296  render           | Saved: '/tmp/clearvla_eval_glass_41453.png'
00:30.750  render           | Saved: '/tmp/clearvla_eval_glass_41453.png'
00:31.122  render           | Saved: '/tmp/clearvla_eval_glass_41453.png'
00:31.590  render           | Saved: '/tmp/clearvla_eval_glass_41453.png'
00:31.964  render           | Saved: '/tmp/clearvla_eval_glass_41453.png'
00:32.817  render           | Saved: '/tmp/clearvla_eval_glass_41453.png'
00:33.157  render           | Saved: '/tmp/clearvla_eval_glass_41453.png'
00:33.603  render           | Saved: '/tmp/clearvla_eval_glass_41453.png'
00:33.977  render           | Saved: '/tmp/clearvla_eval_glass_41453.png'
00:34.457  render           | Saved: '/tmp/clearvla_eval_glass_41453.png'
00:34.852  render           | Saved: '/tmp/clearvla_eval_glass_41453.png'
00:35.324  render           | Saved: '/tmp/clearvla_eval_glass_41453.png'
00:35.680  render           | Saved: '/tmp/clearvla_eval_glass_41453.png'
00:36.164  render           | Saved: '/tmp/clearvla_eval_glass_41453.png'
00:36.535  render           | Saved: '/tmp/clearvla_eval_glass_41453.png'
00:37.001  render           | Saved: '/tmp/clearvla_eval_glass_41453.png'
00:37.367  render           | Saved: '/tmp/clearvla_eval_glass_41453.png'
00:37.806  render           | Saved: '/tmp/clearvla_eval_glass_41453.png'
00:38.179  render           | Saved: '/tmp/clearvla_eval_glass_41453.png'
00:38.670  render           | Saved: '/tmp/clearvla_eval_glass_41453.png'
00:39.051  render           | Saved: '/tmp/clearvla_eval_glass_41453.png'
00:39.538  render           | Saved: '/tmp/clearvla_eval_glass_41453.png'
00:39.960  render           | Saved: '/tmp/clearvla_eval_glass_41453.png'
00:40.452  render           | Saved: '/tmp/clearvla_eval_glass_41453.png'
00:40.820  render           | Saved: '/tmp/clearvla_eval_glass_41453.png'
00:41.308  render           | Saved: '/tmp/clearvla_eval_glass_41453.png'
00:41.683  render           | Saved: '/tmp/clearvla_eval_glass_41453.png'
00:42.172  render           | Saved: '/tmp/clearvla_eval_glass_41453.png'
00:42.545  render           | Saved: '/tmp/clearvla_eval_glass_41453.png'
00:42.984  render           | Saved: '/tmp/clearvla_eval_glass_41453.png'
00:43.357  render           | Saved: '/tmp/clearvla_eval_glass_41453.png'
00:43.839  render           | Saved: '/tmp/clearvla_eval_glass_41453.png'
00:44.230  render           | Saved: '/tmp/clearvla_eval_glass_41453.png'
00:44.789  render           | Saved: '/tmp/clearvla_eval_glass_41453.png'
00:45.198  render           | Saved: '/tmp/clearvla_eval_glass_41453.png'
00:45.648  render           | Saved: '/tmp/clearvla_eval_glass_41453.png'
00:46.021  render           | Saved: '/tmp/clearvla_eval_glass_41453.png'
00:46.845  render           | Saved: '/tmp/clearvla_eval_glass_41453.png'
00:47.204  render           | Saved: '/tmp/clearvla_eval_glass_41453.png'
00:47.641  render           | Saved: '/tmp/clearvla_eval_glass_41453.png'
00:47.986  render           | Saved: '/tmp/clearvla_eval_glass_41453.png'
00:48.405  render           | Saved: '/tmp/clearvla_eval_glass_41453.png'
00:48.750  render           | Saved: '/tmp/clearvla_eval_glass_41453.png'
00:49.237  render           | Saved: '/tmp/clearvla_eval_glass_41453.png'
00:49.599  render           | Saved: '/tmp/clearvla_eval_glass_41453.png'
00:50.070  render           | Saved: '/tmp/clearvla_eval_glass_41453.png'
00:50.453  render           | Saved: '/tmp/clearvla_eval_glass_41453.png'
00:50.889  render           | Saved: '/tmp/clearvla_eval_glass_41453.png'
00:51.279  render           | Saved: '/tmp/clearvla_eval_glass_41453.png'
00:51.759  render           | Saved: '/tmp/clearvla_eval_glass_41453.png'
00:52.183  render           | Saved: '/tmp/clearvla_eval_glass_41453.png'
00:52.686  render           | Saved: '/tmp/clearvla_eval_glass_41453.png'
00:53.071  render           | Saved: '/tmp/clearvla_eval_glass_41453.png'
00:53.549  render           | Saved: '/tmp/clearvla_eval_glass_41453.png'
00:53.911  render           | Saved: '/tmp/clearvla_eval_glass_41453.png'
00:54.383  render           | Saved: '/tmp/clearvla_eval_glass_41453.png'
00:54.749  render           | Saved: '/tmp/clearvla_eval_glass_41453.png'
00:55.221  render           | Saved: '/tmp/clearvla_eval_glass_41453.png'
00:55.600  render           | Saved: '/tmp/clearvla_eval_glass_41453.png'
00:56.055  render           | Saved: '/tmp/clearvla_eval_glass_41453.png'
00:56.430  render           | Saved: '/tmp/clearvla_eval_glass_41453.png'
00:56.907  render           | Saved: '/tmp/clearvla_eval_glass_41453.png'
00:57.314  render           | Saved: '/tmp/clearvla_eval_glass_41453.png'
00:57.773  render           | Saved: '/tmp/clearvla_eval_glass_41453.png'
00:58.143  render           | Saved: '/tmp/clearvla_eval_glass_41453.png'
00:58.618  render           | Saved: '/tmp/clearvla_eval_glass_41453.png'
00:58.988  render           | Saved: '/tmp/clearvla_eval_glass_41453.png'
00:59.796  render           | Saved: '/tmp/clearvla_eval_glass_41453.png'
01:00.135  render           | Saved: '/tmp/clearvla_eval_glass_41453.png'
01:00.610  render           | Saved: '/tmp/clearvla_eval_glass_41453.png'
01:00.966  render           | Saved: '/tmp/clearvla_eval_glass_41453.png'
01:01.421  render           | Saved: '/tmp/clearvla_eval_glass_41453.png'
01:01.803  render           | Saved: '/tmp/clearvla_eval_glass_41453.png'
01:02.297  render           | Saved: '/tmp/clearvla_eval_glass_41453.png'
01:02.686  render           | Saved: '/tmp/clearvla_eval_glass_41453.png'
01:03.153  render           | Saved: '/tmp/clearvla_eval_glass_41453.png'
01:03.526  render           | Saved: '/tmp/clearvla_eval_glass_41453.png'
01:03.990  render           | Saved: '/tmp/clearvla_eval_glass_41453.png'
01:04.357  render           | Saved: '/tmp/clearvla_eval_glass_41453.png'
01:04.810  render           | Saved: '/tmp/clearvla_eval_glass_41453.png'
01:05.206  render           | Saved: '/tmp/clearvla_eval_glass_41453.png'
01:05.660  render           | Saved: '/tmp/clearvla_eval_glass_41453.png'
01:06.044  render           | Saved: '/tmp/clearvla_eval_glass_41453.png'
01:06.519  render           | Saved: '/tmp/clearvla_eval_glass_41453.png'
01:06.902  render           | Saved: '/tmp/clearvla_eval_glass_41453.png'
01:07.370  render           | Saved: '/tmp/clearvla_eval_glass_41453.png'
01:07.754  render           | Saved: '/tmp/clearvla_eval_glass_41453.png'
01:08.196  render           | Saved: '/tmp/clearvla_eval_glass_41453.png'
01:08.575  render           | Saved: '/tmp/clearvla_eval_glass_41453.png'
01:09.040  render           | Saved: '/tmp/clearvla_eval_glass_41453.png'
01:09.440  render           | Saved: '/tmp/clearvla_eval_glass_41453.png'
01:09.932  render           | Saved: '/tmp/clearvla_eval_glass_41453.png'
01:10.320  render           | Saved: '/tmp/clearvla_eval_glass_41453.png'
01:10.773  render           | Saved: '/tmp/clearvla_eval_glass_41453.png'
01:11.158  render           | Saved: '/tmp/clearvla_eval_glass_41453.png'
01:11.661  render           | Saved: '/tmp/clearvla_eval_glass_41453.png'
01:12.046  render           | Saved: '/tmp/clearvla_eval_glass_41453.png'
01:12.867  render           | Saved: '/tmp/clearvla_eval_glass_41453.png'
01:13.206  render           | Saved: '/tmp/clearvla_eval_glass_41453.png'
01:13.689  render           | Saved: '/tmp/clearvla_eval_glass_41453.png'
01:14.064  render           | Saved: '/tmp/clearvla_eval_glass_41453.png'
01:14.552  render           | Saved: '/tmp/clearvla_eval_glass_41453.png'
01:14.929  render           | Saved: '/tmp/clearvla_eval_glass_41453.png'
01:15.390  render           | Saved: '/tmp/clearvla_eval_glass_41453.png'
01:15.760  render           | Saved: '/tmp/clearvla_eval_glass_41453.png'
01:16.204  render           | Saved: '/tmp/clearvla_eval_glass_41453.png'
01:16.588  render           | Saved: '/tmp/clearvla_eval_glass_41453.png'
01:17.043  render           | Saved: '/tmp/clearvla_eval_glass_41453.png'
01:17.427  render           | Saved: '/tmp/clearvla_eval_glass_41453.png'
01:17.908  render           | Saved: '/tmp/clearvla_eval_glass_41453.png'
01:18.272  render           | Saved: '/tmp/clearvla_eval_glass_41453.png'
01:18.715  render           | Saved: '/tmp/clearvla_eval_glass_41453.png'
01:19.115  render           | Saved: '/tmp/clearvla_eval_glass_41453.png'
01:19.574  render           | Saved: '/tmp/clearvla_eval_glass_41453.png'
01:19.978  render           | Saved: '/tmp/clearvla_eval_glass_41453.png'
01:20.471  render           | Saved: '/tmp/clearvla_eval_glass_41453.png'
01:20.858  render           | Saved: '/tmp/clearvla_eval_glass_41453.png'
01:21.309  render           | Saved: '/tmp/clearvla_eval_glass_41453.png'
01:21.682  render           | Saved: '/tmp/clearvla_eval_glass_41453.png'
01:22.148  render           | Saved: '/tmp/clearvla_eval_glass_41453.png'
01:22.555  render           | Saved: '/tmp/clearvla_eval_glass_41453.png'
01:23.037  render           | Saved: '/tmp/clearvla_eval_glass_41453.png'
01:23.419  render           | Saved: '/tmp/clearvla_eval_glass_41453.png'
01:23.875  render           | Saved: '/tmp/clearvla_eval_glass_41453.png'
01:24.295  render           | Saved: '/tmp/clearvla_eval_glass_41453.png'
01:24.774  render           | Saved: '/tmp/clearvla_eval_glass_41453.png'
01:25.159  render           | Saved: '/tmp/clearvla_eval_glass_41453.png'
01:25.624  render           | Saved: '/tmp/clearvla_eval_glass_41453.png'
01:25.998  render           | Saved: '/tmp/clearvla_eval_glass_41453.png'
01:26.476  render           | Saved: '/tmp/clearvla_eval_glass_41453.png'
01:26.852  render           | Saved: '/tmp/clearvla_eval_glass_41453.png'
01:27.335  render           | Saved: '/tmp/clearvla_eval_glass_41453.png'
01:27.720  render           | Saved: '/tmp/clearvla_eval_glass_41453.png'
01:28.205  render           | Saved: '/tmp/clearvla_eval_glass_41453.png'
01:28.588  render           | Saved: '/tmp/clearvla_eval_glass_41453.png'
01:29.090  render           | Saved: '/tmp/clearvla_eval_glass_41453.png'
01:29.466  render           | Saved: '/tmp/clearvla_eval_glass_41453.png'
01:29.939  render           | Saved: '/tmp/clearvla_eval_glass_41453.png'
01:30.314  render           | Saved: '/tmp/clearvla_eval_glass_41453.png'
01:30.798  render           | Saved: '/tmp/clearvla_eval_glass_41453.png'
01:31.173  render           | Saved: '/tmp/clearvla_eval_glass_41453.png'
01:31.660  render           | Saved: '/tmp/clearvla_eval_glass_41453.png'
01:32.076  render           | Saved: '/tmp/clearvla_eval_glass_41453.png'
01:32.547  render           | Saved: '/tmp/clearvla_eval_glass_41453.png'
01:32.909  render           | Saved: '/tmp/clearvla_eval_glass_41453.png'
01:33.333  render           | Saved: '/tmp/clearvla_eval_glass_41453.png'
01:33.712  render           | Saved: '/tmp/clearvla_eval_glass_41453.png'
01:34.191  render           | Saved: '/tmp/clearvla_eval_glass_41453.png'
01:34.571  render           | Saved: '/tmp/clearvla_eval_glass_41453.png'
01:35.044  render           | Saved: '/tmp/clearvla_eval_glass_41453.png'
01:35.421  render           | Saved: '/tmp/clearvla_eval_glass_41453.png'
01:35.914  render           | Saved: '/tmp/clearvla_eval_glass_41453.png'
01:36.290  render           | Saved: '/tmp/clearvla_eval_glass_41453.png'
01:36.754  render           | Saved: '/tmp/clearvla_eval_glass_41453.png'
01:37.158  render           | Saved: '/tmp/clearvla_eval_glass_41453.png'
01:37.633  render           | Saved: '/tmp/clearvla_eval_glass_41453.png'
01:38.011  render           | Saved: '/tmp/clearvla_eval_glass_41453.png'
01:38.498  render           | Saved: '/tmp/clearvla_eval_glass_41453.png'
01:38.876  render           | Saved: '/tmp/clearvla_eval_glass_41453.png'
01:39.358  render           | Saved: '/tmp/clearvla_eval_glass_41453.png'
01:39.738  render           | Saved: '/tmp/clearvla_eval_glass_41453.png'
01:40.229  render           | Saved: '/tmp/clearvla_eval_glass_41453.png'
01:40.603  render           | Saved: '/tmp/clearvla_eval_glass_41453.png'
01:41.079  render           | Saved: '/tmp/clearvla_eval_glass_41453.png'
01:41.461  render           | Saved: '/tmp/clearvla_eval_glass_41453.png'
01:41.909  render           | Saved: '/tmp/clearvla_eval_glass_41453.png'
01:42.294  render           | Saved: '/tmp/clearvla_eval_glass_41453.png'
01:42.791  render           | Saved: '/tmp/clearvla_eval_glass_41453.png'
01:43.155  render           | Saved: '/tmp/clearvla_eval_glass_41453.png'
01:43.633  render           | Saved: '/tmp/clearvla_eval_glass_41453.png'
01:44.011  render           | Saved: '/tmp/clearvla_eval_glass_41453.png'
01:44.483  render           | Saved: '/tmp/clearvla_eval_glass_41453.png'
01:44.884  render           | Saved: '/tmp/clearvla_eval_glass_41453.png'
01:45.698  render           | Saved: '/tmp/clearvla_eval_glass_41453.png'
01:46.035  render           | Saved: '/tmp/clearvla_eval_glass_41453.png'
01:46.535  render           | Saved: '/tmp/clearvla_eval_glass_41453.png'
01:46.935  render           | Saved: '/tmp/clearvla_eval_glass_41453.png'
01:47.437  render           | Saved: '/tmp/clearvla_eval_glass_41453.png'
01:47.793  render           | Saved: '/tmp/clearvla_eval_glass_41453.png'
01:48.261  render           | Saved: '/tmp/clearvla_eval_glass_41453.png'
01:48.633  render           | Saved: '/tmp/clearvla_eval_glass_41453.png'
01:49.106  render           | Saved: '/tmp/clearvla_eval_glass_41453.png'
01:49.480  render           | Saved: '/tmp/clearvla_eval_glass_41453.png'
01:49.935  render           | Saved: '/tmp/clearvla_eval_glass_41453.png'
01:50.313  render           | Saved: '/tmp/clearvla_eval_glass_41453.png'
01:50.785  render           | Saved: '/tmp/clearvla_eval_glass_41453.png'
01:51.152  render           | Saved: '/tmp/clearvla_eval_glass_41453.png'
01:51.602  render           | Saved: '/tmp/clearvla_eval_glass_41453.png'
01:51.982  render           | Saved: '/tmp/clearvla_eval_glass_41453.png'
01:52.452  render           | Saved: '/tmp/clearvla_eval_glass_41453.png'
01:52.877  render           | Saved: '/tmp/clearvla_eval_glass_41453.png'
01:53.376  render           | Saved: '/tmp/clearvla_eval_glass_41453.png'
01:53.763  render           | Saved: '/tmp/clearvla_eval_glass_41453.png'
01:54.226  render           | Saved: '/tmp/clearvla_eval_glass_41453.png'
01:54.594  render           | Saved: '/tmp/clearvla_eval_glass_41453.png'
01:55.066  render           | Saved: '/tmp/clearvla_eval_glass_41453.png'
01:55.439  render           | Saved: '/tmp/clearvla_eval_glass_41453.png'
01:55.929  render           | Saved: '/tmp/clearvla_eval_glass_41453.png'
01:56.304  render           | Saved: '/tmp/clearvla_eval_glass_41453.png'
01:56.764  render           | Saved: '/tmp/clearvla_eval_glass_41453.png'
01:57.137  render           | Saved: '/tmp/clearvla_eval_glass_41453.png'
01:57.964  render           | Saved: '/tmp/clearvla_eval_glass_41453.png'
01:58.320  render           | Saved: '/tmp/clearvla_eval_glass_41453.png'
01:58.781  render           | Saved: '/tmp/clearvla_eval_glass_41453.png'
01:59.155  render           | Saved: '/tmp/clearvla_eval_glass_41453.png'
01:59.632  render           | Saved: '/tmp/clearvla_eval_glass_41453.png'
02:00.018  render           | Saved: '/tmp/clearvla_eval_glass_41453.png'
02:00.508  render           | Saved: '/tmp/clearvla_eval_glass_41453.png'
02:00.885  render           | Saved: '/tmp/clearvla_eval_glass_41453.png'
02:01.351  render           | Saved: '/tmp/clearvla_eval_glass_41453.png'
02:01.732  render           | Saved: '/tmp/clearvla_eval_glass_41453.png'
02:02.313  render           | Saved: '/tmp/clearvla_eval_glass_41453.png'
02:02.758  render           | Saved: '/tmp/clearvla_eval_glass_41453.png'
02:03.243  render           | Saved: '/tmp/clearvla_eval_glass_41453.png'
02:03.660  render           | Saved: '/tmp/clearvla_eval_glass_41453.png'
02:04.136  render           | Saved: '/tmp/clearvla_eval_glass_41453.png'
02:04.546  render           | Saved: '/tmp/clearvla_eval_glass_41453.png'
02:05.029  render           | Saved: '/tmp/clearvla_eval_glass_41453.png'
02:05.411  render           | Saved: '/tmp/clearvla_eval_glass_41453.png'
02:05.903  render           | Saved: '/tmp/clearvla_eval_glass_41453.png'
02:06.296  render           | Saved: '/tmp/clearvla_eval_glass_41453.png'
02:06.777  render           | Saved: '/tmp/clearvla_eval_glass_41453.png'
02:07.144  render           | Saved: '/tmp/clearvla_eval_glass_41453.png'
02:07.641  render           | Saved: '/tmp/clearvla_eval_glass_41453.png'
02:08.048  render           | Saved: '/tmp/clearvla_eval_glass_41453.png'
02:08.521  render           | Saved: '/tmp/clearvla_eval_glass_41453.png'
02:08.921  render           | Saved: '/tmp/clearvla_eval_glass_41453.png'
02:09.403  render           | Saved: '/tmp/clearvla_eval_glass_41453.png'
02:09.774  render           | Saved: '/tmp/clearvla_eval_glass_41453.png'
02:10.603  render           | Saved: '/tmp/clearvla_eval_glass_41453.png'
02:10.952  render           | Saved: '/tmp/clearvla_eval_glass_41453.png'
02:11.428  render           | Saved: '/tmp/clearvla_eval_glass_41453.png'
02:11.842  render           | Saved: '/tmp/clearvla_eval_glass_41453.png'
02:12.335  render           | Saved: '/tmp/clearvla_eval_glass_41453.png'
02:12.697  render           | Saved: '/tmp/clearvla_eval_glass_41453.png'
02:13.180  render           | Saved: '/tmp/clearvla_eval_glass_41453.png'
02:13.562  render           | Saved: '/tmp/clearvla_eval_glass_41453.png'
02:13.998  render           | Saved: '/tmp/clearvla_eval_glass_41453.png'
02:14.368  render           | Saved: '/tmp/clearvla_eval_glass_41453.png'
02:14.797  render           | Saved: '/tmp/clearvla_eval_glass_41453.png'
02:15.164  render           | Saved: '/tmp/clearvla_eval_glass_41453.png'
02:15.617  render           | Saved: '/tmp/clearvla_eval_glass_41453.png'
02:16.001  render           | Saved: '/tmp/clearvla_eval_glass_41453.png'
02:16.479  render           | Saved: '/tmp/clearvla_eval_glass_41453.png'
02:16.860  render           | Saved: '/tmp/clearvla_eval_glass_41453.png'
02:17.351  render           | Saved: '/tmp/clearvla_eval_glass_41453.png'
02:17.736  render           | Saved: '/tmp/clearvla_eval_glass_41453.png'
02:18.170  render           | Saved: '/tmp/clearvla_eval_glass_41453.png'
02:18.529  render           | Saved: '/tmp/clearvla_eval_glass_41453.png'
02:18.969  render           | Saved: '/tmp/clearvla_eval_glass_41453.png'
02:19.333  render           | Saved: '/tmp/clearvla_eval_glass_41453.png'
02:19.772  render           | Saved: '/tmp/clearvla_eval_glass_41453.png'
02:20.147  render           | Saved: '/tmp/clearvla_eval_glass_41453.png'
02:20.588  render           | Saved: '/tmp/clearvla_eval_glass_41453.png'
02:20.964  render           | Saved: '/tmp/clearvla_eval_glass_41453.png'
02:21.451  render           | Saved: '/tmp/clearvla_eval_glass_41453.png'
02:21.835  render           | Saved: '/tmp/clearvla_eval_glass_41453.png'
02:22.325  render           | Saved: '/tmp/clearvla_eval_glass_41453.png'
02:22.710  render           | Saved: '/tmp/clearvla_eval_glass_41453.png'
02:23.136  render           | Saved: '/tmp/clearvla_eval_glass_41453.png'
02:23.484  render           | Saved: '/tmp/clearvla_eval_glass_41453.png'
02:23.946  render           | Saved: '/tmp/clearvla_eval_glass_41453.png'
02:24.322  render           | Saved: '/tmp/clearvla_eval_glass_41453.png'
02:24.756  render           | Saved: '/tmp/clearvla_eval_glass_41453.png'
02:25.128  render           | Saved: '/tmp/clearvla_eval_glass_41453.png'
02:25.543  render           | Saved: '/tmp/clearvla_eval_glass_41453.png'
02:25.942  render           | Saved: '/tmp/clearvla_eval_glass_41453.png'
02:26.359  render           | Saved: '/tmp/clearvla_eval_glass_41453.png'
02:26.719  render           | Saved: '/tmp/clearvla_eval_glass_41453.png'
02:27.141  render           | Saved: '/tmp/clearvla_eval_glass_41453.png'
02:27.498  render           | Saved: '/tmp/clearvla_eval_glass_41453.png'
02:27.904  render           | Saved: '/tmp/clearvla_eval_glass_41453.png'
02:28.264  render           | Saved: '/tmp/clearvla_eval_glass_41453.png'
02:28.675  render           | Saved: '/tmp/clearvla_eval_glass_41453.png'
02:29.039  render           | Saved: '/tmp/clearvla_eval_glass_41453.png'
02:29.463  render           | Saved: '/tmp/clearvla_eval_glass_41453.png'
02:29.854  render           | Saved: '/tmp/clearvla_eval_glass_41453.png'
02:30.264  render           | Saved: '/tmp/clearvla_eval_glass_41453.png'
02:30.624  render           | Saved: '/tmp/clearvla_eval_glass_41453.png'
02:31.042  render           | Saved: '/tmp/clearvla_eval_glass_41453.png'
02:31.439  render           | Saved: '/tmp/clearvla_eval_glass_41453.png'
02:31.853  render           | Saved: '/tmp/clearvla_eval_glass_41453.png'
02:32.251  render           | Saved: '/tmp/clearvla_eval_glass_41453.png'
02:32.666  render           | Saved: '/tmp/clearvla_eval_glass_41453.png'
02:33.052  render           | Saved: '/tmp/clearvla_eval_glass_41453.png'
02:33.454  render           | Saved: '/tmp/clearvla_eval_glass_41453.png'
02:33.853  render           | Saved: '/tmp/clearvla_eval_glass_41453.png'
02:34.259  render           | Saved: '/tmp/clearvla_eval_glass_41453.png'
02:34.621  render           | Saved: '/tmp/clearvla_eval_glass_41453.png'
02:35.031  render           | Saved: '/tmp/clearvla_eval_glass_41453.png'
02:35.429  render           | Saved: '/tmp/clearvla_eval_glass_41453.png'
02:35.830  render           | Saved: '/tmp/clearvla_eval_glass_41453.png'
02:36.203  render           | Saved: '/tmp/clearvla_eval_glass_41453.png'
02:36.607  render           | Saved: '/tmp/clearvla_eval_glass_41453.png'
02:36.974  render           | Saved: '/tmp/clearvla_eval_glass_41453.png'
02:37.392  render           | Saved: '/tmp/clearvla_eval_glass_41453.png'
02:37.736  render           | Saved: '/tmp/clearvla_eval_glass_41453.png'
02:38.152  render           | Saved: '/tmp/clearvla_eval_glass_41453.png'
02:38.505  render           | Saved: '/tmp/clearvla_eval_glass_41453.png'
02:38.956  render           | Saved: '/tmp/clearvla_eval_glass_41453.png'
02:39.356  render           | Saved: '/tmp/clearvla_eval_glass_41453.png'
02:39.843  render           | Saved: '/tmp/clearvla_eval_glass_41453.png'
02:40.222  render           | Saved: '/tmp/clearvla_eval_glass_41453.png'
02:40.681  render           | Saved: '/tmp/clearvla_eval_glass_41453.png'
02:41.085  render           | Saved: '/tmp/clearvla_eval_glass_41453.png'
02:41.914  render           | Saved: '/tmp/clearvla_eval_glass_41453.png'
02:42.306  render           | Saved: '/tmp/clearvla_eval_glass_41453.png'
02:42.722  render           | Saved: '/tmp/clearvla_eval_glass_41453.png'
02:43.090  render           | Saved: '/tmp/clearvla_eval_glass_41453.png'
02:43.500  render           | Saved: '/tmp/clearvla_eval_glass_41453.png'
02:43.875  render           | Saved: '/tmp/clearvla_eval_glass_41453.png'
02:44.285  render           | Saved: '/tmp/clearvla_eval_glass_41453.png'
02:44.668  render           | Saved: '/tmp/clearvla_eval_glass_41453.png'
02:45.070  render           | Saved: '/tmp/clearvla_eval_glass_41453.png'
02:45.439  render           | Saved: '/tmp/clearvla_eval_glass_41453.png'
02:45.848  render           | Saved: '/tmp/clearvla_eval_glass_41453.png'
02:46.226  render           | Saved: '/tmp/clearvla_eval_glass_41453.png'
02:46.651  render           | Saved: '/tmp/clearvla_eval_glass_41453.png'
02:47.032  render           | Saved: '/tmp/clearvla_eval_glass_41453.png'
02:47.480  render           | Saved: '/tmp/clearvla_eval_glass_41453.png'
02:47.843  render           | Saved: '/tmp/clearvla_eval_glass_41453.png'
02:48.248  render           | Saved: '/tmp/clearvla_eval_glass_41453.png'
02:48.583  render           | Saved: '/tmp/clearvla_eval_glass_41453.png'
02:49.002  render           | Saved: '/tmp/clearvla_eval_glass_41453.png'
02:49.333  render           | Saved: '/tmp/clearvla_eval_glass_41453.png'
02:49.734  render           | Saved: '/tmp/clearvla_eval_glass_41453.png'
02:50.066  render           | Saved: '/tmp/clearvla_eval_glass_41453.png'
02:50.455  render           | Saved: '/tmp/clearvla_eval_glass_41453.png'
02:50.792  render           | Saved: '/tmp/clearvla_eval_glass_41453.png'
02:51.188  render           | Saved: '/tmp/clearvla_eval_glass_41453.png'
02:51.519  render           | Saved: '/tmp/clearvla_eval_glass_41453.png'
[prune50/glass] grasp: 8/10  (2.8 min, 10.0 s/ep)
02:52.328  render           | Saved: '/tmp/clearvla_eval_glass_41453.png'
02:52.667  render           | Saved: '/tmp/clearvla_eval_glass_41453.png'
02:53.083  render           | Saved: '/tmp/clearvla_eval_glass_41453.png'
02:53.462  render           | Saved: '/tmp/clearvla_eval_glass_41453.png'
02:53.869  render           | Saved: '/tmp/clearvla_eval_glass_41453.png'
02:54.245  render           | Saved: '/tmp/clearvla_eval_glass_41453.png'
02:54.639  render           | Saved: '/tmp/clearvla_eval_glass_41453.png'
02:55.024  render           | Saved: '/tmp/clearvla_eval_glass_41453.png'
02:55.447  render           | Saved: '/tmp/clearvla_eval_glass_41453.png'
02:55.804  render           | Saved: '/tmp/clearvla_eval_glass_41453.png'
02:56.231  render           | Saved: '/tmp/clearvla_eval_glass_41453.png'
02:56.580  render           | Saved: '/tmp/clearvla_eval_glass_41453.png'
02:57.003  render           | Saved: '/tmp/clearvla_eval_glass_41453.png'
02:57.342  render           | Saved: '/tmp/clearvla_eval_glass_41453.png'
02:57.774  render           | Saved: '/tmp/clearvla_eval_glass_41453.png'
02:58.119  render           | Saved: '/tmp/clearvla_eval_glass_41453.png'
02:58.555  render           | Saved: '/tmp/clearvla_eval_glass_41453.png'
02:58.899  render           | Saved: '/tmp/clearvla_eval_glass_41453.png'
02:59.328  render           | Saved: '/tmp/clearvla_eval_glass_41453.png'
02:59.694  render           | Saved: '/tmp/clearvla_eval_glass_41453.png'
03:00.103  render           | Saved: '/tmp/clearvla_eval_glass_41453.png'
03:00.436  render           | Saved: '/tmp/clearvla_eval_glass_41453.png'
03:00.840  render           | Saved: '/tmp/clearvla_eval_glass_41453.png'
03:01.174  render           | Saved: '/tmp/clearvla_eval_glass_41453.png'
03:01.569  render           | Saved: '/tmp/clearvla_eval_glass_41453.png'
03:01.905  render           | Saved: '/tmp/clearvla_eval_glass_41453.png'
03:02.301  render           | Saved: '/tmp/clearvla_eval_glass_41453.png'
03:02.638  render           | Saved: '/tmp/clearvla_eval_glass_41453.png'
03:03.452  render           | Saved: '/tmp/clearvla_eval_glass_41453.png'
03:03.799  render           | Saved: '/tmp/clearvla_eval_glass_41453.png'
03:04.234  render           | Saved: '/tmp/clearvla_eval_glass_41453.png'
03:04.574  render           | Saved: '/tmp/clearvla_eval_glass_41453.png'
03:04.996  render           | Saved: '/tmp/clearvla_eval_glass_41453.png'
03:05.347  render           | Saved: '/tmp/clearvla_eval_glass_41453.png'
03:05.753  render           | Saved: '/tmp/clearvla_eval_glass_41453.png'
03:06.093  render           | Saved: '/tmp/clearvla_eval_glass_41453.png'
03:06.489  render           | Saved: '/tmp/clearvla_eval_glass_41453.png'
03:06.877  render           | Saved: '/tmp/clearvla_eval_glass_41453.png'
03:07.275  render           | Saved: '/tmp/clearvla_eval_glass_41453.png'
03:07.650  render           | Saved: '/tmp/clearvla_eval_glass_41453.png'
03:08.048  render           | Saved: '/tmp/clearvla_eval_glass_41453.png'
03:08.420  render           | Saved: '/tmp/clearvla_eval_glass_41453.png'
03:08.827  render           | Saved: '/tmp/clearvla_eval_glass_41453.png'
03:09.238  render           | Saved: '/tmp/clearvla_eval_glass_41453.png'
03:09.645  render           | Saved: '/tmp/clearvla_eval_glass_41453.png'
03:10.018  render           | Saved: '/tmp/clearvla_eval_glass_41453.png'
03:10.421  render           | Saved: '/tmp/clearvla_eval_glass_41453.png'
03:10.802  render           | Saved: '/tmp/clearvla_eval_glass_41453.png'
03:11.196  render           | Saved: '/tmp/clearvla_eval_glass_41453.png'
03:11.552  render           | Saved: '/tmp/clearvla_eval_glass_41453.png'
03:12.002  render           | Saved: '/tmp/clearvla_eval_glass_41453.png'
03:12.363  render           | Saved: '/tmp/clearvla_eval_glass_41453.png'
03:12.851  render           | Saved: '/tmp/clearvla_eval_glass_41453.png'
03:13.251  render           | Saved: '/tmp/clearvla_eval_glass_41453.png'
03:13.707  render           | Saved: '/tmp/clearvla_eval_glass_41453.png'
03:14.083  render           | Saved: '/tmp/clearvla_eval_glass_41453.png'
03:14.532  render           | Saved: '/tmp/clearvla_eval_glass_41453.png'
03:14.911  render           | Saved: '/tmp/clearvla_eval_glass_41453.png'
03:15.729  render           | Saved: '/tmp/clearvla_eval_glass_41453.png'
03:16.121  render           | Saved: '/tmp/clearvla_eval_glass_41453.png'
03:16.537  render           | Saved: '/tmp/clearvla_eval_glass_41453.png'
03:16.928  render           | Saved: '/tmp/clearvla_eval_glass_41453.png'
03:17.328  render           | Saved: '/tmp/clearvla_eval_glass_41453.png'
03:17.722  render           | Saved: '/tmp/clearvla_eval_glass_41453.png'
03:18.116  render           | Saved: '/tmp/clearvla_eval_glass_41453.png'
03:18.484  render           | Saved: '/tmp/clearvla_eval_glass_41453.png'
03:18.887  render           | Saved: '/tmp/clearvla_eval_glass_41453.png'
03:19.266  render           | Saved: '/tmp/clearvla_eval_glass_41453.png'
03:19.673  render           | Saved: '/tmp/clearvla_eval_glass_41453.png'
03:20.036  render           | Saved: '/tmp/clearvla_eval_glass_41453.png'
03:20.444  render           | Saved: '/tmp/clearvla_eval_glass_41453.png'
03:20.823  render           | Saved: '/tmp/clearvla_eval_glass_41453.png'
03:21.232  render           | Saved: '/tmp/clearvla_eval_glass_41453.png'
03:21.600  render           | Saved: '/tmp/clearvla_eval_glass_41453.png'
03:22.016  render           | Saved: '/tmp/clearvla_eval_glass_41453.png'
03:22.422  render           | Saved: '/tmp/clearvla_eval_glass_41453.png'
03:22.825  render           | Saved: '/tmp/clearvla_eval_glass_41453.png'
03:23.168  render           | Saved: '/tmp/clearvla_eval_glass_41453.png'
03:23.609  render           | Saved: '/tmp/clearvla_eval_glass_41453.png'
03:23.965  render           | Saved: '/tmp/clearvla_eval_glass_41453.png'
03:24.400  render           | Saved: '/tmp/clearvla_eval_glass_41453.png'
03:24.772  render           | Saved: '/tmp/clearvla_eval_glass_41453.png'
03:25.220  render           | Saved: '/tmp/clearvla_eval_glass_41453.png'
03:25.594  render           | Saved: '/tmp/clearvla_eval_glass_41453.png'
03:26.074  render           | Saved: '/tmp/clearvla_eval_glass_41453.png'
03:26.453  render           | Saved: '/tmp/clearvla_eval_glass_41453.png'
03:26.907  render           | Saved: '/tmp/clearvla_eval_glass_41453.png'
03:27.289  render           | Saved: '/tmp/clearvla_eval_glass_41453.png'
03:28.099  render           | Saved: '/tmp/clearvla_eval_glass_41453.png'
03:28.486  render           | Saved: '/tmp/clearvla_eval_glass_41453.png'
03:28.902  render           | Saved: '/tmp/clearvla_eval_glass_41453.png'
03:29.314  render           | Saved: '/tmp/clearvla_eval_glass_41453.png'
03:29.720  render           | Saved: '/tmp/clearvla_eval_glass_41453.png'
03:30.130  render           | Saved: '/tmp/clearvla_eval_glass_41453.png'
03:30.532  render           | Saved: '/tmp/clearvla_eval_glass_41453.png'
03:30.912  render           | Saved: '/tmp/clearvla_eval_glass_41453.png'
03:31.314  render           | Saved: '/tmp/clearvla_eval_glass_41453.png'
03:31.705  render           | Saved: '/tmp/clearvla_eval_glass_41453.png'
03:32.111  render           | Saved: '/tmp/clearvla_eval_glass_41453.png'
03:32.483  render           | Saved: '/tmp/clearvla_eval_glass_41453.png'
03:32.896  render           | Saved: '/tmp/clearvla_eval_glass_41453.png'
03:33.264  render           | Saved: '/tmp/clearvla_eval_glass_41453.png'
03:33.674  render           | Saved: '/tmp/clearvla_eval_glass_41453.png'
03:34.049  render           | Saved: '/tmp/clearvla_eval_glass_41453.png'
03:34.466  render           | Saved: '/tmp/clearvla_eval_glass_41453.png'
03:34.815  render           | Saved: '/tmp/clearvla_eval_glass_41453.png'
03:35.236  render           | Saved: '/tmp/clearvla_eval_glass_41453.png'
03:35.576  render           | Saved: '/tmp/clearvla_eval_glass_41453.png'
03:36.001  render           | Saved: '/tmp/clearvla_eval_glass_41453.png'
03:36.351  render           | Saved: '/tmp/clearvla_eval_glass_41453.png'
03:36.780  render           | Saved: '/tmp/clearvla_eval_glass_41453.png'
03:37.120  render           | Saved: '/tmp/clearvla_eval_glass_41453.png'
03:37.543  render           | Saved: '/tmp/clearvla_eval_glass_41453.png'
03:37.879  render           | Saved: '/tmp/clearvla_eval_glass_41453.png'
03:38.290  render           | Saved: '/tmp/clearvla_eval_glass_41453.png'
03:38.642  render           | Saved: '/tmp/clearvla_eval_glass_41453.png'
03:39.063  render           | Saved: '/tmp/clearvla_eval_glass_41453.png'
03:39.402  render           | Saved: '/tmp/clearvla_eval_glass_41453.png'
03:40.216  render           | Saved: '/tmp/clearvla_eval_glass_41453.png'
03:40.546  render           | Saved: '/tmp/clearvla_eval_glass_41453.png'
03:40.943  render           | Saved: '/tmp/clearvla_eval_glass_41453.png'
03:41.276  render           | Saved: '/tmp/clearvla_eval_glass_41453.png'
03:41.678  render           | Saved: '/tmp/clearvla_eval_glass_41453.png'
03:42.019  render           | Saved: '/tmp/clearvla_eval_glass_41453.png'
03:42.434  render           | Saved: '/tmp/clearvla_eval_glass_41453.png'
03:42.788  render           | Saved: '/tmp/clearvla_eval_glass_41453.png'
03:43.212  render           | Saved: '/tmp/clearvla_eval_glass_41453.png'
03:43.593  render           | Saved: '/tmp/clearvla_eval_glass_41453.png'
03:44.043  render           | Saved: '/tmp/clearvla_eval_glass_41453.png'
03:44.420  render           | Saved: '/tmp/clearvla_eval_glass_41453.png'
03:44.890  render           | Saved: '/tmp/clearvla_eval_glass_41453.png'
03:45.301  render           | Saved: '/tmp/clearvla_eval_glass_41453.png'
03:45.796  render           | Saved: '/tmp/clearvla_eval_glass_41453.png'
03:46.197  render           | Saved: '/tmp/clearvla_eval_glass_41453.png'
03:46.687  render           | Saved: '/tmp/clearvla_eval_glass_41453.png'
03:47.062  render           | Saved: '/tmp/clearvla_eval_glass_41453.png'
03:47.518  render           | Saved: '/tmp/clearvla_eval_glass_41453.png'
03:47.895  render           | Saved: '/tmp/clearvla_eval_glass_41453.png'
03:48.358  render           | Saved: '/tmp/clearvla_eval_glass_41453.png'
03:48.720  render           | Saved: '/tmp/clearvla_eval_glass_41453.png'
03:49.154  render           | Saved: '/tmp/clearvla_eval_glass_41453.png'
03:49.544  render           | Saved: '/tmp/clearvla_eval_glass_41453.png'
03:50.030  render           | Saved: '/tmp/clearvla_eval_glass_41453.png'
03:50.400  render           | Saved: '/tmp/clearvla_eval_glass_41453.png'
03:50.883  render           | Saved: '/tmp/clearvla_eval_glass_41453.png'
03:51.257  render           | Saved: '/tmp/clearvla_eval_glass_41453.png'
03:51.719  render           | Saved: '/tmp/clearvla_eval_glass_41453.png'
03:52.138  render           | Saved: '/tmp/clearvla_eval_glass_41453.png'
03:52.958  render           | Saved: '/tmp/clearvla_eval_glass_41453.png'
03:53.364  render           | Saved: '/tmp/clearvla_eval_glass_41453.png'
03:53.783  render           | Saved: '/tmp/clearvla_eval_glass_41453.png'
03:54.140  render           | Saved: '/tmp/clearvla_eval_glass_41453.png'
03:54.559  render           | Saved: '/tmp/clearvla_eval_glass_41453.png'
03:54.905  render           | Saved: '/tmp/clearvla_eval_glass_41453.png'
03:55.383  render           | Saved: '/tmp/clearvla_eval_glass_41453.png'
03:55.749  render           | Saved: '/tmp/clearvla_eval_glass_41453.png'
03:56.216  render           | Saved: '/tmp/clearvla_eval_glass_41453.png'
03:56.588  render           | Saved: '/tmp/clearvla_eval_glass_41453.png'
03:57.076  render           | Saved: '/tmp/clearvla_eval_glass_41453.png'
03:57.479  render           | Saved: '/tmp/clearvla_eval_glass_41453.png'
03:57.930  render           | Saved: '/tmp/clearvla_eval_glass_41453.png'
03:58.298  render           | Saved: '/tmp/clearvla_eval_glass_41453.png'
03:58.782  render           | Saved: '/tmp/clearvla_eval_glass_41453.png'
03:59.153  render           | Saved: '/tmp/clearvla_eval_glass_41453.png'
03:59.617  render           | Saved: '/tmp/clearvla_eval_glass_41453.png'
04:00.017  render           | Saved: '/tmp/clearvla_eval_glass_41453.png'
04:00.498  render           | Saved: '/tmp/clearvla_eval_glass_41453.png'
04:00.877  render           | Saved: '/tmp/clearvla_eval_glass_41453.png'
04:01.358  render           | Saved: '/tmp/clearvla_eval_glass_41453.png'
04:01.741  render           | Saved: '/tmp/clearvla_eval_glass_41453.png'
04:02.232  render           | Saved: '/tmp/clearvla_eval_glass_41453.png'
04:02.607  render           | Saved: '/tmp/clearvla_eval_glass_41453.png'
04:03.047  render           | Saved: '/tmp/clearvla_eval_glass_41453.png'
04:03.425  render           | Saved: '/tmp/clearvla_eval_glass_41453.png'
04:03.894  render           | Saved: '/tmp/clearvla_eval_glass_41453.png'
04:04.294  render           | Saved: '/tmp/clearvla_eval_glass_41453.png'
04:04.771  render           | Saved: '/tmp/clearvla_eval_glass_41453.png'
04:05.149  render           | Saved: '/tmp/clearvla_eval_glass_41453.png'
04:05.968  render           | Saved: '/tmp/clearvla_eval_glass_41453.png'
04:06.310  render           | Saved: '/tmp/clearvla_eval_glass_41453.png'
04:06.799  render           | Saved: '/tmp/clearvla_eval_glass_41453.png'
04:07.202  render           | Saved: '/tmp/clearvla_eval_glass_41453.png'
04:07.676  render           | Saved: '/tmp/clearvla_eval_glass_41453.png'
04:08.060  render           | Saved: '/tmp/clearvla_eval_glass_41453.png'
04:08.523  render           | Saved: '/tmp/clearvla_eval_glass_41453.png'
04:08.908  render           | Saved: '/tmp/clearvla_eval_glass_41453.png'
04:09.371  render           | Saved: '/tmp/clearvla_eval_glass_41453.png'
04:09.768  render           | Saved: '/tmp/clearvla_eval_glass_41453.png'
04:10.231  render           | Saved: '/tmp/clearvla_eval_glass_41453.png'
04:10.645  render           | Saved: '/tmp/clearvla_eval_glass_41453.png'
04:11.106  render           | Saved: '/tmp/clearvla_eval_glass_41453.png'
04:11.493  render           | Saved: '/tmp/clearvla_eval_glass_41453.png'
04:11.941  render           | Saved: '/tmp/clearvla_eval_glass_41453.png'
04:12.325  render           | Saved: '/tmp/clearvla_eval_glass_41453.png'
04:12.799  render           | Saved: '/tmp/clearvla_eval_glass_41453.png'
04:13.165  render           | Saved: '/tmp/clearvla_eval_glass_41453.png'
04:13.635  render           | Saved: '/tmp/clearvla_eval_glass_41453.png'
04:14.011  render           | Saved: '/tmp/clearvla_eval_glass_41453.png'
04:14.498  render           | Saved: '/tmp/clearvla_eval_glass_41453.png'
04:14.890  render           | Saved: '/tmp/clearvla_eval_glass_41453.png'
04:15.354  render           | Saved: '/tmp/clearvla_eval_glass_41453.png'
04:15.740  render           | Saved: '/tmp/clearvla_eval_glass_41453.png'
04:16.213  render           | Saved: '/tmp/clearvla_eval_glass_41453.png'
04:16.606  render           | Saved: '/tmp/clearvla_eval_glass_41453.png'
04:17.058  render           | Saved: '/tmp/clearvla_eval_glass_41453.png'
04:17.465  render           | Saved: '/tmp/clearvla_eval_glass_41453.png'
04:17.905  render           | Saved: '/tmp/clearvla_eval_glass_41453.png'
04:18.285  render           | Saved: '/tmp/clearvla_eval_glass_41453.png'
04:19.103  render           | Saved: '/tmp/clearvla_eval_glass_41453.png'
04:19.504  render           | Saved: '/tmp/clearvla_eval_glass_41453.png'
04:19.954  render           | Saved: '/tmp/clearvla_eval_glass_41453.png'
04:20.285  render           | Saved: '/tmp/clearvla_eval_glass_41453.png'
04:20.706  render           | Saved: '/tmp/clearvla_eval_glass_41453.png'
04:21.044  render           | Saved: '/tmp/clearvla_eval_glass_41453.png'
04:21.462  render           | Saved: '/tmp/clearvla_eval_glass_41453.png'
04:21.818  render           | Saved: '/tmp/clearvla_eval_glass_41453.png'
04:22.224  render           | Saved: '/tmp/clearvla_eval_glass_41453.png'
04:22.574  render           | Saved: '/tmp/clearvla_eval_glass_41453.png'
04:22.982  render           | Saved: '/tmp/clearvla_eval_glass_41453.png'
04:23.327  render           | Saved: '/tmp/clearvla_eval_glass_41453.png'
04:23.748  render           | Saved: '/tmp/clearvla_eval_glass_41453.png'
04:24.092  render           | Saved: '/tmp/clearvla_eval_glass_41453.png'
04:24.506  render           | Saved: '/tmp/clearvla_eval_glass_41453.png'
04:24.848  render           | Saved: '/tmp/clearvla_eval_glass_41453.png'
04:25.269  render           | Saved: '/tmp/clearvla_eval_glass_41453.png'
04:25.618  render           | Saved: '/tmp/clearvla_eval_glass_41453.png'
04:26.042  render           | Saved: '/tmp/clearvla_eval_glass_41453.png'
04:26.385  render           | Saved: '/tmp/clearvla_eval_glass_41453.png'
04:26.812  render           | Saved: '/tmp/clearvla_eval_glass_41453.png'
04:27.152  render           | Saved: '/tmp/clearvla_eval_glass_41453.png'
04:27.574  render           | Saved: '/tmp/clearvla_eval_glass_41453.png'
04:27.923  render           | Saved: '/tmp/clearvla_eval_glass_41453.png'
04:28.333  render           | Saved: '/tmp/clearvla_eval_glass_41453.png'
04:28.676  render           | Saved: '/tmp/clearvla_eval_glass_41453.png'
04:29.094  render           | Saved: '/tmp/clearvla_eval_glass_41453.png'
04:29.436  render           | Saved: '/tmp/clearvla_eval_glass_41453.png'
04:30.283  render           | Saved: '/tmp/clearvla_eval_glass_41453.png'
04:30.682  render           | Saved: '/tmp/clearvla_eval_glass_41453.png'
04:31.160  render           | Saved: '/tmp/clearvla_eval_glass_41453.png'
04:31.547  render           | Saved: '/tmp/clearvla_eval_glass_41453.png'
04:32.001  render           | Saved: '/tmp/clearvla_eval_glass_41453.png'
04:32.374  render           | Saved: '/tmp/clearvla_eval_glass_41453.png'
04:32.827  render           | Saved: '/tmp/clearvla_eval_glass_41453.png'
04:33.196  render           | Saved: '/tmp/clearvla_eval_glass_41453.png'
04:33.644  render           | Saved: '/tmp/clearvla_eval_glass_41453.png'
04:34.022  render           | Saved: '/tmp/clearvla_eval_glass_41453.png'
04:34.501  render           | Saved: '/tmp/clearvla_eval_glass_41453.png'
04:34.889  render           | Saved: '/tmp/clearvla_eval_glass_41453.png'
04:35.332  render           | Saved: '/tmp/clearvla_eval_glass_41453.png'
04:35.710  render           | Saved: '/tmp/clearvla_eval_glass_41453.png'
04:36.171  render           | Saved: '/tmp/clearvla_eval_glass_41453.png'
04:36.560  render           | Saved: '/tmp/clearvla_eval_glass_41453.png'
04:37.014  render           | Saved: '/tmp/clearvla_eval_glass_41453.png'
04:37.392  render           | Saved: '/tmp/clearvla_eval_glass_41453.png'
04:37.827  render           | Saved: '/tmp/clearvla_eval_glass_41453.png'
04:38.195  render           | Saved: '/tmp/clearvla_eval_glass_41453.png'
04:38.629  render           | Saved: '/tmp/clearvla_eval_glass_41453.png'
04:38.996  render           | Saved: '/tmp/clearvla_eval_glass_41453.png'
04:39.420  render           | Saved: '/tmp/clearvla_eval_glass_41453.png'
04:39.807  render           | Saved: '/tmp/clearvla_eval_glass_41453.png'
04:40.225  render           | Saved: '/tmp/clearvla_eval_glass_41453.png'
04:40.637  render           | Saved: '/tmp/clearvla_eval_glass_41453.png'
04:41.115  render           | Saved: '/tmp/clearvla_eval_glass_41453.png'
04:41.514  render           | Saved: '/tmp/clearvla_eval_glass_41453.png'
04:41.943  render           | Saved: '/tmp/clearvla_eval_glass_41453.png'
04:42.357  render           | Saved: '/tmp/clearvla_eval_glass_41453.png'
04:43.245  render           | Saved: '/tmp/clearvla_eval_glass_41453.png'
04:43.595  render           | Saved: '/tmp/clearvla_eval_glass_41453.png'
04:44.060  render           | Saved: '/tmp/clearvla_eval_glass_41453.png'
04:44.412  render           | Saved: '/tmp/clearvla_eval_glass_41453.png'
04:44.891  render           | Saved: '/tmp/clearvla_eval_glass_41453.png'
04:45.249  render           | Saved: '/tmp/clearvla_eval_glass_41453.png'
04:45.696  render           | Saved: '/tmp/clearvla_eval_glass_41453.png'
04:46.035  render           | Saved: '/tmp/clearvla_eval_glass_41453.png'
04:46.484  render           | Saved: '/tmp/clearvla_eval_glass_41453.png'
04:46.833  render           | Saved: '/tmp/clearvla_eval_glass_41453.png'
04:47.270  render           | Saved: '/tmp/clearvla_eval_glass_41453.png'
04:47.621  render           | Saved: '/tmp/clearvla_eval_glass_41453.png'
04:48.113  render           | Saved: '/tmp/clearvla_eval_glass_41453.png'
04:48.460  render           | Saved: '/tmp/clearvla_eval_glass_41453.png'
04:48.893  render           | Saved: '/tmp/clearvla_eval_glass_41453.png'
04:49.243  render           | Saved: '/tmp/clearvla_eval_glass_41453.png'
04:49.726  render           | Saved: '/tmp/clearvla_eval_glass_41453.png'
04:50.133  render           | Saved: '/tmp/clearvla_eval_glass_41453.png'
04:50.582  render           | Saved: '/tmp/clearvla_eval_glass_41453.png'
04:50.932  render           | Saved: '/tmp/clearvla_eval_glass_41453.png'
04:51.370  render           | Saved: '/tmp/clearvla_eval_glass_41453.png'
04:51.719  render           | Saved: '/tmp/clearvla_eval_glass_41453.png'
04:52.152  render           | Saved: '/tmp/clearvla_eval_glass_41453.png'
04:52.531  render           | Saved: '/tmp/clearvla_eval_glass_41453.png'
04:52.967  render           | Saved: '/tmp/clearvla_eval_glass_41453.png'
04:53.325  render           | Saved: '/tmp/clearvla_eval_glass_41453.png'
04:53.742  render           | Saved: '/tmp/clearvla_eval_glass_41453.png'
04:54.097  render           | Saved: '/tmp/clearvla_eval_glass_41453.png'
04:54.544  render           | Saved: '/tmp/clearvla_eval_glass_41453.png'
04:54.907  render           | Saved: '/tmp/clearvla_eval_glass_41453.png'
[prune50/glass] grasp: 18/20  (4.8 min, 12.1 s/ep)
04:55.829  render           | Saved: '/tmp/clearvla_eval_glass_41453.png'
04:56.186  render           | Saved: '/tmp/clearvla_eval_glass_41453.png'
04:56.644  render           | Saved: '/tmp/clearvla_eval_glass_41453.png'
04:57.023  render           | Saved: '/tmp/clearvla_eval_glass_41453.png'
04:57.516  render           | Saved: '/tmp/clearvla_eval_glass_41453.png'
04:57.910  render           | Saved: '/tmp/clearvla_eval_glass_41453.png'
04:58.386  render           | Saved: '/tmp/clearvla_eval_glass_41453.png'
04:58.780  render           | Saved: '/tmp/clearvla_eval_glass_41453.png'
04:59.289  render           | Saved: '/tmp/clearvla_eval_glass_41453.png'
04:59.689  render           | Saved: '/tmp/clearvla_eval_glass_41453.png'
05:00.144  render           | Saved: '/tmp/clearvla_eval_glass_41453.png'
05:00.533  render           | Saved: '/tmp/clearvla_eval_glass_41453.png'
05:01.007  render           | Saved: '/tmp/clearvla_eval_glass_41453.png'
05:01.394  render           | Saved: '/tmp/clearvla_eval_glass_41453.png'
05:01.869  render           | Saved: '/tmp/clearvla_eval_glass_41453.png'
05:02.253  render           | Saved: '/tmp/clearvla_eval_glass_41453.png'
05:02.715  render           | Saved: '/tmp/clearvla_eval_glass_41453.png'
05:03.109  render           | Saved: '/tmp/clearvla_eval_glass_41453.png'
05:03.581  render           | Saved: '/tmp/clearvla_eval_glass_41453.png'
05:04.115  render           | Saved: '/tmp/clearvla_eval_glass_41453.png'
05:04.538  render           | Saved: '/tmp/clearvla_eval_glass_41453.png'
05:04.885  render           | Saved: '/tmp/clearvla_eval_glass_41453.png'
05:05.329  render           | Saved: '/tmp/clearvla_eval_glass_41453.png'
05:05.681  render           | Saved: '/tmp/clearvla_eval_glass_41453.png'
05:06.103  render           | Saved: '/tmp/clearvla_eval_glass_41453.png'
05:06.467  render           | Saved: '/tmp/clearvla_eval_glass_41453.png'
05:06.903  render           | Saved: '/tmp/clearvla_eval_glass_41453.png'
05:07.261  render           | Saved: '/tmp/clearvla_eval_glass_41453.png'
05:07.693  render           | Saved: '/tmp/clearvla_eval_glass_41453.png'
05:08.052  render           | Saved: '/tmp/clearvla_eval_glass_41453.png'
05:08.482  render           | Saved: '/tmp/clearvla_eval_glass_41453.png'
05:08.841  render           | Saved: '/tmp/clearvla_eval_glass_41453.png'
05:09.283  render           | Saved: '/tmp/clearvla_eval_glass_41453.png'
05:09.664  render           | Saved: '/tmp/clearvla_eval_glass_41453.png'
05:10.148  render           | Saved: '/tmp/clearvla_eval_glass_41453.png'
05:10.539  render           | Saved: '/tmp/clearvla_eval_glass_41453.png'
05:11.471  render           | Saved: '/tmp/clearvla_eval_glass_41453.png'
05:11.822  render           | Saved: '/tmp/clearvla_eval_glass_41453.png'
05:12.289  render           | Saved: '/tmp/clearvla_eval_glass_41453.png'
05:12.642  render           | Saved: '/tmp/clearvla_eval_glass_41453.png'
05:13.049  render           | Saved: '/tmp/clearvla_eval_glass_41453.png'
05:13.402  render           | Saved: '/tmp/clearvla_eval_glass_41453.png'
05:13.857  render           | Saved: '/tmp/clearvla_eval_glass_41453.png'
05:14.213  render           | Saved: '/tmp/clearvla_eval_glass_41453.png'
05:14.682  render           | Saved: '/tmp/clearvla_eval_glass_41453.png'
05:15.035  render           | Saved: '/tmp/clearvla_eval_glass_41453.png'
05:15.494  render           | Saved: '/tmp/clearvla_eval_glass_41453.png'
05:15.850  render           | Saved: '/tmp/clearvla_eval_glass_41453.png'
05:16.295  render           | Saved: '/tmp/clearvla_eval_glass_41453.png'
05:16.648  render           | Saved: '/tmp/clearvla_eval_glass_41453.png'
05:17.121  render           | Saved: '/tmp/clearvla_eval_glass_41453.png'
05:17.481  render           | Saved: '/tmp/clearvla_eval_glass_41453.png'
05:17.932  render           | Saved: '/tmp/clearvla_eval_glass_41453.png'
05:18.289  render           | Saved: '/tmp/clearvla_eval_glass_41453.png'
05:18.730  render           | Saved: '/tmp/clearvla_eval_glass_41453.png'
05:19.091  render           | Saved: '/tmp/clearvla_eval_glass_41453.png'
05:19.626  render           | Saved: '/tmp/clearvla_eval_glass_41453.png'
05:19.998  render           | Saved: '/tmp/clearvla_eval_glass_41453.png'
05:20.493  render           | Saved: '/tmp/clearvla_eval_glass_41453.png'
05:20.883  render           | Saved: '/tmp/clearvla_eval_glass_41453.png'
05:21.361  render           | Saved: '/tmp/clearvla_eval_glass_41453.png'
05:21.741  render           | Saved: '/tmp/clearvla_eval_glass_41453.png'
05:22.206  render           | Saved: '/tmp/clearvla_eval_glass_41453.png'
05:22.581  render           | Saved: '/tmp/clearvla_eval_glass_41453.png'
05:23.051  render           | Saved: '/tmp/clearvla_eval_glass_41453.png'
05:23.432  render           | Saved: '/tmp/clearvla_eval_glass_41453.png'
05:23.928  render           | Saved: '/tmp/clearvla_eval_glass_41453.png'
05:24.314  render           | Saved: '/tmp/clearvla_eval_glass_41453.png'
05:24.796  render           | Saved: '/tmp/clearvla_eval_glass_41453.png'
05:25.182  render           | Saved: '/tmp/clearvla_eval_glass_41453.png'
05:25.675  render           | Saved: '/tmp/clearvla_eval_glass_41453.png'
05:26.051  render           | Saved: '/tmp/clearvla_eval_glass_41453.png'
05:26.514  render           | Saved: '/tmp/clearvla_eval_glass_41453.png'
05:26.909  render           | Saved: '/tmp/clearvla_eval_glass_41453.png'
05:27.362  render           | Saved: '/tmp/clearvla_eval_glass_41453.png'
05:27.744  render           | Saved: '/tmp/clearvla_eval_glass_41453.png'
05:28.195  render           | Saved: '/tmp/clearvla_eval_glass_41453.png'
05:28.582  render           | Saved: '/tmp/clearvla_eval_glass_41453.png'
05:29.051  render           | Saved: '/tmp/clearvla_eval_glass_41453.png'
05:29.444  render           | Saved: '/tmp/clearvla_eval_glass_41453.png'
05:29.986  render           | Saved: '/tmp/clearvla_eval_glass_41453.png'
05:30.466  render           | Saved: '/tmp/clearvla_eval_glass_41453.png'
05:31.002  render           | Saved: '/tmp/clearvla_eval_glass_41453.png'
05:31.356  render           | Saved: '/tmp/clearvla_eval_glass_41453.png'
05:31.788  render           | Saved: '/tmp/clearvla_eval_glass_41453.png'
05:32.126  render           | Saved: '/tmp/clearvla_eval_glass_41453.png'
05:32.533  render           | Saved: '/tmp/clearvla_eval_glass_41453.png'
05:32.883  render           | Saved: '/tmp/clearvla_eval_glass_41453.png'
05:33.311  render           | Saved: '/tmp/clearvla_eval_glass_41453.png'
05:33.659  render           | Saved: '/tmp/clearvla_eval_glass_41453.png'
05:34.077  render           | Saved: '/tmp/clearvla_eval_glass_41453.png'
05:34.426  render           | Saved: '/tmp/clearvla_eval_glass_41453.png'
05:34.858  render           | Saved: '/tmp/clearvla_eval_glass_41453.png'
05:35.215  render           | Saved: '/tmp/clearvla_eval_glass_41453.png'
05:35.643  render           | Saved: '/tmp/clearvla_eval_glass_41453.png'
05:35.996  render           | Saved: '/tmp/clearvla_eval_glass_41453.png'
05:36.424  render           | Saved: '/tmp/clearvla_eval_glass_41453.png'
05:36.780  render           | Saved: '/tmp/clearvla_eval_glass_41453.png'
05:37.208  render           | Saved: '/tmp/clearvla_eval_glass_41453.png'
05:37.561  render           | Saved: '/tmp/clearvla_eval_glass_41453.png'
05:37.996  render           | Saved: '/tmp/clearvla_eval_glass_41453.png'
05:38.434  render           | Saved: '/tmp/clearvla_eval_glass_41453.png'
05:38.847  render           | Saved: '/tmp/clearvla_eval_glass_41453.png'
05:39.192  render           | Saved: '/tmp/clearvla_eval_glass_41453.png'
05:39.601  render           | Saved: '/tmp/clearvla_eval_glass_41453.png'
05:39.962  render           | Saved: '/tmp/clearvla_eval_glass_41453.png'
05:40.395  render           | Saved: '/tmp/clearvla_eval_glass_41453.png'
05:40.758  render           | Saved: '/tmp/clearvla_eval_glass_41453.png'
05:41.187  render           | Saved: '/tmp/clearvla_eval_glass_41453.png'
05:41.545  render           | Saved: '/tmp/clearvla_eval_glass_41453.png'
05:41.969  render           | Saved: '/tmp/clearvla_eval_glass_41453.png'
05:42.327  render           | Saved: '/tmp/clearvla_eval_glass_41453.png'
05:43.384  render           | Saved: '/tmp/clearvla_eval_glass_41453.png'
05:43.750  render           | Saved: '/tmp/clearvla_eval_glass_41453.png'
05:44.244  render           | Saved: '/tmp/clearvla_eval_glass_41453.png'
05:44.636  render           | Saved: '/tmp/clearvla_eval_glass_41453.png'
05:45.109  render           | Saved: '/tmp/clearvla_eval_glass_41453.png'
05:45.538  render           | Saved: '/tmp/clearvla_eval_glass_41453.png'
05:46.011  render           | Saved: '/tmp/clearvla_eval_glass_41453.png'
05:46.408  render           | Saved: '/tmp/clearvla_eval_glass_41453.png'
05:46.889  render           | Saved: '/tmp/clearvla_eval_glass_41453.png'
05:47.283  render           | Saved: '/tmp/clearvla_eval_glass_41453.png'
05:47.764  render           | Saved: '/tmp/clearvla_eval_glass_41453.png'
05:48.168  render           | Saved: '/tmp/clearvla_eval_glass_41453.png'
05:48.644  render           | Saved: '/tmp/clearvla_eval_glass_41453.png'
05:49.026  render           | Saved: '/tmp/clearvla_eval_glass_41453.png'
05:49.485  render           | Saved: '/tmp/clearvla_eval_glass_41453.png'
05:49.903  render           | Saved: '/tmp/clearvla_eval_glass_41453.png'
05:50.376  render           | Saved: '/tmp/clearvla_eval_glass_41453.png'
05:50.770  render           | Saved: '/tmp/clearvla_eval_glass_41453.png'
05:51.255  render           | Saved: '/tmp/clearvla_eval_glass_41453.png'
05:51.652  render           | Saved: '/tmp/clearvla_eval_glass_41453.png'
05:52.150  render           | Saved: '/tmp/clearvla_eval_glass_41453.png'
05:52.548  render           | Saved: '/tmp/clearvla_eval_glass_41453.png'
05:52.993  render           | Saved: '/tmp/clearvla_eval_glass_41453.png'
05:53.383  render           | Saved: '/tmp/clearvla_eval_glass_41453.png'
05:53.838  render           | Saved: '/tmp/clearvla_eval_glass_41453.png'
05:54.209  render           | Saved: '/tmp/clearvla_eval_glass_41453.png'
05:54.702  render           | Saved: '/tmp/clearvla_eval_glass_41453.png'
05:55.053  render           | Saved: '/tmp/clearvla_eval_glass_41453.png'
05:55.555  render           | Saved: '/tmp/clearvla_eval_glass_41453.png'
05:55.932  render           | Saved: '/tmp/clearvla_eval_glass_41453.png'
05:56.429  render           | Saved: '/tmp/clearvla_eval_glass_41453.png'
05:56.846  render           | Saved: '/tmp/clearvla_eval_glass_41453.png'
05:57.406  render           | Saved: '/tmp/clearvla_eval_glass_41453.png'
05:57.763  render           | Saved: '/tmp/clearvla_eval_glass_41453.png'
05:58.195  render           | Saved: '/tmp/clearvla_eval_glass_41453.png'
05:58.557  render           | Saved: '/tmp/clearvla_eval_glass_41453.png'
05:59.002  render           | Saved: '/tmp/clearvla_eval_glass_41453.png'
05:59.375  render           | Saved: '/tmp/clearvla_eval_glass_41453.png'
05:59.789  render           | Saved: '/tmp/clearvla_eval_glass_41453.png'
06:00.214  render           | Saved: '/tmp/clearvla_eval_glass_41453.png'
06:00.635  render           | Saved: '/tmp/clearvla_eval_glass_41453.png'
06:01.054  render           | Saved: '/tmp/clearvla_eval_glass_41453.png'
06:01.481  render           | Saved: '/tmp/clearvla_eval_glass_41453.png'
06:01.888  render           | Saved: '/tmp/clearvla_eval_glass_41453.png'
06:02.312  render           | Saved: '/tmp/clearvla_eval_glass_41453.png'
06:02.732  render           | Saved: '/tmp/clearvla_eval_glass_41453.png'
06:03.164  render           | Saved: '/tmp/clearvla_eval_glass_41453.png'
06:03.611  render           | Saved: '/tmp/clearvla_eval_glass_41453.png'
06:04.039  render           | Saved: '/tmp/clearvla_eval_glass_41453.png'
06:04.445  render           | Saved: '/tmp/clearvla_eval_glass_41453.png'
06:04.914  render           | Saved: '/tmp/clearvla_eval_glass_41453.png'
06:05.401  render           | Saved: '/tmp/clearvla_eval_glass_41453.png'
06:05.819  render           | Saved: '/tmp/clearvla_eval_glass_41453.png'
06:06.200  render           | Saved: '/tmp/clearvla_eval_glass_41453.png'
06:06.616  render           | Saved: '/tmp/clearvla_eval_glass_41453.png'
06:06.981  render           | Saved: '/tmp/clearvla_eval_glass_41453.png'
06:07.507  render           | Saved: '/tmp/clearvla_eval_glass_41453.png'
06:07.949  render           | Saved: '/tmp/clearvla_eval_glass_41453.png'
06:08.429  render           | Saved: '/tmp/clearvla_eval_glass_41453.png'
06:08.810  render           | Saved: '/tmp/clearvla_eval_glass_41453.png'
06:09.281  render           | Saved: '/tmp/clearvla_eval_glass_41453.png'
06:09.663  render           | Saved: '/tmp/clearvla_eval_glass_41453.png'
06:10.174  render           | Saved: '/tmp/clearvla_eval_glass_41453.png'
06:10.588  render           | Saved: '/tmp/clearvla_eval_glass_41453.png'
06:11.089  render           | Saved: '/tmp/clearvla_eval_glass_41453.png'
06:11.499  render           | Saved: '/tmp/clearvla_eval_glass_41453.png'
06:11.991  render           | Saved: '/tmp/clearvla_eval_glass_41453.png'
06:12.394  render           | Saved: '/tmp/clearvla_eval_glass_41453.png'
06:12.907  render           | Saved: '/tmp/clearvla_eval_glass_41453.png'
06:13.327  render           | Saved: '/tmp/clearvla_eval_glass_41453.png'
06:13.833  render           | Saved: '/tmp/clearvla_eval_glass_41453.png'
06:14.235  render           | Saved: '/tmp/clearvla_eval_glass_41453.png'
06:14.699  render           | Saved: '/tmp/clearvla_eval_glass_41453.png'
06:15.124  render           | Saved: '/tmp/clearvla_eval_glass_41453.png'
06:15.619  render           | Saved: '/tmp/clearvla_eval_glass_41453.png'
06:16.015  render           | Saved: '/tmp/clearvla_eval_glass_41453.png'
06:16.928  render           | Saved: '/tmp/clearvla_eval_glass_41453.png'
06:17.322  render           | Saved: '/tmp/clearvla_eval_glass_41453.png'
06:17.781  render           | Saved: '/tmp/clearvla_eval_glass_41453.png'
06:18.157  render           | Saved: '/tmp/clearvla_eval_glass_41453.png'
06:18.598  render           | Saved: '/tmp/clearvla_eval_glass_41453.png'
06:19.021  render           | Saved: '/tmp/clearvla_eval_glass_41453.png'
06:19.450  render           | Saved: '/tmp/clearvla_eval_glass_41453.png'
06:19.828  render           | Saved: '/tmp/clearvla_eval_glass_41453.png'
06:20.264  render           | Saved: '/tmp/clearvla_eval_glass_41453.png'
06:20.635  render           | Saved: '/tmp/clearvla_eval_glass_41453.png'
06:21.110  render           | Saved: '/tmp/clearvla_eval_glass_41453.png'
06:21.505  render           | Saved: '/tmp/clearvla_eval_glass_41453.png'
06:21.994  render           | Saved: '/tmp/clearvla_eval_glass_41453.png'
06:22.385  render           | Saved: '/tmp/clearvla_eval_glass_41453.png'
06:22.860  render           | Saved: '/tmp/clearvla_eval_glass_41453.png'
06:23.255  render           | Saved: '/tmp/clearvla_eval_glass_41453.png'
06:23.756  render           | Saved: '/tmp/clearvla_eval_glass_41453.png'
06:24.199  render           | Saved: '/tmp/clearvla_eval_glass_41453.png'
06:24.752  render           | Saved: '/tmp/clearvla_eval_glass_41453.png'
06:25.122  render           | Saved: '/tmp/clearvla_eval_glass_41453.png'
06:25.576  render           | Saved: '/tmp/clearvla_eval_glass_41453.png'
06:25.985  render           | Saved: '/tmp/clearvla_eval_glass_41453.png'
06:26.499  render           | Saved: '/tmp/clearvla_eval_glass_41453.png'
06:26.893  render           | Saved: '/tmp/clearvla_eval_glass_41453.png'
06:27.379  render           | Saved: '/tmp/clearvla_eval_glass_41453.png'
06:27.791  render           | Saved: '/tmp/clearvla_eval_glass_41453.png'
06:28.265  render           | Saved: '/tmp/clearvla_eval_glass_41453.png'
06:28.676  render           | Saved: '/tmp/clearvla_eval_glass_41453.png'
06:29.180  render           | Saved: '/tmp/clearvla_eval_glass_41453.png'
06:29.586  render           | Saved: '/tmp/clearvla_eval_glass_41453.png'
06:30.137  render           | Saved: '/tmp/clearvla_eval_glass_41453.png'
06:30.578  render           | Saved: '/tmp/clearvla_eval_glass_41453.png'
06:31.063  render           | Saved: '/tmp/clearvla_eval_glass_41453.png'
06:31.467  render           | Saved: '/tmp/clearvla_eval_glass_41453.png'
06:31.954  render           | Saved: '/tmp/clearvla_eval_glass_41453.png'
06:32.355  render           | Saved: '/tmp/clearvla_eval_glass_41453.png'
06:32.839  render           | Saved: '/tmp/clearvla_eval_glass_41453.png'
06:33.229  render           | Saved: '/tmp/clearvla_eval_glass_41453.png'
06:33.703  render           | Saved: '/tmp/clearvla_eval_glass_41453.png'
06:34.108  render           | Saved: '/tmp/clearvla_eval_glass_41453.png'
06:34.581  render           | Saved: '/tmp/clearvla_eval_glass_41453.png'
06:34.967  render           | Saved: '/tmp/clearvla_eval_glass_41453.png'
06:35.466  render           | Saved: '/tmp/clearvla_eval_glass_41453.png'
06:35.890  render           | Saved: '/tmp/clearvla_eval_glass_41453.png'
06:36.423  render           | Saved: '/tmp/clearvla_eval_glass_41453.png'
06:36.821  render           | Saved: '/tmp/clearvla_eval_glass_41453.png'
06:37.290  render           | Saved: '/tmp/clearvla_eval_glass_41453.png'
06:37.732  render           | Saved: '/tmp/clearvla_eval_glass_41453.png'
06:38.241  render           | Saved: '/tmp/clearvla_eval_glass_41453.png'
06:38.632  render           | Saved: '/tmp/clearvla_eval_glass_41453.png'
06:39.101  render           | Saved: '/tmp/clearvla_eval_glass_41453.png'
06:39.469  render           | Saved: '/tmp/clearvla_eval_glass_41453.png'
06:39.987  render           | Saved: '/tmp/clearvla_eval_glass_41453.png'
06:40.411  render           | Saved: '/tmp/clearvla_eval_glass_41453.png'
06:41.009  render           | Saved: '/tmp/clearvla_eval_glass_41453.png'
06:41.420  render           | Saved: '/tmp/clearvla_eval_glass_41453.png'
06:41.905  render           | Saved: '/tmp/clearvla_eval_glass_41453.png'
06:42.286  render           | Saved: '/tmp/clearvla_eval_glass_41453.png'
06:42.787  render           | Saved: '/tmp/clearvla_eval_glass_41453.png'
06:43.201  render           | Saved: '/tmp/clearvla_eval_glass_41453.png'
06:43.642  render           | Saved: '/tmp/clearvla_eval_glass_41453.png'
06:44.025  render           | Saved: '/tmp/clearvla_eval_glass_41453.png'
06:44.516  render           | Saved: '/tmp/clearvla_eval_glass_41453.png'
06:44.945  render           | Saved: '/tmp/clearvla_eval_glass_41453.png'
06:45.434  render           | Saved: '/tmp/clearvla_eval_glass_41453.png'
06:45.808  render           | Saved: '/tmp/clearvla_eval_glass_41453.png'
06:46.315  render           | Saved: '/tmp/clearvla_eval_glass_41453.png'
06:46.701  render           | Saved: '/tmp/clearvla_eval_glass_41453.png'
06:47.191  render           | Saved: '/tmp/clearvla_eval_glass_41453.png'
06:47.608  render           | Saved: '/tmp/clearvla_eval_glass_41453.png'
06:48.122  render           | Saved: '/tmp/clearvla_eval_glass_41453.png'
06:48.549  render           | Saved: '/tmp/clearvla_eval_glass_41453.png'
06:49.054  render           | Saved: '/tmp/clearvla_eval_glass_41453.png'
06:49.436  render           | Saved: '/tmp/clearvla_eval_glass_41453.png'
06:49.922  render           | Saved: '/tmp/clearvla_eval_glass_41453.png'
06:50.313  render           | Saved: '/tmp/clearvla_eval_glass_41453.png'
06:51.231  render           | Saved: '/tmp/clearvla_eval_glass_41453.png'
06:51.602  render           | Saved: '/tmp/clearvla_eval_glass_41453.png'
06:52.062  render           | Saved: '/tmp/clearvla_eval_glass_41453.png'
06:52.422  render           | Saved: '/tmp/clearvla_eval_glass_41453.png'
06:52.832  render           | Saved: '/tmp/clearvla_eval_glass_41453.png'
06:53.218  render           | Saved: '/tmp/clearvla_eval_glass_41453.png'
06:53.636  render           | Saved: '/tmp/clearvla_eval_glass_41453.png'
06:54.000  render           | Saved: '/tmp/clearvla_eval_glass_41453.png'
06:54.486  render           | Saved: '/tmp/clearvla_eval_glass_41453.png'
06:54.883  render           | Saved: '/tmp/clearvla_eval_glass_41453.png'
06:55.353  render           | Saved: '/tmp/clearvla_eval_glass_41453.png'
06:55.767  render           | Saved: '/tmp/clearvla_eval_glass_41453.png'
06:56.273  render           | Saved: '/tmp/clearvla_eval_glass_41453.png'
06:56.680  render           | Saved: '/tmp/clearvla_eval_glass_41453.png'
06:57.159  render           | Saved: '/tmp/clearvla_eval_glass_41453.png'
06:57.545  render           | Saved: '/tmp/clearvla_eval_glass_41453.png'
06:57.999  render           | Saved: '/tmp/clearvla_eval_glass_41453.png'
06:58.394  render           | Saved: '/tmp/clearvla_eval_glass_41453.png'
06:58.884  render           | Saved: '/tmp/clearvla_eval_glass_41453.png'
06:59.277  render           | Saved: '/tmp/clearvla_eval_glass_41453.png'
06:59.789  render           | Saved: '/tmp/clearvla_eval_glass_41453.png'
07:00.212  render           | Saved: '/tmp/clearvla_eval_glass_41453.png'
07:00.702  render           | Saved: '/tmp/clearvla_eval_glass_41453.png'
07:01.130  render           | Saved: '/tmp/clearvla_eval_glass_41453.png'
07:01.618  render           | Saved: '/tmp/clearvla_eval_glass_41453.png'
07:02.035  render           | Saved: '/tmp/clearvla_eval_glass_41453.png'
07:02.525  render           | Saved: '/tmp/clearvla_eval_glass_41453.png'
07:02.938  render           | Saved: '/tmp/clearvla_eval_glass_41453.png'
07:03.792  render           | Saved: '/tmp/clearvla_eval_glass_41453.png'
07:04.159  render           | Saved: '/tmp/clearvla_eval_glass_41453.png'
07:04.588  render           | Saved: '/tmp/clearvla_eval_glass_41453.png'
07:04.994  render           | Saved: '/tmp/clearvla_eval_glass_41453.png'
07:05.418  render           | Saved: '/tmp/clearvla_eval_glass_41453.png'
07:05.831  render           | Saved: '/tmp/clearvla_eval_glass_41453.png'
07:06.250  render           | Saved: '/tmp/clearvla_eval_glass_41453.png'
07:06.645  render           | Saved: '/tmp/clearvla_eval_glass_41453.png'
07:07.064  render           | Saved: '/tmp/clearvla_eval_glass_41453.png'
07:07.464  render           | Saved: '/tmp/clearvla_eval_glass_41453.png'
07:07.873  render           | Saved: '/tmp/clearvla_eval_glass_41453.png'
07:08.246  render           | Saved: '/tmp/clearvla_eval_glass_41453.png'
07:08.698  render           | Saved: '/tmp/clearvla_eval_glass_41453.png'
07:09.115  render           | Saved: '/tmp/clearvla_eval_glass_41453.png'
07:09.626  render           | Saved: '/tmp/clearvla_eval_glass_41453.png'
07:09.992  render           | Saved: '/tmp/clearvla_eval_glass_41453.png'
07:10.417  render           | Saved: '/tmp/clearvla_eval_glass_41453.png'
07:10.786  render           | Saved: '/tmp/clearvla_eval_glass_41453.png'
07:11.258  render           | Saved: '/tmp/clearvla_eval_glass_41453.png'
07:11.651  render           | Saved: '/tmp/clearvla_eval_glass_41453.png'
07:12.105  render           | Saved: '/tmp/clearvla_eval_glass_41453.png'
07:12.471  render           | Saved: '/tmp/clearvla_eval_glass_41453.png'
07:12.915  render           | Saved: '/tmp/clearvla_eval_glass_41453.png'
07:13.314  render           | Saved: '/tmp/clearvla_eval_glass_41453.png'
07:13.795  render           | Saved: '/tmp/clearvla_eval_glass_41453.png'
07:14.192  render           | Saved: '/tmp/clearvla_eval_glass_41453.png'
07:15.053  render           | Saved: '/tmp/clearvla_eval_glass_41453.png'
07:15.436  render           | Saved: '/tmp/clearvla_eval_glass_41453.png'
07:15.876  render           | Saved: '/tmp/clearvla_eval_glass_41453.png'
07:16.291  render           | Saved: '/tmp/clearvla_eval_glass_41453.png'
07:16.712  render           | Saved: '/tmp/clearvla_eval_glass_41453.png'
07:17.114  render           | Saved: '/tmp/clearvla_eval_glass_41453.png'
07:17.537  render           | Saved: '/tmp/clearvla_eval_glass_41453.png'
07:17.910  render           | Saved: '/tmp/clearvla_eval_glass_41453.png'
07:18.330  render           | Saved: '/tmp/clearvla_eval_glass_41453.png'
07:18.741  render           | Saved: '/tmp/clearvla_eval_glass_41453.png'
07:19.163  render           | Saved: '/tmp/clearvla_eval_glass_41453.png'
07:19.559  render           | Saved: '/tmp/clearvla_eval_glass_41453.png'
07:19.978  render           | Saved: '/tmp/clearvla_eval_glass_41453.png'
07:20.358  render           | Saved: '/tmp/clearvla_eval_glass_41453.png'
07:20.796  render           | Saved: '/tmp/clearvla_eval_glass_41453.png'
07:21.160  render           | Saved: '/tmp/clearvla_eval_glass_41453.png'
07:21.609  render           | Saved: '/tmp/clearvla_eval_glass_41453.png'
07:22.002  render           | Saved: '/tmp/clearvla_eval_glass_41453.png'
07:22.477  render           | Saved: '/tmp/clearvla_eval_glass_41453.png'
07:22.885  render           | Saved: '/tmp/clearvla_eval_glass_41453.png'
07:23.386  render           | Saved: '/tmp/clearvla_eval_glass_41453.png'
07:23.790  render           | Saved: '/tmp/clearvla_eval_glass_41453.png'
07:24.278  render           | Saved: '/tmp/clearvla_eval_glass_41453.png'
07:24.662  render           | Saved: '/tmp/clearvla_eval_glass_41453.png'
07:25.145  render           | Saved: '/tmp/clearvla_eval_glass_41453.png'
07:25.527  render           | Saved: '/tmp/clearvla_eval_glass_41453.png'
07:26.011  render           | Saved: '/tmp/clearvla_eval_glass_41453.png'
07:26.405  render           | Saved: '/tmp/clearvla_eval_glass_41453.png'
07:27.243  render           | Saved: '/tmp/clearvla_eval_glass_41453.png'
07:27.644  render           | Saved: '/tmp/clearvla_eval_glass_41453.png'
07:28.070  render           | Saved: '/tmp/clearvla_eval_glass_41453.png'
07:28.474  render           | Saved: '/tmp/clearvla_eval_glass_41453.png'
07:28.938  render           | Saved: '/tmp/clearvla_eval_glass_41453.png'
07:29.291  render           | Saved: '/tmp/clearvla_eval_glass_41453.png'
07:29.706  render           | Saved: '/tmp/clearvla_eval_glass_41453.png'
07:30.084  render           | Saved: '/tmp/clearvla_eval_glass_41453.png'
07:30.487  render           | Saved: '/tmp/clearvla_eval_glass_41453.png'
07:30.895  render           | Saved: '/tmp/clearvla_eval_glass_41453.png'
07:31.299  render           | Saved: '/tmp/clearvla_eval_glass_41453.png'
07:31.681  render           | Saved: '/tmp/clearvla_eval_glass_41453.png'
07:32.112  render           | Saved: '/tmp/clearvla_eval_glass_41453.png'
07:32.491  render           | Saved: '/tmp/clearvla_eval_glass_41453.png'
07:32.973  render           | Saved: '/tmp/clearvla_eval_glass_41453.png'
07:33.371  render           | Saved: '/tmp/clearvla_eval_glass_41453.png'
07:33.852  render           | Saved: '/tmp/clearvla_eval_glass_41453.png'
07:34.218  render           | Saved: '/tmp/clearvla_eval_glass_41453.png'
07:34.666  render           | Saved: '/tmp/clearvla_eval_glass_41453.png'
07:35.041  render           | Saved: '/tmp/clearvla_eval_glass_41453.png'
07:35.497  render           | Saved: '/tmp/clearvla_eval_glass_41453.png'
07:35.876  render           | Saved: '/tmp/clearvla_eval_glass_41453.png'
07:36.363  render           | Saved: '/tmp/clearvla_eval_glass_41453.png'
07:36.764  render           | Saved: '/tmp/clearvla_eval_glass_41453.png'
07:37.224  render           | Saved: '/tmp/clearvla_eval_glass_41453.png'
07:37.623  render           | Saved: '/tmp/clearvla_eval_glass_41453.png'
07:38.109  render           | Saved: '/tmp/clearvla_eval_glass_41453.png'
07:38.497  render           | Saved: '/tmp/clearvla_eval_glass_41453.png'
07:38.988  render           | Saved: '/tmp/clearvla_eval_glass_41453.png'
07:39.383  render           | Saved: '/tmp/clearvla_eval_glass_41453.png'
07:39.894  render           | Saved: '/tmp/clearvla_eval_glass_41453.png'
07:40.313  render           | Saved: '/tmp/clearvla_eval_glass_41453.png'
07:40.783  render           | Saved: '/tmp/clearvla_eval_glass_41453.png'
07:41.176  render           | Saved: '/tmp/clearvla_eval_glass_41453.png'
07:41.654  render           | Saved: '/tmp/clearvla_eval_glass_41453.png'
07:42.056  render           | Saved: '/tmp/clearvla_eval_glass_41453.png'
07:42.534  render           | Saved: '/tmp/clearvla_eval_glass_41453.png'
07:42.939  render           | Saved: '/tmp/clearvla_eval_glass_41453.png'
07:43.420  render           | Saved: '/tmp/clearvla_eval_glass_41453.png'
07:43.823  render           | Saved: '/tmp/clearvla_eval_glass_41453.png'
07:44.293  render           | Saved: '/tmp/clearvla_eval_glass_41453.png'
07:44.700  render           | Saved: '/tmp/clearvla_eval_glass_41453.png'
07:45.186  render           | Saved: '/tmp/clearvla_eval_glass_41453.png'
07:45.562  render           | Saved: '/tmp/clearvla_eval_glass_41453.png'
07:46.001  render           | Saved: '/tmp/clearvla_eval_glass_41453.png'
07:46.369  render           | Saved: '/tmp/clearvla_eval_glass_41453.png'
07:46.817  render           | Saved: '/tmp/clearvla_eval_glass_41453.png'
07:47.181  render           | Saved: '/tmp/clearvla_eval_glass_41453.png'
07:47.619  render           | Saved: '/tmp/clearvla_eval_glass_41453.png'
07:48.008  render           | Saved: '/tmp/clearvla_eval_glass_41453.png'
07:48.429  render           | Saved: '/tmp/clearvla_eval_glass_41453.png'
07:48.812  render           | Saved: '/tmp/clearvla_eval_glass_41453.png'
07:49.224  render           | Saved: '/tmp/clearvla_eval_glass_41453.png'
07:49.635  render           | Saved: '/tmp/clearvla_eval_glass_41453.png'
07:50.039  render           | Saved: '/tmp/clearvla_eval_glass_41453.png'
07:50.427  render           | Saved: '/tmp/clearvla_eval_glass_41453.png'
07:50.851  render           | Saved: '/tmp/clearvla_eval_glass_41453.png'
07:51.238  render           | Saved: '/tmp/clearvla_eval_glass_41453.png'
07:51.651  render           | Saved: '/tmp/clearvla_eval_glass_41453.png'
07:52.032  render           | Saved: '/tmp/clearvla_eval_glass_41453.png'
07:52.452  render           | Saved: '/tmp/clearvla_eval_glass_41453.png'
07:52.829  render           | Saved: '/tmp/clearvla_eval_glass_41453.png'
07:53.250  render           | Saved: '/tmp/clearvla_eval_glass_41453.png'
07:53.642  render           | Saved: '/tmp/clearvla_eval_glass_41453.png'
07:54.064  render           | Saved: '/tmp/clearvla_eval_glass_41453.png'
07:54.446  render           | Saved: '/tmp/clearvla_eval_glass_41453.png'
07:54.872  render           | Saved: '/tmp/clearvla_eval_glass_41453.png'
07:55.297  render           | Saved: '/tmp/clearvla_eval_glass_41453.png'
07:55.713  render           | Saved: '/tmp/clearvla_eval_glass_41453.png'
07:56.110  render           | Saved: '/tmp/clearvla_eval_glass_41453.png'
07:56.520  render           | Saved: '/tmp/clearvla_eval_glass_41453.png'
07:56.925  render           | Saved: '/tmp/clearvla_eval_glass_41453.png'
07:57.346  render           | Saved: '/tmp/clearvla_eval_glass_41453.png'
07:57.723  render           | Saved: '/tmp/clearvla_eval_glass_41453.png'
07:58.157  render           | Saved: '/tmp/clearvla_eval_glass_41453.png'
07:58.518  render           | Saved: '/tmp/clearvla_eval_glass_41453.png'
07:59.381  render           | Saved: '/tmp/clearvla_eval_glass_41453.png'
07:59.734  render           | Saved: '/tmp/clearvla_eval_glass_41453.png'
08:00.184  render           | Saved: '/tmp/clearvla_eval_glass_41453.png'
08:00.566  render           | Saved: '/tmp/clearvla_eval_glass_41453.png'
08:00.998  render           | Saved: '/tmp/clearvla_eval_glass_41453.png'
08:01.403  render           | Saved: '/tmp/clearvla_eval_glass_41453.png'
08:01.812  render           | Saved: '/tmp/clearvla_eval_glass_41453.png'
08:02.189  render           | Saved: '/tmp/clearvla_eval_glass_41453.png'
08:02.608  render           | Saved: '/tmp/clearvla_eval_glass_41453.png'
08:03.038  render           | Saved: '/tmp/clearvla_eval_glass_41453.png'
08:03.454  render           | Saved: '/tmp/clearvla_eval_glass_41453.png'
08:03.836  render           | Saved: '/tmp/clearvla_eval_glass_41453.png'
08:04.252  render           | Saved: '/tmp/clearvla_eval_glass_41453.png'
08:04.666  render           | Saved: '/tmp/clearvla_eval_glass_41453.png'
08:05.096  render           | Saved: '/tmp/clearvla_eval_glass_41453.png'
08:05.484  render           | Saved: '/tmp/clearvla_eval_glass_41453.png'
08:05.909  render           | Saved: '/tmp/clearvla_eval_glass_41453.png'
08:06.285  render           | Saved: '/tmp/clearvla_eval_glass_41453.png'
08:06.704  render           | Saved: '/tmp/clearvla_eval_glass_41453.png'
08:07.097  render           | Saved: '/tmp/clearvla_eval_glass_41453.png'
08:07.524  render           | Saved: '/tmp/clearvla_eval_glass_41453.png'
08:07.899  render           | Saved: '/tmp/clearvla_eval_glass_41453.png'
08:08.333  render           | Saved: '/tmp/clearvla_eval_glass_41453.png'
08:08.685  render           | Saved: '/tmp/clearvla_eval_glass_41453.png'
08:09.124  render           | Saved: '/tmp/clearvla_eval_glass_41453.png'
08:09.501  render           | Saved: '/tmp/clearvla_eval_glass_41453.png'
08:09.910  render           | Saved: '/tmp/clearvla_eval_glass_41453.png'
08:10.254  render           | Saved: '/tmp/clearvla_eval_glass_41453.png'
08:11.079  render           | Saved: '/tmp/clearvla_eval_glass_41453.png'
08:11.430  render           | Saved: '/tmp/clearvla_eval_glass_41453.png'
08:11.874  render           | Saved: '/tmp/clearvla_eval_glass_41453.png'
08:12.220  render           | Saved: '/tmp/clearvla_eval_glass_41453.png'
08:12.649  render           | Saved: '/tmp/clearvla_eval_glass_41453.png'
08:13.008  render           | Saved: '/tmp/clearvla_eval_glass_41453.png'
08:13.441  render           | Saved: '/tmp/clearvla_eval_glass_41453.png'
08:13.793  render           | Saved: '/tmp/clearvla_eval_glass_41453.png'
08:14.202  render           | Saved: '/tmp/clearvla_eval_glass_41453.png'
08:14.604  render           | Saved: '/tmp/clearvla_eval_glass_41453.png'
08:15.025  render           | Saved: '/tmp/clearvla_eval_glass_41453.png'
08:15.408  render           | Saved: '/tmp/clearvla_eval_glass_41453.png'
08:15.824  render           | Saved: '/tmp/clearvla_eval_glass_41453.png'
08:16.216  render           | Saved: '/tmp/clearvla_eval_glass_41453.png'
08:16.636  render           | Saved: '/tmp/clearvla_eval_glass_41453.png'
08:17.020  render           | Saved: '/tmp/clearvla_eval_glass_41453.png'
08:17.442  render           | Saved: '/tmp/clearvla_eval_glass_41453.png'
08:17.829  render           | Saved: '/tmp/clearvla_eval_glass_41453.png'
08:18.248  render           | Saved: '/tmp/clearvla_eval_glass_41453.png'
08:18.632  render           | Saved: '/tmp/clearvla_eval_glass_41453.png'
08:19.049  render           | Saved: '/tmp/clearvla_eval_glass_41453.png'
08:19.447  render           | Saved: '/tmp/clearvla_eval_glass_41453.png'
08:19.864  render           | Saved: '/tmp/clearvla_eval_glass_41453.png'
08:20.260  render           | Saved: '/tmp/clearvla_eval_glass_41453.png'
08:20.673  render           | Saved: '/tmp/clearvla_eval_glass_41453.png'
08:21.057  render           | Saved: '/tmp/clearvla_eval_glass_41453.png'
08:21.483  render           | Saved: '/tmp/clearvla_eval_glass_41453.png'
08:21.861  render           | Saved: '/tmp/clearvla_eval_glass_41453.png'
08:22.272  render           | Saved: '/tmp/clearvla_eval_glass_41453.png'
08:22.640  render           | Saved: '/tmp/clearvla_eval_glass_41453.png'
08:23.080  render           | Saved: '/tmp/clearvla_eval_glass_41453.png'
08:23.450  render           | Saved: '/tmp/clearvla_eval_glass_41453.png'
08:23.885  render           | Saved: '/tmp/clearvla_eval_glass_41453.png'
08:24.245  render           | Saved: '/tmp/clearvla_eval_glass_41453.png'
08:24.698  render           | Saved: '/tmp/clearvla_eval_glass_41453.png'
08:25.097  render           | Saved: '/tmp/clearvla_eval_glass_41453.png'
08:25.540  render           | Saved: '/tmp/clearvla_eval_glass_41453.png'
08:25.911  render           | Saved: '/tmp/clearvla_eval_glass_41453.png'
08:26.360  render           | Saved: '/tmp/clearvla_eval_glass_41453.png'
08:26.758  render           | Saved: '/tmp/clearvla_eval_glass_41453.png'
08:27.232  render           | Saved: '/tmp/clearvla_eval_glass_41453.png'
08:27.631  render           | Saved: '/tmp/clearvla_eval_glass_41453.png'
08:28.116  render           | Saved: '/tmp/clearvla_eval_glass_41453.png'
08:28.498  render           | Saved: '/tmp/clearvla_eval_glass_41453.png'
08:28.957  render           | Saved: '/tmp/clearvla_eval_glass_41453.png'
08:29.366  render           | Saved: '/tmp/clearvla_eval_glass_41453.png'
08:29.852  render           | Saved: '/tmp/clearvla_eval_glass_41453.png'
08:30.237  render           | Saved: '/tmp/clearvla_eval_glass_41453.png'
08:30.733  render           | Saved: '/tmp/clearvla_eval_glass_41453.png'
08:31.122  render           | Saved: '/tmp/clearvla_eval_glass_41453.png'
08:31.599  render           | Saved: '/tmp/clearvla_eval_glass_41453.png'
08:31.974  render           | Saved: '/tmp/clearvla_eval_glass_41453.png'
08:32.484  render           | Saved: '/tmp/clearvla_eval_glass_41453.png'
08:32.875  render           | Saved: '/tmp/clearvla_eval_glass_41453.png'
08:33.327  render           | Saved: '/tmp/clearvla_eval_glass_41453.png'
08:33.713  render           | Saved: '/tmp/clearvla_eval_glass_41453.png'
08:34.199  render           | Saved: '/tmp/clearvla_eval_glass_41453.png'
08:34.590  render           | Saved: '/tmp/clearvla_eval_glass_41453.png'
08:35.014  render           | Saved: '/tmp/clearvla_eval_glass_41453.png'
08:35.399  render           | Saved: '/tmp/clearvla_eval_glass_41453.png'
08:35.818  render           | Saved: '/tmp/clearvla_eval_glass_41453.png'
08:36.198  render           | Saved: '/tmp/clearvla_eval_glass_41453.png'
08:36.627  render           | Saved: '/tmp/clearvla_eval_glass_41453.png'
08:37.047  render           | Saved: '/tmp/clearvla_eval_glass_41453.png'
08:37.456  render           | Saved: '/tmp/clearvla_eval_glass_41453.png'
08:37.837  render           | Saved: '/tmp/clearvla_eval_glass_41453.png'
08:38.245  render           | Saved: '/tmp/clearvla_eval_glass_41453.png'
08:38.611  render           | Saved: '/tmp/clearvla_eval_glass_41453.png'
08:39.016  render           | Saved: '/tmp/clearvla_eval_glass_41453.png'
08:39.405  render           | Saved: '/tmp/clearvla_eval_glass_41453.png'
08:39.838  render           | Saved: '/tmp/clearvla_eval_glass_41453.png'
08:40.189  render           | Saved: '/tmp/clearvla_eval_glass_41453.png'
08:40.618  render           | Saved: '/tmp/clearvla_eval_glass_41453.png'
08:40.983  render           | Saved: '/tmp/clearvla_eval_glass_41453.png'
08:41.423  render           | Saved: '/tmp/clearvla_eval_glass_41453.png'
08:41.773  render           | Saved: '/tmp/clearvla_eval_glass_41453.png'
[prune50/glass] grasp: 23/30  (8.6 min, 31.1 s/ep)
08:42.627  render           | Saved: '/tmp/clearvla_eval_glass_41453.png'
08:42.969  render           | Saved: '/tmp/clearvla_eval_glass_41453.png'
08:43.387  render           | Saved: '/tmp/clearvla_eval_glass_41453.png'
08:43.731  render           | Saved: '/tmp/clearvla_eval_glass_41453.png'
08:44.141  render           | Saved: '/tmp/clearvla_eval_glass_41453.png'
08:44.482  render           | Saved: '/tmp/clearvla_eval_glass_41453.png'
08:44.912  render           | Saved: '/tmp/clearvla_eval_glass_41453.png'
08:45.272  render           | Saved: '/tmp/clearvla_eval_glass_41453.png'
08:45.705  render           | Saved: '/tmp/clearvla_eval_glass_41453.png'
08:46.091  render           | Saved: '/tmp/clearvla_eval_glass_41453.png'
08:46.576  render           | Saved: '/tmp/clearvla_eval_glass_41453.png'
08:46.963  render           | Saved: '/tmp/clearvla_eval_glass_41453.png'
08:47.444  render           | Saved: '/tmp/clearvla_eval_glass_41453.png'
08:47.819  render           | Saved: '/tmp/clearvla_eval_glass_41453.png'
08:48.275  render           | Saved: '/tmp/clearvla_eval_glass_41453.png'
08:48.688  render           | Saved: '/tmp/clearvla_eval_glass_41453.png'
08:49.106  render           | Saved: '/tmp/clearvla_eval_glass_41453.png'
08:49.519  render           | Saved: '/tmp/clearvla_eval_glass_41453.png'
08:49.944  render           | Saved: '/tmp/clearvla_eval_glass_41453.png'
08:50.308  render           | Saved: '/tmp/clearvla_eval_glass_41453.png'
08:50.733  render           | Saved: '/tmp/clearvla_eval_glass_41453.png'
08:51.105  render           | Saved: '/tmp/clearvla_eval_glass_41453.png'
08:51.552  render           | Saved: '/tmp/clearvla_eval_glass_41453.png'
08:51.915  render           | Saved: '/tmp/clearvla_eval_glass_41453.png'
08:52.353  render           | Saved: '/tmp/clearvla_eval_glass_41453.png'
08:52.705  render           | Saved: '/tmp/clearvla_eval_glass_41453.png'
08:53.126  render           | Saved: '/tmp/clearvla_eval_glass_41453.png'
08:53.486  render           | Saved: '/tmp/clearvla_eval_glass_41453.png'
08:54.324  render           | Saved: '/tmp/clearvla_eval_glass_41453.png'
08:54.659  render           | Saved: '/tmp/clearvla_eval_glass_41453.png'
08:55.074  render           | Saved: '/tmp/clearvla_eval_glass_41453.png'
08:55.421  render           | Saved: '/tmp/clearvla_eval_glass_41453.png'
08:55.826  render           | Saved: '/tmp/clearvla_eval_glass_41453.png'
08:56.183  render           | Saved: '/tmp/clearvla_eval_glass_41453.png'
08:56.651  render           | Saved: '/tmp/clearvla_eval_glass_41453.png'
08:57.059  render           | Saved: '/tmp/clearvla_eval_glass_41453.png'
08:57.536  render           | Saved: '/tmp/clearvla_eval_glass_41453.png'
08:57.923  render           | Saved: '/tmp/clearvla_eval_glass_41453.png'
08:58.410  render           | Saved: '/tmp/clearvla_eval_glass_41453.png'
08:58.788  render           | Saved: '/tmp/clearvla_eval_glass_41453.png'
08:59.258  render           | Saved: '/tmp/clearvla_eval_glass_41453.png'
08:59.632  render           | Saved: '/tmp/clearvla_eval_glass_41453.png'
09:00.128  render           | Saved: '/tmp/clearvla_eval_glass_41453.png'
09:00.507  render           | Saved: '/tmp/clearvla_eval_glass_41453.png'
09:00.960  render           | Saved: '/tmp/clearvla_eval_glass_41453.png'
09:01.361  render           | Saved: '/tmp/clearvla_eval_glass_41453.png'
09:01.775  render           | Saved: '/tmp/clearvla_eval_glass_41453.png'
09:02.183  render           | Saved: '/tmp/clearvla_eval_glass_41453.png'
09:02.607  render           | Saved: '/tmp/clearvla_eval_glass_41453.png'
09:02.979  render           | Saved: '/tmp/clearvla_eval_glass_41453.png'
09:03.414  render           | Saved: '/tmp/clearvla_eval_glass_41453.png'
09:03.768  render           | Saved: '/tmp/clearvla_eval_glass_41453.png'
09:04.192  render           | Saved: '/tmp/clearvla_eval_glass_41453.png'
09:04.563  render           | Saved: '/tmp/clearvla_eval_glass_41453.png'
09:04.982  render           | Saved: '/tmp/clearvla_eval_glass_41453.png'
09:05.336  render           | Saved: '/tmp/clearvla_eval_glass_41453.png'
09:06.180  render           | Saved: '/tmp/clearvla_eval_glass_41453.png'
09:06.519  render           | Saved: '/tmp/clearvla_eval_glass_41453.png'
09:06.935  render           | Saved: '/tmp/clearvla_eval_glass_41453.png'
09:07.289  render           | Saved: '/tmp/clearvla_eval_glass_41453.png'
09:07.723  render           | Saved: '/tmp/clearvla_eval_glass_41453.png'
09:08.102  render           | Saved: '/tmp/clearvla_eval_glass_41453.png'
09:08.570  render           | Saved: '/tmp/clearvla_eval_glass_41453.png'
09:08.948  render           | Saved: '/tmp/clearvla_eval_glass_41453.png'
09:09.424  render           | Saved: '/tmp/clearvla_eval_glass_41453.png'
09:09.810  render           | Saved: '/tmp/clearvla_eval_glass_41453.png'
09:10.268  render           | Saved: '/tmp/clearvla_eval_glass_41453.png'
09:10.654  render           | Saved: '/tmp/clearvla_eval_glass_41453.png'
09:11.124  render           | Saved: '/tmp/clearvla_eval_glass_41453.png'
09:11.506  render           | Saved: '/tmp/clearvla_eval_glass_41453.png'
09:11.983  render           | Saved: '/tmp/clearvla_eval_glass_41453.png'
09:12.365  render           | Saved: '/tmp/clearvla_eval_glass_41453.png'
09:12.834  render           | Saved: '/tmp/clearvla_eval_glass_41453.png'
09:13.226  render           | Saved: '/tmp/clearvla_eval_glass_41453.png'
09:13.669  render           | Saved: '/tmp/clearvla_eval_glass_41453.png'
09:14.083  render           | Saved: '/tmp/clearvla_eval_glass_41453.png'
09:14.497  render           | Saved: '/tmp/clearvla_eval_glass_41453.png'
09:14.875  render           | Saved: '/tmp/clearvla_eval_glass_41453.png'
09:15.283  render           | Saved: '/tmp/clearvla_eval_glass_41453.png'
09:15.668  render           | Saved: '/tmp/clearvla_eval_glass_41453.png'
09:16.100  render           | Saved: '/tmp/clearvla_eval_glass_41453.png'
09:16.463  render           | Saved: '/tmp/clearvla_eval_glass_41453.png'
09:16.896  render           | Saved: '/tmp/clearvla_eval_glass_41453.png'
09:17.243  render           | Saved: '/tmp/clearvla_eval_glass_41453.png'
09:17.661  render           | Saved: '/tmp/clearvla_eval_glass_41453.png'
09:18.005  render           | Saved: '/tmp/clearvla_eval_glass_41453.png'
09:18.845  render           | Saved: '/tmp/clearvla_eval_glass_41453.png'
09:19.178  render           | Saved: '/tmp/clearvla_eval_glass_41453.png'
09:19.584  render           | Saved: '/tmp/clearvla_eval_glass_41453.png'
09:19.930  render           | Saved: '/tmp/clearvla_eval_glass_41453.png'
09:20.363  render           | Saved: '/tmp/clearvla_eval_glass_41453.png'
09:20.717  render           | Saved: '/tmp/clearvla_eval_glass_41453.png'
09:21.172  render           | Saved: '/tmp/clearvla_eval_glass_41453.png'
09:21.573  render           | Saved: '/tmp/clearvla_eval_glass_41453.png'
09:22.053  render           | Saved: '/tmp/clearvla_eval_glass_41453.png'
09:22.433  render           | Saved: '/tmp/clearvla_eval_glass_41453.png'
09:22.896  render           | Saved: '/tmp/clearvla_eval_glass_41453.png'
09:23.285  render           | Saved: '/tmp/clearvla_eval_glass_41453.png'
09:23.736  render           | Saved: '/tmp/clearvla_eval_glass_41453.png'
09:24.120  render           | Saved: '/tmp/clearvla_eval_glass_41453.png'
09:24.585  render           | Saved: '/tmp/clearvla_eval_glass_41453.png'
09:24.967  render           | Saved: '/tmp/clearvla_eval_glass_41453.png'
09:25.403  render           | Saved: '/tmp/clearvla_eval_glass_41453.png'
09:25.778  render           | Saved: '/tmp/clearvla_eval_glass_41453.png'
09:26.257  render           | Saved: '/tmp/clearvla_eval_glass_41453.png'
09:26.647  render           | Saved: '/tmp/clearvla_eval_glass_41453.png'
09:27.081  render           | Saved: '/tmp/clearvla_eval_glass_41453.png'
09:27.462  render           | Saved: '/tmp/clearvla_eval_glass_41453.png'
09:27.879  render           | Saved: '/tmp/clearvla_eval_glass_41453.png'
09:28.285  render           | Saved: '/tmp/clearvla_eval_glass_41453.png'
09:28.695  render           | Saved: '/tmp/clearvla_eval_glass_41453.png'
09:29.108  render           | Saved: '/tmp/clearvla_eval_glass_41453.png'
09:29.525  render           | Saved: '/tmp/clearvla_eval_glass_41453.png'
09:29.889  render           | Saved: '/tmp/clearvla_eval_glass_41453.png'
09:30.735  render           | Saved: '/tmp/clearvla_eval_glass_41453.png'
09:31.066  render           | Saved: '/tmp/clearvla_eval_glass_41453.png'
09:31.485  render           | Saved: '/tmp/clearvla_eval_glass_41453.png'
09:31.822  render           | Saved: '/tmp/clearvla_eval_glass_41453.png'
09:32.230  render           | Saved: '/tmp/clearvla_eval_glass_41453.png'
09:32.571  render           | Saved: '/tmp/clearvla_eval_glass_41453.png'
09:33.009  render           | Saved: '/tmp/clearvla_eval_glass_41453.png'
09:33.388  render           | Saved: '/tmp/clearvla_eval_glass_41453.png'
09:33.896  render           | Saved: '/tmp/clearvla_eval_glass_41453.png'
09:34.293  render           | Saved: '/tmp/clearvla_eval_glass_41453.png'
09:34.760  render           | Saved: '/tmp/clearvla_eval_glass_41453.png'
09:35.160  render           | Saved: '/tmp/clearvla_eval_glass_41453.png'
09:35.638  render           | Saved: '/tmp/clearvla_eval_glass_41453.png'
09:36.028  render           | Saved: '/tmp/clearvla_eval_glass_41453.png'
09:36.503  render           | Saved: '/tmp/clearvla_eval_glass_41453.png'
09:36.888  render           | Saved: '/tmp/clearvla_eval_glass_41453.png'
09:37.350  render           | Saved: '/tmp/clearvla_eval_glass_41453.png'
09:37.740  render           | Saved: '/tmp/clearvla_eval_glass_41453.png'
09:38.225  render           | Saved: '/tmp/clearvla_eval_glass_41453.png'
09:38.604  render           | Saved: '/tmp/clearvla_eval_glass_41453.png'
09:39.060  render           | Saved: '/tmp/clearvla_eval_glass_41453.png'
09:39.475  render           | Saved: '/tmp/clearvla_eval_glass_41453.png'
09:39.893  render           | Saved: '/tmp/clearvla_eval_glass_41453.png'
09:40.311  render           | Saved: '/tmp/clearvla_eval_glass_41453.png'
09:40.742  render           | Saved: '/tmp/clearvla_eval_glass_41453.png'
09:41.119  render           | Saved: '/tmp/clearvla_eval_glass_41453.png'
09:41.546  render           | Saved: '/tmp/clearvla_eval_glass_41453.png'
09:41.928  render           | Saved: '/tmp/clearvla_eval_glass_41453.png'
09:42.327  render           | Saved: '/tmp/clearvla_eval_glass_41453.png'
09:42.715  render           | Saved: '/tmp/clearvla_eval_glass_41453.png'
09:43.130  render           | Saved: '/tmp/clearvla_eval_glass_41453.png'
09:43.514  render           | Saved: '/tmp/clearvla_eval_glass_41453.png'
09:44.343  render           | Saved: '/tmp/clearvla_eval_glass_41453.png'
09:44.678  render           | Saved: '/tmp/clearvla_eval_glass_41453.png'
09:45.119  render           | Saved: '/tmp/clearvla_eval_glass_41453.png'
09:45.492  render           | Saved: '/tmp/clearvla_eval_glass_41453.png'
09:45.977  render           | Saved: '/tmp/clearvla_eval_glass_41453.png'
09:46.370  render           | Saved: '/tmp/clearvla_eval_glass_41453.png'
09:46.851  render           | Saved: '/tmp/clearvla_eval_glass_41453.png'
09:47.233  render           | Saved: '/tmp/clearvla_eval_glass_41453.png'
09:47.729  render           | Saved: '/tmp/clearvla_eval_glass_41453.png'
09:48.135  render           | Saved: '/tmp/clearvla_eval_glass_41453.png'
09:48.629  render           | Saved: '/tmp/clearvla_eval_glass_41453.png'
09:49.026  render           | Saved: '/tmp/clearvla_eval_glass_41453.png'
09:49.491  render           | Saved: '/tmp/clearvla_eval_glass_41453.png'
09:49.879  render           | Saved: '/tmp/clearvla_eval_glass_41453.png'
09:50.328  render           | Saved: '/tmp/clearvla_eval_glass_41453.png'
09:50.717  render           | Saved: '/tmp/clearvla_eval_glass_41453.png'
09:51.158  render           | Saved: '/tmp/clearvla_eval_glass_41453.png'
09:51.572  render           | Saved: '/tmp/clearvla_eval_glass_41453.png'
09:51.982  render           | Saved: '/tmp/clearvla_eval_glass_41453.png'
09:52.401  render           | Saved: '/tmp/clearvla_eval_glass_41453.png'
09:52.818  render           | Saved: '/tmp/clearvla_eval_glass_41453.png'
09:53.204  render           | Saved: '/tmp/clearvla_eval_glass_41453.png'
09:53.614  render           | Saved: '/tmp/clearvla_eval_glass_41453.png'
09:53.994  render           | Saved: '/tmp/clearvla_eval_glass_41453.png'
09:54.409  render           | Saved: '/tmp/clearvla_eval_glass_41453.png'
09:54.795  render           | Saved: '/tmp/clearvla_eval_glass_41453.png'
09:55.205  render           | Saved: '/tmp/clearvla_eval_glass_41453.png'
09:55.580  render           | Saved: '/tmp/clearvla_eval_glass_41453.png'
09:55.989  render           | Saved: '/tmp/clearvla_eval_glass_41453.png'
09:56.383  render           | Saved: '/tmp/clearvla_eval_glass_41453.png'
09:56.792  render           | Saved: '/tmp/clearvla_eval_glass_41453.png'
09:57.170  render           | Saved: '/tmp/clearvla_eval_glass_41453.png'
09:57.585  render           | Saved: '/tmp/clearvla_eval_glass_41453.png'
09:57.967  render           | Saved: '/tmp/clearvla_eval_glass_41453.png'
09:58.374  render           | Saved: '/tmp/clearvla_eval_glass_41453.png'
09:58.739  render           | Saved: '/tmp/clearvla_eval_glass_41453.png'
09:59.154  render           | Saved: '/tmp/clearvla_eval_glass_41453.png'
09:59.570  render           | Saved: '/tmp/clearvla_eval_glass_41453.png'
09:59.985  render           | Saved: '/tmp/clearvla_eval_glass_41453.png'
10:00.362  render           | Saved: '/tmp/clearvla_eval_glass_41453.png'
10:00.776  render           | Saved: '/tmp/clearvla_eval_glass_41453.png'
10:01.156  render           | Saved: '/tmp/clearvla_eval_glass_41453.png'
10:01.575  render           | Saved: '/tmp/clearvla_eval_glass_41453.png'
10:01.962  render           | Saved: '/tmp/clearvla_eval_glass_41453.png'
10:02.390  render           | Saved: '/tmp/clearvla_eval_glass_41453.png'
10:02.764  render           | Saved: '/tmp/clearvla_eval_glass_41453.png'
10:03.179  render           | Saved: '/tmp/clearvla_eval_glass_41453.png'
10:03.558  render           | Saved: '/tmp/clearvla_eval_glass_41453.png'
10:03.974  render           | Saved: '/tmp/clearvla_eval_glass_41453.png'
10:04.351  render           | Saved: '/tmp/clearvla_eval_glass_41453.png'
10:04.768  render           | Saved: '/tmp/clearvla_eval_glass_41453.png'
10:05.129  render           | Saved: '/tmp/clearvla_eval_glass_41453.png'
10:05.542  render           | Saved: '/tmp/clearvla_eval_glass_41453.png'
10:05.908  render           | Saved: '/tmp/clearvla_eval_glass_41453.png'
10:06.321  render           | Saved: '/tmp/clearvla_eval_glass_41453.png'
10:06.686  render           | Saved: '/tmp/clearvla_eval_glass_41453.png'
10:07.110  render           | Saved: '/tmp/clearvla_eval_glass_41453.png'
10:07.491  render           | Saved: '/tmp/clearvla_eval_glass_41453.png'
10:07.905  render           | Saved: '/tmp/clearvla_eval_glass_41453.png'
10:08.296  render           | Saved: '/tmp/clearvla_eval_glass_41453.png'
10:08.705  render           | Saved: '/tmp/clearvla_eval_glass_41453.png'
10:09.079  render           | Saved: '/tmp/clearvla_eval_glass_41453.png'
10:09.484  render           | Saved: '/tmp/clearvla_eval_glass_41453.png'
10:09.871  render           | Saved: '/tmp/clearvla_eval_glass_41453.png'
10:10.278  render           | Saved: '/tmp/clearvla_eval_glass_41453.png'
10:10.673  render           | Saved: '/tmp/clearvla_eval_glass_41453.png'
10:11.081  render           | Saved: '/tmp/clearvla_eval_glass_41453.png'
10:11.452  render           | Saved: '/tmp/clearvla_eval_glass_41453.png'
10:11.866  render           | Saved: '/tmp/clearvla_eval_glass_41453.png'
10:12.231  render           | Saved: '/tmp/clearvla_eval_glass_41453.png'
10:12.648  render           | Saved: '/tmp/clearvla_eval_glass_41453.png'
10:13.047  render           | Saved: '/tmp/clearvla_eval_glass_41453.png'
10:13.449  render           | Saved: '/tmp/clearvla_eval_glass_41453.png'
10:13.846  render           | Saved: '/tmp/clearvla_eval_glass_41453.png'
10:14.243  render           | Saved: '/tmp/clearvla_eval_glass_41453.png'
10:14.622  render           | Saved: '/tmp/clearvla_eval_glass_41453.png'
10:15.458  render           | Saved: '/tmp/clearvla_eval_glass_41453.png'
10:15.811  render           | Saved: '/tmp/clearvla_eval_glass_41453.png'
10:16.279  render           | Saved: '/tmp/clearvla_eval_glass_41453.png'
10:16.664  render           | Saved: '/tmp/clearvla_eval_glass_41453.png'
10:17.127  render           | Saved: '/tmp/clearvla_eval_glass_41453.png'
10:17.516  render           | Saved: '/tmp/clearvla_eval_glass_41453.png'
10:18.011  render           | Saved: '/tmp/clearvla_eval_glass_41453.png'
10:18.403  render           | Saved: '/tmp/clearvla_eval_glass_41453.png'
10:18.866  render           | Saved: '/tmp/clearvla_eval_glass_41453.png'
10:19.247  render           | Saved: '/tmp/clearvla_eval_glass_41453.png'
10:19.709  render           | Saved: '/tmp/clearvla_eval_glass_41453.png'
10:20.102  render           | Saved: '/tmp/clearvla_eval_glass_41453.png'
10:20.579  render           | Saved: '/tmp/clearvla_eval_glass_41453.png'
10:20.960  render           | Saved: '/tmp/clearvla_eval_glass_41453.png'
10:21.424  render           | Saved: '/tmp/clearvla_eval_glass_41453.png'
10:21.801  render           | Saved: '/tmp/clearvla_eval_glass_41453.png'
10:22.240  render           | Saved: '/tmp/clearvla_eval_glass_41453.png'
10:22.623  render           | Saved: '/tmp/clearvla_eval_glass_41453.png'
10:23.044  render           | Saved: '/tmp/clearvla_eval_glass_41453.png'
10:23.451  render           | Saved: '/tmp/clearvla_eval_glass_41453.png'
10:23.866  render           | Saved: '/tmp/clearvla_eval_glass_41453.png'
10:24.246  render           | Saved: '/tmp/clearvla_eval_glass_41453.png'
10:24.658  render           | Saved: '/tmp/clearvla_eval_glass_41453.png'
10:25.036  render           | Saved: '/tmp/clearvla_eval_glass_41453.png'
10:25.454  render           | Saved: '/tmp/clearvla_eval_glass_41453.png'
10:25.826  render           | Saved: '/tmp/clearvla_eval_glass_41453.png'
10:26.244  render           | Saved: '/tmp/clearvla_eval_glass_41453.png'
10:26.631  render           | Saved: '/tmp/clearvla_eval_glass_41453.png'
10:27.042  render           | Saved: '/tmp/clearvla_eval_glass_41453.png'
10:27.422  render           | Saved: '/tmp/clearvla_eval_glass_41453.png'
10:28.248  render           | Saved: '/tmp/clearvla_eval_glass_41453.png'
10:28.587  render           | Saved: '/tmp/clearvla_eval_glass_41453.png'
10:29.005  render           | Saved: '/tmp/clearvla_eval_glass_41453.png'
10:29.357  render           | Saved: '/tmp/clearvla_eval_glass_41453.png'
10:29.773  render           | Saved: '/tmp/clearvla_eval_glass_41453.png'
10:30.140  render           | Saved: '/tmp/clearvla_eval_glass_41453.png'
10:30.586  render           | Saved: '/tmp/clearvla_eval_glass_41453.png'
10:30.964  render           | Saved: '/tmp/clearvla_eval_glass_41453.png'
10:31.448  render           | Saved: '/tmp/clearvla_eval_glass_41453.png'
10:31.821  render           | Saved: '/tmp/clearvla_eval_glass_41453.png'
10:32.292  render           | Saved: '/tmp/clearvla_eval_glass_41453.png'
10:32.677  render           | Saved: '/tmp/clearvla_eval_glass_41453.png'
10:33.151  render           | Saved: '/tmp/clearvla_eval_glass_41453.png'
10:33.545  render           | Saved: '/tmp/clearvla_eval_glass_41453.png'
10:34.009  render           | Saved: '/tmp/clearvla_eval_glass_41453.png'
10:34.382  render           | Saved: '/tmp/clearvla_eval_glass_41453.png'
10:34.870  render           | Saved: '/tmp/clearvla_eval_glass_41453.png'
10:35.252  render           | Saved: '/tmp/clearvla_eval_glass_41453.png'
10:35.731  render           | Saved: '/tmp/clearvla_eval_glass_41453.png'
10:36.145  render           | Saved: '/tmp/clearvla_eval_glass_41453.png'
10:36.640  render           | Saved: '/tmp/clearvla_eval_glass_41453.png'
10:37.020  render           | Saved: '/tmp/clearvla_eval_glass_41453.png'
10:37.483  render           | Saved: '/tmp/clearvla_eval_glass_41453.png'
10:37.869  render           | Saved: '/tmp/clearvla_eval_glass_41453.png'
10:38.338  render           | Saved: '/tmp/clearvla_eval_glass_41453.png'
10:38.719  render           | Saved: '/tmp/clearvla_eval_glass_41453.png'
10:39.186  render           | Saved: '/tmp/clearvla_eval_glass_41453.png'
10:39.565  render           | Saved: '/tmp/clearvla_eval_glass_41453.png'
10:40.392  render           | Saved: '/tmp/clearvla_eval_glass_41453.png'
10:40.775  render           | Saved: '/tmp/clearvla_eval_glass_41453.png'
10:41.207  render           | Saved: '/tmp/clearvla_eval_glass_41453.png'
10:41.582  render           | Saved: '/tmp/clearvla_eval_glass_41453.png'
10:41.993  render           | Saved: '/tmp/clearvla_eval_glass_41453.png'
10:42.377  render           | Saved: '/tmp/clearvla_eval_glass_41453.png'
10:42.790  render           | Saved: '/tmp/clearvla_eval_glass_41453.png'
10:43.187  render           | Saved: '/tmp/clearvla_eval_glass_41453.png'
10:43.596  render           | Saved: '/tmp/clearvla_eval_glass_41453.png'
10:43.983  render           | Saved: '/tmp/clearvla_eval_glass_41453.png'
10:44.400  render           | Saved: '/tmp/clearvla_eval_glass_41453.png'
10:44.774  render           | Saved: '/tmp/clearvla_eval_glass_41453.png'
10:45.194  render           | Saved: '/tmp/clearvla_eval_glass_41453.png'
10:45.591  render           | Saved: '/tmp/clearvla_eval_glass_41453.png'
10:46.059  render           | Saved: '/tmp/clearvla_eval_glass_41453.png'
10:46.407  render           | Saved: '/tmp/clearvla_eval_glass_41453.png'
10:46.840  render           | Saved: '/tmp/clearvla_eval_glass_41453.png'
10:47.190  render           | Saved: '/tmp/clearvla_eval_glass_41453.png'
10:47.630  render           | Saved: '/tmp/clearvla_eval_glass_41453.png'
10:47.986  render           | Saved: '/tmp/clearvla_eval_glass_41453.png'
10:48.421  render           | Saved: '/tmp/clearvla_eval_glass_41453.png'
10:48.768  render           | Saved: '/tmp/clearvla_eval_glass_41453.png'
10:49.204  render           | Saved: '/tmp/clearvla_eval_glass_41453.png'
10:49.555  render           | Saved: '/tmp/clearvla_eval_glass_41453.png'
10:49.984  render           | Saved: '/tmp/clearvla_eval_glass_41453.png'
10:50.342  render           | Saved: '/tmp/clearvla_eval_glass_41453.png'
10:50.765  render           | Saved: '/tmp/clearvla_eval_glass_41453.png'
10:51.125  render           | Saved: '/tmp/clearvla_eval_glass_41453.png'
10:51.966  render           | Saved: '/tmp/clearvla_eval_glass_41453.png'
10:52.302  render           | Saved: '/tmp/clearvla_eval_glass_41453.png'
10:52.722  render           | Saved: '/tmp/clearvla_eval_glass_41453.png'
10:53.067  render           | Saved: '/tmp/clearvla_eval_glass_41453.png'
10:53.510  render           | Saved: '/tmp/clearvla_eval_glass_41453.png'
10:53.877  render           | Saved: '/tmp/clearvla_eval_glass_41453.png'
10:54.301  render           | Saved: '/tmp/clearvla_eval_glass_41453.png'
10:54.689  render           | Saved: '/tmp/clearvla_eval_glass_41453.png'
10:55.112  render           | Saved: '/tmp/clearvla_eval_glass_41453.png'
10:55.495  render           | Saved: '/tmp/clearvla_eval_glass_41453.png'
10:55.926  render           | Saved: '/tmp/clearvla_eval_glass_41453.png'
10:56.311  render           | Saved: '/tmp/clearvla_eval_glass_41453.png'
10:56.724  render           | Saved: '/tmp/clearvla_eval_glass_41453.png'
10:57.099  render           | Saved: '/tmp/clearvla_eval_glass_41453.png'
10:57.530  render           | Saved: '/tmp/clearvla_eval_glass_41453.png'
10:57.892  render           | Saved: '/tmp/clearvla_eval_glass_41453.png'
10:58.321  render           | Saved: '/tmp/clearvla_eval_glass_41453.png'
10:58.689  render           | Saved: '/tmp/clearvla_eval_glass_41453.png'
10:59.125  render           | Saved: '/tmp/clearvla_eval_glass_41453.png'
10:59.492  render           | Saved: '/tmp/clearvla_eval_glass_41453.png'
10:59.925  render           | Saved: '/tmp/clearvla_eval_glass_41453.png'
11:00.289  render           | Saved: '/tmp/clearvla_eval_glass_41453.png'
11:00.736  render           | Saved: '/tmp/clearvla_eval_glass_41453.png'
11:01.099  render           | Saved: '/tmp/clearvla_eval_glass_41453.png'
11:01.564  render           | Saved: '/tmp/clearvla_eval_glass_41453.png'
11:01.927  render           | Saved: '/tmp/clearvla_eval_glass_41453.png'
11:02.366  render           | Saved: '/tmp/clearvla_eval_glass_41453.png'
11:02.712  render           | Saved: '/tmp/clearvla_eval_glass_41453.png'
11:03.142  render           | Saved: '/tmp/clearvla_eval_glass_41453.png'
11:03.501  render           | Saved: '/tmp/clearvla_eval_glass_41453.png'
[prune50/glass] grasp: 32/40  (11.0 min, 11.9 s/ep)
11:04.341  render           | Saved: '/tmp/clearvla_eval_glass_41453.png'
11:04.678  render           | Saved: '/tmp/clearvla_eval_glass_41453.png'
11:05.144  render           | Saved: '/tmp/clearvla_eval_glass_41453.png'
11:05.507  render           | Saved: '/tmp/clearvla_eval_glass_41453.png'
11:05.933  render           | Saved: '/tmp/clearvla_eval_glass_41453.png'
11:06.291  render           | Saved: '/tmp/clearvla_eval_glass_41453.png'
11:06.720  render           | Saved: '/tmp/clearvla_eval_glass_41453.png'
11:07.081  render           | Saved: '/tmp/clearvla_eval_glass_41453.png'
11:07.510  render           | Saved: '/tmp/clearvla_eval_glass_41453.png'
11:07.870  render           | Saved: '/tmp/clearvla_eval_glass_41453.png'
11:08.282  render           | Saved: '/tmp/clearvla_eval_glass_41453.png'
11:08.669  render           | Saved: '/tmp/clearvla_eval_glass_41453.png'
11:09.097  render           | Saved: '/tmp/clearvla_eval_glass_41453.png'
11:09.480  render           | Saved: '/tmp/clearvla_eval_glass_41453.png'
11:09.909  render           | Saved: '/tmp/clearvla_eval_glass_41453.png'
11:10.293  render           | Saved: '/tmp/clearvla_eval_glass_41453.png'
11:10.712  render           | Saved: '/tmp/clearvla_eval_glass_41453.png'
11:11.085  render           | Saved: '/tmp/clearvla_eval_glass_41453.png'
11:11.516  render           | Saved: '/tmp/clearvla_eval_glass_41453.png'
11:11.892  render           | Saved: '/tmp/clearvla_eval_glass_41453.png'
11:12.322  render           | Saved: '/tmp/clearvla_eval_glass_41453.png'
11:12.683  render           | Saved: '/tmp/clearvla_eval_glass_41453.png'
11:13.106  render           | Saved: '/tmp/clearvla_eval_glass_41453.png'
11:13.470  render           | Saved: '/tmp/clearvla_eval_glass_41453.png'
11:13.905  render           | Saved: '/tmp/clearvla_eval_glass_41453.png'
11:14.267  render           | Saved: '/tmp/clearvla_eval_glass_41453.png'
11:14.686  render           | Saved: '/tmp/clearvla_eval_glass_41453.png'
11:15.044  render           | Saved: '/tmp/clearvla_eval_glass_41453.png'
11:15.875  render           | Saved: '/tmp/clearvla_eval_glass_41453.png'
11:16.219  render           | Saved: '/tmp/clearvla_eval_glass_41453.png'
11:16.630  render           | Saved: '/tmp/clearvla_eval_glass_41453.png'
11:16.980  render           | Saved: '/tmp/clearvla_eval_glass_41453.png'
11:17.425  render           | Saved: '/tmp/clearvla_eval_glass_41453.png'
11:17.805  render           | Saved: '/tmp/clearvla_eval_glass_41453.png'
11:18.224  render           | Saved: '/tmp/clearvla_eval_glass_41453.png'
11:18.621  render           | Saved: '/tmp/clearvla_eval_glass_41453.png'
11:19.029  render           | Saved: '/tmp/clearvla_eval_glass_41453.png'
11:19.439  render           | Saved: '/tmp/clearvla_eval_glass_41453.png'
11:19.855  render           | Saved: '/tmp/clearvla_eval_glass_41453.png'
11:20.250  render           | Saved: '/tmp/clearvla_eval_glass_41453.png'
11:20.672  render           | Saved: '/tmp/clearvla_eval_glass_41453.png'
11:21.055  render           | Saved: '/tmp/clearvla_eval_glass_41453.png'
11:21.475  render           | Saved: '/tmp/clearvla_eval_glass_41453.png'
11:21.857  render           | Saved: '/tmp/clearvla_eval_glass_41453.png'
11:22.272  render           | Saved: '/tmp/clearvla_eval_glass_41453.png'
11:22.654  render           | Saved: '/tmp/clearvla_eval_glass_41453.png'
11:23.069  render           | Saved: '/tmp/clearvla_eval_glass_41453.png'
11:23.448  render           | Saved: '/tmp/clearvla_eval_glass_41453.png'
11:23.868  render           | Saved: '/tmp/clearvla_eval_glass_41453.png'
11:24.248  render           | Saved: '/tmp/clearvla_eval_glass_41453.png'
11:24.667  render           | Saved: '/tmp/clearvla_eval_glass_41453.png'
11:25.046  render           | Saved: '/tmp/clearvla_eval_glass_41453.png'
11:25.463  render           | Saved: '/tmp/clearvla_eval_glass_41453.png'
11:25.847  render           | Saved: '/tmp/clearvla_eval_glass_41453.png'
11:26.261  render           | Saved: '/tmp/clearvla_eval_glass_41453.png'
11:26.641  render           | Saved: '/tmp/clearvla_eval_glass_41453.png'
11:27.057  render           | Saved: '/tmp/clearvla_eval_glass_41453.png'
11:27.428  render           | Saved: '/tmp/clearvla_eval_glass_41453.png'
11:27.844  render           | Saved: '/tmp/clearvla_eval_glass_41453.png'
11:28.224  render           | Saved: '/tmp/clearvla_eval_glass_41453.png'
11:28.648  render           | Saved: '/tmp/clearvla_eval_glass_41453.png'
11:29.020  render           | Saved: '/tmp/clearvla_eval_glass_41453.png'
11:29.440  render           | Saved: '/tmp/clearvla_eval_glass_41453.png'
11:29.822  render           | Saved: '/tmp/clearvla_eval_glass_41453.png'
11:30.241  render           | Saved: '/tmp/clearvla_eval_glass_41453.png'
11:30.579  render           | Saved: '/tmp/clearvla_eval_glass_41453.png'
11:30.983  render           | Saved: '/tmp/clearvla_eval_glass_41453.png'
11:31.331  render           | Saved: '/tmp/clearvla_eval_glass_41453.png'
11:31.739  render           | Saved: '/tmp/clearvla_eval_glass_41453.png'
11:32.082  render           | Saved: '/tmp/clearvla_eval_glass_41453.png'
11:32.492  render           | Saved: '/tmp/clearvla_eval_glass_41453.png'
11:32.840  render           | Saved: '/tmp/clearvla_eval_glass_41453.png'
11:33.251  render           | Saved: '/tmp/clearvla_eval_glass_41453.png'
11:33.606  render           | Saved: '/tmp/clearvla_eval_glass_41453.png'
11:34.017  render           | Saved: '/tmp/clearvla_eval_glass_41453.png'
11:34.364  render           | Saved: '/tmp/clearvla_eval_glass_41453.png'
11:34.773  render           | Saved: '/tmp/clearvla_eval_glass_41453.png'
11:35.126  render           | Saved: '/tmp/clearvla_eval_glass_41453.png'
11:35.540  render           | Saved: '/tmp/clearvla_eval_glass_41453.png'
11:35.888  render           | Saved: '/tmp/clearvla_eval_glass_41453.png'
11:36.331  render           | Saved: '/tmp/clearvla_eval_glass_41453.png'
11:36.727  render           | Saved: '/tmp/clearvla_eval_glass_41453.png'
11:37.194  render           | Saved: '/tmp/clearvla_eval_glass_41453.png'
11:37.578  render           | Saved: '/tmp/clearvla_eval_glass_41453.png'
11:38.065  render           | Saved: '/tmp/clearvla_eval_glass_41453.png'
11:38.437  render           | Saved: '/tmp/clearvla_eval_glass_41453.png'
11:38.924  render           | Saved: '/tmp/clearvla_eval_glass_41453.png'
11:39.330  render           | Saved: '/tmp/clearvla_eval_glass_41453.png'
11:39.790  render           | Saved: '/tmp/clearvla_eval_glass_41453.png'
11:40.178  render           | Saved: '/tmp/clearvla_eval_glass_41453.png'
11:40.627  render           | Saved: '/tmp/clearvla_eval_glass_41453.png'
11:40.996  render           | Saved: '/tmp/clearvla_eval_glass_41453.png'
11:41.442  render           | Saved: '/tmp/clearvla_eval_glass_41453.png'
11:41.814  render           | Saved: '/tmp/clearvla_eval_glass_41453.png'
11:42.248  render           | Saved: '/tmp/clearvla_eval_glass_41453.png'
11:42.652  render           | Saved: '/tmp/clearvla_eval_glass_41453.png'
11:43.078  render           | Saved: '/tmp/clearvla_eval_glass_41453.png'
11:43.456  render           | Saved: '/tmp/clearvla_eval_glass_41453.png'
11:43.887  render           | Saved: '/tmp/clearvla_eval_glass_41453.png'
11:44.242  render           | Saved: '/tmp/clearvla_eval_glass_41453.png'
11:44.663  render           | Saved: '/tmp/clearvla_eval_glass_41453.png'
11:45.024  render           | Saved: '/tmp/clearvla_eval_glass_41453.png'
11:45.466  render           | Saved: '/tmp/clearvla_eval_glass_41453.png'
11:45.829  render           | Saved: '/tmp/clearvla_eval_glass_41453.png'
11:46.686  render           | Saved: '/tmp/clearvla_eval_glass_41453.png'
11:47.021  render           | Saved: '/tmp/clearvla_eval_glass_41453.png'
11:47.436  render           | Saved: '/tmp/clearvla_eval_glass_41453.png'
11:47.784  render           | Saved: '/tmp/clearvla_eval_glass_41453.png'
11:48.209  render           | Saved: '/tmp/clearvla_eval_glass_41453.png'
11:48.559  render           | Saved: '/tmp/clearvla_eval_glass_41453.png'
11:49.009  render           | Saved: '/tmp/clearvla_eval_glass_41453.png'
11:49.405  render           | Saved: '/tmp/clearvla_eval_glass_41453.png'
11:49.872  render           | Saved: '/tmp/clearvla_eval_glass_41453.png'
11:50.252  render           | Saved: '/tmp/clearvla_eval_glass_41453.png'
11:50.721  render           | Saved: '/tmp/clearvla_eval_glass_41453.png'
11:51.104  render           | Saved: '/tmp/clearvla_eval_glass_41453.png'
11:51.562  render           | Saved: '/tmp/clearvla_eval_glass_41453.png'
11:51.954  render           | Saved: '/tmp/clearvla_eval_glass_41453.png'
11:52.443  render           | Saved: '/tmp/clearvla_eval_glass_41453.png'
11:52.811  render           | Saved: '/tmp/clearvla_eval_glass_41453.png'
11:53.287  render           | Saved: '/tmp/clearvla_eval_glass_41453.png'
11:53.667  render           | Saved: '/tmp/clearvla_eval_glass_41453.png'
11:54.112  render           | Saved: '/tmp/clearvla_eval_glass_41453.png'
11:54.515  render           | Saved: '/tmp/clearvla_eval_glass_41453.png'
11:54.938  render           | Saved: '/tmp/clearvla_eval_glass_41453.png'
11:55.309  render           | Saved: '/tmp/clearvla_eval_glass_41453.png'
11:55.725  render           | Saved: '/tmp/clearvla_eval_glass_41453.png'
11:56.100  render           | Saved: '/tmp/clearvla_eval_glass_41453.png'
11:56.522  render           | Saved: '/tmp/clearvla_eval_glass_41453.png'
11:56.892  render           | Saved: '/tmp/clearvla_eval_glass_41453.png'
11:57.304  render           | Saved: '/tmp/clearvla_eval_glass_41453.png'
11:57.690  render           | Saved: '/tmp/clearvla_eval_glass_41453.png'
11:58.102  render           | Saved: '/tmp/clearvla_eval_glass_41453.png'
11:58.484  render           | Saved: '/tmp/clearvla_eval_glass_41453.png'
11:58.891  render           | Saved: '/tmp/clearvla_eval_glass_41453.png'
11:59.285  render           | Saved: '/tmp/clearvla_eval_glass_41453.png'
11:59.696  render           | Saved: '/tmp/clearvla_eval_glass_41453.png'
12:00.075  render           | Saved: '/tmp/clearvla_eval_glass_41453.png'
12:00.481  render           | Saved: '/tmp/clearvla_eval_glass_41453.png'
12:00.861  render           | Saved: '/tmp/clearvla_eval_glass_41453.png'
12:01.269  render           | Saved: '/tmp/clearvla_eval_glass_41453.png'
12:01.661  render           | Saved: '/tmp/clearvla_eval_glass_41453.png'
12:02.079  render           | Saved: '/tmp/clearvla_eval_glass_41453.png'
12:02.451  render           | Saved: '/tmp/clearvla_eval_glass_41453.png'
12:02.861  render           | Saved: '/tmp/clearvla_eval_glass_41453.png'
12:03.241  render           | Saved: '/tmp/clearvla_eval_glass_41453.png'
12:03.654  render           | Saved: '/tmp/clearvla_eval_glass_41453.png'
12:04.057  render           | Saved: '/tmp/clearvla_eval_glass_41453.png'
12:04.477  render           | Saved: '/tmp/clearvla_eval_glass_41453.png'
12:04.877  render           | Saved: '/tmp/clearvla_eval_glass_41453.png'
12:05.286  render           | Saved: '/tmp/clearvla_eval_glass_41453.png'
12:05.664  render           | Saved: '/tmp/clearvla_eval_glass_41453.png'
12:06.084  render           | Saved: '/tmp/clearvla_eval_glass_41453.png'
12:06.441  render           | Saved: '/tmp/clearvla_eval_glass_41453.png'
12:06.890  render           | Saved: '/tmp/clearvla_eval_glass_41453.png'
12:07.258  render           | Saved: '/tmp/clearvla_eval_glass_41453.png'
12:07.734  render           | Saved: '/tmp/clearvla_eval_glass_41453.png'
12:08.122  render           | Saved: '/tmp/clearvla_eval_glass_41453.png'
12:08.582  render           | Saved: '/tmp/clearvla_eval_glass_41453.png'
12:08.959  render           | Saved: '/tmp/clearvla_eval_glass_41453.png'
12:09.433  render           | Saved: '/tmp/clearvla_eval_glass_41453.png'
12:09.816  render           | Saved: '/tmp/clearvla_eval_glass_41453.png'
12:10.268  render           | Saved: '/tmp/clearvla_eval_glass_41453.png'
12:10.652  render           | Saved: '/tmp/clearvla_eval_glass_41453.png'
12:11.137  render           | Saved: '/tmp/clearvla_eval_glass_41453.png'
12:11.520  render           | Saved: '/tmp/clearvla_eval_glass_41453.png'
12:11.985  render           | Saved: '/tmp/clearvla_eval_glass_41453.png'
12:12.367  render           | Saved: '/tmp/clearvla_eval_glass_41453.png'
12:12.833  render           | Saved: '/tmp/clearvla_eval_glass_41453.png'
12:13.199  render           | Saved: '/tmp/clearvla_eval_glass_41453.png'
12:13.696  render           | Saved: '/tmp/clearvla_eval_glass_41453.png'
12:14.087  render           | Saved: '/tmp/clearvla_eval_glass_41453.png'
12:14.554  render           | Saved: '/tmp/clearvla_eval_glass_41453.png'
12:14.936  render           | Saved: '/tmp/clearvla_eval_glass_41453.png'
12:15.405  render           | Saved: '/tmp/clearvla_eval_glass_41453.png'
12:15.779  render           | Saved: '/tmp/clearvla_eval_glass_41453.png'
12:16.245  render           | Saved: '/tmp/clearvla_eval_glass_41453.png'
12:16.624  render           | Saved: '/tmp/clearvla_eval_glass_41453.png'
12:17.115  render           | Saved: '/tmp/clearvla_eval_glass_41453.png'
12:17.497  render           | Saved: '/tmp/clearvla_eval_glass_41453.png'
12:18.390  render           | Saved: '/tmp/clearvla_eval_glass_41453.png'
12:18.776  render           | Saved: '/tmp/clearvla_eval_glass_41453.png'
12:19.248  render           | Saved: '/tmp/clearvla_eval_glass_41453.png'
12:19.617  render           | Saved: '/tmp/clearvla_eval_glass_41453.png'
12:20.090  render           | Saved: '/tmp/clearvla_eval_glass_41453.png'
12:20.445  render           | Saved: '/tmp/clearvla_eval_glass_41453.png'
12:20.886  render           | Saved: '/tmp/clearvla_eval_glass_41453.png'
12:21.265  render           | Saved: '/tmp/clearvla_eval_glass_41453.png'
12:21.753  render           | Saved: '/tmp/clearvla_eval_glass_41453.png'
12:22.159  render           | Saved: '/tmp/clearvla_eval_glass_41453.png'
12:22.610  render           | Saved: '/tmp/clearvla_eval_glass_41453.png'
12:23.005  render           | Saved: '/tmp/clearvla_eval_glass_41453.png'
12:23.452  render           | Saved: '/tmp/clearvla_eval_glass_41453.png'
12:23.853  render           | Saved: '/tmp/clearvla_eval_glass_41453.png'
12:24.314  render           | Saved: '/tmp/clearvla_eval_glass_41453.png'
12:24.694  render           | Saved: '/tmp/clearvla_eval_glass_41453.png'
12:25.171  render           | Saved: '/tmp/clearvla_eval_glass_41453.png'
12:25.553  render           | Saved: '/tmp/clearvla_eval_glass_41453.png'
12:26.028  render           | Saved: '/tmp/clearvla_eval_glass_41453.png'
12:26.414  render           | Saved: '/tmp/clearvla_eval_glass_41453.png'
12:26.885  render           | Saved: '/tmp/clearvla_eval_glass_41453.png'
12:27.262  render           | Saved: '/tmp/clearvla_eval_glass_41453.png'
12:27.727  render           | Saved: '/tmp/clearvla_eval_glass_41453.png'
12:28.115  render           | Saved: '/tmp/clearvla_eval_glass_41453.png'
12:28.584  render           | Saved: '/tmp/clearvla_eval_glass_41453.png'
12:28.963  render           | Saved: '/tmp/clearvla_eval_glass_41453.png'
12:29.427  render           | Saved: '/tmp/clearvla_eval_glass_41453.png'
12:29.835  render           | Saved: '/tmp/clearvla_eval_glass_41453.png'
12:30.671  render           | Saved: '/tmp/clearvla_eval_glass_41453.png'
12:31.057  render           | Saved: '/tmp/clearvla_eval_glass_41453.png'
12:31.486  render           | Saved: '/tmp/clearvla_eval_glass_41453.png'
12:31.849  render           | Saved: '/tmp/clearvla_eval_glass_41453.png'
12:32.307  render           | Saved: '/tmp/clearvla_eval_glass_41453.png'
12:32.702  render           | Saved: '/tmp/clearvla_eval_glass_41453.png'
12:33.181  render           | Saved: '/tmp/clearvla_eval_glass_41453.png'
12:33.600  render           | Saved: '/tmp/clearvla_eval_glass_41453.png'
12:34.099  render           | Saved: '/tmp/clearvla_eval_glass_41453.png'
12:34.514  render           | Saved: '/tmp/clearvla_eval_glass_41453.png'
12:34.977  render           | Saved: '/tmp/clearvla_eval_glass_41453.png'
12:35.356  render           | Saved: '/tmp/clearvla_eval_glass_41453.png'
12:35.817  render           | Saved: '/tmp/clearvla_eval_glass_41453.png'
12:36.202  render           | Saved: '/tmp/clearvla_eval_glass_41453.png'
12:36.664  render           | Saved: '/tmp/clearvla_eval_glass_41453.png'
12:37.046  render           | Saved: '/tmp/clearvla_eval_glass_41453.png'
12:37.494  render           | Saved: '/tmp/clearvla_eval_glass_41453.png'
12:37.871  render           | Saved: '/tmp/clearvla_eval_glass_41453.png'
12:38.349  render           | Saved: '/tmp/clearvla_eval_glass_41453.png'
12:38.757  render           | Saved: '/tmp/clearvla_eval_glass_41453.png'
12:39.232  render           | Saved: '/tmp/clearvla_eval_glass_41453.png'
12:39.608  render           | Saved: '/tmp/clearvla_eval_glass_41453.png'
12:40.089  render           | Saved: '/tmp/clearvla_eval_glass_41453.png'
12:40.465  render           | Saved: '/tmp/clearvla_eval_glass_41453.png'
12:40.918  render           | Saved: '/tmp/clearvla_eval_glass_41453.png'
12:41.325  render           | Saved: '/tmp/clearvla_eval_glass_41453.png'
12:41.786  render           | Saved: '/tmp/clearvla_eval_glass_41453.png'
12:42.165  render           | Saved: '/tmp/clearvla_eval_glass_41453.png'
12:42.993  render           | Saved: '/tmp/clearvla_eval_glass_41453.png'
12:43.361  render           | Saved: '/tmp/clearvla_eval_glass_41453.png'
12:43.786  render           | Saved: '/tmp/clearvla_eval_glass_41453.png'
12:44.178  render           | Saved: '/tmp/clearvla_eval_glass_41453.png'
12:44.595  render           | Saved: '/tmp/clearvla_eval_glass_41453.png'
12:44.949  render           | Saved: '/tmp/clearvla_eval_glass_41453.png'
12:45.405  render           | Saved: '/tmp/clearvla_eval_glass_41453.png'
12:45.782  render           | Saved: '/tmp/clearvla_eval_glass_41453.png'
12:46.284  render           | Saved: '/tmp/clearvla_eval_glass_41453.png'
12:46.668  render           | Saved: '/tmp/clearvla_eval_glass_41453.png'
12:47.147  render           | Saved: '/tmp/clearvla_eval_glass_41453.png'
12:47.531  render           | Saved: '/tmp/clearvla_eval_glass_41453.png'
12:48.001  render           | Saved: '/tmp/clearvla_eval_glass_41453.png'
12:48.389  render           | Saved: '/tmp/clearvla_eval_glass_41453.png'
12:48.860  render           | Saved: '/tmp/clearvla_eval_glass_41453.png'
12:49.260  render           | Saved: '/tmp/clearvla_eval_glass_41453.png'
12:49.727  render           | Saved: '/tmp/clearvla_eval_glass_41453.png'
12:50.103  render           | Saved: '/tmp/clearvla_eval_glass_41453.png'
12:50.576  render           | Saved: '/tmp/clearvla_eval_glass_41453.png'
12:50.960  render           | Saved: '/tmp/clearvla_eval_glass_41453.png'
12:51.435  render           | Saved: '/tmp/clearvla_eval_glass_41453.png'
12:51.830  render           | Saved: '/tmp/clearvla_eval_glass_41453.png'
12:52.298  render           | Saved: '/tmp/clearvla_eval_glass_41453.png'
12:52.677  render           | Saved: '/tmp/clearvla_eval_glass_41453.png'
12:53.145  render           | Saved: '/tmp/clearvla_eval_glass_41453.png'
12:53.520  render           | Saved: '/tmp/clearvla_eval_glass_41453.png'
12:53.974  render           | Saved: '/tmp/clearvla_eval_glass_41453.png'
12:54.343  render           | Saved: '/tmp/clearvla_eval_glass_41453.png'
12:54.793  render           | Saved: '/tmp/clearvla_eval_glass_41453.png'
12:55.188  render           | Saved: '/tmp/clearvla_eval_glass_41453.png'
12:56.040  render           | Saved: '/tmp/clearvla_eval_glass_41453.png'
12:56.412  render           | Saved: '/tmp/clearvla_eval_glass_41453.png'
12:56.838  render           | Saved: '/tmp/clearvla_eval_glass_41453.png'
12:57.202  render           | Saved: '/tmp/clearvla_eval_glass_41453.png'
12:57.636  render           | Saved: '/tmp/clearvla_eval_glass_41453.png'
12:57.990  render           | Saved: '/tmp/clearvla_eval_glass_41453.png'
12:58.453  render           | Saved: '/tmp/clearvla_eval_glass_41453.png'
12:58.827  render           | Saved: '/tmp/clearvla_eval_glass_41453.png'
12:59.296  render           | Saved: '/tmp/clearvla_eval_glass_41453.png'
12:59.678  render           | Saved: '/tmp/clearvla_eval_glass_41453.png'
13:00.157  render           | Saved: '/tmp/clearvla_eval_glass_41453.png'
13:00.532  render           | Saved: '/tmp/clearvla_eval_glass_41453.png'
13:01.003  render           | Saved: '/tmp/clearvla_eval_glass_41453.png'
13:01.395  render           | Saved: '/tmp/clearvla_eval_glass_41453.png'
13:01.818  render           | Saved: '/tmp/clearvla_eval_glass_41453.png'
13:02.186  render           | Saved: '/tmp/clearvla_eval_glass_41453.png'
13:02.660  render           | Saved: '/tmp/clearvla_eval_glass_41453.png'
13:03.039  render           | Saved: '/tmp/clearvla_eval_glass_41453.png'
13:03.501  render           | Saved: '/tmp/clearvla_eval_glass_41453.png'
13:03.893  render           | Saved: '/tmp/clearvla_eval_glass_41453.png'
13:04.371  render           | Saved: '/tmp/clearvla_eval_glass_41453.png'
13:04.763  render           | Saved: '/tmp/clearvla_eval_glass_41453.png'
13:05.239  render           | Saved: '/tmp/clearvla_eval_glass_41453.png'
13:05.628  render           | Saved: '/tmp/clearvla_eval_glass_41453.png'
13:06.100  render           | Saved: '/tmp/clearvla_eval_glass_41453.png'
13:06.480  render           | Saved: '/tmp/clearvla_eval_glass_41453.png'
13:06.964  render           | Saved: '/tmp/clearvla_eval_glass_41453.png'
13:07.354  render           | Saved: '/tmp/clearvla_eval_glass_41453.png'
13:07.827  render           | Saved: '/tmp/clearvla_eval_glass_41453.png'
13:08.209  render           | Saved: '/tmp/clearvla_eval_glass_41453.png'
13:09.033  render           | Saved: '/tmp/clearvla_eval_glass_41453.png'
13:09.376  render           | Saved: '/tmp/clearvla_eval_glass_41453.png'
13:09.853  render           | Saved: '/tmp/clearvla_eval_glass_41453.png'
13:10.230  render           | Saved: '/tmp/clearvla_eval_glass_41453.png'
13:10.702  render           | Saved: '/tmp/clearvla_eval_glass_41453.png'
13:11.101  render           | Saved: '/tmp/clearvla_eval_glass_41453.png'
13:11.571  render           | Saved: '/tmp/clearvla_eval_glass_41453.png'
13:11.950  render           | Saved: '/tmp/clearvla_eval_glass_41453.png'
13:12.431  render           | Saved: '/tmp/clearvla_eval_glass_41453.png'
13:12.809  render           | Saved: '/tmp/clearvla_eval_glass_41453.png'
13:13.279  render           | Saved: '/tmp/clearvla_eval_glass_41453.png'
13:13.665  render           | Saved: '/tmp/clearvla_eval_glass_41453.png'
13:14.141  render           | Saved: '/tmp/clearvla_eval_glass_41453.png'
13:14.543  render           | Saved: '/tmp/clearvla_eval_glass_41453.png'
13:15.038  render           | Saved: '/tmp/clearvla_eval_glass_41453.png'
13:15.423  render           | Saved: '/tmp/clearvla_eval_glass_41453.png'
13:15.896  render           | Saved: '/tmp/clearvla_eval_glass_41453.png'
13:16.278  render           | Saved: '/tmp/clearvla_eval_glass_41453.png'
13:16.743  render           | Saved: '/tmp/clearvla_eval_glass_41453.png'
13:17.134  render           | Saved: '/tmp/clearvla_eval_glass_41453.png'
13:17.614  render           | Saved: '/tmp/clearvla_eval_glass_41453.png'
13:18.022  render           | Saved: '/tmp/clearvla_eval_glass_41453.png'
13:18.500  render           | Saved: '/tmp/clearvla_eval_glass_41453.png'
13:18.912  render           | Saved: '/tmp/clearvla_eval_glass_41453.png'
13:19.363  render           | Saved: '/tmp/clearvla_eval_glass_41453.png'
13:19.779  render           | Saved: '/tmp/clearvla_eval_glass_41453.png'
13:20.278  render           | Saved: '/tmp/clearvla_eval_glass_41453.png'
13:20.663  render           | Saved: '/tmp/clearvla_eval_glass_41453.png'
13:21.142  render           | Saved: '/tmp/clearvla_eval_glass_41453.png'
13:21.524  render           | Saved: '/tmp/clearvla_eval_glass_41453.png'
13:22.004  render           | Saved: '/tmp/clearvla_eval_glass_41453.png'
13:22.386  render           | Saved: '/tmp/clearvla_eval_glass_41453.png'
13:22.876  render           | Saved: '/tmp/clearvla_eval_glass_41453.png'
13:23.251  render           | Saved: '/tmp/clearvla_eval_glass_41453.png'
13:23.708  render           | Saved: '/tmp/clearvla_eval_glass_41453.png'
13:24.091  render           | Saved: '/tmp/clearvla_eval_glass_41453.png'
13:24.646  render           | Saved: '/tmp/clearvla_eval_glass_41453.png'
13:25.050  render           | Saved: '/tmp/clearvla_eval_glass_41453.png'
13:25.545  render           | Saved: '/tmp/clearvla_eval_glass_41453.png'
13:25.917  render           | Saved: '/tmp/clearvla_eval_glass_41453.png'
13:26.393  render           | Saved: '/tmp/clearvla_eval_glass_41453.png'
13:26.805  render           | Saved: '/tmp/clearvla_eval_glass_41453.png'
13:27.280  render           | Saved: '/tmp/clearvla_eval_glass_41453.png'
13:27.650  render           | Saved: '/tmp/clearvla_eval_glass_41453.png'
13:28.110  render           | Saved: '/tmp/clearvla_eval_glass_41453.png'
13:28.490  render           | Saved: '/tmp/clearvla_eval_glass_41453.png'
13:28.908  render           | Saved: '/tmp/clearvla_eval_glass_41453.png'
13:29.261  render           | Saved: '/tmp/clearvla_eval_glass_41453.png'
13:29.730  render           | Saved: '/tmp/clearvla_eval_glass_41453.png'
13:30.077  render           | Saved: '/tmp/clearvla_eval_glass_41453.png'
13:30.547  render           | Saved: '/tmp/clearvla_eval_glass_41453.png'
13:30.890  render           | Saved: '/tmp/clearvla_eval_glass_41453.png'
13:31.364  render           | Saved: '/tmp/clearvla_eval_glass_41453.png'
13:31.706  render           | Saved: '/tmp/clearvla_eval_glass_41453.png'
13:32.180  render           | Saved: '/tmp/clearvla_eval_glass_41453.png'
13:32.532  render           | Saved: '/tmp/clearvla_eval_glass_41453.png'
13:32.996  render           | Saved: '/tmp/clearvla_eval_glass_41453.png'
13:33.342  render           | Saved: '/tmp/clearvla_eval_glass_41453.png'
13:33.820  render           | Saved: '/tmp/clearvla_eval_glass_41453.png'
13:34.173  render           | Saved: '/tmp/clearvla_eval_glass_41453.png'
13:34.592  render           | Saved: '/tmp/clearvla_eval_glass_41453.png'
13:34.957  render           | Saved: '/tmp/clearvla_eval_glass_41453.png'
13:35.375  render           | Saved: '/tmp/clearvla_eval_glass_41453.png'
13:35.759  render           | Saved: '/tmp/clearvla_eval_glass_41453.png'
13:36.163  render           | Saved: '/tmp/clearvla_eval_glass_41453.png'
13:36.527  render           | Saved: '/tmp/clearvla_eval_glass_41453.png'
13:36.932  render           | Saved: '/tmp/clearvla_eval_glass_41453.png'
13:37.318  render           | Saved: '/tmp/clearvla_eval_glass_41453.png'
13:37.729  render           | Saved: '/tmp/clearvla_eval_glass_41453.png'
13:38.107  render           | Saved: '/tmp/clearvla_eval_glass_41453.png'
13:38.522  render           | Saved: '/tmp/clearvla_eval_glass_41453.png'
13:38.902  render           | Saved: '/tmp/clearvla_eval_glass_41453.png'
13:39.318  render           | Saved: '/tmp/clearvla_eval_glass_41453.png'
13:39.702  render           | Saved: '/tmp/clearvla_eval_glass_41453.png'
13:40.112  render           | Saved: '/tmp/clearvla_eval_glass_41453.png'
13:40.507  render           | Saved: '/tmp/clearvla_eval_glass_41453.png'
13:41.375  render           | Saved: '/tmp/clearvla_eval_glass_41453.png'
13:41.750  render           | Saved: '/tmp/clearvla_eval_glass_41453.png'
13:42.228  render           | Saved: '/tmp/clearvla_eval_glass_41453.png'
13:42.616  render           | Saved: '/tmp/clearvla_eval_glass_41453.png'
13:43.098  render           | Saved: '/tmp/clearvla_eval_glass_41453.png'
13:43.462  render           | Saved: '/tmp/clearvla_eval_glass_41453.png'
13:43.959  render           | Saved: '/tmp/clearvla_eval_glass_41453.png'
13:44.379  render           | Saved: '/tmp/clearvla_eval_glass_41453.png'
13:44.875  render           | Saved: '/tmp/clearvla_eval_glass_41453.png'
13:45.253  render           | Saved: '/tmp/clearvla_eval_glass_41453.png'
13:45.706  render           | Saved: '/tmp/clearvla_eval_glass_41453.png'
13:46.090  render           | Saved: '/tmp/clearvla_eval_glass_41453.png'
13:46.537  render           | Saved: '/tmp/clearvla_eval_glass_41453.png'
13:46.949  render           | Saved: '/tmp/clearvla_eval_glass_41453.png'
13:47.425  render           | Saved: '/tmp/clearvla_eval_glass_41453.png'
13:47.818  render           | Saved: '/tmp/clearvla_eval_glass_41453.png'
13:48.260  render           | Saved: '/tmp/clearvla_eval_glass_41453.png'
13:48.627  render           | Saved: '/tmp/clearvla_eval_glass_41453.png'
13:49.094  render           | Saved: '/tmp/clearvla_eval_glass_41453.png'
13:49.480  render           | Saved: '/tmp/clearvla_eval_glass_41453.png'
13:49.941  render           | Saved: '/tmp/clearvla_eval_glass_41453.png'
13:50.332  render           | Saved: '/tmp/clearvla_eval_glass_41453.png'
13:50.822  render           | Saved: '/tmp/clearvla_eval_glass_41453.png'
13:51.201  render           | Saved: '/tmp/clearvla_eval_glass_41453.png'
13:51.681  render           | Saved: '/tmp/clearvla_eval_glass_41453.png'
13:52.077  render           | Saved: '/tmp/clearvla_eval_glass_41453.png'
13:52.549  render           | Saved: '/tmp/clearvla_eval_glass_41453.png'
13:52.930  render           | Saved: '/tmp/clearvla_eval_glass_41453.png'
13:53.749  render           | Saved: '/tmp/clearvla_eval_glass_41453.png'
13:54.168  render           | Saved: '/tmp/clearvla_eval_glass_41453.png'
13:54.578  render           | Saved: '/tmp/clearvla_eval_glass_41453.png'
13:54.963  render           | Saved: '/tmp/clearvla_eval_glass_41453.png'
13:55.366  render           | Saved: '/tmp/clearvla_eval_glass_41453.png'
13:55.735  render           | Saved: '/tmp/clearvla_eval_glass_41453.png'
13:56.141  render           | Saved: '/tmp/clearvla_eval_glass_41453.png'
13:56.504  render           | Saved: '/tmp/clearvla_eval_glass_41453.png'
13:56.919  render           | Saved: '/tmp/clearvla_eval_glass_41453.png'
13:57.304  render           | Saved: '/tmp/clearvla_eval_glass_41453.png'
13:57.719  render           | Saved: '/tmp/clearvla_eval_glass_41453.png'
13:58.115  render           | Saved: '/tmp/clearvla_eval_glass_41453.png'
13:58.523  render           | Saved: '/tmp/clearvla_eval_glass_41453.png'
13:58.907  render           | Saved: '/tmp/clearvla_eval_glass_41453.png'
13:59.316  render           | Saved: '/tmp/clearvla_eval_glass_41453.png'
13:59.690  render           | Saved: '/tmp/clearvla_eval_glass_41453.png'
14:00.100  render           | Saved: '/tmp/clearvla_eval_glass_41453.png'
14:00.465  render           | Saved: '/tmp/clearvla_eval_glass_41453.png'
14:00.911  render           | Saved: '/tmp/clearvla_eval_glass_41453.png'
14:01.287  render           | Saved: '/tmp/clearvla_eval_glass_41453.png'
14:01.765  render           | Saved: '/tmp/clearvla_eval_glass_41453.png'
14:02.148  render           | Saved: '/tmp/clearvla_eval_glass_41453.png'
14:02.611  render           | Saved: '/tmp/clearvla_eval_glass_41453.png'
14:03.002  render           | Saved: '/tmp/clearvla_eval_glass_41453.png'
14:03.488  render           | Saved: '/tmp/clearvla_eval_glass_41453.png'
14:03.866  render           | Saved: '/tmp/clearvla_eval_glass_41453.png'
14:04.319  render           | Saved: '/tmp/clearvla_eval_glass_41453.png'
14:04.720  render           | Saved: '/tmp/clearvla_eval_glass_41453.png'
14:05.193  render           | Saved: '/tmp/clearvla_eval_glass_41453.png'
14:05.574  render           | Saved: '/tmp/clearvla_eval_glass_41453.png'
14:06.032  render           | Saved: '/tmp/clearvla_eval_glass_41453.png'
14:06.435  render           | Saved: '/tmp/clearvla_eval_glass_41453.png'
14:06.909  render           | Saved: '/tmp/clearvla_eval_glass_41453.png'
14:07.308  render           | Saved: '/tmp/clearvla_eval_glass_41453.png'
[prune50/glass] grasp: 39/50  (14.0 min, 14.0 s/ep)
14:08.143  render           | Saved: '/tmp/clearvla_eval_glass_41453.png'
14:08.549  render           | Saved: '/tmp/clearvla_eval_glass_41453.png'
14:08.967  render           | Saved: '/tmp/clearvla_eval_glass_41453.png'
14:09.347  render           | Saved: '/tmp/clearvla_eval_glass_41453.png'
14:09.757  render           | Saved: '/tmp/clearvla_eval_glass_41453.png'
14:10.143  render           | Saved: '/tmp/clearvla_eval_glass_41453.png'
14:10.559  render           | Saved: '/tmp/clearvla_eval_glass_41453.png'
14:10.938  render           | Saved: '/tmp/clearvla_eval_glass_41453.png'
14:11.352  render           | Saved: '/tmp/clearvla_eval_glass_41453.png'
14:11.748  render           | Saved: '/tmp/clearvla_eval_glass_41453.png'
14:12.181  render           | Saved: '/tmp/clearvla_eval_glass_41453.png'
14:12.541  render           | Saved: '/tmp/clearvla_eval_glass_41453.png'
14:12.950  render           | Saved: '/tmp/clearvla_eval_glass_41453.png'
14:13.339  render           | Saved: '/tmp/clearvla_eval_glass_41453.png'
14:13.752  render           | Saved: '/tmp/clearvla_eval_glass_41453.png'
14:14.124  render           | Saved: '/tmp/clearvla_eval_glass_41453.png'
14:14.536  render           | Saved: '/tmp/clearvla_eval_glass_41453.png'
14:14.916  render           | Saved: '/tmp/clearvla_eval_glass_41453.png'
14:15.329  render           | Saved: '/tmp/clearvla_eval_glass_41453.png'
14:15.722  render           | Saved: '/tmp/clearvla_eval_glass_41453.png'
14:16.135  render           | Saved: '/tmp/clearvla_eval_glass_41453.png'
14:16.520  render           | Saved: '/tmp/clearvla_eval_glass_41453.png'
14:16.939  render           | Saved: '/tmp/clearvla_eval_glass_41453.png'
14:17.313  render           | Saved: '/tmp/clearvla_eval_glass_41453.png'
14:17.729  render           | Saved: '/tmp/clearvla_eval_glass_41453.png'
14:18.121  render           | Saved: '/tmp/clearvla_eval_glass_41453.png'
14:18.558  render           | Saved: '/tmp/clearvla_eval_glass_41453.png'
14:18.929  render           | Saved: '/tmp/clearvla_eval_glass_41453.png'
14:19.346  render           | Saved: '/tmp/clearvla_eval_glass_41453.png'
14:19.689  render           | Saved: '/tmp/clearvla_eval_glass_41453.png'
14:20.088  render           | Saved: '/tmp/clearvla_eval_glass_41453.png'
14:20.427  render           | Saved: '/tmp/clearvla_eval_glass_41453.png'
14:20.835  render           | Saved: '/tmp/clearvla_eval_glass_41453.png'
14:21.169  render           | Saved: '/tmp/clearvla_eval_glass_41453.png'
14:21.576  render           | Saved: '/tmp/clearvla_eval_glass_41453.png'
14:21.912  render           | Saved: '/tmp/clearvla_eval_glass_41453.png'
14:22.318  render           | Saved: '/tmp/clearvla_eval_glass_41453.png'
14:22.660  render           | Saved: '/tmp/clearvla_eval_glass_41453.png'
14:23.070  render           | Saved: '/tmp/clearvla_eval_glass_41453.png'
14:23.411  render           | Saved: '/tmp/clearvla_eval_glass_41453.png'
14:23.823  render           | Saved: '/tmp/clearvla_eval_glass_41453.png'
14:24.159  render           | Saved: '/tmp/clearvla_eval_glass_41453.png'
14:24.568  render           | Saved: '/tmp/clearvla_eval_glass_41453.png'
14:24.912  render           | Saved: '/tmp/clearvla_eval_glass_41453.png'
14:25.319  render           | Saved: '/tmp/clearvla_eval_glass_41453.png'
14:25.669  render           | Saved: '/tmp/clearvla_eval_glass_41453.png'
14:26.518  render           | Saved: '/tmp/clearvla_eval_glass_41453.png'
14:26.854  render           | Saved: '/tmp/clearvla_eval_glass_41453.png'
14:27.300  render           | Saved: '/tmp/clearvla_eval_glass_41453.png'
14:27.651  render           | Saved: '/tmp/clearvla_eval_glass_41453.png'
14:28.072  render           | Saved: '/tmp/clearvla_eval_glass_41453.png'
14:28.422  render           | Saved: '/tmp/clearvla_eval_glass_41453.png'
14:28.859  render           | Saved: '/tmp/clearvla_eval_glass_41453.png'
14:29.207  render           | Saved: '/tmp/clearvla_eval_glass_41453.png'
14:29.628  render           | Saved: '/tmp/clearvla_eval_glass_41453.png'
14:29.982  render           | Saved: '/tmp/clearvla_eval_glass_41453.png'
14:30.395  render           | Saved: '/tmp/clearvla_eval_glass_41453.png'
14:30.762  render           | Saved: '/tmp/clearvla_eval_glass_41453.png'
14:31.174  render           | Saved: '/tmp/clearvla_eval_glass_41453.png'
14:31.551  render           | Saved: '/tmp/clearvla_eval_glass_41453.png'
14:31.972  render           | Saved: '/tmp/clearvla_eval_glass_41453.png'
14:32.323  render           | Saved: '/tmp/clearvla_eval_glass_41453.png'
14:32.748  render           | Saved: '/tmp/clearvla_eval_glass_41453.png'
14:33.111  render           | Saved: '/tmp/clearvla_eval_glass_41453.png'
14:33.528  render           | Saved: '/tmp/clearvla_eval_glass_41453.png'
14:33.881  render           | Saved: '/tmp/clearvla_eval_glass_41453.png'
14:34.301  render           | Saved: '/tmp/clearvla_eval_glass_41453.png'
14:34.655  render           | Saved: '/tmp/clearvla_eval_glass_41453.png'
14:35.084  render           | Saved: '/tmp/clearvla_eval_glass_41453.png'
14:35.438  render           | Saved: '/tmp/clearvla_eval_glass_41453.png'
14:35.877  render           | Saved: '/tmp/clearvla_eval_glass_41453.png'
14:36.226  render           | Saved: '/tmp/clearvla_eval_glass_41453.png'
14:36.660  render           | Saved: '/tmp/clearvla_eval_glass_41453.png'
14:37.009  render           | Saved: '/tmp/clearvla_eval_glass_41453.png'
14:37.440  render           | Saved: '/tmp/clearvla_eval_glass_41453.png'
14:37.802  render           | Saved: '/tmp/clearvla_eval_glass_41453.png'
14:38.226  render           | Saved: '/tmp/clearvla_eval_glass_41453.png'
14:38.579  render           | Saved: '/tmp/clearvla_eval_glass_41453.png'
14:39.004  render           | Saved: '/tmp/clearvla_eval_glass_41453.png'
14:39.359  render           | Saved: '/tmp/clearvla_eval_glass_41453.png'
14:39.787  render           | Saved: '/tmp/clearvla_eval_glass_41453.png'
14:40.142  render           | Saved: '/tmp/clearvla_eval_glass_41453.png'
14:40.568  render           | Saved: '/tmp/clearvla_eval_glass_41453.png'
14:40.929  render           | Saved: '/tmp/clearvla_eval_glass_41453.png'
14:41.368  render           | Saved: '/tmp/clearvla_eval_glass_41453.png'
14:41.718  render           | Saved: '/tmp/clearvla_eval_glass_41453.png'
14:42.157  render           | Saved: '/tmp/clearvla_eval_glass_41453.png'
14:42.502  render           | Saved: '/tmp/clearvla_eval_glass_41453.png'
14:42.935  render           | Saved: '/tmp/clearvla_eval_glass_41453.png'
14:43.293  render           | Saved: '/tmp/clearvla_eval_glass_41453.png'
14:43.722  render           | Saved: '/tmp/clearvla_eval_glass_41453.png'
14:44.073  render           | Saved: '/tmp/clearvla_eval_glass_41453.png'
14:44.523  render           | Saved: '/tmp/clearvla_eval_glass_41453.png'
14:44.898  render           | Saved: '/tmp/clearvla_eval_glass_41453.png'
14:45.755  render           | Saved: '/tmp/clearvla_eval_glass_41453.png'
14:46.093  render           | Saved: '/tmp/clearvla_eval_glass_41453.png'
14:46.521  render           | Saved: '/tmp/clearvla_eval_glass_41453.png'
14:46.864  render           | Saved: '/tmp/clearvla_eval_glass_41453.png'
14:47.275  render           | Saved: '/tmp/clearvla_eval_glass_41453.png'
14:47.606  render           | Saved: '/tmp/clearvla_eval_glass_41453.png'
14:48.015  render           | Saved: '/tmp/clearvla_eval_glass_41453.png'
14:48.362  render           | Saved: '/tmp/clearvla_eval_glass_41453.png'
14:48.787  render           | Saved: '/tmp/clearvla_eval_glass_41453.png'
14:49.167  render           | Saved: '/tmp/clearvla_eval_glass_41453.png'
14:49.591  render           | Saved: '/tmp/clearvla_eval_glass_41453.png'
14:49.963  render           | Saved: '/tmp/clearvla_eval_glass_41453.png'
14:50.378  render           | Saved: '/tmp/clearvla_eval_glass_41453.png'
14:50.739  render           | Saved: '/tmp/clearvla_eval_glass_41453.png'
14:51.178  render           | Saved: '/tmp/clearvla_eval_glass_41453.png'
14:51.536  render           | Saved: '/tmp/clearvla_eval_glass_41453.png'
14:51.973  render           | Saved: '/tmp/clearvla_eval_glass_41453.png'
14:52.328  render           | Saved: '/tmp/clearvla_eval_glass_41453.png'
14:52.753  render           | Saved: '/tmp/clearvla_eval_glass_41453.png'
14:53.106  render           | Saved: '/tmp/clearvla_eval_glass_41453.png'
14:53.545  render           | Saved: '/tmp/clearvla_eval_glass_41453.png'
14:53.902  render           | Saved: '/tmp/clearvla_eval_glass_41453.png'
14:54.329  render           | Saved: '/tmp/clearvla_eval_glass_41453.png'
14:54.677  render           | Saved: '/tmp/clearvla_eval_glass_41453.png'
14:55.100  render           | Saved: '/tmp/clearvla_eval_glass_41453.png'
14:55.451  render           | Saved: '/tmp/clearvla_eval_glass_41453.png'
14:55.877  render           | Saved: '/tmp/clearvla_eval_glass_41453.png'
14:56.229  render           | Saved: '/tmp/clearvla_eval_glass_41453.png'
14:56.653  render           | Saved: '/tmp/clearvla_eval_glass_41453.png'
14:57.011  render           | Saved: '/tmp/clearvla_eval_glass_41453.png'
14:57.437  render           | Saved: '/tmp/clearvla_eval_glass_41453.png'
14:57.794  render           | Saved: '/tmp/clearvla_eval_glass_41453.png'
14:58.223  render           | Saved: '/tmp/clearvla_eval_glass_41453.png'
14:58.570  render           | Saved: '/tmp/clearvla_eval_glass_41453.png'
14:59.007  render           | Saved: '/tmp/clearvla_eval_glass_41453.png'
14:59.360  render           | Saved: '/tmp/clearvla_eval_glass_41453.png'
14:59.783  render           | Saved: '/tmp/clearvla_eval_glass_41453.png'
15:00.141  render           | Saved: '/tmp/clearvla_eval_glass_41453.png'
15:00.580  render           | Saved: '/tmp/clearvla_eval_glass_41453.png'
15:00.931  render           | Saved: '/tmp/clearvla_eval_glass_41453.png'
15:01.373  render           | Saved: '/tmp/clearvla_eval_glass_41453.png'
15:01.724  render           | Saved: '/tmp/clearvla_eval_glass_41453.png'
15:02.148  render           | Saved: '/tmp/clearvla_eval_glass_41453.png'
15:02.527  render           | Saved: '/tmp/clearvla_eval_glass_41453.png'
15:03.366  render           | Saved: '/tmp/clearvla_eval_glass_41453.png'
15:03.699  render           | Saved: '/tmp/clearvla_eval_glass_41453.png'
15:04.108  render           | Saved: '/tmp/clearvla_eval_glass_41453.png'
15:04.452  render           | Saved: '/tmp/clearvla_eval_glass_41453.png'
15:04.860  render           | Saved: '/tmp/clearvla_eval_glass_41453.png'
15:05.220  render           | Saved: '/tmp/clearvla_eval_glass_41453.png'
15:05.652  render           | Saved: '/tmp/clearvla_eval_glass_41453.png'
15:06.002  render           | Saved: '/tmp/clearvla_eval_glass_41453.png'
15:06.498  render           | Saved: '/tmp/clearvla_eval_glass_41453.png'
15:06.883  render           | Saved: '/tmp/clearvla_eval_glass_41453.png'
15:07.393  render           | Saved: '/tmp/clearvla_eval_glass_41453.png'
15:07.777  render           | Saved: '/tmp/clearvla_eval_glass_41453.png'
15:08.274  render           | Saved: '/tmp/clearvla_eval_glass_41453.png'
15:08.655  render           | Saved: '/tmp/clearvla_eval_glass_41453.png'
15:09.105  render           | Saved: '/tmp/clearvla_eval_glass_41453.png'
15:09.492  render           | Saved: '/tmp/clearvla_eval_glass_41453.png'
15:09.979  render           | Saved: '/tmp/clearvla_eval_glass_41453.png'
15:10.354  render           | Saved: '/tmp/clearvla_eval_glass_41453.png'
15:10.835  render           | Saved: '/tmp/clearvla_eval_glass_41453.png'
15:11.214  render           | Saved: '/tmp/clearvla_eval_glass_41453.png'
15:11.709  render           | Saved: '/tmp/clearvla_eval_glass_41453.png'
15:12.099  render           | Saved: '/tmp/clearvla_eval_glass_41453.png'
15:12.574  render           | Saved: '/tmp/clearvla_eval_glass_41453.png'
15:12.970  render           | Saved: '/tmp/clearvla_eval_glass_41453.png'
15:13.451  render           | Saved: '/tmp/clearvla_eval_glass_41453.png'
15:13.833  render           | Saved: '/tmp/clearvla_eval_glass_41453.png'
15:14.290  render           | Saved: '/tmp/clearvla_eval_glass_41453.png'
15:14.699  render           | Saved: '/tmp/clearvla_eval_glass_41453.png'
15:15.157  render           | Saved: '/tmp/clearvla_eval_glass_41453.png'
15:15.542  render           | Saved: '/tmp/clearvla_eval_glass_41453.png'
15:16.030  render           | Saved: '/tmp/clearvla_eval_glass_41453.png'
15:16.440  render           | Saved: '/tmp/clearvla_eval_glass_41453.png'
15:16.930  render           | Saved: '/tmp/clearvla_eval_glass_41453.png'
15:17.343  render           | Saved: '/tmp/clearvla_eval_glass_41453.png'
15:17.816  render           | Saved: '/tmp/clearvla_eval_glass_41453.png'
15:18.195  render           | Saved: '/tmp/clearvla_eval_glass_41453.png'
15:18.657  render           | Saved: '/tmp/clearvla_eval_glass_41453.png'
15:19.065  render           | Saved: '/tmp/clearvla_eval_glass_41453.png'
15:19.557  render           | Saved: '/tmp/clearvla_eval_glass_41453.png'
15:19.936  render           | Saved: '/tmp/clearvla_eval_glass_41453.png'
15:20.379  render           | Saved: '/tmp/clearvla_eval_glass_41453.png'
15:20.776  render           | Saved: '/tmp/clearvla_eval_glass_41453.png'
15:21.191  render           | Saved: '/tmp/clearvla_eval_glass_41453.png'
15:21.559  render           | Saved: '/tmp/clearvla_eval_glass_41453.png'
15:21.969  render           | Saved: '/tmp/clearvla_eval_glass_41453.png'
15:22.352  render           | Saved: '/tmp/clearvla_eval_glass_41453.png'
15:22.758  render           | Saved: '/tmp/clearvla_eval_glass_41453.png'
15:23.139  render           | Saved: '/tmp/clearvla_eval_glass_41453.png'
15:23.550  render           | Saved: '/tmp/clearvla_eval_glass_41453.png'
15:23.928  render           | Saved: '/tmp/clearvla_eval_glass_41453.png'
15:24.346  render           | Saved: '/tmp/clearvla_eval_glass_41453.png'
15:24.706  render           | Saved: '/tmp/clearvla_eval_glass_41453.png'
15:25.123  render           | Saved: '/tmp/clearvla_eval_glass_41453.png'
15:25.506  render           | Saved: '/tmp/clearvla_eval_glass_41453.png'
15:25.925  render           | Saved: '/tmp/clearvla_eval_glass_41453.png'
15:26.309  render           | Saved: '/tmp/clearvla_eval_glass_41453.png'
15:26.713  render           | Saved: '/tmp/clearvla_eval_glass_41453.png'
15:27.095  render           | Saved: '/tmp/clearvla_eval_glass_41453.png'
15:27.506  render           | Saved: '/tmp/clearvla_eval_glass_41453.png'
15:27.886  render           | Saved: '/tmp/clearvla_eval_glass_41453.png'
15:28.289  render           | Saved: '/tmp/clearvla_eval_glass_41453.png'
15:28.676  render           | Saved: '/tmp/clearvla_eval_glass_41453.png'
15:29.094  render           | Saved: '/tmp/clearvla_eval_glass_41453.png'
15:29.510  render           | Saved: '/tmp/clearvla_eval_glass_41453.png'
15:29.916  render           | Saved: '/tmp/clearvla_eval_glass_41453.png'
15:30.299  render           | Saved: '/tmp/clearvla_eval_glass_41453.png'
15:30.708  render           | Saved: '/tmp/clearvla_eval_glass_41453.png'
15:31.099  render           | Saved: '/tmp/clearvla_eval_glass_41453.png'
15:31.519  render           | Saved: '/tmp/clearvla_eval_glass_41453.png'
15:31.889  render           | Saved: '/tmp/clearvla_eval_glass_41453.png'
15:32.298  render           | Saved: '/tmp/clearvla_eval_glass_41453.png'
15:32.684  render           | Saved: '/tmp/clearvla_eval_glass_41453.png'
15:33.096  render           | Saved: '/tmp/clearvla_eval_glass_41453.png'
15:33.483  render           | Saved: '/tmp/clearvla_eval_glass_41453.png'
15:33.901  render           | Saved: '/tmp/clearvla_eval_glass_41453.png'
15:34.266  render           | Saved: '/tmp/clearvla_eval_glass_41453.png'
15:35.082  render           | Saved: '/tmp/clearvla_eval_glass_41453.png'
15:35.417  render           | Saved: '/tmp/clearvla_eval_glass_41453.png'
15:35.830  render           | Saved: '/tmp/clearvla_eval_glass_41453.png'
15:36.169  render           | Saved: '/tmp/clearvla_eval_glass_41453.png'
15:36.577  render           | Saved: '/tmp/clearvla_eval_glass_41453.png'
15:36.922  render           | Saved: '/tmp/clearvla_eval_glass_41453.png'
15:37.336  render           | Saved: '/tmp/clearvla_eval_glass_41453.png'
15:37.689  render           | Saved: '/tmp/clearvla_eval_glass_41453.png'
15:38.126  render           | Saved: '/tmp/clearvla_eval_glass_41453.png'
15:38.509  render           | Saved: '/tmp/clearvla_eval_glass_41453.png'
15:38.965  render           | Saved: '/tmp/clearvla_eval_glass_41453.png'
15:39.339  render           | Saved: '/tmp/clearvla_eval_glass_41453.png'
15:39.839  render           | Saved: '/tmp/clearvla_eval_glass_41453.png'
15:40.215  render           | Saved: '/tmp/clearvla_eval_glass_41453.png'
15:40.704  render           | Saved: '/tmp/clearvla_eval_glass_41453.png'
15:41.108  render           | Saved: '/tmp/clearvla_eval_glass_41453.png'
15:41.580  render           | Saved: '/tmp/clearvla_eval_glass_41453.png'
15:41.952  render           | Saved: '/tmp/clearvla_eval_glass_41453.png'
15:42.454  render           | Saved: '/tmp/clearvla_eval_glass_41453.png'
15:42.846  render           | Saved: '/tmp/clearvla_eval_glass_41453.png'
15:43.336  render           | Saved: '/tmp/clearvla_eval_glass_41453.png'
15:43.705  render           | Saved: '/tmp/clearvla_eval_glass_41453.png'
15:44.186  render           | Saved: '/tmp/clearvla_eval_glass_41453.png'
15:44.564  render           | Saved: '/tmp/clearvla_eval_glass_41453.png'
15:45.044  render           | Saved: '/tmp/clearvla_eval_glass_41453.png'
15:45.416  render           | Saved: '/tmp/clearvla_eval_glass_41453.png'
15:45.896  render           | Saved: '/tmp/clearvla_eval_glass_41453.png'
15:46.267  render           | Saved: '/tmp/clearvla_eval_glass_41453.png'
15:46.729  render           | Saved: '/tmp/clearvla_eval_glass_41453.png'
15:47.111  render           | Saved: '/tmp/clearvla_eval_glass_41453.png'
15:47.591  render           | Saved: '/tmp/clearvla_eval_glass_41453.png'
15:47.970  render           | Saved: '/tmp/clearvla_eval_glass_41453.png'
15:48.464  render           | Saved: '/tmp/clearvla_eval_glass_41453.png'
15:48.852  render           | Saved: '/tmp/clearvla_eval_glass_41453.png'
15:49.325  render           | Saved: '/tmp/clearvla_eval_glass_41453.png'
15:49.699  render           | Saved: '/tmp/clearvla_eval_glass_41453.png'
15:50.168  render           | Saved: '/tmp/clearvla_eval_glass_41453.png'
15:50.558  render           | Saved: '/tmp/clearvla_eval_glass_41453.png'
15:51.071  render           | Saved: '/tmp/clearvla_eval_glass_41453.png'
15:51.452  render           | Saved: '/tmp/clearvla_eval_glass_41453.png'
15:51.909  render           | Saved: '/tmp/clearvla_eval_glass_41453.png'
15:52.312  render           | Saved: '/tmp/clearvla_eval_glass_41453.png'
15:52.731  render           | Saved: '/tmp/clearvla_eval_glass_41453.png'
15:53.107  render           | Saved: '/tmp/clearvla_eval_glass_41453.png'
15:53.526  render           | Saved: '/tmp/clearvla_eval_glass_41453.png'
15:53.897  render           | Saved: '/tmp/clearvla_eval_glass_41453.png'
15:54.320  render           | Saved: '/tmp/clearvla_eval_glass_41453.png'
15:54.684  render           | Saved: '/tmp/clearvla_eval_glass_41453.png'
15:55.105  render           | Saved: '/tmp/clearvla_eval_glass_41453.png'
15:55.470  render           | Saved: '/tmp/clearvla_eval_glass_41453.png'
15:55.895  render           | Saved: '/tmp/clearvla_eval_glass_41453.png'
15:56.241  render           | Saved: '/tmp/clearvla_eval_glass_41453.png'
15:56.684  render           | Saved: '/tmp/clearvla_eval_glass_41453.png'
15:57.029  render           | Saved: '/tmp/clearvla_eval_glass_41453.png'
15:57.458  render           | Saved: '/tmp/clearvla_eval_glass_41453.png'
15:57.803  render           | Saved: '/tmp/clearvla_eval_glass_41453.png'
15:58.236  render           | Saved: '/tmp/clearvla_eval_glass_41453.png'
15:58.583  render           | Saved: '/tmp/clearvla_eval_glass_41453.png'
15:59.001  render           | Saved: '/tmp/clearvla_eval_glass_41453.png'
15:59.364  render           | Saved: '/tmp/clearvla_eval_glass_41453.png'
15:59.795  render           | Saved: '/tmp/clearvla_eval_glass_41453.png'
16:00.137  render           | Saved: '/tmp/clearvla_eval_glass_41453.png'
16:00.567  render           | Saved: '/tmp/clearvla_eval_glass_41453.png'
16:00.913  render           | Saved: '/tmp/clearvla_eval_glass_41453.png'
16:01.342  render           | Saved: '/tmp/clearvla_eval_glass_41453.png'
16:01.691  render           | Saved: '/tmp/clearvla_eval_glass_41453.png'
16:02.126  render           | Saved: '/tmp/clearvla_eval_glass_41453.png'
16:02.467  render           | Saved: '/tmp/clearvla_eval_glass_41453.png'
16:02.891  render           | Saved: '/tmp/clearvla_eval_glass_41453.png'
16:03.230  render           | Saved: '/tmp/clearvla_eval_glass_41453.png'
16:03.655  render           | Saved: '/tmp/clearvla_eval_glass_41453.png'
16:04.002  render           | Saved: '/tmp/clearvla_eval_glass_41453.png'
16:04.429  render           | Saved: '/tmp/clearvla_eval_glass_41453.png'
16:04.769  render           | Saved: '/tmp/clearvla_eval_glass_41453.png'
16:05.206  render           | Saved: '/tmp/clearvla_eval_glass_41453.png'
16:05.554  render           | Saved: '/tmp/clearvla_eval_glass_41453.png'
16:06.373  render           | Saved: '/tmp/clearvla_eval_glass_41453.png'
16:06.709  render           | Saved: '/tmp/clearvla_eval_glass_41453.png'
16:07.117  render           | Saved: '/tmp/clearvla_eval_glass_41453.png'
16:07.455  render           | Saved: '/tmp/clearvla_eval_glass_41453.png'
16:07.899  render           | Saved: '/tmp/clearvla_eval_glass_41453.png'
16:08.268  render           | Saved: '/tmp/clearvla_eval_glass_41453.png'
16:08.717  render           | Saved: '/tmp/clearvla_eval_glass_41453.png'
16:09.085  render           | Saved: '/tmp/clearvla_eval_glass_41453.png'
16:09.576  render           | Saved: '/tmp/clearvla_eval_glass_41453.png'
16:09.961  render           | Saved: '/tmp/clearvla_eval_glass_41453.png'
16:10.453  render           | Saved: '/tmp/clearvla_eval_glass_41453.png'
16:10.815  render           | Saved: '/tmp/clearvla_eval_glass_41453.png'
16:11.293  render           | Saved: '/tmp/clearvla_eval_glass_41453.png'
16:11.681  render           | Saved: '/tmp/clearvla_eval_glass_41453.png'
16:12.153  render           | Saved: '/tmp/clearvla_eval_glass_41453.png'
16:12.540  render           | Saved: '/tmp/clearvla_eval_glass_41453.png'
16:13.017  render           | Saved: '/tmp/clearvla_eval_glass_41453.png'
16:13.395  render           | Saved: '/tmp/clearvla_eval_glass_41453.png'
16:13.888  render           | Saved: '/tmp/clearvla_eval_glass_41453.png'
16:14.257  render           | Saved: '/tmp/clearvla_eval_glass_41453.png'
16:14.746  render           | Saved: '/tmp/clearvla_eval_glass_41453.png'
16:15.119  render           | Saved: '/tmp/clearvla_eval_glass_41453.png'
16:15.603  render           | Saved: '/tmp/clearvla_eval_glass_41453.png'
16:15.984  render           | Saved: '/tmp/clearvla_eval_glass_41453.png'
16:16.444  render           | Saved: '/tmp/clearvla_eval_glass_41453.png'
16:16.824  render           | Saved: '/tmp/clearvla_eval_glass_41453.png'
16:17.320  render           | Saved: '/tmp/clearvla_eval_glass_41453.png'
16:17.718  render           | Saved: '/tmp/clearvla_eval_glass_41453.png'
16:18.168  render           | Saved: '/tmp/clearvla_eval_glass_41453.png'
16:18.557  render           | Saved: '/tmp/clearvla_eval_glass_41453.png'
16:19.045  render           | Saved: '/tmp/clearvla_eval_glass_41453.png'
16:19.427  render           | Saved: '/tmp/clearvla_eval_glass_41453.png'
16:19.910  render           | Saved: '/tmp/clearvla_eval_glass_41453.png'
16:20.288  render           | Saved: '/tmp/clearvla_eval_glass_41453.png'
16:20.767  render           | Saved: '/tmp/clearvla_eval_glass_41453.png'
16:21.148  render           | Saved: '/tmp/clearvla_eval_glass_41453.png'
16:21.626  render           | Saved: '/tmp/clearvla_eval_glass_41453.png'
16:22.002  render           | Saved: '/tmp/clearvla_eval_glass_41453.png'
16:22.506  render           | Saved: '/tmp/clearvla_eval_glass_41453.png'
16:22.888  render           | Saved: '/tmp/clearvla_eval_glass_41453.png'
16:23.317  render           | Saved: '/tmp/clearvla_eval_glass_41453.png'
16:23.724  render           | Saved: '/tmp/clearvla_eval_glass_41453.png'
16:24.134  render           | Saved: '/tmp/clearvla_eval_glass_41453.png'
16:24.518  render           | Saved: '/tmp/clearvla_eval_glass_41453.png'
16:24.960  render           | Saved: '/tmp/clearvla_eval_glass_41453.png'
16:25.314  render           | Saved: '/tmp/clearvla_eval_glass_41453.png'
16:25.761  render           | Saved: '/tmp/clearvla_eval_glass_41453.png'
16:26.097  render           | Saved: '/tmp/clearvla_eval_glass_41453.png'
16:26.511  render           | Saved: '/tmp/clearvla_eval_glass_41453.png'
16:26.845  render           | Saved: '/tmp/clearvla_eval_glass_41453.png'
16:27.262  render           | Saved: '/tmp/clearvla_eval_glass_41453.png'
16:27.606  render           | Saved: '/tmp/clearvla_eval_glass_41453.png'
16:28.033  render           | Saved: '/tmp/clearvla_eval_glass_41453.png'
16:28.376  render           | Saved: '/tmp/clearvla_eval_glass_41453.png'
16:28.815  render           | Saved: '/tmp/clearvla_eval_glass_41453.png'
16:29.165  render           | Saved: '/tmp/clearvla_eval_glass_41453.png'
16:29.592  render           | Saved: '/tmp/clearvla_eval_glass_41453.png'
16:29.940  render           | Saved: '/tmp/clearvla_eval_glass_41453.png'
16:30.363  render           | Saved: '/tmp/clearvla_eval_glass_41453.png'
16:30.724  render           | Saved: '/tmp/clearvla_eval_glass_41453.png'
16:31.141  render           | Saved: '/tmp/clearvla_eval_glass_41453.png'
16:31.500  render           | Saved: '/tmp/clearvla_eval_glass_41453.png'
16:31.929  render           | Saved: '/tmp/clearvla_eval_glass_41453.png'
16:32.285  render           | Saved: '/tmp/clearvla_eval_glass_41453.png'
16:32.705  render           | Saved: '/tmp/clearvla_eval_glass_41453.png'
16:33.061  render           | Saved: '/tmp/clearvla_eval_glass_41453.png'
16:33.497  render           | Saved: '/tmp/clearvla_eval_glass_41453.png'
16:33.845  render           | Saved: '/tmp/clearvla_eval_glass_41453.png'
16:34.269  render           | Saved: '/tmp/clearvla_eval_glass_41453.png'
16:34.622  render           | Saved: '/tmp/clearvla_eval_glass_41453.png'
16:35.060  render           | Saved: '/tmp/clearvla_eval_glass_41453.png'
16:35.422  render           | Saved: '/tmp/clearvla_eval_glass_41453.png'
16:35.865  render           | Saved: '/tmp/clearvla_eval_glass_41453.png'
16:36.213  render           | Saved: '/tmp/clearvla_eval_glass_41453.png'
16:36.633  render           | Saved: '/tmp/clearvla_eval_glass_41453.png'
16:36.990  render           | Saved: '/tmp/clearvla_eval_glass_41453.png'
16:37.826  render           | Saved: '/tmp/clearvla_eval_glass_41453.png'
16:38.158  render           | Saved: '/tmp/clearvla_eval_glass_41453.png'
16:38.570  render           | Saved: '/tmp/clearvla_eval_glass_41453.png'
16:38.911  render           | Saved: '/tmp/clearvla_eval_glass_41453.png'
16:39.325  render           | Saved: '/tmp/clearvla_eval_glass_41453.png'
16:39.680  render           | Saved: '/tmp/clearvla_eval_glass_41453.png'
16:40.133  render           | Saved: '/tmp/clearvla_eval_glass_41453.png'
16:40.524  render           | Saved: '/tmp/clearvla_eval_glass_41453.png'
16:40.992  render           | Saved: '/tmp/clearvla_eval_glass_41453.png'
16:41.357  render           | Saved: '/tmp/clearvla_eval_glass_41453.png'
16:41.835  render           | Saved: '/tmp/clearvla_eval_glass_41453.png'
16:42.241  render           | Saved: '/tmp/clearvla_eval_glass_41453.png'
16:42.729  render           | Saved: '/tmp/clearvla_eval_glass_41453.png'
16:43.118  render           | Saved: '/tmp/clearvla_eval_glass_41453.png'
16:43.609  render           | Saved: '/tmp/clearvla_eval_glass_41453.png'
16:43.983  render           | Saved: '/tmp/clearvla_eval_glass_41453.png'
16:44.468  render           | Saved: '/tmp/clearvla_eval_glass_41453.png'
16:44.845  render           | Saved: '/tmp/clearvla_eval_glass_41453.png'
16:45.335  render           | Saved: '/tmp/clearvla_eval_glass_41453.png'
16:45.717  render           | Saved: '/tmp/clearvla_eval_glass_41453.png'
16:46.199  render           | Saved: '/tmp/clearvla_eval_glass_41453.png'
16:46.575  render           | Saved: '/tmp/clearvla_eval_glass_41453.png'
16:47.055  render           | Saved: '/tmp/clearvla_eval_glass_41453.png'
16:47.468  render           | Saved: '/tmp/clearvla_eval_glass_41453.png'
16:47.960  render           | Saved: '/tmp/clearvla_eval_glass_41453.png'
16:48.347  render           | Saved: '/tmp/clearvla_eval_glass_41453.png'
16:48.828  render           | Saved: '/tmp/clearvla_eval_glass_41453.png'
16:49.206  render           | Saved: '/tmp/clearvla_eval_glass_41453.png'
16:49.680  render           | Saved: '/tmp/clearvla_eval_glass_41453.png'
16:50.066  render           | Saved: '/tmp/clearvla_eval_glass_41453.png'
16:50.524  render           | Saved: '/tmp/clearvla_eval_glass_41453.png'
16:50.940  render           | Saved: '/tmp/clearvla_eval_glass_41453.png'
16:51.409  render           | Saved: '/tmp/clearvla_eval_glass_41453.png'
16:51.778  render           | Saved: '/tmp/clearvla_eval_glass_41453.png'
16:52.271  render           | Saved: '/tmp/clearvla_eval_glass_41453.png'
16:52.649  render           | Saved: '/tmp/clearvla_eval_glass_41453.png'
16:53.126  render           | Saved: '/tmp/clearvla_eval_glass_41453.png'
16:53.499  render           | Saved: '/tmp/clearvla_eval_glass_41453.png'
16:53.971  render           | Saved: '/tmp/clearvla_eval_glass_41453.png'
16:54.352  render           | Saved: '/tmp/clearvla_eval_glass_41453.png'
16:54.784  render           | Saved: '/tmp/clearvla_eval_glass_41453.png'
16:55.178  render           | Saved: '/tmp/clearvla_eval_glass_41453.png'
16:55.590  render           | Saved: '/tmp/clearvla_eval_glass_41453.png'
16:55.995  render           | Saved: '/tmp/clearvla_eval_glass_41453.png'
16:56.413  render           | Saved: '/tmp/clearvla_eval_glass_41453.png'
16:56.786  render           | Saved: '/tmp/clearvla_eval_glass_41453.png'
16:57.201  render           | Saved: '/tmp/clearvla_eval_glass_41453.png'
16:57.586  render           | Saved: '/tmp/clearvla_eval_glass_41453.png'
16:57.999  render           | Saved: '/tmp/clearvla_eval_glass_41453.png'
16:58.374  render           | Saved: '/tmp/clearvla_eval_glass_41453.png'
16:58.792  render           | Saved: '/tmp/clearvla_eval_glass_41453.png'
16:59.153  render           | Saved: '/tmp/clearvla_eval_glass_41453.png'
16:59.572  render           | Saved: '/tmp/clearvla_eval_glass_41453.png'
16:59.954  render           | Saved: '/tmp/clearvla_eval_glass_41453.png'
17:00.374  render           | Saved: '/tmp/clearvla_eval_glass_41453.png'
17:00.749  render           | Saved: '/tmp/clearvla_eval_glass_41453.png'
17:01.174  render           | Saved: '/tmp/clearvla_eval_glass_41453.png'
17:01.529  render           | Saved: '/tmp/clearvla_eval_glass_41453.png'
17:01.955  render           | Saved: '/tmp/clearvla_eval_glass_41453.png'
17:02.303  render           | Saved: '/tmp/clearvla_eval_glass_41453.png'
17:02.738  render           | Saved: '/tmp/clearvla_eval_glass_41453.png'
17:03.092  render           | Saved: '/tmp/clearvla_eval_glass_41453.png'
17:03.532  render           | Saved: '/tmp/clearvla_eval_glass_41453.png'
17:03.874  render           | Saved: '/tmp/clearvla_eval_glass_41453.png'
17:04.301  render           | Saved: '/tmp/clearvla_eval_glass_41453.png'
17:04.655  render           | Saved: '/tmp/clearvla_eval_glass_41453.png'
17:05.080  render           | Saved: '/tmp/clearvla_eval_glass_41453.png'
17:05.437  render           | Saved: '/tmp/clearvla_eval_glass_41453.png'
17:05.861  render           | Saved: '/tmp/clearvla_eval_glass_41453.png'
17:06.215  render           | Saved: '/tmp/clearvla_eval_glass_41453.png'
17:06.637  render           | Saved: '/tmp/clearvla_eval_glass_41453.png'
17:06.996  render           | Saved: '/tmp/clearvla_eval_glass_41453.png'
17:07.411  render           | Saved: '/tmp/clearvla_eval_glass_41453.png'
17:07.765  render           | Saved: '/tmp/clearvla_eval_glass_41453.png'
17:08.198  render           | Saved: '/tmp/clearvla_eval_glass_41453.png'
17:08.551  render           | Saved: '/tmp/clearvla_eval_glass_41453.png'
17:09.377  render           | Saved: '/tmp/clearvla_eval_glass_41453.png'
17:09.712  render           | Saved: '/tmp/clearvla_eval_glass_41453.png'
17:10.120  render           | Saved: '/tmp/clearvla_eval_glass_41453.png'
17:10.455  render           | Saved: '/tmp/clearvla_eval_glass_41453.png'
17:10.857  render           | Saved: '/tmp/clearvla_eval_glass_41453.png'
17:11.201  render           | Saved: '/tmp/clearvla_eval_glass_41453.png'
17:11.619  render           | Saved: '/tmp/clearvla_eval_glass_41453.png'
17:11.969  render           | Saved: '/tmp/clearvla_eval_glass_41453.png'
17:12.418  render           | Saved: '/tmp/clearvla_eval_glass_41453.png'
17:12.797  render           | Saved: '/tmp/clearvla_eval_glass_41453.png'
17:13.259  render           | Saved: '/tmp/clearvla_eval_glass_41453.png'
17:13.662  render           | Saved: '/tmp/clearvla_eval_glass_41453.png'
17:14.156  render           | Saved: '/tmp/clearvla_eval_glass_41453.png'
17:14.548  render           | Saved: '/tmp/clearvla_eval_glass_41453.png'
17:14.995  render           | Saved: '/tmp/clearvla_eval_glass_41453.png'
17:15.373  render           | Saved: '/tmp/clearvla_eval_glass_41453.png'
17:15.846  render           | Saved: '/tmp/clearvla_eval_glass_41453.png'
17:16.235  render           | Saved: '/tmp/clearvla_eval_glass_41453.png'
17:16.702  render           | Saved: '/tmp/clearvla_eval_glass_41453.png'
17:17.086  render           | Saved: '/tmp/clearvla_eval_glass_41453.png'
17:17.550  render           | Saved: '/tmp/clearvla_eval_glass_41453.png'
17:17.947  render           | Saved: '/tmp/clearvla_eval_glass_41453.png'
17:18.386  render           | Saved: '/tmp/clearvla_eval_glass_41453.png'
17:18.734  render           | Saved: '/tmp/clearvla_eval_glass_41453.png'
17:19.171  render           | Saved: '/tmp/clearvla_eval_glass_41453.png'
17:19.562  render           | Saved: '/tmp/clearvla_eval_glass_41453.png'
17:20.040  render           | Saved: '/tmp/clearvla_eval_glass_41453.png'
17:20.408  render           | Saved: '/tmp/clearvla_eval_glass_41453.png'
17:20.889  render           | Saved: '/tmp/clearvla_eval_glass_41453.png'
17:21.261  render           | Saved: '/tmp/clearvla_eval_glass_41453.png'
17:21.723  render           | Saved: '/tmp/clearvla_eval_glass_41453.png'
17:22.111  render           | Saved: '/tmp/clearvla_eval_glass_41453.png'
17:22.579  render           | Saved: '/tmp/clearvla_eval_glass_41453.png'
17:22.968  render           | Saved: '/tmp/clearvla_eval_glass_41453.png'
17:23.437  render           | Saved: '/tmp/clearvla_eval_glass_41453.png'
17:23.825  render           | Saved: '/tmp/clearvla_eval_glass_41453.png'
17:24.283  render           | Saved: '/tmp/clearvla_eval_glass_41453.png'
17:24.669  render           | Saved: '/tmp/clearvla_eval_glass_41453.png'
17:25.134  render           | Saved: '/tmp/clearvla_eval_glass_41453.png'
17:25.526  render           | Saved: '/tmp/clearvla_eval_glass_41453.png'
17:25.978  render           | Saved: '/tmp/clearvla_eval_glass_41453.png'
17:26.357  render           | Saved: '/tmp/clearvla_eval_glass_41453.png'
17:26.774  render           | Saved: '/tmp/clearvla_eval_glass_41453.png'
17:27.183  render           | Saved: '/tmp/clearvla_eval_glass_41453.png'
17:27.604  render           | Saved: '/tmp/clearvla_eval_glass_41453.png'
17:27.965  render           | Saved: '/tmp/clearvla_eval_glass_41453.png'
17:28.397  render           | Saved: '/tmp/clearvla_eval_glass_41453.png'
17:28.738  render           | Saved: '/tmp/clearvla_eval_glass_41453.png'
17:29.155  render           | Saved: '/tmp/clearvla_eval_glass_41453.png'
17:29.530  render           | Saved: '/tmp/clearvla_eval_glass_41453.png'
17:29.943  render           | Saved: '/tmp/clearvla_eval_glass_41453.png'
17:30.314  render           | Saved: '/tmp/clearvla_eval_glass_41453.png'
17:30.737  render           | Saved: '/tmp/clearvla_eval_glass_41453.png'
17:31.114  render           | Saved: '/tmp/clearvla_eval_glass_41453.png'
17:31.532  render           | Saved: '/tmp/clearvla_eval_glass_41453.png'
17:31.904  render           | Saved: '/tmp/clearvla_eval_glass_41453.png'
17:32.325  render           | Saved: '/tmp/clearvla_eval_glass_41453.png'
17:32.704  render           | Saved: '/tmp/clearvla_eval_glass_41453.png'
17:33.117  render           | Saved: '/tmp/clearvla_eval_glass_41453.png'
17:33.500  render           | Saved: '/tmp/clearvla_eval_glass_41453.png'
17:33.920  render           | Saved: '/tmp/clearvla_eval_glass_41453.png'
17:34.300  render           | Saved: '/tmp/clearvla_eval_glass_41453.png'
17:34.717  render           | Saved: '/tmp/clearvla_eval_glass_41453.png'
17:35.091  render           | Saved: '/tmp/clearvla_eval_glass_41453.png'
17:35.511  render           | Saved: '/tmp/clearvla_eval_glass_41453.png'
17:35.890  render           | Saved: '/tmp/clearvla_eval_glass_41453.png'
17:36.308  render           | Saved: '/tmp/clearvla_eval_glass_41453.png'
17:36.682  render           | Saved: '/tmp/clearvla_eval_glass_41453.png'
17:37.100  render           | Saved: '/tmp/clearvla_eval_glass_41453.png'
17:37.467  render           | Saved: '/tmp/clearvla_eval_glass_41453.png'
17:37.890  render           | Saved: '/tmp/clearvla_eval_glass_41453.png'
17:38.263  render           | Saved: '/tmp/clearvla_eval_glass_41453.png'
17:38.681  render           | Saved: '/tmp/clearvla_eval_glass_41453.png'
17:39.052  render           | Saved: '/tmp/clearvla_eval_glass_41453.png'
17:39.470  render           | Saved: '/tmp/clearvla_eval_glass_41453.png'
17:39.845  render           | Saved: '/tmp/clearvla_eval_glass_41453.png'
17:40.666  render           | Saved: '/tmp/clearvla_eval_glass_41453.png'
17:41.000  render           | Saved: '/tmp/clearvla_eval_glass_41453.png'
17:41.433  render           | Saved: '/tmp/clearvla_eval_glass_41453.png'
17:41.766  render           | Saved: '/tmp/clearvla_eval_glass_41453.png'
17:42.172  render           | Saved: '/tmp/clearvla_eval_glass_41453.png'
17:42.520  render           | Saved: '/tmp/clearvla_eval_glass_41453.png'
17:42.932  render           | Saved: '/tmp/clearvla_eval_glass_41453.png'
17:43.277  render           | Saved: '/tmp/clearvla_eval_glass_41453.png'
17:43.737  render           | Saved: '/tmp/clearvla_eval_glass_41453.png'
17:44.104  render           | Saved: '/tmp/clearvla_eval_glass_41453.png'
17:44.582  render           | Saved: '/tmp/clearvla_eval_glass_41453.png'
17:44.959  render           | Saved: '/tmp/clearvla_eval_glass_41453.png'
17:45.445  render           | Saved: '/tmp/clearvla_eval_glass_41453.png'
17:45.814  render           | Saved: '/tmp/clearvla_eval_glass_41453.png'
17:46.295  render           | Saved: '/tmp/clearvla_eval_glass_41453.png'
17:46.679  render           | Saved: '/tmp/clearvla_eval_glass_41453.png'
17:47.161  render           | Saved: '/tmp/clearvla_eval_glass_41453.png'
17:47.557  render           | Saved: '/tmp/clearvla_eval_glass_41453.png'
17:48.033  render           | Saved: '/tmp/clearvla_eval_glass_41453.png'
17:48.415  render           | Saved: '/tmp/clearvla_eval_glass_41453.png'
17:48.907  render           | Saved: '/tmp/clearvla_eval_glass_41453.png'
17:49.295  render           | Saved: '/tmp/clearvla_eval_glass_41453.png'
17:49.747  render           | Saved: '/tmp/clearvla_eval_glass_41453.png'
17:50.124  render           | Saved: '/tmp/clearvla_eval_glass_41453.png'
17:50.624  render           | Saved: '/tmp/clearvla_eval_glass_41453.png'
17:51.000  render           | Saved: '/tmp/clearvla_eval_glass_41453.png'
17:51.500  render           | Saved: '/tmp/clearvla_eval_glass_41453.png'
17:51.892  render           | Saved: '/tmp/clearvla_eval_glass_41453.png'
17:52.392  render           | Saved: '/tmp/clearvla_eval_glass_41453.png'
17:52.770  render           | Saved: '/tmp/clearvla_eval_glass_41453.png'
17:53.234  render           | Saved: '/tmp/clearvla_eval_glass_41453.png'
17:53.615  render           | Saved: '/tmp/clearvla_eval_glass_41453.png'
17:54.093  render           | Saved: '/tmp/clearvla_eval_glass_41453.png'
17:54.477  render           | Saved: '/tmp/clearvla_eval_glass_41453.png'
17:54.961  render           | Saved: '/tmp/clearvla_eval_glass_41453.png'
17:55.343  render           | Saved: '/tmp/clearvla_eval_glass_41453.png'
17:55.835  render           | Saved: '/tmp/clearvla_eval_glass_41453.png'
17:56.201  render           | Saved: '/tmp/clearvla_eval_glass_41453.png'
17:56.650  render           | Saved: '/tmp/clearvla_eval_glass_41453.png'
17:57.037  render           | Saved: '/tmp/clearvla_eval_glass_41453.png'
17:57.490  render           | Saved: '/tmp/clearvla_eval_glass_41453.png'
17:57.875  render           | Saved: '/tmp/clearvla_eval_glass_41453.png'
17:58.290  render           | Saved: '/tmp/clearvla_eval_glass_41453.png'
17:58.689  render           | Saved: '/tmp/clearvla_eval_glass_41453.png'
17:59.110  render           | Saved: '/tmp/clearvla_eval_glass_41453.png'
17:59.471  render           | Saved: '/tmp/clearvla_eval_glass_41453.png'
17:59.904  render           | Saved: '/tmp/clearvla_eval_glass_41453.png'
18:00.264  render           | Saved: '/tmp/clearvla_eval_glass_41453.png'
18:00.688  render           | Saved: '/tmp/clearvla_eval_glass_41453.png'
18:01.051  render           | Saved: '/tmp/clearvla_eval_glass_41453.png'
18:01.485  render           | Saved: '/tmp/clearvla_eval_glass_41453.png'
18:01.831  render           | Saved: '/tmp/clearvla_eval_glass_41453.png'
18:02.277  render           | Saved: '/tmp/clearvla_eval_glass_41453.png'
18:02.624  render           | Saved: '/tmp/clearvla_eval_glass_41453.png'
18:03.075  render           | Saved: '/tmp/clearvla_eval_glass_41453.png'
18:03.421  render           | Saved: '/tmp/clearvla_eval_glass_41453.png'
18:03.851  render           | Saved: '/tmp/clearvla_eval_glass_41453.png'
18:04.209  render           | Saved: '/tmp/clearvla_eval_glass_41453.png'
18:04.637  render           | Saved: '/tmp/clearvla_eval_glass_41453.png'
18:04.993  render           | Saved: '/tmp/clearvla_eval_glass_41453.png'
18:05.428  render           | Saved: '/tmp/clearvla_eval_glass_41453.png'
18:05.776  render           | Saved: '/tmp/clearvla_eval_glass_41453.png'
18:06.208  render           | Saved: '/tmp/clearvla_eval_glass_41453.png'
18:06.558  render           | Saved: '/tmp/clearvla_eval_glass_41453.png'
18:07.005  render           | Saved: '/tmp/clearvla_eval_glass_41453.png'
18:07.352  render           | Saved: '/tmp/clearvla_eval_glass_41453.png'
18:07.802  render           | Saved: '/tmp/clearvla_eval_glass_41453.png'
18:08.146  render           | Saved: '/tmp/clearvla_eval_glass_41453.png'
18:08.578  render           | Saved: '/tmp/clearvla_eval_glass_41453.png'
18:08.927  render           | Saved: '/tmp/clearvla_eval_glass_41453.png'
18:09.359  render           | Saved: '/tmp/clearvla_eval_glass_41453.png'
18:09.708  render           | Saved: '/tmp/clearvla_eval_glass_41453.png'
18:10.137  render           | Saved: '/tmp/clearvla_eval_glass_41453.png'
18:10.489  render           | Saved: '/tmp/clearvla_eval_glass_41453.png'
18:10.917  render           | Saved: '/tmp/clearvla_eval_glass_41453.png'
18:11.265  render           | Saved: '/tmp/clearvla_eval_glass_41453.png'
18:12.077  render           | Saved: '/tmp/clearvla_eval_glass_41453.png'
18:12.411  render           | Saved: '/tmp/clearvla_eval_glass_41453.png'
18:12.820  render           | Saved: '/tmp/clearvla_eval_glass_41453.png'
18:13.159  render           | Saved: '/tmp/clearvla_eval_glass_41453.png'
18:13.601  render           | Saved: '/tmp/clearvla_eval_glass_41453.png'
18:13.958  render           | Saved: '/tmp/clearvla_eval_glass_41453.png'
18:14.392  render           | Saved: '/tmp/clearvla_eval_glass_41453.png'
18:14.746  render           | Saved: '/tmp/clearvla_eval_glass_41453.png'
18:15.169  render           | Saved: '/tmp/clearvla_eval_glass_41453.png'
18:15.523  render           | Saved: '/tmp/clearvla_eval_glass_41453.png'
18:15.948  render           | Saved: '/tmp/clearvla_eval_glass_41453.png'
18:16.295  render           | Saved: '/tmp/clearvla_eval_glass_41453.png'
18:16.715  render           | Saved: '/tmp/clearvla_eval_glass_41453.png'
18:17.069  render           | Saved: '/tmp/clearvla_eval_glass_41453.png'
18:17.558  render           | Saved: '/tmp/clearvla_eval_glass_41453.png'
18:17.962  render           | Saved: '/tmp/clearvla_eval_glass_41453.png'
18:18.511  render           | Saved: '/tmp/clearvla_eval_glass_41453.png'
18:19.015  render           | Saved: '/tmp/clearvla_eval_glass_41453.png'
18:19.493  render           | Saved: '/tmp/clearvla_eval_glass_41453.png'
18:19.865  render           | Saved: '/tmp/clearvla_eval_glass_41453.png'
18:20.331  render           | Saved: '/tmp/clearvla_eval_glass_41453.png'
18:20.704  render           | Saved: '/tmp/clearvla_eval_glass_41453.png'
18:21.159  render           | Saved: '/tmp/clearvla_eval_glass_41453.png'
18:21.525  render           | Saved: '/tmp/clearvla_eval_glass_41453.png'
18:21.959  render           | Saved: '/tmp/clearvla_eval_glass_41453.png'
18:22.367  render           | Saved: '/tmp/clearvla_eval_glass_41453.png'
18:22.817  render           | Saved: '/tmp/clearvla_eval_glass_41453.png'
18:23.215  render           | Saved: '/tmp/clearvla_eval_glass_41453.png'
18:23.724  render           | Saved: '/tmp/clearvla_eval_glass_41453.png'
18:24.173  render           | Saved: '/tmp/clearvla_eval_glass_41453.png'
18:24.614  render           | Saved: '/tmp/clearvla_eval_glass_41453.png'
18:25.014  render           | Saved: '/tmp/clearvla_eval_glass_41453.png'
18:25.498  render           | Saved: '/tmp/clearvla_eval_glass_41453.png'
18:25.880  render           | Saved: '/tmp/clearvla_eval_glass_41453.png'
18:26.373  render           | Saved: '/tmp/clearvla_eval_glass_41453.png'
18:26.749  render           | Saved: '/tmp/clearvla_eval_glass_41453.png'
18:27.243  render           | Saved: '/tmp/clearvla_eval_glass_41453.png'
18:27.635  render           | Saved: '/tmp/clearvla_eval_glass_41453.png'
18:28.128  render           | Saved: '/tmp/clearvla_eval_glass_41453.png'
18:28.518  render           | Saved: '/tmp/clearvla_eval_glass_41453.png'
18:29.006  render           | Saved: '/tmp/clearvla_eval_glass_41453.png'
18:29.401  render           | Saved: '/tmp/clearvla_eval_glass_41453.png'
18:29.873  render           | Saved: '/tmp/clearvla_eval_glass_41453.png'
18:30.269  render           | Saved: '/tmp/clearvla_eval_glass_41453.png'
18:30.771  render           | Saved: '/tmp/clearvla_eval_glass_41453.png'
18:31.148  render           | Saved: '/tmp/clearvla_eval_glass_41453.png'
18:31.639  render           | Saved: '/tmp/clearvla_eval_glass_41453.png'
18:32.032  render           | Saved: '/tmp/clearvla_eval_glass_41453.png'
18:32.520  render           | Saved: '/tmp/clearvla_eval_glass_41453.png'
18:32.898  render           | Saved: '/tmp/clearvla_eval_glass_41453.png'
18:33.375  render           | Saved: '/tmp/clearvla_eval_glass_41453.png'
18:33.760  render           | Saved: '/tmp/clearvla_eval_glass_41453.png'
18:34.255  render           | Saved: '/tmp/clearvla_eval_glass_41453.png'
18:34.636  render           | Saved: '/tmp/clearvla_eval_glass_41453.png'
18:35.128  render           | Saved: '/tmp/clearvla_eval_glass_41453.png'
18:35.530  render           | Saved: '/tmp/clearvla_eval_glass_41453.png'
18:36.023  render           | Saved: '/tmp/clearvla_eval_glass_41453.png'
18:36.418  render           | Saved: '/tmp/clearvla_eval_glass_41453.png'
18:36.906  render           | Saved: '/tmp/clearvla_eval_glass_41453.png'
18:37.292  render           | Saved: '/tmp/clearvla_eval_glass_41453.png'
18:37.779  render           | Saved: '/tmp/clearvla_eval_glass_41453.png'
18:38.160  render           | Saved: '/tmp/clearvla_eval_glass_41453.png'
18:38.643  render           | Saved: '/tmp/clearvla_eval_glass_41453.png'
18:39.027  render           | Saved: '/tmp/clearvla_eval_glass_41453.png'
18:39.511  render           | Saved: '/tmp/clearvla_eval_glass_41453.png'
18:39.898  render           | Saved: '/tmp/clearvla_eval_glass_41453.png'
18:40.353  render           | Saved: '/tmp/clearvla_eval_glass_41453.png'
18:40.734  render           | Saved: '/tmp/clearvla_eval_glass_41453.png'
18:41.217  render           | Saved: '/tmp/clearvla_eval_glass_41453.png'
18:41.601  render           | Saved: '/tmp/clearvla_eval_glass_41453.png'
18:42.089  render           | Saved: '/tmp/clearvla_eval_glass_41453.png'
18:42.476  render           | Saved: '/tmp/clearvla_eval_glass_41453.png'
18:42.947  render           | Saved: '/tmp/clearvla_eval_glass_41453.png'
18:43.350  render           | Saved: '/tmp/clearvla_eval_glass_41453.png'
18:43.832  render           | Saved: '/tmp/clearvla_eval_glass_41453.png'
18:44.206  render           | Saved: '/tmp/clearvla_eval_glass_41453.png'
[prune50/glass] pour: 3/10  (18.6 min, 32.6 s/ep)
18:45.069  render           | Saved: '/tmp/clearvla_eval_glass_41453.png'
18:45.452  render           | Saved: '/tmp/clearvla_eval_glass_41453.png'
18:45.891  render           | Saved: '/tmp/clearvla_eval_glass_41453.png'
18:46.258  render           | Saved: '/tmp/clearvla_eval_glass_41453.png'
18:46.709  render           | Saved: '/tmp/clearvla_eval_glass_41453.png'
18:47.089  render           | Saved: '/tmp/clearvla_eval_glass_41453.png'
18:47.578  render           | Saved: '/tmp/clearvla_eval_glass_41453.png'
18:47.954  render           | Saved: '/tmp/clearvla_eval_glass_41453.png'
18:48.424  render           | Saved: '/tmp/clearvla_eval_glass_41453.png'
18:48.836  render           | Saved: '/tmp/clearvla_eval_glass_41453.png'
18:49.321  render           | Saved: '/tmp/clearvla_eval_glass_41453.png'
18:49.707  render           | Saved: '/tmp/clearvla_eval_glass_41453.png'
18:50.168  render           | Saved: '/tmp/clearvla_eval_glass_41453.png'
18:50.548  render           | Saved: '/tmp/clearvla_eval_glass_41453.png'
18:51.010  render           | Saved: '/tmp/clearvla_eval_glass_41453.png'
18:51.398  render           | Saved: '/tmp/clearvla_eval_glass_41453.png'
18:51.841  render           | Saved: '/tmp/clearvla_eval_glass_41453.png'
18:52.225  render           | Saved: '/tmp/clearvla_eval_glass_41453.png'
18:52.696  render           | Saved: '/tmp/clearvla_eval_glass_41453.png'
18:53.077  render           | Saved: '/tmp/clearvla_eval_glass_41453.png'
18:53.541  render           | Saved: '/tmp/clearvla_eval_glass_41453.png'
18:53.925  render           | Saved: '/tmp/clearvla_eval_glass_41453.png'
18:54.381  render           | Saved: '/tmp/clearvla_eval_glass_41453.png'
18:54.792  render           | Saved: '/tmp/clearvla_eval_glass_41453.png'
18:55.292  render           | Saved: '/tmp/clearvla_eval_glass_41453.png'
18:55.649  render           | Saved: '/tmp/clearvla_eval_glass_41453.png'
18:56.095  render           | Saved: '/tmp/clearvla_eval_glass_41453.png'
18:56.478  render           | Saved: '/tmp/clearvla_eval_glass_41453.png'
18:56.960  render           | Saved: '/tmp/clearvla_eval_glass_41453.png'
18:57.345  render           | Saved: '/tmp/clearvla_eval_glass_41453.png'
18:57.813  render           | Saved: '/tmp/clearvla_eval_glass_41453.png'
18:58.197  render           | Saved: '/tmp/clearvla_eval_glass_41453.png'
18:58.662  render           | Saved: '/tmp/clearvla_eval_glass_41453.png'
18:59.051  render           | Saved: '/tmp/clearvla_eval_glass_41453.png'
18:59.518  render           | Saved: '/tmp/clearvla_eval_glass_41453.png'
18:59.902  render           | Saved: '/tmp/clearvla_eval_glass_41453.png'
19:00.394  render           | Saved: '/tmp/clearvla_eval_glass_41453.png'
19:00.773  render           | Saved: '/tmp/clearvla_eval_glass_41453.png'
19:01.243  render           | Saved: '/tmp/clearvla_eval_glass_41453.png'
19:01.603  render           | Saved: '/tmp/clearvla_eval_glass_41453.png'
19:02.050  render           | Saved: '/tmp/clearvla_eval_glass_41453.png'
19:02.408  render           | Saved: '/tmp/clearvla_eval_glass_41453.png'
19:02.877  render           | Saved: '/tmp/clearvla_eval_glass_41453.png'
19:03.250  render           | Saved: '/tmp/clearvla_eval_glass_41453.png'
19:03.731  render           | Saved: '/tmp/clearvla_eval_glass_41453.png'
19:04.114  render           | Saved: '/tmp/clearvla_eval_glass_41453.png'
19:04.589  render           | Saved: '/tmp/clearvla_eval_glass_41453.png'
19:04.953  render           | Saved: '/tmp/clearvla_eval_glass_41453.png'
19:05.444  render           | Saved: '/tmp/clearvla_eval_glass_41453.png'
19:05.819  render           | Saved: '/tmp/clearvla_eval_glass_41453.png'
19:06.310  render           | Saved: '/tmp/clearvla_eval_glass_41453.png'
19:06.689  render           | Saved: '/tmp/clearvla_eval_glass_41453.png'
19:07.160  render           | Saved: '/tmp/clearvla_eval_glass_41453.png'
19:07.542  render           | Saved: '/tmp/clearvla_eval_glass_41453.png'
19:08.025  render           | Saved: '/tmp/clearvla_eval_glass_41453.png'
19:08.403  render           | Saved: '/tmp/clearvla_eval_glass_41453.png'
19:08.856  render           | Saved: '/tmp/clearvla_eval_glass_41453.png'
19:09.233  render           | Saved: '/tmp/clearvla_eval_glass_41453.png'
19:09.714  render           | Saved: '/tmp/clearvla_eval_glass_41453.png'
19:10.084  render           | Saved: '/tmp/clearvla_eval_glass_41453.png'
19:10.588  render           | Saved: '/tmp/clearvla_eval_glass_41453.png'
19:10.971  render           | Saved: '/tmp/clearvla_eval_glass_41453.png'
19:11.442  render           | Saved: '/tmp/clearvla_eval_glass_41453.png'
19:11.814  render           | Saved: '/tmp/clearvla_eval_glass_41453.png'
19:12.294  render           | Saved: '/tmp/clearvla_eval_glass_41453.png'
19:12.671  render           | Saved: '/tmp/clearvla_eval_glass_41453.png'
19:13.147  render           | Saved: '/tmp/clearvla_eval_glass_41453.png'
19:13.523  render           | Saved: '/tmp/clearvla_eval_glass_41453.png'
19:13.996  render           | Saved: '/tmp/clearvla_eval_glass_41453.png'
19:14.369  render           | Saved: '/tmp/clearvla_eval_glass_41453.png'
19:14.840  render           | Saved: '/tmp/clearvla_eval_glass_41453.png'
19:15.200  render           | Saved: '/tmp/clearvla_eval_glass_41453.png'
19:15.626  render           | Saved: '/tmp/clearvla_eval_glass_41453.png'
19:15.982  render           | Saved: '/tmp/clearvla_eval_glass_41453.png'
19:16.424  render           | Saved: '/tmp/clearvla_eval_glass_41453.png'
19:16.794  render           | Saved: '/tmp/clearvla_eval_glass_41453.png'
19:17.618  render           | Saved: '/tmp/clearvla_eval_glass_41453.png'
19:18.008  render           | Saved: '/tmp/clearvla_eval_glass_41453.png'
19:18.436  render           | Saved: '/tmp/clearvla_eval_glass_41453.png'
19:18.796  render           | Saved: '/tmp/clearvla_eval_glass_41453.png'
19:19.215  render           | Saved: '/tmp/clearvla_eval_glass_41453.png'
19:19.568  render           | Saved: '/tmp/clearvla_eval_glass_41453.png'
19:20.014  render           | Saved: '/tmp/clearvla_eval_glass_41453.png'
19:20.390  render           | Saved: '/tmp/clearvla_eval_glass_41453.png'
19:20.848  render           | Saved: '/tmp/clearvla_eval_glass_41453.png'
19:21.225  render           | Saved: '/tmp/clearvla_eval_glass_41453.png'
19:21.719  render           | Saved: '/tmp/clearvla_eval_glass_41453.png'
19:22.096  render           | Saved: '/tmp/clearvla_eval_glass_41453.png'
19:22.558  render           | Saved: '/tmp/clearvla_eval_glass_41453.png'
19:22.942  render           | Saved: '/tmp/clearvla_eval_glass_41453.png'
19:23.393  render           | Saved: '/tmp/clearvla_eval_glass_41453.png'
19:23.774  render           | Saved: '/tmp/clearvla_eval_glass_41453.png'
19:24.226  render           | Saved: '/tmp/clearvla_eval_glass_41453.png'
19:24.609  render           | Saved: '/tmp/clearvla_eval_glass_41453.png'
19:25.088  render           | Saved: '/tmp/clearvla_eval_glass_41453.png'
19:25.475  render           | Saved: '/tmp/clearvla_eval_glass_41453.png'
19:25.937  render           | Saved: '/tmp/clearvla_eval_glass_41453.png'
19:26.323  render           | Saved: '/tmp/clearvla_eval_glass_41453.png'
19:26.811  render           | Saved: '/tmp/clearvla_eval_glass_41453.png'
19:27.202  render           | Saved: '/tmp/clearvla_eval_glass_41453.png'
19:27.703  render           | Saved: '/tmp/clearvla_eval_glass_41453.png'
19:28.081  render           | Saved: '/tmp/clearvla_eval_glass_41453.png'
19:28.557  render           | Saved: '/tmp/clearvla_eval_glass_41453.png'
19:28.967  render           | Saved: '/tmp/clearvla_eval_glass_41453.png'
19:29.439  render           | Saved: '/tmp/clearvla_eval_glass_41453.png'
19:29.823  render           | Saved: '/tmp/clearvla_eval_glass_41453.png'
19:30.284  render           | Saved: '/tmp/clearvla_eval_glass_41453.png'
19:30.666  render           | Saved: '/tmp/clearvla_eval_glass_41453.png'
19:31.166  render           | Saved: '/tmp/clearvla_eval_glass_41453.png'
19:31.554  render           | Saved: '/tmp/clearvla_eval_glass_41453.png'
19:32.022  render           | Saved: '/tmp/clearvla_eval_glass_41453.png'
19:32.419  render           | Saved: '/tmp/clearvla_eval_glass_41453.png'
19:32.909  render           | Saved: '/tmp/clearvla_eval_glass_41453.png'
19:33.283  render           | Saved: '/tmp/clearvla_eval_glass_41453.png'
19:33.764  render           | Saved: '/tmp/clearvla_eval_glass_41453.png'
19:34.145  render           | Saved: '/tmp/clearvla_eval_glass_41453.png'
19:34.628  render           | Saved: '/tmp/clearvla_eval_glass_41453.png'
19:35.004  render           | Saved: '/tmp/clearvla_eval_glass_41453.png'
19:35.517  render           | Saved: '/tmp/clearvla_eval_glass_41453.png'
19:36.052  render           | Saved: '/tmp/clearvla_eval_glass_41453.png'
19:36.505  render           | Saved: '/tmp/clearvla_eval_glass_41453.png'
19:36.844  render           | Saved: '/tmp/clearvla_eval_glass_41453.png'
19:37.265  render           | Saved: '/tmp/clearvla_eval_glass_41453.png'
19:37.618  render           | Saved: '/tmp/clearvla_eval_glass_41453.png'
19:38.022  render           | Saved: '/tmp/clearvla_eval_glass_41453.png'
19:38.366  render           | Saved: '/tmp/clearvla_eval_glass_41453.png'
19:38.768  render           | Saved: '/tmp/clearvla_eval_glass_41453.png'
19:39.111  render           | Saved: '/tmp/clearvla_eval_glass_41453.png'
19:39.513  render           | Saved: '/tmp/clearvla_eval_glass_41453.png'
19:39.849  render           | Saved: '/tmp/clearvla_eval_glass_41453.png'
19:40.249  render           | Saved: '/tmp/clearvla_eval_glass_41453.png'
19:40.582  render           | Saved: '/tmp/clearvla_eval_glass_41453.png'
19:40.984  render           | Saved: '/tmp/clearvla_eval_glass_41453.png'
19:41.316  render           | Saved: '/tmp/clearvla_eval_glass_41453.png'
19:41.714  render           | Saved: '/tmp/clearvla_eval_glass_41453.png'
19:42.048  render           | Saved: '/tmp/clearvla_eval_glass_41453.png'
19:42.444  render           | Saved: '/tmp/clearvla_eval_glass_41453.png'
19:42.783  render           | Saved: '/tmp/clearvla_eval_glass_41453.png'
19:43.180  render           | Saved: '/tmp/clearvla_eval_glass_41453.png'
19:43.517  render           | Saved: '/tmp/clearvla_eval_glass_41453.png'
19:43.920  render           | Saved: '/tmp/clearvla_eval_glass_41453.png'
19:44.260  render           | Saved: '/tmp/clearvla_eval_glass_41453.png'
19:44.665  render           | Saved: '/tmp/clearvla_eval_glass_41453.png'
19:44.998  render           | Saved: '/tmp/clearvla_eval_glass_41453.png'
19:45.401  render           | Saved: '/tmp/clearvla_eval_glass_41453.png'
19:45.735  render           | Saved: '/tmp/clearvla_eval_glass_41453.png'
19:46.136  render           | Saved: '/tmp/clearvla_eval_glass_41453.png'
19:46.466  render           | Saved: '/tmp/clearvla_eval_glass_41453.png'
19:46.871  render           | Saved: '/tmp/clearvla_eval_glass_41453.png'
19:47.206  render           | Saved: '/tmp/clearvla_eval_glass_41453.png'
19:47.609  render           | Saved: '/tmp/clearvla_eval_glass_41453.png'
19:47.945  render           | Saved: '/tmp/clearvla_eval_glass_41453.png'
19:48.814  render           | Saved: '/tmp/clearvla_eval_glass_41453.png'
19:49.149  render           | Saved: '/tmp/clearvla_eval_glass_41453.png'
19:49.577  render           | Saved: '/tmp/clearvla_eval_glass_41453.png'
19:49.928  render           | Saved: '/tmp/clearvla_eval_glass_41453.png'
19:50.341  render           | Saved: '/tmp/clearvla_eval_glass_41453.png'
19:50.682  render           | Saved: '/tmp/clearvla_eval_glass_41453.png'
19:51.110  render           | Saved: '/tmp/clearvla_eval_glass_41453.png'
19:51.443  render           | Saved: '/tmp/clearvla_eval_glass_41453.png'
19:51.856  render           | Saved: '/tmp/clearvla_eval_glass_41453.png'
19:52.193  render           | Saved: '/tmp/clearvla_eval_glass_41453.png'
19:52.620  render           | Saved: '/tmp/clearvla_eval_glass_41453.png'
19:52.963  render           | Saved: '/tmp/clearvla_eval_glass_41453.png'
19:53.376  render           | Saved: '/tmp/clearvla_eval_glass_41453.png'
19:53.731  render           | Saved: '/tmp/clearvla_eval_glass_41453.png'
19:54.157  render           | Saved: '/tmp/clearvla_eval_glass_41453.png'
19:54.492  render           | Saved: '/tmp/clearvla_eval_glass_41453.png'
19:54.888  render           | Saved: '/tmp/clearvla_eval_glass_41453.png'
19:55.223  render           | Saved: '/tmp/clearvla_eval_glass_41453.png'
19:55.627  render           | Saved: '/tmp/clearvla_eval_glass_41453.png'
19:55.965  render           | Saved: '/tmp/clearvla_eval_glass_41453.png'
19:56.373  render           | Saved: '/tmp/clearvla_eval_glass_41453.png'
19:56.716  render           | Saved: '/tmp/clearvla_eval_glass_41453.png'
19:57.119  render           | Saved: '/tmp/clearvla_eval_glass_41453.png'
19:57.455  render           | Saved: '/tmp/clearvla_eval_glass_41453.png'
19:57.857  render           | Saved: '/tmp/clearvla_eval_glass_41453.png'
19:58.192  render           | Saved: '/tmp/clearvla_eval_glass_41453.png'
19:58.599  render           | Saved: '/tmp/clearvla_eval_glass_41453.png'
19:58.944  render           | Saved: '/tmp/clearvla_eval_glass_41453.png'
19:59.353  render           | Saved: '/tmp/clearvla_eval_glass_41453.png'
19:59.695  render           | Saved: '/tmp/clearvla_eval_glass_41453.png'
20:00.105  render           | Saved: '/tmp/clearvla_eval_glass_41453.png'
20:00.442  render           | Saved: '/tmp/clearvla_eval_glass_41453.png'
20:00.851  render           | Saved: '/tmp/clearvla_eval_glass_41453.png'
20:01.191  render           | Saved: '/tmp/clearvla_eval_glass_41453.png'
20:01.606  render           | Saved: '/tmp/clearvla_eval_glass_41453.png'
20:01.945  render           | Saved: '/tmp/clearvla_eval_glass_41453.png'
20:02.351  render           | Saved: '/tmp/clearvla_eval_glass_41453.png'
20:02.682  render           | Saved: '/tmp/clearvla_eval_glass_41453.png'
20:03.090  render           | Saved: '/tmp/clearvla_eval_glass_41453.png'
20:03.423  render           | Saved: '/tmp/clearvla_eval_glass_41453.png'
20:03.836  render           | Saved: '/tmp/clearvla_eval_glass_41453.png'
20:04.174  render           | Saved: '/tmp/clearvla_eval_glass_41453.png'
20:04.588  render           | Saved: '/tmp/clearvla_eval_glass_41453.png'
20:04.928  render           | Saved: '/tmp/clearvla_eval_glass_41453.png'
20:05.340  render           | Saved: '/tmp/clearvla_eval_glass_41453.png'
20:05.683  render           | Saved: '/tmp/clearvla_eval_glass_41453.png'
20:06.510  render           | Saved: '/tmp/clearvla_eval_glass_41453.png'
20:06.843  render           | Saved: '/tmp/clearvla_eval_glass_41453.png'
20:07.272  render           | Saved: '/tmp/clearvla_eval_glass_41453.png'
20:07.609  render           | Saved: '/tmp/clearvla_eval_glass_41453.png'
20:08.025  render           | Saved: '/tmp/clearvla_eval_glass_41453.png'
20:08.366  render           | Saved: '/tmp/clearvla_eval_glass_41453.png'
20:08.784  render           | Saved: '/tmp/clearvla_eval_glass_41453.png'
20:09.130  render           | Saved: '/tmp/clearvla_eval_glass_41453.png'
20:09.552  render           | Saved: '/tmp/clearvla_eval_glass_41453.png'
20:09.911  render           | Saved: '/tmp/clearvla_eval_glass_41453.png'
20:10.334  render           | Saved: '/tmp/clearvla_eval_glass_41453.png'
20:10.690  render           | Saved: '/tmp/clearvla_eval_glass_41453.png'
20:11.119  render           | Saved: '/tmp/clearvla_eval_glass_41453.png'
20:11.504  render           | Saved: '/tmp/clearvla_eval_glass_41453.png'
20:11.980  render           | Saved: '/tmp/clearvla_eval_glass_41453.png'
20:12.340  render           | Saved: '/tmp/clearvla_eval_glass_41453.png'
20:12.758  render           | Saved: '/tmp/clearvla_eval_glass_41453.png'
20:13.110  render           | Saved: '/tmp/clearvla_eval_glass_41453.png'
20:13.531  render           | Saved: '/tmp/clearvla_eval_glass_41453.png'
20:13.885  render           | Saved: '/tmp/clearvla_eval_glass_41453.png'
20:14.298  render           | Saved: '/tmp/clearvla_eval_glass_41453.png'
20:14.639  render           | Saved: '/tmp/clearvla_eval_glass_41453.png'
20:15.045  render           | Saved: '/tmp/clearvla_eval_glass_41453.png'
20:15.383  render           | Saved: '/tmp/clearvla_eval_glass_41453.png'
20:15.788  render           | Saved: '/tmp/clearvla_eval_glass_41453.png'
20:16.135  render           | Saved: '/tmp/clearvla_eval_glass_41453.png'
20:16.535  render           | Saved: '/tmp/clearvla_eval_glass_41453.png'
20:16.879  render           | Saved: '/tmp/clearvla_eval_glass_41453.png'
20:17.291  render           | Saved: '/tmp/clearvla_eval_glass_41453.png'
20:17.636  render           | Saved: '/tmp/clearvla_eval_glass_41453.png'
20:18.040  render           | Saved: '/tmp/clearvla_eval_glass_41453.png'
20:18.386  render           | Saved: '/tmp/clearvla_eval_glass_41453.png'
20:18.808  render           | Saved: '/tmp/clearvla_eval_glass_41453.png'
20:19.160  render           | Saved: '/tmp/clearvla_eval_glass_41453.png'
20:19.575  render           | Saved: '/tmp/clearvla_eval_glass_41453.png'
20:19.937  render           | Saved: '/tmp/clearvla_eval_glass_41453.png'
20:20.351  render           | Saved: '/tmp/clearvla_eval_glass_41453.png'
20:20.709  render           | Saved: '/tmp/clearvla_eval_glass_41453.png'
20:21.115  render           | Saved: '/tmp/clearvla_eval_glass_41453.png'
20:21.478  render           | Saved: '/tmp/clearvla_eval_glass_41453.png'
20:21.883  render           | Saved: '/tmp/clearvla_eval_glass_41453.png'
20:22.242  render           | Saved: '/tmp/clearvla_eval_glass_41453.png'
20:22.672  render           | Saved: '/tmp/clearvla_eval_glass_41453.png'
20:23.022  render           | Saved: '/tmp/clearvla_eval_glass_41453.png'
20:23.452  render           | Saved: '/tmp/clearvla_eval_glass_41453.png'
20:23.801  render           | Saved: '/tmp/clearvla_eval_glass_41453.png'
20:24.223  render           | Saved: '/tmp/clearvla_eval_glass_41453.png'
20:24.615  render           | Saved: '/tmp/clearvla_eval_glass_41453.png'
20:25.041  render           | Saved: '/tmp/clearvla_eval_glass_41453.png'
20:25.401  render           | Saved: '/tmp/clearvla_eval_glass_41453.png'
20:25.817  render           | Saved: '/tmp/clearvla_eval_glass_41453.png'
20:26.171  render           | Saved: '/tmp/clearvla_eval_glass_41453.png'
20:26.583  render           | Saved: '/tmp/clearvla_eval_glass_41453.png'
20:26.907  render           | Saved: '/tmp/clearvla_eval_glass_41453.png'
20:27.318  render           | Saved: '/tmp/clearvla_eval_glass_41453.png'
20:27.650  render           | Saved: '/tmp/clearvla_eval_glass_41453.png'
20:28.065  render           | Saved: '/tmp/clearvla_eval_glass_41453.png'
20:28.404  render           | Saved: '/tmp/clearvla_eval_glass_41453.png'
20:28.818  render           | Saved: '/tmp/clearvla_eval_glass_41453.png'
20:29.163  render           | Saved: '/tmp/clearvla_eval_glass_41453.png'
20:29.589  render           | Saved: '/tmp/clearvla_eval_glass_41453.png'
20:29.935  render           | Saved: '/tmp/clearvla_eval_glass_41453.png'
20:30.347  render           | Saved: '/tmp/clearvla_eval_glass_41453.png'
20:30.696  render           | Saved: '/tmp/clearvla_eval_glass_41453.png'
20:31.128  render           | Saved: '/tmp/clearvla_eval_glass_41453.png'
20:31.465  render           | Saved: '/tmp/clearvla_eval_glass_41453.png'
20:31.892  render           | Saved: '/tmp/clearvla_eval_glass_41453.png'
20:32.241  render           | Saved: '/tmp/clearvla_eval_glass_41453.png'
20:32.656  render           | Saved: '/tmp/clearvla_eval_glass_41453.png'
20:32.997  render           | Saved: '/tmp/clearvla_eval_glass_41453.png'
20:33.427  render           | Saved: '/tmp/clearvla_eval_glass_41453.png'
20:33.773  render           | Saved: '/tmp/clearvla_eval_glass_41453.png'
20:34.197  render           | Saved: '/tmp/clearvla_eval_glass_41453.png'
20:34.546  render           | Saved: '/tmp/clearvla_eval_glass_41453.png'
20:34.960  render           | Saved: '/tmp/clearvla_eval_glass_41453.png'
20:35.309  render           | Saved: '/tmp/clearvla_eval_glass_41453.png'
20:36.146  render           | Saved: '/tmp/clearvla_eval_glass_41453.png'
20:36.478  render           | Saved: '/tmp/clearvla_eval_glass_41453.png'
20:36.921  render           | Saved: '/tmp/clearvla_eval_glass_41453.png'
20:37.260  render           | Saved: '/tmp/clearvla_eval_glass_41453.png'
20:37.681  render           | Saved: '/tmp/clearvla_eval_glass_41453.png'
20:38.025  render           | Saved: '/tmp/clearvla_eval_glass_41453.png'
20:38.438  render           | Saved: '/tmp/clearvla_eval_glass_41453.png'
20:38.787  render           | Saved: '/tmp/clearvla_eval_glass_41453.png'
20:39.192  render           | Saved: '/tmp/clearvla_eval_glass_41453.png'
20:39.527  render           | Saved: '/tmp/clearvla_eval_glass_41453.png'
20:39.931  render           | Saved: '/tmp/clearvla_eval_glass_41453.png'
20:40.265  render           | Saved: '/tmp/clearvla_eval_glass_41453.png'
20:40.676  render           | Saved: '/tmp/clearvla_eval_glass_41453.png'
20:41.025  render           | Saved: '/tmp/clearvla_eval_glass_41453.png'
20:41.494  render           | Saved: '/tmp/clearvla_eval_glass_41453.png'
20:41.839  render           | Saved: '/tmp/clearvla_eval_glass_41453.png'
20:42.262  render           | Saved: '/tmp/clearvla_eval_glass_41453.png'
20:42.600  render           | Saved: '/tmp/clearvla_eval_glass_41453.png'
20:43.007  render           | Saved: '/tmp/clearvla_eval_glass_41453.png'
20:43.341  render           | Saved: '/tmp/clearvla_eval_glass_41453.png'
20:43.751  render           | Saved: '/tmp/clearvla_eval_glass_41453.png'
20:44.095  render           | Saved: '/tmp/clearvla_eval_glass_41453.png'
20:44.501  render           | Saved: '/tmp/clearvla_eval_glass_41453.png'
20:44.836  render           | Saved: '/tmp/clearvla_eval_glass_41453.png'
20:45.287  render           | Saved: '/tmp/clearvla_eval_glass_41453.png'
20:45.628  render           | Saved: '/tmp/clearvla_eval_glass_41453.png'
20:46.033  render           | Saved: '/tmp/clearvla_eval_glass_41453.png'
20:46.373  render           | Saved: '/tmp/clearvla_eval_glass_41453.png'
20:46.783  render           | Saved: '/tmp/clearvla_eval_glass_41453.png'
20:47.124  render           | Saved: '/tmp/clearvla_eval_glass_41453.png'
20:47.536  render           | Saved: '/tmp/clearvla_eval_glass_41453.png'
20:47.871  render           | Saved: '/tmp/clearvla_eval_glass_41453.png'
20:48.299  render           | Saved: '/tmp/clearvla_eval_glass_41453.png'
20:48.655  render           | Saved: '/tmp/clearvla_eval_glass_41453.png'
20:49.076  render           | Saved: '/tmp/clearvla_eval_glass_41453.png'
20:49.442  render           | Saved: '/tmp/clearvla_eval_glass_41453.png'
20:49.873  render           | Saved: '/tmp/clearvla_eval_glass_41453.png'
20:50.209  render           | Saved: '/tmp/clearvla_eval_glass_41453.png'
20:50.631  render           | Saved: '/tmp/clearvla_eval_glass_41453.png'
20:50.970  render           | Saved: '/tmp/clearvla_eval_glass_41453.png'
20:51.383  render           | Saved: '/tmp/clearvla_eval_glass_41453.png'
20:51.726  render           | Saved: '/tmp/clearvla_eval_glass_41453.png'
20:52.535  render           | Saved: '/tmp/clearvla_eval_glass_41453.png'
20:52.877  render           | Saved: '/tmp/clearvla_eval_glass_41453.png'
20:53.310  render           | Saved: '/tmp/clearvla_eval_glass_41453.png'
20:53.659  render           | Saved: '/tmp/clearvla_eval_glass_41453.png'
20:54.095  render           | Saved: '/tmp/clearvla_eval_glass_41453.png'
20:54.439  render           | Saved: '/tmp/clearvla_eval_glass_41453.png'
20:54.866  render           | Saved: '/tmp/clearvla_eval_glass_41453.png'
20:55.220  render           | Saved: '/tmp/clearvla_eval_glass_41453.png'
20:55.656  render           | Saved: '/tmp/clearvla_eval_glass_41453.png'
20:56.020  render           | Saved: '/tmp/clearvla_eval_glass_41453.png'
20:56.489  render           | Saved: '/tmp/clearvla_eval_glass_41453.png'
20:56.844  render           | Saved: '/tmp/clearvla_eval_glass_41453.png'
20:57.268  render           | Saved: '/tmp/clearvla_eval_glass_41453.png'
20:57.630  render           | Saved: '/tmp/clearvla_eval_glass_41453.png'
20:58.051  render           | Saved: '/tmp/clearvla_eval_glass_41453.png'
20:58.426  render           | Saved: '/tmp/clearvla_eval_glass_41453.png'
20:58.851  render           | Saved: '/tmp/clearvla_eval_glass_41453.png'
20:59.215  render           | Saved: '/tmp/clearvla_eval_glass_41453.png'
20:59.638  render           | Saved: '/tmp/clearvla_eval_glass_41453.png'
21:00.013  render           | Saved: '/tmp/clearvla_eval_glass_41453.png'
21:00.431  render           | Saved: '/tmp/clearvla_eval_glass_41453.png'
21:00.809  render           | Saved: '/tmp/clearvla_eval_glass_41453.png'
21:01.224  render           | Saved: '/tmp/clearvla_eval_glass_41453.png'
21:01.599  render           | Saved: '/tmp/clearvla_eval_glass_41453.png'
21:02.016  render           | Saved: '/tmp/clearvla_eval_glass_41453.png'
21:02.438  render           | Saved: '/tmp/clearvla_eval_glass_41453.png'
21:02.844  render           | Saved: '/tmp/clearvla_eval_glass_41453.png'
21:03.216  render           | Saved: '/tmp/clearvla_eval_glass_41453.png'
21:03.619  render           | Saved: '/tmp/clearvla_eval_glass_41453.png'
21:03.986  render           | Saved: '/tmp/clearvla_eval_glass_41453.png'
21:04.392  render           | Saved: '/tmp/clearvla_eval_glass_41453.png'
21:04.755  render           | Saved: '/tmp/clearvla_eval_glass_41453.png'
21:05.171  render           | Saved: '/tmp/clearvla_eval_glass_41453.png'
21:05.625  render           | Saved: '/tmp/clearvla_eval_glass_41453.png'
21:06.056  render           | Saved: '/tmp/clearvla_eval_glass_41453.png'
21:06.404  render           | Saved: '/tmp/clearvla_eval_glass_41453.png'
21:06.811  render           | Saved: '/tmp/clearvla_eval_glass_41453.png'
21:07.154  render           | Saved: '/tmp/clearvla_eval_glass_41453.png'
21:07.558  render           | Saved: '/tmp/clearvla_eval_glass_41453.png'
21:07.898  render           | Saved: '/tmp/clearvla_eval_glass_41453.png'
21:08.307  render           | Saved: '/tmp/clearvla_eval_glass_41453.png'
21:08.653  render           | Saved: '/tmp/clearvla_eval_glass_41453.png'
21:09.054  render           | Saved: '/tmp/clearvla_eval_glass_41453.png'
21:09.393  render           | Saved: '/tmp/clearvla_eval_glass_41453.png'
21:09.797  render           | Saved: '/tmp/clearvla_eval_glass_41453.png'
21:10.132  render           | Saved: '/tmp/clearvla_eval_glass_41453.png'
21:10.534  render           | Saved: '/tmp/clearvla_eval_glass_41453.png'
21:10.866  render           | Saved: '/tmp/clearvla_eval_glass_41453.png'
21:11.271  render           | Saved: '/tmp/clearvla_eval_glass_41453.png'
21:11.605  render           | Saved: '/tmp/clearvla_eval_glass_41453.png'
21:12.009  render           | Saved: '/tmp/clearvla_eval_glass_41453.png'
21:12.340  render           | Saved: '/tmp/clearvla_eval_glass_41453.png'
21:12.751  render           | Saved: '/tmp/clearvla_eval_glass_41453.png'
21:13.096  render           | Saved: '/tmp/clearvla_eval_glass_41453.png'
21:13.509  render           | Saved: '/tmp/clearvla_eval_glass_41453.png'
21:13.849  render           | Saved: '/tmp/clearvla_eval_glass_41453.png'
21:14.256  render           | Saved: '/tmp/clearvla_eval_glass_41453.png'
21:14.600  render           | Saved: '/tmp/clearvla_eval_glass_41453.png'
21:15.005  render           | Saved: '/tmp/clearvla_eval_glass_41453.png'
21:15.350  render           | Saved: '/tmp/clearvla_eval_glass_41453.png'
21:15.757  render           | Saved: '/tmp/clearvla_eval_glass_41453.png'
21:16.096  render           | Saved: '/tmp/clearvla_eval_glass_41453.png'
21:16.508  render           | Saved: '/tmp/clearvla_eval_glass_41453.png'
21:16.854  render           | Saved: '/tmp/clearvla_eval_glass_41453.png'
21:17.261  render           | Saved: '/tmp/clearvla_eval_glass_41453.png'
21:17.606  render           | Saved: '/tmp/clearvla_eval_glass_41453.png'
21:18.022  render           | Saved: '/tmp/clearvla_eval_glass_41453.png'
21:18.368  render           | Saved: '/tmp/clearvla_eval_glass_41453.png'
21:18.796  render           | Saved: '/tmp/clearvla_eval_glass_41453.png'
21:19.138  render           | Saved: '/tmp/clearvla_eval_glass_41453.png'
21:19.545  render           | Saved: '/tmp/clearvla_eval_glass_41453.png'
21:19.886  render           | Saved: '/tmp/clearvla_eval_glass_41453.png'
21:20.289  render           | Saved: '/tmp/clearvla_eval_glass_41453.png'
21:20.630  render           | Saved: '/tmp/clearvla_eval_glass_41453.png'
21:21.029  render           | Saved: '/tmp/clearvla_eval_glass_41453.png'
21:21.368  render           | Saved: '/tmp/clearvla_eval_glass_41453.png'
21:22.175  render           | Saved: '/tmp/clearvla_eval_glass_41453.png'
21:22.516  render           | Saved: '/tmp/clearvla_eval_glass_41453.png'
21:22.941  render           | Saved: '/tmp/clearvla_eval_glass_41453.png'
21:23.293  render           | Saved: '/tmp/clearvla_eval_glass_41453.png'
21:23.716  render           | Saved: '/tmp/clearvla_eval_glass_41453.png'
21:24.070  render           | Saved: '/tmp/clearvla_eval_glass_41453.png'
21:24.476  render           | Saved: '/tmp/clearvla_eval_glass_41453.png'
21:24.827  render           | Saved: '/tmp/clearvla_eval_glass_41453.png'
21:25.259  render           | Saved: '/tmp/clearvla_eval_glass_41453.png'
21:25.620  render           | Saved: '/tmp/clearvla_eval_glass_41453.png'
21:26.038  render           | Saved: '/tmp/clearvla_eval_glass_41453.png'
21:26.395  render           | Saved: '/tmp/clearvla_eval_glass_41453.png'
21:26.808  render           | Saved: '/tmp/clearvla_eval_glass_41453.png'
21:27.169  render           | Saved: '/tmp/clearvla_eval_glass_41453.png'
21:27.582  render           | Saved: '/tmp/clearvla_eval_glass_41453.png'
21:27.932  render           | Saved: '/tmp/clearvla_eval_glass_41453.png'
21:28.341  render           | Saved: '/tmp/clearvla_eval_glass_41453.png'
21:28.702  render           | Saved: '/tmp/clearvla_eval_glass_41453.png'
21:29.113  render           | Saved: '/tmp/clearvla_eval_glass_41453.png'
21:29.472  render           | Saved: '/tmp/clearvla_eval_glass_41453.png'
21:29.887  render           | Saved: '/tmp/clearvla_eval_glass_41453.png'
21:30.242  render           | Saved: '/tmp/clearvla_eval_glass_41453.png'
21:30.658  render           | Saved: '/tmp/clearvla_eval_glass_41453.png'
21:31.008  render           | Saved: '/tmp/clearvla_eval_glass_41453.png'
21:31.427  render           | Saved: '/tmp/clearvla_eval_glass_41453.png'
21:31.774  render           | Saved: '/tmp/clearvla_eval_glass_41453.png'
21:32.191  render           | Saved: '/tmp/clearvla_eval_glass_41453.png'
21:32.543  render           | Saved: '/tmp/clearvla_eval_glass_41453.png'
21:32.962  render           | Saved: '/tmp/clearvla_eval_glass_41453.png'
21:33.305  render           | Saved: '/tmp/clearvla_eval_glass_41453.png'
21:33.727  render           | Saved: '/tmp/clearvla_eval_glass_41453.png'
21:34.078  render           | Saved: '/tmp/clearvla_eval_glass_41453.png'
21:34.501  render           | Saved: '/tmp/clearvla_eval_glass_41453.png'
21:34.877  render           | Saved: '/tmp/clearvla_eval_glass_41453.png'
21:35.313  render           | Saved: '/tmp/clearvla_eval_glass_41453.png'
21:35.673  render           | Saved: '/tmp/clearvla_eval_glass_41453.png'
21:36.097  render           | Saved: '/tmp/clearvla_eval_glass_41453.png'
21:36.447  render           | Saved: '/tmp/clearvla_eval_glass_41453.png'
21:36.886  render           | Saved: '/tmp/clearvla_eval_glass_41453.png'
21:37.233  render           | Saved: '/tmp/clearvla_eval_glass_41453.png'
21:37.669  render           | Saved: '/tmp/clearvla_eval_glass_41453.png'
21:38.037  render           | Saved: '/tmp/clearvla_eval_glass_41453.png'
21:38.479  render           | Saved: '/tmp/clearvla_eval_glass_41453.png'
21:38.849  render           | Saved: '/tmp/clearvla_eval_glass_41453.png'
21:39.338  render           | Saved: '/tmp/clearvla_eval_glass_41453.png'
21:39.708  render           | Saved: '/tmp/clearvla_eval_glass_41453.png'
21:40.150  render           | Saved: '/tmp/clearvla_eval_glass_41453.png'
21:40.527  render           | Saved: '/tmp/clearvla_eval_glass_41453.png'
21:40.956  render           | Saved: '/tmp/clearvla_eval_glass_41453.png'
21:41.374  render           | Saved: '/tmp/clearvla_eval_glass_41453.png'
21:41.780  render           | Saved: '/tmp/clearvla_eval_glass_41453.png'
21:42.152  render           | Saved: '/tmp/clearvla_eval_glass_41453.png'
21:42.566  render           | Saved: '/tmp/clearvla_eval_glass_41453.png'
21:42.940  render           | Saved: '/tmp/clearvla_eval_glass_41453.png'
21:43.347  render           | Saved: '/tmp/clearvla_eval_glass_41453.png'
21:43.717  render           | Saved: '/tmp/clearvla_eval_glass_41453.png'
21:44.133  render           | Saved: '/tmp/clearvla_eval_glass_41453.png'
21:44.508  render           | Saved: '/tmp/clearvla_eval_glass_41453.png'
21:44.912  render           | Saved: '/tmp/clearvla_eval_glass_41453.png'
21:45.275  render           | Saved: '/tmp/clearvla_eval_glass_41453.png'
21:45.685  render           | Saved: '/tmp/clearvla_eval_glass_41453.png'
21:46.044  render           | Saved: '/tmp/clearvla_eval_glass_41453.png'
21:46.449  render           | Saved: '/tmp/clearvla_eval_glass_41453.png'
21:46.826  render           | Saved: '/tmp/clearvla_eval_glass_41453.png'
21:47.238  render           | Saved: '/tmp/clearvla_eval_glass_41453.png'
21:47.634  render           | Saved: '/tmp/clearvla_eval_glass_41453.png'
21:48.037  render           | Saved: '/tmp/clearvla_eval_glass_41453.png'
21:48.415  render           | Saved: '/tmp/clearvla_eval_glass_41453.png'
21:48.818  render           | Saved: '/tmp/clearvla_eval_glass_41453.png'
21:49.223  render           | Saved: '/tmp/clearvla_eval_glass_41453.png'
21:49.632  render           | Saved: '/tmp/clearvla_eval_glass_41453.png'
21:50.007  render           | Saved: '/tmp/clearvla_eval_glass_41453.png'
21:50.405  render           | Saved: '/tmp/clearvla_eval_glass_41453.png'
21:50.779  render           | Saved: '/tmp/clearvla_eval_glass_41453.png'
21:51.186  render           | Saved: '/tmp/clearvla_eval_glass_41453.png'
21:51.551  render           | Saved: '/tmp/clearvla_eval_glass_41453.png'
21:52.412  render           | Saved: '/tmp/clearvla_eval_glass_41453.png'
21:52.756  render           | Saved: '/tmp/clearvla_eval_glass_41453.png'
21:53.176  render           | Saved: '/tmp/clearvla_eval_glass_41453.png'
21:53.521  render           | Saved: '/tmp/clearvla_eval_glass_41453.png'
21:53.934  render           | Saved: '/tmp/clearvla_eval_glass_41453.png'
21:54.280  render           | Saved: '/tmp/clearvla_eval_glass_41453.png'
21:54.682  render           | Saved: '/tmp/clearvla_eval_glass_41453.png'
21:55.026  render           | Saved: '/tmp/clearvla_eval_glass_41453.png'
21:55.445  render           | Saved: '/tmp/clearvla_eval_glass_41453.png'
21:55.796  render           | Saved: '/tmp/clearvla_eval_glass_41453.png'
21:56.207  render           | Saved: '/tmp/clearvla_eval_glass_41453.png'
21:56.547  render           | Saved: '/tmp/clearvla_eval_glass_41453.png'
21:56.981  render           | Saved: '/tmp/clearvla_eval_glass_41453.png'
21:57.332  render           | Saved: '/tmp/clearvla_eval_glass_41453.png'
21:57.752  render           | Saved: '/tmp/clearvla_eval_glass_41453.png'
21:58.091  render           | Saved: '/tmp/clearvla_eval_glass_41453.png'
21:58.501  render           | Saved: '/tmp/clearvla_eval_glass_41453.png'
21:58.845  render           | Saved: '/tmp/clearvla_eval_glass_41453.png'
21:59.246  render           | Saved: '/tmp/clearvla_eval_glass_41453.png'
21:59.584  render           | Saved: '/tmp/clearvla_eval_glass_41453.png'
21:59.989  render           | Saved: '/tmp/clearvla_eval_glass_41453.png'
22:00.329  render           | Saved: '/tmp/clearvla_eval_glass_41453.png'
22:00.738  render           | Saved: '/tmp/clearvla_eval_glass_41453.png'
22:01.084  render           | Saved: '/tmp/clearvla_eval_glass_41453.png'
22:01.491  render           | Saved: '/tmp/clearvla_eval_glass_41453.png'
22:01.835  render           | Saved: '/tmp/clearvla_eval_glass_41453.png'
22:02.246  render           | Saved: '/tmp/clearvla_eval_glass_41453.png'
22:02.591  render           | Saved: '/tmp/clearvla_eval_glass_41453.png'
22:02.999  render           | Saved: '/tmp/clearvla_eval_glass_41453.png'
22:03.345  render           | Saved: '/tmp/clearvla_eval_glass_41453.png'
22:03.758  render           | Saved: '/tmp/clearvla_eval_glass_41453.png'
22:04.101  render           | Saved: '/tmp/clearvla_eval_glass_41453.png'
22:04.513  render           | Saved: '/tmp/clearvla_eval_glass_41453.png'
22:04.855  render           | Saved: '/tmp/clearvla_eval_glass_41453.png'
22:05.293  render           | Saved: '/tmp/clearvla_eval_glass_41453.png'
22:05.637  render           | Saved: '/tmp/clearvla_eval_glass_41453.png'
22:06.066  render           | Saved: '/tmp/clearvla_eval_glass_41453.png'
22:06.399  render           | Saved: '/tmp/clearvla_eval_glass_41453.png'
22:06.813  render           | Saved: '/tmp/clearvla_eval_glass_41453.png'
22:07.147  render           | Saved: '/tmp/clearvla_eval_glass_41453.png'
22:07.564  render           | Saved: '/tmp/clearvla_eval_glass_41453.png'
22:07.899  render           | Saved: '/tmp/clearvla_eval_glass_41453.png'
22:08.319  render           | Saved: '/tmp/clearvla_eval_glass_41453.png'
22:08.689  render           | Saved: '/tmp/clearvla_eval_glass_41453.png'
22:09.115  render           | Saved: '/tmp/clearvla_eval_glass_41453.png'
22:09.460  render           | Saved: '/tmp/clearvla_eval_glass_41453.png'
22:09.875  render           | Saved: '/tmp/clearvla_eval_glass_41453.png'
22:10.218  render           | Saved: '/tmp/clearvla_eval_glass_41453.png'
22:10.638  render           | Saved: '/tmp/clearvla_eval_glass_41453.png'
22:10.978  render           | Saved: '/tmp/clearvla_eval_glass_41453.png'
22:11.396  render           | Saved: '/tmp/clearvla_eval_glass_41453.png'
22:11.753  render           | Saved: '/tmp/clearvla_eval_glass_41453.png'
22:12.175  render           | Saved: '/tmp/clearvla_eval_glass_41453.png'
22:12.519  render           | Saved: '/tmp/clearvla_eval_glass_41453.png'
22:12.936  render           | Saved: '/tmp/clearvla_eval_glass_41453.png'
22:13.295  render           | Saved: '/tmp/clearvla_eval_glass_41453.png'
22:13.728  render           | Saved: '/tmp/clearvla_eval_glass_41453.png'
22:14.088  render           | Saved: '/tmp/clearvla_eval_glass_41453.png'
22:14.520  render           | Saved: '/tmp/clearvla_eval_glass_41453.png'
22:14.896  render           | Saved: '/tmp/clearvla_eval_glass_41453.png'
22:15.343  render           | Saved: '/tmp/clearvla_eval_glass_41453.png'
22:15.739  render           | Saved: '/tmp/clearvla_eval_glass_41453.png'
22:16.223  render           | Saved: '/tmp/clearvla_eval_glass_41453.png'
22:16.603  render           | Saved: '/tmp/clearvla_eval_glass_41453.png'
22:17.024  render           | Saved: '/tmp/clearvla_eval_glass_41453.png'
22:17.376  render           | Saved: '/tmp/clearvla_eval_glass_41453.png'
22:17.797  render           | Saved: '/tmp/clearvla_eval_glass_41453.png'
22:18.146  render           | Saved: '/tmp/clearvla_eval_glass_41453.png'
22:18.566  render           | Saved: '/tmp/clearvla_eval_glass_41453.png'
22:18.910  render           | Saved: '/tmp/clearvla_eval_glass_41453.png'
22:19.332  render           | Saved: '/tmp/clearvla_eval_glass_41453.png'
22:19.682  render           | Saved: '/tmp/clearvla_eval_glass_41453.png'
22:20.110  render           | Saved: '/tmp/clearvla_eval_glass_41453.png'
22:20.466  render           | Saved: '/tmp/clearvla_eval_glass_41453.png'
22:20.884  render           | Saved: '/tmp/clearvla_eval_glass_41453.png'
22:21.232  render           | Saved: '/tmp/clearvla_eval_glass_41453.png'
22:22.043  render           | Saved: '/tmp/clearvla_eval_glass_41453.png'
22:22.404  render           | Saved: '/tmp/clearvla_eval_glass_41453.png'
22:22.826  render           | Saved: '/tmp/clearvla_eval_glass_41453.png'
22:23.183  render           | Saved: '/tmp/clearvla_eval_glass_41453.png'
22:23.604  render           | Saved: '/tmp/clearvla_eval_glass_41453.png'
22:23.954  render           | Saved: '/tmp/clearvla_eval_glass_41453.png'
22:24.380  render           | Saved: '/tmp/clearvla_eval_glass_41453.png'
22:24.727  render           | Saved: '/tmp/clearvla_eval_glass_41453.png'
22:25.130  render           | Saved: '/tmp/clearvla_eval_glass_41453.png'
22:25.487  render           | Saved: '/tmp/clearvla_eval_glass_41453.png'
22:25.909  render           | Saved: '/tmp/clearvla_eval_glass_41453.png'
22:26.246  render           | Saved: '/tmp/clearvla_eval_glass_41453.png'
22:26.665  render           | Saved: '/tmp/clearvla_eval_glass_41453.png'
22:27.005  render           | Saved: '/tmp/clearvla_eval_glass_41453.png'
22:27.413  render           | Saved: '/tmp/clearvla_eval_glass_41453.png'
22:27.749  render           | Saved: '/tmp/clearvla_eval_glass_41453.png'
22:28.158  render           | Saved: '/tmp/clearvla_eval_glass_41453.png'
22:28.493  render           | Saved: '/tmp/clearvla_eval_glass_41453.png'
22:28.910  render           | Saved: '/tmp/clearvla_eval_glass_41453.png'
22:29.250  render           | Saved: '/tmp/clearvla_eval_glass_41453.png'
22:29.668  render           | Saved: '/tmp/clearvla_eval_glass_41453.png'
22:30.007  render           | Saved: '/tmp/clearvla_eval_glass_41453.png'
22:30.410  render           | Saved: '/tmp/clearvla_eval_glass_41453.png'
22:30.754  render           | Saved: '/tmp/clearvla_eval_glass_41453.png'
22:31.176  render           | Saved: '/tmp/clearvla_eval_glass_41453.png'
22:31.522  render           | Saved: '/tmp/clearvla_eval_glass_41453.png'
22:31.936  render           | Saved: '/tmp/clearvla_eval_glass_41453.png'
22:32.279  render           | Saved: '/tmp/clearvla_eval_glass_41453.png'
22:32.686  render           | Saved: '/tmp/clearvla_eval_glass_41453.png'
22:33.030  render           | Saved: '/tmp/clearvla_eval_glass_41453.png'
22:33.446  render           | Saved: '/tmp/clearvla_eval_glass_41453.png'
22:33.788  render           | Saved: '/tmp/clearvla_eval_glass_41453.png'
22:34.201  render           | Saved: '/tmp/clearvla_eval_glass_41453.png'
22:34.552  render           | Saved: '/tmp/clearvla_eval_glass_41453.png'
22:34.966  render           | Saved: '/tmp/clearvla_eval_glass_41453.png'
22:35.301  render           | Saved: '/tmp/clearvla_eval_glass_41453.png'
22:35.708  render           | Saved: '/tmp/clearvla_eval_glass_41453.png'
22:36.047  render           | Saved: '/tmp/clearvla_eval_glass_41453.png'
22:36.460  render           | Saved: '/tmp/clearvla_eval_glass_41453.png'
22:36.796  render           | Saved: '/tmp/clearvla_eval_glass_41453.png'
22:37.200  render           | Saved: '/tmp/clearvla_eval_glass_41453.png'
22:37.536  render           | Saved: '/tmp/clearvla_eval_glass_41453.png'
22:37.950  render           | Saved: '/tmp/clearvla_eval_glass_41453.png'
22:38.287  render           | Saved: '/tmp/clearvla_eval_glass_41453.png'
22:38.701  render           | Saved: '/tmp/clearvla_eval_glass_41453.png'
22:39.031  render           | Saved: '/tmp/clearvla_eval_glass_41453.png'
22:39.440  render           | Saved: '/tmp/clearvla_eval_glass_41453.png'
22:39.775  render           | Saved: '/tmp/clearvla_eval_glass_41453.png'
22:40.187  render           | Saved: '/tmp/clearvla_eval_glass_41453.png'
22:40.522  render           | Saved: '/tmp/clearvla_eval_glass_41453.png'
22:40.935  render           | Saved: '/tmp/clearvla_eval_glass_41453.png'
22:41.277  render           | Saved: '/tmp/clearvla_eval_glass_41453.png'
22:41.687  render           | Saved: '/tmp/clearvla_eval_glass_41453.png'
22:42.022  render           | Saved: '/tmp/clearvla_eval_glass_41453.png'
22:42.435  render           | Saved: '/tmp/clearvla_eval_glass_41453.png'
22:42.773  render           | Saved: '/tmp/clearvla_eval_glass_41453.png'
22:43.185  render           | Saved: '/tmp/clearvla_eval_glass_41453.png'
22:43.528  render           | Saved: '/tmp/clearvla_eval_glass_41453.png'
22:43.947  render           | Saved: '/tmp/clearvla_eval_glass_41453.png'
22:44.281  render           | Saved: '/tmp/clearvla_eval_glass_41453.png'
22:44.696  render           | Saved: '/tmp/clearvla_eval_glass_41453.png'
22:45.033  render           | Saved: '/tmp/clearvla_eval_glass_41453.png'
22:45.444  render           | Saved: '/tmp/clearvla_eval_glass_41453.png'
22:45.781  render           | Saved: '/tmp/clearvla_eval_glass_41453.png'
22:46.193  render           | Saved: '/tmp/clearvla_eval_glass_41453.png'
22:46.530  render           | Saved: '/tmp/clearvla_eval_glass_41453.png'
22:46.935  render           | Saved: '/tmp/clearvla_eval_glass_41453.png'
22:47.283  render           | Saved: '/tmp/clearvla_eval_glass_41453.png'
22:47.687  render           | Saved: '/tmp/clearvla_eval_glass_41453.png'
22:48.024  render           | Saved: '/tmp/clearvla_eval_glass_41453.png'
22:48.434  render           | Saved: '/tmp/clearvla_eval_glass_41453.png'
22:48.764  render           | Saved: '/tmp/clearvla_eval_glass_41453.png'
22:49.173  render           | Saved: '/tmp/clearvla_eval_glass_41453.png'
22:49.515  render           | Saved: '/tmp/clearvla_eval_glass_41453.png'
22:49.929  render           | Saved: '/tmp/clearvla_eval_glass_41453.png'
22:50.268  render           | Saved: '/tmp/clearvla_eval_glass_41453.png'
22:51.084  render           | Saved: '/tmp/clearvla_eval_glass_41453.png'
22:51.433  render           | Saved: '/tmp/clearvla_eval_glass_41453.png'
22:51.843  render           | Saved: '/tmp/clearvla_eval_glass_41453.png'
22:52.179  render           | Saved: '/tmp/clearvla_eval_glass_41453.png'
22:52.590  render           | Saved: '/tmp/clearvla_eval_glass_41453.png'
22:52.928  render           | Saved: '/tmp/clearvla_eval_glass_41453.png'
22:53.331  render           | Saved: '/tmp/clearvla_eval_glass_41453.png'
22:53.666  render           | Saved: '/tmp/clearvla_eval_glass_41453.png'
22:54.074  render           | Saved: '/tmp/clearvla_eval_glass_41453.png'
22:54.405  render           | Saved: '/tmp/clearvla_eval_glass_41453.png'
22:54.804  render           | Saved: '/tmp/clearvla_eval_glass_41453.png'
22:55.151  render           | Saved: '/tmp/clearvla_eval_glass_41453.png'
22:55.561  render           | Saved: '/tmp/clearvla_eval_glass_41453.png'
22:55.910  render           | Saved: '/tmp/clearvla_eval_glass_41453.png'
22:56.324  render           | Saved: '/tmp/clearvla_eval_glass_41453.png'
22:56.661  render           | Saved: '/tmp/clearvla_eval_glass_41453.png'
22:57.073  render           | Saved: '/tmp/clearvla_eval_glass_41453.png'
22:57.421  render           | Saved: '/tmp/clearvla_eval_glass_41453.png'
22:57.837  render           | Saved: '/tmp/clearvla_eval_glass_41453.png'
22:58.192  render           | Saved: '/tmp/clearvla_eval_glass_41453.png'
22:58.612  render           | Saved: '/tmp/clearvla_eval_glass_41453.png'
22:58.972  render           | Saved: '/tmp/clearvla_eval_glass_41453.png'
22:59.382  render           | Saved: '/tmp/clearvla_eval_glass_41453.png'
22:59.732  render           | Saved: '/tmp/clearvla_eval_glass_41453.png'
23:00.153  render           | Saved: '/tmp/clearvla_eval_glass_41453.png'
23:00.506  render           | Saved: '/tmp/clearvla_eval_glass_41453.png'
23:00.925  render           | Saved: '/tmp/clearvla_eval_glass_41453.png'
23:01.282  render           | Saved: '/tmp/clearvla_eval_glass_41453.png'
23:01.707  render           | Saved: '/tmp/clearvla_eval_glass_41453.png'
23:02.063  render           | Saved: '/tmp/clearvla_eval_glass_41453.png'
23:02.487  render           | Saved: '/tmp/clearvla_eval_glass_41453.png'
23:02.842  render           | Saved: '/tmp/clearvla_eval_glass_41453.png'
23:03.270  render           | Saved: '/tmp/clearvla_eval_glass_41453.png'
23:03.621  render           | Saved: '/tmp/clearvla_eval_glass_41453.png'
23:04.050  render           | Saved: '/tmp/clearvla_eval_glass_41453.png'
23:04.397  render           | Saved: '/tmp/clearvla_eval_glass_41453.png'
23:04.834  render           | Saved: '/tmp/clearvla_eval_glass_41453.png'
23:05.189  render           | Saved: '/tmp/clearvla_eval_glass_41453.png'
23:05.644  render           | Saved: '/tmp/clearvla_eval_glass_41453.png'
23:05.991  render           | Saved: '/tmp/clearvla_eval_glass_41453.png'
23:06.416  render           | Saved: '/tmp/clearvla_eval_glass_41453.png'
23:06.765  render           | Saved: '/tmp/clearvla_eval_glass_41453.png'
23:07.187  render           | Saved: '/tmp/clearvla_eval_glass_41453.png'
23:07.535  render           | Saved: '/tmp/clearvla_eval_glass_41453.png'
23:07.959  render           | Saved: '/tmp/clearvla_eval_glass_41453.png'
23:08.310  render           | Saved: '/tmp/clearvla_eval_glass_41453.png'
23:08.736  render           | Saved: '/tmp/clearvla_eval_glass_41453.png'
23:09.120  render           | Saved: '/tmp/clearvla_eval_glass_41453.png'
23:09.533  render           | Saved: '/tmp/clearvla_eval_glass_41453.png'
23:09.901  render           | Saved: '/tmp/clearvla_eval_glass_41453.png'
23:10.326  render           | Saved: '/tmp/clearvla_eval_glass_41453.png'
23:10.719  render           | Saved: '/tmp/clearvla_eval_glass_41453.png'
23:11.133  render           | Saved: '/tmp/clearvla_eval_glass_41453.png'
23:11.497  render           | Saved: '/tmp/clearvla_eval_glass_41453.png'
23:11.930  render           | Saved: '/tmp/clearvla_eval_glass_41453.png'
23:12.280  render           | Saved: '/tmp/clearvla_eval_glass_41453.png'
23:12.699  render           | Saved: '/tmp/clearvla_eval_glass_41453.png'
23:13.044  render           | Saved: '/tmp/clearvla_eval_glass_41453.png'
23:13.484  render           | Saved: '/tmp/clearvla_eval_glass_41453.png'
23:13.836  render           | Saved: '/tmp/clearvla_eval_glass_41453.png'
23:14.263  render           | Saved: '/tmp/clearvla_eval_glass_41453.png'
23:14.604  render           | Saved: '/tmp/clearvla_eval_glass_41453.png'
23:15.028  render           | Saved: '/tmp/clearvla_eval_glass_41453.png'
23:15.371  render           | Saved: '/tmp/clearvla_eval_glass_41453.png'
23:15.795  render           | Saved: '/tmp/clearvla_eval_glass_41453.png'
23:16.134  render           | Saved: '/tmp/clearvla_eval_glass_41453.png'
23:16.551  render           | Saved: '/tmp/clearvla_eval_glass_41453.png'
23:16.889  render           | Saved: '/tmp/clearvla_eval_glass_41453.png'
23:17.305  render           | Saved: '/tmp/clearvla_eval_glass_41453.png'
23:17.637  render           | Saved: '/tmp/clearvla_eval_glass_41453.png'
23:18.054  render           | Saved: '/tmp/clearvla_eval_glass_41453.png'
23:18.403  render           | Saved: '/tmp/clearvla_eval_glass_41453.png'
23:18.832  render           | Saved: '/tmp/clearvla_eval_glass_41453.png'
23:19.177  render           | Saved: '/tmp/clearvla_eval_glass_41453.png'
23:19.598  render           | Saved: '/tmp/clearvla_eval_glass_41453.png'
23:19.952  render           | Saved: '/tmp/clearvla_eval_glass_41453.png'
[prune50/glass] pour: 5/20  (23.2 min, 29.3 s/ep)
23:20.770  render           | Saved: '/tmp/clearvla_eval_glass_41453.png'
23:21.105  render           | Saved: '/tmp/clearvla_eval_glass_41453.png'
23:21.528  render           | Saved: '/tmp/clearvla_eval_glass_41453.png'
23:21.876  render           | Saved: '/tmp/clearvla_eval_glass_41453.png'
23:22.289  render           | Saved: '/tmp/clearvla_eval_glass_41453.png'
23:22.626  render           | Saved: '/tmp/clearvla_eval_glass_41453.png'
23:23.029  render           | Saved: '/tmp/clearvla_eval_glass_41453.png'
23:23.361  render           | Saved: '/tmp/clearvla_eval_glass_41453.png'
23:23.769  render           | Saved: '/tmp/clearvla_eval_glass_41453.png'
23:24.104  render           | Saved: '/tmp/clearvla_eval_glass_41453.png'
23:24.505  render           | Saved: '/tmp/clearvla_eval_glass_41453.png'
23:24.841  render           | Saved: '/tmp/clearvla_eval_glass_41453.png'
23:25.242  render           | Saved: '/tmp/clearvla_eval_glass_41453.png'
23:25.584  render           | Saved: '/tmp/clearvla_eval_glass_41453.png'
23:25.993  render           | Saved: '/tmp/clearvla_eval_glass_41453.png'
23:26.339  render           | Saved: '/tmp/clearvla_eval_glass_41453.png'
23:26.751  render           | Saved: '/tmp/clearvla_eval_glass_41453.png'
23:27.094  render           | Saved: '/tmp/clearvla_eval_glass_41453.png'
23:27.503  render           | Saved: '/tmp/clearvla_eval_glass_41453.png'
23:27.855  render           | Saved: '/tmp/clearvla_eval_glass_41453.png'
23:28.270  render           | Saved: '/tmp/clearvla_eval_glass_41453.png'
23:28.608  render           | Saved: '/tmp/clearvla_eval_glass_41453.png'
23:29.020  render           | Saved: '/tmp/clearvla_eval_glass_41453.png'
23:29.360  render           | Saved: '/tmp/clearvla_eval_glass_41453.png'
23:29.767  render           | Saved: '/tmp/clearvla_eval_glass_41453.png'
23:30.110  render           | Saved: '/tmp/clearvla_eval_glass_41453.png'
23:30.520  render           | Saved: '/tmp/clearvla_eval_glass_41453.png'
23:30.867  render           | Saved: '/tmp/clearvla_eval_glass_41453.png'
23:31.292  render           | Saved: '/tmp/clearvla_eval_glass_41453.png'
23:31.634  render           | Saved: '/tmp/clearvla_eval_glass_41453.png'
23:32.046  render           | Saved: '/tmp/clearvla_eval_glass_41453.png'
23:32.386  render           | Saved: '/tmp/clearvla_eval_glass_41453.png'
23:32.792  render           | Saved: '/tmp/clearvla_eval_glass_41453.png'
23:33.129  render           | Saved: '/tmp/clearvla_eval_glass_41453.png'
23:33.541  render           | Saved: '/tmp/clearvla_eval_glass_41453.png'
23:33.878  render           | Saved: '/tmp/clearvla_eval_glass_41453.png'
23:34.297  render           | Saved: '/tmp/clearvla_eval_glass_41453.png'
23:34.633  render           | Saved: '/tmp/clearvla_eval_glass_41453.png'
23:35.038  render           | Saved: '/tmp/clearvla_eval_glass_41453.png'
23:35.373  render           | Saved: '/tmp/clearvla_eval_glass_41453.png'
23:35.781  render           | Saved: '/tmp/clearvla_eval_glass_41453.png'
23:36.112  render           | Saved: '/tmp/clearvla_eval_glass_41453.png'
23:36.522  render           | Saved: '/tmp/clearvla_eval_glass_41453.png'
23:36.870  render           | Saved: '/tmp/clearvla_eval_glass_41453.png'
23:37.277  render           | Saved: '/tmp/clearvla_eval_glass_41453.png'
23:37.619  render           | Saved: '/tmp/clearvla_eval_glass_41453.png'
23:38.043  render           | Saved: '/tmp/clearvla_eval_glass_41453.png'
23:38.402  render           | Saved: '/tmp/clearvla_eval_glass_41453.png'
23:38.817  render           | Saved: '/tmp/clearvla_eval_glass_41453.png'
23:39.167  render           | Saved: '/tmp/clearvla_eval_glass_41453.png'
23:39.587  render           | Saved: '/tmp/clearvla_eval_glass_41453.png'
23:39.941  render           | Saved: '/tmp/clearvla_eval_glass_41453.png'
23:40.370  render           | Saved: '/tmp/clearvla_eval_glass_41453.png'
23:40.723  render           | Saved: '/tmp/clearvla_eval_glass_41453.png'
23:41.129  render           | Saved: '/tmp/clearvla_eval_glass_41453.png'
23:41.478  render           | Saved: '/tmp/clearvla_eval_glass_41453.png'
23:41.906  render           | Saved: '/tmp/clearvla_eval_glass_41453.png'
23:42.257  render           | Saved: '/tmp/clearvla_eval_glass_41453.png'
23:42.685  render           | Saved: '/tmp/clearvla_eval_glass_41453.png'
23:43.023  render           | Saved: '/tmp/clearvla_eval_glass_41453.png'
23:43.445  render           | Saved: '/tmp/clearvla_eval_glass_41453.png'
23:43.779  render           | Saved: '/tmp/clearvla_eval_glass_41453.png'
23:44.199  render           | Saved: '/tmp/clearvla_eval_glass_41453.png'
23:44.546  render           | Saved: '/tmp/clearvla_eval_glass_41453.png'
23:44.960  render           | Saved: '/tmp/clearvla_eval_glass_41453.png'
23:45.310  render           | Saved: '/tmp/clearvla_eval_glass_41453.png'
23:45.730  render           | Saved: '/tmp/clearvla_eval_glass_41453.png'
23:46.072  render           | Saved: '/tmp/clearvla_eval_glass_41453.png'
23:46.481  render           | Saved: '/tmp/clearvla_eval_glass_41453.png'
23:46.832  render           | Saved: '/tmp/clearvla_eval_glass_41453.png'
23:47.243  render           | Saved: '/tmp/clearvla_eval_glass_41453.png'
23:47.593  render           | Saved: '/tmp/clearvla_eval_glass_41453.png'
23:47.989  render           | Saved: '/tmp/clearvla_eval_glass_41453.png'
23:48.365  render           | Saved: '/tmp/clearvla_eval_glass_41453.png'
23:48.772  render           | Saved: '/tmp/clearvla_eval_glass_41453.png'
23:49.123  render           | Saved: '/tmp/clearvla_eval_glass_41453.png'
23:49.961  render           | Saved: '/tmp/clearvla_eval_glass_41453.png'
23:50.295  render           | Saved: '/tmp/clearvla_eval_glass_41453.png'
23:50.712  render           | Saved: '/tmp/clearvla_eval_glass_41453.png'
23:51.043  render           | Saved: '/tmp/clearvla_eval_glass_41453.png'
23:51.445  render           | Saved: '/tmp/clearvla_eval_glass_41453.png'
23:51.778  render           | Saved: '/tmp/clearvla_eval_glass_41453.png'
23:52.180  render           | Saved: '/tmp/clearvla_eval_glass_41453.png'
23:52.513  render           | Saved: '/tmp/clearvla_eval_glass_41453.png'
23:52.914  render           | Saved: '/tmp/clearvla_eval_glass_41453.png'
23:53.250  render           | Saved: '/tmp/clearvla_eval_glass_41453.png'
23:53.649  render           | Saved: '/tmp/clearvla_eval_glass_41453.png'
23:53.989  render           | Saved: '/tmp/clearvla_eval_glass_41453.png'
23:54.394  render           | Saved: '/tmp/clearvla_eval_glass_41453.png'
23:54.733  render           | Saved: '/tmp/clearvla_eval_glass_41453.png'
23:55.136  render           | Saved: '/tmp/clearvla_eval_glass_41453.png'
23:55.481  render           | Saved: '/tmp/clearvla_eval_glass_41453.png'
23:55.885  render           | Saved: '/tmp/clearvla_eval_glass_41453.png'
23:56.221  render           | Saved: '/tmp/clearvla_eval_glass_41453.png'
23:56.623  render           | Saved: '/tmp/clearvla_eval_glass_41453.png'
23:56.970  render           | Saved: '/tmp/clearvla_eval_glass_41453.png'
23:57.378  render           | Saved: '/tmp/clearvla_eval_glass_41453.png'
23:57.729  render           | Saved: '/tmp/clearvla_eval_glass_41453.png'
23:58.149  render           | Saved: '/tmp/clearvla_eval_glass_41453.png'
23:58.498  render           | Saved: '/tmp/clearvla_eval_glass_41453.png'
23:58.915  render           | Saved: '/tmp/clearvla_eval_glass_41453.png'
23:59.270  render           | Saved: '/tmp/clearvla_eval_glass_41453.png'
23:59.691  render           | Saved: '/tmp/clearvla_eval_glass_41453.png'
24:00.044  render           | Saved: '/tmp/clearvla_eval_glass_41453.png'
24:00.473  render           | Saved: '/tmp/clearvla_eval_glass_41453.png'
24:00.822  render           | Saved: '/tmp/clearvla_eval_glass_41453.png'
24:01.250  render           | Saved: '/tmp/clearvla_eval_glass_41453.png'
24:01.600  render           | Saved: '/tmp/clearvla_eval_glass_41453.png'
24:02.023  render           | Saved: '/tmp/clearvla_eval_glass_41453.png'
24:02.393  render           | Saved: '/tmp/clearvla_eval_glass_41453.png'
24:02.814  render           | Saved: '/tmp/clearvla_eval_glass_41453.png'
24:03.165  render           | Saved: '/tmp/clearvla_eval_glass_41453.png'
24:03.589  render           | Saved: '/tmp/clearvla_eval_glass_41453.png'
24:03.937  render           | Saved: '/tmp/clearvla_eval_glass_41453.png'
24:04.355  render           | Saved: '/tmp/clearvla_eval_glass_41453.png'
24:04.701  render           | Saved: '/tmp/clearvla_eval_glass_41453.png'
24:05.122  render           | Saved: '/tmp/clearvla_eval_glass_41453.png'
24:05.479  render           | Saved: '/tmp/clearvla_eval_glass_41453.png'
24:05.898  render           | Saved: '/tmp/clearvla_eval_glass_41453.png'
24:06.250  render           | Saved: '/tmp/clearvla_eval_glass_41453.png'
24:06.677  render           | Saved: '/tmp/clearvla_eval_glass_41453.png'
24:07.025  render           | Saved: '/tmp/clearvla_eval_glass_41453.png'
24:07.439  render           | Saved: '/tmp/clearvla_eval_glass_41453.png'
24:07.832  render           | Saved: '/tmp/clearvla_eval_glass_41453.png'
24:08.237  render           | Saved: '/tmp/clearvla_eval_glass_41453.png'
24:08.644  render           | Saved: '/tmp/clearvla_eval_glass_41453.png'
24:09.048  render           | Saved: '/tmp/clearvla_eval_glass_41453.png'
24:09.416  render           | Saved: '/tmp/clearvla_eval_glass_41453.png'
24:09.814  render           | Saved: '/tmp/clearvla_eval_glass_41453.png'
24:10.182  render           | Saved: '/tmp/clearvla_eval_glass_41453.png'
24:10.614  render           | Saved: '/tmp/clearvla_eval_glass_41453.png'
24:10.956  render           | Saved: '/tmp/clearvla_eval_glass_41453.png'
24:11.371  render           | Saved: '/tmp/clearvla_eval_glass_41453.png'
24:11.714  render           | Saved: '/tmp/clearvla_eval_glass_41453.png'
24:12.127  render           | Saved: '/tmp/clearvla_eval_glass_41453.png'
24:12.474  render           | Saved: '/tmp/clearvla_eval_glass_41453.png'
24:12.897  render           | Saved: '/tmp/clearvla_eval_glass_41453.png'
24:13.244  render           | Saved: '/tmp/clearvla_eval_glass_41453.png'
24:13.662  render           | Saved: '/tmp/clearvla_eval_glass_41453.png'
24:14.004  render           | Saved: '/tmp/clearvla_eval_glass_41453.png'
24:14.409  render           | Saved: '/tmp/clearvla_eval_glass_41453.png'
24:14.755  render           | Saved: '/tmp/clearvla_eval_glass_41453.png'
24:15.177  render           | Saved: '/tmp/clearvla_eval_glass_41453.png'
24:15.522  render           | Saved: '/tmp/clearvla_eval_glass_41453.png'
24:15.937  render           | Saved: '/tmp/clearvla_eval_glass_41453.png'
24:16.273  render           | Saved: '/tmp/clearvla_eval_glass_41453.png'
24:16.685  render           | Saved: '/tmp/clearvla_eval_glass_41453.png'
24:17.019  render           | Saved: '/tmp/clearvla_eval_glass_41453.png'
24:17.422  render           | Saved: '/tmp/clearvla_eval_glass_41453.png'
24:17.752  render           | Saved: '/tmp/clearvla_eval_glass_41453.png'
24:18.162  render           | Saved: '/tmp/clearvla_eval_glass_41453.png'
24:18.496  render           | Saved: '/tmp/clearvla_eval_glass_41453.png'
24:19.303  render           | Saved: '/tmp/clearvla_eval_glass_41453.png'
24:19.639  render           | Saved: '/tmp/clearvla_eval_glass_41453.png'
24:20.061  render           | Saved: '/tmp/clearvla_eval_glass_41453.png'
24:20.401  render           | Saved: '/tmp/clearvla_eval_glass_41453.png'
24:20.812  render           | Saved: '/tmp/clearvla_eval_glass_41453.png'
24:21.156  render           | Saved: '/tmp/clearvla_eval_glass_41453.png'
24:21.562  render           | Saved: '/tmp/clearvla_eval_glass_41453.png'
24:21.897  render           | Saved: '/tmp/clearvla_eval_glass_41453.png'
24:22.298  render           | Saved: '/tmp/clearvla_eval_glass_41453.png'
24:22.642  render           | Saved: '/tmp/clearvla_eval_glass_41453.png'
24:23.049  render           | Saved: '/tmp/clearvla_eval_glass_41453.png'
24:23.404  render           | Saved: '/tmp/clearvla_eval_glass_41453.png'
24:23.813  render           | Saved: '/tmp/clearvla_eval_glass_41453.png'
24:24.153  render           | Saved: '/tmp/clearvla_eval_glass_41453.png'
24:24.566  render           | Saved: '/tmp/clearvla_eval_glass_41453.png'
24:24.912  render           | Saved: '/tmp/clearvla_eval_glass_41453.png'
24:25.342  render           | Saved: '/tmp/clearvla_eval_glass_41453.png'
24:25.685  render           | Saved: '/tmp/clearvla_eval_glass_41453.png'
24:26.112  render           | Saved: '/tmp/clearvla_eval_glass_41453.png'
24:26.484  render           | Saved: '/tmp/clearvla_eval_glass_41453.png'
24:26.927  render           | Saved: '/tmp/clearvla_eval_glass_41453.png'
24:27.283  render           | Saved: '/tmp/clearvla_eval_glass_41453.png'
24:27.760  render           | Saved: '/tmp/clearvla_eval_glass_41453.png'
24:28.119  render           | Saved: '/tmp/clearvla_eval_glass_41453.png'
24:28.550  render           | Saved: '/tmp/clearvla_eval_glass_41453.png'
24:28.946  render           | Saved: '/tmp/clearvla_eval_glass_41453.png'
24:29.353  render           | Saved: '/tmp/clearvla_eval_glass_41453.png'
24:29.723  render           | Saved: '/tmp/clearvla_eval_glass_41453.png'
24:30.144  render           | Saved: '/tmp/clearvla_eval_glass_41453.png'
24:30.493  render           | Saved: '/tmp/clearvla_eval_glass_41453.png'
24:30.914  render           | Saved: '/tmp/clearvla_eval_glass_41453.png'
24:31.250  render           | Saved: '/tmp/clearvla_eval_glass_41453.png'
24:31.673  render           | Saved: '/tmp/clearvla_eval_glass_41453.png'
24:32.020  render           | Saved: '/tmp/clearvla_eval_glass_41453.png'
24:32.442  render           | Saved: '/tmp/clearvla_eval_glass_41453.png'
24:32.780  render           | Saved: '/tmp/clearvla_eval_glass_41453.png'
24:33.195  render           | Saved: '/tmp/clearvla_eval_glass_41453.png'
24:33.530  render           | Saved: '/tmp/clearvla_eval_glass_41453.png'
24:33.942  render           | Saved: '/tmp/clearvla_eval_glass_41453.png'
24:34.280  render           | Saved: '/tmp/clearvla_eval_glass_41453.png'
24:34.688  render           | Saved: '/tmp/clearvla_eval_glass_41453.png'
24:35.031  render           | Saved: '/tmp/clearvla_eval_glass_41453.png'
24:35.840  render           | Saved: '/tmp/clearvla_eval_glass_41453.png'
24:36.181  render           | Saved: '/tmp/clearvla_eval_glass_41453.png'
24:36.597  render           | Saved: '/tmp/clearvla_eval_glass_41453.png'
24:36.933  render           | Saved: '/tmp/clearvla_eval_glass_41453.png'
24:37.342  render           | Saved: '/tmp/clearvla_eval_glass_41453.png'
24:37.693  render           | Saved: '/tmp/clearvla_eval_glass_41453.png'
24:38.102  render           | Saved: '/tmp/clearvla_eval_glass_41453.png'
24:38.439  render           | Saved: '/tmp/clearvla_eval_glass_41453.png'
24:38.846  render           | Saved: '/tmp/clearvla_eval_glass_41453.png'
24:39.188  render           | Saved: '/tmp/clearvla_eval_glass_41453.png'
24:39.598  render           | Saved: '/tmp/clearvla_eval_glass_41453.png'
24:39.951  render           | Saved: '/tmp/clearvla_eval_glass_41453.png'
24:40.357  render           | Saved: '/tmp/clearvla_eval_glass_41453.png'
24:40.707  render           | Saved: '/tmp/clearvla_eval_glass_41453.png'
24:41.128  render           | Saved: '/tmp/clearvla_eval_glass_41453.png'
24:41.462  render           | Saved: '/tmp/clearvla_eval_glass_41453.png'
24:41.874  render           | Saved: '/tmp/clearvla_eval_glass_41453.png'
24:42.209  render           | Saved: '/tmp/clearvla_eval_glass_41453.png'
24:42.630  render           | Saved: '/tmp/clearvla_eval_glass_41453.png'
24:42.990  render           | Saved: '/tmp/clearvla_eval_glass_41453.png'
24:43.413  render           | Saved: '/tmp/clearvla_eval_glass_41453.png'
24:43.776  render           | Saved: '/tmp/clearvla_eval_glass_41453.png'
24:44.230  render           | Saved: '/tmp/clearvla_eval_glass_41453.png'
24:44.646  render           | Saved: '/tmp/clearvla_eval_glass_41453.png'
24:45.083  render           | Saved: '/tmp/clearvla_eval_glass_41453.png'
24:45.438  render           | Saved: '/tmp/clearvla_eval_glass_41453.png'
24:45.858  render           | Saved: '/tmp/clearvla_eval_glass_41453.png'
24:46.213  render           | Saved: '/tmp/clearvla_eval_glass_41453.png'
24:46.630  render           | Saved: '/tmp/clearvla_eval_glass_41453.png'
24:46.988  render           | Saved: '/tmp/clearvla_eval_glass_41453.png'
24:47.403  render           | Saved: '/tmp/clearvla_eval_glass_41453.png'
24:47.744  render           | Saved: '/tmp/clearvla_eval_glass_41453.png'
24:48.146  render           | Saved: '/tmp/clearvla_eval_glass_41453.png'
24:48.489  render           | Saved: '/tmp/clearvla_eval_glass_41453.png'
24:48.891  render           | Saved: '/tmp/clearvla_eval_glass_41453.png'
24:49.227  render           | Saved: '/tmp/clearvla_eval_glass_41453.png'
24:49.639  render           | Saved: '/tmp/clearvla_eval_glass_41453.png'
24:49.972  render           | Saved: '/tmp/clearvla_eval_glass_41453.png'
24:50.382  render           | Saved: '/tmp/clearvla_eval_glass_41453.png'
24:50.716  render           | Saved: '/tmp/clearvla_eval_glass_41453.png'
24:51.127  render           | Saved: '/tmp/clearvla_eval_glass_41453.png'
24:51.463  render           | Saved: '/tmp/clearvla_eval_glass_41453.png'
24:51.873  render           | Saved: '/tmp/clearvla_eval_glass_41453.png'
24:52.218  render           | Saved: '/tmp/clearvla_eval_glass_41453.png'
24:52.635  render           | Saved: '/tmp/clearvla_eval_glass_41453.png'
24:52.975  render           | Saved: '/tmp/clearvla_eval_glass_41453.png'
24:53.399  render           | Saved: '/tmp/clearvla_eval_glass_41453.png'
24:53.756  render           | Saved: '/tmp/clearvla_eval_glass_41453.png'
24:54.182  render           | Saved: '/tmp/clearvla_eval_glass_41453.png'
24:54.540  render           | Saved: '/tmp/clearvla_eval_glass_41453.png'
24:54.958  render           | Saved: '/tmp/clearvla_eval_glass_41453.png'
24:55.307  render           | Saved: '/tmp/clearvla_eval_glass_41453.png'
24:55.725  render           | Saved: '/tmp/clearvla_eval_glass_41453.png'
24:56.077  render           | Saved: '/tmp/clearvla_eval_glass_41453.png'
24:56.493  render           | Saved: '/tmp/clearvla_eval_glass_41453.png'
24:56.831  render           | Saved: '/tmp/clearvla_eval_glass_41453.png'
24:57.255  render           | Saved: '/tmp/clearvla_eval_glass_41453.png'
24:57.594  render           | Saved: '/tmp/clearvla_eval_glass_41453.png'
24:58.003  render           | Saved: '/tmp/clearvla_eval_glass_41453.png'
24:58.342  render           | Saved: '/tmp/clearvla_eval_glass_41453.png'
24:58.760  render           | Saved: '/tmp/clearvla_eval_glass_41453.png'
24:59.100  render           | Saved: '/tmp/clearvla_eval_glass_41453.png'
24:59.523  render           | Saved: '/tmp/clearvla_eval_glass_41453.png'
24:59.854  render           | Saved: '/tmp/clearvla_eval_glass_41453.png'
25:00.266  render           | Saved: '/tmp/clearvla_eval_glass_41453.png'
25:00.601  render           | Saved: '/tmp/clearvla_eval_glass_41453.png'
25:01.013  render           | Saved: '/tmp/clearvla_eval_glass_41453.png'
25:01.349  render           | Saved: '/tmp/clearvla_eval_glass_41453.png'
25:01.758  render           | Saved: '/tmp/clearvla_eval_glass_41453.png'
25:02.097  render           | Saved: '/tmp/clearvla_eval_glass_41453.png'
25:02.518  render           | Saved: '/tmp/clearvla_eval_glass_41453.png'
25:02.854  render           | Saved: '/tmp/clearvla_eval_glass_41453.png'
25:03.266  render           | Saved: '/tmp/clearvla_eval_glass_41453.png'
25:03.609  render           | Saved: '/tmp/clearvla_eval_glass_41453.png'
25:04.038  render           | Saved: '/tmp/clearvla_eval_glass_41453.png'
25:04.377  render           | Saved: '/tmp/clearvla_eval_glass_41453.png'
25:05.209  render           | Saved: '/tmp/clearvla_eval_glass_41453.png'
25:05.544  render           | Saved: '/tmp/clearvla_eval_glass_41453.png'
25:05.971  render           | Saved: '/tmp/clearvla_eval_glass_41453.png'
25:06.322  render           | Saved: '/tmp/clearvla_eval_glass_41453.png'
25:06.730  render           | Saved: '/tmp/clearvla_eval_glass_41453.png'
25:07.090  render           | Saved: '/tmp/clearvla_eval_glass_41453.png'
25:07.518  render           | Saved: '/tmp/clearvla_eval_glass_41453.png'
25:07.855  render           | Saved: '/tmp/clearvla_eval_glass_41453.png'
25:08.254  render           | Saved: '/tmp/clearvla_eval_glass_41453.png'
25:08.592  render           | Saved: '/tmp/clearvla_eval_glass_41453.png'
25:08.998  render           | Saved: '/tmp/clearvla_eval_glass_41453.png'
25:09.332  render           | Saved: '/tmp/clearvla_eval_glass_41453.png'
25:09.734  render           | Saved: '/tmp/clearvla_eval_glass_41453.png'
25:10.069  render           | Saved: '/tmp/clearvla_eval_glass_41453.png'
25:10.476  render           | Saved: '/tmp/clearvla_eval_glass_41453.png'
25:10.810  render           | Saved: '/tmp/clearvla_eval_glass_41453.png'
25:11.231  render           | Saved: '/tmp/clearvla_eval_glass_41453.png'
25:11.601  render           | Saved: '/tmp/clearvla_eval_glass_41453.png'
25:12.014  render           | Saved: '/tmp/clearvla_eval_glass_41453.png'
25:12.379  render           | Saved: '/tmp/clearvla_eval_glass_41453.png'
25:12.794  render           | Saved: '/tmp/clearvla_eval_glass_41453.png'
25:13.151  render           | Saved: '/tmp/clearvla_eval_glass_41453.png'
25:13.574  render           | Saved: '/tmp/clearvla_eval_glass_41453.png'
25:13.919  render           | Saved: '/tmp/clearvla_eval_glass_41453.png'
25:14.337  render           | Saved: '/tmp/clearvla_eval_glass_41453.png'
25:14.678  render           | Saved: '/tmp/clearvla_eval_glass_41453.png'
25:15.082  render           | Saved: '/tmp/clearvla_eval_glass_41453.png'
25:15.422  render           | Saved: '/tmp/clearvla_eval_glass_41453.png'
25:15.828  render           | Saved: '/tmp/clearvla_eval_glass_41453.png'
25:16.164  render           | Saved: '/tmp/clearvla_eval_glass_41453.png'
25:16.577  render           | Saved: '/tmp/clearvla_eval_glass_41453.png'
25:16.919  render           | Saved: '/tmp/clearvla_eval_glass_41453.png'
25:17.332  render           | Saved: '/tmp/clearvla_eval_glass_41453.png'
25:17.671  render           | Saved: '/tmp/clearvla_eval_glass_41453.png'
25:18.082  render           | Saved: '/tmp/clearvla_eval_glass_41453.png'
25:18.423  render           | Saved: '/tmp/clearvla_eval_glass_41453.png'
25:18.835  render           | Saved: '/tmp/clearvla_eval_glass_41453.png'
25:19.168  render           | Saved: '/tmp/clearvla_eval_glass_41453.png'
25:19.587  render           | Saved: '/tmp/clearvla_eval_glass_41453.png'
25:19.927  render           | Saved: '/tmp/clearvla_eval_glass_41453.png'
25:20.343  render           | Saved: '/tmp/clearvla_eval_glass_41453.png'
25:20.677  render           | Saved: '/tmp/clearvla_eval_glass_41453.png'
25:21.094  render           | Saved: '/tmp/clearvla_eval_glass_41453.png'
25:21.438  render           | Saved: '/tmp/clearvla_eval_glass_41453.png'
25:21.846  render           | Saved: '/tmp/clearvla_eval_glass_41453.png'
25:22.190  render           | Saved: '/tmp/clearvla_eval_glass_41453.png'
25:22.607  render           | Saved: '/tmp/clearvla_eval_glass_41453.png'
25:22.951  render           | Saved: '/tmp/clearvla_eval_glass_41453.png'
25:23.362  render           | Saved: '/tmp/clearvla_eval_glass_41453.png'
25:23.836  render           | Saved: '/tmp/clearvla_eval_glass_41453.png'
25:24.257  render           | Saved: '/tmp/clearvla_eval_glass_41453.png'
25:24.611  render           | Saved: '/tmp/clearvla_eval_glass_41453.png'
25:25.027  render           | Saved: '/tmp/clearvla_eval_glass_41453.png'
25:25.363  render           | Saved: '/tmp/clearvla_eval_glass_41453.png'
25:25.765  render           | Saved: '/tmp/clearvla_eval_glass_41453.png'
25:26.108  render           | Saved: '/tmp/clearvla_eval_glass_41453.png'
25:26.518  render           | Saved: '/tmp/clearvla_eval_glass_41453.png'
25:26.851  render           | Saved: '/tmp/clearvla_eval_glass_41453.png'
25:27.263  render           | Saved: '/tmp/clearvla_eval_glass_41453.png'
25:27.601  render           | Saved: '/tmp/clearvla_eval_glass_41453.png'
25:28.004  render           | Saved: '/tmp/clearvla_eval_glass_41453.png'
25:28.339  render           | Saved: '/tmp/clearvla_eval_glass_41453.png'
25:28.752  render           | Saved: '/tmp/clearvla_eval_glass_41453.png'
25:29.097  render           | Saved: '/tmp/clearvla_eval_glass_41453.png'
25:29.511  render           | Saved: '/tmp/clearvla_eval_glass_41453.png'
25:29.861  render           | Saved: '/tmp/clearvla_eval_glass_41453.png'
25:30.273  render           | Saved: '/tmp/clearvla_eval_glass_41453.png'
25:30.637  render           | Saved: '/tmp/clearvla_eval_glass_41453.png'
25:31.042  render           | Saved: '/tmp/clearvla_eval_glass_41453.png'
25:31.418  render           | Saved: '/tmp/clearvla_eval_glass_41453.png'
25:31.816  render           | Saved: '/tmp/clearvla_eval_glass_41453.png'
25:32.186  render           | Saved: '/tmp/clearvla_eval_glass_41453.png'
25:32.586  render           | Saved: '/tmp/clearvla_eval_glass_41453.png'
25:32.958  render           | Saved: '/tmp/clearvla_eval_glass_41453.png'
25:33.358  render           | Saved: '/tmp/clearvla_eval_glass_41453.png'
25:33.726  render           | Saved: '/tmp/clearvla_eval_glass_41453.png'
25:34.543  render           | Saved: '/tmp/clearvla_eval_glass_41453.png'
25:34.881  render           | Saved: '/tmp/clearvla_eval_glass_41453.png'
25:35.288  render           | Saved: '/tmp/clearvla_eval_glass_41453.png'
25:35.621  render           | Saved: '/tmp/clearvla_eval_glass_41453.png'
25:36.029  render           | Saved: '/tmp/clearvla_eval_glass_41453.png'
25:36.361  render           | Saved: '/tmp/clearvla_eval_glass_41453.png'
25:36.770  render           | Saved: '/tmp/clearvla_eval_glass_41453.png'
25:37.107  render           | Saved: '/tmp/clearvla_eval_glass_41453.png'
25:37.509  render           | Saved: '/tmp/clearvla_eval_glass_41453.png'
25:37.849  render           | Saved: '/tmp/clearvla_eval_glass_41453.png'
25:38.251  render           | Saved: '/tmp/clearvla_eval_glass_41453.png'
25:38.592  render           | Saved: '/tmp/clearvla_eval_glass_41453.png'
25:38.992  render           | Saved: '/tmp/clearvla_eval_glass_41453.png'
25:39.346  render           | Saved: '/tmp/clearvla_eval_glass_41453.png'
25:39.769  render           | Saved: '/tmp/clearvla_eval_glass_41453.png'
25:40.132  render           | Saved: '/tmp/clearvla_eval_glass_41453.png'
25:40.558  render           | Saved: '/tmp/clearvla_eval_glass_41453.png'
25:40.960  render           | Saved: '/tmp/clearvla_eval_glass_41453.png'
25:41.375  render           | Saved: '/tmp/clearvla_eval_glass_41453.png'
25:41.780  render           | Saved: '/tmp/clearvla_eval_glass_41453.png'
25:42.184  render           | Saved: '/tmp/clearvla_eval_glass_41453.png'
25:42.552  render           | Saved: '/tmp/clearvla_eval_glass_41453.png'
25:42.974  render           | Saved: '/tmp/clearvla_eval_glass_41453.png'
25:43.345  render           | Saved: '/tmp/clearvla_eval_glass_41453.png'
25:43.764  render           | Saved: '/tmp/clearvla_eval_glass_41453.png'
25:44.123  render           | Saved: '/tmp/clearvla_eval_glass_41453.png'
25:44.538  render           | Saved: '/tmp/clearvla_eval_glass_41453.png'
25:44.890  render           | Saved: '/tmp/clearvla_eval_glass_41453.png'
25:45.308  render           | Saved: '/tmp/clearvla_eval_glass_41453.png'
25:45.652  render           | Saved: '/tmp/clearvla_eval_glass_41453.png'
25:46.062  render           | Saved: '/tmp/clearvla_eval_glass_41453.png'
25:46.398  render           | Saved: '/tmp/clearvla_eval_glass_41453.png'
25:46.813  render           | Saved: '/tmp/clearvla_eval_glass_41453.png'
25:47.153  render           | Saved: '/tmp/clearvla_eval_glass_41453.png'
25:47.571  render           | Saved: '/tmp/clearvla_eval_glass_41453.png'
25:47.914  render           | Saved: '/tmp/clearvla_eval_glass_41453.png'
25:48.332  render           | Saved: '/tmp/clearvla_eval_glass_41453.png'
25:48.659  render           | Saved: '/tmp/clearvla_eval_glass_41453.png'
25:49.076  render           | Saved: '/tmp/clearvla_eval_glass_41453.png'
25:49.417  render           | Saved: '/tmp/clearvla_eval_glass_41453.png'
25:49.837  render           | Saved: '/tmp/clearvla_eval_glass_41453.png'
25:50.183  render           | Saved: '/tmp/clearvla_eval_glass_41453.png'
25:50.603  render           | Saved: '/tmp/clearvla_eval_glass_41453.png'
25:50.954  render           | Saved: '/tmp/clearvla_eval_glass_41453.png'
25:51.368  render           | Saved: '/tmp/clearvla_eval_glass_41453.png'
25:51.715  render           | Saved: '/tmp/clearvla_eval_glass_41453.png'
25:52.142  render           | Saved: '/tmp/clearvla_eval_glass_41453.png'
25:52.490  render           | Saved: '/tmp/clearvla_eval_glass_41453.png'
25:52.900  render           | Saved: '/tmp/clearvla_eval_glass_41453.png'
25:53.241  render           | Saved: '/tmp/clearvla_eval_glass_41453.png'
25:53.672  render           | Saved: '/tmp/clearvla_eval_glass_41453.png'
25:54.020  render           | Saved: '/tmp/clearvla_eval_glass_41453.png'
25:54.451  render           | Saved: '/tmp/clearvla_eval_glass_41453.png'
25:54.789  render           | Saved: '/tmp/clearvla_eval_glass_41453.png'
25:55.210  render           | Saved: '/tmp/clearvla_eval_glass_41453.png'
25:55.556  render           | Saved: '/tmp/clearvla_eval_glass_41453.png'
25:55.980  render           | Saved: '/tmp/clearvla_eval_glass_41453.png'
25:56.332  render           | Saved: '/tmp/clearvla_eval_glass_41453.png'
25:56.748  render           | Saved: '/tmp/clearvla_eval_glass_41453.png'
25:57.111  render           | Saved: '/tmp/clearvla_eval_glass_41453.png'
25:57.545  render           | Saved: '/tmp/clearvla_eval_glass_41453.png'
25:57.909  render           | Saved: '/tmp/clearvla_eval_glass_41453.png'
25:58.343  render           | Saved: '/tmp/clearvla_eval_glass_41453.png'
25:58.690  render           | Saved: '/tmp/clearvla_eval_glass_41453.png'
25:59.124  render           | Saved: '/tmp/clearvla_eval_glass_41453.png'
25:59.469  render           | Saved: '/tmp/clearvla_eval_glass_41453.png'
25:59.900  render           | Saved: '/tmp/clearvla_eval_glass_41453.png'
26:00.233  render           | Saved: '/tmp/clearvla_eval_glass_41453.png'
26:00.651  render           | Saved: '/tmp/clearvla_eval_glass_41453.png'
26:01.002  render           | Saved: '/tmp/clearvla_eval_glass_41453.png'
26:01.420  render           | Saved: '/tmp/clearvla_eval_glass_41453.png'
26:01.768  render           | Saved: '/tmp/clearvla_eval_glass_41453.png'
26:02.191  render           | Saved: '/tmp/clearvla_eval_glass_41453.png'
26:02.539  render           | Saved: '/tmp/clearvla_eval_glass_41453.png'
26:02.964  render           | Saved: '/tmp/clearvla_eval_glass_41453.png'
26:03.303  render           | Saved: '/tmp/clearvla_eval_glass_41453.png'
26:04.108  render           | Saved: '/tmp/clearvla_eval_glass_41453.png'
26:04.450  render           | Saved: '/tmp/clearvla_eval_glass_41453.png'
26:04.860  render           | Saved: '/tmp/clearvla_eval_glass_41453.png'
26:05.196  render           | Saved: '/tmp/clearvla_eval_glass_41453.png'
26:05.611  render           | Saved: '/tmp/clearvla_eval_glass_41453.png'
26:05.963  render           | Saved: '/tmp/clearvla_eval_glass_41453.png'
26:06.387  render           | Saved: '/tmp/clearvla_eval_glass_41453.png'
26:06.724  render           | Saved: '/tmp/clearvla_eval_glass_41453.png'
26:07.132  render           | Saved: '/tmp/clearvla_eval_glass_41453.png'
26:07.467  render           | Saved: '/tmp/clearvla_eval_glass_41453.png'
26:07.874  render           | Saved: '/tmp/clearvla_eval_glass_41453.png'
26:08.212  render           | Saved: '/tmp/clearvla_eval_glass_41453.png'
26:08.615  render           | Saved: '/tmp/clearvla_eval_glass_41453.png'
26:08.954  render           | Saved: '/tmp/clearvla_eval_glass_41453.png'
26:09.356  render           | Saved: '/tmp/clearvla_eval_glass_41453.png'
26:09.691  render           | Saved: '/tmp/clearvla_eval_glass_41453.png'
26:10.108  render           | Saved: '/tmp/clearvla_eval_glass_41453.png'
26:10.464  render           | Saved: '/tmp/clearvla_eval_glass_41453.png'
26:10.886  render           | Saved: '/tmp/clearvla_eval_glass_41453.png'
26:11.240  render           | Saved: '/tmp/clearvla_eval_glass_41453.png'
26:11.662  render           | Saved: '/tmp/clearvla_eval_glass_41453.png'
26:11.999  render           | Saved: '/tmp/clearvla_eval_glass_41453.png'
26:12.409  render           | Saved: '/tmp/clearvla_eval_glass_41453.png'
26:12.747  render           | Saved: '/tmp/clearvla_eval_glass_41453.png'
26:13.160  render           | Saved: '/tmp/clearvla_eval_glass_41453.png'
26:13.495  render           | Saved: '/tmp/clearvla_eval_glass_41453.png'
26:13.912  render           | Saved: '/tmp/clearvla_eval_glass_41453.png'
26:14.256  render           | Saved: '/tmp/clearvla_eval_glass_41453.png'
26:14.672  render           | Saved: '/tmp/clearvla_eval_glass_41453.png'
26:15.016  render           | Saved: '/tmp/clearvla_eval_glass_41453.png'
26:15.425  render           | Saved: '/tmp/clearvla_eval_glass_41453.png'
26:15.786  render           | Saved: '/tmp/clearvla_eval_glass_41453.png'
26:16.202  render           | Saved: '/tmp/clearvla_eval_glass_41453.png'
26:16.539  render           | Saved: '/tmp/clearvla_eval_glass_41453.png'
26:16.961  render           | Saved: '/tmp/clearvla_eval_glass_41453.png'
26:17.303  render           | Saved: '/tmp/clearvla_eval_glass_41453.png'
26:17.739  render           | Saved: '/tmp/clearvla_eval_glass_41453.png'
26:18.101  render           | Saved: '/tmp/clearvla_eval_glass_41453.png'
26:18.528  render           | Saved: '/tmp/clearvla_eval_glass_41453.png'
26:18.881  render           | Saved: '/tmp/clearvla_eval_glass_41453.png'
26:19.300  render           | Saved: '/tmp/clearvla_eval_glass_41453.png'
26:19.676  render           | Saved: '/tmp/clearvla_eval_glass_41453.png'
26:20.130  render           | Saved: '/tmp/clearvla_eval_glass_41453.png'
26:20.536  render           | Saved: '/tmp/clearvla_eval_glass_41453.png'
26:21.357  render           | Saved: '/tmp/clearvla_eval_glass_41453.png'
26:21.728  render           | Saved: '/tmp/clearvla_eval_glass_41453.png'
26:22.137  render           | Saved: '/tmp/clearvla_eval_glass_41453.png'
26:22.512  render           | Saved: '/tmp/clearvla_eval_glass_41453.png'
26:22.921  render           | Saved: '/tmp/clearvla_eval_glass_41453.png'
26:23.294  render           | Saved: '/tmp/clearvla_eval_glass_41453.png'
26:23.703  render           | Saved: '/tmp/clearvla_eval_glass_41453.png'
26:24.071  render           | Saved: '/tmp/clearvla_eval_glass_41453.png'
26:24.470  render           | Saved: '/tmp/clearvla_eval_glass_41453.png'
26:24.834  render           | Saved: '/tmp/clearvla_eval_glass_41453.png'
26:25.235  render           | Saved: '/tmp/clearvla_eval_glass_41453.png'
26:25.594  render           | Saved: '/tmp/clearvla_eval_glass_41453.png'
26:26.005  render           | Saved: '/tmp/clearvla_eval_glass_41453.png'
26:26.379  render           | Saved: '/tmp/clearvla_eval_glass_41453.png'
26:26.786  render           | Saved: '/tmp/clearvla_eval_glass_41453.png'
26:27.180  render           | Saved: '/tmp/clearvla_eval_glass_41453.png'
26:27.586  render           | Saved: '/tmp/clearvla_eval_glass_41453.png'
26:27.953  render           | Saved: '/tmp/clearvla_eval_glass_41453.png'
26:28.382  render           | Saved: '/tmp/clearvla_eval_glass_41453.png'
26:28.731  render           | Saved: '/tmp/clearvla_eval_glass_41453.png'
26:29.148  render           | Saved: '/tmp/clearvla_eval_glass_41453.png'
26:29.501  render           | Saved: '/tmp/clearvla_eval_glass_41453.png'
26:29.920  render           | Saved: '/tmp/clearvla_eval_glass_41453.png'
26:30.270  render           | Saved: '/tmp/clearvla_eval_glass_41453.png'
26:30.689  render           | Saved: '/tmp/clearvla_eval_glass_41453.png'
26:31.032  render           | Saved: '/tmp/clearvla_eval_glass_41453.png'
26:31.446  render           | Saved: '/tmp/clearvla_eval_glass_41453.png'
26:31.787  render           | Saved: '/tmp/clearvla_eval_glass_41453.png'
26:32.192  render           | Saved: '/tmp/clearvla_eval_glass_41453.png'
26:32.537  render           | Saved: '/tmp/clearvla_eval_glass_41453.png'
26:32.949  render           | Saved: '/tmp/clearvla_eval_glass_41453.png'
26:33.292  render           | Saved: '/tmp/clearvla_eval_glass_41453.png'
26:33.699  render           | Saved: '/tmp/clearvla_eval_glass_41453.png'
26:34.045  render           | Saved: '/tmp/clearvla_eval_glass_41453.png'
26:34.457  render           | Saved: '/tmp/clearvla_eval_glass_41453.png'
26:34.800  render           | Saved: '/tmp/clearvla_eval_glass_41453.png'
26:35.223  render           | Saved: '/tmp/clearvla_eval_glass_41453.png'
26:35.578  render           | Saved: '/tmp/clearvla_eval_glass_41453.png'
26:35.996  render           | Saved: '/tmp/clearvla_eval_glass_41453.png'
26:36.340  render           | Saved: '/tmp/clearvla_eval_glass_41453.png'
26:36.759  render           | Saved: '/tmp/clearvla_eval_glass_41453.png'
26:37.127  render           | Saved: '/tmp/clearvla_eval_glass_41453.png'
26:37.602  render           | Saved: '/tmp/clearvla_eval_glass_41453.png'
26:37.969  render           | Saved: '/tmp/clearvla_eval_glass_41453.png'
26:38.422  render           | Saved: '/tmp/clearvla_eval_glass_41453.png'
26:38.794  render           | Saved: '/tmp/clearvla_eval_glass_41453.png'
26:39.224  render           | Saved: '/tmp/clearvla_eval_glass_41453.png'
26:39.581  render           | Saved: '/tmp/clearvla_eval_glass_41453.png'
26:40.023  render           | Saved: '/tmp/clearvla_eval_glass_41453.png'
26:40.423  render           | Saved: '/tmp/clearvla_eval_glass_41453.png'
26:40.842  render           | Saved: '/tmp/clearvla_eval_glass_41453.png'
26:41.186  render           | Saved: '/tmp/clearvla_eval_glass_41453.png'
26:41.605  render           | Saved: '/tmp/clearvla_eval_glass_41453.png'
26:41.961  render           | Saved: '/tmp/clearvla_eval_glass_41453.png'
26:42.378  render           | Saved: '/tmp/clearvla_eval_glass_41453.png'
26:42.718  render           | Saved: '/tmp/clearvla_eval_glass_41453.png'
26:43.143  render           | Saved: '/tmp/clearvla_eval_glass_41453.png'
26:43.480  render           | Saved: '/tmp/clearvla_eval_glass_41453.png'
26:43.897  render           | Saved: '/tmp/clearvla_eval_glass_41453.png'
26:44.236  render           | Saved: '/tmp/clearvla_eval_glass_41453.png'
26:44.651  render           | Saved: '/tmp/clearvla_eval_glass_41453.png'
26:44.984  render           | Saved: '/tmp/clearvla_eval_glass_41453.png'
26:45.401  render           | Saved: '/tmp/clearvla_eval_glass_41453.png'
26:45.738  render           | Saved: '/tmp/clearvla_eval_glass_41453.png'
26:46.157  render           | Saved: '/tmp/clearvla_eval_glass_41453.png'
26:46.495  render           | Saved: '/tmp/clearvla_eval_glass_41453.png'
26:46.907  render           | Saved: '/tmp/clearvla_eval_glass_41453.png'
26:47.242  render           | Saved: '/tmp/clearvla_eval_glass_41453.png'
26:47.654  render           | Saved: '/tmp/clearvla_eval_glass_41453.png'
26:47.993  render           | Saved: '/tmp/clearvla_eval_glass_41453.png'
26:48.402  render           | Saved: '/tmp/clearvla_eval_glass_41453.png'
26:48.741  render           | Saved: '/tmp/clearvla_eval_glass_41453.png'
26:49.169  render           | Saved: '/tmp/clearvla_eval_glass_41453.png'
26:49.505  render           | Saved: '/tmp/clearvla_eval_glass_41453.png'
26:49.922  render           | Saved: '/tmp/clearvla_eval_glass_41453.png'
26:50.262  render           | Saved: '/tmp/clearvla_eval_glass_41453.png'
26:51.069  render           | Saved: '/tmp/clearvla_eval_glass_41453.png'
26:51.411  render           | Saved: '/tmp/clearvla_eval_glass_41453.png'
26:51.845  render           | Saved: '/tmp/clearvla_eval_glass_41453.png'
26:52.196  render           | Saved: '/tmp/clearvla_eval_glass_41453.png'
26:52.599  render           | Saved: '/tmp/clearvla_eval_glass_41453.png'
26:52.934  render           | Saved: '/tmp/clearvla_eval_glass_41453.png'
26:53.335  render           | Saved: '/tmp/clearvla_eval_glass_41453.png'
26:53.675  render           | Saved: '/tmp/clearvla_eval_glass_41453.png'
26:54.071  render           | Saved: '/tmp/clearvla_eval_glass_41453.png'
26:54.404  render           | Saved: '/tmp/clearvla_eval_glass_41453.png'
26:54.806  render           | Saved: '/tmp/clearvla_eval_glass_41453.png'
26:55.143  render           | Saved: '/tmp/clearvla_eval_glass_41453.png'
26:55.551  render           | Saved: '/tmp/clearvla_eval_glass_41453.png'
26:55.890  render           | Saved: '/tmp/clearvla_eval_glass_41453.png'
26:56.293  render           | Saved: '/tmp/clearvla_eval_glass_41453.png'
26:56.634  render           | Saved: '/tmp/clearvla_eval_glass_41453.png'
26:57.038  render           | Saved: '/tmp/clearvla_eval_glass_41453.png'
26:57.383  render           | Saved: '/tmp/clearvla_eval_glass_41453.png'
26:57.784  render           | Saved: '/tmp/clearvla_eval_glass_41453.png'
26:58.125  render           | Saved: '/tmp/clearvla_eval_glass_41453.png'
26:58.529  render           | Saved: '/tmp/clearvla_eval_glass_41453.png'
26:58.870  render           | Saved: '/tmp/clearvla_eval_glass_41453.png'
26:59.276  render           | Saved: '/tmp/clearvla_eval_glass_41453.png'
26:59.618  render           | Saved: '/tmp/clearvla_eval_glass_41453.png'
27:00.022  render           | Saved: '/tmp/clearvla_eval_glass_41453.png'
27:00.363  render           | Saved: '/tmp/clearvla_eval_glass_41453.png'
27:00.768  render           | Saved: '/tmp/clearvla_eval_glass_41453.png'
27:01.109  render           | Saved: '/tmp/clearvla_eval_glass_41453.png'
27:01.512  render           | Saved: '/tmp/clearvla_eval_glass_41453.png'
27:01.860  render           | Saved: '/tmp/clearvla_eval_glass_41453.png'
27:02.261  render           | Saved: '/tmp/clearvla_eval_glass_41453.png'
27:02.606  render           | Saved: '/tmp/clearvla_eval_glass_41453.png'
27:03.017  render           | Saved: '/tmp/clearvla_eval_glass_41453.png'
27:03.350  render           | Saved: '/tmp/clearvla_eval_glass_41453.png'
27:03.755  render           | Saved: '/tmp/clearvla_eval_glass_41453.png'
27:04.097  render           | Saved: '/tmp/clearvla_eval_glass_41453.png'
27:04.502  render           | Saved: '/tmp/clearvla_eval_glass_41453.png'
27:04.841  render           | Saved: '/tmp/clearvla_eval_glass_41453.png'
27:05.253  render           | Saved: '/tmp/clearvla_eval_glass_41453.png'
27:05.592  render           | Saved: '/tmp/clearvla_eval_glass_41453.png'
27:05.994  render           | Saved: '/tmp/clearvla_eval_glass_41453.png'
27:06.334  render           | Saved: '/tmp/clearvla_eval_glass_41453.png'
27:06.742  render           | Saved: '/tmp/clearvla_eval_glass_41453.png'
27:07.081  render           | Saved: '/tmp/clearvla_eval_glass_41453.png'
27:07.485  render           | Saved: '/tmp/clearvla_eval_glass_41453.png'
27:07.823  render           | Saved: '/tmp/clearvla_eval_glass_41453.png'
27:08.251  render           | Saved: '/tmp/clearvla_eval_glass_41453.png'
27:08.602  render           | Saved: '/tmp/clearvla_eval_glass_41453.png'
27:09.024  render           | Saved: '/tmp/clearvla_eval_glass_41453.png'
27:09.367  render           | Saved: '/tmp/clearvla_eval_glass_41453.png'
27:09.782  render           | Saved: '/tmp/clearvla_eval_glass_41453.png'
27:10.133  render           | Saved: '/tmp/clearvla_eval_glass_41453.png'
27:10.548  render           | Saved: '/tmp/clearvla_eval_glass_41453.png'
27:10.885  render           | Saved: '/tmp/clearvla_eval_glass_41453.png'
27:11.311  render           | Saved: '/tmp/clearvla_eval_glass_41453.png'
27:11.654  render           | Saved: '/tmp/clearvla_eval_glass_41453.png'
27:12.073  render           | Saved: '/tmp/clearvla_eval_glass_41453.png'
27:12.409  render           | Saved: '/tmp/clearvla_eval_glass_41453.png'
27:12.814  render           | Saved: '/tmp/clearvla_eval_glass_41453.png'
27:13.151  render           | Saved: '/tmp/clearvla_eval_glass_41453.png'
27:13.560  render           | Saved: '/tmp/clearvla_eval_glass_41453.png'
27:13.893  render           | Saved: '/tmp/clearvla_eval_glass_41453.png'
27:14.305  render           | Saved: '/tmp/clearvla_eval_glass_41453.png'
27:14.639  render           | Saved: '/tmp/clearvla_eval_glass_41453.png'
27:15.054  render           | Saved: '/tmp/clearvla_eval_glass_41453.png'
27:15.395  render           | Saved: '/tmp/clearvla_eval_glass_41453.png'
27:15.794  render           | Saved: '/tmp/clearvla_eval_glass_41453.png'
27:16.134  render           | Saved: '/tmp/clearvla_eval_glass_41453.png'
27:16.560  render           | Saved: '/tmp/clearvla_eval_glass_41453.png'
27:16.906  render           | Saved: '/tmp/clearvla_eval_glass_41453.png'
27:17.317  render           | Saved: '/tmp/clearvla_eval_glass_41453.png'
27:17.670  render           | Saved: '/tmp/clearvla_eval_glass_41453.png'
27:18.086  render           | Saved: '/tmp/clearvla_eval_glass_41453.png'
27:18.428  render           | Saved: '/tmp/clearvla_eval_glass_41453.png'
27:18.832  render           | Saved: '/tmp/clearvla_eval_glass_41453.png'
27:19.179  render           | Saved: '/tmp/clearvla_eval_glass_41453.png'
27:20.000  render           | Saved: '/tmp/clearvla_eval_glass_41453.png'
27:20.350  render           | Saved: '/tmp/clearvla_eval_glass_41453.png'
27:20.777  render           | Saved: '/tmp/clearvla_eval_glass_41453.png'
27:21.127  render           | Saved: '/tmp/clearvla_eval_glass_41453.png'
27:21.543  render           | Saved: '/tmp/clearvla_eval_glass_41453.png'
27:21.895  render           | Saved: '/tmp/clearvla_eval_glass_41453.png'
27:22.322  render           | Saved: '/tmp/clearvla_eval_glass_41453.png'
27:22.670  render           | Saved: '/tmp/clearvla_eval_glass_41453.png'
27:23.094  render           | Saved: '/tmp/clearvla_eval_glass_41453.png'
27:23.429  render           | Saved: '/tmp/clearvla_eval_glass_41453.png'
27:23.837  render           | Saved: '/tmp/clearvla_eval_glass_41453.png'
27:24.170  render           | Saved: '/tmp/clearvla_eval_glass_41453.png'
27:24.573  render           | Saved: '/tmp/clearvla_eval_glass_41453.png'
27:24.911  render           | Saved: '/tmp/clearvla_eval_glass_41453.png'
27:25.318  render           | Saved: '/tmp/clearvla_eval_glass_41453.png'
27:25.651  render           | Saved: '/tmp/clearvla_eval_glass_41453.png'
27:26.056  render           | Saved: '/tmp/clearvla_eval_glass_41453.png'
27:26.392  render           | Saved: '/tmp/clearvla_eval_glass_41453.png'
27:26.792  render           | Saved: '/tmp/clearvla_eval_glass_41453.png'
27:27.131  render           | Saved: '/tmp/clearvla_eval_glass_41453.png'
27:27.536  render           | Saved: '/tmp/clearvla_eval_glass_41453.png'
27:27.875  render           | Saved: '/tmp/clearvla_eval_glass_41453.png'
27:28.284  render           | Saved: '/tmp/clearvla_eval_glass_41453.png'
27:28.619  render           | Saved: '/tmp/clearvla_eval_glass_41453.png'
27:29.027  render           | Saved: '/tmp/clearvla_eval_glass_41453.png'
27:29.375  render           | Saved: '/tmp/clearvla_eval_glass_41453.png'
27:29.778  render           | Saved: '/tmp/clearvla_eval_glass_41453.png'
27:30.122  render           | Saved: '/tmp/clearvla_eval_glass_41453.png'
27:30.528  render           | Saved: '/tmp/clearvla_eval_glass_41453.png'
27:30.875  render           | Saved: '/tmp/clearvla_eval_glass_41453.png'
27:31.290  render           | Saved: '/tmp/clearvla_eval_glass_41453.png'
27:31.631  render           | Saved: '/tmp/clearvla_eval_glass_41453.png'
27:32.039  render           | Saved: '/tmp/clearvla_eval_glass_41453.png'
27:32.381  render           | Saved: '/tmp/clearvla_eval_glass_41453.png'
27:32.789  render           | Saved: '/tmp/clearvla_eval_glass_41453.png'
27:33.127  render           | Saved: '/tmp/clearvla_eval_glass_41453.png'
27:33.530  render           | Saved: '/tmp/clearvla_eval_glass_41453.png'
27:33.863  render           | Saved: '/tmp/clearvla_eval_glass_41453.png'
27:34.270  render           | Saved: '/tmp/clearvla_eval_glass_41453.png'
27:34.605  render           | Saved: '/tmp/clearvla_eval_glass_41453.png'
27:35.008  render           | Saved: '/tmp/clearvla_eval_glass_41453.png'
27:35.352  render           | Saved: '/tmp/clearvla_eval_glass_41453.png'
27:35.759  render           | Saved: '/tmp/clearvla_eval_glass_41453.png'
27:36.098  render           | Saved: '/tmp/clearvla_eval_glass_41453.png'
27:36.504  render           | Saved: '/tmp/clearvla_eval_glass_41453.png'
27:36.849  render           | Saved: '/tmp/clearvla_eval_glass_41453.png'
27:37.276  render           | Saved: '/tmp/clearvla_eval_glass_41453.png'
27:37.629  render           | Saved: '/tmp/clearvla_eval_glass_41453.png'
27:38.056  render           | Saved: '/tmp/clearvla_eval_glass_41453.png'
27:38.391  render           | Saved: '/tmp/clearvla_eval_glass_41453.png'
27:38.811  render           | Saved: '/tmp/clearvla_eval_glass_41453.png'
27:39.151  render           | Saved: '/tmp/clearvla_eval_glass_41453.png'
27:39.569  render           | Saved: '/tmp/clearvla_eval_glass_41453.png'
27:39.915  render           | Saved: '/tmp/clearvla_eval_glass_41453.png'
27:40.316  render           | Saved: '/tmp/clearvla_eval_glass_41453.png'
27:40.654  render           | Saved: '/tmp/clearvla_eval_glass_41453.png'
27:41.061  render           | Saved: '/tmp/clearvla_eval_glass_41453.png'
27:41.414  render           | Saved: '/tmp/clearvla_eval_glass_41453.png'
27:41.814  render           | Saved: '/tmp/clearvla_eval_glass_41453.png'
27:42.155  render           | Saved: '/tmp/clearvla_eval_glass_41453.png'
27:42.553  render           | Saved: '/tmp/clearvla_eval_glass_41453.png'
27:42.883  render           | Saved: '/tmp/clearvla_eval_glass_41453.png'
27:43.295  render           | Saved: '/tmp/clearvla_eval_glass_41453.png'
27:43.633  render           | Saved: '/tmp/clearvla_eval_glass_41453.png'
27:44.042  render           | Saved: '/tmp/clearvla_eval_glass_41453.png'
27:44.380  render           | Saved: '/tmp/clearvla_eval_glass_41453.png'
27:44.795  render           | Saved: '/tmp/clearvla_eval_glass_41453.png'
27:45.129  render           | Saved: '/tmp/clearvla_eval_glass_41453.png'
27:45.531  render           | Saved: '/tmp/clearvla_eval_glass_41453.png'
27:45.874  render           | Saved: '/tmp/clearvla_eval_glass_41453.png'
27:46.288  render           | Saved: '/tmp/clearvla_eval_glass_41453.png'
27:46.635  render           | Saved: '/tmp/clearvla_eval_glass_41453.png'
27:47.049  render           | Saved: '/tmp/clearvla_eval_glass_41453.png'
27:47.400  render           | Saved: '/tmp/clearvla_eval_glass_41453.png'
27:47.827  render           | Saved: '/tmp/clearvla_eval_glass_41453.png'
27:48.175  render           | Saved: '/tmp/clearvla_eval_glass_41453.png'
[prune50/glass] pour: 7/30  (27.7 min, 28.6 s/ep)
27:48.984  render           | Saved: '/tmp/clearvla_eval_glass_41453.png'
27:49.339  render           | Saved: '/tmp/clearvla_eval_glass_41453.png'
27:49.765  render           | Saved: '/tmp/clearvla_eval_glass_41453.png'
27:50.123  render           | Saved: '/tmp/clearvla_eval_glass_41453.png'
27:50.542  render           | Saved: '/tmp/clearvla_eval_glass_41453.png'
27:50.899  render           | Saved: '/tmp/clearvla_eval_glass_41453.png'
27:51.321  render           | Saved: '/tmp/clearvla_eval_glass_41453.png'
27:51.669  render           | Saved: '/tmp/clearvla_eval_glass_41453.png'
27:52.077  render           | Saved: '/tmp/clearvla_eval_glass_41453.png'
27:52.413  render           | Saved: '/tmp/clearvla_eval_glass_41453.png'
27:52.838  render           | Saved: '/tmp/clearvla_eval_glass_41453.png'
27:53.190  render           | Saved: '/tmp/clearvla_eval_glass_41453.png'
27:53.596  render           | Saved: '/tmp/clearvla_eval_glass_41453.png'
27:53.932  render           | Saved: '/tmp/clearvla_eval_glass_41453.png'
27:54.332  render           | Saved: '/tmp/clearvla_eval_glass_41453.png'
27:54.666  render           | Saved: '/tmp/clearvla_eval_glass_41453.png'
27:55.074  render           | Saved: '/tmp/clearvla_eval_glass_41453.png'
27:55.409  render           | Saved: '/tmp/clearvla_eval_glass_41453.png'
27:55.811  render           | Saved: '/tmp/clearvla_eval_glass_41453.png'
27:56.142  render           | Saved: '/tmp/clearvla_eval_glass_41453.png'
27:56.545  render           | Saved: '/tmp/clearvla_eval_glass_41453.png'
27:56.888  render           | Saved: '/tmp/clearvla_eval_glass_41453.png'
27:57.289  render           | Saved: '/tmp/clearvla_eval_glass_41453.png'
27:57.631  render           | Saved: '/tmp/clearvla_eval_glass_41453.png'
27:58.038  render           | Saved: '/tmp/clearvla_eval_glass_41453.png'
27:58.375  render           | Saved: '/tmp/clearvla_eval_glass_41453.png'
27:58.791  render           | Saved: '/tmp/clearvla_eval_glass_41453.png'
27:59.132  render           | Saved: '/tmp/clearvla_eval_glass_41453.png'
27:59.550  render           | Saved: '/tmp/clearvla_eval_glass_41453.png'
27:59.891  render           | Saved: '/tmp/clearvla_eval_glass_41453.png'
28:00.293  render           | Saved: '/tmp/clearvla_eval_glass_41453.png'
28:00.627  render           | Saved: '/tmp/clearvla_eval_glass_41453.png'
28:01.042  render           | Saved: '/tmp/clearvla_eval_glass_41453.png'
28:01.371  render           | Saved: '/tmp/clearvla_eval_glass_41453.png'
28:01.779  render           | Saved: '/tmp/clearvla_eval_glass_41453.png'
28:02.115  render           | Saved: '/tmp/clearvla_eval_glass_41453.png'
28:02.522  render           | Saved: '/tmp/clearvla_eval_glass_41453.png'
28:02.855  render           | Saved: '/tmp/clearvla_eval_glass_41453.png'
28:03.262  render           | Saved: '/tmp/clearvla_eval_glass_41453.png'
28:03.595  render           | Saved: '/tmp/clearvla_eval_glass_41453.png'
28:03.998  render           | Saved: '/tmp/clearvla_eval_glass_41453.png'
28:04.335  render           | Saved: '/tmp/clearvla_eval_glass_41453.png'
28:04.740  render           | Saved: '/tmp/clearvla_eval_glass_41453.png'
28:05.078  render           | Saved: '/tmp/clearvla_eval_glass_41453.png'
28:05.481  render           | Saved: '/tmp/clearvla_eval_glass_41453.png'
28:05.815  render           | Saved: '/tmp/clearvla_eval_glass_41453.png'
28:06.244  render           | Saved: '/tmp/clearvla_eval_glass_41453.png'
28:06.599  render           | Saved: '/tmp/clearvla_eval_glass_41453.png'
28:07.013  render           | Saved: '/tmp/clearvla_eval_glass_41453.png'
28:07.358  render           | Saved: '/tmp/clearvla_eval_glass_41453.png'
28:07.777  render           | Saved: '/tmp/clearvla_eval_glass_41453.png'
28:08.122  render           | Saved: '/tmp/clearvla_eval_glass_41453.png'
28:08.537  render           | Saved: '/tmp/clearvla_eval_glass_41453.png'
28:08.876  render           | Saved: '/tmp/clearvla_eval_glass_41453.png'
28:09.286  render           | Saved: '/tmp/clearvla_eval_glass_41453.png'
28:09.626  render           | Saved: '/tmp/clearvla_eval_glass_41453.png'
28:10.029  render           | Saved: '/tmp/clearvla_eval_glass_41453.png'
28:10.360  render           | Saved: '/tmp/clearvla_eval_glass_41453.png'
28:10.782  render           | Saved: '/tmp/clearvla_eval_glass_41453.png'
28:11.130  render           | Saved: '/tmp/clearvla_eval_glass_41453.png'
28:11.557  render           | Saved: '/tmp/clearvla_eval_glass_41453.png'
28:11.899  render           | Saved: '/tmp/clearvla_eval_glass_41453.png'
28:12.301  render           | Saved: '/tmp/clearvla_eval_glass_41453.png'
28:12.645  render           | Saved: '/tmp/clearvla_eval_glass_41453.png'
28:13.051  render           | Saved: '/tmp/clearvla_eval_glass_41453.png'
28:13.391  render           | Saved: '/tmp/clearvla_eval_glass_41453.png'
28:13.803  render           | Saved: '/tmp/clearvla_eval_glass_41453.png'
28:14.138  render           | Saved: '/tmp/clearvla_eval_glass_41453.png'
28:14.551  render           | Saved: '/tmp/clearvla_eval_glass_41453.png'
28:14.893  render           | Saved: '/tmp/clearvla_eval_glass_41453.png'
28:15.305  render           | Saved: '/tmp/clearvla_eval_glass_41453.png'
28:15.646  render           | Saved: '/tmp/clearvla_eval_glass_41453.png'
28:16.053  render           | Saved: '/tmp/clearvla_eval_glass_41453.png'
28:16.393  render           | Saved: '/tmp/clearvla_eval_glass_41453.png'
28:16.789  render           | Saved: '/tmp/clearvla_eval_glass_41453.png'
28:17.137  render           | Saved: '/tmp/clearvla_eval_glass_41453.png'
28:17.945  render           | Saved: '/tmp/clearvla_eval_glass_41453.png'
28:18.279  render           | Saved: '/tmp/clearvla_eval_glass_41453.png'
28:18.693  render           | Saved: '/tmp/clearvla_eval_glass_41453.png'
28:19.023  render           | Saved: '/tmp/clearvla_eval_glass_41453.png'
28:19.423  render           | Saved: '/tmp/clearvla_eval_glass_41453.png'
28:19.753  render           | Saved: '/tmp/clearvla_eval_glass_41453.png'
28:20.170  render           | Saved: '/tmp/clearvla_eval_glass_41453.png'
28:20.505  render           | Saved: '/tmp/clearvla_eval_glass_41453.png'
28:20.907  render           | Saved: '/tmp/clearvla_eval_glass_41453.png'
28:21.244  render           | Saved: '/tmp/clearvla_eval_glass_41453.png'
28:21.648  render           | Saved: '/tmp/clearvla_eval_glass_41453.png'
28:21.985  render           | Saved: '/tmp/clearvla_eval_glass_41453.png'
28:22.400  render           | Saved: '/tmp/clearvla_eval_glass_41453.png'
28:22.792  render           | Saved: '/tmp/clearvla_eval_glass_41453.png'
28:23.196  render           | Saved: '/tmp/clearvla_eval_glass_41453.png'
28:23.568  render           | Saved: '/tmp/clearvla_eval_glass_41453.png'
28:23.976  render           | Saved: '/tmp/clearvla_eval_glass_41453.png'
28:24.347  render           | Saved: '/tmp/clearvla_eval_glass_41453.png'
28:24.771  render           | Saved: '/tmp/clearvla_eval_glass_41453.png'
28:25.123  render           | Saved: '/tmp/clearvla_eval_glass_41453.png'
28:25.534  render           | Saved: '/tmp/clearvla_eval_glass_41453.png'
28:25.883  render           | Saved: '/tmp/clearvla_eval_glass_41453.png'
28:26.303  render           | Saved: '/tmp/clearvla_eval_glass_41453.png'
28:26.644  render           | Saved: '/tmp/clearvla_eval_glass_41453.png'
28:27.050  render           | Saved: '/tmp/clearvla_eval_glass_41453.png'
28:27.392  render           | Saved: '/tmp/clearvla_eval_glass_41453.png'
28:27.803  render           | Saved: '/tmp/clearvla_eval_glass_41453.png'
28:28.140  render           | Saved: '/tmp/clearvla_eval_glass_41453.png'
28:28.550  render           | Saved: '/tmp/clearvla_eval_glass_41453.png'
28:28.891  render           | Saved: '/tmp/clearvla_eval_glass_41453.png'
28:29.301  render           | Saved: '/tmp/clearvla_eval_glass_41453.png'
28:29.641  render           | Saved: '/tmp/clearvla_eval_glass_41453.png'
28:30.051  render           | Saved: '/tmp/clearvla_eval_glass_41453.png'
28:30.387  render           | Saved: '/tmp/clearvla_eval_glass_41453.png'
28:30.799  render           | Saved: '/tmp/clearvla_eval_glass_41453.png'
28:31.135  render           | Saved: '/tmp/clearvla_eval_glass_41453.png'
28:31.548  render           | Saved: '/tmp/clearvla_eval_glass_41453.png'
28:31.887  render           | Saved: '/tmp/clearvla_eval_glass_41453.png'
28:32.299  render           | Saved: '/tmp/clearvla_eval_glass_41453.png'
28:32.634  render           | Saved: '/tmp/clearvla_eval_glass_41453.png'
28:33.045  render           | Saved: '/tmp/clearvla_eval_glass_41453.png'
28:33.384  render           | Saved: '/tmp/clearvla_eval_glass_41453.png'
28:33.812  render           | Saved: '/tmp/clearvla_eval_glass_41453.png'
28:34.155  render           | Saved: '/tmp/clearvla_eval_glass_41453.png'
28:34.966  render           | Saved: '/tmp/clearvla_eval_glass_41453.png'
28:35.308  render           | Saved: '/tmp/clearvla_eval_glass_41453.png'
28:35.727  render           | Saved: '/tmp/clearvla_eval_glass_41453.png'
28:36.074  render           | Saved: '/tmp/clearvla_eval_glass_41453.png'
28:36.501  render           | Saved: '/tmp/clearvla_eval_glass_41453.png'
28:36.849  render           | Saved: '/tmp/clearvla_eval_glass_41453.png'
28:37.290  render           | Saved: '/tmp/clearvla_eval_glass_41453.png'
28:37.644  render           | Saved: '/tmp/clearvla_eval_glass_41453.png'
28:38.087  render           | Saved: '/tmp/clearvla_eval_glass_41453.png'
28:38.436  render           | Saved: '/tmp/clearvla_eval_glass_41453.png'
28:38.908  render           | Saved: '/tmp/clearvla_eval_glass_41453.png'
28:39.282  render           | Saved: '/tmp/clearvla_eval_glass_41453.png'
28:39.696  render           | Saved: '/tmp/clearvla_eval_glass_41453.png'
28:40.073  render           | Saved: '/tmp/clearvla_eval_glass_41453.png'
28:40.494  render           | Saved: '/tmp/clearvla_eval_glass_41453.png'
28:40.900  render           | Saved: '/tmp/clearvla_eval_glass_41453.png'
28:41.306  render           | Saved: '/tmp/clearvla_eval_glass_41453.png'
28:41.672  render           | Saved: '/tmp/clearvla_eval_glass_41453.png'
28:42.083  render           | Saved: '/tmp/clearvla_eval_glass_41453.png'
28:42.448  render           | Saved: '/tmp/clearvla_eval_glass_41453.png'
28:42.865  render           | Saved: '/tmp/clearvla_eval_glass_41453.png'
28:43.218  render           | Saved: '/tmp/clearvla_eval_glass_41453.png'
28:43.639  render           | Saved: '/tmp/clearvla_eval_glass_41453.png'
28:43.986  render           | Saved: '/tmp/clearvla_eval_glass_41453.png'
28:44.407  render           | Saved: '/tmp/clearvla_eval_glass_41453.png'
28:44.748  render           | Saved: '/tmp/clearvla_eval_glass_41453.png'
28:45.161  render           | Saved: '/tmp/clearvla_eval_glass_41453.png'
28:45.499  render           | Saved: '/tmp/clearvla_eval_glass_41453.png'
28:45.913  render           | Saved: '/tmp/clearvla_eval_glass_41453.png'
28:46.254  render           | Saved: '/tmp/clearvla_eval_glass_41453.png'
28:46.661  render           | Saved: '/tmp/clearvla_eval_glass_41453.png'
28:46.997  render           | Saved: '/tmp/clearvla_eval_glass_41453.png'
28:47.407  render           | Saved: '/tmp/clearvla_eval_glass_41453.png'
28:47.754  render           | Saved: '/tmp/clearvla_eval_glass_41453.png'
28:48.164  render           | Saved: '/tmp/clearvla_eval_glass_41453.png'
28:48.508  render           | Saved: '/tmp/clearvla_eval_glass_41453.png'
28:48.921  render           | Saved: '/tmp/clearvla_eval_glass_41453.png'
28:49.281  render           | Saved: '/tmp/clearvla_eval_glass_41453.png'
28:49.688  render           | Saved: '/tmp/clearvla_eval_glass_41453.png'
28:50.024  render           | Saved: '/tmp/clearvla_eval_glass_41453.png'
28:50.439  render           | Saved: '/tmp/clearvla_eval_glass_41453.png'
28:50.796  render           | Saved: '/tmp/clearvla_eval_glass_41453.png'
28:51.214  render           | Saved: '/tmp/clearvla_eval_glass_41453.png'
28:51.576  render           | Saved: '/tmp/clearvla_eval_glass_41453.png'
28:52.002  render           | Saved: '/tmp/clearvla_eval_glass_41453.png'
28:52.359  render           | Saved: '/tmp/clearvla_eval_glass_41453.png'
28:52.794  render           | Saved: '/tmp/clearvla_eval_glass_41453.png'
28:53.168  render           | Saved: '/tmp/clearvla_eval_glass_41453.png'
28:53.623  render           | Saved: '/tmp/clearvla_eval_glass_41453.png'
28:53.976  render           | Saved: '/tmp/clearvla_eval_glass_41453.png'
28:54.439  render           | Saved: '/tmp/clearvla_eval_glass_41453.png'
28:54.819  render           | Saved: '/tmp/clearvla_eval_glass_41453.png'
28:55.236  render           | Saved: '/tmp/clearvla_eval_glass_41453.png'
28:55.623  render           | Saved: '/tmp/clearvla_eval_glass_41453.png'
28:56.041  render           | Saved: '/tmp/clearvla_eval_glass_41453.png'
28:56.438  render           | Saved: '/tmp/clearvla_eval_glass_41453.png'
28:56.855  render           | Saved: '/tmp/clearvla_eval_glass_41453.png'
28:57.220  render           | Saved: '/tmp/clearvla_eval_glass_41453.png'
28:57.637  render           | Saved: '/tmp/clearvla_eval_glass_41453.png'
28:57.982  render           | Saved: '/tmp/clearvla_eval_glass_41453.png'
28:58.394  render           | Saved: '/tmp/clearvla_eval_glass_41453.png'
28:58.745  render           | Saved: '/tmp/clearvla_eval_glass_41453.png'
28:59.161  render           | Saved: '/tmp/clearvla_eval_glass_41453.png'
28:59.515  render           | Saved: '/tmp/clearvla_eval_glass_41453.png'
28:59.946  render           | Saved: '/tmp/clearvla_eval_glass_41453.png'
29:00.296  render           | Saved: '/tmp/clearvla_eval_glass_41453.png'
29:00.724  render           | Saved: '/tmp/clearvla_eval_glass_41453.png'
29:01.056  render           | Saved: '/tmp/clearvla_eval_glass_41453.png'
29:01.473  render           | Saved: '/tmp/clearvla_eval_glass_41453.png'
29:01.820  render           | Saved: '/tmp/clearvla_eval_glass_41453.png'
29:02.248  render           | Saved: '/tmp/clearvla_eval_glass_41453.png'
29:02.596  render           | Saved: '/tmp/clearvla_eval_glass_41453.png'
29:03.007  render           | Saved: '/tmp/clearvla_eval_glass_41453.png'
29:03.348  render           | Saved: '/tmp/clearvla_eval_glass_41453.png'
29:03.752  render           | Saved: '/tmp/clearvla_eval_glass_41453.png'
29:04.095  render           | Saved: '/tmp/clearvla_eval_glass_41453.png'
29:04.903  render           | Saved: '/tmp/clearvla_eval_glass_41453.png'
29:05.235  render           | Saved: '/tmp/clearvla_eval_glass_41453.png'
29:05.670  render           | Saved: '/tmp/clearvla_eval_glass_41453.png'
29:06.022  render           | Saved: '/tmp/clearvla_eval_glass_41453.png'
29:06.435  render           | Saved: '/tmp/clearvla_eval_glass_41453.png'
29:06.794  render           | Saved: '/tmp/clearvla_eval_glass_41453.png'
29:07.218  render           | Saved: '/tmp/clearvla_eval_glass_41453.png'
29:07.572  render           | Saved: '/tmp/clearvla_eval_glass_41453.png'
29:07.997  render           | Saved: '/tmp/clearvla_eval_glass_41453.png'
29:08.335  render           | Saved: '/tmp/clearvla_eval_glass_41453.png'
29:08.751  render           | Saved: '/tmp/clearvla_eval_glass_41453.png'
29:09.089  render           | Saved: '/tmp/clearvla_eval_glass_41453.png'
29:09.497  render           | Saved: '/tmp/clearvla_eval_glass_41453.png'
29:09.831  render           | Saved: '/tmp/clearvla_eval_glass_41453.png'
29:10.240  render           | Saved: '/tmp/clearvla_eval_glass_41453.png'
29:10.573  render           | Saved: '/tmp/clearvla_eval_glass_41453.png'
29:10.981  render           | Saved: '/tmp/clearvla_eval_glass_41453.png'
29:11.319  render           | Saved: '/tmp/clearvla_eval_glass_41453.png'
29:11.744  render           | Saved: '/tmp/clearvla_eval_glass_41453.png'
29:12.080  render           | Saved: '/tmp/clearvla_eval_glass_41453.png'
29:12.489  render           | Saved: '/tmp/clearvla_eval_glass_41453.png'
29:12.829  render           | Saved: '/tmp/clearvla_eval_glass_41453.png'
29:13.244  render           | Saved: '/tmp/clearvla_eval_glass_41453.png'
29:13.587  render           | Saved: '/tmp/clearvla_eval_glass_41453.png'
29:13.997  render           | Saved: '/tmp/clearvla_eval_glass_41453.png'
29:14.339  render           | Saved: '/tmp/clearvla_eval_glass_41453.png'
29:14.753  render           | Saved: '/tmp/clearvla_eval_glass_41453.png'
29:15.092  render           | Saved: '/tmp/clearvla_eval_glass_41453.png'
29:15.500  render           | Saved: '/tmp/clearvla_eval_glass_41453.png'
29:15.839  render           | Saved: '/tmp/clearvla_eval_glass_41453.png'
29:16.245  render           | Saved: '/tmp/clearvla_eval_glass_41453.png'
29:16.581  render           | Saved: '/tmp/clearvla_eval_glass_41453.png'
29:16.993  render           | Saved: '/tmp/clearvla_eval_glass_41453.png'
29:17.332  render           | Saved: '/tmp/clearvla_eval_glass_41453.png'
29:17.742  render           | Saved: '/tmp/clearvla_eval_glass_41453.png'
29:18.074  render           | Saved: '/tmp/clearvla_eval_glass_41453.png'
29:18.483  render           | Saved: '/tmp/clearvla_eval_glass_41453.png'
29:18.816  render           | Saved: '/tmp/clearvla_eval_glass_41453.png'
29:19.236  render           | Saved: '/tmp/clearvla_eval_glass_41453.png'
29:19.571  render           | Saved: '/tmp/clearvla_eval_glass_41453.png'
29:20.001  render           | Saved: '/tmp/clearvla_eval_glass_41453.png'
29:20.343  render           | Saved: '/tmp/clearvla_eval_glass_41453.png'
29:20.756  render           | Saved: '/tmp/clearvla_eval_glass_41453.png'
29:21.095  render           | Saved: '/tmp/clearvla_eval_glass_41453.png'
29:21.514  render           | Saved: '/tmp/clearvla_eval_glass_41453.png'
29:21.853  render           | Saved: '/tmp/clearvla_eval_glass_41453.png'
29:22.269  render           | Saved: '/tmp/clearvla_eval_glass_41453.png'
29:22.606  render           | Saved: '/tmp/clearvla_eval_glass_41453.png'
29:23.019  render           | Saved: '/tmp/clearvla_eval_glass_41453.png'
29:23.354  render           | Saved: '/tmp/clearvla_eval_glass_41453.png'
29:23.763  render           | Saved: '/tmp/clearvla_eval_glass_41453.png'
29:24.101  render           | Saved: '/tmp/clearvla_eval_glass_41453.png'
29:24.515  render           | Saved: '/tmp/clearvla_eval_glass_41453.png'
29:24.850  render           | Saved: '/tmp/clearvla_eval_glass_41453.png'
29:25.261  render           | Saved: '/tmp/clearvla_eval_glass_41453.png'
29:25.595  render           | Saved: '/tmp/clearvla_eval_glass_41453.png'
29:26.014  render           | Saved: '/tmp/clearvla_eval_glass_41453.png'
29:26.347  render           | Saved: '/tmp/clearvla_eval_glass_41453.png'
29:26.766  render           | Saved: '/tmp/clearvla_eval_glass_41453.png'
29:27.111  render           | Saved: '/tmp/clearvla_eval_glass_41453.png'
29:27.531  render           | Saved: '/tmp/clearvla_eval_glass_41453.png'
29:27.877  render           | Saved: '/tmp/clearvla_eval_glass_41453.png'
29:28.293  render           | Saved: '/tmp/clearvla_eval_glass_41453.png'
29:28.636  render           | Saved: '/tmp/clearvla_eval_glass_41453.png'
29:29.042  render           | Saved: '/tmp/clearvla_eval_glass_41453.png'
29:29.375  render           | Saved: '/tmp/clearvla_eval_glass_41453.png'
29:29.787  render           | Saved: '/tmp/clearvla_eval_glass_41453.png'
29:30.125  render           | Saved: '/tmp/clearvla_eval_glass_41453.png'
29:30.544  render           | Saved: '/tmp/clearvla_eval_glass_41453.png'
29:30.885  render           | Saved: '/tmp/clearvla_eval_glass_41453.png'
29:31.300  render           | Saved: '/tmp/clearvla_eval_glass_41453.png'
29:31.640  render           | Saved: '/tmp/clearvla_eval_glass_41453.png'
29:32.056  render           | Saved: '/tmp/clearvla_eval_glass_41453.png'
29:32.394  render           | Saved: '/tmp/clearvla_eval_glass_41453.png'
29:32.813  render           | Saved: '/tmp/clearvla_eval_glass_41453.png'
29:33.160  render           | Saved: '/tmp/clearvla_eval_glass_41453.png'
29:33.981  render           | Saved: '/tmp/clearvla_eval_glass_41453.png'
29:34.314  render           | Saved: '/tmp/clearvla_eval_glass_41453.png'
29:34.735  render           | Saved: '/tmp/clearvla_eval_glass_41453.png'
29:35.069  render           | Saved: '/tmp/clearvla_eval_glass_41453.png'
29:35.475  render           | Saved: '/tmp/clearvla_eval_glass_41453.png'
29:35.806  render           | Saved: '/tmp/clearvla_eval_glass_41453.png'
29:36.205  render           | Saved: '/tmp/clearvla_eval_glass_41453.png'
29:36.541  render           | Saved: '/tmp/clearvla_eval_glass_41453.png'
29:36.959  render           | Saved: '/tmp/clearvla_eval_glass_41453.png'
29:37.331  render           | Saved: '/tmp/clearvla_eval_glass_41453.png'
29:37.734  render           | Saved: '/tmp/clearvla_eval_glass_41453.png'
29:38.107  render           | Saved: '/tmp/clearvla_eval_glass_41453.png'
29:38.515  render           | Saved: '/tmp/clearvla_eval_glass_41453.png'
29:38.885  render           | Saved: '/tmp/clearvla_eval_glass_41453.png'
29:39.299  render           | Saved: '/tmp/clearvla_eval_glass_41453.png'
29:39.643  render           | Saved: '/tmp/clearvla_eval_glass_41453.png'
29:40.065  render           | Saved: '/tmp/clearvla_eval_glass_41453.png'
29:40.413  render           | Saved: '/tmp/clearvla_eval_glass_41453.png'
29:40.825  render           | Saved: '/tmp/clearvla_eval_glass_41453.png'
29:41.176  render           | Saved: '/tmp/clearvla_eval_glass_41453.png'
29:41.597  render           | Saved: '/tmp/clearvla_eval_glass_41453.png'
29:41.945  render           | Saved: '/tmp/clearvla_eval_glass_41453.png'
29:42.367  render           | Saved: '/tmp/clearvla_eval_glass_41453.png'
29:42.719  render           | Saved: '/tmp/clearvla_eval_glass_41453.png'
29:43.127  render           | Saved: '/tmp/clearvla_eval_glass_41453.png'
29:43.475  render           | Saved: '/tmp/clearvla_eval_glass_41453.png'
29:43.901  render           | Saved: '/tmp/clearvla_eval_glass_41453.png'
29:44.247  render           | Saved: '/tmp/clearvla_eval_glass_41453.png'
29:44.660  render           | Saved: '/tmp/clearvla_eval_glass_41453.png'
29:45.019  render           | Saved: '/tmp/clearvla_eval_glass_41453.png'
29:45.430  render           | Saved: '/tmp/clearvla_eval_glass_41453.png'
29:45.776  render           | Saved: '/tmp/clearvla_eval_glass_41453.png'
29:46.187  render           | Saved: '/tmp/clearvla_eval_glass_41453.png'
29:46.538  render           | Saved: '/tmp/clearvla_eval_glass_41453.png'
29:46.966  render           | Saved: '/tmp/clearvla_eval_glass_41453.png'
29:47.317  render           | Saved: '/tmp/clearvla_eval_glass_41453.png'
29:47.752  render           | Saved: '/tmp/clearvla_eval_glass_41453.png'
29:48.096  render           | Saved: '/tmp/clearvla_eval_glass_41453.png'
29:48.507  render           | Saved: '/tmp/clearvla_eval_glass_41453.png'
29:48.858  render           | Saved: '/tmp/clearvla_eval_glass_41453.png'
29:49.270  render           | Saved: '/tmp/clearvla_eval_glass_41453.png'
29:49.620  render           | Saved: '/tmp/clearvla_eval_glass_41453.png'
29:50.040  render           | Saved: '/tmp/clearvla_eval_glass_41453.png'
29:50.396  render           | Saved: '/tmp/clearvla_eval_glass_41453.png'
29:50.807  render           | Saved: '/tmp/clearvla_eval_glass_41453.png'
29:51.162  render           | Saved: '/tmp/clearvla_eval_glass_41453.png'
29:51.580  render           | Saved: '/tmp/clearvla_eval_glass_41453.png'
29:51.921  render           | Saved: '/tmp/clearvla_eval_glass_41453.png'
29:52.349  render           | Saved: '/tmp/clearvla_eval_glass_41453.png'
29:52.703  render           | Saved: '/tmp/clearvla_eval_glass_41453.png'
29:53.117  render           | Saved: '/tmp/clearvla_eval_glass_41453.png'
29:53.466  render           | Saved: '/tmp/clearvla_eval_glass_41453.png'
29:53.866  render           | Saved: '/tmp/clearvla_eval_glass_41453.png'
29:54.201  render           | Saved: '/tmp/clearvla_eval_glass_41453.png'
29:54.607  render           | Saved: '/tmp/clearvla_eval_glass_41453.png'
29:54.947  render           | Saved: '/tmp/clearvla_eval_glass_41453.png'
29:55.353  render           | Saved: '/tmp/clearvla_eval_glass_41453.png'
29:55.693  render           | Saved: '/tmp/clearvla_eval_glass_41453.png'
29:56.099  render           | Saved: '/tmp/clearvla_eval_glass_41453.png'
29:56.437  render           | Saved: '/tmp/clearvla_eval_glass_41453.png'
29:56.837  render           | Saved: '/tmp/clearvla_eval_glass_41453.png'
29:57.178  render           | Saved: '/tmp/clearvla_eval_glass_41453.png'
29:57.583  render           | Saved: '/tmp/clearvla_eval_glass_41453.png'
29:57.921  render           | Saved: '/tmp/clearvla_eval_glass_41453.png'
29:58.328  render           | Saved: '/tmp/clearvla_eval_glass_41453.png'
29:58.681  render           | Saved: '/tmp/clearvla_eval_glass_41453.png'
29:59.086  render           | Saved: '/tmp/clearvla_eval_glass_41453.png'
29:59.424  render           | Saved: '/tmp/clearvla_eval_glass_41453.png'
29:59.835  render           | Saved: '/tmp/clearvla_eval_glass_41453.png'
30:00.173  render           | Saved: '/tmp/clearvla_eval_glass_41453.png'
30:00.588  render           | Saved: '/tmp/clearvla_eval_glass_41453.png'
30:00.923  render           | Saved: '/tmp/clearvla_eval_glass_41453.png'
30:01.341  render           | Saved: '/tmp/clearvla_eval_glass_41453.png'
30:01.681  render           | Saved: '/tmp/clearvla_eval_glass_41453.png'
30:02.089  render           | Saved: '/tmp/clearvla_eval_glass_41453.png'
30:02.424  render           | Saved: '/tmp/clearvla_eval_glass_41453.png'
30:03.249  render           | Saved: '/tmp/clearvla_eval_glass_41453.png'
30:03.585  render           | Saved: '/tmp/clearvla_eval_glass_41453.png'
30:04.010  render           | Saved: '/tmp/clearvla_eval_glass_41453.png'
30:04.351  render           | Saved: '/tmp/clearvla_eval_glass_41453.png'
30:04.751  render           | Saved: '/tmp/clearvla_eval_glass_41453.png'
30:05.090  render           | Saved: '/tmp/clearvla_eval_glass_41453.png'
30:05.499  render           | Saved: '/tmp/clearvla_eval_glass_41453.png'
30:05.840  render           | Saved: '/tmp/clearvla_eval_glass_41453.png'
30:06.255  render           | Saved: '/tmp/clearvla_eval_glass_41453.png'
30:06.597  render           | Saved: '/tmp/clearvla_eval_glass_41453.png'
30:07.007  render           | Saved: '/tmp/clearvla_eval_glass_41453.png'
30:07.359  render           | Saved: '/tmp/clearvla_eval_glass_41453.png'
30:07.776  render           | Saved: '/tmp/clearvla_eval_glass_41453.png'
30:08.118  render           | Saved: '/tmp/clearvla_eval_glass_41453.png'
30:08.530  render           | Saved: '/tmp/clearvla_eval_glass_41453.png'
30:08.869  render           | Saved: '/tmp/clearvla_eval_glass_41453.png'
30:09.282  render           | Saved: '/tmp/clearvla_eval_glass_41453.png'
30:09.621  render           | Saved: '/tmp/clearvla_eval_glass_41453.png'
30:10.035  render           | Saved: '/tmp/clearvla_eval_glass_41453.png'
30:10.380  render           | Saved: '/tmp/clearvla_eval_glass_41453.png'
30:10.796  render           | Saved: '/tmp/clearvla_eval_glass_41453.png'
30:11.145  render           | Saved: '/tmp/clearvla_eval_glass_41453.png'
30:11.561  render           | Saved: '/tmp/clearvla_eval_glass_41453.png'
30:11.905  render           | Saved: '/tmp/clearvla_eval_glass_41453.png'
30:12.330  render           | Saved: '/tmp/clearvla_eval_glass_41453.png'
30:12.683  render           | Saved: '/tmp/clearvla_eval_glass_41453.png'
30:13.097  render           | Saved: '/tmp/clearvla_eval_glass_41453.png'
30:13.447  render           | Saved: '/tmp/clearvla_eval_glass_41453.png'
30:13.872  render           | Saved: '/tmp/clearvla_eval_glass_41453.png'
30:14.216  render           | Saved: '/tmp/clearvla_eval_glass_41453.png'
30:14.623  render           | Saved: '/tmp/clearvla_eval_glass_41453.png'
30:14.966  render           | Saved: '/tmp/clearvla_eval_glass_41453.png'
30:15.377  render           | Saved: '/tmp/clearvla_eval_glass_41453.png'
30:15.717  render           | Saved: '/tmp/clearvla_eval_glass_41453.png'
30:16.135  render           | Saved: '/tmp/clearvla_eval_glass_41453.png'
30:16.476  render           | Saved: '/tmp/clearvla_eval_glass_41453.png'
30:16.885  render           | Saved: '/tmp/clearvla_eval_glass_41453.png'
30:17.226  render           | Saved: '/tmp/clearvla_eval_glass_41453.png'
30:17.637  render           | Saved: '/tmp/clearvla_eval_glass_41453.png'
30:17.981  render           | Saved: '/tmp/clearvla_eval_glass_41453.png'
30:18.384  render           | Saved: '/tmp/clearvla_eval_glass_41453.png'
30:18.724  render           | Saved: '/tmp/clearvla_eval_glass_41453.png'
30:19.130  render           | Saved: '/tmp/clearvla_eval_glass_41453.png'
30:19.468  render           | Saved: '/tmp/clearvla_eval_glass_41453.png'
30:19.875  render           | Saved: '/tmp/clearvla_eval_glass_41453.png'
30:20.215  render           | Saved: '/tmp/clearvla_eval_glass_41453.png'
30:20.618  render           | Saved: '/tmp/clearvla_eval_glass_41453.png'
30:20.956  render           | Saved: '/tmp/clearvla_eval_glass_41453.png'
30:21.360  render           | Saved: '/tmp/clearvla_eval_glass_41453.png'
30:21.700  render           | Saved: '/tmp/clearvla_eval_glass_41453.png'
30:22.127  render           | Saved: '/tmp/clearvla_eval_glass_41453.png'
30:22.479  render           | Saved: '/tmp/clearvla_eval_glass_41453.png'
30:22.909  render           | Saved: '/tmp/clearvla_eval_glass_41453.png'
30:23.264  render           | Saved: '/tmp/clearvla_eval_glass_41453.png'
30:23.687  render           | Saved: '/tmp/clearvla_eval_glass_41453.png'
30:24.040  render           | Saved: '/tmp/clearvla_eval_glass_41453.png'
30:24.463  render           | Saved: '/tmp/clearvla_eval_glass_41453.png'
30:24.802  render           | Saved: '/tmp/clearvla_eval_glass_41453.png'
30:25.209  render           | Saved: '/tmp/clearvla_eval_glass_41453.png'
30:25.546  render           | Saved: '/tmp/clearvla_eval_glass_41453.png'
30:25.968  render           | Saved: '/tmp/clearvla_eval_glass_41453.png'
30:26.303  render           | Saved: '/tmp/clearvla_eval_glass_41453.png'
30:26.702  render           | Saved: '/tmp/clearvla_eval_glass_41453.png'
30:27.037  render           | Saved: '/tmp/clearvla_eval_glass_41453.png'
30:27.441  render           | Saved: '/tmp/clearvla_eval_glass_41453.png'
30:27.776  render           | Saved: '/tmp/clearvla_eval_glass_41453.png'
30:28.174  render           | Saved: '/tmp/clearvla_eval_glass_41453.png'
30:28.509  render           | Saved: '/tmp/clearvla_eval_glass_41453.png'
30:28.907  render           | Saved: '/tmp/clearvla_eval_glass_41453.png'
30:29.245  render           | Saved: '/tmp/clearvla_eval_glass_41453.png'
30:29.651  render           | Saved: '/tmp/clearvla_eval_glass_41453.png'
30:29.986  render           | Saved: '/tmp/clearvla_eval_glass_41453.png'
30:30.386  render           | Saved: '/tmp/clearvla_eval_glass_41453.png'
30:30.725  render           | Saved: '/tmp/clearvla_eval_glass_41453.png'
30:31.127  render           | Saved: '/tmp/clearvla_eval_glass_41453.png'
30:31.467  render           | Saved: '/tmp/clearvla_eval_glass_41453.png'
30:32.285  render           | Saved: '/tmp/clearvla_eval_glass_41453.png'
30:32.615  render           | Saved: '/tmp/clearvla_eval_glass_41453.png'
30:33.025  render           | Saved: '/tmp/clearvla_eval_glass_41453.png'
30:33.358  render           | Saved: '/tmp/clearvla_eval_glass_41453.png'
30:33.762  render           | Saved: '/tmp/clearvla_eval_glass_41453.png'
30:34.095  render           | Saved: '/tmp/clearvla_eval_glass_41453.png'
30:34.504  render           | Saved: '/tmp/clearvla_eval_glass_41453.png'
30:34.842  render           | Saved: '/tmp/clearvla_eval_glass_41453.png'
30:35.273  render           | Saved: '/tmp/clearvla_eval_glass_41453.png'
30:35.613  render           | Saved: '/tmp/clearvla_eval_glass_41453.png'
30:36.027  render           | Saved: '/tmp/clearvla_eval_glass_41453.png'
30:36.367  render           | Saved: '/tmp/clearvla_eval_glass_41453.png'
30:36.787  render           | Saved: '/tmp/clearvla_eval_glass_41453.png'
30:37.121  render           | Saved: '/tmp/clearvla_eval_glass_41453.png'
30:37.530  render           | Saved: '/tmp/clearvla_eval_glass_41453.png'
30:37.863  render           | Saved: '/tmp/clearvla_eval_glass_41453.png'
30:38.279  render           | Saved: '/tmp/clearvla_eval_glass_41453.png'
30:38.612  render           | Saved: '/tmp/clearvla_eval_glass_41453.png'
30:39.019  render           | Saved: '/tmp/clearvla_eval_glass_41453.png'
30:39.359  render           | Saved: '/tmp/clearvla_eval_glass_41453.png'
30:39.768  render           | Saved: '/tmp/clearvla_eval_glass_41453.png'
30:40.105  render           | Saved: '/tmp/clearvla_eval_glass_41453.png'
30:40.515  render           | Saved: '/tmp/clearvla_eval_glass_41453.png'
30:40.856  render           | Saved: '/tmp/clearvla_eval_glass_41453.png'
30:41.261  render           | Saved: '/tmp/clearvla_eval_glass_41453.png'
30:41.603  render           | Saved: '/tmp/clearvla_eval_glass_41453.png'
30:42.014  render           | Saved: '/tmp/clearvla_eval_glass_41453.png'
30:42.358  render           | Saved: '/tmp/clearvla_eval_glass_41453.png'
30:42.764  render           | Saved: '/tmp/clearvla_eval_glass_41453.png'
30:43.106  render           | Saved: '/tmp/clearvla_eval_glass_41453.png'
30:43.520  render           | Saved: '/tmp/clearvla_eval_glass_41453.png'
30:43.866  render           | Saved: '/tmp/clearvla_eval_glass_41453.png'
30:44.272  render           | Saved: '/tmp/clearvla_eval_glass_41453.png'
30:44.609  render           | Saved: '/tmp/clearvla_eval_glass_41453.png'
30:45.019  render           | Saved: '/tmp/clearvla_eval_glass_41453.png'
30:45.371  render           | Saved: '/tmp/clearvla_eval_glass_41453.png'
30:45.785  render           | Saved: '/tmp/clearvla_eval_glass_41453.png'
30:46.128  render           | Saved: '/tmp/clearvla_eval_glass_41453.png'
30:46.539  render           | Saved: '/tmp/clearvla_eval_glass_41453.png'
30:46.891  render           | Saved: '/tmp/clearvla_eval_glass_41453.png'
30:47.326  render           | Saved: '/tmp/clearvla_eval_glass_41453.png'
30:47.672  render           | Saved: '/tmp/clearvla_eval_glass_41453.png'
30:48.091  render           | Saved: '/tmp/clearvla_eval_glass_41453.png'
30:48.448  render           | Saved: '/tmp/clearvla_eval_glass_41453.png'
30:48.879  render           | Saved: '/tmp/clearvla_eval_glass_41453.png'
30:49.251  render           | Saved: '/tmp/clearvla_eval_glass_41453.png'
30:49.706  render           | Saved: '/tmp/clearvla_eval_glass_41453.png'
30:50.097  render           | Saved: '/tmp/clearvla_eval_glass_41453.png'
30:50.538  render           | Saved: '/tmp/clearvla_eval_glass_41453.png'
30:50.887  render           | Saved: '/tmp/clearvla_eval_glass_41453.png'
30:51.309  render           | Saved: '/tmp/clearvla_eval_glass_41453.png'
30:51.702  render           | Saved: '/tmp/clearvla_eval_glass_41453.png'
30:52.115  render           | Saved: '/tmp/clearvla_eval_glass_41453.png'
30:52.499  render           | Saved: '/tmp/clearvla_eval_glass_41453.png'
30:52.908  render           | Saved: '/tmp/clearvla_eval_glass_41453.png'
30:53.270  render           | Saved: '/tmp/clearvla_eval_glass_41453.png'
30:53.707  render           | Saved: '/tmp/clearvla_eval_glass_41453.png'
30:54.101  render           | Saved: '/tmp/clearvla_eval_glass_41453.png'
30:54.524  render           | Saved: '/tmp/clearvla_eval_glass_41453.png'
30:54.895  render           | Saved: '/tmp/clearvla_eval_glass_41453.png'
30:55.315  render           | Saved: '/tmp/clearvla_eval_glass_41453.png'
30:55.687  render           | Saved: '/tmp/clearvla_eval_glass_41453.png'
30:56.110  render           | Saved: '/tmp/clearvla_eval_glass_41453.png'
30:56.475  render           | Saved: '/tmp/clearvla_eval_glass_41453.png'
30:56.932  render           | Saved: '/tmp/clearvla_eval_glass_41453.png'
30:57.320  render           | Saved: '/tmp/clearvla_eval_glass_41453.png'
30:57.762  render           | Saved: '/tmp/clearvla_eval_glass_41453.png'
30:58.110  render           | Saved: '/tmp/clearvla_eval_glass_41453.png'
30:58.530  render           | Saved: '/tmp/clearvla_eval_glass_41453.png'
30:58.883  render           | Saved: '/tmp/clearvla_eval_glass_41453.png'
30:59.307  render           | Saved: '/tmp/clearvla_eval_glass_41453.png'
30:59.668  render           | Saved: '/tmp/clearvla_eval_glass_41453.png'
31:00.083  render           | Saved: '/tmp/clearvla_eval_glass_41453.png'
31:00.429  render           | Saved: '/tmp/clearvla_eval_glass_41453.png'
31:00.843  render           | Saved: '/tmp/clearvla_eval_glass_41453.png'
31:01.185  render           | Saved: '/tmp/clearvla_eval_glass_41453.png'
31:01.997  render           | Saved: '/tmp/clearvla_eval_glass_41453.png'
31:02.343  render           | Saved: '/tmp/clearvla_eval_glass_41453.png'
31:02.766  render           | Saved: '/tmp/clearvla_eval_glass_41453.png'
31:03.108  render           | Saved: '/tmp/clearvla_eval_glass_41453.png'
31:03.527  render           | Saved: '/tmp/clearvla_eval_glass_41453.png'
31:03.867  render           | Saved: '/tmp/clearvla_eval_glass_41453.png'
31:04.278  render           | Saved: '/tmp/clearvla_eval_glass_41453.png'
31:04.621  render           | Saved: '/tmp/clearvla_eval_glass_41453.png'
31:05.026  render           | Saved: '/tmp/clearvla_eval_glass_41453.png'
31:05.368  render           | Saved: '/tmp/clearvla_eval_glass_41453.png'
31:05.781  render           | Saved: '/tmp/clearvla_eval_glass_41453.png'
31:06.120  render           | Saved: '/tmp/clearvla_eval_glass_41453.png'
31:06.525  render           | Saved: '/tmp/clearvla_eval_glass_41453.png'
31:06.864  render           | Saved: '/tmp/clearvla_eval_glass_41453.png'
31:07.279  render           | Saved: '/tmp/clearvla_eval_glass_41453.png'
31:07.623  render           | Saved: '/tmp/clearvla_eval_glass_41453.png'
31:08.035  render           | Saved: '/tmp/clearvla_eval_glass_41453.png'
31:08.384  render           | Saved: '/tmp/clearvla_eval_glass_41453.png'
31:08.796  render           | Saved: '/tmp/clearvla_eval_glass_41453.png'
31:09.145  render           | Saved: '/tmp/clearvla_eval_glass_41453.png'
31:09.560  render           | Saved: '/tmp/clearvla_eval_glass_41453.png'
31:09.909  render           | Saved: '/tmp/clearvla_eval_glass_41453.png'
31:10.316  render           | Saved: '/tmp/clearvla_eval_glass_41453.png'
31:10.666  render           | Saved: '/tmp/clearvla_eval_glass_41453.png'
31:11.084  render           | Saved: '/tmp/clearvla_eval_glass_41453.png'
31:11.436  render           | Saved: '/tmp/clearvla_eval_glass_41453.png'
31:11.843  render           | Saved: '/tmp/clearvla_eval_glass_41453.png'
31:12.207  render           | Saved: '/tmp/clearvla_eval_glass_41453.png'
31:12.611  render           | Saved: '/tmp/clearvla_eval_glass_41453.png'
31:12.977  render           | Saved: '/tmp/clearvla_eval_glass_41453.png'
31:13.392  render           | Saved: '/tmp/clearvla_eval_glass_41453.png'
31:13.754  render           | Saved: '/tmp/clearvla_eval_glass_41453.png'
31:14.162  render           | Saved: '/tmp/clearvla_eval_glass_41453.png'
31:14.513  render           | Saved: '/tmp/clearvla_eval_glass_41453.png'
31:14.919  render           | Saved: '/tmp/clearvla_eval_glass_41453.png'
31:15.270  render           | Saved: '/tmp/clearvla_eval_glass_41453.png'
31:15.675  render           | Saved: '/tmp/clearvla_eval_glass_41453.png'
31:16.034  render           | Saved: '/tmp/clearvla_eval_glass_41453.png'
31:16.449  render           | Saved: '/tmp/clearvla_eval_glass_41453.png'
31:16.800  render           | Saved: '/tmp/clearvla_eval_glass_41453.png'
31:17.211  render           | Saved: '/tmp/clearvla_eval_glass_41453.png'
31:17.559  render           | Saved: '/tmp/clearvla_eval_glass_41453.png'
31:17.967  render           | Saved: '/tmp/clearvla_eval_glass_41453.png'
31:18.327  render           | Saved: '/tmp/clearvla_eval_glass_41453.png'
31:18.731  render           | Saved: '/tmp/clearvla_eval_glass_41453.png'
31:19.088  render           | Saved: '/tmp/clearvla_eval_glass_41453.png'
31:19.495  render           | Saved: '/tmp/clearvla_eval_glass_41453.png'
31:19.855  render           | Saved: '/tmp/clearvla_eval_glass_41453.png'
31:20.268  render           | Saved: '/tmp/clearvla_eval_glass_41453.png'
31:20.616  render           | Saved: '/tmp/clearvla_eval_glass_41453.png'
31:21.029  render           | Saved: '/tmp/clearvla_eval_glass_41453.png'
31:21.370  render           | Saved: '/tmp/clearvla_eval_glass_41453.png'
31:21.777  render           | Saved: '/tmp/clearvla_eval_glass_41453.png'
31:22.117  render           | Saved: '/tmp/clearvla_eval_glass_41453.png'
31:22.518  render           | Saved: '/tmp/clearvla_eval_glass_41453.png'
31:22.856  render           | Saved: '/tmp/clearvla_eval_glass_41453.png'
31:23.256  render           | Saved: '/tmp/clearvla_eval_glass_41453.png'
31:23.597  render           | Saved: '/tmp/clearvla_eval_glass_41453.png'
31:24.000  render           | Saved: '/tmp/clearvla_eval_glass_41453.png'
31:24.341  render           | Saved: '/tmp/clearvla_eval_glass_41453.png'
31:24.744  render           | Saved: '/tmp/clearvla_eval_glass_41453.png'
31:25.072  render           | Saved: '/tmp/clearvla_eval_glass_41453.png'
31:25.472  render           | Saved: '/tmp/clearvla_eval_glass_41453.png'
31:25.812  render           | Saved: '/tmp/clearvla_eval_glass_41453.png'
31:26.218  render           | Saved: '/tmp/clearvla_eval_glass_41453.png'
31:26.559  render           | Saved: '/tmp/clearvla_eval_glass_41453.png'
31:26.957  render           | Saved: '/tmp/clearvla_eval_glass_41453.png'
31:27.290  render           | Saved: '/tmp/clearvla_eval_glass_41453.png'
31:27.690  render           | Saved: '/tmp/clearvla_eval_glass_41453.png'
31:28.026  render           | Saved: '/tmp/clearvla_eval_glass_41453.png'
31:28.427  render           | Saved: '/tmp/clearvla_eval_glass_41453.png'
31:28.765  render           | Saved: '/tmp/clearvla_eval_glass_41453.png'
31:29.162  render           | Saved: '/tmp/clearvla_eval_glass_41453.png'
31:29.503  render           | Saved: '/tmp/clearvla_eval_glass_41453.png'
31:29.903  render           | Saved: '/tmp/clearvla_eval_glass_41453.png'
31:30.246  render           | Saved: '/tmp/clearvla_eval_glass_41453.png'
31:31.067  render           | Saved: '/tmp/clearvla_eval_glass_41453.png'
31:31.394  render           | Saved: '/tmp/clearvla_eval_glass_41453.png'
31:31.807  render           | Saved: '/tmp/clearvla_eval_glass_41453.png'
31:32.138  render           | Saved: '/tmp/clearvla_eval_glass_41453.png'
31:32.551  render           | Saved: '/tmp/clearvla_eval_glass_41453.png'
31:32.892  render           | Saved: '/tmp/clearvla_eval_glass_41453.png'
31:33.300  render           | Saved: '/tmp/clearvla_eval_glass_41453.png'
31:33.648  render           | Saved: '/tmp/clearvla_eval_glass_41453.png'
31:34.063  render           | Saved: '/tmp/clearvla_eval_glass_41453.png'
31:34.403  render           | Saved: '/tmp/clearvla_eval_glass_41453.png'
31:34.816  render           | Saved: '/tmp/clearvla_eval_glass_41453.png'
31:35.154  render           | Saved: '/tmp/clearvla_eval_glass_41453.png'
31:35.569  render           | Saved: '/tmp/clearvla_eval_glass_41453.png'
31:35.909  render           | Saved: '/tmp/clearvla_eval_glass_41453.png'
31:36.323  render           | Saved: '/tmp/clearvla_eval_glass_41453.png'
31:36.656  render           | Saved: '/tmp/clearvla_eval_glass_41453.png'
31:37.081  render           | Saved: '/tmp/clearvla_eval_glass_41453.png'
31:37.417  render           | Saved: '/tmp/clearvla_eval_glass_41453.png'
31:37.828  render           | Saved: '/tmp/clearvla_eval_glass_41453.png'
31:38.183  render           | Saved: '/tmp/clearvla_eval_glass_41453.png'
31:38.586  render           | Saved: '/tmp/clearvla_eval_glass_41453.png'
31:38.935  render           | Saved: '/tmp/clearvla_eval_glass_41453.png'
31:39.343  render           | Saved: '/tmp/clearvla_eval_glass_41453.png'
31:39.696  render           | Saved: '/tmp/clearvla_eval_glass_41453.png'
31:40.119  render           | Saved: '/tmp/clearvla_eval_glass_41453.png'
31:40.464  render           | Saved: '/tmp/clearvla_eval_glass_41453.png'
31:40.874  render           | Saved: '/tmp/clearvla_eval_glass_41453.png'
31:41.209  render           | Saved: '/tmp/clearvla_eval_glass_41453.png'
31:41.623  render           | Saved: '/tmp/clearvla_eval_glass_41453.png'
31:41.963  render           | Saved: '/tmp/clearvla_eval_glass_41453.png'
31:42.372  render           | Saved: '/tmp/clearvla_eval_glass_41453.png'
31:42.707  render           | Saved: '/tmp/clearvla_eval_glass_41453.png'
31:43.125  render           | Saved: '/tmp/clearvla_eval_glass_41453.png'
31:43.462  render           | Saved: '/tmp/clearvla_eval_glass_41453.png'
31:43.875  render           | Saved: '/tmp/clearvla_eval_glass_41453.png'
31:44.211  render           | Saved: '/tmp/clearvla_eval_glass_41453.png'
31:44.625  render           | Saved: '/tmp/clearvla_eval_glass_41453.png'
31:44.965  render           | Saved: '/tmp/clearvla_eval_glass_41453.png'
31:45.379  render           | Saved: '/tmp/clearvla_eval_glass_41453.png'
31:45.716  render           | Saved: '/tmp/clearvla_eval_glass_41453.png'
31:46.146  render           | Saved: '/tmp/clearvla_eval_glass_41453.png'
31:46.476  render           | Saved: '/tmp/clearvla_eval_glass_41453.png'
31:46.898  render           | Saved: '/tmp/clearvla_eval_glass_41453.png'
31:47.235  render           | Saved: '/tmp/clearvla_eval_glass_41453.png'
31:47.652  render           | Saved: '/tmp/clearvla_eval_glass_41453.png'
31:47.989  render           | Saved: '/tmp/clearvla_eval_glass_41453.png'
31:48.395  render           | Saved: '/tmp/clearvla_eval_glass_41453.png'
31:48.728  render           | Saved: '/tmp/clearvla_eval_glass_41453.png'
31:49.141  render           | Saved: '/tmp/clearvla_eval_glass_41453.png'
31:49.499  render           | Saved: '/tmp/clearvla_eval_glass_41453.png'
31:49.905  render           | Saved: '/tmp/clearvla_eval_glass_41453.png'
31:50.236  render           | Saved: '/tmp/clearvla_eval_glass_41453.png'
31:50.639  render           | Saved: '/tmp/clearvla_eval_glass_41453.png'
31:50.970  render           | Saved: '/tmp/clearvla_eval_glass_41453.png'
31:51.377  render           | Saved: '/tmp/clearvla_eval_glass_41453.png'
31:51.723  render           | Saved: '/tmp/clearvla_eval_glass_41453.png'
31:52.128  render           | Saved: '/tmp/clearvla_eval_glass_41453.png'
31:52.460  render           | Saved: '/tmp/clearvla_eval_glass_41453.png'
31:52.869  render           | Saved: '/tmp/clearvla_eval_glass_41453.png'
31:53.196  render           | Saved: '/tmp/clearvla_eval_glass_41453.png'
31:53.602  render           | Saved: '/tmp/clearvla_eval_glass_41453.png'
31:53.932  render           | Saved: '/tmp/clearvla_eval_glass_41453.png'
31:54.340  render           | Saved: '/tmp/clearvla_eval_glass_41453.png'
31:54.665  render           | Saved: '/tmp/clearvla_eval_glass_41453.png'
31:55.068  render           | Saved: '/tmp/clearvla_eval_glass_41453.png'
31:55.403  render           | Saved: '/tmp/clearvla_eval_glass_41453.png'
31:55.806  render           | Saved: '/tmp/clearvla_eval_glass_41453.png'
31:56.135  render           | Saved: '/tmp/clearvla_eval_glass_41453.png'
31:56.541  render           | Saved: '/tmp/clearvla_eval_glass_41453.png'
31:56.870  render           | Saved: '/tmp/clearvla_eval_glass_41453.png'
31:57.281  render           | Saved: '/tmp/clearvla_eval_glass_41453.png'
31:57.612  render           | Saved: '/tmp/clearvla_eval_glass_41453.png'
31:58.019  render           | Saved: '/tmp/clearvla_eval_glass_41453.png'
31:58.354  render           | Saved: '/tmp/clearvla_eval_glass_41453.png'
31:58.761  render           | Saved: '/tmp/clearvla_eval_glass_41453.png'
31:59.088  render           | Saved: '/tmp/clearvla_eval_glass_41453.png'
31:59.891  render           | Saved: '/tmp/clearvla_eval_glass_41453.png'
32:00.239  render           | Saved: '/tmp/clearvla_eval_glass_41453.png'
32:00.671  render           | Saved: '/tmp/clearvla_eval_glass_41453.png'
32:01.022  render           | Saved: '/tmp/clearvla_eval_glass_41453.png'
32:01.434  render           | Saved: '/tmp/clearvla_eval_glass_41453.png'
32:01.789  render           | Saved: '/tmp/clearvla_eval_glass_41453.png'
32:02.202  render           | Saved: '/tmp/clearvla_eval_glass_41453.png'
32:02.548  render           | Saved: '/tmp/clearvla_eval_glass_41453.png'
32:02.945  render           | Saved: '/tmp/clearvla_eval_glass_41453.png'
32:03.314  render           | Saved: '/tmp/clearvla_eval_glass_41453.png'
32:03.714  render           | Saved: '/tmp/clearvla_eval_glass_41453.png'
32:04.073  render           | Saved: '/tmp/clearvla_eval_glass_41453.png'
32:04.473  render           | Saved: '/tmp/clearvla_eval_glass_41453.png'
32:04.883  render           | Saved: '/tmp/clearvla_eval_glass_41453.png'
32:05.288  render           | Saved: '/tmp/clearvla_eval_glass_41453.png'
32:05.696  render           | Saved: '/tmp/clearvla_eval_glass_41453.png'
32:06.104  render           | Saved: '/tmp/clearvla_eval_glass_41453.png'
32:06.471  render           | Saved: '/tmp/clearvla_eval_glass_41453.png'
32:06.878  render           | Saved: '/tmp/clearvla_eval_glass_41453.png'
32:07.246  render           | Saved: '/tmp/clearvla_eval_glass_41453.png'
32:07.650  render           | Saved: '/tmp/clearvla_eval_glass_41453.png'
32:08.005  render           | Saved: '/tmp/clearvla_eval_glass_41453.png'
32:08.410  render           | Saved: '/tmp/clearvla_eval_glass_41453.png'
32:08.785  render           | Saved: '/tmp/clearvla_eval_glass_41453.png'
32:09.212  render           | Saved: '/tmp/clearvla_eval_glass_41453.png'
32:09.562  render           | Saved: '/tmp/clearvla_eval_glass_41453.png'
32:09.979  render           | Saved: '/tmp/clearvla_eval_glass_41453.png'
32:10.331  render           | Saved: '/tmp/clearvla_eval_glass_41453.png'
32:10.757  render           | Saved: '/tmp/clearvla_eval_glass_41453.png'
32:11.111  render           | Saved: '/tmp/clearvla_eval_glass_41453.png'
32:11.521  render           | Saved: '/tmp/clearvla_eval_glass_41453.png'
32:11.869  render           | Saved: '/tmp/clearvla_eval_glass_41453.png'
32:12.270  render           | Saved: '/tmp/clearvla_eval_glass_41453.png'
32:12.611  render           | Saved: '/tmp/clearvla_eval_glass_41453.png'
32:13.020  render           | Saved: '/tmp/clearvla_eval_glass_41453.png'
32:13.375  render           | Saved: '/tmp/clearvla_eval_glass_41453.png'
32:13.771  render           | Saved: '/tmp/clearvla_eval_glass_41453.png'
32:14.135  render           | Saved: '/tmp/clearvla_eval_glass_41453.png'
32:14.541  render           | Saved: '/tmp/clearvla_eval_glass_41453.png'
32:14.912  render           | Saved: '/tmp/clearvla_eval_glass_41453.png'
32:15.326  render           | Saved: '/tmp/clearvla_eval_glass_41453.png'
32:15.709  render           | Saved: '/tmp/clearvla_eval_glass_41453.png'
32:16.133  render           | Saved: '/tmp/clearvla_eval_glass_41453.png'
32:16.548  render           | Saved: '/tmp/clearvla_eval_glass_41453.png'
32:16.959  render           | Saved: '/tmp/clearvla_eval_glass_41453.png'
32:17.334  render           | Saved: '/tmp/clearvla_eval_glass_41453.png'
32:17.745  render           | Saved: '/tmp/clearvla_eval_glass_41453.png'
32:18.103  render           | Saved: '/tmp/clearvla_eval_glass_41453.png'
32:18.523  render           | Saved: '/tmp/clearvla_eval_glass_41453.png'
32:18.871  render           | Saved: '/tmp/clearvla_eval_glass_41453.png'
32:19.282  render           | Saved: '/tmp/clearvla_eval_glass_41453.png'
32:19.627  render           | Saved: '/tmp/clearvla_eval_glass_41453.png'
32:20.039  render           | Saved: '/tmp/clearvla_eval_glass_41453.png'
32:20.397  render           | Saved: '/tmp/clearvla_eval_glass_41453.png'
32:20.811  render           | Saved: '/tmp/clearvla_eval_glass_41453.png'
32:21.155  render           | Saved: '/tmp/clearvla_eval_glass_41453.png'
32:21.572  render           | Saved: '/tmp/clearvla_eval_glass_41453.png'
32:21.922  render           | Saved: '/tmp/clearvla_eval_glass_41453.png'
32:22.335  render           | Saved: '/tmp/clearvla_eval_glass_41453.png'
32:22.702  render           | Saved: '/tmp/clearvla_eval_glass_41453.png'
32:23.113  render           | Saved: '/tmp/clearvla_eval_glass_41453.png'
32:23.468  render           | Saved: '/tmp/clearvla_eval_glass_41453.png'
32:23.895  render           | Saved: '/tmp/clearvla_eval_glass_41453.png'
32:24.250  render           | Saved: '/tmp/clearvla_eval_glass_41453.png'
32:24.670  render           | Saved: '/tmp/clearvla_eval_glass_41453.png'
32:25.027  render           | Saved: '/tmp/clearvla_eval_glass_41453.png'
32:25.460  render           | Saved: '/tmp/clearvla_eval_glass_41453.png'
32:25.813  render           | Saved: '/tmp/clearvla_eval_glass_41453.png'
32:26.225  render           | Saved: '/tmp/clearvla_eval_glass_41453.png'
32:26.597  render           | Saved: '/tmp/clearvla_eval_glass_41453.png'
32:27.022  render           | Saved: '/tmp/clearvla_eval_glass_41453.png'
32:27.392  render           | Saved: '/tmp/clearvla_eval_glass_41453.png'
32:27.812  render           | Saved: '/tmp/clearvla_eval_glass_41453.png'
32:28.166  render           | Saved: '/tmp/clearvla_eval_glass_41453.png'
32:28.596  render           | Saved: '/tmp/clearvla_eval_glass_41453.png'
32:28.948  render           | Saved: '/tmp/clearvla_eval_glass_41453.png'
[prune50/glass] pour: 8/40  (32.4 min, 29.5 s/ep)
32:29.761  render           | Saved: '/tmp/clearvla_eval_glass_41453.png'
32:30.131  render           | Saved: '/tmp/clearvla_eval_glass_41453.png'
32:30.543  render           | Saved: '/tmp/clearvla_eval_glass_41453.png'
32:30.915  render           | Saved: '/tmp/clearvla_eval_glass_41453.png'
32:31.329  render           | Saved: '/tmp/clearvla_eval_glass_41453.png'
32:31.740  render           | Saved: '/tmp/clearvla_eval_glass_41453.png'
32:32.145  render           | Saved: '/tmp/clearvla_eval_glass_41453.png'
32:32.524  render           | Saved: '/tmp/clearvla_eval_glass_41453.png'
32:32.920  render           | Saved: '/tmp/clearvla_eval_glass_41453.png'
32:33.324  render           | Saved: '/tmp/clearvla_eval_glass_41453.png'
32:33.727  render           | Saved: '/tmp/clearvla_eval_glass_41453.png'
32:34.089  render           | Saved: '/tmp/clearvla_eval_glass_41453.png'
32:34.501  render           | Saved: '/tmp/clearvla_eval_glass_41453.png'
32:34.896  render           | Saved: '/tmp/clearvla_eval_glass_41453.png'
32:35.299  render           | Saved: '/tmp/clearvla_eval_glass_41453.png'
32:35.665  render           | Saved: '/tmp/clearvla_eval_glass_41453.png'
32:36.073  render           | Saved: '/tmp/clearvla_eval_glass_41453.png'
32:36.432  render           | Saved: '/tmp/clearvla_eval_glass_41453.png'
32:36.837  render           | Saved: '/tmp/clearvla_eval_glass_41453.png'
32:37.197  render           | Saved: '/tmp/clearvla_eval_glass_41453.png'
32:37.596  render           | Saved: '/tmp/clearvla_eval_glass_41453.png'
32:37.967  render           | Saved: '/tmp/clearvla_eval_glass_41453.png'
32:38.377  render           | Saved: '/tmp/clearvla_eval_glass_41453.png'
32:38.754  render           | Saved: '/tmp/clearvla_eval_glass_41453.png'
32:39.160  render           | Saved: '/tmp/clearvla_eval_glass_41453.png'
32:39.539  render           | Saved: '/tmp/clearvla_eval_glass_41453.png'
32:39.946  render           | Saved: '/tmp/clearvla_eval_glass_41453.png'
32:40.305  render           | Saved: '/tmp/clearvla_eval_glass_41453.png'
32:40.716  render           | Saved: '/tmp/clearvla_eval_glass_41453.png'
32:41.070  render           | Saved: '/tmp/clearvla_eval_glass_41453.png'
32:41.476  render           | Saved: '/tmp/clearvla_eval_glass_41453.png'
32:41.830  render           | Saved: '/tmp/clearvla_eval_glass_41453.png'
32:42.243  render           | Saved: '/tmp/clearvla_eval_glass_41453.png'
32:42.593  render           | Saved: '/tmp/clearvla_eval_glass_41453.png'
32:43.020  render           | Saved: '/tmp/clearvla_eval_glass_41453.png'
32:43.368  render           | Saved: '/tmp/clearvla_eval_glass_41453.png'
32:43.797  render           | Saved: '/tmp/clearvla_eval_glass_41453.png'
32:44.141  render           | Saved: '/tmp/clearvla_eval_glass_41453.png'
32:44.574  render           | Saved: '/tmp/clearvla_eval_glass_41453.png'
32:44.955  render           | Saved: '/tmp/clearvla_eval_glass_41453.png'
32:45.405  render           | Saved: '/tmp/clearvla_eval_glass_41453.png'
32:45.806  render           | Saved: '/tmp/clearvla_eval_glass_41453.png'
32:46.247  render           | Saved: '/tmp/clearvla_eval_glass_41453.png'
32:46.601  render           | Saved: '/tmp/clearvla_eval_glass_41453.png'
32:47.049  render           | Saved: '/tmp/clearvla_eval_glass_41453.png'
32:47.399  render           | Saved: '/tmp/clearvla_eval_glass_41453.png'
32:47.838  render           | Saved: '/tmp/clearvla_eval_glass_41453.png'
32:48.190  render           | Saved: '/tmp/clearvla_eval_glass_41453.png'
32:48.617  render           | Saved: '/tmp/clearvla_eval_glass_41453.png'
32:48.961  render           | Saved: '/tmp/clearvla_eval_glass_41453.png'
32:49.384  render           | Saved: '/tmp/clearvla_eval_glass_41453.png'
32:49.726  render           | Saved: '/tmp/clearvla_eval_glass_41453.png'
32:50.156  render           | Saved: '/tmp/clearvla_eval_glass_41453.png'
32:50.501  render           | Saved: '/tmp/clearvla_eval_glass_41453.png'
32:50.947  render           | Saved: '/tmp/clearvla_eval_glass_41453.png'
32:51.305  render           | Saved: '/tmp/clearvla_eval_glass_41453.png'
32:51.766  render           | Saved: '/tmp/clearvla_eval_glass_41453.png'
32:52.117  render           | Saved: '/tmp/clearvla_eval_glass_41453.png'
32:52.546  render           | Saved: '/tmp/clearvla_eval_glass_41453.png'
32:52.905  render           | Saved: '/tmp/clearvla_eval_glass_41453.png'
32:53.328  render           | Saved: '/tmp/clearvla_eval_glass_41453.png'
32:53.693  render           | Saved: '/tmp/clearvla_eval_glass_41453.png'
32:54.105  render           | Saved: '/tmp/clearvla_eval_glass_41453.png'
32:54.472  render           | Saved: '/tmp/clearvla_eval_glass_41453.png'
32:54.884  render           | Saved: '/tmp/clearvla_eval_glass_41453.png'
32:55.254  render           | Saved: '/tmp/clearvla_eval_glass_41453.png'
32:55.669  render           | Saved: '/tmp/clearvla_eval_glass_41453.png'
32:56.051  render           | Saved: '/tmp/clearvla_eval_glass_41453.png'
32:56.454  render           | Saved: '/tmp/clearvla_eval_glass_41453.png'
32:56.828  render           | Saved: '/tmp/clearvla_eval_glass_41453.png'
32:57.241  render           | Saved: '/tmp/clearvla_eval_glass_41453.png'
32:57.609  render           | Saved: '/tmp/clearvla_eval_glass_41453.png'
32:58.025  render           | Saved: '/tmp/clearvla_eval_glass_41453.png'
32:58.392  render           | Saved: '/tmp/clearvla_eval_glass_41453.png'
32:58.811  render           | Saved: '/tmp/clearvla_eval_glass_41453.png'
32:59.180  render           | Saved: '/tmp/clearvla_eval_glass_41453.png'
33:00.013  render           | Saved: '/tmp/clearvla_eval_glass_41453.png'
33:00.348  render           | Saved: '/tmp/clearvla_eval_glass_41453.png'
33:00.767  render           | Saved: '/tmp/clearvla_eval_glass_41453.png'
33:01.111  render           | Saved: '/tmp/clearvla_eval_glass_41453.png'
33:01.535  render           | Saved: '/tmp/clearvla_eval_glass_41453.png'
33:01.886  render           | Saved: '/tmp/clearvla_eval_glass_41453.png'
33:02.312  render           | Saved: '/tmp/clearvla_eval_glass_41453.png'
33:02.652  render           | Saved: '/tmp/clearvla_eval_glass_41453.png'
33:03.060  render           | Saved: '/tmp/clearvla_eval_glass_41453.png'
33:03.404  render           | Saved: '/tmp/clearvla_eval_glass_41453.png'
33:03.826  render           | Saved: '/tmp/clearvla_eval_glass_41453.png'
33:04.171  render           | Saved: '/tmp/clearvla_eval_glass_41453.png'
33:04.597  render           | Saved: '/tmp/clearvla_eval_glass_41453.png'
33:04.947  render           | Saved: '/tmp/clearvla_eval_glass_41453.png'
33:05.370  render           | Saved: '/tmp/clearvla_eval_glass_41453.png'
33:05.758  render           | Saved: '/tmp/clearvla_eval_glass_41453.png'
33:06.171  render           | Saved: '/tmp/clearvla_eval_glass_41453.png'
33:06.536  render           | Saved: '/tmp/clearvla_eval_glass_41453.png'
33:06.965  render           | Saved: '/tmp/clearvla_eval_glass_41453.png'
33:07.315  render           | Saved: '/tmp/clearvla_eval_glass_41453.png'
33:07.730  render           | Saved: '/tmp/clearvla_eval_glass_41453.png'
33:08.069  render           | Saved: '/tmp/clearvla_eval_glass_41453.png'
33:08.484  render           | Saved: '/tmp/clearvla_eval_glass_41453.png'
33:08.817  render           | Saved: '/tmp/clearvla_eval_glass_41453.png'
33:09.225  render           | Saved: '/tmp/clearvla_eval_glass_41453.png'
33:09.559  render           | Saved: '/tmp/clearvla_eval_glass_41453.png'
33:09.972  render           | Saved: '/tmp/clearvla_eval_glass_41453.png'
33:10.312  render           | Saved: '/tmp/clearvla_eval_glass_41453.png'
33:10.725  render           | Saved: '/tmp/clearvla_eval_glass_41453.png'
33:11.062  render           | Saved: '/tmp/clearvla_eval_glass_41453.png'
33:11.491  render           | Saved: '/tmp/clearvla_eval_glass_41453.png'
33:11.843  render           | Saved: '/tmp/clearvla_eval_glass_41453.png'
33:12.258  render           | Saved: '/tmp/clearvla_eval_glass_41453.png'
33:12.604  render           | Saved: '/tmp/clearvla_eval_glass_41453.png'
33:13.016  render           | Saved: '/tmp/clearvla_eval_glass_41453.png'
33:13.369  render           | Saved: '/tmp/clearvla_eval_glass_41453.png'
33:13.779  render           | Saved: '/tmp/clearvla_eval_glass_41453.png'
33:14.116  render           | Saved: '/tmp/clearvla_eval_glass_41453.png'
33:14.532  render           | Saved: '/tmp/clearvla_eval_glass_41453.png'
33:14.866  render           | Saved: '/tmp/clearvla_eval_glass_41453.png'
33:15.285  render           | Saved: '/tmp/clearvla_eval_glass_41453.png'
33:15.622  render           | Saved: '/tmp/clearvla_eval_glass_41453.png'
33:16.045  render           | Saved: '/tmp/clearvla_eval_glass_41453.png'
33:16.378  render           | Saved: '/tmp/clearvla_eval_glass_41453.png'
33:16.796  render           | Saved: '/tmp/clearvla_eval_glass_41453.png'
33:17.128  render           | Saved: '/tmp/clearvla_eval_glass_41453.png'
33:17.542  render           | Saved: '/tmp/clearvla_eval_glass_41453.png'
33:17.875  render           | Saved: '/tmp/clearvla_eval_glass_41453.png'
33:18.292  render           | Saved: '/tmp/clearvla_eval_glass_41453.png'
33:18.624  render           | Saved: '/tmp/clearvla_eval_glass_41453.png'
33:19.037  render           | Saved: '/tmp/clearvla_eval_glass_41453.png'
33:19.378  render           | Saved: '/tmp/clearvla_eval_glass_41453.png'
33:19.795  render           | Saved: '/tmp/clearvla_eval_glass_41453.png'
33:20.134  render           | Saved: '/tmp/clearvla_eval_glass_41453.png'
33:20.558  render           | Saved: '/tmp/clearvla_eval_glass_41453.png'
33:20.925  render           | Saved: '/tmp/clearvla_eval_glass_41453.png'
33:21.357  render           | Saved: '/tmp/clearvla_eval_glass_41453.png'
33:21.707  render           | Saved: '/tmp/clearvla_eval_glass_41453.png'
33:22.133  render           | Saved: '/tmp/clearvla_eval_glass_41453.png'
33:22.490  render           | Saved: '/tmp/clearvla_eval_glass_41453.png'
33:22.940  render           | Saved: '/tmp/clearvla_eval_glass_41453.png'
33:23.310  render           | Saved: '/tmp/clearvla_eval_glass_41453.png'
33:23.739  render           | Saved: '/tmp/clearvla_eval_glass_41453.png'
33:24.078  render           | Saved: '/tmp/clearvla_eval_glass_41453.png'
33:24.518  render           | Saved: '/tmp/clearvla_eval_glass_41453.png'
33:24.888  render           | Saved: '/tmp/clearvla_eval_glass_41453.png'
33:25.302  render           | Saved: '/tmp/clearvla_eval_glass_41453.png'
33:25.698  render           | Saved: '/tmp/clearvla_eval_glass_41453.png'
33:26.118  render           | Saved: '/tmp/clearvla_eval_glass_41453.png'
33:26.522  render           | Saved: '/tmp/clearvla_eval_glass_41453.png'
33:26.941  render           | Saved: '/tmp/clearvla_eval_glass_41453.png'
33:27.310  render           | Saved: '/tmp/clearvla_eval_glass_41453.png'
33:27.723  render           | Saved: '/tmp/clearvla_eval_glass_41453.png'
33:28.091  render           | Saved: '/tmp/clearvla_eval_glass_41453.png'
33:28.531  render           | Saved: '/tmp/clearvla_eval_glass_41453.png'
33:28.879  render           | Saved: '/tmp/clearvla_eval_glass_41453.png'
33:29.692  render           | Saved: '/tmp/clearvla_eval_glass_41453.png'
33:30.019  render           | Saved: '/tmp/clearvla_eval_glass_41453.png'
33:30.422  render           | Saved: '/tmp/clearvla_eval_glass_41453.png'
33:30.753  render           | Saved: '/tmp/clearvla_eval_glass_41453.png'
33:31.156  render           | Saved: '/tmp/clearvla_eval_glass_41453.png'
33:31.492  render           | Saved: '/tmp/clearvla_eval_glass_41453.png'
33:31.895  render           | Saved: '/tmp/clearvla_eval_glass_41453.png'
33:32.230  render           | Saved: '/tmp/clearvla_eval_glass_41453.png'
33:32.634  render           | Saved: '/tmp/clearvla_eval_glass_41453.png'
33:32.968  render           | Saved: '/tmp/clearvla_eval_glass_41453.png'
33:33.375  render           | Saved: '/tmp/clearvla_eval_glass_41453.png'
33:33.712  render           | Saved: '/tmp/clearvla_eval_glass_41453.png'
33:34.119  render           | Saved: '/tmp/clearvla_eval_glass_41453.png'
33:34.463  render           | Saved: '/tmp/clearvla_eval_glass_41453.png'
33:34.869  render           | Saved: '/tmp/clearvla_eval_glass_41453.png'
33:35.213  render           | Saved: '/tmp/clearvla_eval_glass_41453.png'
33:35.624  render           | Saved: '/tmp/clearvla_eval_glass_41453.png'
33:35.963  render           | Saved: '/tmp/clearvla_eval_glass_41453.png'
33:36.367  render           | Saved: '/tmp/clearvla_eval_glass_41453.png'
33:36.702  render           | Saved: '/tmp/clearvla_eval_glass_41453.png'
33:37.114  render           | Saved: '/tmp/clearvla_eval_glass_41453.png'
33:37.455  render           | Saved: '/tmp/clearvla_eval_glass_41453.png'
33:37.865  render           | Saved: '/tmp/clearvla_eval_glass_41453.png'
33:38.208  render           | Saved: '/tmp/clearvla_eval_glass_41453.png'
33:38.616  render           | Saved: '/tmp/clearvla_eval_glass_41453.png'
33:38.958  render           | Saved: '/tmp/clearvla_eval_glass_41453.png'
33:39.365  render           | Saved: '/tmp/clearvla_eval_glass_41453.png'
33:39.710  render           | Saved: '/tmp/clearvla_eval_glass_41453.png'
33:40.113  render           | Saved: '/tmp/clearvla_eval_glass_41453.png'
33:40.449  render           | Saved: '/tmp/clearvla_eval_glass_41453.png'
33:40.853  render           | Saved: '/tmp/clearvla_eval_glass_41453.png'
33:41.189  render           | Saved: '/tmp/clearvla_eval_glass_41453.png'
33:41.597  render           | Saved: '/tmp/clearvla_eval_glass_41453.png'
33:41.933  render           | Saved: '/tmp/clearvla_eval_glass_41453.png'
33:42.339  render           | Saved: '/tmp/clearvla_eval_glass_41453.png'
33:42.674  render           | Saved: '/tmp/clearvla_eval_glass_41453.png'
33:43.086  render           | Saved: '/tmp/clearvla_eval_glass_41453.png'
33:43.414  render           | Saved: '/tmp/clearvla_eval_glass_41453.png'
33:43.818  render           | Saved: '/tmp/clearvla_eval_glass_41453.png'
33:44.148  render           | Saved: '/tmp/clearvla_eval_glass_41453.png'
33:44.553  render           | Saved: '/tmp/clearvla_eval_glass_41453.png'
33:44.885  render           | Saved: '/tmp/clearvla_eval_glass_41453.png'
33:45.288  render           | Saved: '/tmp/clearvla_eval_glass_41453.png'
33:45.624  render           | Saved: '/tmp/clearvla_eval_glass_41453.png'
33:46.029  render           | Saved: '/tmp/clearvla_eval_glass_41453.png'
33:46.376  render           | Saved: '/tmp/clearvla_eval_glass_41453.png'
33:46.785  render           | Saved: '/tmp/clearvla_eval_glass_41453.png'
33:47.126  render           | Saved: '/tmp/clearvla_eval_glass_41453.png'
33:47.532  render           | Saved: '/tmp/clearvla_eval_glass_41453.png'
33:47.867  render           | Saved: '/tmp/clearvla_eval_glass_41453.png'
33:48.264  render           | Saved: '/tmp/clearvla_eval_glass_41453.png'
33:48.602  render           | Saved: '/tmp/clearvla_eval_glass_41453.png'
33:49.005  render           | Saved: '/tmp/clearvla_eval_glass_41453.png'
33:49.340  render           | Saved: '/tmp/clearvla_eval_glass_41453.png'
33:49.744  render           | Saved: '/tmp/clearvla_eval_glass_41453.png'
33:50.083  render           | Saved: '/tmp/clearvla_eval_glass_41453.png'
33:50.485  render           | Saved: '/tmp/clearvla_eval_glass_41453.png'
33:50.821  render           | Saved: '/tmp/clearvla_eval_glass_41453.png'
33:51.230  render           | Saved: '/tmp/clearvla_eval_glass_41453.png'
33:51.568  render           | Saved: '/tmp/clearvla_eval_glass_41453.png'
33:51.977  render           | Saved: '/tmp/clearvla_eval_glass_41453.png'
33:52.317  render           | Saved: '/tmp/clearvla_eval_glass_41453.png'
33:52.728  render           | Saved: '/tmp/clearvla_eval_glass_41453.png'
33:53.096  render           | Saved: '/tmp/clearvla_eval_glass_41453.png'
33:53.495  render           | Saved: '/tmp/clearvla_eval_glass_41453.png'
33:53.855  render           | Saved: '/tmp/clearvla_eval_glass_41453.png'
33:54.261  render           | Saved: '/tmp/clearvla_eval_glass_41453.png'
33:54.629  render           | Saved: '/tmp/clearvla_eval_glass_41453.png'
33:55.030  render           | Saved: '/tmp/clearvla_eval_glass_41453.png'
33:55.393  render           | Saved: '/tmp/clearvla_eval_glass_41453.png'
33:55.794  render           | Saved: '/tmp/clearvla_eval_glass_41453.png'
33:56.155  render           | Saved: '/tmp/clearvla_eval_glass_41453.png'
33:56.582  render           | Saved: '/tmp/clearvla_eval_glass_41453.png'
33:56.939  render           | Saved: '/tmp/clearvla_eval_glass_41453.png'
33:57.349  render           | Saved: '/tmp/clearvla_eval_glass_41453.png'
33:57.698  render           | Saved: '/tmp/clearvla_eval_glass_41453.png'
33:58.518  render           | Saved: '/tmp/clearvla_eval_glass_41453.png'
33:58.861  render           | Saved: '/tmp/clearvla_eval_glass_41453.png'
33:59.284  render           | Saved: '/tmp/clearvla_eval_glass_41453.png'
33:59.632  render           | Saved: '/tmp/clearvla_eval_glass_41453.png'
34:00.042  render           | Saved: '/tmp/clearvla_eval_glass_41453.png'
34:00.390  render           | Saved: '/tmp/clearvla_eval_glass_41453.png'
34:00.802  render           | Saved: '/tmp/clearvla_eval_glass_41453.png'
34:01.151  render           | Saved: '/tmp/clearvla_eval_glass_41453.png'
34:01.561  render           | Saved: '/tmp/clearvla_eval_glass_41453.png'
34:01.920  render           | Saved: '/tmp/clearvla_eval_glass_41453.png'
34:02.350  render           | Saved: '/tmp/clearvla_eval_glass_41453.png'
34:02.680  render           | Saved: '/tmp/clearvla_eval_glass_41453.png'
34:03.087  render           | Saved: '/tmp/clearvla_eval_glass_41453.png'
34:03.422  render           | Saved: '/tmp/clearvla_eval_glass_41453.png'
34:03.824  render           | Saved: '/tmp/clearvla_eval_glass_41453.png'
34:04.163  render           | Saved: '/tmp/clearvla_eval_glass_41453.png'
34:04.567  render           | Saved: '/tmp/clearvla_eval_glass_41453.png'
34:04.904  render           | Saved: '/tmp/clearvla_eval_glass_41453.png'
34:05.310  render           | Saved: '/tmp/clearvla_eval_glass_41453.png'
34:05.649  render           | Saved: '/tmp/clearvla_eval_glass_41453.png'
34:06.051  render           | Saved: '/tmp/clearvla_eval_glass_41453.png'
34:06.387  render           | Saved: '/tmp/clearvla_eval_glass_41453.png'
34:06.793  render           | Saved: '/tmp/clearvla_eval_glass_41453.png'
34:07.133  render           | Saved: '/tmp/clearvla_eval_glass_41453.png'
34:07.535  render           | Saved: '/tmp/clearvla_eval_glass_41453.png'
34:07.879  render           | Saved: '/tmp/clearvla_eval_glass_41453.png'
34:08.285  render           | Saved: '/tmp/clearvla_eval_glass_41453.png'
34:08.628  render           | Saved: '/tmp/clearvla_eval_glass_41453.png'
34:09.034  render           | Saved: '/tmp/clearvla_eval_glass_41453.png'
34:09.379  render           | Saved: '/tmp/clearvla_eval_glass_41453.png'
34:09.785  render           | Saved: '/tmp/clearvla_eval_glass_41453.png'
34:10.125  render           | Saved: '/tmp/clearvla_eval_glass_41453.png'
34:10.538  render           | Saved: '/tmp/clearvla_eval_glass_41453.png'
34:10.872  render           | Saved: '/tmp/clearvla_eval_glass_41453.png'
34:11.273  render           | Saved: '/tmp/clearvla_eval_glass_41453.png'
34:11.606  render           | Saved: '/tmp/clearvla_eval_glass_41453.png'
34:12.014  render           | Saved: '/tmp/clearvla_eval_glass_41453.png'
34:12.350  render           | Saved: '/tmp/clearvla_eval_glass_41453.png'
34:12.759  render           | Saved: '/tmp/clearvla_eval_glass_41453.png'
34:13.097  render           | Saved: '/tmp/clearvla_eval_glass_41453.png'
34:13.509  render           | Saved: '/tmp/clearvla_eval_glass_41453.png'
34:13.845  render           | Saved: '/tmp/clearvla_eval_glass_41453.png'
34:14.255  render           | Saved: '/tmp/clearvla_eval_glass_41453.png'
34:14.599  render           | Saved: '/tmp/clearvla_eval_glass_41453.png'
34:15.416  render           | Saved: '/tmp/clearvla_eval_glass_41453.png'
34:15.757  render           | Saved: '/tmp/clearvla_eval_glass_41453.png'
34:16.199  render           | Saved: '/tmp/clearvla_eval_glass_41453.png'
34:16.541  render           | Saved: '/tmp/clearvla_eval_glass_41453.png'
34:16.952  render           | Saved: '/tmp/clearvla_eval_glass_41453.png'
34:17.297  render           | Saved: '/tmp/clearvla_eval_glass_41453.png'
34:17.705  render           | Saved: '/tmp/clearvla_eval_glass_41453.png'
34:18.066  render           | Saved: '/tmp/clearvla_eval_glass_41453.png'
34:18.480  render           | Saved: '/tmp/clearvla_eval_glass_41453.png'
34:18.842  render           | Saved: '/tmp/clearvla_eval_glass_41453.png'
34:19.240  render           | Saved: '/tmp/clearvla_eval_glass_41453.png'
34:19.614  render           | Saved: '/tmp/clearvla_eval_glass_41453.png'
34:20.026  render           | Saved: '/tmp/clearvla_eval_glass_41453.png'
34:20.395  render           | Saved: '/tmp/clearvla_eval_glass_41453.png'
34:20.793  render           | Saved: '/tmp/clearvla_eval_glass_41453.png'
34:21.158  render           | Saved: '/tmp/clearvla_eval_glass_41453.png'
34:21.560  render           | Saved: '/tmp/clearvla_eval_glass_41453.png'
34:21.916  render           | Saved: '/tmp/clearvla_eval_glass_41453.png'
34:22.343  render           | Saved: '/tmp/clearvla_eval_glass_41453.png'
34:22.692  render           | Saved: '/tmp/clearvla_eval_glass_41453.png'
34:23.111  render           | Saved: '/tmp/clearvla_eval_glass_41453.png'
34:23.457  render           | Saved: '/tmp/clearvla_eval_glass_41453.png'
34:23.873  render           | Saved: '/tmp/clearvla_eval_glass_41453.png'
34:24.225  render           | Saved: '/tmp/clearvla_eval_glass_41453.png'
34:24.639  render           | Saved: '/tmp/clearvla_eval_glass_41453.png'
34:24.988  render           | Saved: '/tmp/clearvla_eval_glass_41453.png'
34:25.404  render           | Saved: '/tmp/clearvla_eval_glass_41453.png'
34:25.763  render           | Saved: '/tmp/clearvla_eval_glass_41453.png'
34:26.174  render           | Saved: '/tmp/clearvla_eval_glass_41453.png'
34:26.516  render           | Saved: '/tmp/clearvla_eval_glass_41453.png'
34:26.921  render           | Saved: '/tmp/clearvla_eval_glass_41453.png'
34:27.252  render           | Saved: '/tmp/clearvla_eval_glass_41453.png'
34:27.655  render           | Saved: '/tmp/clearvla_eval_glass_41453.png'
34:27.990  render           | Saved: '/tmp/clearvla_eval_glass_41453.png'
34:28.397  render           | Saved: '/tmp/clearvla_eval_glass_41453.png'
34:28.731  render           | Saved: '/tmp/clearvla_eval_glass_41453.png'
34:29.137  render           | Saved: '/tmp/clearvla_eval_glass_41453.png'
34:29.473  render           | Saved: '/tmp/clearvla_eval_glass_41453.png'
34:29.883  render           | Saved: '/tmp/clearvla_eval_glass_41453.png'
34:30.221  render           | Saved: '/tmp/clearvla_eval_glass_41453.png'
34:31.033  render           | Saved: '/tmp/clearvla_eval_glass_41453.png'
34:31.378  render           | Saved: '/tmp/clearvla_eval_glass_41453.png'
34:31.804  render           | Saved: '/tmp/clearvla_eval_glass_41453.png'
34:32.154  render           | Saved: '/tmp/clearvla_eval_glass_41453.png'
34:32.558  render           | Saved: '/tmp/clearvla_eval_glass_41453.png'
34:32.890  render           | Saved: '/tmp/clearvla_eval_glass_41453.png'
34:33.299  render           | Saved: '/tmp/clearvla_eval_glass_41453.png'
34:33.635  render           | Saved: '/tmp/clearvla_eval_glass_41453.png'
34:34.042  render           | Saved: '/tmp/clearvla_eval_glass_41453.png'
34:34.384  render           | Saved: '/tmp/clearvla_eval_glass_41453.png'
34:34.796  render           | Saved: '/tmp/clearvla_eval_glass_41453.png'
34:35.153  render           | Saved: '/tmp/clearvla_eval_glass_41453.png'
34:35.571  render           | Saved: '/tmp/clearvla_eval_glass_41453.png'
34:35.920  render           | Saved: '/tmp/clearvla_eval_glass_41453.png'
34:36.331  render           | Saved: '/tmp/clearvla_eval_glass_41453.png'
34:36.687  render           | Saved: '/tmp/clearvla_eval_glass_41453.png'
34:37.127  render           | Saved: '/tmp/clearvla_eval_glass_41453.png'
34:37.489  render           | Saved: '/tmp/clearvla_eval_glass_41453.png'
34:37.929  render           | Saved: '/tmp/clearvla_eval_glass_41453.png'
34:38.299  render           | Saved: '/tmp/clearvla_eval_glass_41453.png'
34:38.744  render           | Saved: '/tmp/clearvla_eval_glass_41453.png'
34:39.149  render           | Saved: '/tmp/clearvla_eval_glass_41453.png'
34:39.638  render           | Saved: '/tmp/clearvla_eval_glass_41453.png'
34:39.994  render           | Saved: '/tmp/clearvla_eval_glass_41453.png'
34:40.409  render           | Saved: '/tmp/clearvla_eval_glass_41453.png'
34:40.763  render           | Saved: '/tmp/clearvla_eval_glass_41453.png'
34:41.184  render           | Saved: '/tmp/clearvla_eval_glass_41453.png'
34:41.536  render           | Saved: '/tmp/clearvla_eval_glass_41453.png'
34:41.951  render           | Saved: '/tmp/clearvla_eval_glass_41453.png'
34:42.301  render           | Saved: '/tmp/clearvla_eval_glass_41453.png'
34:42.721  render           | Saved: '/tmp/clearvla_eval_glass_41453.png'
34:43.082  render           | Saved: '/tmp/clearvla_eval_glass_41453.png'
34:43.496  render           | Saved: '/tmp/clearvla_eval_glass_41453.png'
34:43.837  render           | Saved: '/tmp/clearvla_eval_glass_41453.png'
34:44.245  render           | Saved: '/tmp/clearvla_eval_glass_41453.png'
34:44.579  render           | Saved: '/tmp/clearvla_eval_glass_41453.png'
34:44.986  render           | Saved: '/tmp/clearvla_eval_glass_41453.png'
34:45.324  render           | Saved: '/tmp/clearvla_eval_glass_41453.png'
34:45.739  render           | Saved: '/tmp/clearvla_eval_glass_41453.png'
34:46.076  render           | Saved: '/tmp/clearvla_eval_glass_41453.png'
34:46.487  render           | Saved: '/tmp/clearvla_eval_glass_41453.png'
34:46.820  render           | Saved: '/tmp/clearvla_eval_glass_41453.png'
34:47.233  render           | Saved: '/tmp/clearvla_eval_glass_41453.png'
34:47.572  render           | Saved: '/tmp/clearvla_eval_glass_41453.png'
34:47.985  render           | Saved: '/tmp/clearvla_eval_glass_41453.png'
34:48.321  render           | Saved: '/tmp/clearvla_eval_glass_41453.png'
34:48.732  render           | Saved: '/tmp/clearvla_eval_glass_41453.png'
34:49.061  render           | Saved: '/tmp/clearvla_eval_glass_41453.png'
34:49.473  render           | Saved: '/tmp/clearvla_eval_glass_41453.png'
34:49.810  render           | Saved: '/tmp/clearvla_eval_glass_41453.png'
34:50.227  render           | Saved: '/tmp/clearvla_eval_glass_41453.png'
34:50.560  render           | Saved: '/tmp/clearvla_eval_glass_41453.png'
34:50.987  render           | Saved: '/tmp/clearvla_eval_glass_41453.png'
34:51.340  render           | Saved: '/tmp/clearvla_eval_glass_41453.png'
34:51.771  render           | Saved: '/tmp/clearvla_eval_glass_41453.png'
34:52.106  render           | Saved: '/tmp/clearvla_eval_glass_41453.png'
34:52.515  render           | Saved: '/tmp/clearvla_eval_glass_41453.png'
34:52.850  render           | Saved: '/tmp/clearvla_eval_glass_41453.png'
34:53.256  render           | Saved: '/tmp/clearvla_eval_glass_41453.png'
34:53.592  render           | Saved: '/tmp/clearvla_eval_glass_41453.png'
34:54.004  render           | Saved: '/tmp/clearvla_eval_glass_41453.png'
34:54.336  render           | Saved: '/tmp/clearvla_eval_glass_41453.png'
34:54.750  render           | Saved: '/tmp/clearvla_eval_glass_41453.png'
34:55.083  render           | Saved: '/tmp/clearvla_eval_glass_41453.png'
34:55.495  render           | Saved: '/tmp/clearvla_eval_glass_41453.png'
34:55.830  render           | Saved: '/tmp/clearvla_eval_glass_41453.png'
34:56.238  render           | Saved: '/tmp/clearvla_eval_glass_41453.png'
34:56.577  render           | Saved: '/tmp/clearvla_eval_glass_41453.png'
34:56.990  render           | Saved: '/tmp/clearvla_eval_glass_41453.png'
34:57.324  render           | Saved: '/tmp/clearvla_eval_glass_41453.png'
34:57.742  render           | Saved: '/tmp/clearvla_eval_glass_41453.png'
34:58.075  render           | Saved: '/tmp/clearvla_eval_glass_41453.png'
34:58.491  render           | Saved: '/tmp/clearvla_eval_glass_41453.png'
34:58.826  render           | Saved: '/tmp/clearvla_eval_glass_41453.png'
34:59.247  render           | Saved: '/tmp/clearvla_eval_glass_41453.png'
34:59.578  render           | Saved: '/tmp/clearvla_eval_glass_41453.png'
35:00.383  render           | Saved: '/tmp/clearvla_eval_glass_41453.png'
35:00.717  render           | Saved: '/tmp/clearvla_eval_glass_41453.png'
35:01.136  render           | Saved: '/tmp/clearvla_eval_glass_41453.png'
35:01.475  render           | Saved: '/tmp/clearvla_eval_glass_41453.png'
35:01.885  render           | Saved: '/tmp/clearvla_eval_glass_41453.png'
35:02.234  render           | Saved: '/tmp/clearvla_eval_glass_41453.png'
35:02.644  render           | Saved: '/tmp/clearvla_eval_glass_41453.png'
35:02.979  render           | Saved: '/tmp/clearvla_eval_glass_41453.png'
35:03.372  render           | Saved: '/tmp/clearvla_eval_glass_41453.png'
35:03.707  render           | Saved: '/tmp/clearvla_eval_glass_41453.png'
35:04.104  render           | Saved: '/tmp/clearvla_eval_glass_41453.png'
35:04.440  render           | Saved: '/tmp/clearvla_eval_glass_41453.png'
35:04.846  render           | Saved: '/tmp/clearvla_eval_glass_41453.png'
35:05.183  render           | Saved: '/tmp/clearvla_eval_glass_41453.png'
35:05.586  render           | Saved: '/tmp/clearvla_eval_glass_41453.png'
35:05.922  render           | Saved: '/tmp/clearvla_eval_glass_41453.png'
35:06.330  render           | Saved: '/tmp/clearvla_eval_glass_41453.png'
35:06.662  render           | Saved: '/tmp/clearvla_eval_glass_41453.png'
35:07.064  render           | Saved: '/tmp/clearvla_eval_glass_41453.png'
35:07.401  render           | Saved: '/tmp/clearvla_eval_glass_41453.png'
35:07.822  render           | Saved: '/tmp/clearvla_eval_glass_41453.png'
35:08.211  render           | Saved: '/tmp/clearvla_eval_glass_41453.png'
35:08.615  render           | Saved: '/tmp/clearvla_eval_glass_41453.png'
35:09.028  render           | Saved: '/tmp/clearvla_eval_glass_41453.png'
35:09.424  render           | Saved: '/tmp/clearvla_eval_glass_41453.png'
35:09.815  render           | Saved: '/tmp/clearvla_eval_glass_41453.png'
35:10.228  render           | Saved: '/tmp/clearvla_eval_glass_41453.png'
35:10.595  render           | Saved: '/tmp/clearvla_eval_glass_41453.png'
35:11.010  render           | Saved: '/tmp/clearvla_eval_glass_41453.png'
35:11.360  render           | Saved: '/tmp/clearvla_eval_glass_41453.png'
35:11.789  render           | Saved: '/tmp/clearvla_eval_glass_41453.png'
35:12.140  render           | Saved: '/tmp/clearvla_eval_glass_41453.png'
35:12.579  render           | Saved: '/tmp/clearvla_eval_glass_41453.png'
35:12.915  render           | Saved: '/tmp/clearvla_eval_glass_41453.png'
35:13.343  render           | Saved: '/tmp/clearvla_eval_glass_41453.png'
35:13.676  render           | Saved: '/tmp/clearvla_eval_glass_41453.png'
35:14.091  render           | Saved: '/tmp/clearvla_eval_glass_41453.png'
35:14.428  render           | Saved: '/tmp/clearvla_eval_glass_41453.png'
35:14.844  render           | Saved: '/tmp/clearvla_eval_glass_41453.png'
35:15.205  render           | Saved: '/tmp/clearvla_eval_glass_41453.png'
35:15.621  render           | Saved: '/tmp/clearvla_eval_glass_41453.png'
35:15.957  render           | Saved: '/tmp/clearvla_eval_glass_41453.png'
35:16.372  render           | Saved: '/tmp/clearvla_eval_glass_41453.png'
35:16.708  render           | Saved: '/tmp/clearvla_eval_glass_41453.png'
35:17.118  render           | Saved: '/tmp/clearvla_eval_glass_41453.png'
35:17.451  render           | Saved: '/tmp/clearvla_eval_glass_41453.png'
35:17.860  render           | Saved: '/tmp/clearvla_eval_glass_41453.png'
35:18.198  render           | Saved: '/tmp/clearvla_eval_glass_41453.png'
35:18.610  render           | Saved: '/tmp/clearvla_eval_glass_41453.png'
35:18.947  render           | Saved: '/tmp/clearvla_eval_glass_41453.png'
35:19.355  render           | Saved: '/tmp/clearvla_eval_glass_41453.png'
35:19.698  render           | Saved: '/tmp/clearvla_eval_glass_41453.png'
35:20.114  render           | Saved: '/tmp/clearvla_eval_glass_41453.png'
35:20.453  render           | Saved: '/tmp/clearvla_eval_glass_41453.png'
35:20.863  render           | Saved: '/tmp/clearvla_eval_glass_41453.png'
35:21.200  render           | Saved: '/tmp/clearvla_eval_glass_41453.png'
35:21.605  render           | Saved: '/tmp/clearvla_eval_glass_41453.png'
35:21.938  render           | Saved: '/tmp/clearvla_eval_glass_41453.png'
35:22.351  render           | Saved: '/tmp/clearvla_eval_glass_41453.png'
35:22.684  render           | Saved: '/tmp/clearvla_eval_glass_41453.png'
35:23.113  render           | Saved: '/tmp/clearvla_eval_glass_41453.png'
35:23.461  render           | Saved: '/tmp/clearvla_eval_glass_41453.png'
35:23.873  render           | Saved: '/tmp/clearvla_eval_glass_41453.png'
35:24.235  render           | Saved: '/tmp/clearvla_eval_glass_41453.png'
35:24.652  render           | Saved: '/tmp/clearvla_eval_glass_41453.png'
35:25.007  render           | Saved: '/tmp/clearvla_eval_glass_41453.png'
35:25.436  render           | Saved: '/tmp/clearvla_eval_glass_41453.png'
35:25.775  render           | Saved: '/tmp/clearvla_eval_glass_41453.png'
35:26.189  render           | Saved: '/tmp/clearvla_eval_glass_41453.png'
35:26.541  render           | Saved: '/tmp/clearvla_eval_glass_41453.png'
35:26.951  render           | Saved: '/tmp/clearvla_eval_glass_41453.png'
35:27.312  render           | Saved: '/tmp/clearvla_eval_glass_41453.png'
35:27.746  render           | Saved: '/tmp/clearvla_eval_glass_41453.png'
35:28.083  render           | Saved: '/tmp/clearvla_eval_glass_41453.png'
35:28.490  render           | Saved: '/tmp/clearvla_eval_glass_41453.png'
35:28.835  render           | Saved: '/tmp/clearvla_eval_glass_41453.png'
35:29.652  render           | Saved: '/tmp/clearvla_eval_glass_41453.png'
35:29.984  render           | Saved: '/tmp/clearvla_eval_glass_41453.png'
35:30.415  render           | Saved: '/tmp/clearvla_eval_glass_41453.png'
35:30.782  render           | Saved: '/tmp/clearvla_eval_glass_41453.png'
35:31.184  render           | Saved: '/tmp/clearvla_eval_glass_41453.png'
35:31.545  render           | Saved: '/tmp/clearvla_eval_glass_41453.png'
35:31.949  render           | Saved: '/tmp/clearvla_eval_glass_41453.png'
35:32.318  render           | Saved: '/tmp/clearvla_eval_glass_41453.png'
35:32.727  render           | Saved: '/tmp/clearvla_eval_glass_41453.png'
35:33.097  render           | Saved: '/tmp/clearvla_eval_glass_41453.png'
35:33.496  render           | Saved: '/tmp/clearvla_eval_glass_41453.png'
35:33.863  render           | Saved: '/tmp/clearvla_eval_glass_41453.png'
35:34.274  render           | Saved: '/tmp/clearvla_eval_glass_41453.png'
35:34.641  render           | Saved: '/tmp/clearvla_eval_glass_41453.png'
35:35.049  render           | Saved: '/tmp/clearvla_eval_glass_41453.png'
35:35.418  render           | Saved: '/tmp/clearvla_eval_glass_41453.png'
35:35.845  render           | Saved: '/tmp/clearvla_eval_glass_41453.png'
35:36.194  render           | Saved: '/tmp/clearvla_eval_glass_41453.png'
35:36.614  render           | Saved: '/tmp/clearvla_eval_glass_41453.png'
35:36.958  render           | Saved: '/tmp/clearvla_eval_glass_41453.png'
35:37.376  render           | Saved: '/tmp/clearvla_eval_glass_41453.png'
35:37.731  render           | Saved: '/tmp/clearvla_eval_glass_41453.png'
35:38.129  render           | Saved: '/tmp/clearvla_eval_glass_41453.png'
35:38.468  render           | Saved: '/tmp/clearvla_eval_glass_41453.png'
35:38.873  render           | Saved: '/tmp/clearvla_eval_glass_41453.png'
35:39.216  render           | Saved: '/tmp/clearvla_eval_glass_41453.png'
35:39.618  render           | Saved: '/tmp/clearvla_eval_glass_41453.png'
35:39.956  render           | Saved: '/tmp/clearvla_eval_glass_41453.png'
35:40.358  render           | Saved: '/tmp/clearvla_eval_glass_41453.png'
35:40.697  render           | Saved: '/tmp/clearvla_eval_glass_41453.png'
35:41.107  render           | Saved: '/tmp/clearvla_eval_glass_41453.png'
35:41.449  render           | Saved: '/tmp/clearvla_eval_glass_41453.png'
35:41.860  render           | Saved: '/tmp/clearvla_eval_glass_41453.png'
35:42.202  render           | Saved: '/tmp/clearvla_eval_glass_41453.png'
35:42.624  render           | Saved: '/tmp/clearvla_eval_glass_41453.png'
35:42.979  render           | Saved: '/tmp/clearvla_eval_glass_41453.png'
35:43.400  render           | Saved: '/tmp/clearvla_eval_glass_41453.png'
35:43.736  render           | Saved: '/tmp/clearvla_eval_glass_41453.png'
35:44.150  render           | Saved: '/tmp/clearvla_eval_glass_41453.png'
35:44.487  render           | Saved: '/tmp/clearvla_eval_glass_41453.png'
35:44.912  render           | Saved: '/tmp/clearvla_eval_glass_41453.png'
35:45.247  render           | Saved: '/tmp/clearvla_eval_glass_41453.png'
35:45.657  render           | Saved: '/tmp/clearvla_eval_glass_41453.png'
35:45.993  render           | Saved: '/tmp/clearvla_eval_glass_41453.png'
35:46.409  render           | Saved: '/tmp/clearvla_eval_glass_41453.png'
35:46.745  render           | Saved: '/tmp/clearvla_eval_glass_41453.png'
35:47.168  render           | Saved: '/tmp/clearvla_eval_glass_41453.png'
35:47.502  render           | Saved: '/tmp/clearvla_eval_glass_41453.png'
35:47.914  render           | Saved: '/tmp/clearvla_eval_glass_41453.png'
35:48.249  render           | Saved: '/tmp/clearvla_eval_glass_41453.png'
35:48.672  render           | Saved: '/tmp/clearvla_eval_glass_41453.png'
35:49.004  render           | Saved: '/tmp/clearvla_eval_glass_41453.png'
35:49.427  render           | Saved: '/tmp/clearvla_eval_glass_41453.png'
35:49.761  render           | Saved: '/tmp/clearvla_eval_glass_41453.png'
35:50.182  render           | Saved: '/tmp/clearvla_eval_glass_41453.png'
35:50.521  render           | Saved: '/tmp/clearvla_eval_glass_41453.png'
35:50.935  render           | Saved: '/tmp/clearvla_eval_glass_41453.png'
35:51.269  render           | Saved: '/tmp/clearvla_eval_glass_41453.png'
35:51.682  render           | Saved: '/tmp/clearvla_eval_glass_41453.png'
35:52.032  render           | Saved: '/tmp/clearvla_eval_glass_41453.png'
35:52.441  render           | Saved: '/tmp/clearvla_eval_glass_41453.png'
35:52.775  render           | Saved: '/tmp/clearvla_eval_glass_41453.png'
35:53.188  render           | Saved: '/tmp/clearvla_eval_glass_41453.png'
35:53.530  render           | Saved: '/tmp/clearvla_eval_glass_41453.png'
35:53.943  render           | Saved: '/tmp/clearvla_eval_glass_41453.png'
35:54.277  render           | Saved: '/tmp/clearvla_eval_glass_41453.png'
35:54.685  render           | Saved: '/tmp/clearvla_eval_glass_41453.png'
35:55.020  render           | Saved: '/tmp/clearvla_eval_glass_41453.png'
35:55.433  render           | Saved: '/tmp/clearvla_eval_glass_41453.png'
35:55.774  render           | Saved: '/tmp/clearvla_eval_glass_41453.png'
35:56.188  render           | Saved: '/tmp/clearvla_eval_glass_41453.png'
35:56.522  render           | Saved: '/tmp/clearvla_eval_glass_41453.png'
35:56.932  render           | Saved: '/tmp/clearvla_eval_glass_41453.png'
35:57.272  render           | Saved: '/tmp/clearvla_eval_glass_41453.png'
35:57.683  render           | Saved: '/tmp/clearvla_eval_glass_41453.png'
35:58.029  render           | Saved: '/tmp/clearvla_eval_glass_41453.png'
35:58.845  render           | Saved: '/tmp/clearvla_eval_glass_41453.png'
35:59.200  render           | Saved: '/tmp/clearvla_eval_glass_41453.png'
35:59.629  render           | Saved: '/tmp/clearvla_eval_glass_41453.png'
35:59.969  render           | Saved: '/tmp/clearvla_eval_glass_41453.png'
36:00.375  render           | Saved: '/tmp/clearvla_eval_glass_41453.png'
36:00.712  render           | Saved: '/tmp/clearvla_eval_glass_41453.png'
36:01.113  render           | Saved: '/tmp/clearvla_eval_glass_41453.png'
36:01.451  render           | Saved: '/tmp/clearvla_eval_glass_41453.png'
36:01.850  render           | Saved: '/tmp/clearvla_eval_glass_41453.png'
36:02.184  render           | Saved: '/tmp/clearvla_eval_glass_41453.png'
36:02.587  render           | Saved: '/tmp/clearvla_eval_glass_41453.png'
36:02.924  render           | Saved: '/tmp/clearvla_eval_glass_41453.png'
36:03.330  render           | Saved: '/tmp/clearvla_eval_glass_41453.png'
36:03.671  render           | Saved: '/tmp/clearvla_eval_glass_41453.png'
36:04.074  render           | Saved: '/tmp/clearvla_eval_glass_41453.png'
36:04.407  render           | Saved: '/tmp/clearvla_eval_glass_41453.png'
36:04.812  render           | Saved: '/tmp/clearvla_eval_glass_41453.png'
36:05.148  render           | Saved: '/tmp/clearvla_eval_glass_41453.png'
36:05.551  render           | Saved: '/tmp/clearvla_eval_glass_41453.png'
36:05.884  render           | Saved: '/tmp/clearvla_eval_glass_41453.png'
36:06.299  render           | Saved: '/tmp/clearvla_eval_glass_41453.png'
36:06.663  render           | Saved: '/tmp/clearvla_eval_glass_41453.png'
36:07.074  render           | Saved: '/tmp/clearvla_eval_glass_41453.png'
36:07.483  render           | Saved: '/tmp/clearvla_eval_glass_41453.png'
36:07.889  render           | Saved: '/tmp/clearvla_eval_glass_41453.png'
36:08.256  render           | Saved: '/tmp/clearvla_eval_glass_41453.png'
36:08.679  render           | Saved: '/tmp/clearvla_eval_glass_41453.png'
36:09.032  render           | Saved: '/tmp/clearvla_eval_glass_41453.png'
36:09.455  render           | Saved: '/tmp/clearvla_eval_glass_41453.png'
36:09.798  render           | Saved: '/tmp/clearvla_eval_glass_41453.png'
36:10.211  render           | Saved: '/tmp/clearvla_eval_glass_41453.png'
36:10.551  render           | Saved: '/tmp/clearvla_eval_glass_41453.png'
36:10.965  render           | Saved: '/tmp/clearvla_eval_glass_41453.png'
36:11.307  render           | Saved: '/tmp/clearvla_eval_glass_41453.png'
36:11.715  render           | Saved: '/tmp/clearvla_eval_glass_41453.png'
36:12.055  render           | Saved: '/tmp/clearvla_eval_glass_41453.png'
36:12.464  render           | Saved: '/tmp/clearvla_eval_glass_41453.png'
36:12.803  render           | Saved: '/tmp/clearvla_eval_glass_41453.png'
36:13.209  render           | Saved: '/tmp/clearvla_eval_glass_41453.png'
36:13.544  render           | Saved: '/tmp/clearvla_eval_glass_41453.png'
36:13.964  render           | Saved: '/tmp/clearvla_eval_glass_41453.png'
36:14.315  render           | Saved: '/tmp/clearvla_eval_glass_41453.png'
36:14.734  render           | Saved: '/tmp/clearvla_eval_glass_41453.png'
36:15.072  render           | Saved: '/tmp/clearvla_eval_glass_41453.png'
36:15.488  render           | Saved: '/tmp/clearvla_eval_glass_41453.png'
36:15.825  render           | Saved: '/tmp/clearvla_eval_glass_41453.png'
36:16.233  render           | Saved: '/tmp/clearvla_eval_glass_41453.png'
36:16.572  render           | Saved: '/tmp/clearvla_eval_glass_41453.png'
36:16.994  render           | Saved: '/tmp/clearvla_eval_glass_41453.png'
36:17.332  render           | Saved: '/tmp/clearvla_eval_glass_41453.png'
36:17.737  render           | Saved: '/tmp/clearvla_eval_glass_41453.png'
36:18.073  render           | Saved: '/tmp/clearvla_eval_glass_41453.png'
36:18.482  render           | Saved: '/tmp/clearvla_eval_glass_41453.png'
36:18.815  render           | Saved: '/tmp/clearvla_eval_glass_41453.png'
36:19.225  render           | Saved: '/tmp/clearvla_eval_glass_41453.png'
36:19.555  render           | Saved: '/tmp/clearvla_eval_glass_41453.png'
36:19.984  render           | Saved: '/tmp/clearvla_eval_glass_41453.png'
36:20.331  render           | Saved: '/tmp/clearvla_eval_glass_41453.png'
36:20.757  render           | Saved: '/tmp/clearvla_eval_glass_41453.png'
36:21.099  render           | Saved: '/tmp/clearvla_eval_glass_41453.png'
36:21.510  render           | Saved: '/tmp/clearvla_eval_glass_41453.png'
36:21.863  render           | Saved: '/tmp/clearvla_eval_glass_41453.png'
36:22.287  render           | Saved: '/tmp/clearvla_eval_glass_41453.png'
36:22.632  render           | Saved: '/tmp/clearvla_eval_glass_41453.png'
36:23.050  render           | Saved: '/tmp/clearvla_eval_glass_41453.png'
36:23.399  render           | Saved: '/tmp/clearvla_eval_glass_41453.png'
36:23.816  render           | Saved: '/tmp/clearvla_eval_glass_41453.png'
36:24.170  render           | Saved: '/tmp/clearvla_eval_glass_41453.png'
36:24.593  render           | Saved: '/tmp/clearvla_eval_glass_41453.png'
36:24.929  render           | Saved: '/tmp/clearvla_eval_glass_41453.png'
36:25.357  render           | Saved: '/tmp/clearvla_eval_glass_41453.png'
36:25.694  render           | Saved: '/tmp/clearvla_eval_glass_41453.png'
36:26.110  render           | Saved: '/tmp/clearvla_eval_glass_41453.png'
36:26.454  render           | Saved: '/tmp/clearvla_eval_glass_41453.png'
36:26.880  render           | Saved: '/tmp/clearvla_eval_glass_41453.png'
36:27.216  render           | Saved: '/tmp/clearvla_eval_glass_41453.png'
36:28.035  render           | Saved: '/tmp/clearvla_eval_glass_41453.png'
36:28.372  render           | Saved: '/tmp/clearvla_eval_glass_41453.png'
36:28.793  render           | Saved: '/tmp/clearvla_eval_glass_41453.png'
36:29.135  render           | Saved: '/tmp/clearvla_eval_glass_41453.png'
36:29.556  render           | Saved: '/tmp/clearvla_eval_glass_41453.png'
36:29.892  render           | Saved: '/tmp/clearvla_eval_glass_41453.png'
36:30.298  render           | Saved: '/tmp/clearvla_eval_glass_41453.png'
36:30.635  render           | Saved: '/tmp/clearvla_eval_glass_41453.png'
36:31.050  render           | Saved: '/tmp/clearvla_eval_glass_41453.png'
36:31.386  render           | Saved: '/tmp/clearvla_eval_glass_41453.png'
36:31.801  render           | Saved: '/tmp/clearvla_eval_glass_41453.png'
36:32.139  render           | Saved: '/tmp/clearvla_eval_glass_41453.png'
36:32.545  render           | Saved: '/tmp/clearvla_eval_glass_41453.png'
36:32.880  render           | Saved: '/tmp/clearvla_eval_glass_41453.png'
36:33.291  render           | Saved: '/tmp/clearvla_eval_glass_41453.png'
36:33.642  render           | Saved: '/tmp/clearvla_eval_glass_41453.png'
36:34.050  render           | Saved: '/tmp/clearvla_eval_glass_41453.png'
36:34.406  render           | Saved: '/tmp/clearvla_eval_glass_41453.png'
36:34.834  render           | Saved: '/tmp/clearvla_eval_glass_41453.png'
36:35.179  render           | Saved: '/tmp/clearvla_eval_glass_41453.png'
36:35.598  render           | Saved: '/tmp/clearvla_eval_glass_41453.png'
36:35.949  render           | Saved: '/tmp/clearvla_eval_glass_41453.png'
36:36.366  render           | Saved: '/tmp/clearvla_eval_glass_41453.png'
36:36.721  render           | Saved: '/tmp/clearvla_eval_glass_41453.png'
36:37.128  render           | Saved: '/tmp/clearvla_eval_glass_41453.png'
36:37.473  render           | Saved: '/tmp/clearvla_eval_glass_41453.png'
36:37.874  render           | Saved: '/tmp/clearvla_eval_glass_41453.png'
36:38.206  render           | Saved: '/tmp/clearvla_eval_glass_41453.png'
36:38.608  render           | Saved: '/tmp/clearvla_eval_glass_41453.png'
36:38.947  render           | Saved: '/tmp/clearvla_eval_glass_41453.png'
36:39.346  render           | Saved: '/tmp/clearvla_eval_glass_41453.png'
36:39.680  render           | Saved: '/tmp/clearvla_eval_glass_41453.png'
36:40.082  render           | Saved: '/tmp/clearvla_eval_glass_41453.png'
36:40.416  render           | Saved: '/tmp/clearvla_eval_glass_41453.png'
36:40.816  render           | Saved: '/tmp/clearvla_eval_glass_41453.png'
36:41.157  render           | Saved: '/tmp/clearvla_eval_glass_41453.png'
36:41.559  render           | Saved: '/tmp/clearvla_eval_glass_41453.png'
36:41.896  render           | Saved: '/tmp/clearvla_eval_glass_41453.png'
36:42.292  render           | Saved: '/tmp/clearvla_eval_glass_41453.png'
36:42.625  render           | Saved: '/tmp/clearvla_eval_glass_41453.png'
36:43.027  render           | Saved: '/tmp/clearvla_eval_glass_41453.png'
36:43.359  render           | Saved: '/tmp/clearvla_eval_glass_41453.png'
36:43.777  render           | Saved: '/tmp/clearvla_eval_glass_41453.png'
36:44.147  render           | Saved: '/tmp/clearvla_eval_glass_41453.png'
36:44.548  render           | Saved: '/tmp/clearvla_eval_glass_41453.png'
36:44.962  render           | Saved: '/tmp/clearvla_eval_glass_41453.png'
36:45.365  render           | Saved: '/tmp/clearvla_eval_glass_41453.png'
36:45.754  render           | Saved: '/tmp/clearvla_eval_glass_41453.png'
36:46.166  render           | Saved: '/tmp/clearvla_eval_glass_41453.png'
36:46.528  render           | Saved: '/tmp/clearvla_eval_glass_41453.png'
36:46.937  render           | Saved: '/tmp/clearvla_eval_glass_41453.png'
36:47.300  render           | Saved: '/tmp/clearvla_eval_glass_41453.png'
36:47.702  render           | Saved: '/tmp/clearvla_eval_glass_41453.png'
36:48.072  render           | Saved: '/tmp/clearvla_eval_glass_41453.png'
36:48.476  render           | Saved: '/tmp/clearvla_eval_glass_41453.png'
36:48.843  render           | Saved: '/tmp/clearvla_eval_glass_41453.png'
36:49.243  render           | Saved: '/tmp/clearvla_eval_glass_41453.png'
36:49.613  render           | Saved: '/tmp/clearvla_eval_glass_41453.png'
36:50.052  render           | Saved: '/tmp/clearvla_eval_glass_41453.png'
36:50.400  render           | Saved: '/tmp/clearvla_eval_glass_41453.png'
36:50.826  render           | Saved: '/tmp/clearvla_eval_glass_41453.png'
36:51.174  render           | Saved: '/tmp/clearvla_eval_glass_41453.png'
36:51.600  render           | Saved: '/tmp/clearvla_eval_glass_41453.png'
36:51.954  render           | Saved: '/tmp/clearvla_eval_glass_41453.png'
36:52.361  render           | Saved: '/tmp/clearvla_eval_glass_41453.png'
36:52.699  render           | Saved: '/tmp/clearvla_eval_glass_41453.png'
36:53.108  render           | Saved: '/tmp/clearvla_eval_glass_41453.png'
36:53.448  render           | Saved: '/tmp/clearvla_eval_glass_41453.png'
36:53.851  render           | Saved: '/tmp/clearvla_eval_glass_41453.png'
36:54.188  render           | Saved: '/tmp/clearvla_eval_glass_41453.png'
36:54.592  render           | Saved: '/tmp/clearvla_eval_glass_41453.png'
36:54.925  render           | Saved: '/tmp/clearvla_eval_glass_41453.png'
36:55.331  render           | Saved: '/tmp/clearvla_eval_glass_41453.png'
36:55.666  render           | Saved: '/tmp/clearvla_eval_glass_41453.png'
36:56.073  render           | Saved: '/tmp/clearvla_eval_glass_41453.png'
36:56.409  render           | Saved: '/tmp/clearvla_eval_glass_41453.png'
[prune50/glass] pour: 10/50  (36.8 min, 28.8 s/ep)
36:57.244  render           | Saved: '/tmp/clearvla_eval_glass_41453.png'
36:57.578  render           | Saved: '/tmp/clearvla_eval_glass_41453.png'
36:57.990  render           | Saved: '/tmp/clearvla_eval_glass_41453.png'
36:58.325  render           | Saved: '/tmp/clearvla_eval_glass_41453.png'
36:58.738  render           | Saved: '/tmp/clearvla_eval_glass_41453.png'
36:59.074  render           | Saved: '/tmp/clearvla_eval_glass_41453.png'
36:59.497  render           | Saved: '/tmp/clearvla_eval_glass_41453.png'
36:59.847  render           | Saved: '/tmp/clearvla_eval_glass_41453.png'
37:00.275  render           | Saved: '/tmp/clearvla_eval_glass_41453.png'
37:00.617  render           | Saved: '/tmp/clearvla_eval_glass_41453.png'
37:01.029  render           | Saved: '/tmp/clearvla_eval_glass_41453.png'
37:01.383  render           | Saved: '/tmp/clearvla_eval_glass_41453.png'
37:01.806  render           | Saved: '/tmp/clearvla_eval_glass_41453.png'
37:02.148  render           | Saved: '/tmp/clearvla_eval_glass_41453.png'
37:02.566  render           | Saved: '/tmp/clearvla_eval_glass_41453.png'
37:02.918  render           | Saved: '/tmp/clearvla_eval_glass_41453.png'
37:03.320  render           | Saved: '/tmp/clearvla_eval_glass_41453.png'
37:03.656  render           | Saved: '/tmp/clearvla_eval_glass_41453.png'
37:04.494  render           | Saved: '/tmp/clearvla_eval_glass_41453.png'
37:04.824  render           | Saved: '/tmp/clearvla_eval_glass_41453.png'
37:05.233  render           | Saved: '/tmp/clearvla_eval_glass_41453.png'
37:05.569  render           | Saved: '/tmp/clearvla_eval_glass_41453.png'
37:05.976  render           | Saved: '/tmp/clearvla_eval_glass_41453.png'
37:06.311  render           | Saved: '/tmp/clearvla_eval_glass_41453.png'
37:06.725  render           | Saved: '/tmp/clearvla_eval_glass_41453.png'
37:07.086  render           | Saved: '/tmp/clearvla_eval_glass_41453.png'
37:07.496  render           | Saved: '/tmp/clearvla_eval_glass_41453.png'
37:07.831  render           | Saved: '/tmp/clearvla_eval_glass_41453.png'
37:08.238  render           | Saved: '/tmp/clearvla_eval_glass_41453.png'
37:08.575  render           | Saved: '/tmp/clearvla_eval_glass_41453.png'
37:08.982  render           | Saved: '/tmp/clearvla_eval_glass_41453.png'
37:09.316  render           | Saved: '/tmp/clearvla_eval_glass_41453.png'
37:09.715  render           | Saved: '/tmp/clearvla_eval_glass_41453.png'
37:10.052  render           | Saved: '/tmp/clearvla_eval_glass_41453.png'
37:10.448  render           | Saved: '/tmp/clearvla_eval_glass_41453.png'
37:10.779  render           | Saved: '/tmp/clearvla_eval_glass_41453.png'
37:11.612  render           | Saved: '/tmp/clearvla_eval_glass_41453.png'
37:11.947  render           | Saved: '/tmp/clearvla_eval_glass_41453.png'
37:12.374  render           | Saved: '/tmp/clearvla_eval_glass_41453.png'
37:12.715  render           | Saved: '/tmp/clearvla_eval_glass_41453.png'
37:13.137  render           | Saved: '/tmp/clearvla_eval_glass_41453.png'
37:13.473  render           | Saved: '/tmp/clearvla_eval_glass_41453.png'
37:13.884  render           | Saved: '/tmp/clearvla_eval_glass_41453.png'
37:14.218  render           | Saved: '/tmp/clearvla_eval_glass_41453.png'
37:14.638  render           | Saved: '/tmp/clearvla_eval_glass_41453.png'
37:14.989  render           | Saved: '/tmp/clearvla_eval_glass_41453.png'
37:15.399  render           | Saved: '/tmp/clearvla_eval_glass_41453.png'
37:15.732  render           | Saved: '/tmp/clearvla_eval_glass_41453.png'
37:16.135  render           | Saved: '/tmp/clearvla_eval_glass_41453.png'
37:16.474  render           | Saved: '/tmp/clearvla_eval_glass_41453.png'
37:16.876  render           | Saved: '/tmp/clearvla_eval_glass_41453.png'
37:17.208  render           | Saved: '/tmp/clearvla_eval_glass_41453.png'
37:17.609  render           | Saved: '/tmp/clearvla_eval_glass_41453.png'
37:17.944  render           | Saved: '/tmp/clearvla_eval_glass_41453.png'
37:18.790  render           | Saved: '/tmp/clearvla_eval_glass_41453.png'
37:19.122  render           | Saved: '/tmp/clearvla_eval_glass_41453.png'
37:19.551  render           | Saved: '/tmp/clearvla_eval_glass_41453.png'
37:19.908  render           | Saved: '/tmp/clearvla_eval_glass_41453.png'
37:20.329  render           | Saved: '/tmp/clearvla_eval_glass_41453.png'
37:20.671  render           | Saved: '/tmp/clearvla_eval_glass_41453.png'
37:21.087  render           | Saved: '/tmp/clearvla_eval_glass_41453.png'
37:21.448  render           | Saved: '/tmp/clearvla_eval_glass_41453.png'
37:21.878  render           | Saved: '/tmp/clearvla_eval_glass_41453.png'
37:22.227  render           | Saved: '/tmp/clearvla_eval_glass_41453.png'
37:22.667  render           | Saved: '/tmp/clearvla_eval_glass_41453.png'
37:23.017  render           | Saved: '/tmp/clearvla_eval_glass_41453.png'
37:23.465  render           | Saved: '/tmp/clearvla_eval_glass_41453.png'
37:23.817  render           | Saved: '/tmp/clearvla_eval_glass_41453.png'
37:24.303  render           | Saved: '/tmp/clearvla_eval_glass_41453.png'
37:24.660  render           | Saved: '/tmp/clearvla_eval_glass_41453.png'
37:25.088  render           | Saved: '/tmp/clearvla_eval_glass_41453.png'
37:25.439  render           | Saved: '/tmp/clearvla_eval_glass_41453.png'
37:26.276  render           | Saved: '/tmp/clearvla_eval_glass_41453.png'
37:26.624  render           | Saved: '/tmp/clearvla_eval_glass_41453.png'
37:27.045  render           | Saved: '/tmp/clearvla_eval_glass_41453.png'
37:27.396  render           | Saved: '/tmp/clearvla_eval_glass_41453.png'
37:27.814  render           | Saved: '/tmp/clearvla_eval_glass_41453.png'
37:28.170  render           | Saved: '/tmp/clearvla_eval_glass_41453.png'
37:28.584  render           | Saved: '/tmp/clearvla_eval_glass_41453.png'
37:28.932  render           | Saved: '/tmp/clearvla_eval_glass_41453.png'
37:29.347  render           | Saved: '/tmp/clearvla_eval_glass_41453.png'
37:29.724  render           | Saved: '/tmp/clearvla_eval_glass_41453.png'
37:30.137  render           | Saved: '/tmp/clearvla_eval_glass_41453.png'
37:30.506  render           | Saved: '/tmp/clearvla_eval_glass_41453.png'
37:30.921  render           | Saved: '/tmp/clearvla_eval_glass_41453.png'
37:31.311  render           | Saved: '/tmp/clearvla_eval_glass_41453.png'
37:31.712  render           | Saved: '/tmp/clearvla_eval_glass_41453.png'
37:32.083  render           | Saved: '/tmp/clearvla_eval_glass_41453.png'
37:32.487  render           | Saved: '/tmp/clearvla_eval_glass_41453.png'
37:32.898  render           | Saved: '/tmp/clearvla_eval_glass_41453.png'
37:33.700  render           | Saved: '/tmp/clearvla_eval_glass_41453.png'
37:34.037  render           | Saved: '/tmp/clearvla_eval_glass_41453.png'
37:34.459  render           | Saved: '/tmp/clearvla_eval_glass_41453.png'
37:34.792  render           | Saved: '/tmp/clearvla_eval_glass_41453.png'
37:35.201  render           | Saved: '/tmp/clearvla_eval_glass_41453.png'
37:35.537  render           | Saved: '/tmp/clearvla_eval_glass_41453.png'
37:35.952  render           | Saved: '/tmp/clearvla_eval_glass_41453.png'
37:36.284  render           | Saved: '/tmp/clearvla_eval_glass_41453.png'
37:36.686  render           | Saved: '/tmp/clearvla_eval_glass_41453.png'
37:37.019  render           | Saved: '/tmp/clearvla_eval_glass_41453.png'
37:37.445  render           | Saved: '/tmp/clearvla_eval_glass_41453.png'
37:37.810  render           | Saved: '/tmp/clearvla_eval_glass_41453.png'
37:38.242  render           | Saved: '/tmp/clearvla_eval_glass_41453.png'
37:38.599  render           | Saved: '/tmp/clearvla_eval_glass_41453.png'
37:39.001  render           | Saved: '/tmp/clearvla_eval_glass_41453.png'
37:39.365  render           | Saved: '/tmp/clearvla_eval_glass_41453.png'
37:39.757  render           | Saved: '/tmp/clearvla_eval_glass_41453.png'
37:40.121  render           | Saved: '/tmp/clearvla_eval_glass_41453.png'
37:40.941  render           | Saved: '/tmp/clearvla_eval_glass_41453.png'
37:41.270  render           | Saved: '/tmp/clearvla_eval_glass_41453.png'
37:41.673  render           | Saved: '/tmp/clearvla_eval_glass_41453.png'
37:42.003  render           | Saved: '/tmp/clearvla_eval_glass_41453.png'
37:42.405  render           | Saved: '/tmp/clearvla_eval_glass_41453.png'
37:42.740  render           | Saved: '/tmp/clearvla_eval_glass_41453.png'
37:43.147  render           | Saved: '/tmp/clearvla_eval_glass_41453.png'
37:43.483  render           | Saved: '/tmp/clearvla_eval_glass_41453.png'
37:43.889  render           | Saved: '/tmp/clearvla_eval_glass_41453.png'
37:44.228  render           | Saved: '/tmp/clearvla_eval_glass_41453.png'
37:44.636  render           | Saved: '/tmp/clearvla_eval_glass_41453.png'
37:44.973  render           | Saved: '/tmp/clearvla_eval_glass_41453.png'
37:45.401  render           | Saved: '/tmp/clearvla_eval_glass_41453.png'
37:45.746  render           | Saved: '/tmp/clearvla_eval_glass_41453.png'
37:46.159  render           | Saved: '/tmp/clearvla_eval_glass_41453.png'
37:46.509  render           | Saved: '/tmp/clearvla_eval_glass_41453.png'
37:46.908  render           | Saved: '/tmp/clearvla_eval_glass_41453.png'
37:47.277  render           | Saved: '/tmp/clearvla_eval_glass_41453.png'
37:48.103  render           | Saved: '/tmp/clearvla_eval_glass_41453.png'
37:48.442  render           | Saved: '/tmp/clearvla_eval_glass_41453.png'
37:48.874  render           | Saved: '/tmp/clearvla_eval_glass_41453.png'
37:49.206  render           | Saved: '/tmp/clearvla_eval_glass_41453.png'
37:49.614  render           | Saved: '/tmp/clearvla_eval_glass_41453.png'
37:49.948  render           | Saved: '/tmp/clearvla_eval_glass_41453.png'
37:50.353  render           | Saved: '/tmp/clearvla_eval_glass_41453.png'
37:50.690  render           | Saved: '/tmp/clearvla_eval_glass_41453.png'
37:51.105  render           | Saved: '/tmp/clearvla_eval_glass_41453.png'
37:51.443  render           | Saved: '/tmp/clearvla_eval_glass_41453.png'
37:51.848  render           | Saved: '/tmp/clearvla_eval_glass_41453.png'
37:52.188  render           | Saved: '/tmp/clearvla_eval_glass_41453.png'
37:52.615  render           | Saved: '/tmp/clearvla_eval_glass_41453.png'
37:52.974  render           | Saved: '/tmp/clearvla_eval_glass_41453.png'
37:53.385  render           | Saved: '/tmp/clearvla_eval_glass_41453.png'
37:53.732  render           | Saved: '/tmp/clearvla_eval_glass_41453.png'
37:54.148  render           | Saved: '/tmp/clearvla_eval_glass_41453.png'
37:54.500  render           | Saved: '/tmp/clearvla_eval_glass_41453.png'
37:55.317  render           | Saved: '/tmp/clearvla_eval_glass_41453.png'
37:55.668  render           | Saved: '/tmp/clearvla_eval_glass_41453.png'
37:56.095  render           | Saved: '/tmp/clearvla_eval_glass_41453.png'
37:56.434  render           | Saved: '/tmp/clearvla_eval_glass_41453.png'
37:56.850  render           | Saved: '/tmp/clearvla_eval_glass_41453.png'
37:57.193  render           | Saved: '/tmp/clearvla_eval_glass_41453.png'
37:57.612  render           | Saved: '/tmp/clearvla_eval_glass_41453.png'
37:57.953  render           | Saved: '/tmp/clearvla_eval_glass_41453.png'
37:58.368  render           | Saved: '/tmp/clearvla_eval_glass_41453.png'
37:58.704  render           | Saved: '/tmp/clearvla_eval_glass_41453.png'
37:59.113  render           | Saved: '/tmp/clearvla_eval_glass_41453.png'
37:59.447  render           | Saved: '/tmp/clearvla_eval_glass_41453.png'
37:59.856  render           | Saved: '/tmp/clearvla_eval_glass_41453.png'
38:00.190  render           | Saved: '/tmp/clearvla_eval_glass_41453.png'
38:00.611  render           | Saved: '/tmp/clearvla_eval_glass_41453.png'
38:00.967  render           | Saved: '/tmp/clearvla_eval_glass_41453.png'
38:01.367  render           | Saved: '/tmp/clearvla_eval_glass_41453.png'
38:01.738  render           | Saved: '/tmp/clearvla_eval_glass_41453.png'
38:02.555  render           | Saved: '/tmp/clearvla_eval_glass_41453.png'
38:02.888  render           | Saved: '/tmp/clearvla_eval_glass_41453.png'
38:03.294  render           | Saved: '/tmp/clearvla_eval_glass_41453.png'
38:03.628  render           | Saved: '/tmp/clearvla_eval_glass_41453.png'
38:04.040  render           | Saved: '/tmp/clearvla_eval_glass_41453.png'
38:04.374  render           | Saved: '/tmp/clearvla_eval_glass_41453.png'
38:04.777  render           | Saved: '/tmp/clearvla_eval_glass_41453.png'
38:05.110  render           | Saved: '/tmp/clearvla_eval_glass_41453.png'
38:05.524  render           | Saved: '/tmp/clearvla_eval_glass_41453.png'
38:05.861  render           | Saved: '/tmp/clearvla_eval_glass_41453.png'
38:06.273  render           | Saved: '/tmp/clearvla_eval_glass_41453.png'
38:06.611  render           | Saved: '/tmp/clearvla_eval_glass_41453.png'
38:07.016  render           | Saved: '/tmp/clearvla_eval_glass_41453.png'
38:07.351  render           | Saved: '/tmp/clearvla_eval_glass_41453.png'
38:07.774  render           | Saved: '/tmp/clearvla_eval_glass_41453.png'
38:08.148  render           | Saved: '/tmp/clearvla_eval_glass_41453.png'
38:08.546  render           | Saved: '/tmp/clearvla_eval_glass_41453.png'
38:08.916  render           | Saved: '/tmp/clearvla_eval_glass_41453.png'
[prune50/glass] insert: 10/10  (38.0 min, 6.8 s/ep)
38:09.740  render           | Saved: '/tmp/clearvla_eval_glass_41453.png'
38:10.083  render           | Saved: '/tmp/clearvla_eval_glass_41453.png'
38:10.515  render           | Saved: '/tmp/clearvla_eval_glass_41453.png'
38:10.850  render           | Saved: '/tmp/clearvla_eval_glass_41453.png'
38:11.273  render           | Saved: '/tmp/clearvla_eval_glass_41453.png'
38:11.623  render           | Saved: '/tmp/clearvla_eval_glass_41453.png'
38:12.041  render           | Saved: '/tmp/clearvla_eval_glass_41453.png'
38:12.383  render           | Saved: '/tmp/clearvla_eval_glass_41453.png'
38:12.802  render           | Saved: '/tmp/clearvla_eval_glass_41453.png'
38:13.161  render           | Saved: '/tmp/clearvla_eval_glass_41453.png'
38:13.573  render           | Saved: '/tmp/clearvla_eval_glass_41453.png'
38:13.914  render           | Saved: '/tmp/clearvla_eval_glass_41453.png'
38:14.336  render           | Saved: '/tmp/clearvla_eval_glass_41453.png'
38:14.686  render           | Saved: '/tmp/clearvla_eval_glass_41453.png'
38:15.103  render           | Saved: '/tmp/clearvla_eval_glass_41453.png'
38:15.445  render           | Saved: '/tmp/clearvla_eval_glass_41453.png'
38:15.866  render           | Saved: '/tmp/clearvla_eval_glass_41453.png'
38:16.214  render           | Saved: '/tmp/clearvla_eval_glass_41453.png'
38:17.033  render           | Saved: '/tmp/clearvla_eval_glass_41453.png'
38:17.373  render           | Saved: '/tmp/clearvla_eval_glass_41453.png'
38:17.778  render           | Saved: '/tmp/clearvla_eval_glass_41453.png'
38:18.115  render           | Saved: '/tmp/clearvla_eval_glass_41453.png'
38:18.533  render           | Saved: '/tmp/clearvla_eval_glass_41453.png'
38:18.870  render           | Saved: '/tmp/clearvla_eval_glass_41453.png'
38:19.279  render           | Saved: '/tmp/clearvla_eval_glass_41453.png'
38:19.614  render           | Saved: '/tmp/clearvla_eval_glass_41453.png'
38:20.023  render           | Saved: '/tmp/clearvla_eval_glass_41453.png'
38:20.362  render           | Saved: '/tmp/clearvla_eval_glass_41453.png'
38:20.761  render           | Saved: '/tmp/clearvla_eval_glass_41453.png'
38:21.099  render           | Saved: '/tmp/clearvla_eval_glass_41453.png'
38:21.499  render           | Saved: '/tmp/clearvla_eval_glass_41453.png'
38:21.835  render           | Saved: '/tmp/clearvla_eval_glass_41453.png'
38:22.253  render           | Saved: '/tmp/clearvla_eval_glass_41453.png'
38:22.620  render           | Saved: '/tmp/clearvla_eval_glass_41453.png'
38:23.022  render           | Saved: '/tmp/clearvla_eval_glass_41453.png'
38:23.389  render           | Saved: '/tmp/clearvla_eval_glass_41453.png'
38:24.214  render           | Saved: '/tmp/clearvla_eval_glass_41453.png'
38:24.546  render           | Saved: '/tmp/clearvla_eval_glass_41453.png'
38:24.976  render           | Saved: '/tmp/clearvla_eval_glass_41453.png'
38:25.331  render           | Saved: '/tmp/clearvla_eval_glass_41453.png'
38:25.747  render           | Saved: '/tmp/clearvla_eval_glass_41453.png'
38:26.082  render           | Saved: '/tmp/clearvla_eval_glass_41453.png'
38:26.506  render           | Saved: '/tmp/clearvla_eval_glass_41453.png'
38:26.852  render           | Saved: '/tmp/clearvla_eval_glass_41453.png'
38:27.275  render           | Saved: '/tmp/clearvla_eval_glass_41453.png'
38:27.618  render           | Saved: '/tmp/clearvla_eval_glass_41453.png'
38:28.043  render           | Saved: '/tmp/clearvla_eval_glass_41453.png'
38:28.399  render           | Saved: '/tmp/clearvla_eval_glass_41453.png'
38:28.812  render           | Saved: '/tmp/clearvla_eval_glass_41453.png'
38:29.159  render           | Saved: '/tmp/clearvla_eval_glass_41453.png'
38:29.576  render           | Saved: '/tmp/clearvla_eval_glass_41453.png'
38:29.925  render           | Saved: '/tmp/clearvla_eval_glass_41453.png'
38:30.325  render           | Saved: '/tmp/clearvla_eval_glass_41453.png'
38:30.671  render           | Saved: '/tmp/clearvla_eval_glass_41453.png'
38:31.495  render           | Saved: '/tmp/clearvla_eval_glass_41453.png'
38:31.830  render           | Saved: '/tmp/clearvla_eval_glass_41453.png'
38:32.270  render           | Saved: '/tmp/clearvla_eval_glass_41453.png'
38:32.604  render           | Saved: '/tmp/clearvla_eval_glass_41453.png'
38:33.021  render           | Saved: '/tmp/clearvla_eval_glass_41453.png'
38:33.375  render           | Saved: '/tmp/clearvla_eval_glass_41453.png'
38:33.787  render           | Saved: '/tmp/clearvla_eval_glass_41453.png'
38:34.135  render           | Saved: '/tmp/clearvla_eval_glass_41453.png'
38:34.551  render           | Saved: '/tmp/clearvla_eval_glass_41453.png'
38:34.890  render           | Saved: '/tmp/clearvla_eval_glass_41453.png'
38:35.316  render           | Saved: '/tmp/clearvla_eval_glass_41453.png'
38:35.655  render           | Saved: '/tmp/clearvla_eval_glass_41453.png'
38:36.070  render           | Saved: '/tmp/clearvla_eval_glass_41453.png'
38:36.428  render           | Saved: '/tmp/clearvla_eval_glass_41453.png'
38:36.854  render           | Saved: '/tmp/clearvla_eval_glass_41453.png'
38:37.196  render           | Saved: '/tmp/clearvla_eval_glass_41453.png'
38:37.615  render           | Saved: '/tmp/clearvla_eval_glass_41453.png'
38:37.956  render           | Saved: '/tmp/clearvla_eval_glass_41453.png'
38:38.366  render           | Saved: '/tmp/clearvla_eval_glass_41453.png'
38:38.708  render           | Saved: '/tmp/clearvla_eval_glass_41453.png'
38:39.525  render           | Saved: '/tmp/clearvla_eval_glass_41453.png'
38:39.872  render           | Saved: '/tmp/clearvla_eval_glass_41453.png'
38:40.299  render           | Saved: '/tmp/clearvla_eval_glass_41453.png'
38:40.643  render           | Saved: '/tmp/clearvla_eval_glass_41453.png'
38:41.055  render           | Saved: '/tmp/clearvla_eval_glass_41453.png'
38:41.399  render           | Saved: '/tmp/clearvla_eval_glass_41453.png'
38:41.805  render           | Saved: '/tmp/clearvla_eval_glass_41453.png'
38:42.157  render           | Saved: '/tmp/clearvla_eval_glass_41453.png'
38:42.573  render           | Saved: '/tmp/clearvla_eval_glass_41453.png'
38:42.912  render           | Saved: '/tmp/clearvla_eval_glass_41453.png'
38:43.321  render           | Saved: '/tmp/clearvla_eval_glass_41453.png'
38:43.667  render           | Saved: '/tmp/clearvla_eval_glass_41453.png'
38:44.090  render           | Saved: '/tmp/clearvla_eval_glass_41453.png'
38:44.423  render           | Saved: '/tmp/clearvla_eval_glass_41453.png'
38:44.847  render           | Saved: '/tmp/clearvla_eval_glass_41453.png'
38:45.185  render           | Saved: '/tmp/clearvla_eval_glass_41453.png'
38:45.590  render           | Saved: '/tmp/clearvla_eval_glass_41453.png'
38:45.930  render           | Saved: '/tmp/clearvla_eval_glass_41453.png'
38:46.339  render           | Saved: '/tmp/clearvla_eval_glass_41453.png'
38:46.681  render           | Saved: '/tmp/clearvla_eval_glass_41453.png'
38:47.502  render           | Saved: '/tmp/clearvla_eval_glass_41453.png'
38:47.841  render           | Saved: '/tmp/clearvla_eval_glass_41453.png'
38:48.254  render           | Saved: '/tmp/clearvla_eval_glass_41453.png'
38:48.608  render           | Saved: '/tmp/clearvla_eval_glass_41453.png'
38:49.020  render           | Saved: '/tmp/clearvla_eval_glass_41453.png'
38:49.351  render           | Saved: '/tmp/clearvla_eval_glass_41453.png'
38:49.760  render           | Saved: '/tmp/clearvla_eval_glass_41453.png'
38:50.090  render           | Saved: '/tmp/clearvla_eval_glass_41453.png'
38:50.510  render           | Saved: '/tmp/clearvla_eval_glass_41453.png'
38:50.850  render           | Saved: '/tmp/clearvla_eval_glass_41453.png'
38:51.273  render           | Saved: '/tmp/clearvla_eval_glass_41453.png'
38:51.627  render           | Saved: '/tmp/clearvla_eval_glass_41453.png'
38:52.055  render           | Saved: '/tmp/clearvla_eval_glass_41453.png'
38:52.404  render           | Saved: '/tmp/clearvla_eval_glass_41453.png'
38:52.810  render           | Saved: '/tmp/clearvla_eval_glass_41453.png'
38:53.171  render           | Saved: '/tmp/clearvla_eval_glass_41453.png'
38:53.568  render           | Saved: '/tmp/clearvla_eval_glass_41453.png'
38:53.934  render           | Saved: '/tmp/clearvla_eval_glass_41453.png'
38:54.337  render           | Saved: '/tmp/clearvla_eval_glass_41453.png'
38:54.734  render           | Saved: '/tmp/clearvla_eval_glass_41453.png'
38:55.555  render           | Saved: '/tmp/clearvla_eval_glass_41453.png'
38:55.887  render           | Saved: '/tmp/clearvla_eval_glass_41453.png'
38:56.290  render           | Saved: '/tmp/clearvla_eval_glass_41453.png'
38:56.629  render           | Saved: '/tmp/clearvla_eval_glass_41453.png'
38:57.034  render           | Saved: '/tmp/clearvla_eval_glass_41453.png'
38:57.370  render           | Saved: '/tmp/clearvla_eval_glass_41453.png'
38:57.778  render           | Saved: '/tmp/clearvla_eval_glass_41453.png'
38:58.115  render           | Saved: '/tmp/clearvla_eval_glass_41453.png'
38:58.531  render           | Saved: '/tmp/clearvla_eval_glass_41453.png'
38:58.888  render           | Saved: '/tmp/clearvla_eval_glass_41453.png'
38:59.316  render           | Saved: '/tmp/clearvla_eval_glass_41453.png'
38:59.658  render           | Saved: '/tmp/clearvla_eval_glass_41453.png'
39:00.081  render           | Saved: '/tmp/clearvla_eval_glass_41453.png'
39:00.432  render           | Saved: '/tmp/clearvla_eval_glass_41453.png'
39:00.857  render           | Saved: '/tmp/clearvla_eval_glass_41453.png'
39:01.205  render           | Saved: '/tmp/clearvla_eval_glass_41453.png'
39:01.629  render           | Saved: '/tmp/clearvla_eval_glass_41453.png'
39:01.966  render           | Saved: '/tmp/clearvla_eval_glass_41453.png'
39:02.374  render           | Saved: '/tmp/clearvla_eval_glass_41453.png'
39:02.712  render           | Saved: '/tmp/clearvla_eval_glass_41453.png'
39:03.531  render           | Saved: '/tmp/clearvla_eval_glass_41453.png'
39:03.868  render           | Saved: '/tmp/clearvla_eval_glass_41453.png'
39:04.284  render           | Saved: '/tmp/clearvla_eval_glass_41453.png'
39:04.625  render           | Saved: '/tmp/clearvla_eval_glass_41453.png'
39:05.038  render           | Saved: '/tmp/clearvla_eval_glass_41453.png'
39:05.376  render           | Saved: '/tmp/clearvla_eval_glass_41453.png'
39:05.790  render           | Saved: '/tmp/clearvla_eval_glass_41453.png'
39:06.127  render           | Saved: '/tmp/clearvla_eval_glass_41453.png'
39:06.552  render           | Saved: '/tmp/clearvla_eval_glass_41453.png'
39:06.888  render           | Saved: '/tmp/clearvla_eval_glass_41453.png'
39:07.291  render           | Saved: '/tmp/clearvla_eval_glass_41453.png'
39:07.624  render           | Saved: '/tmp/clearvla_eval_glass_41453.png'
39:08.031  render           | Saved: '/tmp/clearvla_eval_glass_41453.png'
39:08.368  render           | Saved: '/tmp/clearvla_eval_glass_41453.png'
39:08.785  render           | Saved: '/tmp/clearvla_eval_glass_41453.png'
39:09.129  render           | Saved: '/tmp/clearvla_eval_glass_41453.png'
39:09.550  render           | Saved: '/tmp/clearvla_eval_glass_41453.png'
39:09.904  render           | Saved: '/tmp/clearvla_eval_glass_41453.png'
39:10.725  render           | Saved: '/tmp/clearvla_eval_glass_41453.png'
39:11.061  render           | Saved: '/tmp/clearvla_eval_glass_41453.png'
39:11.477  render           | Saved: '/tmp/clearvla_eval_glass_41453.png'
39:11.833  render           | Saved: '/tmp/clearvla_eval_glass_41453.png'
39:12.265  render           | Saved: '/tmp/clearvla_eval_glass_41453.png'
39:12.604  render           | Saved: '/tmp/clearvla_eval_glass_41453.png'
39:13.027  render           | Saved: '/tmp/clearvla_eval_glass_41453.png'
39:13.384  render           | Saved: '/tmp/clearvla_eval_glass_41453.png'
39:13.795  render           | Saved: '/tmp/clearvla_eval_glass_41453.png'
39:14.138  render           | Saved: '/tmp/clearvla_eval_glass_41453.png'
39:14.564  render           | Saved: '/tmp/clearvla_eval_glass_41453.png'
39:14.907  render           | Saved: '/tmp/clearvla_eval_glass_41453.png'
39:15.317  render           | Saved: '/tmp/clearvla_eval_glass_41453.png'
39:15.659  render           | Saved: '/tmp/clearvla_eval_glass_41453.png'
39:16.068  render           | Saved: '/tmp/clearvla_eval_glass_41453.png'
39:16.410  render           | Saved: '/tmp/clearvla_eval_glass_41453.png'
39:16.809  render           | Saved: '/tmp/clearvla_eval_glass_41453.png'
39:17.156  render           | Saved: '/tmp/clearvla_eval_glass_41453.png'
39:17.980  render           | Saved: '/tmp/clearvla_eval_glass_41453.png'
39:18.318  render           | Saved: '/tmp/clearvla_eval_glass_41453.png'
39:18.732  render           | Saved: '/tmp/clearvla_eval_glass_41453.png'
39:19.086  render           | Saved: '/tmp/clearvla_eval_glass_41453.png'
39:19.498  render           | Saved: '/tmp/clearvla_eval_glass_41453.png'
39:19.835  render           | Saved: '/tmp/clearvla_eval_glass_41453.png'
39:20.255  render           | Saved: '/tmp/clearvla_eval_glass_41453.png'
39:20.607  render           | Saved: '/tmp/clearvla_eval_glass_41453.png'
39:21.022  render           | Saved: '/tmp/clearvla_eval_glass_41453.png'
39:21.371  render           | Saved: '/tmp/clearvla_eval_glass_41453.png'
39:21.775  render           | Saved: '/tmp/clearvla_eval_glass_41453.png'
39:22.121  render           | Saved: '/tmp/clearvla_eval_glass_41453.png'
39:22.543  render           | Saved: '/tmp/clearvla_eval_glass_41453.png'
39:22.877  render           | Saved: '/tmp/clearvla_eval_glass_41453.png'
39:23.272  render           | Saved: '/tmp/clearvla_eval_glass_41453.png'
39:23.612  render           | Saved: '/tmp/clearvla_eval_glass_41453.png'
39:24.017  render           | Saved: '/tmp/clearvla_eval_glass_41453.png'
39:24.369  render           | Saved: '/tmp/clearvla_eval_glass_41453.png'
[prune50/glass] insert: 20/20  (39.3 min, 6.8 s/ep)
39:25.202  render           | Saved: '/tmp/clearvla_eval_glass_41453.png'
39:25.551  render           | Saved: '/tmp/clearvla_eval_glass_41453.png'
39:25.973  render           | Saved: '/tmp/clearvla_eval_glass_41453.png'
39:26.324  render           | Saved: '/tmp/clearvla_eval_glass_41453.png'
39:26.742  render           | Saved: '/tmp/clearvla_eval_glass_41453.png'
39:27.081  render           | Saved: '/tmp/clearvla_eval_glass_41453.png'
39:27.499  render           | Saved: '/tmp/clearvla_eval_glass_41453.png'
39:27.839  render           | Saved: '/tmp/clearvla_eval_glass_41453.png'
39:28.247  render           | Saved: '/tmp/clearvla_eval_glass_41453.png'
39:28.587  render           | Saved: '/tmp/clearvla_eval_glass_41453.png'
39:28.988  render           | Saved: '/tmp/clearvla_eval_glass_41453.png'
39:29.335  render           | Saved: '/tmp/clearvla_eval_glass_41453.png'
39:29.756  render           | Saved: '/tmp/clearvla_eval_glass_41453.png'
39:30.100  render           | Saved: '/tmp/clearvla_eval_glass_41453.png'
39:30.518  render           | Saved: '/tmp/clearvla_eval_glass_41453.png'
39:30.872  render           | Saved: '/tmp/clearvla_eval_glass_41453.png'
39:31.271  render           | Saved: '/tmp/clearvla_eval_glass_41453.png'
39:31.631  render           | Saved: '/tmp/clearvla_eval_glass_41453.png'
39:32.443  render           | Saved: '/tmp/clearvla_eval_glass_41453.png'
39:32.776  render           | Saved: '/tmp/clearvla_eval_glass_41453.png'
39:33.196  render           | Saved: '/tmp/clearvla_eval_glass_41453.png'
39:33.530  render           | Saved: '/tmp/clearvla_eval_glass_41453.png'
39:33.937  render           | Saved: '/tmp/clearvla_eval_glass_41453.png'
39:34.270  render           | Saved: '/tmp/clearvla_eval_glass_41453.png'
39:34.675  render           | Saved: '/tmp/clearvla_eval_glass_41453.png'
39:35.011  render           | Saved: '/tmp/clearvla_eval_glass_41453.png'
39:35.417  render           | Saved: '/tmp/clearvla_eval_glass_41453.png'
39:35.750  render           | Saved: '/tmp/clearvla_eval_glass_41453.png'
39:36.154  render           | Saved: '/tmp/clearvla_eval_glass_41453.png'
39:36.488  render           | Saved: '/tmp/clearvla_eval_glass_41453.png'
39:36.895  render           | Saved: '/tmp/clearvla_eval_glass_41453.png'
39:37.224  render           | Saved: '/tmp/clearvla_eval_glass_41453.png'
39:37.629  render           | Saved: '/tmp/clearvla_eval_glass_41453.png'
39:38.028  render           | Saved: '/tmp/clearvla_eval_glass_41453.png'
39:38.423  render           | Saved: '/tmp/clearvla_eval_glass_41453.png'
39:38.809  render           | Saved: '/tmp/clearvla_eval_glass_41453.png'
39:39.626  render           | Saved: '/tmp/clearvla_eval_glass_41453.png'
39:39.955  render           | Saved: '/tmp/clearvla_eval_glass_41453.png'
39:40.364  render           | Saved: '/tmp/clearvla_eval_glass_41453.png'
39:40.698  render           | Saved: '/tmp/clearvla_eval_glass_41453.png'
39:41.102  render           | Saved: '/tmp/clearvla_eval_glass_41453.png'
39:41.441  render           | Saved: '/tmp/clearvla_eval_glass_41453.png'
39:41.847  render           | Saved: '/tmp/clearvla_eval_glass_41453.png'
39:42.186  render           | Saved: '/tmp/clearvla_eval_glass_41453.png'
39:42.592  render           | Saved: '/tmp/clearvla_eval_glass_41453.png'
39:42.927  render           | Saved: '/tmp/clearvla_eval_glass_41453.png'
39:43.333  render           | Saved: '/tmp/clearvla_eval_glass_41453.png'
39:43.670  render           | Saved: '/tmp/clearvla_eval_glass_41453.png'
39:44.070  render           | Saved: '/tmp/clearvla_eval_glass_41453.png'
39:44.410  render           | Saved: '/tmp/clearvla_eval_glass_41453.png'
39:44.823  render           | Saved: '/tmp/clearvla_eval_glass_41453.png'
39:45.215  render           | Saved: '/tmp/clearvla_eval_glass_41453.png'
39:45.619  render           | Saved: '/tmp/clearvla_eval_glass_41453.png'
39:45.991  render           | Saved: '/tmp/clearvla_eval_glass_41453.png'
39:46.804  render           | Saved: '/tmp/clearvla_eval_glass_41453.png'
39:47.152  render           | Saved: '/tmp/clearvla_eval_glass_41453.png'
39:47.569  render           | Saved: '/tmp/clearvla_eval_glass_41453.png'
39:47.922  render           | Saved: '/tmp/clearvla_eval_glass_41453.png'
39:48.339  render           | Saved: '/tmp/clearvla_eval_glass_41453.png'
39:48.688  render           | Saved: '/tmp/clearvla_eval_glass_41453.png'
39:49.108  render           | Saved: '/tmp/clearvla_eval_glass_41453.png'
39:49.455  render           | Saved: '/tmp/clearvla_eval_glass_41453.png'
39:49.875  render           | Saved: '/tmp/clearvla_eval_glass_41453.png'
39:50.237  render           | Saved: '/tmp/clearvla_eval_glass_41453.png'
39:50.654  render           | Saved: '/tmp/clearvla_eval_glass_41453.png'
39:50.997  render           | Saved: '/tmp/clearvla_eval_glass_41453.png'
39:51.404  render           | Saved: '/tmp/clearvla_eval_glass_41453.png'
39:51.739  render           | Saved: '/tmp/clearvla_eval_glass_41453.png'
39:52.141  render           | Saved: '/tmp/clearvla_eval_glass_41453.png'
39:52.475  render           | Saved: '/tmp/clearvla_eval_glass_41453.png'
39:52.887  render           | Saved: '/tmp/clearvla_eval_glass_41453.png'
39:53.251  render           | Saved: '/tmp/clearvla_eval_glass_41453.png'
39:54.059  render           | Saved: '/tmp/clearvla_eval_glass_41453.png'
39:54.396  render           | Saved: '/tmp/clearvla_eval_glass_41453.png'
39:54.812  render           | Saved: '/tmp/clearvla_eval_glass_41453.png'
39:55.143  render           | Saved: '/tmp/clearvla_eval_glass_41453.png'
39:55.540  render           | Saved: '/tmp/clearvla_eval_glass_41453.png'
39:55.874  render           | Saved: '/tmp/clearvla_eval_glass_41453.png'
39:56.274  render           | Saved: '/tmp/clearvla_eval_glass_41453.png'
39:56.604  render           | Saved: '/tmp/clearvla_eval_glass_41453.png'
39:57.013  render           | Saved: '/tmp/clearvla_eval_glass_41453.png'
39:57.347  render           | Saved: '/tmp/clearvla_eval_glass_41453.png'
39:57.755  render           | Saved: '/tmp/clearvla_eval_glass_41453.png'
39:58.090  render           | Saved: '/tmp/clearvla_eval_glass_41453.png'
39:58.503  render           | Saved: '/tmp/clearvla_eval_glass_41453.png'
39:58.837  render           | Saved: '/tmp/clearvla_eval_glass_41453.png'
39:59.229  render           | Saved: '/tmp/clearvla_eval_glass_41453.png'
39:59.565  render           | Saved: '/tmp/clearvla_eval_glass_41453.png'
39:59.975  render           | Saved: '/tmp/clearvla_eval_glass_41453.png'
40:00.345  render           | Saved: '/tmp/clearvla_eval_glass_41453.png'
40:01.169  render           | Saved: '/tmp/clearvla_eval_glass_41453.png'
40:01.492  render           | Saved: '/tmp/clearvla_eval_glass_41453.png'
40:01.903  render           | Saved: '/tmp/clearvla_eval_glass_41453.png'
40:02.238  render           | Saved: '/tmp/clearvla_eval_glass_41453.png'
40:02.642  render           | Saved: '/tmp/clearvla_eval_glass_41453.png'
40:02.976  render           | Saved: '/tmp/clearvla_eval_glass_41453.png'
40:03.383  render           | Saved: '/tmp/clearvla_eval_glass_41453.png'
40:03.718  render           | Saved: '/tmp/clearvla_eval_glass_41453.png'
40:04.123  render           | Saved: '/tmp/clearvla_eval_glass_41453.png'
40:04.455  render           | Saved: '/tmp/clearvla_eval_glass_41453.png'
40:04.863  render           | Saved: '/tmp/clearvla_eval_glass_41453.png'
40:05.200  render           | Saved: '/tmp/clearvla_eval_glass_41453.png'
40:05.607  render           | Saved: '/tmp/clearvla_eval_glass_41453.png'
40:05.945  render           | Saved: '/tmp/clearvla_eval_glass_41453.png'
40:06.346  render           | Saved: '/tmp/clearvla_eval_glass_41453.png'
40:06.679  render           | Saved: '/tmp/clearvla_eval_glass_41453.png'
40:07.093  render           | Saved: '/tmp/clearvla_eval_glass_41453.png'
40:07.485  render           | Saved: '/tmp/clearvla_eval_glass_41453.png'
40:07.883  render           | Saved: '/tmp/clearvla_eval_glass_41453.png'
40:08.251  render           | Saved: '/tmp/clearvla_eval_glass_41453.png'
40:09.084  render           | Saved: '/tmp/clearvla_eval_glass_41453.png'
40:09.430  render           | Saved: '/tmp/clearvla_eval_glass_41453.png'
40:09.854  render           | Saved: '/tmp/clearvla_eval_glass_41453.png'
40:10.202  render           | Saved: '/tmp/clearvla_eval_glass_41453.png'
40:10.624  render           | Saved: '/tmp/clearvla_eval_glass_41453.png'
40:10.971  render           | Saved: '/tmp/clearvla_eval_glass_41453.png'
40:11.391  render           | Saved: '/tmp/clearvla_eval_glass_41453.png'
40:11.738  render           | Saved: '/tmp/clearvla_eval_glass_41453.png'
40:12.156  render           | Saved: '/tmp/clearvla_eval_glass_41453.png'
40:12.504  render           | Saved: '/tmp/clearvla_eval_glass_41453.png'
40:12.918  render           | Saved: '/tmp/clearvla_eval_glass_41453.png'
40:13.269  render           | Saved: '/tmp/clearvla_eval_glass_41453.png'
40:13.687  render           | Saved: '/tmp/clearvla_eval_glass_41453.png'
40:14.032  render           | Saved: '/tmp/clearvla_eval_glass_41453.png'
40:14.445  render           | Saved: '/tmp/clearvla_eval_glass_41453.png'
40:14.824  render           | Saved: '/tmp/clearvla_eval_glass_41453.png'
40:15.239  render           | Saved: '/tmp/clearvla_eval_glass_41453.png'
40:15.609  render           | Saved: '/tmp/clearvla_eval_glass_41453.png'
40:16.007  render           | Saved: '/tmp/clearvla_eval_glass_41453.png'
40:16.373  render           | Saved: '/tmp/clearvla_eval_glass_41453.png'
40:17.196  render           | Saved: '/tmp/clearvla_eval_glass_41453.png'
40:17.542  render           | Saved: '/tmp/clearvla_eval_glass_41453.png'
40:17.964  render           | Saved: '/tmp/clearvla_eval_glass_41453.png'
40:18.308  render           | Saved: '/tmp/clearvla_eval_glass_41453.png'
40:18.727  render           | Saved: '/tmp/clearvla_eval_glass_41453.png'
40:19.076  render           | Saved: '/tmp/clearvla_eval_glass_41453.png'
40:19.491  render           | Saved: '/tmp/clearvla_eval_glass_41453.png'
40:19.839  render           | Saved: '/tmp/clearvla_eval_glass_41453.png'
40:20.258  render           | Saved: '/tmp/clearvla_eval_glass_41453.png'
40:20.605  render           | Saved: '/tmp/clearvla_eval_glass_41453.png'
40:21.024  render           | Saved: '/tmp/clearvla_eval_glass_41453.png'
40:21.371  render           | Saved: '/tmp/clearvla_eval_glass_41453.png'
40:21.792  render           | Saved: '/tmp/clearvla_eval_glass_41453.png'
40:22.172  render           | Saved: '/tmp/clearvla_eval_glass_41453.png'
40:22.579  render           | Saved: '/tmp/clearvla_eval_glass_41453.png'
40:22.947  render           | Saved: '/tmp/clearvla_eval_glass_41453.png'
40:23.350  render           | Saved: '/tmp/clearvla_eval_glass_41453.png'
40:23.732  render           | Saved: '/tmp/clearvla_eval_glass_41453.png'
40:24.549  render           | Saved: '/tmp/clearvla_eval_glass_41453.png'
40:24.892  render           | Saved: '/tmp/clearvla_eval_glass_41453.png'
40:25.315  render           | Saved: '/tmp/clearvla_eval_glass_41453.png'
40:25.662  render           | Saved: '/tmp/clearvla_eval_glass_41453.png'
40:26.082  render           | Saved: '/tmp/clearvla_eval_glass_41453.png'
40:26.429  render           | Saved: '/tmp/clearvla_eval_glass_41453.png'
40:26.851  render           | Saved: '/tmp/clearvla_eval_glass_41453.png'
40:27.193  render           | Saved: '/tmp/clearvla_eval_glass_41453.png'
40:27.610  render           | Saved: '/tmp/clearvla_eval_glass_41453.png'
40:27.959  render           | Saved: '/tmp/clearvla_eval_glass_41453.png'
40:28.375  render           | Saved: '/tmp/clearvla_eval_glass_41453.png'
40:28.727  render           | Saved: '/tmp/clearvla_eval_glass_41453.png'
40:29.148  render           | Saved: '/tmp/clearvla_eval_glass_41453.png'
40:29.554  render           | Saved: '/tmp/clearvla_eval_glass_41453.png'
40:29.952  render           | Saved: '/tmp/clearvla_eval_glass_41453.png'
40:30.330  render           | Saved: '/tmp/clearvla_eval_glass_41453.png'
40:30.731  render           | Saved: '/tmp/clearvla_eval_glass_41453.png'
40:31.099  render           | Saved: '/tmp/clearvla_eval_glass_41453.png'
40:31.918  render           | Saved: '/tmp/clearvla_eval_glass_41453.png'
40:32.263  render           | Saved: '/tmp/clearvla_eval_glass_41453.png'
40:32.685  render           | Saved: '/tmp/clearvla_eval_glass_41453.png'
40:33.031  render           | Saved: '/tmp/clearvla_eval_glass_41453.png'
40:33.458  render           | Saved: '/tmp/clearvla_eval_glass_41453.png'
40:33.803  render           | Saved: '/tmp/clearvla_eval_glass_41453.png'
40:34.220  render           | Saved: '/tmp/clearvla_eval_glass_41453.png'
40:34.572  render           | Saved: '/tmp/clearvla_eval_glass_41453.png'
40:34.992  render           | Saved: '/tmp/clearvla_eval_glass_41453.png'
40:35.342  render           | Saved: '/tmp/clearvla_eval_glass_41453.png'
40:35.765  render           | Saved: '/tmp/clearvla_eval_glass_41453.png'
40:36.109  render           | Saved: '/tmp/clearvla_eval_glass_41453.png'
40:36.524  render           | Saved: '/tmp/clearvla_eval_glass_41453.png'
40:36.872  render           | Saved: '/tmp/clearvla_eval_glass_41453.png'
40:37.290  render           | Saved: '/tmp/clearvla_eval_glass_41453.png'
40:37.637  render           | Saved: '/tmp/clearvla_eval_glass_41453.png'
40:38.036  render           | Saved: '/tmp/clearvla_eval_glass_41453.png'
40:38.372  render           | Saved: '/tmp/clearvla_eval_glass_41453.png'
[prune50/glass] insert: 30/30  (40.5 min, 6.9 s/ep)
40:39.189  render           | Saved: '/tmp/clearvla_eval_glass_41453.png'
40:39.533  render           | Saved: '/tmp/clearvla_eval_glass_41453.png'
40:39.960  render           | Saved: '/tmp/clearvla_eval_glass_41453.png'
40:40.294  render           | Saved: '/tmp/clearvla_eval_glass_41453.png'
40:40.706  render           | Saved: '/tmp/clearvla_eval_glass_41453.png'
40:41.038  render           | Saved: '/tmp/clearvla_eval_glass_41453.png'
40:41.449  render           | Saved: '/tmp/clearvla_eval_glass_41453.png'
40:41.787  render           | Saved: '/tmp/clearvla_eval_glass_41453.png'
40:42.197  render           | Saved: '/tmp/clearvla_eval_glass_41453.png'
40:42.531  render           | Saved: '/tmp/clearvla_eval_glass_41453.png'
40:42.948  render           | Saved: '/tmp/clearvla_eval_glass_41453.png'
40:43.283  render           | Saved: '/tmp/clearvla_eval_glass_41453.png'
40:43.690  render           | Saved: '/tmp/clearvla_eval_glass_41453.png'
40:44.024  render           | Saved: '/tmp/clearvla_eval_glass_41453.png'
40:44.429  render           | Saved: '/tmp/clearvla_eval_glass_41453.png'
40:44.765  render           | Saved: '/tmp/clearvla_eval_glass_41453.png'
40:45.164  render           | Saved: '/tmp/clearvla_eval_glass_41453.png'
40:45.496  render           | Saved: '/tmp/clearvla_eval_glass_41453.png'
40:45.909  render           | Saved: '/tmp/clearvla_eval_glass_41453.png'
40:46.245  render           | Saved: '/tmp/clearvla_eval_glass_41453.png'
40:47.069  render           | Saved: '/tmp/clearvla_eval_glass_41453.png'
40:47.411  render           | Saved: '/tmp/clearvla_eval_glass_41453.png'
40:47.842  render           | Saved: '/tmp/clearvla_eval_glass_41453.png'
40:48.184  render           | Saved: '/tmp/clearvla_eval_glass_41453.png'
40:48.609  render           | Saved: '/tmp/clearvla_eval_glass_41453.png'
40:48.950  render           | Saved: '/tmp/clearvla_eval_glass_41453.png'
40:49.382  render           | Saved: '/tmp/clearvla_eval_glass_41453.png'
40:49.735  render           | Saved: '/tmp/clearvla_eval_glass_41453.png'
40:50.181  render           | Saved: '/tmp/clearvla_eval_glass_41453.png'
40:50.526  render           | Saved: '/tmp/clearvla_eval_glass_41453.png'
40:51.002  render           | Saved: '/tmp/clearvla_eval_glass_41453.png'
40:51.370  render           | Saved: '/tmp/clearvla_eval_glass_41453.png'
40:51.786  render           | Saved: '/tmp/clearvla_eval_glass_41453.png'
40:52.164  render           | Saved: '/tmp/clearvla_eval_glass_41453.png'
40:52.566  render           | Saved: '/tmp/clearvla_eval_glass_41453.png'
40:52.939  render           | Saved: '/tmp/clearvla_eval_glass_41453.png'
40:53.350  render           | Saved: '/tmp/clearvla_eval_glass_41453.png'
40:53.721  render           | Saved: '/tmp/clearvla_eval_glass_41453.png'
40:54.546  render           | Saved: '/tmp/clearvla_eval_glass_41453.png'
40:54.882  render           | Saved: '/tmp/clearvla_eval_glass_41453.png'
40:55.289  render           | Saved: '/tmp/clearvla_eval_glass_41453.png'
40:55.625  render           | Saved: '/tmp/clearvla_eval_glass_41453.png'
40:56.034  render           | Saved: '/tmp/clearvla_eval_glass_41453.png'
40:56.366  render           | Saved: '/tmp/clearvla_eval_glass_41453.png'
40:56.769  render           | Saved: '/tmp/clearvla_eval_glass_41453.png'
40:57.103  render           | Saved: '/tmp/clearvla_eval_glass_41453.png'
40:57.506  render           | Saved: '/tmp/clearvla_eval_glass_41453.png'
40:57.843  render           | Saved: '/tmp/clearvla_eval_glass_41453.png'
40:58.270  render           | Saved: '/tmp/clearvla_eval_glass_41453.png'
40:58.624  render           | Saved: '/tmp/clearvla_eval_glass_41453.png'
40:59.040  render           | Saved: '/tmp/clearvla_eval_glass_41453.png'
40:59.389  render           | Saved: '/tmp/clearvla_eval_glass_41453.png'
40:59.793  render           | Saved: '/tmp/clearvla_eval_glass_41453.png'
41:00.157  render           | Saved: '/tmp/clearvla_eval_glass_41453.png'
41:00.581  render           | Saved: '/tmp/clearvla_eval_glass_41453.png'
41:00.926  render           | Saved: '/tmp/clearvla_eval_glass_41453.png'
41:01.739  render           | Saved: '/tmp/clearvla_eval_glass_41453.png'
41:02.090  render           | Saved: '/tmp/clearvla_eval_glass_41453.png'
41:02.504  render           | Saved: '/tmp/clearvla_eval_glass_41453.png'
41:02.864  render           | Saved: '/tmp/clearvla_eval_glass_41453.png'
41:03.282  render           | Saved: '/tmp/clearvla_eval_glass_41453.png'
41:03.614  render           | Saved: '/tmp/clearvla_eval_glass_41453.png'
41:04.021  render           | Saved: '/tmp/clearvla_eval_glass_41453.png'
41:04.355  render           | Saved: '/tmp/clearvla_eval_glass_41453.png'
41:04.766  render           | Saved: '/tmp/clearvla_eval_glass_41453.png'
41:05.102  render           | Saved: '/tmp/clearvla_eval_glass_41453.png'
41:05.508  render           | Saved: '/tmp/clearvla_eval_glass_41453.png'
41:05.845  render           | Saved: '/tmp/clearvla_eval_glass_41453.png'
41:06.266  render           | Saved: '/tmp/clearvla_eval_glass_41453.png'
41:06.617  render           | Saved: '/tmp/clearvla_eval_glass_41453.png'
41:07.024  render           | Saved: '/tmp/clearvla_eval_glass_41453.png'
41:07.385  render           | Saved: '/tmp/clearvla_eval_glass_41453.png'
41:07.802  render           | Saved: '/tmp/clearvla_eval_glass_41453.png'
41:08.149  render           | Saved: '/tmp/clearvla_eval_glass_41453.png'
41:08.975  render           | Saved: '/tmp/clearvla_eval_glass_41453.png'
41:09.308  render           | Saved: '/tmp/clearvla_eval_glass_41453.png'
41:09.732  render           | Saved: '/tmp/clearvla_eval_glass_41453.png'
41:10.065  render           | Saved: '/tmp/clearvla_eval_glass_41453.png'
41:10.487  render           | Saved: '/tmp/clearvla_eval_glass_41453.png'
41:10.835  render           | Saved: '/tmp/clearvla_eval_glass_41453.png'
41:11.251  render           | Saved: '/tmp/clearvla_eval_glass_41453.png'
41:11.605  render           | Saved: '/tmp/clearvla_eval_glass_41453.png'
41:12.020  render           | Saved: '/tmp/clearvla_eval_glass_41453.png'
41:12.377  render           | Saved: '/tmp/clearvla_eval_glass_41453.png'
41:12.790  render           | Saved: '/tmp/clearvla_eval_glass_41453.png'
41:13.129  render           | Saved: '/tmp/clearvla_eval_glass_41453.png'
41:13.554  render           | Saved: '/tmp/clearvla_eval_glass_41453.png'
41:13.901  render           | Saved: '/tmp/clearvla_eval_glass_41453.png'
41:14.313  render           | Saved: '/tmp/clearvla_eval_glass_41453.png'
41:14.661  render           | Saved: '/tmp/clearvla_eval_glass_41453.png'
41:15.068  render           | Saved: '/tmp/clearvla_eval_glass_41453.png'
41:15.421  render           | Saved: '/tmp/clearvla_eval_glass_41453.png'
41:15.839  render           | Saved: '/tmp/clearvla_eval_glass_41453.png'
41:16.186  render           | Saved: '/tmp/clearvla_eval_glass_41453.png'
41:17.009  render           | Saved: '/tmp/clearvla_eval_glass_41453.png'
41:17.346  render           | Saved: '/tmp/clearvla_eval_glass_41453.png'
41:17.752  render           | Saved: '/tmp/clearvla_eval_glass_41453.png'
41:18.086  render           | Saved: '/tmp/clearvla_eval_glass_41453.png'
41:18.495  render           | Saved: '/tmp/clearvla_eval_glass_41453.png'
41:18.828  render           | Saved: '/tmp/clearvla_eval_glass_41453.png'
41:19.231  render           | Saved: '/tmp/clearvla_eval_glass_41453.png'
41:19.562  render           | Saved: '/tmp/clearvla_eval_glass_41453.png'
41:19.970  render           | Saved: '/tmp/clearvla_eval_glass_41453.png'
41:20.309  render           | Saved: '/tmp/clearvla_eval_glass_41453.png'
41:20.732  render           | Saved: '/tmp/clearvla_eval_glass_41453.png'
41:21.100  render           | Saved: '/tmp/clearvla_eval_glass_41453.png'
41:21.532  render           | Saved: '/tmp/clearvla_eval_glass_41453.png'
41:21.874  render           | Saved: '/tmp/clearvla_eval_glass_41453.png'
41:22.299  render           | Saved: '/tmp/clearvla_eval_glass_41453.png'
41:22.643  render           | Saved: '/tmp/clearvla_eval_glass_41453.png'
41:23.052  render           | Saved: '/tmp/clearvla_eval_glass_41453.png'
41:23.397  render           | Saved: '/tmp/clearvla_eval_glass_41453.png'
41:24.217  render           | Saved: '/tmp/clearvla_eval_glass_41453.png'
41:24.548  render           | Saved: '/tmp/clearvla_eval_glass_41453.png'
41:24.958  render           | Saved: '/tmp/clearvla_eval_glass_41453.png'
41:25.291  render           | Saved: '/tmp/clearvla_eval_glass_41453.png'
41:25.690  render           | Saved: '/tmp/clearvla_eval_glass_41453.png'
41:26.021  render           | Saved: '/tmp/clearvla_eval_glass_41453.png'
41:26.426  render           | Saved: '/tmp/clearvla_eval_glass_41453.png'
41:26.758  render           | Saved: '/tmp/clearvla_eval_glass_41453.png'
41:27.160  render           | Saved: '/tmp/clearvla_eval_glass_41453.png'
41:27.495  render           | Saved: '/tmp/clearvla_eval_glass_41453.png'
41:27.898  render           | Saved: '/tmp/clearvla_eval_glass_41453.png'
41:28.237  render           | Saved: '/tmp/clearvla_eval_glass_41453.png'
41:28.661  render           | Saved: '/tmp/clearvla_eval_glass_41453.png'
41:29.014  render           | Saved: '/tmp/clearvla_eval_glass_41453.png'
41:29.411  render           | Saved: '/tmp/clearvla_eval_glass_41453.png'
41:29.781  render           | Saved: '/tmp/clearvla_eval_glass_41453.png'
41:30.190  render           | Saved: '/tmp/clearvla_eval_glass_41453.png'
41:30.556  render           | Saved: '/tmp/clearvla_eval_glass_41453.png'
41:31.374  render           | Saved: '/tmp/clearvla_eval_glass_41453.png'
41:31.720  render           | Saved: '/tmp/clearvla_eval_glass_41453.png'
41:32.138  render           | Saved: '/tmp/clearvla_eval_glass_41453.png'
41:32.484  render           | Saved: '/tmp/clearvla_eval_glass_41453.png'
41:32.900  render           | Saved: '/tmp/clearvla_eval_glass_41453.png'
41:33.253  render           | Saved: '/tmp/clearvla_eval_glass_41453.png'
41:33.673  render           | Saved: '/tmp/clearvla_eval_glass_41453.png'
41:34.022  render           | Saved: '/tmp/clearvla_eval_glass_41453.png'
41:34.441  render           | Saved: '/tmp/clearvla_eval_glass_41453.png'
41:34.789  render           | Saved: '/tmp/clearvla_eval_glass_41453.png'
41:35.209  render           | Saved: '/tmp/clearvla_eval_glass_41453.png'
41:35.558  render           | Saved: '/tmp/clearvla_eval_glass_41453.png'
41:35.981  render           | Saved: '/tmp/clearvla_eval_glass_41453.png'
41:36.352  render           | Saved: '/tmp/clearvla_eval_glass_41453.png'
41:36.763  render           | Saved: '/tmp/clearvla_eval_glass_41453.png'
41:37.134  render           | Saved: '/tmp/clearvla_eval_glass_41453.png'
41:37.541  render           | Saved: '/tmp/clearvla_eval_glass_41453.png'
41:37.901  render           | Saved: '/tmp/clearvla_eval_glass_41453.png'
41:38.308  render           | Saved: '/tmp/clearvla_eval_glass_41453.png'
41:38.702  render           | Saved: '/tmp/clearvla_eval_glass_41453.png'
41:39.514  render           | Saved: '/tmp/clearvla_eval_glass_41453.png'
41:39.845  render           | Saved: '/tmp/clearvla_eval_glass_41453.png'
41:40.252  render           | Saved: '/tmp/clearvla_eval_glass_41453.png'
41:40.584  render           | Saved: '/tmp/clearvla_eval_glass_41453.png'
41:40.989  render           | Saved: '/tmp/clearvla_eval_glass_41453.png'
41:41.323  render           | Saved: '/tmp/clearvla_eval_glass_41453.png'
41:41.727  render           | Saved: '/tmp/clearvla_eval_glass_41453.png'
41:42.064  render           | Saved: '/tmp/clearvla_eval_glass_41453.png'
41:42.473  render           | Saved: '/tmp/clearvla_eval_glass_41453.png'
41:42.806  render           | Saved: '/tmp/clearvla_eval_glass_41453.png'
41:43.231  render           | Saved: '/tmp/clearvla_eval_glass_41453.png'
41:43.589  render           | Saved: '/tmp/clearvla_eval_glass_41453.png'
41:44.008  render           | Saved: '/tmp/clearvla_eval_glass_41453.png'
41:44.355  render           | Saved: '/tmp/clearvla_eval_glass_41453.png'
41:44.762  render           | Saved: '/tmp/clearvla_eval_glass_41453.png'
41:45.111  render           | Saved: '/tmp/clearvla_eval_glass_41453.png'
41:45.509  render           | Saved: '/tmp/clearvla_eval_glass_41453.png'
41:45.849  render           | Saved: '/tmp/clearvla_eval_glass_41453.png'
41:46.653  render           | Saved: '/tmp/clearvla_eval_glass_41453.png'
41:47.002  render           | Saved: '/tmp/clearvla_eval_glass_41453.png'
41:47.421  render           | Saved: '/tmp/clearvla_eval_glass_41453.png'
41:47.767  render           | Saved: '/tmp/clearvla_eval_glass_41453.png'
41:48.166  render           | Saved: '/tmp/clearvla_eval_glass_41453.png'
41:48.514  render           | Saved: '/tmp/clearvla_eval_glass_41453.png'
41:48.924  render           | Saved: '/tmp/clearvla_eval_glass_41453.png'
41:49.263  render           | Saved: '/tmp/clearvla_eval_glass_41453.png'
41:49.675  render           | Saved: '/tmp/clearvla_eval_glass_41453.png'
41:50.027  render           | Saved: '/tmp/clearvla_eval_glass_41453.png'
41:50.446  render           | Saved: '/tmp/clearvla_eval_glass_41453.png'
41:50.798  render           | Saved: '/tmp/clearvla_eval_glass_41453.png'
41:51.325  render           | Saved: '/tmp/clearvla_eval_glass_41453.png'
41:51.663  render           | Saved: '/tmp/clearvla_eval_glass_41453.png'
41:52.075  render           | Saved: '/tmp/clearvla_eval_glass_41453.png'
41:52.413  render           | Saved: '/tmp/clearvla_eval_glass_41453.png'
41:52.828  render           | Saved: '/tmp/clearvla_eval_glass_41453.png'
41:53.168  render           | Saved: '/tmp/clearvla_eval_glass_41453.png'
41:53.590  render           | Saved: '/tmp/clearvla_eval_glass_41453.png'
41:53.947  render           | Saved: '/tmp/clearvla_eval_glass_41453.png'
[prune50/glass] insert: 40/40  (41.8 min, 7.7 s/ep)
41:54.827  render           | Saved: '/tmp/clearvla_eval_glass_41453.png'
41:55.185  render           | Saved: '/tmp/clearvla_eval_glass_41453.png'
41:55.616  render           | Saved: '/tmp/clearvla_eval_glass_41453.png'
41:55.957  render           | Saved: '/tmp/clearvla_eval_glass_41453.png'
41:56.378  render           | Saved: '/tmp/clearvla_eval_glass_41453.png'
41:56.729  render           | Saved: '/tmp/clearvla_eval_glass_41453.png'
41:57.139  render           | Saved: '/tmp/clearvla_eval_glass_41453.png'
41:57.483  render           | Saved: '/tmp/clearvla_eval_glass_41453.png'
41:57.900  render           | Saved: '/tmp/clearvla_eval_glass_41453.png'
41:58.241  render           | Saved: '/tmp/clearvla_eval_glass_41453.png'
41:58.655  render           | Saved: '/tmp/clearvla_eval_glass_41453.png'
41:59.001  render           | Saved: '/tmp/clearvla_eval_glass_41453.png'
41:59.415  render           | Saved: '/tmp/clearvla_eval_glass_41453.png'
41:59.765  render           | Saved: '/tmp/clearvla_eval_glass_41453.png'
42:00.176  render           | Saved: '/tmp/clearvla_eval_glass_41453.png'
42:00.523  render           | Saved: '/tmp/clearvla_eval_glass_41453.png'
42:00.933  render           | Saved: '/tmp/clearvla_eval_glass_41453.png'
42:01.283  render           | Saved: '/tmp/clearvla_eval_glass_41453.png'
42:02.095  render           | Saved: '/tmp/clearvla_eval_glass_41453.png'
42:02.442  render           | Saved: '/tmp/clearvla_eval_glass_41453.png'
42:02.867  render           | Saved: '/tmp/clearvla_eval_glass_41453.png'
42:03.202  render           | Saved: '/tmp/clearvla_eval_glass_41453.png'
42:03.613  render           | Saved: '/tmp/clearvla_eval_glass_41453.png'
42:03.943  render           | Saved: '/tmp/clearvla_eval_glass_41453.png'
42:04.351  render           | Saved: '/tmp/clearvla_eval_glass_41453.png'
42:04.690  render           | Saved: '/tmp/clearvla_eval_glass_41453.png'
42:05.103  render           | Saved: '/tmp/clearvla_eval_glass_41453.png'
42:05.457  render           | Saved: '/tmp/clearvla_eval_glass_41453.png'
42:05.877  render           | Saved: '/tmp/clearvla_eval_glass_41453.png'
42:06.236  render           | Saved: '/tmp/clearvla_eval_glass_41453.png'
42:06.651  render           | Saved: '/tmp/clearvla_eval_glass_41453.png'
42:07.007  render           | Saved: '/tmp/clearvla_eval_glass_41453.png'
42:07.427  render           | Saved: '/tmp/clearvla_eval_glass_41453.png'
42:07.795  render           | Saved: '/tmp/clearvla_eval_glass_41453.png'
42:08.265  render           | Saved: '/tmp/clearvla_eval_glass_41453.png'
42:08.629  render           | Saved: '/tmp/clearvla_eval_glass_41453.png'
42:09.455  render           | Saved: '/tmp/clearvla_eval_glass_41453.png'
42:09.806  render           | Saved: '/tmp/clearvla_eval_glass_41453.png'
42:10.252  render           | Saved: '/tmp/clearvla_eval_glass_41453.png'
42:10.582  render           | Saved: '/tmp/clearvla_eval_glass_41453.png'
42:10.985  render           | Saved: '/tmp/clearvla_eval_glass_41453.png'
42:11.312  render           | Saved: '/tmp/clearvla_eval_glass_41453.png'
42:11.718  render           | Saved: '/tmp/clearvla_eval_glass_41453.png'
42:12.053  render           | Saved: '/tmp/clearvla_eval_glass_41453.png'
42:12.455  render           | Saved: '/tmp/clearvla_eval_glass_41453.png'
42:12.808  render           | Saved: '/tmp/clearvla_eval_glass_41453.png'
42:13.221  render           | Saved: '/tmp/clearvla_eval_glass_41453.png'
42:13.556  render           | Saved: '/tmp/clearvla_eval_glass_41453.png'
42:13.967  render           | Saved: '/tmp/clearvla_eval_glass_41453.png'
42:14.308  render           | Saved: '/tmp/clearvla_eval_glass_41453.png'
42:14.722  render           | Saved: '/tmp/clearvla_eval_glass_41453.png'
42:15.074  render           | Saved: '/tmp/clearvla_eval_glass_41453.png'
42:15.484  render           | Saved: '/tmp/clearvla_eval_glass_41453.png'
42:15.836  render           | Saved: '/tmp/clearvla_eval_glass_41453.png'
42:16.691  render           | Saved: '/tmp/clearvla_eval_glass_41453.png'
42:17.031  render           | Saved: '/tmp/clearvla_eval_glass_41453.png'
42:17.499  render           | Saved: '/tmp/clearvla_eval_glass_41453.png'
42:17.866  render           | Saved: '/tmp/clearvla_eval_glass_41453.png'
42:18.276  render           | Saved: '/tmp/clearvla_eval_glass_41453.png'
42:18.683  render           | Saved: '/tmp/clearvla_eval_glass_41453.png'
42:19.088  render           | Saved: '/tmp/clearvla_eval_glass_41453.png'
42:19.451  render           | Saved: '/tmp/clearvla_eval_glass_41453.png'
42:19.858  render           | Saved: '/tmp/clearvla_eval_glass_41453.png'
42:20.199  render           | Saved: '/tmp/clearvla_eval_glass_41453.png'
42:20.644  render           | Saved: '/tmp/clearvla_eval_glass_41453.png'
42:21.034  render           | Saved: '/tmp/clearvla_eval_glass_41453.png'
42:21.505  render           | Saved: '/tmp/clearvla_eval_glass_41453.png'
42:21.864  render           | Saved: '/tmp/clearvla_eval_glass_41453.png'
42:22.301  render           | Saved: '/tmp/clearvla_eval_glass_41453.png'
42:22.642  render           | Saved: '/tmp/clearvla_eval_glass_41453.png'
42:23.050  render           | Saved: '/tmp/clearvla_eval_glass_41453.png'
42:23.392  render           | Saved: '/tmp/clearvla_eval_glass_41453.png'
42:24.207  render           | Saved: '/tmp/clearvla_eval_glass_41453.png'
42:24.553  render           | Saved: '/tmp/clearvla_eval_glass_41453.png'
42:24.970  render           | Saved: '/tmp/clearvla_eval_glass_41453.png'
42:25.310  render           | Saved: '/tmp/clearvla_eval_glass_41453.png'
42:25.724  render           | Saved: '/tmp/clearvla_eval_glass_41453.png'
42:26.055  render           | Saved: '/tmp/clearvla_eval_glass_41453.png'
42:26.480  render           | Saved: '/tmp/clearvla_eval_glass_41453.png'
42:26.810  render           | Saved: '/tmp/clearvla_eval_glass_41453.png'
42:27.213  render           | Saved: '/tmp/clearvla_eval_glass_41453.png'
42:27.543  render           | Saved: '/tmp/clearvla_eval_glass_41453.png'
42:27.953  render           | Saved: '/tmp/clearvla_eval_glass_41453.png'
42:28.288  render           | Saved: '/tmp/clearvla_eval_glass_41453.png'
42:28.700  render           | Saved: '/tmp/clearvla_eval_glass_41453.png'
42:29.046  render           | Saved: '/tmp/clearvla_eval_glass_41453.png'
42:29.453  render           | Saved: '/tmp/clearvla_eval_glass_41453.png'
42:29.790  render           | Saved: '/tmp/clearvla_eval_glass_41453.png'
42:30.194  render           | Saved: '/tmp/clearvla_eval_glass_41453.png'
42:30.524  render           | Saved: '/tmp/clearvla_eval_glass_41453.png'
42:31.349  render           | Saved: '/tmp/clearvla_eval_glass_41453.png'
42:31.685  render           | Saved: '/tmp/clearvla_eval_glass_41453.png'
42:32.113  render           | Saved: '/tmp/clearvla_eval_glass_41453.png'
42:32.457  render           | Saved: '/tmp/clearvla_eval_glass_41453.png'
42:32.884  render           | Saved: '/tmp/clearvla_eval_glass_41453.png'
42:33.235  render           | Saved: '/tmp/clearvla_eval_glass_41453.png'
42:33.664  render           | Saved: '/tmp/clearvla_eval_glass_41453.png'
42:34.040  render           | Saved: '/tmp/clearvla_eval_glass_41453.png'
42:34.506  render           | Saved: '/tmp/clearvla_eval_glass_41453.png'
42:34.868  render           | Saved: '/tmp/clearvla_eval_glass_41453.png'
42:35.284  render           | Saved: '/tmp/clearvla_eval_glass_41453.png'
42:35.631  render           | Saved: '/tmp/clearvla_eval_glass_41453.png'
42:36.045  render           | Saved: '/tmp/clearvla_eval_glass_41453.png'
42:36.396  render           | Saved: '/tmp/clearvla_eval_glass_41453.png'
42:36.801  render           | Saved: '/tmp/clearvla_eval_glass_41453.png'
42:37.137  render           | Saved: '/tmp/clearvla_eval_glass_41453.png'
42:37.537  render           | Saved: '/tmp/clearvla_eval_glass_41453.png'
42:37.868  render           | Saved: '/tmp/clearvla_eval_glass_41453.png'
42:38.691  render           | Saved: '/tmp/clearvla_eval_glass_41453.png'
42:39.015  render           | Saved: '/tmp/clearvla_eval_glass_41453.png'
42:39.427  render           | Saved: '/tmp/clearvla_eval_glass_41453.png'
42:39.756  render           | Saved: '/tmp/clearvla_eval_glass_41453.png'
42:40.159  render           | Saved: '/tmp/clearvla_eval_glass_41453.png'
42:40.489  render           | Saved: '/tmp/clearvla_eval_glass_41453.png'
42:40.892  render           | Saved: '/tmp/clearvla_eval_glass_41453.png'
42:41.227  render           | Saved: '/tmp/clearvla_eval_glass_41453.png'
42:41.632  render           | Saved: '/tmp/clearvla_eval_glass_41453.png'
42:41.961  render           | Saved: '/tmp/clearvla_eval_glass_41453.png'
42:42.367  render           | Saved: '/tmp/clearvla_eval_glass_41453.png'
42:42.700  render           | Saved: '/tmp/clearvla_eval_glass_41453.png'
42:43.112  render           | Saved: '/tmp/clearvla_eval_glass_41453.png'
42:43.460  render           | Saved: '/tmp/clearvla_eval_glass_41453.png'
42:43.875  render           | Saved: '/tmp/clearvla_eval_glass_41453.png'
42:44.214  render           | Saved: '/tmp/clearvla_eval_glass_41453.png'
42:44.619  render           | Saved: '/tmp/clearvla_eval_glass_41453.png'
42:44.948  render           | Saved: '/tmp/clearvla_eval_glass_41453.png'
42:45.766  render           | Saved: '/tmp/clearvla_eval_glass_41453.png'
42:46.101  render           | Saved: '/tmp/clearvla_eval_glass_41453.png'
42:46.522  render           | Saved: '/tmp/clearvla_eval_glass_41453.png'
42:46.854  render           | Saved: '/tmp/clearvla_eval_glass_41453.png'
42:47.275  render           | Saved: '/tmp/clearvla_eval_glass_41453.png'
42:47.629  render           | Saved: '/tmp/clearvla_eval_glass_41453.png'
42:48.053  render           | Saved: '/tmp/clearvla_eval_glass_41453.png'
42:48.412  render           | Saved: '/tmp/clearvla_eval_glass_41453.png'
42:48.845  render           | Saved: '/tmp/clearvla_eval_glass_41453.png'
42:49.220  render           | Saved: '/tmp/clearvla_eval_glass_41453.png'
42:49.690  render           | Saved: '/tmp/clearvla_eval_glass_41453.png'
42:50.046  render           | Saved: '/tmp/clearvla_eval_glass_41453.png'
42:50.459  render           | Saved: '/tmp/clearvla_eval_glass_41453.png'
42:50.804  render           | Saved: '/tmp/clearvla_eval_glass_41453.png'
42:51.214  render           | Saved: '/tmp/clearvla_eval_glass_41453.png'
42:51.563  render           | Saved: '/tmp/clearvla_eval_glass_41453.png'
42:51.973  render           | Saved: '/tmp/clearvla_eval_glass_41453.png'
42:52.319  render           | Saved: '/tmp/clearvla_eval_glass_41453.png'
42:53.145  render           | Saved: '/tmp/clearvla_eval_glass_41453.png'
42:53.491  render           | Saved: '/tmp/clearvla_eval_glass_41453.png'
42:53.910  render           | Saved: '/tmp/clearvla_eval_glass_41453.png'
42:54.240  render           | Saved: '/tmp/clearvla_eval_glass_41453.png'
42:54.645  render           | Saved: '/tmp/clearvla_eval_glass_41453.png'
42:54.990  render           | Saved: '/tmp/clearvla_eval_glass_41453.png'
42:55.417  render           | Saved: '/tmp/clearvla_eval_glass_41453.png'
42:55.756  render           | Saved: '/tmp/clearvla_eval_glass_41453.png'
42:56.168  render           | Saved: '/tmp/clearvla_eval_glass_41453.png'
42:56.506  render           | Saved: '/tmp/clearvla_eval_glass_41453.png'
42:56.919  render           | Saved: '/tmp/clearvla_eval_glass_41453.png'
42:57.254  render           | Saved: '/tmp/clearvla_eval_glass_41453.png'
42:57.662  render           | Saved: '/tmp/clearvla_eval_glass_41453.png'
42:58.015  render           | Saved: '/tmp/clearvla_eval_glass_41453.png'
42:58.422  render           | Saved: '/tmp/clearvla_eval_glass_41453.png'
42:58.755  render           | Saved: '/tmp/clearvla_eval_glass_41453.png'
42:59.162  render           | Saved: '/tmp/clearvla_eval_glass_41453.png'
42:59.516  render           | Saved: '/tmp/clearvla_eval_glass_41453.png'
42:59.919  render           | Saved: '/tmp/clearvla_eval_glass_41453.png'
43:00.271  render           | Saved: '/tmp/clearvla_eval_glass_41453.png'
43:01.089  render           | Saved: '/tmp/clearvla_eval_glass_41453.png'
43:01.421  render           | Saved: '/tmp/clearvla_eval_glass_41453.png'
43:01.839  render           | Saved: '/tmp/clearvla_eval_glass_41453.png'
43:02.170  render           | Saved: '/tmp/clearvla_eval_glass_41453.png'
43:02.586  render           | Saved: '/tmp/clearvla_eval_glass_41453.png'
43:02.921  render           | Saved: '/tmp/clearvla_eval_glass_41453.png'
43:03.337  render           | Saved: '/tmp/clearvla_eval_glass_41453.png'
43:03.695  render           | Saved: '/tmp/clearvla_eval_glass_41453.png'
43:04.119  render           | Saved: '/tmp/clearvla_eval_glass_41453.png'
43:04.477  render           | Saved: '/tmp/clearvla_eval_glass_41453.png'
43:04.901  render           | Saved: '/tmp/clearvla_eval_glass_41453.png'
43:05.273  render           | Saved: '/tmp/clearvla_eval_glass_41453.png'
43:05.734  render           | Saved: '/tmp/clearvla_eval_glass_41453.png'
43:06.105  render           | Saved: '/tmp/clearvla_eval_glass_41453.png'
43:06.517  render           | Saved: '/tmp/clearvla_eval_glass_41453.png'
43:06.864  render           | Saved: '/tmp/clearvla_eval_glass_41453.png'
43:07.272  render           | Saved: '/tmp/clearvla_eval_glass_41453.png'
43:07.613  render           | Saved: '/tmp/clearvla_eval_glass_41453.png'
43:08.021  render           | Saved: '/tmp/clearvla_eval_glass_41453.png'
43:08.407  render           | Saved: '/tmp/clearvla_eval_glass_41453.png'
[prune50/glass] insert: 50/50  (43.0 min, 7.7 s/ep)
done 150 new episodes in 43.0 min -> /Users/yogyamehrotra/Desktop/ClearVLA/results/week6/prune50_glass.jsonl
